Test Virus,Reference Virus,Titre
A/Perth/16/2009,A/Perth/16/2009,1280
A/Stockholm/18/2011,A/Perth/16/2009,80
A/Iowa/19/2010,A/Perth/16/2009,320
A/Victoria/361/2011,A/Perth/16/2009,80
A/Athens/112/2012,A/Perth/16/2009,80
A/Texas/50/2012,A/Perth/16/2009,640
A/Samara/73/2013,A/Perth/16/2009,160
A/Serbia/NS-210/2013,A/Perth/16/2009,640
A/Hong Kong/146/2013,A/Perth/16/2009,640
A/Almaty/2958/2013,A/Perth/16/2009,640
A/Tokyo/31512/2013,A/Perth/16/2009,<40
A/Fujian-Yanping/2707/2013,A/Perth/16/2009,40
A/Jiangxi-Xunyang/1790/2013,A/Perth/16/2009,<40
A/Chongqing-Yuzhong/11653/2013,A/Perth/16/2009,40
A/Ankara/3804/2013,A/Perth/16/2009,80
A/Ankara/3851/2013,A/Perth/16/2009,40
A/Malatya/3854/2013,A/Perth/16/2009,80
A/Samsun/3860/2013,A/Perth/16/2009,40
A/Malatya/3872/2013,A/Perth/16/2009,<40
A/Ankara/3879/2013,A/Perth/16/2009,<40
A/Trabzon/3892/2013,A/Perth/16/2009,40
A/Ankara/1324/2013,A/Perth/16/2009,40
A/Pais Vasco/131532/2013,A/Perth/16/2009,40
A/Malatya/3946/2013,A/Perth/16/2009,80
A/Erzurum/4024/2014,A/Perth/16/2009,<40
A/Ankara/4084/2013,A/Perth/16/2009,<40
A/Diyarbakır/4107/2013,A/Perth/16/2009,80
A/Diyarbakır/4109/2013,A/Perth/16/2009,<40
A/Malatya/4118/2013,A/Perth/16/2009,<40
A/Ankara/4142/2013,A/Perth/16/2009,40
A/Yalova/4145/2013,A/Perth/16/2009,<40
A/Samsun/4151/2013,A/Perth/16/2009,<40
A/Malatya/4163/2013,A/Perth/16/2009,40
A/Adana/4168/2013,A/Perth/16/2009,40
A/Samsun/4191/2013,A/Perth/16/2009,<40
A/Adana/4211/2013,A/Perth/16/2009,40
A/Diyarbakır/4212/2013,A/Perth/16/2009,<40
A/Malatya/24/2014,A/Perth/16/2009,80
A/Samsun/17/2014,A/Perth/16/2009,<40
A/Samsun/35/2014,A/Perth/16/2009,80
A/Trabzon/33/2014,A/Perth/16/2009,80
A/Perth/16/2009,A/Stockholm/18/2011,160
A/Stockholm/18/2011,A/Stockholm/18/2011,320
A/Iowa/19/2010,A/Stockholm/18/2011,1280
A/Victoria/361/2011,A/Stockholm/18/2011,160
A/Athens/112/2012,A/Stockholm/18/2011,320
A/Texas/50/2012,A/Stockholm/18/2011,1280
A/Samara/73/2013,A/Stockholm/18/2011,640
A/Serbia/NS-210/2013,A/Stockholm/18/2011,1280
A/Hong Kong/146/2013,A/Stockholm/18/2011,2560
A/Almaty/2958/2013,A/Stockholm/18/2011,2560
A/Tokyo/31512/2013,A/Stockholm/18/2011,160
A/Fujian-Yanping/2707/2013,A/Stockholm/18/2011,160
A/Jiangxi-Xunyang/1790/2013,A/Stockholm/18/2011,160
A/Chongqing-Yuzhong/11653/2013,A/Stockholm/18/2011,160
A/Ankara/3804/2013,A/Stockholm/18/2011,320
A/Ankara/3851/2013,A/Stockholm/18/2011,320
A/Malatya/3854/2013,A/Stockholm/18/2011,320
A/Samsun/3860/2013,A/Stockholm/18/2011,320
A/Malatya/3872/2013,A/Stockholm/18/2011,160
A/Ankara/3879/2013,A/Stockholm/18/2011,160
A/Trabzon/3892/2013,A/Stockholm/18/2011,160
A/Ankara/1324/2013,A/Stockholm/18/2011,160
A/Pais Vasco/131532/2013,A/Stockholm/18/2011,320
A/Malatya/3946/2013,A/Stockholm/18/2011,320
A/Erzurum/4024/2014,A/Stockholm/18/2011,80
A/Ankara/4084/2013,A/Stockholm/18/2011,80
A/Diyarbakır/4107/2013,A/Stockholm/18/2011,320
A/Diyarbakır/4109/2013,A/Stockholm/18/2011,160
A/Malatya/4118/2013,A/Stockholm/18/2011,80
A/Ankara/4142/2013,A/Stockholm/18/2011,320
A/Yalova/4145/2013,A/Stockholm/18/2011,80
A/Samsun/4151/2013,A/Stockholm/18/2011,160
A/Malatya/4163/2013,A/Stockholm/18/2011,160
A/Adana/4168/2013,A/Stockholm/18/2011,320
A/Samsun/4191/2013,A/Stockholm/18/2011,160
A/Adana/4211/2013,A/Stockholm/18/2011,160
A/Diyarbakır/4212/2013,A/Stockholm/18/2011,80
A/Malatya/24/2014,A/Stockholm/18/2011,160
A/Samsun/17/2014,A/Stockholm/18/2011,80
A/Samsun/35/2014,A/Stockholm/18/2011,320
A/Trabzon/33/2014,A/Stockholm/18/2011,160
A/Perth/16/2009,A/Iowa/19/2010,320
A/Stockholm/18/2011,A/Iowa/19/2010,320
A/Iowa/19/2010,A/Iowa/19/2010,2560
A/Victoria/361/2011,A/Iowa/19/2010,160
A/Athens/112/2012,A/Iowa/19/2010,320
A/Texas/50/2012,A/Iowa/19/2010,1280
A/Samara/73/2013,A/Iowa/19/2010,320
A/Serbia/NS-210/2013,A/Iowa/19/2010,1280
A/Hong Kong/146/2013,A/Iowa/19/2010,2560
A/Almaty/2958/2013,A/Iowa/19/2010,2560
A/Tokyo/31512/2013,A/Iowa/19/2010,80
A/Fujian-Yanping/2707/2013,A/Iowa/19/2010,160
A/Jiangxi-Xunyang/1790/2013,A/Iowa/19/2010,80
A/Chongqing-Yuzhong/11653/2013,A/Iowa/19/2010,160
A/Ankara/3804/2013,A/Iowa/19/2010,320
A/Ankara/3851/2013,A/Iowa/19/2010,320
A/Malatya/3854/2013,A/Iowa/19/2010,320
A/Samsun/3860/2013,A/Iowa/19/2010,320
A/Malatya/3872/2013,A/Iowa/19/2010,40
A/Ankara/3879/2013,A/Iowa/19/2010,160
A/Trabzon/3892/2013,A/Iowa/19/2010,160
A/Ankara/1324/2013,A/Iowa/19/2010,160
A/Pais Vasco/131532/2013,A/Iowa/19/2010,320
A/Malatya/3946/2013,A/Iowa/19/2010,320
A/Erzurum/4024/2014,A/Iowa/19/2010,80
A/Ankara/4084/2013,A/Iowa/19/2010,80
A/Diyarbakır/4107/2013,A/Iowa/19/2010,160
A/Diyarbakır/4109/2013,A/Iowa/19/2010,160
A/Malatya/4118/2013,A/Iowa/19/2010,40
A/Ankara/4142/2013,A/Iowa/19/2010,160
A/Yalova/4145/2013,A/Iowa/19/2010,80
A/Samsun/4151/2013,A/Iowa/19/2010,80
A/Malatya/4163/2013,A/Iowa/19/2010,160
A/Adana/4168/2013,A/Iowa/19/2010,160
A/Samsun/4191/2013,A/Iowa/19/2010,80
A/Adana/4211/2013,A/Iowa/19/2010,160
A/Diyarbakır/4212/2013,A/Iowa/19/2010,80
A/Malatya/24/2014,A/Iowa/19/2010,80
A/Samsun/17/2014,A/Iowa/19/2010,80
A/Samsun/35/2014,A/Iowa/19/2010,160
A/Trabzon/33/2014,A/Iowa/19/2010,160
A/Perth/16/2009,A/Victoria/361/2011,320
A/Stockholm/18/2011,A/Victoria/361/2011,640
A/Iowa/19/2010,A/Victoria/361/2011,2560
A/Victoria/361/2011,A/Victoria/361/2011,320
A/Athens/112/2012,A/Victoria/361/2011,640
A/Texas/50/2012,A/Victoria/361/2011,1280
A/Samara/73/2013,A/Victoria/361/2011,640
A/Serbia/NS-210/2013,A/Victoria/361/2011,1280
A/Hong Kong/146/2013,A/Victoria/361/2011,1280
A/Almaty/2958/2013,A/Victoria/361/2011,1280
A/Tokyo/31512/2013,A/Victoria/361/2011,320
A/Fujian-Yanping/2707/2013,A/Victoria/361/2011,320
A/Jiangxi-Xunyang/1790/2013,A/Victoria/361/2011,160
A/Chongqing-Yuzhong/11653/2013,A/Victoria/361/2011,320
A/Ankara/3804/2013,A/Victoria/361/2011,640
A/Ankara/3851/2013,A/Victoria/361/2011,640
A/Malatya/3854/2013,A/Victoria/361/2011,640
A/Samsun/3860/2013,A/Victoria/361/2011,640
A/Malatya/3872/2013,A/Victoria/361/2011,160
A/Ankara/3879/2013,A/Victoria/361/2011,320
A/Trabzon/3892/2013,A/Victoria/361/2011,320
A/Ankara/1324/2013,A/Victoria/361/2011,320
A/Pais Vasco/131532/2013,A/Victoria/361/2011,640
A/Malatya/3946/2013,A/Victoria/361/2011,640
A/Erzurum/4024/2014,A/Victoria/361/2011,160
A/Ankara/4084/2013,A/Victoria/361/2011,160
A/Diyarbakır/4107/2013,A/Victoria/361/2011,640
A/Diyarbakır/4109/2013,A/Victoria/361/2011,320
A/Malatya/4118/2013,A/Victoria/361/2011,160
A/Ankara/4142/2013,A/Victoria/361/2011,640
A/Yalova/4145/2013,A/Victoria/361/2011,160
A/Samsun/4151/2013,A/Victoria/361/2011,160
A/Malatya/4163/2013,A/Victoria/361/2011,320
A/Adana/4168/2013,A/Victoria/361/2011,320
A/Samsun/4191/2013,A/Victoria/361/2011,160
A/Adana/4211/2013,A/Victoria/361/2011,320
A/Diyarbakır/4212/2013,A/Victoria/361/2011,160
A/Malatya/24/2014,A/Victoria/361/2011,320
A/Samsun/17/2014,A/Victoria/361/2011,160
A/Samsun/35/2014,A/Victoria/361/2011,320
A/Trabzon/33/2014,A/Victoria/361/2011,320
A/Perth/16/2009,A/Athens/112/2012,640
A/Stockholm/18/2011,A/Athens/112/2012,640
A/Iowa/19/2010,A/Athens/112/2012,2560
A/Victoria/361/2011,A/Athens/112/2012,640
A/Athens/112/2012,A/Athens/112/2012,1280
A/Texas/50/2012,A/Athens/112/2012,2560
A/Samara/73/2013,A/Athens/112/2012,1280
A/Serbia/NS-210/2013,A/Athens/112/2012,1280
A/Hong Kong/146/2013,A/Athens/112/2012,2560
A/Almaty/2958/2013,A/Athens/112/2012,2560
A/Tokyo/31512/2013,A/Athens/112/2012,640
A/Fujian-Yanping/2707/2013,A/Athens/112/2012,320
A/Jiangxi-Xunyang/1790/2013,A/Athens/112/2012,320
A/Chongqing-Yuzhong/11653/2013,A/Athens/112/2012,640
A/Ankara/3804/2013,A/Athens/112/2012,1280
A/Ankara/3851/2013,A/Athens/112/2012,640
A/Malatya/3854/2013,A/Athens/112/2012,1280
A/Samsun/3860/2013,A/Athens/112/2012,1280
A/Malatya/3872/2013,A/Athens/112/2012,320
A/Ankara/3879/2013,A/Athens/112/2012,640
A/Trabzon/3892/2013,A/Athens/112/2012,640
A/Ankara/1324/2013,A/Athens/112/2012,1280
A/Pais Vasco/131532/2013,A/Athens/112/2012,1280
A/Malatya/3946/2013,A/Athens/112/2012,1280
A/Erzurum/4024/2014,A/Athens/112/2012,640
A/Ankara/4084/2013,A/Athens/112/2012,320
A/Diyarbakır/4107/2013,A/Athens/112/2012,640
A/Diyarbakır/4109/2013,A/Athens/112/2012,640
A/Malatya/4118/2013,A/Athens/112/2012,320
A/Ankara/4142/2013,A/Athens/112/2012,640
A/Yalova/4145/2013,A/Athens/112/2012,320
A/Samsun/4151/2013,A/Athens/112/2012,320
A/Malatya/4163/2013,A/Athens/112/2012,320
A/Adana/4168/2013,A/Athens/112/2012,640
A/Samsun/4191/2013,A/Athens/112/2012,320
A/Adana/4211/2013,A/Athens/112/2012,640
A/Diyarbakır/4212/2013,A/Athens/112/2012,320
A/Malatya/24/2014,A/Athens/112/2012,640
A/Samsun/17/2014,A/Athens/112/2012,320
A/Samsun/35/2014,A/Athens/112/2012,320
A/Trabzon/33/2014,A/Athens/112/2012,640
A/Perth/16/2009,A/Texas/50/2012,160
A/Stockholm/18/2011,A/Texas/50/2012,160
A/Iowa/19/2010,A/Texas/50/2012,1280
A/Victoria/361/2011,A/Texas/50/2012,160
A/Athens/112/2012,A/Texas/50/2012,320
A/Texas/50/2012,A/Texas/50/2012,1280
A/Samara/73/2013,A/Texas/50/2012,320
A/Serbia/NS-210/2013,A/Texas/50/2012,1280
A/Hong Kong/146/2013,A/Texas/50/2012,640
A/Almaty/2958/2013,A/Texas/50/2012,1280
A/Tokyo/31512/2013,A/Texas/50/2012,160
A/Fujian-Yanping/2707/2013,A/Texas/50/2012,160
A/Jiangxi-Xunyang/1790/2013,A/Texas/50/2012,160
A/Chongqing-Yuzhong/11653/2013,A/Texas/50/2012,160
A/Ankara/3804/2013,A/Texas/50/2012,320
A/Ankara/3851/2013,A/Texas/50/2012,320
A/Malatya/3854/2013,A/Texas/50/2012,320
A/Samsun/3860/2013,A/Texas/50/2012,320
A/Malatya/3872/2013,A/Texas/50/2012,80
A/Ankara/3879/2013,A/Texas/50/2012,160
A/Trabzon/3892/2013,A/Texas/50/2012,160
A/Ankara/1324/2013,A/Texas/50/2012,320
A/Pais Vasco/131532/2013,A/Texas/50/2012,160
A/Malatya/3946/2013,A/Texas/50/2012,320
A/Erzurum/4024/2014,A/Texas/50/2012,80
A/Ankara/4084/2013,A/Texas/50/2012,80
A/Diyarbakır/4107/2013,A/Texas/50/2012,160
A/Diyarbakır/4109/2013,A/Texas/50/2012,160
A/Malatya/4118/2013,A/Texas/50/2012,80
A/Ankara/4142/2013,A/Texas/50/2012,160
A/Yalova/4145/2013,A/Texas/50/2012,80
A/Samsun/4151/2013,A/Texas/50/2012,80
A/Malatya/4163/2013,A/Texas/50/2012,160
A/Adana/4168/2013,A/Texas/50/2012,160
A/Samsun/4191/2013,A/Texas/50/2012,40
A/Adana/4211/2013,A/Texas/50/2012,160
A/Diyarbakır/4212/2013,A/Texas/50/2012,40
A/Malatya/24/2014,A/Texas/50/2012,160
A/Samsun/17/2014,A/Texas/50/2012,80
A/Samsun/35/2014,A/Texas/50/2012,160
A/Trabzon/33/2014,A/Texas/50/2012,160
A/Perth/16/2009,A/Samara/73/2013,160
A/Stockholm/18/2011,A/Samara/73/2013,640
A/Iowa/19/2010,A/Samara/73/2013,1280
A/Victoria/361/2011,A/Samara/73/2013,640
A/Athens/112/2012,A/Samara/73/2013,640
A/Texas/50/2012,A/Samara/73/2013,1280
A/Samara/73/2013,A/Samara/73/2013,1280
A/Serbia/NS-210/2013,A/Samara/73/2013,1280
A/Hong Kong/146/2013,A/Samara/73/2013,1280
A/Almaty/2958/2013,A/Samara/73/2013,1280
A/Tokyo/31512/2013,A/Samara/73/2013,320
A/Fujian-Yanping/2707/2013,A/Samara/73/2013,640
A/Jiangxi-Xunyang/1790/2013,A/Samara/73/2013,320
A/Chongqing-Yuzhong/11653/2013,A/Samara/73/2013,640
A/Ankara/3804/2013,A/Samara/73/2013,1280
A/Ankara/3851/2013,A/Samara/73/2013,640
A/Malatya/3854/2013,A/Samara/73/2013,1280
A/Samsun/3860/2013,A/Samara/73/2013,640
A/Malatya/3872/2013,A/Samara/73/2013,320
A/Ankara/3879/2013,A/Samara/73/2013,320
A/Trabzon/3892/2013,A/Samara/73/2013,640
A/Ankara/1324/2013,A/Samara/73/2013,640
A/Pais Vasco/131532/2013,A/Samara/73/2013,640
A/Malatya/3946/2013,A/Samara/73/2013,1280
A/Erzurum/4024/2014,A/Samara/73/2013,640
A/Ankara/4084/2013,A/Samara/73/2013,320
A/Diyarbakır/4107/2013,A/Samara/73/2013,640
A/Diyarbakır/4109/2013,A/Samara/73/2013,640
A/Malatya/4118/2013,A/Samara/73/2013,320
A/Ankara/4142/2013,A/Samara/73/2013,640
A/Yalova/4145/2013,A/Samara/73/2013,320
A/Samsun/4151/2013,A/Samara/73/2013,320
A/Malatya/4163/2013,A/Samara/73/2013,640
A/Adana/4168/2013,A/Samara/73/2013,320
A/Samsun/4191/2013,A/Samara/73/2013,160
A/Adana/4211/2013,A/Samara/73/2013,320
A/Diyarbakır/4212/2013,A/Samara/73/2013,160
A/Malatya/24/2014,A/Samara/73/2013,640
A/Samsun/17/2014,A/Samara/73/2013,320
A/Samsun/35/2014,A/Samara/73/2013,640
A/Trabzon/33/2014,A/Samara/73/2013,640
A/Perth/16/2009,A/Serbia/NS-210/2013,160
A/Stockholm/18/2011,A/Serbia/NS-210/2013,320
A/Iowa/19/2010,A/Serbia/NS-210/2013,1280
A/Victoria/361/2011,A/Serbia/NS-210/2013,320
A/Athens/112/2012,A/Serbia/NS-210/2013,320
A/Texas/50/2012,A/Serbia/NS-210/2013,1280
A/Samara/73/2013,A/Serbia/NS-210/2013,640
A/Serbia/NS-210/2013,A/Serbia/NS-210/2013,1280
A/Hong Kong/146/2013,A/Serbia/NS-210/2013,1280
A/Almaty/2958/2013,A/Serbia/NS-210/2013,2560
A/Tokyo/31512/2013,A/Serbia/NS-210/2013,320
A/Fujian-Yanping/2707/2013,A/Serbia/NS-210/2013,320
A/Jiangxi-Xunyang/1790/2013,A/Serbia/NS-210/2013,160
A/Chongqing-Yuzhong/11653/2013,A/Serbia/NS-210/2013,320
A/Ankara/3804/2013,A/Serbia/NS-210/2013,320
A/Ankara/3851/2013,A/Serbia/NS-210/2013,320
A/Malatya/3854/2013,A/Serbia/NS-210/2013,320
A/Samsun/3860/2013,A/Serbia/NS-210/2013,320
A/Malatya/3872/2013,A/Serbia/NS-210/2013,80
A/Ankara/3879/2013,A/Serbia/NS-210/2013,160
A/Trabzon/3892/2013,A/Serbia/NS-210/2013,320
A/Ankara/1324/2013,A/Serbia/NS-210/2013,160
A/Pais Vasco/131532/2013,A/Serbia/NS-210/2013,320
A/Malatya/3946/2013,A/Serbia/NS-210/2013,320
A/Erzurum/4024/2014,A/Serbia/NS-210/2013,160
A/Ankara/4084/2013,A/Serbia/NS-210/2013,160
A/Diyarbakır/4107/2013,A/Serbia/NS-210/2013,320
A/Diyarbakır/4109/2013,A/Serbia/NS-210/2013,160
A/Malatya/4118/2013,A/Serbia/NS-210/2013,80
A/Ankara/4142/2013,A/Serbia/NS-210/2013,320
A/Yalova/4145/2013,A/Serbia/NS-210/2013,80
A/Samsun/4151/2013,A/Serbia/NS-210/2013,80
A/Malatya/4163/2013,A/Serbia/NS-210/2013,160
A/Adana/4168/2013,A/Serbia/NS-210/2013,160
A/Samsun/4191/2013,A/Serbia/NS-210/2013,160
A/Adana/4211/2013,A/Serbia/NS-210/2013,320
A/Diyarbakır/4212/2013,A/Serbia/NS-210/2013,80
A/Malatya/24/2014,A/Serbia/NS-210/2013,160
A/Samsun/17/2014,A/Serbia/NS-210/2013,80
A/Samsun/35/2014,A/Serbia/NS-210/2013,320
A/Trabzon/33/2014,A/Serbia/NS-210/2013,160
A/Perth/16/2009,A/Hong Kong/146/2013,320
A/Stockholm/18/2011,A/Hong Kong/146/2013,320
A/Iowa/19/2010,A/Hong Kong/146/2013,1280
A/Victoria/361/2011,A/Hong Kong/146/2013,320
A/Athens/112/2012,A/Hong Kong/146/2013,320
A/Texas/50/2012,A/Hong Kong/146/2013,1280
A/Samara/73/2013,A/Hong Kong/146/2013,1280
A/Serbia/NS-210/2013,A/Hong Kong/146/2013,1280
A/Hong Kong/146/2013,A/Hong Kong/146/2013,2560
A/Almaty/2958/2013,A/Hong Kong/146/2013,2560
A/Tokyo/31512/2013,A/Hong Kong/146/2013,160
A/Fujian-Yanping/2707/2013,A/Hong Kong/146/2013,320
A/Jiangxi-Xunyang/1790/2013,A/Hong Kong/146/2013,160
A/Chongqing-Yuzhong/11653/2013,A/Hong Kong/146/2013,320
A/Ankara/3804/2013,A/Hong Kong/146/2013,640
A/Ankara/3851/2013,A/Hong Kong/146/2013,640
A/Malatya/3854/2013,A/Hong Kong/146/2013,640
A/Samsun/3860/2013,A/Hong Kong/146/2013,640
A/Malatya/3872/2013,A/Hong Kong/146/2013,160
A/Ankara/3879/2013,A/Hong Kong/146/2013,160
A/Trabzon/3892/2013,A/Hong Kong/146/2013,320
A/Ankara/1324/2013,A/Hong Kong/146/2013,320
A/Pais Vasco/131532/2013,A/Hong Kong/146/2013,640
A/Malatya/3946/2013,A/Hong Kong/146/2013,1280
A/Erzurum/4024/2014,A/Hong Kong/146/2013,320
A/Ankara/4084/2013,A/Hong Kong/146/2013,160
A/Diyarbakır/4107/2013,A/Hong Kong/146/2013,640
A/Diyarbakır/4109/2013,A/Hong Kong/146/2013,320
A/Malatya/4118/2013,A/Hong Kong/146/2013,160
A/Ankara/4142/2013,A/Hong Kong/146/2013,640
A/Yalova/4145/2013,A/Hong Kong/146/2013,160
A/Samsun/4151/2013,A/Hong Kong/146/2013,160
A/Malatya/4163/2013,A/Hong Kong/146/2013,80
A/Adana/4168/2013,A/Hong Kong/146/2013,320
A/Samsun/4191/2013,A/Hong Kong/146/2013,80
A/Adana/4211/2013,A/Hong Kong/146/2013,320
A/Diyarbakır/4212/2013,A/Hong Kong/146/2013,160
A/Malatya/24/2014,A/Hong Kong/146/2013,320
A/Samsun/17/2014,A/Hong Kong/146/2013,160
A/Samsun/35/2014,A/Hong Kong/146/2013,320
A/Trabzon/33/2014,A/Hong Kong/146/2013,320
A/Perth/16/2009,A/Almaty/2958/2013,160
A/Stockholm/18/2011,A/Almaty/2958/2013,320
A/Iowa/19/2010,A/Almaty/2958/2013,1280
A/Victoria/361/2011,A/Almaty/2958/2013,320
A/Athens/112/2012,A/Almaty/2958/2013,640
A/Texas/50/2012,A/Almaty/2958/2013,1280
A/Samara/73/2013,A/Almaty/2958/2013,1280
A/Serbia/NS-210/2013,A/Almaty/2958/2013,2560
A/Hong Kong/146/2013,A/Almaty/2958/2013,2560
A/Almaty/2958/2013,A/Almaty/2958/2013,2560
A/Tokyo/31512/2013,A/Almaty/2958/2013,320
A/Fujian-Yanping/2707/2013,A/Almaty/2958/2013,320
A/Jiangxi-Xunyang/1790/2013,A/Almaty/2958/2013,160
A/Chongqing-Yuzhong/11653/2013,A/Almaty/2958/2013,320
A/Ankara/3804/2013,A/Almaty/2958/2013,640
A/Ankara/3851/2013,A/Almaty/2958/2013,640
A/Malatya/3854/2013,A/Almaty/2958/2013,640
A/Samsun/3860/2013,A/Almaty/2958/2013,640
A/Malatya/3872/2013,A/Almaty/2958/2013,320
A/Ankara/3879/2013,A/Almaty/2958/2013,320
A/Trabzon/3892/2013,A/Almaty/2958/2013,320
A/Ankara/1324/2013,A/Almaty/2958/2013,320
A/Pais Vasco/131532/2013,A/Almaty/2958/2013,320
A/Malatya/3946/2013,A/Almaty/2958/2013,640
A/Erzurum/4024/2014,A/Almaty/2958/2013,320
A/Ankara/4084/2013,A/Almaty/2958/2013,160
A/Diyarbakır/4107/2013,A/Almaty/2958/2013,640
A/Diyarbakır/4109/2013,A/Almaty/2958/2013,320
A/Malatya/4118/2013,A/Almaty/2958/2013,160
A/Ankara/4142/2013,A/Almaty/2958/2013,640
A/Yalova/4145/2013,A/Almaty/2958/2013,160
A/Samsun/4151/2013,A/Almaty/2958/2013,160
A/Malatya/4163/2013,A/Almaty/2958/2013,320
A/Adana/4168/2013,A/Almaty/2958/2013,320
A/Samsun/4191/2013,A/Almaty/2958/2013,80
A/Adana/4211/2013,A/Almaty/2958/2013,320
A/Diyarbakır/4212/2013,A/Almaty/2958/2013,160
A/Malatya/24/2014,A/Almaty/2958/2013,320
A/Samsun/17/2014,A/Almaty/2958/2013,320
A/Samsun/35/2014,A/Almaty/2958/2013,320
A/Trabzon/33/2014,A/Almaty/2958/2013,320
A/Perth/16/2009,A/Perth/16/2009,640
A/Stockholm/18/2011,A/Perth/16/2009,80
A/Iowa/19/2010,A/Perth/16/2009,320
A/Victoria/361/2011,A/Perth/16/2009,80
A/Athens/112/2012,A/Perth/16/2009,80
A/Texas/50/2012,A/Perth/16/2009,640
A/Samara/73/2013,A/Perth/16/2009,160
A/Serbia/NS-210/2013,A/Perth/16/2009,320
A/Hong Kong/146/2013,A/Perth/16/2009,320
A/Almaty/2958/2013,A/Perth/16/2009,320
A/Cote d'Ivoire/1667/2013,A/Perth/16/2009,40
A/Cote d'Ivoire/1666/2013,A/Perth/16/2009,<40
A/Cote d'Ivoire/1846/2013,A/Perth/16/2009,40
A/Izmir/1170/2013,A/Perth/16/2009,40
A/Malatya/3608/2013,A/Perth/16/2009,40
A/Cote d'Ivoire/1922/2013,A/Perth/16/2009,<40
A/Ankara/3653/2013,A/Perth/16/2009,80
A/Cote d'Ivoire/1954/2013,A/Perth/16/2009,40
A/Cote d'Ivoire/1955/2013,A/Perth/16/2009,<40
A/Cote d'Ivoire/1973/2013,A/Perth/16/2009,40
A/Cote d'Ivoire/1984/2013,A/Perth/16/2009,<40
A/Ankara/3727/2013,A/Perth/16/2009,80
A/Cote d'Ivoire/1988/2013,A/Perth/16/2009,<40
A/Cote d'Ivoire/2020/2013,A/Perth/16/2009,<40
A/Ankara/3805/2013,A/Perth/16/2009,<40
A/Cote d'Ivoire/2038/2013,A/Perth/16/2009,<40
A/Cote d'Ivoire/2043/2013,A/Perth/16/2009,<40
A/Cote d'Ivoire/2086/2013,A/Perth/16/2009,<40
A/Cote d'Ivoire/2138/2013,A/Perth/16/2009,<40
A/Cote d'Ivoire/2150/2013,A/Perth/16/2009,<40
A/Cote d'Ivoire/2190/2013,A/Perth/16/2009,<40
A/Cote d'Ivoire/2163/2013,A/Perth/16/2009,<40
A/Cote d'Ivoire/2165/2013,A/Perth/16/2009,40
A/Cote d'Ivoire/2183/2013,A/Perth/16/2009,<40
A/Cote d'Ivoire/2202/2013,A/Perth/16/2009,<40
A/Cote d'Ivoire/2207/2013,A/Perth/16/2009,<40
A/Cote d'Ivoire/2208/2013,A/Perth/16/2009,<40
A/Adiyaman/230/2014,A/Perth/16/2009,<40
A/Giresun/231/2014,A/Perth/16/2009,<40
A/Van/251/2014,A/Perth/16/2009,<40
A/Ankara/266/2014,A/Perth/16/2009,<40
A/Samsun/310/2014,A/Perth/16/2009,<40
A/Trabzon/338/2014,A/Perth/16/2009,<40
A/Hatay/367/2014,A/Perth/16/2009,<40
A/Diyarbakir/371/2014,A/Perth/16/2009,40
A/Perth/16/2009,A/Stockholm/18/2011,80
A/Stockholm/18/2011,A/Stockholm/18/2011,320
A/Iowa/19/2010,A/Stockholm/18/2011,640
A/Victoria/361/2011,A/Stockholm/18/2011,160
A/Athens/112/2012,A/Stockholm/18/2011,160
A/Texas/50/2012,A/Stockholm/18/2011,1280
A/Samara/73/2013,A/Stockholm/18/2011,320
A/Serbia/NS-210/2013,A/Stockholm/18/2011,640
A/Hong Kong/146/2013,A/Stockholm/18/2011,1280
A/Almaty/2958/2013,A/Stockholm/18/2011,1280
A/Cote d'Ivoire/1667/2013,A/Stockholm/18/2011,320
A/Cote d'Ivoire/1666/2013,A/Stockholm/18/2011,160
A/Cote d'Ivoire/1846/2013,A/Stockholm/18/2011,320
A/Izmir/1170/2013,A/Stockholm/18/2011,320
A/Malatya/3608/2013,A/Stockholm/18/2011,320
A/Cote d'Ivoire/1922/2013,A/Stockholm/18/2011,160
A/Ankara/3653/2013,A/Stockholm/18/2011,320
A/Cote d'Ivoire/1954/2013,A/Stockholm/18/2011,320
A/Cote d'Ivoire/1955/2013,A/Stockholm/18/2011,160
A/Cote d'Ivoire/1973/2013,A/Stockholm/18/2011,320
A/Cote d'Ivoire/1984/2013,A/Stockholm/18/2011,80
A/Ankara/3727/2013,A/Stockholm/18/2011,320
A/Cote d'Ivoire/1988/2013,A/Stockholm/18/2011,160
A/Cote d'Ivoire/2020/2013,A/Stockholm/18/2011,160
A/Ankara/3805/2013,A/Stockholm/18/2011,160
A/Cote d'Ivoire/2038/2013,A/Stockholm/18/2011,80
A/Cote d'Ivoire/2043/2013,A/Stockholm/18/2011,160
A/Cote d'Ivoire/2086/2013,A/Stockholm/18/2011,80
A/Cote d'Ivoire/2138/2013,A/Stockholm/18/2011,80
A/Cote d'Ivoire/2150/2013,A/Stockholm/18/2011,80
A/Cote d'Ivoire/2190/2013,A/Stockholm/18/2011,160
A/Cote d'Ivoire/2163/2013,A/Stockholm/18/2011,80
A/Cote d'Ivoire/2165/2013,A/Stockholm/18/2011,160
A/Cote d'Ivoire/2183/2013,A/Stockholm/18/2011,160
A/Cote d'Ivoire/2202/2013,A/Stockholm/18/2011,80
A/Cote d'Ivoire/2207/2013,A/Stockholm/18/2011,80
A/Cote d'Ivoire/2208/2013,A/Stockholm/18/2011,160
A/Adiyaman/230/2014,A/Stockholm/18/2011,160
A/Giresun/231/2014,A/Stockholm/18/2011,160
A/Van/251/2014,A/Stockholm/18/2011,160
A/Ankara/266/2014,A/Stockholm/18/2011,80
A/Samsun/310/2014,A/Stockholm/18/2011,80
A/Trabzon/338/2014,A/Stockholm/18/2011,80
A/Hatay/367/2014,A/Stockholm/18/2011,160
A/Diyarbakir/371/2014,A/Stockholm/18/2011,160
A/Perth/16/2009,A/Iowa/19/2010,160
A/Stockholm/18/2011,A/Iowa/19/2010,160
A/Iowa/19/2010,A/Iowa/19/2010,2560
A/Victoria/361/2011,A/Iowa/19/2010,160
A/Athens/112/2012,A/Iowa/19/2010,160
A/Texas/50/2012,A/Iowa/19/2010,1280
A/Samara/73/2013,A/Iowa/19/2010,320
A/Serbia/NS-210/2013,A/Iowa/19/2010,640
A/Hong Kong/146/2013,A/Iowa/19/2010,1280
A/Almaty/2958/2013,A/Iowa/19/2010,1280
A/Cote d'Ivoire/1667/2013,A/Iowa/19/2010,320
A/Cote d'Ivoire/1666/2013,A/Iowa/19/2010,160
A/Cote d'Ivoire/1846/2013,A/Iowa/19/2010,320
A/Izmir/1170/2013,A/Iowa/19/2010,320
A/Malatya/3608/2013,A/Iowa/19/2010,320
A/Cote d'Ivoire/1922/2013,A/Iowa/19/2010,160
A/Ankara/3653/2013,A/Iowa/19/2010,320
A/Cote d'Ivoire/1954/2013,A/Iowa/19/2010,320
A/Cote d'Ivoire/1955/2013,A/Iowa/19/2010,80
A/Cote d'Ivoire/1973/2013,A/Iowa/19/2010,320
A/Cote d'Ivoire/1984/2013,A/Iowa/19/2010,40
A/Ankara/3727/2013,A/Iowa/19/2010,320
A/Cote d'Ivoire/1988/2013,A/Iowa/19/2010,160
A/Cote d'Ivoire/2020/2013,A/Iowa/19/2010,160
A/Ankara/3805/2013,A/Iowa/19/2010,160
A/Cote d'Ivoire/2038/2013,A/Iowa/19/2010,80
A/Cote d'Ivoire/2043/2013,A/Iowa/19/2010,80
A/Cote d'Ivoire/2086/2013,A/Iowa/19/2010,80
A/Cote d'Ivoire/2138/2013,A/Iowa/19/2010,80
A/Cote d'Ivoire/2150/2013,A/Iowa/19/2010,80
A/Cote d'Ivoire/2190/2013,A/Iowa/19/2010,80
A/Cote d'Ivoire/2163/2013,A/Iowa/19/2010,80
A/Cote d'Ivoire/2165/2013,A/Iowa/19/2010,160
A/Cote d'Ivoire/2183/2013,A/Iowa/19/2010,40
A/Cote d'Ivoire/2202/2013,A/Iowa/19/2010,40
A/Cote d'Ivoire/2207/2013,A/Iowa/19/2010,160
A/Cote d'Ivoire/2208/2013,A/Iowa/19/2010,160
A/Adiyaman/230/2014,A/Iowa/19/2010,320
A/Giresun/231/2014,A/Iowa/19/2010,160
A/Van/251/2014,A/Iowa/19/2010,160
A/Ankara/266/2014,A/Iowa/19/2010,80
A/Samsun/310/2014,A/Iowa/19/2010,80
A/Trabzon/338/2014,A/Iowa/19/2010,80
A/Hatay/367/2014,A/Iowa/19/2010,160
A/Diyarbakir/371/2014,A/Iowa/19/2010,160
A/Perth/16/2009,A/Victoria/361/2011,160
A/Stockholm/18/2011,A/Victoria/361/2011,640
A/Iowa/19/2010,A/Victoria/361/2011,2560
A/Victoria/361/2011,A/Victoria/361/2011,320
A/Athens/112/2012,A/Victoria/361/2011,320
A/Texas/50/2012,A/Victoria/361/2011,1280
A/Samara/73/2013,A/Victoria/361/2011,640
A/Serbia/NS-210/2013,A/Victoria/361/2011,1280
A/Hong Kong/146/2013,A/Victoria/361/2011,1280
A/Almaty/2958/2013,A/Victoria/361/2011,1280
A/Cote d'Ivoire/1667/2013,A/Victoria/361/2011,320
A/Cote d'Ivoire/1666/2013,A/Victoria/361/2011,320
A/Cote d'Ivoire/1846/2013,A/Victoria/361/2011,320
A/Izmir/1170/2013,A/Victoria/361/2011,320
A/Malatya/3608/2013,A/Victoria/361/2011,320
A/Cote d'Ivoire/1922/2013,A/Victoria/361/2011,160
A/Ankara/3653/2013,A/Victoria/361/2011,320
A/Cote d'Ivoire/1954/2013,A/Victoria/361/2011,320
A/Cote d'Ivoire/1955/2013,A/Victoria/361/2011,160
A/Cote d'Ivoire/1973/2013,A/Victoria/361/2011,320
A/Cote d'Ivoire/1984/2013,A/Victoria/361/2011,160
A/Ankara/3727/2013,A/Victoria/361/2011,640
A/Cote d'Ivoire/1988/2013,A/Victoria/361/2011,320
A/Cote d'Ivoire/2020/2013,A/Victoria/361/2011,320
A/Ankara/3805/2013,A/Victoria/361/2011,160
A/Cote d'Ivoire/2038/2013,A/Victoria/361/2011,160
A/Cote d'Ivoire/2043/2013,A/Victoria/361/2011,320
A/Cote d'Ivoire/2086/2013,A/Victoria/361/2011,160
A/Cote d'Ivoire/2138/2013,A/Victoria/361/2011,160
A/Cote d'Ivoire/2150/2013,A/Victoria/361/2011,160
A/Cote d'Ivoire/2190/2013,A/Victoria/361/2011,320
A/Cote d'Ivoire/2163/2013,A/Victoria/361/2011,160
A/Cote d'Ivoire/2165/2013,A/Victoria/361/2011,320
A/Cote d'Ivoire/2183/2013,A/Victoria/361/2011,160
A/Cote d'Ivoire/2202/2013,A/Victoria/361/2011,160
A/Cote d'Ivoire/2207/2013,A/Victoria/361/2011,320
A/Cote d'Ivoire/2208/2013,A/Victoria/361/2011,320
A/Adiyaman/230/2014,A/Victoria/361/2011,320
A/Giresun/231/2014,A/Victoria/361/2011,160
A/Van/251/2014,A/Victoria/361/2011,320
A/Ankara/266/2014,A/Victoria/361/2011,160
A/Samsun/310/2014,A/Victoria/361/2011,160
A/Trabzon/338/2014,A/Victoria/361/2011,160
A/Hatay/367/2014,A/Victoria/361/2011,160
A/Diyarbakir/371/2014,A/Victoria/361/2011,320
A/Perth/16/2009,A/Athens/112/2012,320
A/Stockholm/18/2011,A/Athens/112/2012,640
A/Iowa/19/2010,A/Athens/112/2012,1280
A/Victoria/361/2011,A/Athens/112/2012,640
A/Athens/112/2012,A/Athens/112/2012,640
A/Texas/50/2012,A/Athens/112/2012,1280
A/Samara/73/2013,A/Athens/112/2012,1280
A/Serbia/NS-210/2013,A/Athens/112/2012,1280
A/Hong Kong/146/2013,A/Athens/112/2012,1280
A/Almaty/2958/2013,A/Athens/112/2012,1280
A/Cote d'Ivoire/1667/2013,A/Athens/112/2012,640
A/Cote d'Ivoire/1666/2013,A/Athens/112/2012,640
A/Cote d'Ivoire/1846/2013,A/Athens/112/2012,640
A/Izmir/1170/2013,A/Athens/112/2012,640
A/Malatya/3608/2013,A/Athens/112/2012,640
A/Cote d'Ivoire/1922/2013,A/Athens/112/2012,320
A/Ankara/3653/2013,A/Athens/112/2012,1280
A/Cote d'Ivoire/1954/2013,A/Athens/112/2012,640
A/Cote d'Ivoire/1955/2013,A/Athens/112/2012,320
A/Cote d'Ivoire/1973/2013,A/Athens/112/2012,640
A/Cote d'Ivoire/1984/2013,A/Athens/112/2012,160
A/Ankara/3727/2013,A/Athens/112/2012,1280
A/Cote d'Ivoire/1988/2013,A/Athens/112/2012,640
A/Cote d'Ivoire/2020/2013,A/Athens/112/2012,640
A/Ankara/3805/2013,A/Athens/112/2012,640
A/Cote d'Ivoire/2038/2013,A/Athens/112/2012,320
A/Cote d'Ivoire/2043/2013,A/Athens/112/2012,320
A/Cote d'Ivoire/2086/2013,A/Athens/112/2012,320
A/Cote d'Ivoire/2138/2013,A/Athens/112/2012,320
A/Cote d'Ivoire/2150/2013,A/Athens/112/2012,320
A/Cote d'Ivoire/2190/2013,A/Athens/112/2012,640
A/Cote d'Ivoire/2163/2013,A/Athens/112/2012,320
A/Cote d'Ivoire/2165/2013,A/Athens/112/2012,640
A/Cote d'Ivoire/2183/2013,A/Athens/112/2012,320
A/Cote d'Ivoire/2202/2013,A/Athens/112/2012,320
A/Cote d'Ivoire/2207/2013,A/Athens/112/2012,640
A/Cote d'Ivoire/2208/2013,A/Athens/112/2012,640
A/Adiyaman/230/2014,A/Athens/112/2012,1280
A/Giresun/231/2014,A/Athens/112/2012,640
A/Van/251/2014,A/Athens/112/2012,1280
A/Ankara/266/2014,A/Athens/112/2012,320
A/Samsun/310/2014,A/Athens/112/2012,320
A/Trabzon/338/2014,A/Athens/112/2012,320
A/Hatay/367/2014,A/Athens/112/2012,640
A/Diyarbakir/371/2014,A/Athens/112/2012,640
A/Perth/16/2009,A/Texas/50/2012,160
A/Stockholm/18/2011,A/Texas/50/2012,160
A/Iowa/19/2010,A/Texas/50/2012,640
A/Victoria/361/2011,A/Texas/50/2012,160
A/Athens/112/2012,A/Texas/50/2012,160
A/Texas/50/2012,A/Texas/50/2012,1280
A/Samara/73/2013,A/Texas/50/2012,320
A/Serbia/NS-210/2013,A/Texas/50/2012,1280
A/Hong Kong/146/2013,A/Texas/50/2012,640
A/Almaty/2958/2013,A/Texas/50/2012,1280
A/Cote d'Ivoire/1667/2013,A/Texas/50/2012,320
A/Cote d'Ivoire/1666/2013,A/Texas/50/2012,160
A/Cote d'Ivoire/1846/2013,A/Texas/50/2012,160
A/Izmir/1170/2013,A/Texas/50/2012,160
A/Malatya/3608/2013,A/Texas/50/2012,160
A/Cote d'Ivoire/1922/2013,A/Texas/50/2012,80
A/Ankara/3653/2013,A/Texas/50/2012,160
A/Cote d'Ivoire/1954/2013,A/Texas/50/2012,320
A/Cote d'Ivoire/1955/2013,A/Texas/50/2012,80
A/Cote d'Ivoire/1973/2013,A/Texas/50/2012,160
A/Cote d'Ivoire/1984/2013,A/Texas/50/2012,80
A/Ankara/3727/2013,A/Texas/50/2012,320
A/Cote d'Ivoire/1988/2013,A/Texas/50/2012,160
A/Cote d'Ivoire/2020/2013,A/Texas/50/2012,160
A/Ankara/3805/2013,A/Texas/50/2012,80
A/Cote d'Ivoire/2038/2013,A/Texas/50/2012,80
A/Cote d'Ivoire/2043/2013,A/Texas/50/2012,80
A/Cote d'Ivoire/2086/2013,A/Texas/50/2012,160
A/Cote d'Ivoire/2138/2013,A/Texas/50/2012,80
A/Cote d'Ivoire/2150/2013,A/Texas/50/2012,80
A/Cote d'Ivoire/2190/2013,A/Texas/50/2012,160
A/Cote d'Ivoire/2163/2013,A/Texas/50/2012,80
A/Cote d'Ivoire/2165/2013,A/Texas/50/2012,160
A/Cote d'Ivoire/2183/2013,A/Texas/50/2012,80
A/Cote d'Ivoire/2202/2013,A/Texas/50/2012,40
A/Cote d'Ivoire/2207/2013,A/Texas/50/2012,160
A/Cote d'Ivoire/2208/2013,A/Texas/50/2012,160
A/Adiyaman/230/2014,A/Texas/50/2012,160
A/Giresun/231/2014,A/Texas/50/2012,80
A/Van/251/2014,A/Texas/50/2012,80
A/Ankara/266/2014,A/Texas/50/2012,80
A/Samsun/310/2014,A/Texas/50/2012,80
A/Trabzon/338/2014,A/Texas/50/2012,80
A/Hatay/367/2014,A/Texas/50/2012,160
A/Diyarbakir/371/2014,A/Texas/50/2012,160
A/Perth/16/2009,A/Samara/73/2013,80
A/Stockholm/18/2011,A/Samara/73/2013,640
A/Iowa/19/2010,A/Samara/73/2013,640
A/Victoria/361/2011,A/Samara/73/2013,640
A/Athens/112/2012,A/Samara/73/2013,320
A/Texas/50/2012,A/Samara/73/2013,640
A/Samara/73/2013,A/Samara/73/2013,1280
A/Serbia/NS-210/2013,A/Samara/73/2013,640
A/Hong Kong/146/2013,A/Samara/73/2013,640
A/Almaty/2958/2013,A/Samara/73/2013,1280
A/Cote d'Ivoire/1667/2013,A/Samara/73/2013,640
A/Cote d'Ivoire/1666/2013,A/Samara/73/2013,640
A/Cote d'Ivoire/1846/2013,A/Samara/73/2013,640
A/Izmir/1170/2013,A/Samara/73/2013,1280
A/Malatya/3608/2013,A/Samara/73/2013,640
A/Cote d'Ivoire/1922/2013,A/Samara/73/2013,320
A/Ankara/3653/2013,A/Samara/73/2013,640
A/Cote d'Ivoire/1954/2013,A/Samara/73/2013,640
A/Cote d'Ivoire/1955/2013,A/Samara/73/2013,160
A/Cote d'Ivoire/1973/2013,A/Samara/73/2013,640
A/Cote d'Ivoire/1984/2013,A/Samara/73/2013,160
A/Ankara/3727/2013,A/Samara/73/2013,1280
A/Cote d'Ivoire/1988/2013,A/Samara/73/2013,320
A/Cote d'Ivoire/2020/2013,A/Samara/73/2013,320
A/Ankara/3805/2013,A/Samara/73/2013,320
A/Cote d'Ivoire/2038/2013,A/Samara/73/2013,320
A/Cote d'Ivoire/2043/2013,A/Samara/73/2013,320
A/Cote d'Ivoire/2086/2013,A/Samara/73/2013,320
A/Cote d'Ivoire/2138/2013,A/Samara/73/2013,320
A/Cote d'Ivoire/2150/2013,A/Samara/73/2013,320
A/Cote d'Ivoire/2190/2013,A/Samara/73/2013,320
A/Cote d'Ivoire/2163/2013,A/Samara/73/2013,320
A/Cote d'Ivoire/2165/2013,A/Samara/73/2013,320
A/Cote d'Ivoire/2183/2013,A/Samara/73/2013,160
A/Cote d'Ivoire/2202/2013,A/Samara/73/2013,80
A/Cote d'Ivoire/2207/2013,A/Samara/73/2013,320
A/Cote d'Ivoire/2208/2013,A/Samara/73/2013,320
A/Adiyaman/230/2014,A/Samara/73/2013,640
A/Giresun/231/2014,A/Samara/73/2013,320
A/Van/251/2014,A/Samara/73/2013,320
A/Ankara/266/2014,A/Samara/73/2013,160
A/Samsun/310/2014,A/Samara/73/2013,160
A/Trabzon/338/2014,A/Samara/73/2013,320
A/Hatay/367/2014,A/Samara/73/2013,320
A/Diyarbakir/371/2014,A/Samara/73/2013,640
A/Perth/16/2009,A/Serbia/NS-210/2013,80
A/Stockholm/18/2011,A/Serbia/NS-210/2013,320
A/Iowa/19/2010,A/Serbia/NS-210/2013,640
A/Victoria/361/2011,A/Serbia/NS-210/2013,320
A/Athens/112/2012,A/Serbia/NS-210/2013,160
A/Texas/50/2012,A/Serbia/NS-210/2013,1280
A/Samara/73/2013,A/Serbia/NS-210/2013,640
A/Serbia/NS-210/2013,A/Serbia/NS-210/2013,1280
A/Hong Kong/146/2013,A/Serbia/NS-210/2013,640
A/Almaty/2958/2013,A/Serbia/NS-210/2013,1280
A/Cote d'Ivoire/1667/2013,A/Serbia/NS-210/2013,320
A/Cote d'Ivoire/1666/2013,A/Serbia/NS-210/2013,320
A/Cote d'Ivoire/1846/2013,A/Serbia/NS-210/2013,320
A/Izmir/1170/2013,A/Serbia/NS-210/2013,320
A/Malatya/3608/2013,A/Serbia/NS-210/2013,320
A/Cote d'Ivoire/1922/2013,A/Serbia/NS-210/2013,160
A/Ankara/3653/2013,A/Serbia/NS-210/2013,320
A/Cote d'Ivoire/1954/2013,A/Serbia/NS-210/2013,320
A/Cote d'Ivoire/1955/2013,A/Serbia/NS-210/2013,80
A/Cote d'Ivoire/1973/2013,A/Serbia/NS-210/2013,320
A/Cote d'Ivoire/1984/2013,A/Serbia/NS-210/2013,40
A/Ankara/3727/2013,A/Serbia/NS-210/2013,320
A/Cote d'Ivoire/1988/2013,A/Serbia/NS-210/2013,160
A/Cote d'Ivoire/2020/2013,A/Serbia/NS-210/2013,160
A/Ankara/3805/2013,A/Serbia/NS-210/2013,160
A/Cote d'Ivoire/2038/2013,A/Serbia/NS-210/2013,160
A/Cote d'Ivoire/2043/2013,A/Serbia/NS-210/2013,160
A/Cote d'Ivoire/2086/2013,A/Serbia/NS-210/2013,160
A/Cote d'Ivoire/2138/2013,A/Serbia/NS-210/2013,80
A/Cote d'Ivoire/2150/2013,A/Serbia/NS-210/2013,160
A/Cote d'Ivoire/2190/2013,A/Serbia/NS-210/2013,320
A/Cote d'Ivoire/2163/2013,A/Serbia/NS-210/2013,80
A/Cote d'Ivoire/2165/2013,A/Serbia/NS-210/2013,160
A/Cote d'Ivoire/2183/2013,A/Serbia/NS-210/2013,80
A/Cote d'Ivoire/2202/2013,A/Serbia/NS-210/2013,40
A/Cote d'Ivoire/2207/2013,A/Serbia/NS-210/2013,160
A/Cote d'Ivoire/2208/2013,A/Serbia/NS-210/2013,160
A/Adiyaman/230/2014,A/Serbia/NS-210/2013,320
A/Giresun/231/2014,A/Serbia/NS-210/2013,160
A/Van/251/2014,A/Serbia/NS-210/2013,160
A/Ankara/266/2014,A/Serbia/NS-210/2013,80
A/Samsun/310/2014,A/Serbia/NS-210/2013,160
A/Trabzon/338/2014,A/Serbia/NS-210/2013,160
A/Hatay/367/2014,A/Serbia/NS-210/2013,160
A/Diyarbakir/371/2014,A/Serbia/NS-210/2013,320
A/Perth/16/2009,A/Hong Kong/146/2013,160
A/Stockholm/18/2011,A/Hong Kong/146/2013,320
A/Iowa/19/2010,A/Hong Kong/146/2013,1280
A/Victoria/361/2011,A/Hong Kong/146/2013,320
A/Athens/112/2012,A/Hong Kong/146/2013,160
A/Texas/50/2012,A/Hong Kong/146/2013,1280
A/Samara/73/2013,A/Hong Kong/146/2013,1280
A/Serbia/NS-210/2013,A/Hong Kong/146/2013,1280
A/Hong Kong/146/2013,A/Hong Kong/146/2013,2560
A/Almaty/2958/2013,A/Hong Kong/146/2013,1280
A/Cote d'Ivoire/1667/2013,A/Hong Kong/146/2013,320
A/Cote d'Ivoire/1666/2013,A/Hong Kong/146/2013,320
A/Cote d'Ivoire/1846/2013,A/Hong Kong/146/2013,320
A/Izmir/1170/2013,A/Hong Kong/146/2013,320
A/Malatya/3608/2013,A/Hong Kong/146/2013,320
A/Cote d'Ivoire/1922/2013,A/Hong Kong/146/2013,160
A/Ankara/3653/2013,A/Hong Kong/146/2013,320
A/Cote d'Ivoire/1954/2013,A/Hong Kong/146/2013,320
A/Cote d'Ivoire/1955/2013,A/Hong Kong/146/2013,160
A/Cote d'Ivoire/1973/2013,A/Hong Kong/146/2013,320
A/Cote d'Ivoire/1984/2013,A/Hong Kong/146/2013,160
A/Ankara/3727/2013,A/Hong Kong/146/2013,640
A/Cote d'Ivoire/1988/2013,A/Hong Kong/146/2013,320
A/Cote d'Ivoire/2020/2013,A/Hong Kong/146/2013,320
A/Ankara/3805/2013,A/Hong Kong/146/2013,160
A/Cote d'Ivoire/2038/2013,A/Hong Kong/146/2013,160
A/Cote d'Ivoire/2043/2013,A/Hong Kong/146/2013,160
A/Cote d'Ivoire/2086/2013,A/Hong Kong/146/2013,160
A/Cote d'Ivoire/2138/2013,A/Hong Kong/146/2013,160
A/Cote d'Ivoire/2150/2013,A/Hong Kong/146/2013,160
A/Cote d'Ivoire/2190/2013,A/Hong Kong/146/2013,320
A/Cote d'Ivoire/2163/2013,A/Hong Kong/146/2013,160
A/Cote d'Ivoire/2165/2013,A/Hong Kong/146/2013,320
A/Cote d'Ivoire/2183/2013,A/Hong Kong/146/2013,80
A/Cote d'Ivoire/2202/2013,A/Hong Kong/146/2013,80
A/Cote d'Ivoire/2207/2013,A/Hong Kong/146/2013,320
A/Cote d'Ivoire/2208/2013,A/Hong Kong/146/2013,320
A/Adiyaman/230/2014,A/Hong Kong/146/2013,320
A/Giresun/231/2014,A/Hong Kong/146/2013,160
A/Van/251/2014,A/Hong Kong/146/2013,160
A/Ankara/266/2014,A/Hong Kong/146/2013,160
A/Samsun/310/2014,A/Hong Kong/146/2013,160
A/Trabzon/338/2014,A/Hong Kong/146/2013,160
A/Hatay/367/2014,A/Hong Kong/146/2013,160
A/Diyarbakir/371/2014,A/Hong Kong/146/2013,320
A/Perth/16/2009,A/Almaty/2958/2013,80
A/Stockholm/18/2011,A/Almaty/2958/2013,320
A/Iowa/19/2010,A/Almaty/2958/2013,640
A/Victoria/361/2011,A/Almaty/2958/2013,320
A/Athens/112/2012,A/Almaty/2958/2013,160
A/Texas/50/2012,A/Almaty/2958/2013,1280
A/Samara/73/2013,A/Almaty/2958/2013,640
A/Serbia/NS-210/2013,A/Almaty/2958/2013,1280
A/Hong Kong/146/2013,A/Almaty/2958/2013,640
A/Almaty/2958/2013,A/Almaty/2958/2013,1280
A/Cote d'Ivoire/1667/2013,A/Almaty/2958/2013,320
A/Cote d'Ivoire/1666/2013,A/Almaty/2958/2013,320
A/Cote d'Ivoire/1846/2013,A/Almaty/2958/2013,320
A/Izmir/1170/2013,A/Almaty/2958/2013,320
A/Malatya/3608/2013,A/Almaty/2958/2013,320
A/Cote d'Ivoire/1922/2013,A/Almaty/2958/2013,160
A/Ankara/3653/2013,A/Almaty/2958/2013,320
A/Cote d'Ivoire/1954/2013,A/Almaty/2958/2013,320
A/Cote d'Ivoire/1955/2013,A/Almaty/2958/2013,160
A/Cote d'Ivoire/1973/2013,A/Almaty/2958/2013,320
A/Cote d'Ivoire/1984/2013,A/Almaty/2958/2013,80
A/Ankara/3727/2013,A/Almaty/2958/2013,640
A/Cote d'Ivoire/1988/2013,A/Almaty/2958/2013,160
A/Cote d'Ivoire/2020/2013,A/Almaty/2958/2013,160
A/Ankara/3805/2013,A/Almaty/2958/2013,160
A/Cote d'Ivoire/2038/2013,A/Almaty/2958/2013,80
A/Cote d'Ivoire/2043/2013,A/Almaty/2958/2013,160
A/Cote d'Ivoire/2086/2013,A/Almaty/2958/2013,160
A/Cote d'Ivoire/2138/2013,A/Almaty/2958/2013,80
A/Cote d'Ivoire/2150/2013,A/Almaty/2958/2013,160
A/Cote d'Ivoire/2190/2013,A/Almaty/2958/2013,320
A/Cote d'Ivoire/2163/2013,A/Almaty/2958/2013,80
A/Cote d'Ivoire/2165/2013,A/Almaty/2958/2013,160
A/Cote d'Ivoire/2183/2013,A/Almaty/2958/2013,80
A/Cote d'Ivoire/2202/2013,A/Almaty/2958/2013,40
A/Cote d'Ivoire/2207/2013,A/Almaty/2958/2013,320
A/Cote d'Ivoire/2208/2013,A/Almaty/2958/2013,320
A/Adiyaman/230/2014,A/Almaty/2958/2013,320
A/Giresun/231/2014,A/Almaty/2958/2013,160
A/Van/251/2014,A/Almaty/2958/2013,80
A/Ankara/266/2014,A/Almaty/2958/2013,80
A/Samsun/310/2014,A/Almaty/2958/2013,160
A/Trabzon/338/2014,A/Almaty/2958/2013,160
A/Hatay/367/2014,A/Almaty/2958/2013,160
A/Diyarbakir/371/2014,A/Almaty/2958/2013,320
A/Perth/16/2009,A/Perth/16/2009,1280
A/Stockholm/18/2011,A/Perth/16/2009,40
A/Iowa/19/2010,A/Perth/16/2009,640
A/Victoria/361/2011,A/Perth/16/2009,80
A/Athens/112/2012,A/Perth/16/2009,80
A/Texas/50/2012,A/Perth/16/2009,320
A/Samara/73/2013,A/Perth/16/2009,160
A/Serbia/NS-210/2013,A/Perth/16/2009,320
A/Hong Kong/146/2013,A/Perth/16/2009,320
A/Almaty/2958/2013,A/Perth/16/2009,640
A/Cote d'Ivoire/1847/2013,A/Perth/16/2009,<40
A/Ankara/34/2014,A/Perth/16/2009,<40
A/Ankara/1373/2013,A/Perth/16/2009,<40
A/Ankara/1110/2013,A/Perth/16/2009,40
A/Cote d'Ivoire/1900/2013,A/Perth/16/2009,<40
A/Tokat/239/2014,A/Perth/16/2009,<40
A/Ankara/1396/2013,A/Perth/16/2009,<40
A/Ankara/1356/2013,A/Perth/16/2009,<40
A/Madagascar/00147/2014,A/Perth/16/2009,<40
A/Catalonia/2141012NS/2013,A/Perth/16/2009,<40
A/Catalonia/6623S/2013,A/Perth/16/2009,40
A/Catalonia/2141628NS/2013,A/Perth/16/2009,<40
A/Catalonia/2143786NS/2013,A/Perth/16/2009,<40
A/Catalonia/2144572NS/2014,A/Perth/16/2009,<40
A/Valencia/624026S/2014,A/Perth/16/2009,<40
A/Switzerland/9851671/2014,A/Perth/16/2009,<40
A/Adana/234/2014,A/Perth/16/2009,<40
A/Ankara/1410/2013,A/Perth/16/2009,<40
A/Ankara/1404/2013,A/Perth/16/2009,<40
A/Ankara/1366/2013,A/Perth/16/2009,<40
A/Antalya/1083/2013,A/Perth/16/2009,<40
A/Madagascar/00153/2014,A/Perth/16/2009,80
A/Salamanca/27/2014,A/Perth/16/2009,40
A/Catalonia/6095851NS/2014,A/Perth/16/2009,<40
A/Salamanca/44/2014,A/Perth/16/2009,40
A/Segovia/81/2014,A/Perth/16/2009,40
A/Salamanca/92/2014,A/Perth/16/2009,40
A/Catalonia/2152420NS/2014,A/Perth/16/2009,40
A/Perth/16/2009,A/Stockholm/18/2011,160
A/Stockholm/18/2011,A/Stockholm/18/2011,160
A/Iowa/19/2010,A/Stockholm/18/2011,1280
A/Victoria/361/2011,A/Stockholm/18/2011,160
A/Athens/112/2012,A/Stockholm/18/2011,160
A/Texas/50/2012,A/Stockholm/18/2011,1280
A/Samara/73/2013,A/Stockholm/18/2011,320
A/Serbia/NS-210/2013,A/Stockholm/18/2011,640
A/Hong Kong/146/2013,A/Stockholm/18/2011,1280
A/Almaty/2958/2013,A/Stockholm/18/2011,1280
A/Cote d'Ivoire/1847/2013,A/Stockholm/18/2011,80
A/Ankara/34/2014,A/Stockholm/18/2011,80
A/Ankara/1373/2013,A/Stockholm/18/2011,80
A/Ankara/1110/2013,A/Stockholm/18/2011,160
A/Cote d'Ivoire/1900/2013,A/Stockholm/18/2011,160
A/Tokat/239/2014,A/Stockholm/18/2011,80
A/Ankara/1396/2013,A/Stockholm/18/2011,80
A/Ankara/1356/2013,A/Stockholm/18/2011,80
A/Madagascar/00147/2014,A/Stockholm/18/2011,160
A/Catalonia/2141012NS/2013,A/Stockholm/18/2011,80
A/Catalonia/6623S/2013,A/Stockholm/18/2011,160
A/Catalonia/2141628NS/2013,A/Stockholm/18/2011,160
A/Catalonia/2143786NS/2013,A/Stockholm/18/2011,160
A/Catalonia/2144572NS/2014,A/Stockholm/18/2011,80
A/Valencia/624026S/2014,A/Stockholm/18/2011,160
A/Switzerland/9851671/2014,A/Stockholm/18/2011,160
A/Adana/234/2014,A/Stockholm/18/2011,160
A/Ankara/1410/2013,A/Stockholm/18/2011,80
A/Ankara/1404/2013,A/Stockholm/18/2011,80
A/Ankara/1366/2013,A/Stockholm/18/2011,80
A/Antalya/1083/2013,A/Stockholm/18/2011,40
A/Madagascar/00153/2014,A/Stockholm/18/2011,320
A/Salamanca/27/2014,A/Stockholm/18/2011,160
A/Catalonia/6095851NS/2014,A/Stockholm/18/2011,80
A/Salamanca/44/2014,A/Stockholm/18/2011,160
A/Segovia/81/2014,A/Stockholm/18/2011,160
A/Salamanca/92/2014,A/Stockholm/18/2011,160
A/Catalonia/2152420NS/2014,A/Stockholm/18/2011,80
A/Perth/16/2009,A/Iowa/19/2010,320
A/Stockholm/18/2011,A/Iowa/19/2010,160
A/Iowa/19/2010,A/Iowa/19/2010,2560
A/Victoria/361/2011,A/Iowa/19/2010,320
A/Athens/112/2012,A/Iowa/19/2010,160
A/Texas/50/2012,A/Iowa/19/2010,1280
A/Samara/73/2013,A/Iowa/19/2010,320
A/Serbia/NS-210/2013,A/Iowa/19/2010,1280
A/Hong Kong/146/2013,A/Iowa/19/2010,1280
A/Almaty/2958/2013,A/Iowa/19/2010,2560
A/Cote d'Ivoire/1847/2013,A/Iowa/19/2010,80
A/Ankara/34/2014,A/Iowa/19/2010,80
A/Ankara/1373/2013,A/Iowa/19/2010,80
A/Ankara/1110/2013,A/Iowa/19/2010,160
A/Cote d'Ivoire/1900/2013,A/Iowa/19/2010,160
A/Tokat/239/2014,A/Iowa/19/2010,160
A/Ankara/1396/2013,A/Iowa/19/2010,80
A/Ankara/1356/2013,A/Iowa/19/2010,80
A/Madagascar/00147/2014,A/Iowa/19/2010,160
A/Catalonia/2141012NS/2013,A/Iowa/19/2010,160
A/Catalonia/6623S/2013,A/Iowa/19/2010,160
A/Catalonia/2141628NS/2013,A/Iowa/19/2010,160
A/Catalonia/2143786NS/2013,A/Iowa/19/2010,160
A/Catalonia/2144572NS/2014,A/Iowa/19/2010,40
A/Valencia/624026S/2014,A/Iowa/19/2010,160
A/Switzerland/9851671/2014,A/Iowa/19/2010,160
A/Adana/234/2014,A/Iowa/19/2010,160
A/Ankara/1410/2013,A/Iowa/19/2010,80
A/Ankara/1404/2013,A/Iowa/19/2010,80
A/Ankara/1366/2013,A/Iowa/19/2010,80
A/Antalya/1083/2013,A/Iowa/19/2010,80
A/Madagascar/00153/2014,A/Iowa/19/2010,640
A/Salamanca/27/2014,A/Iowa/19/2010,160
A/Catalonia/6095851NS/2014,A/Iowa/19/2010,160
A/Salamanca/44/2014,A/Iowa/19/2010,160
A/Segovia/81/2014,A/Iowa/19/2010,160
A/Salamanca/92/2014,A/Iowa/19/2010,160
A/Catalonia/2152420NS/2014,A/Iowa/19/2010,80
A/Perth/16/2009,A/Victoria/361/2011,160
A/Stockholm/18/2011,A/Victoria/361/2011,320
A/Iowa/19/2010,A/Victoria/361/2011,2560
A/Victoria/361/2011,A/Victoria/361/2011,320
A/Athens/112/2012,A/Victoria/361/2011,320
A/Texas/50/2012,A/Victoria/361/2011,1280
A/Samara/73/2013,A/Victoria/361/2011,640
A/Serbia/NS-210/2013,A/Victoria/361/2011,640
A/Hong Kong/146/2013,A/Victoria/361/2011,1280
A/Almaty/2958/2013,A/Victoria/361/2011,1280
A/Cote d'Ivoire/1847/2013,A/Victoria/361/2011,160
A/Ankara/34/2014,A/Victoria/361/2011,160
A/Ankara/1373/2013,A/Victoria/361/2011,160
A/Ankara/1110/2013,A/Victoria/361/2011,320
A/Cote d'Ivoire/1900/2013,A/Victoria/361/2011,160
A/Tokat/239/2014,A/Victoria/361/2011,160
A/Ankara/1396/2013,A/Victoria/361/2011,160
A/Ankara/1356/2013,A/Victoria/361/2011,160
A/Madagascar/00147/2014,A/Victoria/361/2011,160
A/Catalonia/2141012NS/2013,A/Victoria/361/2011,160
A/Catalonia/6623S/2013,A/Victoria/361/2011,320
A/Catalonia/2141628NS/2013,A/Victoria/361/2011,160
A/Catalonia/2143786NS/2013,A/Victoria/361/2011,160
A/Catalonia/2144572NS/2014,A/Victoria/361/2011,160
A/Valencia/624026S/2014,A/Victoria/361/2011,160
A/Switzerland/9851671/2014,A/Victoria/361/2011,160
A/Adana/234/2014,A/Victoria/361/2011,160
A/Ankara/1410/2013,A/Victoria/361/2011,160
A/Ankara/1404/2013,A/Victoria/361/2011,160
A/Ankara/1366/2013,A/Victoria/361/2011,160
A/Antalya/1083/2013,A/Victoria/361/2011,80
A/Madagascar/00153/2014,A/Victoria/361/2011,640
A/Salamanca/27/2014,A/Victoria/361/2011,320
A/Catalonia/6095851NS/2014,A/Victoria/361/2011,160
A/Salamanca/44/2014,A/Victoria/361/2011,160
A/Segovia/81/2014,A/Victoria/361/2011,320
A/Salamanca/92/2014,A/Victoria/361/2011,320
A/Catalonia/2152420NS/2014,A/Victoria/361/2011,160
A/Perth/16/2009,A/Athens/112/2012,320
A/Stockholm/18/2011,A/Athens/112/2012,640
A/Iowa/19/2010,A/Athens/112/2012,2560
A/Victoria/361/2011,A/Athens/112/2012,640
A/Athens/112/2012,A/Athens/112/2012,640
A/Texas/50/2012,A/Athens/112/2012,1280
A/Samara/73/2013,A/Athens/112/2012,640
A/Serbia/NS-210/2013,A/Athens/112/2012,1280
A/Hong Kong/146/2013,A/Athens/112/2012,1280
A/Almaty/2958/2013,A/Athens/112/2012,1280
A/Cote d'Ivoire/1847/2013,A/Athens/112/2012,160
A/Ankara/34/2014,A/Athens/112/2012,320
A/Ankara/1373/2013,A/Athens/112/2012,320
A/Ankara/1110/2013,A/Athens/112/2012,640
A/Cote d'Ivoire/1900/2013,A/Athens/112/2012,320
A/Tokat/239/2014,A/Athens/112/2012,320
A/Ankara/1396/2013,A/Athens/112/2012,320
A/Ankara/1356/2013,A/Athens/112/2012,320
A/Madagascar/00147/2014,A/Athens/112/2012,320
A/Catalonia/2141012NS/2013,A/Athens/112/2012,320
A/Catalonia/6623S/2013,A/Athens/112/2012,640
A/Catalonia/2141628NS/2013,A/Athens/112/2012,320
A/Catalonia/2143786NS/2013,A/Athens/112/2012,320
A/Catalonia/2144572NS/2014,A/Athens/112/2012,320
A/Valencia/624026S/2014,A/Athens/112/2012,320
A/Switzerland/9851671/2014,A/Athens/112/2012,320
A/Adana/234/2014,A/Athens/112/2012,320
A/Ankara/1410/2013,A/Athens/112/2012,320
A/Ankara/1404/2013,A/Athens/112/2012,320
A/Ankara/1366/2013,A/Athens/112/2012,320
A/Antalya/1083/2013,A/Athens/112/2012,160
A/Madagascar/00153/2014,A/Athens/112/2012,1280
A/Salamanca/27/2014,A/Athens/112/2012,640
A/Catalonia/6095851NS/2014,A/Athens/112/2012,320
A/Salamanca/44/2014,A/Athens/112/2012,320
A/Segovia/81/2014,A/Athens/112/2012,320
A/Salamanca/92/2014,A/Athens/112/2012,640
A/Catalonia/2152420NS/2014,A/Athens/112/2012,320
A/Perth/16/2009,A/Texas/50/2012,160
A/Stockholm/18/2011,A/Texas/50/2012,160
A/Iowa/19/2010,A/Texas/50/2012,1280
A/Victoria/361/2011,A/Texas/50/2012,320
A/Athens/112/2012,A/Texas/50/2012,160
A/Texas/50/2012,A/Texas/50/2012,1280
A/Samara/73/2013,A/Texas/50/2012,320
A/Serbia/NS-210/2013,A/Texas/50/2012,640
A/Hong Kong/146/2013,A/Texas/50/2012,640
A/Almaty/2958/2013,A/Texas/50/2012,1280
A/Cote d'Ivoire/1847/2013,A/Texas/50/2012,80
A/Ankara/34/2014,A/Texas/50/2012,80
A/Ankara/1373/2013,A/Texas/50/2012,80
A/Ankara/1110/2013,A/Texas/50/2012,160
A/Cote d'Ivoire/1900/2013,A/Texas/50/2012,80
A/Tokat/239/2014,A/Texas/50/2012,40
A/Ankara/1396/2013,A/Texas/50/2012,80
A/Ankara/1356/2013,A/Texas/50/2012,80
A/Madagascar/00147/2014,A/Texas/50/2012,80
A/Catalonia/2141012NS/2013,A/Texas/50/2012,80
A/Catalonia/6623S/2013,A/Texas/50/2012,160
A/Catalonia/2141628NS/2013,A/Texas/50/2012,160
A/Catalonia/2143786NS/2013,A/Texas/50/2012,160
A/Catalonia/2144572NS/2014,A/Texas/50/2012,80
A/Valencia/624026S/2014,A/Texas/50/2012,160
A/Switzerland/9851671/2014,A/Texas/50/2012,80
A/Adana/234/2014,A/Texas/50/2012,160
A/Ankara/1410/2013,A/Texas/50/2012,80
A/Ankara/1404/2013,A/Texas/50/2012,80
A/Ankara/1366/2013,A/Texas/50/2012,80
A/Antalya/1083/2013,A/Texas/50/2012,80
A/Madagascar/00153/2014,A/Texas/50/2012,320
A/Salamanca/27/2014,A/Texas/50/2012,160
A/Catalonia/6095851NS/2014,A/Texas/50/2012,80
A/Salamanca/44/2014,A/Texas/50/2012,160
A/Segovia/81/2014,A/Texas/50/2012,160
A/Salamanca/92/2014,A/Texas/50/2012,160
A/Catalonia/2152420NS/2014,A/Texas/50/2012,80
A/Perth/16/2009,A/Samara/73/2013,80
A/Stockholm/18/2011,A/Samara/73/2013,640
A/Iowa/19/2010,A/Samara/73/2013,1280
A/Victoria/361/2011,A/Samara/73/2013,640
A/Athens/112/2012,A/Samara/73/2013,320
A/Texas/50/2012,A/Samara/73/2013,640
A/Samara/73/2013,A/Samara/73/2013,640
A/Serbia/NS-210/2013,A/Samara/73/2013,640
A/Hong Kong/146/2013,A/Samara/73/2013,640
A/Almaty/2958/2013,A/Samara/73/2013,1280
A/Cote d'Ivoire/1847/2013,A/Samara/73/2013,320
A/Ankara/34/2014,A/Samara/73/2013,320
A/Ankara/1373/2013,A/Samara/73/2013,320
A/Ankara/1110/2013,A/Samara/73/2013,640
A/Cote d'Ivoire/1900/2013,A/Samara/73/2013,320
A/Tokat/239/2014,A/Samara/73/2013,320
A/Ankara/1396/2013,A/Samara/73/2013,320
A/Ankara/1356/2013,A/Samara/73/2013,320
A/Madagascar/00147/2014,A/Samara/73/2013,320
A/Catalonia/2141012NS/2013,A/Samara/73/2013,320
A/Catalonia/6623S/2013,A/Samara/73/2013,640
A/Catalonia/2141628NS/2013,A/Samara/73/2013,320
A/Catalonia/2143786NS/2013,A/Samara/73/2013,320
A/Catalonia/2144572NS/2014,A/Samara/73/2013,320
A/Valencia/624026S/2014,A/Samara/73/2013,320
A/Switzerland/9851671/2014,A/Samara/73/2013,320
A/Adana/234/2014,A/Samara/73/2013,320
A/Ankara/1410/2013,A/Samara/73/2013,320
A/Ankara/1404/2013,A/Samara/73/2013,320
A/Ankara/1366/2013,A/Samara/73/2013,320
A/Antalya/1083/2013,A/Samara/73/2013,160
A/Madagascar/00153/2014,A/Samara/73/2013,1280
A/Salamanca/27/2014,A/Samara/73/2013,640
A/Catalonia/6095851NS/2014,A/Samara/73/2013,320
A/Salamanca/44/2014,A/Samara/73/2013,320
A/Segovia/81/2014,A/Samara/73/2013,320
A/Salamanca/92/2014,A/Samara/73/2013,640
A/Catalonia/2152420NS/2014,A/Samara/73/2013,320
A/Perth/16/2009,A/Serbia/NS-210/2013,80
A/Stockholm/18/2011,A/Serbia/NS-210/2013,160
A/Iowa/19/2010,A/Serbia/NS-210/2013,1280
A/Victoria/361/2011,A/Serbia/NS-210/2013,320
A/Athens/112/2012,A/Serbia/NS-210/2013,160
A/Texas/50/2012,A/Serbia/NS-210/2013,1280
A/Samara/73/2013,A/Serbia/NS-210/2013,640
A/Serbia/NS-210/2013,A/Serbia/NS-210/2013,1280
A/Hong Kong/146/2013,A/Serbia/NS-210/2013,640
A/Almaty/2958/2013,A/Serbia/NS-210/2013,1280
A/Cote d'Ivoire/1847/2013,A/Serbia/NS-210/2013,160
A/Ankara/34/2014,A/Serbia/NS-210/2013,160
A/Ankara/1373/2013,A/Serbia/NS-210/2013,160
A/Ankara/1110/2013,A/Serbia/NS-210/2013,320
A/Cote d'Ivoire/1900/2013,A/Serbia/NS-210/2013,160
A/Tokat/239/2014,A/Serbia/NS-210/2013,80
A/Ankara/1396/2013,A/Serbia/NS-210/2013,160
A/Ankara/1356/2013,A/Serbia/NS-210/2013,160
A/Madagascar/00147/2014,A/Serbia/NS-210/2013,160
A/Catalonia/2141012NS/2013,A/Serbia/NS-210/2013,160
A/Catalonia/6623S/2013,A/Serbia/NS-210/2013,320
A/Catalonia/2141628NS/2013,A/Serbia/NS-210/2013,160
A/Catalonia/2143786NS/2013,A/Serbia/NS-210/2013,160
A/Catalonia/2144572NS/2014,A/Serbia/NS-210/2013,160
A/Valencia/624026S/2014,A/Serbia/NS-210/2013,160
A/Switzerland/9851671/2014,A/Serbia/NS-210/2013,160
A/Adana/234/2014,A/Serbia/NS-210/2013,320
A/Ankara/1410/2013,A/Serbia/NS-210/2013,160
A/Ankara/1404/2013,A/Serbia/NS-210/2013,160
A/Ankara/1366/2013,A/Serbia/NS-210/2013,160
A/Antalya/1083/2013,A/Serbia/NS-210/2013,80
A/Madagascar/00153/2014,A/Serbia/NS-210/2013,640
A/Salamanca/27/2014,A/Serbia/NS-210/2013,320
A/Catalonia/6095851NS/2014,A/Serbia/NS-210/2013,160
A/Salamanca/44/2014,A/Serbia/NS-210/2013,160
A/Segovia/81/2014,A/Serbia/NS-210/2013,320
A/Salamanca/92/2014,A/Serbia/NS-210/2013,320
A/Catalonia/2152420NS/2014,A/Serbia/NS-210/2013,160
A/Perth/16/2009,A/Hong Kong/146/2013,160
A/Stockholm/18/2011,A/Hong Kong/146/2013,320
A/Iowa/19/2010,A/Hong Kong/146/2013,1280
A/Victoria/361/2011,A/Hong Kong/146/2013,320
A/Athens/112/2012,A/Hong Kong/146/2013,320
A/Texas/50/2012,A/Hong Kong/146/2013,640
A/Samara/73/2013,A/Hong Kong/146/2013,640
A/Serbia/NS-210/2013,A/Hong Kong/146/2013,640
A/Hong Kong/146/2013,A/Hong Kong/146/2013,2560
A/Almaty/2958/2013,A/Hong Kong/146/2013,1280
A/Cote d'Ivoire/1847/2013,A/Hong Kong/146/2013,80
A/Ankara/34/2014,A/Hong Kong/146/2013,160
A/Ankara/1373/2013,A/Hong Kong/146/2013,160
A/Ankara/1110/2013,A/Hong Kong/146/2013,320
A/Cote d'Ivoire/1900/2013,A/Hong Kong/146/2013,160
A/Tokat/239/2014,A/Hong Kong/146/2013,80
A/Ankara/1396/2013,A/Hong Kong/146/2013,160
A/Ankara/1356/2013,A/Hong Kong/146/2013,160
A/Madagascar/00147/2014,A/Hong Kong/146/2013,320
A/Catalonia/2141012NS/2013,A/Hong Kong/146/2013,160
A/Catalonia/6623S/2013,A/Hong Kong/146/2013,320
A/Catalonia/2141628NS/2013,A/Hong Kong/146/2013,160
A/Catalonia/2143786NS/2013,A/Hong Kong/146/2013,160
A/Catalonia/2144572NS/2014,A/Hong Kong/146/2013,160
A/Valencia/624026S/2014,A/Hong Kong/146/2013,160
A/Switzerland/9851671/2014,A/Hong Kong/146/2013,160
A/Adana/234/2014,A/Hong Kong/146/2013,160
A/Ankara/1410/2013,A/Hong Kong/146/2013,160
A/Ankara/1404/2013,A/Hong Kong/146/2013,160
A/Ankara/1366/2013,A/Hong Kong/146/2013,160
A/Antalya/1083/2013,A/Hong Kong/146/2013,80
A/Madagascar/00153/2014,A/Hong Kong/146/2013,640
A/Salamanca/27/2014,A/Hong Kong/146/2013,320
A/Catalonia/6095851NS/2014,A/Hong Kong/146/2013,160
A/Salamanca/44/2014,A/Hong Kong/146/2013,320
A/Segovia/81/2014,A/Hong Kong/146/2013,320
A/Salamanca/92/2014,A/Hong Kong/146/2013,320
A/Catalonia/2152420NS/2014,A/Hong Kong/146/2013,160
A/Perth/16/2009,A/Almaty/2958/2013,160
A/Stockholm/18/2011,A/Almaty/2958/2013,160
A/Iowa/19/2010,A/Almaty/2958/2013,1280
A/Victoria/361/2011,A/Almaty/2958/2013,320
A/Athens/112/2012,A/Almaty/2958/2013,160
A/Texas/50/2012,A/Almaty/2958/2013,640
A/Samara/73/2013,A/Almaty/2958/2013,640
A/Serbia/NS-210/2013,A/Almaty/2958/2013,640
A/Hong Kong/146/2013,A/Almaty/2958/2013,640
A/Almaty/2958/2013,A/Almaty/2958/2013,1280
A/Cote d'Ivoire/1847/2013,A/Almaty/2958/2013,160
A/Ankara/34/2014,A/Almaty/2958/2013,160
A/Ankara/1373/2013,A/Almaty/2958/2013,160
A/Ankara/1110/2013,A/Almaty/2958/2013,320
A/Cote d'Ivoire/1900/2013,A/Almaty/2958/2013,160
A/Tokat/239/2014,A/Almaty/2958/2013,80
A/Ankara/1396/2013,A/Almaty/2958/2013,160
A/Ankara/1356/2013,A/Almaty/2958/2013,160
A/Madagascar/00147/2014,A/Almaty/2958/2013,160
A/Catalonia/2141012NS/2013,A/Almaty/2958/2013,80
A/Catalonia/6623S/2013,A/Almaty/2958/2013,320
A/Catalonia/2141628NS/2013,A/Almaty/2958/2013,160
A/Catalonia/2143786NS/2013,A/Almaty/2958/2013,160
A/Catalonia/2144572NS/2014,A/Almaty/2958/2013,160
A/Valencia/624026S/2014,A/Almaty/2958/2013,160
A/Switzerland/9851671/2014,A/Almaty/2958/2013,160
A/Adana/234/2014,A/Almaty/2958/2013,160
A/Ankara/1410/2013,A/Almaty/2958/2013,160
A/Ankara/1404/2013,A/Almaty/2958/2013,160
A/Ankara/1366/2013,A/Almaty/2958/2013,160
A/Antalya/1083/2013,A/Almaty/2958/2013,40
A/Madagascar/00153/2014,A/Almaty/2958/2013,640
A/Salamanca/27/2014,A/Almaty/2958/2013,160
A/Catalonia/6095851NS/2014,A/Almaty/2958/2013,160
A/Salamanca/44/2014,A/Almaty/2958/2013,160
A/Segovia/81/2014,A/Almaty/2958/2013,320
A/Salamanca/92/2014,A/Almaty/2958/2013,320
A/Catalonia/2152420NS/2014,A/Almaty/2958/2013,160
A/Perth/16/2009,A/Perth/16/2009,1280
A/Stockholm/18/2011,A/Perth/16/2009,<40
A/Iowa/19/2010,A/Perth/16/2009,640
A/Victoria/361/2011,A/Perth/16/2009,80
A/Athens/112/2012,A/Perth/16/2009,80
A/Texas/50/2012,A/Perth/16/2009,640
A/Samara/73/2013,A/Perth/16/2009,80
A/Serbia/NS-210/2013,A/Perth/16/2009,320
A/Hong Kong/146/2013,A/Perth/16/2009,640
A/Almaty/2958/2013,A/Perth/16/2009,640
A/Madagascar/04245/2013,A/Perth/16/2009,40
A/Jordan/30661/2013,A/Perth/16/2009,<40
A/Jordan/30677/2013,A/Perth/16/2009,160
A/Jordan/20539/2013,A/Perth/16/2009,<40
A/Cote d'Ivoire/2205/2013,A/Perth/16/2009,40
A/Cote d'Ivoire/2210/2013,A/Perth/16/2009,40
A/Madagascar/04228/2013,A/Perth/16/2009,<40
A/Cote d'Ivoire/2259/2013,A/Perth/16/2009,40
A/Ankara/23/2014,A/Perth/16/2009,<40
A/Jordan/20006/2014,A/Perth/16/2009,40
A/Hamburg/1/2014,A/Perth/16/2009,<40
A/Berlin/8/2014,A/Perth/16/2009,<40
A/Hessen/4/2014,A/Perth/16/2009,<40
A/Berlin/12/2014,A/Perth/16/2009,<40
A/Hessen/1/2014,A/Perth/16/2009,40
A/Baden-Wurttemberg/7/2014,A/Perth/16/2009,40
A/Bayern/3/2014,A/Perth/16/2009,<40
A/Berlin/20/2014,A/Perth/16/2009,<40
A/Bremen/1/2014,A/Perth/16/2009,<40
A/Baden-Wurttemberg/14/2014,A/Perth/16/2009,<40
A/Perth/16/2009,A/Stockholm/18/2011,160
A/Stockholm/18/2011,A/Stockholm/18/2011,160
A/Iowa/19/2010,A/Stockholm/18/2011,1280
A/Victoria/361/2011,A/Stockholm/18/2011,160
A/Athens/112/2012,A/Stockholm/18/2011,320
A/Texas/50/2012,A/Stockholm/18/2011,1280
A/Samara/73/2013,A/Stockholm/18/2011,320
A/Serbia/NS-210/2013,A/Stockholm/18/2011,640
A/Hong Kong/146/2013,A/Stockholm/18/2011,1280
A/Almaty/2958/2013,A/Stockholm/18/2011,1280
A/Madagascar/04245/2013,A/Stockholm/18/2011,160
A/Jordan/30661/2013,A/Stockholm/18/2011,80
A/Jordan/30677/2013,A/Stockholm/18/2011,160
A/Jordan/20539/2013,A/Stockholm/18/2011,160
A/Cote d'Ivoire/2205/2013,A/Stockholm/18/2011,160
A/Cote d'Ivoire/2210/2013,A/Stockholm/18/2011,160
A/Madagascar/04228/2013,A/Stockholm/18/2011,160
A/Cote d'Ivoire/2259/2013,A/Stockholm/18/2011,160
A/Ankara/23/2014,A/Stockholm/18/2011,160
A/Jordan/20006/2014,A/Stockholm/18/2011,160
A/Hamburg/1/2014,A/Stockholm/18/2011,80
A/Berlin/8/2014,A/Stockholm/18/2011,160
A/Hessen/4/2014,A/Stockholm/18/2011,40
A/Berlin/12/2014,A/Stockholm/18/2011,80
A/Hessen/1/2014,A/Stockholm/18/2011,160
A/Baden-Wurttemberg/7/2014,A/Stockholm/18/2011,160
A/Bayern/3/2014,A/Stockholm/18/2011,160
A/Berlin/20/2014,A/Stockholm/18/2011,80
A/Bremen/1/2014,A/Stockholm/18/2011,80
A/Baden-Wurttemberg/14/2014,A/Stockholm/18/2011,160
A/Perth/16/2009,A/Iowa/19/2010,320
A/Stockholm/18/2011,A/Iowa/19/2010,160
A/Iowa/19/2010,A/Iowa/19/2010,2560
A/Victoria/361/2011,A/Iowa/19/2010,320
A/Athens/112/2012,A/Iowa/19/2010,320
A/Texas/50/2012,A/Iowa/19/2010,1280
A/Samara/73/2013,A/Iowa/19/2010,320
A/Serbia/NS-210/2013,A/Iowa/19/2010,1280
A/Hong Kong/146/2013,A/Iowa/19/2010,1280
A/Almaty/2958/2013,A/Iowa/19/2010,2560
A/Madagascar/04245/2013,A/Iowa/19/2010,160
A/Jordan/30661/2013,A/Iowa/19/2010,80
A/Jordan/30677/2013,A/Iowa/19/2010,320
A/Jordan/20539/2013,A/Iowa/19/2010,160
A/Cote d'Ivoire/2205/2013,A/Iowa/19/2010,320
A/Cote d'Ivoire/2210/2013,A/Iowa/19/2010,320
A/Madagascar/04228/2013,A/Iowa/19/2010,160
A/Cote d'Ivoire/2259/2013,A/Iowa/19/2010,320
A/Ankara/23/2014,A/Iowa/19/2010,160
A/Jordan/20006/2014,A/Iowa/19/2010,160
A/Hamburg/1/2014,A/Iowa/19/2010,80
A/Berlin/8/2014,A/Iowa/19/2010,160
A/Hessen/4/2014,A/Iowa/19/2010,80
A/Berlin/12/2014,A/Iowa/19/2010,80
A/Hessen/1/2014,A/Iowa/19/2010,160
A/Baden-Wurttemberg/7/2014,A/Iowa/19/2010,160
A/Bayern/3/2014,A/Iowa/19/2010,160
A/Berlin/20/2014,A/Iowa/19/2010,80
A/Bremen/1/2014,A/Iowa/19/2010,160
A/Baden-Wurttemberg/14/2014,A/Iowa/19/2010,160
A/Perth/16/2009,A/Victoria/361/2011,320
A/Stockholm/18/2011,A/Victoria/361/2011,160
A/Iowa/19/2010,A/Victoria/361/2011,2560
A/Victoria/361/2011,A/Victoria/361/2011,320
A/Athens/112/2012,A/Victoria/361/2011,320
A/Texas/50/2012,A/Victoria/361/2011,1280
A/Samara/73/2013,A/Victoria/361/2011,320
A/Serbia/NS-210/2013,A/Victoria/361/2011,1280
A/Hong Kong/146/2013,A/Victoria/361/2011,1280
A/Almaty/2958/2013,A/Victoria/361/2011,1280
A/Madagascar/04245/2013,A/Victoria/361/2011,320
A/Jordan/30661/2013,A/Victoria/361/2011,160
A/Jordan/30677/2013,A/Victoria/361/2011,320
A/Jordan/20539/2013,A/Victoria/361/2011,320
A/Cote d'Ivoire/2205/2013,A/Victoria/361/2011,320
A/Cote d'Ivoire/2210/2013,A/Victoria/361/2011,320
A/Madagascar/04228/2013,A/Victoria/361/2011,160
A/Cote d'Ivoire/2259/2013,A/Victoria/361/2011,320
A/Ankara/23/2014,A/Victoria/361/2011,320
A/Jordan/20006/2014,A/Victoria/361/2011,320
A/Hamburg/1/2014,A/Victoria/361/2011,80
A/Berlin/8/2014,A/Victoria/361/2011,320
A/Hessen/4/2014,A/Victoria/361/2011,80
A/Berlin/12/2014,A/Victoria/361/2011,160
A/Hessen/1/2014,A/Victoria/361/2011,320
A/Baden-Wurttemberg/7/2014,A/Victoria/361/2011,160
A/Bayern/3/2014,A/Victoria/361/2011,320
A/Berlin/20/2014,A/Victoria/361/2011,160
A/Bremen/1/2014,A/Victoria/361/2011,160
A/Baden-Wurttemberg/14/2014,A/Victoria/361/2011,320
A/Perth/16/2009,A/Athens/112/2012,640
A/Stockholm/18/2011,A/Athens/112/2012,320
A/Iowa/19/2010,A/Athens/112/2012,2560
A/Victoria/361/2011,A/Athens/112/2012,640
A/Athens/112/2012,A/Athens/112/2012,640
A/Texas/50/2012,A/Athens/112/2012,1280
A/Samara/73/2013,A/Athens/112/2012,640
A/Serbia/NS-210/2013,A/Athens/112/2012,1280
A/Hong Kong/146/2013,A/Athens/112/2012,1280
A/Almaty/2958/2013,A/Athens/112/2012,1280
A/Madagascar/04245/2013,A/Athens/112/2012,640
A/Jordan/30661/2013,A/Athens/112/2012,320
A/Jordan/30677/2013,A/Athens/112/2012,640
A/Jordan/20539/2013,A/Athens/112/2012,320
A/Cote d'Ivoire/2205/2013,A/Athens/112/2012,640
A/Cote d'Ivoire/2210/2013,A/Athens/112/2012,640
A/Madagascar/04228/2013,A/Athens/112/2012,320
A/Cote d'Ivoire/2259/2013,A/Athens/112/2012,640
A/Ankara/23/2014,A/Athens/112/2012,640
A/Jordan/20006/2014,A/Athens/112/2012,320
A/Hamburg/1/2014,A/Athens/112/2012,160
A/Berlin/8/2014,A/Athens/112/2012,640
A/Hessen/4/2014,A/Athens/112/2012,160
A/Berlin/12/2014,A/Athens/112/2012,160
A/Hessen/1/2014,A/Athens/112/2012,320
A/Baden-Wurttemberg/7/2014,A/Athens/112/2012,320
A/Bayern/3/2014,A/Athens/112/2012,640
A/Berlin/20/2014,A/Athens/112/2012,320
A/Bremen/1/2014,A/Athens/112/2012,320
A/Baden-Wurttemberg/14/2014,A/Athens/112/2012,640
A/Perth/16/2009,A/Texas/50/2012,160
A/Stockholm/18/2011,A/Texas/50/2012,80
A/Iowa/19/2010,A/Texas/50/2012,1280
A/Victoria/361/2011,A/Texas/50/2012,320
A/Athens/112/2012,A/Texas/50/2012,160
A/Texas/50/2012,A/Texas/50/2012,1280
A/Samara/73/2013,A/Texas/50/2012,320
A/Serbia/NS-210/2013,A/Texas/50/2012,1280
A/Hong Kong/146/2013,A/Texas/50/2012,640
A/Almaty/2958/2013,A/Texas/50/2012,1280
A/Madagascar/04245/2013,A/Texas/50/2012,160
A/Jordan/30661/2013,A/Texas/50/2012,80
A/Jordan/30677/2013,A/Texas/50/2012,160
A/Jordan/20539/2013,A/Texas/50/2012,160
A/Cote d'Ivoire/2205/2013,A/Texas/50/2012,160
A/Cote d'Ivoire/2210/2013,A/Texas/50/2012,160
A/Madagascar/04228/2013,A/Texas/50/2012,160
A/Cote d'Ivoire/2259/2013,A/Texas/50/2012,160
A/Ankara/23/2014,A/Texas/50/2012,160
A/Jordan/20006/2014,A/Texas/50/2012,160
A/Hamburg/1/2014,A/Texas/50/2012,80
A/Berlin/8/2014,A/Texas/50/2012,160
A/Hessen/4/2014,A/Texas/50/2012,80
A/Berlin/12/2014,A/Texas/50/2012,80
A/Hessen/1/2014,A/Texas/50/2012,160
A/Baden-Wurttemberg/7/2014,A/Texas/50/2012,160
A/Bayern/3/2014,A/Texas/50/2012,160
A/Berlin/20/2014,A/Texas/50/2012,80
A/Bremen/1/2014,A/Texas/50/2012,80
A/Baden-Wurttemberg/14/2014,A/Texas/50/2012,160
A/Perth/16/2009,A/Samara/73/2013,160
A/Stockholm/18/2011,A/Samara/73/2013,320
A/Iowa/19/2010,A/Samara/73/2013,1280
A/Victoria/361/2011,A/Samara/73/2013,640
A/Athens/112/2012,A/Samara/73/2013,640
A/Texas/50/2012,A/Samara/73/2013,640
A/Samara/73/2013,A/Samara/73/2013,640
A/Serbia/NS-210/2013,A/Samara/73/2013,640
A/Hong Kong/146/2013,A/Samara/73/2013,1280
A/Almaty/2958/2013,A/Samara/73/2013,1280
A/Madagascar/04245/2013,A/Samara/73/2013,640
A/Jordan/30661/2013,A/Samara/73/2013,160
A/Jordan/30677/2013,A/Samara/73/2013,640
A/Jordan/20539/2013,A/Samara/73/2013,320
A/Cote d'Ivoire/2205/2013,A/Samara/73/2013,640
A/Cote d'Ivoire/2210/2013,A/Samara/73/2013,640
A/Madagascar/04228/2013,A/Samara/73/2013,320
A/Cote d'Ivoire/2259/2013,A/Samara/73/2013,640
A/Ankara/23/2014,A/Samara/73/2013,640
A/Jordan/20006/2014,A/Samara/73/2013,640
A/Hamburg/1/2014,A/Samara/73/2013,160
A/Berlin/8/2014,A/Samara/73/2013,640
A/Hessen/4/2014,A/Samara/73/2013,160
A/Berlin/12/2014,A/Samara/73/2013,160
A/Hessen/1/2014,A/Samara/73/2013,320
A/Baden-Wurttemberg/7/2014,A/Samara/73/2013,320
A/Bayern/3/2014,A/Samara/73/2013,320
A/Berlin/20/2014,A/Samara/73/2013,160
A/Bremen/1/2014,A/Samara/73/2013,160
A/Baden-Wurttemberg/14/2014,A/Samara/73/2013,320
A/Perth/16/2009,A/Serbia/NS-210/2013,160
A/Stockholm/18/2011,A/Serbia/NS-210/2013,160
A/Iowa/19/2010,A/Serbia/NS-210/2013,1280
A/Victoria/361/2011,A/Serbia/NS-210/2013,320
A/Athens/112/2012,A/Serbia/NS-210/2013,320
A/Texas/50/2012,A/Serbia/NS-210/2013,1280
A/Samara/73/2013,A/Serbia/NS-210/2013,320
A/Serbia/NS-210/2013,A/Serbia/NS-210/2013,1280
A/Hong Kong/146/2013,A/Serbia/NS-210/2013,640
A/Almaty/2958/2013,A/Serbia/NS-210/2013,1280
A/Madagascar/04245/2013,A/Serbia/NS-210/2013,320
A/Jordan/30661/2013,A/Serbia/NS-210/2013,160
A/Jordan/30677/2013,A/Serbia/NS-210/2013,320
A/Jordan/20539/2013,A/Serbia/NS-210/2013,160
A/Cote d'Ivoire/2205/2013,A/Serbia/NS-210/2013,320
A/Cote d'Ivoire/2210/2013,A/Serbia/NS-210/2013,320
A/Madagascar/04228/2013,A/Serbia/NS-210/2013,320
A/Cote d'Ivoire/2259/2013,A/Serbia/NS-210/2013,320
A/Ankara/23/2014,A/Serbia/NS-210/2013,160
A/Jordan/20006/2014,A/Serbia/NS-210/2013,160
A/Hamburg/1/2014,A/Serbia/NS-210/2013,80
A/Berlin/8/2014,A/Serbia/NS-210/2013,320
A/Hessen/4/2014,A/Serbia/NS-210/2013,80
A/Berlin/12/2014,A/Serbia/NS-210/2013,80
A/Hessen/1/2014,A/Serbia/NS-210/2013,160
A/Baden-Wurttemberg/7/2014,A/Serbia/NS-210/2013,160
A/Bayern/3/2014,A/Serbia/NS-210/2013,320
A/Berlin/20/2014,A/Serbia/NS-210/2013,80
A/Bremen/1/2014,A/Serbia/NS-210/2013,160
A/Baden-Wurttemberg/14/2014,A/Serbia/NS-210/2013,160
A/Perth/16/2009,A/Hong Kong/146/2013,320
A/Stockholm/18/2011,A/Hong Kong/146/2013,160
A/Iowa/19/2010,A/Hong Kong/146/2013,1280
A/Victoria/361/2011,A/Hong Kong/146/2013,320
A/Athens/112/2012,A/Hong Kong/146/2013,320
A/Texas/50/2012,A/Hong Kong/146/2013,640
A/Samara/73/2013,A/Hong Kong/146/2013,640
A/Serbia/NS-210/2013,A/Hong Kong/146/2013,1280
A/Hong Kong/146/2013,A/Hong Kong/146/2013,2560
A/Almaty/2958/2013,A/Hong Kong/146/2013,2560
A/Madagascar/04245/2013,A/Hong Kong/146/2013,320
A/Jordan/30661/2013,A/Hong Kong/146/2013,160
A/Jordan/30677/2013,A/Hong Kong/146/2013,320
A/Jordan/20539/2013,A/Hong Kong/146/2013,160
A/Cote d'Ivoire/2205/2013,A/Hong Kong/146/2013,320
A/Cote d'Ivoire/2210/2013,A/Hong Kong/146/2013,320
A/Madagascar/04228/2013,A/Hong Kong/146/2013,320
A/Cote d'Ivoire/2259/2013,A/Hong Kong/146/2013,320
A/Ankara/23/2014,A/Hong Kong/146/2013,320
A/Jordan/20006/2014,A/Hong Kong/146/2013,160
A/Hamburg/1/2014,A/Hong Kong/146/2013,80
A/Berlin/8/2014,A/Hong Kong/146/2013,320
A/Hessen/4/2014,A/Hong Kong/146/2013,80
A/Berlin/12/2014,A/Hong Kong/146/2013,80
A/Hessen/1/2014,A/Hong Kong/146/2013,160
A/Baden-Wurttemberg/7/2014,A/Hong Kong/146/2013,160
A/Bayern/3/2014,A/Hong Kong/146/2013,320
A/Berlin/20/2014,A/Hong Kong/146/2013,80
A/Bremen/1/2014,A/Hong Kong/146/2013,80
A/Baden-Wurttemberg/14/2014,A/Hong Kong/146/2013,160
A/Perth/16/2009,A/Almaty/2958/2013,160
A/Stockholm/18/2011,A/Almaty/2958/2013,160
A/Iowa/19/2010,A/Almaty/2958/2013,1280
A/Victoria/361/2011,A/Almaty/2958/2013,320
A/Athens/112/2012,A/Almaty/2958/2013,160
A/Texas/50/2012,A/Almaty/2958/2013,1280
A/Samara/73/2013,A/Almaty/2958/2013,640
A/Serbia/NS-210/2013,A/Almaty/2958/2013,1280
A/Hong Kong/146/2013,A/Almaty/2958/2013,1280
A/Almaty/2958/2013,A/Almaty/2958/2013,1280
A/Madagascar/04245/2013,A/Almaty/2958/2013,320
A/Jordan/30661/2013,A/Almaty/2958/2013,160
A/Jordan/30677/2013,A/Almaty/2958/2013,320
A/Jordan/20539/2013,A/Almaty/2958/2013,320
A/Cote d'Ivoire/2205/2013,A/Almaty/2958/2013,160
A/Cote d'Ivoire/2210/2013,A/Almaty/2958/2013,160
A/Madagascar/04228/2013,A/Almaty/2958/2013,160
A/Cote d'Ivoire/2259/2013,A/Almaty/2958/2013,320
A/Ankara/23/2014,A/Almaty/2958/2013,320
A/Jordan/20006/2014,A/Almaty/2958/2013,160
A/Hamburg/1/2014,A/Almaty/2958/2013,80
A/Berlin/8/2014,A/Almaty/2958/2013,320
A/Hessen/4/2014,A/Almaty/2958/2013,80
A/Berlin/12/2014,A/Almaty/2958/2013,80
A/Hessen/1/2014,A/Almaty/2958/2013,160
A/Baden-Wurttemberg/7/2014,A/Almaty/2958/2013,160
A/Bayern/3/2014,A/Almaty/2958/2013,320
A/Berlin/20/2014,A/Almaty/2958/2013,80
A/Bremen/1/2014,A/Almaty/2958/2013,80
A/Baden-Wurttemberg/14/2014,A/Almaty/2958/2013,160
A/Perth/16/2009,A/Perth/16/2009,640
A/Stockholm/18/2011,A/Perth/16/2009,40
A/Iowa/19/2010,A/Perth/16/2009,320
A/Victoria/361/2011,A/Perth/16/2009,40
A/Athens/112/2012,A/Perth/16/2009,80
A/Texas/50/2012,A/Perth/16/2009,320
A/Texas/50/2012,A/Perth/16/2009,80
A/Samara/73/2013,A/Perth/16/2009,80
A/Serbia/NS-210/2013,A/Perth/16/2009,320
A/Hong Kong/146/2013,A/Perth/16/2009,640
A/Almaty/2958/2013,A/Perth/16/2009,320
A/Jordan/30541/2013,A/Perth/16/2009,<40
A/Jordan/30517/2013,A/Perth/16/2009,<40
A/Jordan/30577/2013,A/Perth/16/2009,<40
A/Jordan/30586/2013,A/Perth/16/2009,<40
A/Jordan/30609/2013,A/Perth/16/2009,<40
A/Cameroon/6468/2013,A/Perth/16/2009,<40
A/Cameroon/6634/2013,A/Perth/16/2009,40
A/Jordan/30654/2013,A/Perth/16/2009,<40
A/Jordan/30657/2013,A/Perth/16/2009,<40
A/Jordan/30669/2013,A/Perth/16/2009,<40
A/Jordan/20524/2013,A/Perth/16/2009,<40
A/Jordan/30694/2013,A/Perth/16/2009,40
A/Jordan/30698/2013,A/Perth/16/2009,40
A/Jordan/30707/2013,A/Perth/16/2009,<40
A/Cameroon/7012/2013,A/Perth/16/2009,<40
A/Cameroon/7186/2013,A/Perth/16/2009,40
A/Jordan/20551/2013,A/Perth/16/2009,<40
A/Jordan/30714/2013,A/Perth/16/2009,<40
A/Jordan/20565/2013,A/Perth/16/2009,<40
A/Jordan/20561/2013,A/Perth/16/2009,<40
A/Jordan/20564/2013,A/Perth/16/2009,<40
A/Algeria/277/2013,A/Perth/16/2009,40
A/Jordan/30014/2014,A/Perth/16/2009,<40
A/Perth/16/2009,A/Stockholm/18/2011,160
A/Stockholm/18/2011,A/Stockholm/18/2011,320
A/Iowa/19/2010,A/Stockholm/18/2011,640
A/Victoria/361/2011,A/Stockholm/18/2011,160
A/Athens/112/2012,A/Stockholm/18/2011,160
A/Texas/50/2012,A/Stockholm/18/2011,640
A/Texas/50/2012,A/Stockholm/18/2011,320
A/Samara/73/2013,A/Stockholm/18/2011,320
A/Serbia/NS-210/2013,A/Stockholm/18/2011,640
A/Hong Kong/146/2013,A/Stockholm/18/2011,1280
A/Almaty/2958/2013,A/Stockholm/18/2011,640
A/Jordan/30541/2013,A/Stockholm/18/2011,320
A/Jordan/30517/2013,A/Stockholm/18/2011,160
A/Jordan/30577/2013,A/Stockholm/18/2011,160
A/Jordan/30586/2013,A/Stockholm/18/2011,160
A/Jordan/30609/2013,A/Stockholm/18/2011,320
A/Cameroon/6468/2013,A/Stockholm/18/2011,160
A/Cameroon/6634/2013,A/Stockholm/18/2011,160
A/Jordan/30654/2013,A/Stockholm/18/2011,160
A/Jordan/30657/2013,A/Stockholm/18/2011,160
A/Jordan/30669/2013,A/Stockholm/18/2011,160
A/Jordan/20524/2013,A/Stockholm/18/2011,160
A/Jordan/30694/2013,A/Stockholm/18/2011,320
A/Jordan/30698/2013,A/Stockholm/18/2011,160
A/Jordan/30707/2013,A/Stockholm/18/2011,160
A/Cameroon/7012/2013,A/Stockholm/18/2011,160
A/Cameroon/7186/2013,A/Stockholm/18/2011,320
A/Jordan/20551/2013,A/Stockholm/18/2011,320
A/Jordan/30714/2013,A/Stockholm/18/2011,160
A/Jordan/20565/2013,A/Stockholm/18/2011,320
A/Jordan/20561/2013,A/Stockholm/18/2011,160
A/Jordan/20564/2013,A/Stockholm/18/2011,160
A/Algeria/277/2013,A/Stockholm/18/2011,160
A/Jordan/30014/2014,A/Stockholm/18/2011,80
A/Perth/16/2009,A/Iowa/19/2010,320
A/Stockholm/18/2011,A/Iowa/19/2010,80
A/Iowa/19/2010,A/Iowa/19/2010,2560
A/Victoria/361/2011,A/Iowa/19/2010,160
A/Athens/112/2012,A/Iowa/19/2010,160
A/Texas/50/2012,A/Iowa/19/2010,1280
A/Texas/50/2012,A/Iowa/19/2010,320
A/Samara/73/2013,A/Iowa/19/2010,320
A/Serbia/NS-210/2013,A/Iowa/19/2010,1280
A/Hong Kong/146/2013,A/Iowa/19/2010,2560
A/Almaty/2958/2013,A/Iowa/19/2010,2560
A/Jordan/30541/2013,A/Iowa/19/2010,160
A/Jordan/30517/2013,A/Iowa/19/2010,160
A/Jordan/30577/2013,A/Iowa/19/2010,160
A/Jordan/30586/2013,A/Iowa/19/2010,80
A/Jordan/30609/2013,A/Iowa/19/2010,160
A/Cameroon/6468/2013,A/Iowa/19/2010,80
A/Cameroon/6634/2013,A/Iowa/19/2010,160
A/Jordan/30654/2013,A/Iowa/19/2010,80
A/Jordan/30657/2013,A/Iowa/19/2010,80
A/Jordan/30669/2013,A/Iowa/19/2010,80
A/Jordan/20524/2013,A/Iowa/19/2010,160
A/Jordan/30694/2013,A/Iowa/19/2010,320
A/Jordan/30698/2013,A/Iowa/19/2010,160
A/Jordan/30707/2013,A/Iowa/19/2010,160
A/Cameroon/7012/2013,A/Iowa/19/2010,160
A/Cameroon/7186/2013,A/Iowa/19/2010,160
A/Jordan/20551/2013,A/Iowa/19/2010,160
A/Jordan/30714/2013,A/Iowa/19/2010,80
A/Jordan/20565/2013,A/Iowa/19/2010,160
A/Jordan/20561/2013,A/Iowa/19/2010,160
A/Jordan/20564/2013,A/Iowa/19/2010,160
A/Algeria/277/2013,A/Iowa/19/2010,160
A/Jordan/30014/2014,A/Iowa/19/2010,40
A/Perth/16/2009,A/Victoria/361/2011,160
A/Stockholm/18/2011,A/Victoria/361/2011,160
A/Iowa/19/2010,A/Victoria/361/2011,1280
A/Victoria/361/2011,A/Victoria/361/2011,160
A/Athens/112/2012,A/Victoria/361/2011,320
A/Texas/50/2012,A/Victoria/361/2011,1280
A/Texas/50/2012,A/Victoria/361/2011,320
A/Samara/73/2013,A/Victoria/361/2011,320
A/Serbia/NS-210/2013,A/Victoria/361/2011,640
A/Hong Kong/146/2013,A/Victoria/361/2011,1280
A/Almaty/2958/2013,A/Victoria/361/2011,640
A/Jordan/30541/2013,A/Victoria/361/2011,320
A/Jordan/30517/2013,A/Victoria/361/2011,160
A/Jordan/30577/2013,A/Victoria/361/2011,160
A/Jordan/30586/2013,A/Victoria/361/2011,160
A/Jordan/30609/2013,A/Victoria/361/2011,320
A/Cameroon/6468/2013,A/Victoria/361/2011,160
A/Cameroon/6634/2013,A/Victoria/361/2011,160
A/Jordan/30654/2013,A/Victoria/361/2011,160
A/Jordan/30657/2013,A/Victoria/361/2011,160
A/Jordan/30669/2013,A/Victoria/361/2011,160
A/Jordan/20524/2013,A/Victoria/361/2011,160
A/Jordan/30694/2013,A/Victoria/361/2011,320
A/Jordan/30698/2013,A/Victoria/361/2011,160
A/Jordan/30707/2013,A/Victoria/361/2011,160
A/Cameroon/7012/2013,A/Victoria/361/2011,160
A/Cameroon/7186/2013,A/Victoria/361/2011,320
A/Jordan/20551/2013,A/Victoria/361/2011,160
A/Jordan/30714/2013,A/Victoria/361/2011,160
A/Jordan/20565/2013,A/Victoria/361/2011,320
A/Jordan/20561/2013,A/Victoria/361/2011,160
A/Jordan/20564/2013,A/Victoria/361/2011,160
A/Algeria/277/2013,A/Victoria/361/2011,320
A/Jordan/30014/2014,A/Victoria/361/2011,160
A/Perth/16/2009,A/Athens/112/2012,640
A/Stockholm/18/2011,A/Athens/112/2012,320
A/Iowa/19/2010,A/Athens/112/2012,1280
A/Victoria/361/2011,A/Athens/112/2012,320
A/Athens/112/2012,A/Athens/112/2012,640
A/Texas/50/2012,A/Athens/112/2012,1280
A/Texas/50/2012,A/Athens/112/2012,640
A/Samara/73/2013,A/Athens/112/2012,640
A/Serbia/NS-210/2013,A/Athens/112/2012,1280
A/Hong Kong/146/2013,A/Athens/112/2012,2560
A/Almaty/2958/2013,A/Athens/112/2012,640
A/Jordan/30541/2013,A/Athens/112/2012,640
A/Jordan/30517/2013,A/Athens/112/2012,320
A/Jordan/30577/2013,A/Athens/112/2012,320
A/Jordan/30586/2013,A/Athens/112/2012,320
A/Jordan/30609/2013,A/Athens/112/2012,640
A/Cameroon/6468/2013,A/Athens/112/2012,320
A/Cameroon/6634/2013,A/Athens/112/2012,320
A/Jordan/30654/2013,A/Athens/112/2012,320
A/Jordan/30657/2013,A/Athens/112/2012,320
A/Jordan/30669/2013,A/Athens/112/2012,320
A/Jordan/20524/2013,A/Athens/112/2012,320
A/Jordan/30694/2013,A/Athens/112/2012,640
A/Jordan/30698/2013,A/Athens/112/2012,320
A/Jordan/30707/2013,A/Athens/112/2012,320
A/Cameroon/7012/2013,A/Athens/112/2012,320
A/Cameroon/7186/2013,A/Athens/112/2012,320
A/Jordan/20551/2013,A/Athens/112/2012,640
A/Jordan/30714/2013,A/Athens/112/2012,320
A/Jordan/20565/2013,A/Athens/112/2012,640
A/Jordan/20561/2013,A/Athens/112/2012,320
A/Jordan/20564/2013,A/Athens/112/2012,320
A/Algeria/277/2013,A/Athens/112/2012,640
A/Jordan/30014/2014,A/Athens/112/2012,320
A/Perth/16/2009,A/Texas/50/2012,160
A/Stockholm/18/2011,A/Texas/50/2012,80
A/Iowa/19/2010,A/Texas/50/2012,640
A/Victoria/361/2011,A/Texas/50/2012,80
A/Athens/112/2012,A/Texas/50/2012,160
A/Texas/50/2012,A/Texas/50/2012,1280
A/Texas/50/2012,A/Texas/50/2012,320
A/Samara/73/2013,A/Texas/50/2012,320
A/Serbia/NS-210/2013,A/Texas/50/2012,1280
A/Hong Kong/146/2013,A/Texas/50/2012,640
A/Almaty/2958/2013,A/Texas/50/2012,1280
A/Jordan/30541/2013,A/Texas/50/2012,160
A/Jordan/30517/2013,A/Texas/50/2012,80
A/Jordan/30577/2013,A/Texas/50/2012,80
A/Jordan/30586/2013,A/Texas/50/2012,80
A/Jordan/30609/2013,A/Texas/50/2012,160
A/Cameroon/6468/2013,A/Texas/50/2012,160
A/Cameroon/6634/2013,A/Texas/50/2012,160
A/Jordan/30654/2013,A/Texas/50/2012,80
A/Jordan/30657/2013,A/Texas/50/2012,160
A/Jordan/30669/2013,A/Texas/50/2012,80
A/Jordan/20524/2013,A/Texas/50/2012,160
A/Jordan/30694/2013,A/Texas/50/2012,160
A/Jordan/30698/2013,A/Texas/50/2012,160
A/Jordan/30707/2013,A/Texas/50/2012,80
A/Cameroon/7012/2013,A/Texas/50/2012,80
A/Cameroon/7186/2013,A/Texas/50/2012,160
A/Jordan/20551/2013,A/Texas/50/2012,160
A/Jordan/30714/2013,A/Texas/50/2012,80
A/Jordan/20565/2013,A/Texas/50/2012,160
A/Jordan/20561/2013,A/Texas/50/2012,160
A/Jordan/20564/2013,A/Texas/50/2012,80
A/Algeria/277/2013,A/Texas/50/2012,160
A/Jordan/30014/2014,A/Texas/50/2012,80
A/Perth/16/2009,A/Texas/50/2012,160
A/Stockholm/18/2011,A/Texas/50/2012,160
A/Iowa/19/2010,A/Texas/50/2012,640
A/Victoria/361/2011,A/Texas/50/2012,160
A/Athens/112/2012,A/Texas/50/2012,320
A/Texas/50/2012,A/Texas/50/2012,1280
A/Texas/50/2012,A/Texas/50/2012,320
A/Samara/73/2013,A/Texas/50/2012,320
A/Serbia/NS-210/2013,A/Texas/50/2012,1280
A/Hong Kong/146/2013,A/Texas/50/2012,1280
A/Almaty/2958/2013,A/Texas/50/2012,1280
A/Jordan/30541/2013,A/Texas/50/2012,*
A/Jordan/30517/2013,A/Texas/50/2012,*
A/Jordan/30577/2013,A/Texas/50/2012,*
A/Jordan/30586/2013,A/Texas/50/2012,*
A/Jordan/30609/2013,A/Texas/50/2012,*
A/Cameroon/6468/2013,A/Texas/50/2012,*
A/Cameroon/6634/2013,A/Texas/50/2012,*
A/Jordan/30654/2013,A/Texas/50/2012,*
A/Jordan/30657/2013,A/Texas/50/2012,*
A/Jordan/30669/2013,A/Texas/50/2012,*
A/Jordan/20524/2013,A/Texas/50/2012,*
A/Jordan/30694/2013,A/Texas/50/2012,*
A/Jordan/30698/2013,A/Texas/50/2012,*
A/Jordan/30707/2013,A/Texas/50/2012,*
A/Cameroon/7012/2013,A/Texas/50/2012,*
A/Cameroon/7186/2013,A/Texas/50/2012,*
A/Jordan/20551/2013,A/Texas/50/2012,*
A/Jordan/30714/2013,A/Texas/50/2012,*
A/Jordan/20565/2013,A/Texas/50/2012,*
A/Jordan/20561/2013,A/Texas/50/2012,160
A/Jordan/20564/2013,A/Texas/50/2012,160
A/Algeria/277/2013,A/Texas/50/2012,160
A/Jordan/30014/2014,A/Texas/50/2012,160
A/Perth/16/2009,A/Samara/73/2013,160
A/Stockholm/18/2011,A/Samara/73/2013,320
A/Iowa/19/2010,A/Samara/73/2013,640
A/Victoria/361/2011,A/Samara/73/2013,160
A/Athens/112/2012,A/Samara/73/2013,320
A/Texas/50/2012,A/Samara/73/2013,640
A/Texas/50/2012,A/Samara/73/2013,1280
A/Samara/73/2013,A/Samara/73/2013,640
A/Serbia/NS-210/2013,A/Samara/73/2013,640
A/Hong Kong/146/2013,A/Samara/73/2013,1280
A/Almaty/2958/2013,A/Samara/73/2013,1280
A/Jordan/30541/2013,A/Samara/73/2013,640
A/Jordan/30517/2013,A/Samara/73/2013,320
A/Jordan/30577/2013,A/Samara/73/2013,320
A/Jordan/30586/2013,A/Samara/73/2013,320
A/Jordan/30609/2013,A/Samara/73/2013,640
A/Cameroon/6468/2013,A/Samara/73/2013,320
A/Cameroon/6634/2013,A/Samara/73/2013,320
A/Jordan/30654/2013,A/Samara/73/2013,320
A/Jordan/30657/2013,A/Samara/73/2013,320
A/Jordan/30669/2013,A/Samara/73/2013,320
A/Jordan/20524/2013,A/Samara/73/2013,320
A/Jordan/30694/2013,A/Samara/73/2013,640
A/Jordan/30698/2013,A/Samara/73/2013,320
A/Jordan/30707/2013,A/Samara/73/2013,320
A/Cameroon/7012/2013,A/Samara/73/2013,320
A/Cameroon/7186/2013,A/Samara/73/2013,640
A/Jordan/20551/2013,A/Samara/73/2013,640
A/Jordan/30714/2013,A/Samara/73/2013,320
A/Jordan/20565/2013,A/Samara/73/2013,640
A/Jordan/20561/2013,A/Samara/73/2013,320
A/Jordan/20564/2013,A/Samara/73/2013,320
A/Algeria/277/2013,A/Samara/73/2013,320
A/Jordan/30014/2014,A/Samara/73/2013,320
A/Perth/16/2009,A/Serbia/NS-210/2013,160
A/Stockholm/18/2011,A/Serbia/NS-210/2013,160
A/Iowa/19/2010,A/Serbia/NS-210/2013,640
A/Victoria/361/2011,A/Serbia/NS-210/2013,80
A/Athens/112/2012,A/Serbia/NS-210/2013,160
A/Texas/50/2012,A/Serbia/NS-210/2013,1280
A/Texas/50/2012,A/Serbia/NS-210/2013,320
A/Samara/73/2013,A/Serbia/NS-210/2013,320
A/Serbia/NS-210/2013,A/Serbia/NS-210/2013,1280
A/Hong Kong/146/2013,A/Serbia/NS-210/2013,640
A/Almaty/2958/2013,A/Serbia/NS-210/2013,1280
A/Jordan/30541/2013,A/Serbia/NS-210/2013,160
A/Jordan/30517/2013,A/Serbia/NS-210/2013,160
A/Jordan/30577/2013,A/Serbia/NS-210/2013,160
A/Jordan/30586/2013,A/Serbia/NS-210/2013,160
A/Jordan/30609/2013,A/Serbia/NS-210/2013,320
A/Cameroon/6468/2013,A/Serbia/NS-210/2013,160
A/Cameroon/6634/2013,A/Serbia/NS-210/2013,160
A/Jordan/30654/2013,A/Serbia/NS-210/2013,160
A/Jordan/30657/2013,A/Serbia/NS-210/2013,160
A/Jordan/30669/2013,A/Serbia/NS-210/2013,160
A/Jordan/20524/2013,A/Serbia/NS-210/2013,160
A/Jordan/30694/2013,A/Serbia/NS-210/2013,160
A/Jordan/30698/2013,A/Serbia/NS-210/2013,160
A/Jordan/30707/2013,A/Serbia/NS-210/2013,160
A/Cameroon/7012/2013,A/Serbia/NS-210/2013,160
A/Cameroon/7186/2013,A/Serbia/NS-210/2013,320
A/Jordan/20551/2013,A/Serbia/NS-210/2013,160
A/Jordan/30714/2013,A/Serbia/NS-210/2013,160
A/Jordan/20565/2013,A/Serbia/NS-210/2013,160
A/Jordan/20561/2013,A/Serbia/NS-210/2013,320
A/Jordan/20564/2013,A/Serbia/NS-210/2013,160
A/Algeria/277/2013,A/Serbia/NS-210/2013,320
A/Jordan/30014/2014,A/Serbia/NS-210/2013,160
A/Perth/16/2009,A/Hong Kong/146/2013,160
A/Stockholm/18/2011,A/Hong Kong/146/2013,160
A/Iowa/19/2010,A/Hong Kong/146/2013,640
A/Victoria/361/2011,A/Hong Kong/146/2013,160
A/Athens/112/2012,A/Hong Kong/146/2013,320
A/Texas/50/2012,A/Hong Kong/146/2013,640
A/Texas/50/2012,A/Hong Kong/146/2013,320
A/Samara/73/2013,A/Hong Kong/146/2013,640
A/Serbia/NS-210/2013,A/Hong Kong/146/2013,640
A/Hong Kong/146/2013,A/Hong Kong/146/2013,2560
A/Almaty/2958/2013,A/Hong Kong/146/2013,1280
A/Jordan/30541/2013,A/Hong Kong/146/2013,320
A/Jordan/30517/2013,A/Hong Kong/146/2013,160
A/Jordan/30577/2013,A/Hong Kong/146/2013,160
A/Jordan/30586/2013,A/Hong Kong/146/2013,160
A/Jordan/30609/2013,A/Hong Kong/146/2013,320
A/Cameroon/6468/2013,A/Hong Kong/146/2013,160
A/Cameroon/6634/2013,A/Hong Kong/146/2013,160
A/Jordan/30654/2013,A/Hong Kong/146/2013,160
A/Jordan/30657/2013,A/Hong Kong/146/2013,160
A/Jordan/30669/2013,A/Hong Kong/146/2013,160
A/Jordan/20524/2013,A/Hong Kong/146/2013,160
A/Jordan/30694/2013,A/Hong Kong/146/2013,320
A/Jordan/30698/2013,A/Hong Kong/146/2013,160
A/Jordan/30707/2013,A/Hong Kong/146/2013,320
A/Cameroon/7012/2013,A/Hong Kong/146/2013,160
A/Cameroon/7186/2013,A/Hong Kong/146/2013,320
A/Jordan/20551/2013,A/Hong Kong/146/2013,160
A/Jordan/30714/2013,A/Hong Kong/146/2013,160
A/Jordan/20565/2013,A/Hong Kong/146/2013,160
A/Jordan/20561/2013,A/Hong Kong/146/2013,160
A/Jordan/20564/2013,A/Hong Kong/146/2013,160
A/Algeria/277/2013,A/Hong Kong/146/2013,160
A/Jordan/30014/2014,A/Hong Kong/146/2013,160
A/Perth/16/2009,A/Almaty/2958/2013,160
A/Stockholm/18/2011,A/Almaty/2958/2013,160
A/Iowa/19/2010,A/Almaty/2958/2013,1280
A/Victoria/361/2011,A/Almaty/2958/2013,160
A/Athens/112/2012,A/Almaty/2958/2013,160
A/Texas/50/2012,A/Almaty/2958/2013,1280
A/Texas/50/2012,A/Almaty/2958/2013,320
A/Samara/73/2013,A/Almaty/2958/2013,320
A/Serbia/NS-210/2013,A/Almaty/2958/2013,1280
A/Hong Kong/146/2013,A/Almaty/2958/2013,1280
A/Almaty/2958/2013,A/Almaty/2958/2013,1280
A/Jordan/30541/2013,A/Almaty/2958/2013,160
A/Jordan/30517/2013,A/Almaty/2958/2013,160
A/Jordan/30577/2013,A/Almaty/2958/2013,160
A/Jordan/30586/2013,A/Almaty/2958/2013,160
A/Jordan/30609/2013,A/Almaty/2958/2013,320
A/Cameroon/6468/2013,A/Almaty/2958/2013,160
A/Cameroon/6634/2013,A/Almaty/2958/2013,320
A/Jordan/30654/2013,A/Almaty/2958/2013,160
A/Jordan/30657/2013,A/Almaty/2958/2013,160
A/Jordan/30669/2013,A/Almaty/2958/2013,160
A/Jordan/20524/2013,A/Almaty/2958/2013,160
A/Jordan/30694/2013,A/Almaty/2958/2013,160
A/Jordan/30698/2013,A/Almaty/2958/2013,160
A/Jordan/30707/2013,A/Almaty/2958/2013,160
A/Cameroon/7012/2013,A/Almaty/2958/2013,160
A/Cameroon/7186/2013,A/Almaty/2958/2013,160
A/Jordan/20551/2013,A/Almaty/2958/2013,160
A/Jordan/30714/2013,A/Almaty/2958/2013,160
A/Jordan/20565/2013,A/Almaty/2958/2013,160
A/Jordan/20561/2013,A/Almaty/2958/2013,160
A/Jordan/20564/2013,A/Almaty/2958/2013,160
A/Algeria/277/2013,A/Almaty/2958/2013,320
A/Jordan/30014/2014,A/Almaty/2958/2013,160
A/Perth/16/2009,A/Perth/16/2009,1280
A/Stockholm/18/2011,A/Perth/16/2009,40
A/Iowa/19/2010,A/Perth/16/2009,640
A/Victoria/361/2011,A/Perth/16/2009,80
A/Athens/112/2012,A/Perth/16/2009,80
A/Texas/50/2012,A/Perth/16/2009,1280
A/Samara/73/2013,A/Perth/16/2009,80
A/Serbia/NS-210/2013,A/Perth/16/2009,640
A/Hong Kong/146/2013,A/Perth/16/2009,640
A/Almaty/2958/2013,A/Perth/16/2009,640
A/Cameroon/6624/2013,A/Perth/16/2009,40
A/Cameroon/6793/2013,A/Perth/16/2009,40
A/Cameroon/7010/2013,A/Perth/16/2009,<40
A/Cameroon/7002/2013,A/Perth/16/2009,40
A/Jordan/30022/2014,A/Perth/16/2009,<40
A/Madagascar/00031/2014,A/Perth/16/2009,<40
A/Greece/12/2014,A/Perth/16/2009,<40
A/Madagascar/00041/2014,A/Perth/16/2009,<40
A/Slovenia/87/2014,A/Perth/16/2009,<40
A/Israel/Z774/2014,A/Perth/16/2009,<40
A/Switzerland/9851384/2014,A/Perth/16/2009,<40
A/Jordan/30031/2014,A/Perth/16/2009,<40
A/Lamia.GR/79/2014,A/Perth/16/2009,<40
A/Switzerland/9884248/2014,A/Perth/16/2009,<40
A/Van/354/2014,A/Perth/16/2009,<40
A/Samsun/357/2014,A/Perth/16/2009,<40
A/Adana/363/2014,A/Perth/16/2009,<40
A/Jordan/30062/2014,A/Perth/16/2009,<40
A/Jordan/20053/2014,A/Perth/16/2009,<40
A/Cyprus/F4/2014,A/Perth/16/2009,<40
A/Cyprus/F15/2014,A/Perth/16/2009,<40
A/Cyprus/F30/2014,A/Perth/16/2009,<40
A/Cyprus/F31/2014,A/Perth/16/2009,<40
A/Perth/16/2009,A/Stockholm/18/2011,320
A/Stockholm/18/2011,A/Stockholm/18/2011,640
A/Iowa/19/2010,A/Stockholm/18/2011,1280
A/Victoria/361/2011,A/Stockholm/18/2011,320
A/Athens/112/2012,A/Stockholm/18/2011,320
A/Texas/50/2012,A/Stockholm/18/2011,2560
A/Samara/73/2013,A/Stockholm/18/2011,640
A/Serbia/NS-210/2013,A/Stockholm/18/2011,1280
A/Hong Kong/146/2013,A/Stockholm/18/2011,1280
A/Almaty/2958/2013,A/Stockholm/18/2011,2560
A/Cameroon/6624/2013,A/Stockholm/18/2011,320
A/Cameroon/6793/2013,A/Stockholm/18/2011,320
A/Cameroon/7010/2013,A/Stockholm/18/2011,160
A/Cameroon/7002/2013,A/Stockholm/18/2011,320
A/Jordan/30022/2014,A/Stockholm/18/2011,320
A/Madagascar/00031/2014,A/Stockholm/18/2011,320
A/Greece/12/2014,A/Stockholm/18/2011,160
A/Madagascar/00041/2014,A/Stockholm/18/2011,320
A/Slovenia/87/2014,A/Stockholm/18/2011,320
A/Israel/Z774/2014,A/Stockholm/18/2011,320
A/Switzerland/9851384/2014,A/Stockholm/18/2011,160
A/Jordan/30031/2014,A/Stockholm/18/2011,320
A/Lamia.GR/79/2014,A/Stockholm/18/2011,320
A/Switzerland/9884248/2014,A/Stockholm/18/2011,160
A/Van/354/2014,A/Stockholm/18/2011,320
A/Samsun/357/2014,A/Stockholm/18/2011,320
A/Adana/363/2014,A/Stockholm/18/2011,320
A/Jordan/30062/2014,A/Stockholm/18/2011,320
A/Jordan/20053/2014,A/Stockholm/18/2011,320
A/Cyprus/F4/2014,A/Stockholm/18/2011,160
A/Cyprus/F15/2014,A/Stockholm/18/2011,160
A/Cyprus/F30/2014,A/Stockholm/18/2011,160
A/Cyprus/F31/2014,A/Stockholm/18/2011,320
A/Perth/16/2009,A/Iowa/19/2010,320
A/Stockholm/18/2011,A/Iowa/19/2010,160
A/Iowa/19/2010,A/Iowa/19/2010,5120
A/Victoria/361/2011,A/Iowa/19/2010,160
A/Athens/112/2012,A/Iowa/19/2010,160
A/Texas/50/2012,A/Iowa/19/2010,2560
A/Samara/73/2013,A/Iowa/19/2010,320
A/Serbia/NS-210/2013,A/Iowa/19/2010,1280
A/Hong Kong/146/2013,A/Iowa/19/2010,2560
A/Almaty/2958/2013,A/Iowa/19/2010,2560
A/Cameroon/6624/2013,A/Iowa/19/2010,160
A/Cameroon/6793/2013,A/Iowa/19/2010,160
A/Cameroon/7010/2013,A/Iowa/19/2010,80
A/Cameroon/7002/2013,A/Iowa/19/2010,160
A/Jordan/30022/2014,A/Iowa/19/2010,80
A/Madagascar/00031/2014,A/Iowa/19/2010,80
A/Greece/12/2014,A/Iowa/19/2010,40
A/Madagascar/00041/2014,A/Iowa/19/2010,160
A/Slovenia/87/2014,A/Iowa/19/2010,80
A/Israel/Z774/2014,A/Iowa/19/2010,160
A/Switzerland/9851384/2014,A/Iowa/19/2010,160
A/Jordan/30031/2014,A/Iowa/19/2010,160
A/Lamia.GR/79/2014,A/Iowa/19/2010,80
A/Switzerland/9884248/2014,A/Iowa/19/2010,160
A/Van/354/2014,A/Iowa/19/2010,160
A/Samsun/357/2014,A/Iowa/19/2010,80
A/Adana/363/2014,A/Iowa/19/2010,160
A/Jordan/30062/2014,A/Iowa/19/2010,160
A/Jordan/20053/2014,A/Iowa/19/2010,160
A/Cyprus/F4/2014,A/Iowa/19/2010,160
A/Cyprus/F15/2014,A/Iowa/19/2010,80
A/Cyprus/F30/2014,A/Iowa/19/2010,80
A/Cyprus/F31/2014,A/Iowa/19/2010,80
A/Perth/16/2009,A/Victoria/361/2011,320
A/Stockholm/18/2011,A/Victoria/361/2011,320
A/Iowa/19/2010,A/Victoria/361/2011,2560
A/Victoria/361/2011,A/Victoria/361/2011,320
A/Athens/112/2012,A/Victoria/361/2011,320
A/Texas/50/2012,A/Victoria/361/2011,2560
A/Samara/73/2013,A/Victoria/361/2011,320
A/Serbia/NS-210/2013,A/Victoria/361/2011,1280
A/Hong Kong/146/2013,A/Victoria/361/2011,1280
A/Almaty/2958/2013,A/Victoria/361/2011,1280
A/Cameroon/6624/2013,A/Victoria/361/2011,160
A/Cameroon/6793/2013,A/Victoria/361/2011,160
A/Cameroon/7010/2013,A/Victoria/361/2011,160
A/Cameroon/7002/2013,A/Victoria/361/2011,320
A/Jordan/30022/2014,A/Victoria/361/2011,160
A/Madagascar/00031/2014,A/Victoria/361/2011,160
A/Greece/12/2014,A/Victoria/361/2011,80
A/Madagascar/00041/2014,A/Victoria/361/2011,80
A/Slovenia/87/2014,A/Victoria/361/2011,160
A/Israel/Z774/2014,A/Victoria/361/2011,160
A/Switzerland/9851384/2014,A/Victoria/361/2011,80
A/Jordan/30031/2014,A/Victoria/361/2011,160
A/Lamia.GR/79/2014,A/Victoria/361/2011,160
A/Switzerland/9884248/2014,A/Victoria/361/2011,160
A/Van/354/2014,A/Victoria/361/2011,160
A/Samsun/357/2014,A/Victoria/361/2011,160
A/Adana/363/2014,A/Victoria/361/2011,160
A/Jordan/30062/2014,A/Victoria/361/2011,160
A/Jordan/20053/2014,A/Victoria/361/2011,160
A/Cyprus/F4/2014,A/Victoria/361/2011,80
A/Cyprus/F15/2014,A/Victoria/361/2011,160
A/Cyprus/F30/2014,A/Victoria/361/2011,160
A/Cyprus/F31/2014,A/Victoria/361/2011,160
A/Perth/16/2009,A/Athens/112/2012,640
A/Stockholm/18/2011,A/Athens/112/2012,640
A/Iowa/19/2010,A/Athens/112/2012,2560
A/Victoria/361/2011,A/Athens/112/2012,640
A/Athens/112/2012,A/Athens/112/2012,640
A/Texas/50/2012,A/Athens/112/2012,2560
A/Samara/73/2013,A/Athens/112/2012,640
A/Serbia/NS-210/2013,A/Athens/112/2012,2560
A/Hong Kong/146/2013,A/Athens/112/2012,1280
A/Almaty/2958/2013,A/Athens/112/2012,2560
A/Cameroon/6624/2013,A/Athens/112/2012,640
A/Cameroon/6793/2013,A/Athens/112/2012,320
A/Cameroon/7010/2013,A/Athens/112/2012,320
A/Cameroon/7002/2013,A/Athens/112/2012,320
A/Jordan/30022/2014,A/Athens/112/2012,320
A/Madagascar/00031/2014,A/Athens/112/2012,320
A/Greece/12/2014,A/Athens/112/2012,160
A/Madagascar/00041/2014,A/Athens/112/2012,320
A/Slovenia/87/2014,A/Athens/112/2012,320
A/Israel/Z774/2014,A/Athens/112/2012,320
A/Switzerland/9851384/2014,A/Athens/112/2012,320
A/Jordan/30031/2014,A/Athens/112/2012,320
A/Lamia.GR/79/2014,A/Athens/112/2012,320
A/Switzerland/9884248/2014,A/Athens/112/2012,320
A/Van/354/2014,A/Athens/112/2012,320
A/Samsun/357/2014,A/Athens/112/2012,320
A/Adana/363/2014,A/Athens/112/2012,640
A/Jordan/30062/2014,A/Athens/112/2012,320
A/Jordan/20053/2014,A/Athens/112/2012,320
A/Cyprus/F4/2014,A/Athens/112/2012,320
A/Cyprus/F15/2014,A/Athens/112/2012,320
A/Cyprus/F30/2014,A/Athens/112/2012,640
A/Cyprus/F31/2014,A/Athens/112/2012,320
A/Perth/16/2009,A/Texas/50/2012,160
A/Stockholm/18/2011,A/Texas/50/2012,160
A/Iowa/19/2010,A/Texas/50/2012,1280
A/Victoria/361/2011,A/Texas/50/2012,160
A/Athens/112/2012,A/Texas/50/2012,160
A/Texas/50/2012,A/Texas/50/2012,1280
A/Samara/73/2013,A/Texas/50/2012,320
A/Serbia/NS-210/2013,A/Texas/50/2012,2560
A/Hong Kong/146/2013,A/Texas/50/2012,640
A/Almaty/2958/2013,A/Texas/50/2012,2560
A/Cameroon/6624/2013,A/Texas/50/2012,160
A/Cameroon/6793/2013,A/Texas/50/2012,160
A/Cameroon/7010/2013,A/Texas/50/2012,80
A/Cameroon/7002/2013,A/Texas/50/2012,160
A/Jordan/30022/2014,A/Texas/50/2012,80
A/Madagascar/00031/2014,A/Texas/50/2012,80
A/Greece/12/2014,A/Texas/50/2012,40
A/Madagascar/00041/2014,A/Texas/50/2012,80
A/Slovenia/87/2014,A/Texas/50/2012,80
A/Israel/Z774/2014,A/Texas/50/2012,160
A/Switzerland/9851384/2014,A/Texas/50/2012,80
A/Jordan/30031/2014,A/Texas/50/2012,160
A/Lamia.GR/79/2014,A/Texas/50/2012,80
A/Switzerland/9884248/2014,A/Texas/50/2012,160
A/Van/354/2014,A/Texas/50/2012,160
A/Samsun/357/2014,A/Texas/50/2012,160
A/Adana/363/2014,A/Texas/50/2012,160
A/Jordan/30062/2014,A/Texas/50/2012,160
A/Jordan/20053/2014,A/Texas/50/2012,160
A/Cyprus/F4/2014,A/Texas/50/2012,80
A/Cyprus/F15/2014,A/Texas/50/2012,80
A/Cyprus/F30/2014,A/Texas/50/2012,80
A/Cyprus/F31/2014,A/Texas/50/2012,80
A/Perth/16/2009,A/Samara/73/2013,160
A/Stockholm/18/2011,A/Samara/73/2013,640
A/Iowa/19/2010,A/Samara/73/2013,1280
A/Victoria/361/2011,A/Samara/73/2013,640
A/Athens/112/2012,A/Samara/73/2013,640
A/Texas/50/2012,A/Samara/73/2013,1280
A/Samara/73/2013,A/Samara/73/2013,1280
A/Serbia/NS-210/2013,A/Samara/73/2013,1280
A/Hong Kong/146/2013,A/Samara/73/2013,1280
A/Almaty/2958/2013,A/Samara/73/2013,1280
A/Cameroon/6624/2013,A/Samara/73/2013,640
A/Cameroon/6793/2013,A/Samara/73/2013,640
A/Cameroon/7010/2013,A/Samara/73/2013,320
A/Cameroon/7002/2013,A/Samara/73/2013,640
A/Jordan/30022/2014,A/Samara/73/2013,320
A/Madagascar/00031/2014,A/Samara/73/2013,320
A/Greece/12/2014,A/Samara/73/2013,160
A/Madagascar/00041/2014,A/Samara/73/2013,320
A/Slovenia/87/2014,A/Samara/73/2013,320
A/Israel/Z774/2014,A/Samara/73/2013,320
A/Switzerland/9851384/2014,A/Samara/73/2013,320
A/Jordan/30031/2014,A/Samara/73/2013,320
A/Lamia.GR/79/2014,A/Samara/73/2013,640
A/Switzerland/9884248/2014,A/Samara/73/2013,320
A/Van/354/2014,A/Samara/73/2013,320
A/Samsun/357/2014,A/Samara/73/2013,320
A/Adana/363/2014,A/Samara/73/2013,320
A/Jordan/30062/2014,A/Samara/73/2013,320
A/Jordan/20053/2014,A/Samara/73/2013,320
A/Cyprus/F4/2014,A/Samara/73/2013,320
A/Cyprus/F15/2014,A/Samara/73/2013,320
A/Cyprus/F30/2014,A/Samara/73/2013,320
A/Cyprus/F31/2014,A/Samara/73/2013,320
A/Perth/16/2009,A/Serbia/NS-210/2013,160
A/Stockholm/18/2011,A/Serbia/NS-210/2013,320
A/Iowa/19/2010,A/Serbia/NS-210/2013,1280
A/Victoria/361/2011,A/Serbia/NS-210/2013,160
A/Athens/112/2012,A/Serbia/NS-210/2013,160
A/Texas/50/2012,A/Serbia/NS-210/2013,2560
A/Samara/73/2013,A/Serbia/NS-210/2013,320
A/Serbia/NS-210/2013,A/Serbia/NS-210/2013,1280
A/Hong Kong/146/2013,A/Serbia/NS-210/2013,640
A/Almaty/2958/2013,A/Serbia/NS-210/2013,2560
A/Cameroon/6624/2013,A/Serbia/NS-210/2013,320
A/Cameroon/6793/2013,A/Serbia/NS-210/2013,320
A/Cameroon/7010/2013,A/Serbia/NS-210/2013,80
A/Cameroon/7002/2013,A/Serbia/NS-210/2013,160
A/Jordan/30022/2014,A/Serbia/NS-210/2013,160
A/Madagascar/00031/2014,A/Serbia/NS-210/2013,80
A/Greece/12/2014,A/Serbia/NS-210/2013,80
A/Madagascar/00041/2014,A/Serbia/NS-210/2013,160
A/Slovenia/87/2014,A/Serbia/NS-210/2013,160
A/Israel/Z774/2014,A/Serbia/NS-210/2013,320
A/Switzerland/9851384/2014,A/Serbia/NS-210/2013,160
A/Jordan/30031/2014,A/Serbia/NS-210/2013,160
A/Lamia.GR/79/2014,A/Serbia/NS-210/2013,160
A/Switzerland/9884248/2014,A/Serbia/NS-210/2013,320
A/Van/354/2014,A/Serbia/NS-210/2013,160
A/Samsun/357/2014,A/Serbia/NS-210/2013,160
A/Adana/363/2014,A/Serbia/NS-210/2013,320
A/Jordan/30062/2014,A/Serbia/NS-210/2013,320
A/Jordan/20053/2014,A/Serbia/NS-210/2013,160
A/Cyprus/F4/2014,A/Serbia/NS-210/2013,160
A/Cyprus/F15/2014,A/Serbia/NS-210/2013,160
A/Cyprus/F30/2014,A/Serbia/NS-210/2013,160
A/Cyprus/F31/2014,A/Serbia/NS-210/2013,160
A/Perth/16/2009,A/Hong Kong/146/2013,160
A/Stockholm/18/2011,A/Hong Kong/146/2013,320
A/Iowa/19/2010,A/Hong Kong/146/2013,1280
A/Victoria/361/2011,A/Hong Kong/146/2013,320
A/Athens/112/2012,A/Hong Kong/146/2013,320
A/Texas/50/2012,A/Hong Kong/146/2013,1280
A/Samara/73/2013,A/Hong Kong/146/2013,640
A/Serbia/NS-210/2013,A/Hong Kong/146/2013,1280
A/Hong Kong/146/2013,A/Hong Kong/146/2013,2560
A/Almaty/2958/2013,A/Hong Kong/146/2013,2560
A/Cameroon/6624/2013,A/Hong Kong/146/2013,320
A/Cameroon/6793/2013,A/Hong Kong/146/2013,320
A/Cameroon/7010/2013,A/Hong Kong/146/2013,160
A/Cameroon/7002/2013,A/Hong Kong/146/2013,320
A/Jordan/30022/2014,A/Hong Kong/146/2013,160
A/Madagascar/00031/2014,A/Hong Kong/146/2013,160
A/Greece/12/2014,A/Hong Kong/146/2013,80
A/Madagascar/00041/2014,A/Hong Kong/146/2013,160
A/Slovenia/87/2014,A/Hong Kong/146/2013,80
A/Israel/Z774/2014,A/Hong Kong/146/2013,320
A/Switzerland/9851384/2014,A/Hong Kong/146/2013,160
A/Jordan/30031/2014,A/Hong Kong/146/2013,160
A/Lamia.GR/79/2014,A/Hong Kong/146/2013,160
A/Switzerland/9884248/2014,A/Hong Kong/146/2013,320
A/Van/354/2014,A/Hong Kong/146/2013,160
A/Samsun/357/2014,A/Hong Kong/146/2013,160
A/Adana/363/2014,A/Hong Kong/146/2013,320
A/Jordan/30062/2014,A/Hong Kong/146/2013,160
A/Jordan/20053/2014,A/Hong Kong/146/2013,160
A/Cyprus/F4/2014,A/Hong Kong/146/2013,160
A/Cyprus/F15/2014,A/Hong Kong/146/2013,160
A/Cyprus/F30/2014,A/Hong Kong/146/2013,160
A/Cyprus/F31/2014,A/Hong Kong/146/2013,160
A/Perth/16/2009,A/Almaty/2958/2013,160
A/Stockholm/18/2011,A/Almaty/2958/2013,320
A/Iowa/19/2010,A/Almaty/2958/2013,1280
A/Victoria/361/2011,A/Almaty/2958/2013,640
A/Athens/112/2012,A/Almaty/2958/2013,640
A/Texas/50/2012,A/Almaty/2958/2013,2560
A/Samara/73/2013,A/Almaty/2958/2013,640
A/Serbia/NS-210/2013,A/Almaty/2958/2013,2560
A/Hong Kong/146/2013,A/Almaty/2958/2013,1280
A/Almaty/2958/2013,A/Almaty/2958/2013,2560
A/Cameroon/6624/2013,A/Almaty/2958/2013,320
A/Cameroon/6793/2013,A/Almaty/2958/2013,320
A/Cameroon/7010/2013,A/Almaty/2958/2013,160
A/Cameroon/7002/2013,A/Almaty/2958/2013,320
A/Jordan/30022/2014,A/Almaty/2958/2013,160
A/Madagascar/00031/2014,A/Almaty/2958/2013,160
A/Greece/12/2014,A/Almaty/2958/2013,80
A/Madagascar/00041/2014,A/Almaty/2958/2013,160
A/Slovenia/87/2014,A/Almaty/2958/2013,160
A/Israel/Z774/2014,A/Almaty/2958/2013,160
A/Switzerland/9851384/2014,A/Almaty/2958/2013,80
A/Jordan/30031/2014,A/Almaty/2958/2013,160
A/Lamia.GR/79/2014,A/Almaty/2958/2013,160
A/Switzerland/9884248/2014,A/Almaty/2958/2013,160
A/Van/354/2014,A/Almaty/2958/2013,160
A/Samsun/357/2014,A/Almaty/2958/2013,160
A/Adana/363/2014,A/Almaty/2958/2013,160
A/Jordan/30062/2014,A/Almaty/2958/2013,160
A/Jordan/20053/2014,A/Almaty/2958/2013,160
A/Cyprus/F4/2014,A/Almaty/2958/2013,80
A/Cyprus/F15/2014,A/Almaty/2958/2013,160
A/Cyprus/F30/2014,A/Almaty/2958/2013,160
A/Cyprus/F31/2014,A/Almaty/2958/2013,160
A/Perth/16/2009,A/Perth/16/2009,640
A/Stockholm/18/2011,A/Perth/16/2009,40
A/Iowa/19/2010,A/Perth/16/2009,640
A/Victoria/361/2011,A/Perth/16/2009,80
A/Athens/112/2012,A/Perth/16/2009,80
A/Texas/50/2012,A/Perth/16/2009,320
A/Samara/73/2013,A/Perth/16/2009,80
A/Serbia/NS-210/2013,A/Perth/16/2009,320
A/Hong Kong/146/2013,A/Perth/16/2009,320
A/Almaty/2958/2013,A/Perth/16/2009,320
A/Zambia/13/176,A/Perth/16/2009,<40
A/Cameroon/5634/2013,A/Perth/16/2009,40
A/Cameroon/5638/2013,A/Perth/16/2009,<40
A/Cameroon/5793/2013,A/Perth/16/2009,<40
A/Switzerland/9715293/2013,A/Perth/16/2009,<40
A/Bulgaria/283/2014,A/Perth/16/2009,<40
A/Bulgaria/507/2014,A/Perth/16/2009,40
A/Bulgaria/477/2014,A/Perth/16/2009,40
A/Norway/466/2014,A/Perth/16/2009,<40
A/Stockholm/6/2014,A/Perth/16/2009,<40
A/Stockholm/6/2014,A/Perth/16/2009,<40
A/Bulgaria/652/2014,A/Perth/16/2009,<40
A/Bulgaria/725/2014,A/Perth/16/2009,<40
A/Bulgaria/806/2014,A/Perth/16/2009,<40
A/Bulgaria/800/2014,A/Perth/16/2009,<40
A/Bulgaria/845/2014,A/Perth/16/2009,<40
A/Perth/16/2009,A/Stockholm/18/2011,320
A/Stockholm/18/2011,A/Stockholm/18/2011,640
A/Iowa/19/2010,A/Stockholm/18/2011,2560
A/Victoria/361/2011,A/Stockholm/18/2011,320
A/Athens/112/2012,A/Stockholm/18/2011,640
A/Texas/50/2012,A/Stockholm/18/2011,1280
A/Samara/73/2013,A/Stockholm/18/2011,640
A/Serbia/NS-210/2013,A/Stockholm/18/2011,1280
A/Hong Kong/146/2013,A/Stockholm/18/2011,1280
A/Almaty/2958/2013,A/Stockholm/18/2011,1280
A/Zambia/13/176,A/Stockholm/18/2011,320
A/Cameroon/5634/2013,A/Stockholm/18/2011,320
A/Cameroon/5638/2013,A/Stockholm/18/2011,320
A/Cameroon/5793/2013,A/Stockholm/18/2011,320
A/Switzerland/9715293/2013,A/Stockholm/18/2011,40
A/Bulgaria/283/2014,A/Stockholm/18/2011,320
A/Bulgaria/507/2014,A/Stockholm/18/2011,320
A/Bulgaria/477/2014,A/Stockholm/18/2011,320
A/Norway/466/2014,A/Stockholm/18/2011,40
A/Stockholm/6/2014,A/Stockholm/18/2011,80
A/Stockholm/6/2014,A/Stockholm/18/2011,40
A/Bulgaria/652/2014,A/Stockholm/18/2011,320
A/Bulgaria/725/2014,A/Stockholm/18/2011,320
A/Bulgaria/806/2014,A/Stockholm/18/2011,320
A/Bulgaria/800/2014,A/Stockholm/18/2011,160
A/Bulgaria/845/2014,A/Stockholm/18/2011,320
A/Perth/16/2009,A/Iowa/19/2010,320
A/Stockholm/18/2011,A/Iowa/19/2010,160
A/Iowa/19/2010,A/Iowa/19/2010,5120
A/Victoria/361/2011,A/Iowa/19/2010,160
A/Athens/112/2012,A/Iowa/19/2010,160
A/Texas/50/2012,A/Iowa/19/2010,1280
A/Samara/73/2013,A/Iowa/19/2010,320
A/Serbia/NS-210/2013,A/Iowa/19/2010,1280
A/Hong Kong/146/2013,A/Iowa/19/2010,1280
A/Almaty/2958/2013,A/Iowa/19/2010,1280
A/Zambia/13/176,A/Iowa/19/2010,160
A/Cameroon/5634/2013,A/Iowa/19/2010,80
A/Cameroon/5638/2013,A/Iowa/19/2010,80
A/Cameroon/5793/2013,A/Iowa/19/2010,80
A/Switzerland/9715293/2013,A/Iowa/19/2010,<40
A/Bulgaria/283/2014,A/Iowa/19/2010,80
A/Bulgaria/507/2014,A/Iowa/19/2010,80
A/Bulgaria/477/2014,A/Iowa/19/2010,80
A/Norway/466/2014,A/Iowa/19/2010,<40
A/Stockholm/6/2014,A/Iowa/19/2010,40
A/Stockholm/6/2014,A/Iowa/19/2010,<40
A/Bulgaria/652/2014,A/Iowa/19/2010,80
A/Bulgaria/725/2014,A/Iowa/19/2010,80
A/Bulgaria/806/2014,A/Iowa/19/2010,80
A/Bulgaria/800/2014,A/Iowa/19/2010,80
A/Bulgaria/845/2014,A/Iowa/19/2010,80
A/Perth/16/2009,A/Victoria/361/2011,320
A/Stockholm/18/2011,A/Victoria/361/2011,320
A/Iowa/19/2010,A/Victoria/361/2011,2560
A/Victoria/361/2011,A/Victoria/361/2011,320
A/Athens/112/2012,A/Victoria/361/2011,320
A/Texas/50/2012,A/Victoria/361/2011,1280
A/Samara/73/2013,A/Victoria/361/2011,640
A/Serbia/NS-210/2013,A/Victoria/361/2011,1280
A/Hong Kong/146/2013,A/Victoria/361/2011,640
A/Almaty/2958/2013,A/Victoria/361/2011,1280
A/Zambia/13/176,A/Victoria/361/2011,320
A/Cameroon/5634/2013,A/Victoria/361/2011,160
A/Cameroon/5638/2013,A/Victoria/361/2011,160
A/Cameroon/5793/2013,A/Victoria/361/2011,160
A/Switzerland/9715293/2013,A/Victoria/361/2011,40
A/Bulgaria/283/2014,A/Victoria/361/2011,160
A/Bulgaria/507/2014,A/Victoria/361/2011,160
A/Bulgaria/477/2014,A/Victoria/361/2011,160
A/Norway/466/2014,A/Victoria/361/2011,40
A/Stockholm/6/2014,A/Victoria/361/2011,80
A/Stockholm/6/2014,A/Victoria/361/2011,<40
A/Bulgaria/652/2014,A/Victoria/361/2011,160
A/Bulgaria/725/2014,A/Victoria/361/2011,160
A/Bulgaria/806/2014,A/Victoria/361/2011,160
A/Bulgaria/800/2014,A/Victoria/361/2011,160
A/Bulgaria/845/2014,A/Victoria/361/2011,320
A/Perth/16/2009,A/Athens/112/2012,640
A/Stockholm/18/2011,A/Athens/112/2012,320
A/Iowa/19/2010,A/Athens/112/2012,2560
A/Victoria/361/2011,A/Athens/112/2012,320
A/Athens/112/2012,A/Athens/112/2012,640
A/Texas/50/2012,A/Athens/112/2012,1280
A/Samara/73/2013,A/Athens/112/2012,1280
A/Serbia/NS-210/2013,A/Athens/112/2012,1280
A/Hong Kong/146/2013,A/Athens/112/2012,1280
A/Almaty/2958/2013,A/Athens/112/2012,1280
A/Zambia/13/176,A/Athens/112/2012,320
A/Cameroon/5634/2013,A/Athens/112/2012,320
A/Cameroon/5638/2013,A/Athens/112/2012,320
A/Cameroon/5793/2013,A/Athens/112/2012,320
A/Switzerland/9715293/2013,A/Athens/112/2012,80
A/Bulgaria/283/2014,A/Athens/112/2012,320
A/Bulgaria/507/2014,A/Athens/112/2012,640
A/Bulgaria/477/2014,A/Athens/112/2012,640
A/Norway/466/2014,A/Athens/112/2012,80
A/Stockholm/6/2014,A/Athens/112/2012,160
A/Stockholm/6/2014,A/Athens/112/2012,80
A/Bulgaria/652/2014,A/Athens/112/2012,640
A/Bulgaria/725/2014,A/Athens/112/2012,320
A/Bulgaria/806/2014,A/Athens/112/2012,320
A/Bulgaria/800/2014,A/Athens/112/2012,160
A/Bulgaria/845/2014,A/Athens/112/2012,320
A/Perth/16/2009,A/Texas/50/2012,160
A/Stockholm/18/2011,A/Texas/50/2012,160
A/Iowa/19/2010,A/Texas/50/2012,2560
A/Victoria/361/2011,A/Texas/50/2012,160
A/Athens/112/2012,A/Texas/50/2012,320
A/Texas/50/2012,A/Texas/50/2012,1280
A/Samara/73/2013,A/Texas/50/2012,640
A/Serbia/NS-210/2013,A/Texas/50/2012,1280
A/Hong Kong/146/2013,A/Texas/50/2012,1280
A/Almaty/2958/2013,A/Texas/50/2012,1280
A/Zambia/13/176,A/Texas/50/2012,160
A/Cameroon/5634/2013,A/Texas/50/2012,80
A/Cameroon/5638/2013,A/Texas/50/2012,160
A/Cameroon/5793/2013,A/Texas/50/2012,80
A/Switzerland/9715293/2013,A/Texas/50/2012,40
A/Bulgaria/283/2014,A/Texas/50/2012,160
A/Bulgaria/507/2014,A/Texas/50/2012,160
A/Bulgaria/477/2014,A/Texas/50/2012,160
A/Norway/466/2014,A/Texas/50/2012,<40
A/Stockholm/6/2014,A/Texas/50/2012,80
A/Stockholm/6/2014,A/Texas/50/2012,<40
A/Bulgaria/652/2014,A/Texas/50/2012,80
A/Bulgaria/725/2014,A/Texas/50/2012,160
A/Bulgaria/806/2014,A/Texas/50/2012,160
A/Bulgaria/800/2014,A/Texas/50/2012,80
A/Bulgaria/845/2014,A/Texas/50/2012,160
A/Perth/16/2009,A/Samara/73/2013,160
A/Stockholm/18/2011,A/Samara/73/2013,320
A/Iowa/19/2010,A/Samara/73/2013,1280
A/Victoria/361/2011,A/Samara/73/2013,320
A/Athens/112/2012,A/Samara/73/2013,320
A/Texas/50/2012,A/Samara/73/2013,320
A/Samara/73/2013,A/Samara/73/2013,640
A/Serbia/NS-210/2013,A/Samara/73/2013,640
A/Hong Kong/146/2013,A/Samara/73/2013,320
A/Almaty/2958/2013,A/Samara/73/2013,640
A/Zambia/13/176,A/Samara/73/2013,640
A/Cameroon/5634/2013,A/Samara/73/2013,320
A/Cameroon/5638/2013,A/Samara/73/2013,320
A/Cameroon/5793/2013,A/Samara/73/2013,160
A/Switzerland/9715293/2013,A/Samara/73/2013,160
A/Bulgaria/283/2014,A/Samara/73/2013,160
A/Bulgaria/507/2014,A/Samara/73/2013,320
A/Bulgaria/477/2014,A/Samara/73/2013,320
A/Norway/466/2014,A/Samara/73/2013,80
A/Stockholm/6/2014,A/Samara/73/2013,160
A/Stockholm/6/2014,A/Samara/73/2013,80
A/Bulgaria/652/2014,A/Samara/73/2013,320
A/Bulgaria/725/2014,A/Samara/73/2013,320
A/Bulgaria/806/2014,A/Samara/73/2013,320
A/Bulgaria/800/2014,A/Samara/73/2013,320
A/Bulgaria/845/2014,A/Samara/73/2013,320
A/Perth/16/2009,A/Serbia/NS-210/2013,160
A/Stockholm/18/2011,A/Serbia/NS-210/2013,160
A/Iowa/19/2010,A/Serbia/NS-210/2013,1280
A/Victoria/361/2011,A/Serbia/NS-210/2013,160
A/Athens/112/2012,A/Serbia/NS-210/2013,320
A/Texas/50/2012,A/Serbia/NS-210/2013,1280
A/Samara/73/2013,A/Serbia/NS-210/2013,320
A/Serbia/NS-210/2013,A/Serbia/NS-210/2013,1280
A/Hong Kong/146/2013,A/Serbia/NS-210/2013,320
A/Almaty/2958/2013,A/Serbia/NS-210/2013,1280
A/Zambia/13/176,A/Serbia/NS-210/2013,320
A/Cameroon/5634/2013,A/Serbia/NS-210/2013,160
A/Cameroon/5638/2013,A/Serbia/NS-210/2013,160
A/Cameroon/5793/2013,A/Serbia/NS-210/2013,160
A/Switzerland/9715293/2013,A/Serbia/NS-210/2013,80
A/Bulgaria/283/2014,A/Serbia/NS-210/2013,160
A/Bulgaria/507/2014,A/Serbia/NS-210/2013,160
A/Bulgaria/477/2014,A/Serbia/NS-210/2013,160
A/Norway/466/2014,A/Serbia/NS-210/2013,80
A/Stockholm/6/2014,A/Serbia/NS-210/2013,80
A/Stockholm/6/2014,A/Serbia/NS-210/2013,80
A/Bulgaria/652/2014,A/Serbia/NS-210/2013,80
A/Bulgaria/725/2014,A/Serbia/NS-210/2013,160
A/Bulgaria/806/2014,A/Serbia/NS-210/2013,160
A/Bulgaria/800/2014,A/Serbia/NS-210/2013,160
A/Bulgaria/845/2014,A/Serbia/NS-210/2013,160
A/Perth/16/2009,A/Hong Kong/146/2013,160
A/Stockholm/18/2011,A/Hong Kong/146/2013,160
A/Iowa/19/2010,A/Hong Kong/146/2013,1280
A/Victoria/361/2011,A/Hong Kong/146/2013,160
A/Athens/112/2012,A/Hong Kong/146/2013,320
A/Texas/50/2012,A/Hong Kong/146/2013,1280
A/Samara/73/2013,A/Hong Kong/146/2013,1280
A/Serbia/NS-210/2013,A/Hong Kong/146/2013,1280
A/Hong Kong/146/2013,A/Hong Kong/146/2013,1280
A/Almaty/2958/2013,A/Hong Kong/146/2013,2560
A/Zambia/13/176,A/Hong Kong/146/2013,80
A/Cameroon/5634/2013,A/Hong Kong/146/2013,160
A/Cameroon/5638/2013,A/Hong Kong/146/2013,160
A/Cameroon/5793/2013,A/Hong Kong/146/2013,160
A/Switzerland/9715293/2013,A/Hong Kong/146/2013,80
A/Bulgaria/283/2014,A/Hong Kong/146/2013,160
A/Bulgaria/507/2014,A/Hong Kong/146/2013,160
A/Bulgaria/477/2014,A/Hong Kong/146/2013,320
A/Norway/466/2014,A/Hong Kong/146/2013,80
A/Stockholm/6/2014,A/Hong Kong/146/2013,80
A/Stockholm/6/2014,A/Hong Kong/146/2013,80
A/Bulgaria/652/2014,A/Hong Kong/146/2013,160
A/Bulgaria/725/2014,A/Hong Kong/146/2013,160
A/Bulgaria/806/2014,A/Hong Kong/146/2013,160
A/Bulgaria/800/2014,A/Hong Kong/146/2013,160
A/Bulgaria/845/2014,A/Hong Kong/146/2013,160
A/Perth/16/2009,A/Almaty/2958/2013,160
A/Stockholm/18/2011,A/Almaty/2958/2013,160
A/Iowa/19/2010,A/Almaty/2958/2013,1280
A/Victoria/361/2011,A/Almaty/2958/2013,160
A/Athens/112/2012,A/Almaty/2958/2013,320
A/Texas/50/2012,A/Almaty/2958/2013,320
A/Samara/73/2013,A/Almaty/2958/2013,640
A/Serbia/NS-210/2013,A/Almaty/2958/2013,1280
A/Hong Kong/146/2013,A/Almaty/2958/2013,1280
A/Almaty/2958/2013,A/Almaty/2958/2013,1280
A/Zambia/13/176,A/Almaty/2958/2013,320
A/Cameroon/5634/2013,A/Almaty/2958/2013,160
A/Cameroon/5638/2013,A/Almaty/2958/2013,160
A/Cameroon/5793/2013,A/Almaty/2958/2013,160
A/Switzerland/9715293/2013,A/Almaty/2958/2013,80
A/Bulgaria/283/2014,A/Almaty/2958/2013,160
A/Bulgaria/507/2014,A/Almaty/2958/2013,160
A/Bulgaria/477/2014,A/Almaty/2958/2013,160
A/Norway/466/2014,A/Almaty/2958/2013,80
A/Stockholm/6/2014,A/Almaty/2958/2013,80
A/Stockholm/6/2014,A/Almaty/2958/2013,80
A/Bulgaria/652/2014,A/Almaty/2958/2013,80
A/Bulgaria/725/2014,A/Almaty/2958/2013,160
A/Bulgaria/806/2014,A/Almaty/2958/2013,160
A/Bulgaria/800/2014,A/Almaty/2958/2013,160
A/Bulgaria/845/2014,A/Almaty/2958/2013,160
A/Perth/16/2009,A/Perth/16/2009,640
A/Stockholm/18/2011,A/Perth/16/2009,80
A/Iowa/19/2010,A/Perth/16/2009,320
A/Victoria/361/2011,A/Perth/16/2009,80
A/Athens/112/2012,A/Perth/16/2009,160
A/Texas/50/2012,A/Perth/16/2009,320
A/Samara/73/2013,A/Perth/16/2009,160
A/Serbia/NS-210/2013,A/Perth/16/2009,320
A/Hong Kong/146/2013,A/Perth/16/2009,320
A/Almaty/2958/2013,A/Perth/16/2009,640
A/Cameroon/5516/2013,A/Perth/16/2009,40
A/Togo/LNG398/2013,A/Perth/16/2009,80
A/Togo/LNG333/2013,A/Perth/16/2009,<40
A/Bulgaria/040/2014,A/Perth/16/2009,40
A/Bulgaria/127/2014,A/Perth/16/2009,40
A/Bulgaria/200/2014,A/Perth/16/2009,40
A/Norway/309/2014,A/Perth/16/2009,<40
A/Norway/211/2014,A/Perth/16/2009,40
A/Norway/293/2014,A/Perth/16/2009,40
A/Norway/272/2014,A/Perth/16/2009,40
A/Norway/313/2014,A/Perth/16/2009,40
A/Norway/371/2014,A/Perth/16/2009,160
A/Norway/277/2014,A/Perth/16/2009,40
A/Norway/369/2014,A/Perth/16/2009,40
A/Poland/896/2014,A/Perth/16/2009,40
A/Norway/409/2014,A/Perth/16/2009,40
A/Poland/120/2014,A/Perth/16/2009,<40
A/Poland/154/2014,A/Perth/16/2009,<40
A/Poland/148/2014,A/Perth/16/2009,40
A/Poland/160/2014,A/Perth/16/2009,40
A/Poland/179/2014,A/Perth/16/2009,40
A/Poland/1861/2014,A/Perth/16/2009,<40
A/Poland/1955/2014,A/Perth/16/2009,<40
A/Poland/40/2014,A/Perth/16/2009,<40
A/Poland/39/2014,A/Perth/16/2009,<40
A/Poland/758/2014,A/Perth/16/2009,<40
A/Poland/2175/2014,A/Perth/16/2009,<40
A/Poland/1899/2014,A/Perth/16/2009,<40
A/Poland/1905/2014,A/Perth/16/2009,80
A/Poland/3487/2014,A/Perth/16/2009,80
A/Perth/16/2009,A/Stockholm/18/2011,320
A/Stockholm/18/2011,A/Stockholm/18/2011,640
A/Iowa/19/2010,A/Stockholm/18/2011,1280
A/Victoria/361/2011,A/Stockholm/18/2011,320
A/Athens/112/2012,A/Stockholm/18/2011,640
A/Texas/50/2012,A/Stockholm/18/2011,1280
A/Samara/73/2013,A/Stockholm/18/2011,1280
A/Serbia/NS-210/2013,A/Stockholm/18/2011,2560
A/Hong Kong/146/2013,A/Stockholm/18/2011,2560
A/Almaty/2958/2013,A/Stockholm/18/2011,2560
A/Cameroon/5516/2013,A/Stockholm/18/2011,320
A/Togo/LNG398/2013,A/Stockholm/18/2011,320
A/Togo/LNG333/2013,A/Stockholm/18/2011,320
A/Bulgaria/040/2014,A/Stockholm/18/2011,640
A/Bulgaria/127/2014,A/Stockholm/18/2011,640
A/Bulgaria/200/2014,A/Stockholm/18/2011,640
A/Norway/309/2014,A/Stockholm/18/2011,320
A/Norway/211/2014,A/Stockholm/18/2011,320
A/Norway/293/2014,A/Stockholm/18/2011,320
A/Norway/272/2014,A/Stockholm/18/2011,640
A/Norway/313/2014,A/Stockholm/18/2011,640
A/Norway/371/2014,A/Stockholm/18/2011,1280
A/Norway/277/2014,A/Stockholm/18/2011,640
A/Norway/369/2014,A/Stockholm/18/2011,320
A/Poland/896/2014,A/Stockholm/18/2011,320
A/Norway/409/2014,A/Stockholm/18/2011,640
A/Poland/120/2014,A/Stockholm/18/2011,320
A/Poland/154/2014,A/Stockholm/18/2011,320
A/Poland/148/2014,A/Stockholm/18/2011,320
A/Poland/160/2014,A/Stockholm/18/2011,320
A/Poland/179/2014,A/Stockholm/18/2011,640
A/Poland/1861/2014,A/Stockholm/18/2011,320
A/Poland/1955/2014,A/Stockholm/18/2011,320
A/Poland/40/2014,A/Stockholm/18/2011,320
A/Poland/39/2014,A/Stockholm/18/2011,320
A/Poland/758/2014,A/Stockholm/18/2011,640
A/Poland/2175/2014,A/Stockholm/18/2011,320
A/Poland/1899/2014,A/Stockholm/18/2011,640
A/Poland/1905/2014,A/Stockholm/18/2011,1280
A/Poland/3487/2014,A/Stockholm/18/2011,640
A/Perth/16/2009,A/Iowa/19/2010,160
A/Stockholm/18/2011,A/Iowa/19/2010,160
A/Iowa/19/2010,A/Iowa/19/2010,1280
A/Victoria/361/2011,A/Iowa/19/2010,160
A/Athens/112/2012,A/Iowa/19/2010,320
A/Texas/50/2012,A/Iowa/19/2010,640
A/Samara/73/2013,A/Iowa/19/2010,320
A/Serbia/NS-210/2013,A/Iowa/19/2010,640
A/Hong Kong/146/2013,A/Iowa/19/2010,640
A/Almaty/2958/2013,A/Iowa/19/2010,1280
A/Cameroon/5516/2013,A/Iowa/19/2010,160
A/Togo/LNG398/2013,A/Iowa/19/2010,160
A/Togo/LNG333/2013,A/Iowa/19/2010,80
A/Bulgaria/040/2014,A/Iowa/19/2010,320
A/Bulgaria/127/2014,A/Iowa/19/2010,320
A/Bulgaria/200/2014,A/Iowa/19/2010,320
A/Norway/309/2014,A/Iowa/19/2010,80
A/Norway/211/2014,A/Iowa/19/2010,160
A/Norway/293/2014,A/Iowa/19/2010,160
A/Norway/272/2014,A/Iowa/19/2010,320
A/Norway/313/2014,A/Iowa/19/2010,160
A/Norway/371/2014,A/Iowa/19/2010,640
A/Norway/277/2014,A/Iowa/19/2010,160
A/Norway/369/2014,A/Iowa/19/2010,160
A/Poland/896/2014,A/Iowa/19/2010,160
A/Norway/409/2014,A/Iowa/19/2010,160
A/Poland/120/2014,A/Iowa/19/2010,160
A/Poland/154/2014,A/Iowa/19/2010,160
A/Poland/148/2014,A/Iowa/19/2010,80
A/Poland/160/2014,A/Iowa/19/2010,160
A/Poland/179/2014,A/Iowa/19/2010,160
A/Poland/1861/2014,A/Iowa/19/2010,160
A/Poland/1955/2014,A/Iowa/19/2010,160
A/Poland/40/2014,A/Iowa/19/2010,160
A/Poland/39/2014,A/Iowa/19/2010,160
A/Poland/758/2014,A/Iowa/19/2010,640
A/Poland/2175/2014,A/Iowa/19/2010,160
A/Poland/1899/2014,A/Iowa/19/2010,160
A/Poland/1905/2014,A/Iowa/19/2010,320
A/Poland/3487/2014,A/Iowa/19/2010,320
A/Perth/16/2009,A/Victoria/361/2011,640
A/Stockholm/18/2011,A/Victoria/361/2011,640
A/Iowa/19/2010,A/Victoria/361/2011,2560
A/Victoria/361/2011,A/Victoria/361/2011,320
A/Athens/112/2012,A/Victoria/361/2011,640
A/Texas/50/2012,A/Victoria/361/2011,2560
A/Samara/73/2013,A/Victoria/361/2011,1280
A/Serbia/NS-210/2013,A/Victoria/361/2011,2560
A/Hong Kong/146/2013,A/Victoria/361/2011,2560
A/Almaty/2958/2013,A/Victoria/361/2011,2560
A/Cameroon/5516/2013,A/Victoria/361/2011,320
A/Togo/LNG398/2013,A/Victoria/361/2011,640
A/Togo/LNG333/2013,A/Victoria/361/2011,640
A/Bulgaria/040/2014,A/Victoria/361/2011,1280
A/Bulgaria/127/2014,A/Victoria/361/2011,640
A/Bulgaria/200/2014,A/Victoria/361/2011,1280
A/Norway/309/2014,A/Victoria/361/2011,640
A/Norway/211/2014,A/Victoria/361/2011,640
A/Norway/293/2014,A/Victoria/361/2011,640
A/Norway/272/2014,A/Victoria/361/2011,1280
A/Norway/313/2014,A/Victoria/361/2011,640
A/Norway/371/2014,A/Victoria/361/2011,1280
A/Norway/277/2014,A/Victoria/361/2011,640
A/Norway/369/2014,A/Victoria/361/2011,640
A/Poland/896/2014,A/Victoria/361/2011,640
A/Norway/409/2014,A/Victoria/361/2011,640
A/Poland/120/2014,A/Victoria/361/2011,320
A/Poland/154/2014,A/Victoria/361/2011,320
A/Poland/148/2014,A/Victoria/361/2011,320
A/Poland/160/2014,A/Victoria/361/2011,640
A/Poland/179/2014,A/Victoria/361/2011,640
A/Poland/1861/2014,A/Victoria/361/2011,640
A/Poland/1955/2014,A/Victoria/361/2011,640
A/Poland/40/2014,A/Victoria/361/2011,640
A/Poland/39/2014,A/Victoria/361/2011,640
A/Poland/758/2014,A/Victoria/361/2011,1280
A/Poland/2175/2014,A/Victoria/361/2011,640
A/Poland/1899/2014,A/Victoria/361/2011,640
A/Poland/1905/2014,A/Victoria/361/2011,1280
A/Poland/3487/2014,A/Victoria/361/2011,320
A/Perth/16/2009,A/Athens/112/2012,640
A/Stockholm/18/2011,A/Athens/112/2012,640
A/Iowa/19/2010,A/Athens/112/2012,2560
A/Victoria/361/2011,A/Athens/112/2012,320
A/Athens/112/2012,A/Athens/112/2012,640
A/Texas/50/2012,A/Athens/112/2012,1280
A/Samara/73/2013,A/Athens/112/2012,640
A/Serbia/NS-210/2013,A/Athens/112/2012,1280
A/Hong Kong/146/2013,A/Athens/112/2012,1280
A/Almaty/2958/2013,A/Athens/112/2012,2560
A/Cameroon/5516/2013,A/Athens/112/2012,320
A/Togo/LNG398/2013,A/Athens/112/2012,320
A/Togo/LNG333/2013,A/Athens/112/2012,320
A/Bulgaria/040/2014,A/Athens/112/2012,640
A/Bulgaria/127/2014,A/Athens/112/2012,640
A/Bulgaria/200/2014,A/Athens/112/2012,640
A/Norway/309/2014,A/Athens/112/2012,640
A/Norway/211/2014,A/Athens/112/2012,640
A/Norway/293/2014,A/Athens/112/2012,640
A/Norway/272/2014,A/Athens/112/2012,640
A/Norway/313/2014,A/Athens/112/2012,640
A/Norway/371/2014,A/Athens/112/2012,640
A/Norway/277/2014,A/Athens/112/2012,640
A/Norway/369/2014,A/Athens/112/2012,640
A/Poland/896/2014,A/Athens/112/2012,320
A/Norway/409/2014,A/Athens/112/2012,640
A/Poland/120/2014,A/Athens/112/2012,320
A/Poland/154/2014,A/Athens/112/2012,320
A/Poland/148/2014,A/Athens/112/2012,320
A/Poland/160/2014,A/Athens/112/2012,640
A/Poland/179/2014,A/Athens/112/2012,2560
A/Poland/1861/2014,A/Athens/112/2012,320
A/Poland/1955/2014,A/Athens/112/2012,320
A/Poland/40/2014,A/Athens/112/2012,320
A/Poland/39/2014,A/Athens/112/2012,320
A/Poland/758/2014,A/Athens/112/2012,640
A/Poland/2175/2014,A/Athens/112/2012,640
A/Poland/1899/2014,A/Athens/112/2012,640
A/Poland/1905/2014,A/Athens/112/2012,1280
A/Poland/3487/2014,A/Athens/112/2012,640
A/Perth/16/2009,A/Texas/50/2012,320
A/Stockholm/18/2011,A/Texas/50/2012,160
A/Iowa/19/2010,A/Texas/50/2012,1280
A/Victoria/361/2011,A/Texas/50/2012,160
A/Athens/112/2012,A/Texas/50/2012,160
A/Texas/50/2012,A/Texas/50/2012,1280
A/Samara/73/2013,A/Texas/50/2012,320
A/Serbia/NS-210/2013,A/Texas/50/2012,1280
A/Hong Kong/146/2013,A/Texas/50/2012,640
A/Almaty/2958/2013,A/Texas/50/2012,1280
A/Cameroon/5516/2013,A/Texas/50/2012,160
A/Togo/LNG398/2013,A/Texas/50/2012,160
A/Togo/LNG333/2013,A/Texas/50/2012,160
A/Bulgaria/040/2014,A/Texas/50/2012,160
A/Bulgaria/127/2014,A/Texas/50/2012,320
A/Bulgaria/200/2014,A/Texas/50/2012,160
A/Norway/309/2014,A/Texas/50/2012,160
A/Norway/211/2014,A/Texas/50/2012,160
A/Norway/293/2014,A/Texas/50/2012,160
A/Norway/272/2014,A/Texas/50/2012,320
A/Norway/313/2014,A/Texas/50/2012,160
A/Norway/371/2014,A/Texas/50/2012,320
A/Norway/277/2014,A/Texas/50/2012,160
A/Norway/369/2014,A/Texas/50/2012,320
A/Poland/896/2014,A/Texas/50/2012,160
A/Norway/409/2014,A/Texas/50/2012,320
A/Poland/120/2014,A/Texas/50/2012,160
A/Poland/154/2014,A/Texas/50/2012,160
A/Poland/148/2014,A/Texas/50/2012,80
A/Poland/160/2014,A/Texas/50/2012,80
A/Poland/179/2014,A/Texas/50/2012,160
A/Poland/1861/2014,A/Texas/50/2012,80
A/Poland/1955/2014,A/Texas/50/2012,160
A/Poland/40/2014,A/Texas/50/2012,160
A/Poland/39/2014,A/Texas/50/2012,80
A/Poland/758/2014,A/Texas/50/2012,640
A/Poland/2175/2014,A/Texas/50/2012,160
A/Poland/1899/2014,A/Texas/50/2012,160
A/Poland/1905/2014,A/Texas/50/2012,160
A/Poland/3487/2014,A/Texas/50/2012,160
A/Perth/16/2009,A/Samara/73/2013,160
A/Stockholm/18/2011,A/Samara/73/2013,640
A/Iowa/19/2010,A/Samara/73/2013,1280
A/Victoria/361/2011,A/Samara/73/2013,320
A/Athens/112/2012,A/Samara/73/2013,320
A/Texas/50/2012,A/Samara/73/2013,640
A/Samara/73/2013,A/Samara/73/2013,1280
A/Serbia/NS-210/2013,A/Samara/73/2013,1280
A/Hong Kong/146/2013,A/Samara/73/2013,1280
A/Almaty/2958/2013,A/Samara/73/2013,1280
A/Cameroon/5516/2013,A/Samara/73/2013,320
A/Togo/LNG398/2013,A/Samara/73/2013,320
A/Togo/LNG333/2013,A/Samara/73/2013,320
A/Bulgaria/040/2014,A/Samara/73/2013,640
A/Bulgaria/127/2014,A/Samara/73/2013,640
A/Bulgaria/200/2014,A/Samara/73/2013,640
A/Norway/309/2014,A/Samara/73/2013,640
A/Norway/211/2014,A/Samara/73/2013,640
A/Norway/293/2014,A/Samara/73/2013,640
A/Norway/272/2014,A/Samara/73/2013,1280
A/Norway/313/2014,A/Samara/73/2013,640
A/Norway/371/2014,A/Samara/73/2013,1280
A/Norway/277/2014,A/Samara/73/2013,640
A/Norway/369/2014,A/Samara/73/2013,640
A/Poland/896/2014,A/Samara/73/2013,640
A/Norway/409/2014,A/Samara/73/2013,640
A/Poland/120/2014,A/Samara/73/2013,320
A/Poland/154/2014,A/Samara/73/2013,640
A/Poland/148/2014,A/Samara/73/2013,320
A/Poland/160/2014,A/Samara/73/2013,640
A/Poland/179/2014,A/Samara/73/2013,640
A/Poland/1861/2014,A/Samara/73/2013,320
A/Poland/1955/2014,A/Samara/73/2013,640
A/Poland/40/2014,A/Samara/73/2013,320
A/Poland/39/2014,A/Samara/73/2013,160
A/Poland/758/2014,A/Samara/73/2013,640
A/Poland/2175/2014,A/Samara/73/2013,640
A/Poland/1899/2014,A/Samara/73/2013,640
A/Poland/1905/2014,A/Samara/73/2013,1280
A/Poland/3487/2014,A/Samara/73/2013,1280
A/Perth/16/2009,A/Serbia/NS-210/2013,160
A/Stockholm/18/2011,A/Serbia/NS-210/2013,320
A/Iowa/19/2010,A/Serbia/NS-210/2013,1280
A/Victoria/361/2011,A/Serbia/NS-210/2013,160
A/Athens/112/2012,A/Serbia/NS-210/2013,320
A/Texas/50/2012,A/Serbia/NS-210/2013,1280
A/Samara/73/2013,A/Serbia/NS-210/2013,640
A/Serbia/NS-210/2013,A/Serbia/NS-210/2013,1280
A/Hong Kong/146/2013,A/Serbia/NS-210/2013,640
A/Almaty/2958/2013,A/Serbia/NS-210/2013,1280
A/Cameroon/5516/2013,A/Serbia/NS-210/2013,320
A/Togo/LNG398/2013,A/Serbia/NS-210/2013,320
A/Togo/LNG333/2013,A/Serbia/NS-210/2013,160
A/Bulgaria/040/2014,A/Serbia/NS-210/2013,320
A/Bulgaria/127/2014,A/Serbia/NS-210/2013,320
A/Bulgaria/200/2014,A/Serbia/NS-210/2013,320
A/Norway/309/2014,A/Serbia/NS-210/2013,320
A/Norway/211/2014,A/Serbia/NS-210/2013,320
A/Norway/293/2014,A/Serbia/NS-210/2013,320
A/Norway/272/2014,A/Serbia/NS-210/2013,640
A/Norway/313/2014,A/Serbia/NS-210/2013,320
A/Norway/371/2014,A/Serbia/NS-210/2013,640
A/Norway/277/2014,A/Serbia/NS-210/2013,320
A/Norway/369/2014,A/Serbia/NS-210/2013,320
A/Poland/896/2014,A/Serbia/NS-210/2013,320
A/Norway/409/2014,A/Serbia/NS-210/2013,640
A/Poland/120/2014,A/Serbia/NS-210/2013,160
A/Poland/154/2014,A/Serbia/NS-210/2013,320
A/Poland/148/2014,A/Serbia/NS-210/2013,160
A/Poland/160/2014,A/Serbia/NS-210/2013,320
A/Poland/179/2014,A/Serbia/NS-210/2013,320
A/Poland/1861/2014,A/Serbia/NS-210/2013,160
A/Poland/1955/2014,A/Serbia/NS-210/2013,320
A/Poland/40/2014,A/Serbia/NS-210/2013,160
A/Poland/39/2014,A/Serbia/NS-210/2013,160
A/Poland/758/2014,A/Serbia/NS-210/2013,640
A/Poland/2175/2014,A/Serbia/NS-210/2013,320
A/Poland/1899/2014,A/Serbia/NS-210/2013,320
A/Poland/1905/2014,A/Serbia/NS-210/2013,320
A/Poland/3487/2014,A/Serbia/NS-210/2013,320
A/Perth/16/2009,A/Hong Kong/146/2013,160
A/Stockholm/18/2011,A/Hong Kong/146/2013,160
A/Iowa/19/2010,A/Hong Kong/146/2013,640
A/Victoria/361/2011,A/Hong Kong/146/2013,160
A/Athens/112/2012,A/Hong Kong/146/2013,320
A/Texas/50/2012,A/Hong Kong/146/2013,640
A/Samara/73/2013,A/Hong Kong/146/2013,640
A/Serbia/NS-210/2013,A/Hong Kong/146/2013,1280
A/Hong Kong/146/2013,A/Hong Kong/146/2013,2560
A/Almaty/2958/2013,A/Hong Kong/146/2013,2560
A/Cameroon/5516/2013,A/Hong Kong/146/2013,160
A/Togo/LNG398/2013,A/Hong Kong/146/2013,160
A/Togo/LNG333/2013,A/Hong Kong/146/2013,160
A/Bulgaria/040/2014,A/Hong Kong/146/2013,320
A/Bulgaria/127/2014,A/Hong Kong/146/2013,320
A/Bulgaria/200/2014,A/Hong Kong/146/2013,320
A/Norway/309/2014,A/Hong Kong/146/2013,160
A/Norway/211/2014,A/Hong Kong/146/2013,160
A/Norway/293/2014,A/Hong Kong/146/2013,160
A/Norway/272/2014,A/Hong Kong/146/2013,640
A/Norway/313/2014,A/Hong Kong/146/2013,320
A/Norway/371/2014,A/Hong Kong/146/2013,640
A/Norway/277/2014,A/Hong Kong/146/2013,320
A/Norway/369/2014,A/Hong Kong/146/2013,320
A/Poland/896/2014,A/Hong Kong/146/2013,320
A/Norway/409/2014,A/Hong Kong/146/2013,320
A/Poland/120/2014,A/Hong Kong/146/2013,160
A/Poland/154/2014,A/Hong Kong/146/2013,320
A/Poland/148/2014,A/Hong Kong/146/2013,160
A/Poland/160/2014,A/Hong Kong/146/2013,320
A/Poland/179/2014,A/Hong Kong/146/2013,320
A/Poland/1861/2014,A/Hong Kong/146/2013,160
A/Poland/1955/2014,A/Hong Kong/146/2013,320
A/Poland/40/2014,A/Hong Kong/146/2013,160
A/Poland/39/2014,A/Hong Kong/146/2013,160
A/Poland/758/2014,A/Hong Kong/146/2013,640
A/Poland/2175/2014,A/Hong Kong/146/2013,320
A/Poland/1899/2014,A/Hong Kong/146/2013,320
A/Poland/1905/2014,A/Hong Kong/146/2013,320
A/Poland/3487/2014,A/Hong Kong/146/2013,640
A/Perth/16/2009,A/Almaty/2958/2013,160
A/Stockholm/18/2011,A/Almaty/2958/2013,320
A/Iowa/19/2010,A/Almaty/2958/2013,640
A/Victoria/361/2011,A/Almaty/2958/2013,160
A/Athens/112/2012,A/Almaty/2958/2013,320
A/Texas/50/2012,A/Almaty/2958/2013,1280
A/Samara/73/2013,A/Almaty/2958/2013,640
A/Serbia/NS-210/2013,A/Almaty/2958/2013,1280
A/Hong Kong/146/2013,A/Almaty/2958/2013,640
A/Almaty/2958/2013,A/Almaty/2958/2013,1280
A/Cameroon/5516/2013,A/Almaty/2958/2013,320
A/Togo/LNG398/2013,A/Almaty/2958/2013,320
A/Togo/LNG333/2013,A/Almaty/2958/2013,160
A/Bulgaria/040/2014,A/Almaty/2958/2013,320
A/Bulgaria/127/2014,A/Almaty/2958/2013,320
A/Bulgaria/200/2014,A/Almaty/2958/2013,320
A/Norway/309/2014,A/Almaty/2958/2013,160
A/Norway/211/2014,A/Almaty/2958/2013,320
A/Norway/293/2014,A/Almaty/2958/2013,320
A/Norway/272/2014,A/Almaty/2958/2013,640
A/Norway/313/2014,A/Almaty/2958/2013,320
A/Norway/371/2014,A/Almaty/2958/2013,640
A/Norway/277/2014,A/Almaty/2958/2013,320
A/Norway/369/2014,A/Almaty/2958/2013,320
A/Poland/896/2014,A/Almaty/2958/2013,320
A/Norway/409/2014,A/Almaty/2958/2013,320
A/Poland/120/2014,A/Almaty/2958/2013,160
A/Poland/154/2014,A/Almaty/2958/2013,160
A/Poland/148/2014,A/Almaty/2958/2013,80
A/Poland/160/2014,A/Almaty/2958/2013,160
A/Poland/179/2014,A/Almaty/2958/2013,320
A/Poland/1861/2014,A/Almaty/2958/2013,160
A/Poland/1955/2014,A/Almaty/2958/2013,160
A/Poland/40/2014,A/Almaty/2958/2013,160
A/Poland/39/2014,A/Almaty/2958/2013,160
A/Poland/758/2014,A/Almaty/2958/2013,640
A/Poland/2175/2014,A/Almaty/2958/2013,160
A/Poland/1899/2014,A/Almaty/2958/2013,160
A/Poland/1905/2014,A/Almaty/2958/2013,320
A/Poland/3487/2014,A/Almaty/2958/2013,320
A/Perth/16/2009,A/Perth/16/2009,1280
A/Stockholm/18/2011,A/Perth/16/2009,80
A/Iowa/19/2010,A/Perth/16/2009,320
A/Victoria/361/2011,A/Perth/16/2009,80
A/Athens/112/2012,A/Perth/16/2009,160
A/Texas/50/2012,A/Perth/16/2009,320
A/Samara/73/2013,A/Perth/16/2009,160
A/Serbia/NS-210/2013,A/Perth/16/2009,320
A/Hong Kong/146/2013,A/Perth/16/2009,320
A/Almaty/2958/2013,A/Perth/16/2009,640
A/Bulgaria/147/2014,A/Perth/16/2009,<40
A/Norway/347/2014,A/Perth/16/2009,<40
A/Norway/328/2014,A/Perth/16/2009,<40
A/Norway/358/2014,A/Perth/16/2009,<40
A/Norway/389/2014,A/Perth/16/2009,<40
A/Kharkov/203/2014,A/Perth/16/2009,<40
A/Dnipro/228/2014,A/Perth/16/2009,<40
A/Dnipro/229/2014,A/Perth/16/2009,<40
A/Poland/1111/2014,A/Perth/16/2009,<40
A/Poland/1900/2014,A/Perth/16/2009,<40
A/Dnipro/235/2014,A/Perth/16/2009,<40
A/Dnipro/236/2014,A/Perth/16/2009,<40
A/Poland/1256/2014,A/Perth/16/2009,<40
A/Ukraine/218/2014,A/Perth/16/2009,<40
A/Poland/1702/2014,A/Perth/16/2009,<40
A/Perth/16/2009,A/Stockholm/18/2011,320
A/Stockholm/18/2011,A/Stockholm/18/2011,1280
A/Iowa/19/2010,A/Stockholm/18/2011,1280
A/Victoria/361/2011,A/Stockholm/18/2011,320
A/Athens/112/2012,A/Stockholm/18/2011,640
A/Texas/50/2012,A/Stockholm/18/2011,1280
A/Samara/73/2013,A/Stockholm/18/2011,1280
A/Serbia/NS-210/2013,A/Stockholm/18/2011,2560
A/Hong Kong/146/2013,A/Stockholm/18/2011,2560
A/Almaty/2958/2013,A/Stockholm/18/2011,2560
A/Bulgaria/147/2014,A/Stockholm/18/2011,160
A/Norway/347/2014,A/Stockholm/18/2011,320
A/Norway/328/2014,A/Stockholm/18/2011,320
A/Norway/358/2014,A/Stockholm/18/2011,160
A/Norway/389/2014,A/Stockholm/18/2011,160
A/Kharkov/203/2014,A/Stockholm/18/2011,320
A/Dnipro/228/2014,A/Stockholm/18/2011,320
A/Dnipro/229/2014,A/Stockholm/18/2011,320
A/Poland/1111/2014,A/Stockholm/18/2011,640
A/Poland/1900/2014,A/Stockholm/18/2011,160
A/Dnipro/235/2014,A/Stockholm/18/2011,320
A/Dnipro/236/2014,A/Stockholm/18/2011,320
A/Poland/1256/2014,A/Stockholm/18/2011,640
A/Ukraine/218/2014,A/Stockholm/18/2011,320
A/Poland/1702/2014,A/Stockholm/18/2011,320
A/Perth/16/2009,A/Iowa/19/2010,160
A/Stockholm/18/2011,A/Iowa/19/2010,160
A/Iowa/19/2010,A/Iowa/19/2010,1280
A/Victoria/361/2011,A/Iowa/19/2010,160
A/Athens/112/2012,A/Iowa/19/2010,320
A/Texas/50/2012,A/Iowa/19/2010,640
A/Samara/73/2013,A/Iowa/19/2010,320
A/Serbia/NS-210/2013,A/Iowa/19/2010,640
A/Hong Kong/146/2013,A/Iowa/19/2010,640
A/Almaty/2958/2013,A/Iowa/19/2010,1280
A/Bulgaria/147/2014,A/Iowa/19/2010,80
A/Norway/347/2014,A/Iowa/19/2010,160
A/Norway/328/2014,A/Iowa/19/2010,160
A/Norway/358/2014,A/Iowa/19/2010,80
A/Norway/389/2014,A/Iowa/19/2010,80
A/Kharkov/203/2014,A/Iowa/19/2010,160
A/Dnipro/228/2014,A/Iowa/19/2010,160
A/Dnipro/229/2014,A/Iowa/19/2010,160
A/Poland/1111/2014,A/Iowa/19/2010,320
A/Poland/1900/2014,A/Iowa/19/2010,160
A/Dnipro/235/2014,A/Iowa/19/2010,160
A/Dnipro/236/2014,A/Iowa/19/2010,160
A/Poland/1256/2014,A/Iowa/19/2010,160
A/Ukraine/218/2014,A/Iowa/19/2010,160
A/Poland/1702/2014,A/Iowa/19/2010,160
A/Perth/16/2009,A/Victoria/361/2011,640
A/Stockholm/18/2011,A/Victoria/361/2011,640
A/Iowa/19/2010,A/Victoria/361/2011,2560
A/Victoria/361/2011,A/Victoria/361/2011,640
A/Athens/112/2012,A/Victoria/361/2011,640
A/Texas/50/2012,A/Victoria/361/2011,2560
A/Samara/73/2013,A/Victoria/361/2011,1280
A/Serbia/NS-210/2013,A/Victoria/361/2011,2560
A/Hong Kong/146/2013,A/Victoria/361/2011,2560
A/Almaty/2958/2013,A/Victoria/361/2011,2560
A/Bulgaria/147/2014,A/Victoria/361/2011,320
A/Norway/347/2014,A/Victoria/361/2011,640
A/Norway/328/2014,A/Victoria/361/2011,320
A/Norway/358/2014,A/Victoria/361/2011,320
A/Norway/389/2014,A/Victoria/361/2011,320
A/Kharkov/203/2014,A/Victoria/361/2011,640
A/Dnipro/228/2014,A/Victoria/361/2011,640
A/Dnipro/229/2014,A/Victoria/361/2011,640
A/Poland/1111/2014,A/Victoria/361/2011,640
A/Poland/1900/2014,A/Victoria/361/2011,640
A/Dnipro/235/2014,A/Victoria/361/2011,640
A/Dnipro/236/2014,A/Victoria/361/2011,640
A/Poland/1256/2014,A/Victoria/361/2011,640
A/Ukraine/218/2014,A/Victoria/361/2011,640
A/Poland/1702/2014,A/Victoria/361/2011,640
A/Perth/16/2009,A/Athens/112/2012,640
A/Stockholm/18/2011,A/Athens/112/2012,640
A/Iowa/19/2010,A/Athens/112/2012,2560
A/Victoria/361/2011,A/Athens/112/2012,320
A/Athens/112/2012,A/Athens/112/2012,640
A/Texas/50/2012,A/Athens/112/2012,1280
A/Samara/73/2013,A/Athens/112/2012,640
A/Serbia/NS-210/2013,A/Athens/112/2012,1280
A/Hong Kong/146/2013,A/Athens/112/2012,1280
A/Almaty/2958/2013,A/Athens/112/2012,2560
A/Bulgaria/147/2014,A/Athens/112/2012,160
A/Norway/347/2014,A/Athens/112/2012,320
A/Norway/328/2014,A/Athens/112/2012,320
A/Norway/358/2014,A/Athens/112/2012,160
A/Norway/389/2014,A/Athens/112/2012,160
A/Kharkov/203/2014,A/Athens/112/2012,320
A/Dnipro/228/2014,A/Athens/112/2012,320
A/Dnipro/229/2014,A/Athens/112/2012,160
A/Poland/1111/2014,A/Athens/112/2012,640
A/Poland/1900/2014,A/Athens/112/2012,320
A/Dnipro/235/2014,A/Athens/112/2012,320
A/Dnipro/236/2014,A/Athens/112/2012,320
A/Poland/1256/2014,A/Athens/112/2012,320
A/Ukraine/218/2014,A/Athens/112/2012,640
A/Poland/1702/2014,A/Athens/112/2012,640
A/Perth/16/2009,A/Texas/50/2012,320
A/Stockholm/18/2011,A/Texas/50/2012,160
A/Iowa/19/2010,A/Texas/50/2012,1280
A/Victoria/361/2011,A/Texas/50/2012,160
A/Athens/112/2012,A/Texas/50/2012,160
A/Texas/50/2012,A/Texas/50/2012,1280
A/Samara/73/2013,A/Texas/50/2012,320
A/Serbia/NS-210/2013,A/Texas/50/2012,1280
A/Hong Kong/146/2013,A/Texas/50/2012,640
A/Almaty/2958/2013,A/Texas/50/2012,1280
A/Bulgaria/147/2014,A/Texas/50/2012,40
A/Norway/347/2014,A/Texas/50/2012,80
A/Norway/328/2014,A/Texas/50/2012,80
A/Norway/358/2014,A/Texas/50/2012,40
A/Norway/389/2014,A/Texas/50/2012,40
A/Kharkov/203/2014,A/Texas/50/2012,160
A/Dnipro/228/2014,A/Texas/50/2012,160
A/Dnipro/229/2014,A/Texas/50/2012,160
A/Poland/1111/2014,A/Texas/50/2012,160
A/Poland/1900/2014,A/Texas/50/2012,80
A/Dnipro/235/2014,A/Texas/50/2012,160
A/Dnipro/236/2014,A/Texas/50/2012,80
A/Poland/1256/2014,A/Texas/50/2012,160
A/Ukraine/218/2014,A/Texas/50/2012,80
A/Poland/1702/2014,A/Texas/50/2012,160
A/Perth/16/2009,A/Samara/73/2013,160
A/Stockholm/18/2011,A/Samara/73/2013,640
A/Iowa/19/2010,A/Samara/73/2013,1280
A/Victoria/361/2011,A/Samara/73/2013,320
A/Athens/112/2012,A/Samara/73/2013,320
A/Texas/50/2012,A/Samara/73/2013,640
A/Samara/73/2013,A/Samara/73/2013,1280
A/Serbia/NS-210/2013,A/Samara/73/2013,1280
A/Hong Kong/146/2013,A/Samara/73/2013,1280
A/Almaty/2958/2013,A/Samara/73/2013,1280
A/Bulgaria/147/2014,A/Samara/73/2013,160
A/Norway/347/2014,A/Samara/73/2013,320
A/Norway/328/2014,A/Samara/73/2013,320
A/Norway/358/2014,A/Samara/73/2013,320
A/Norway/389/2014,A/Samara/73/2013,320
A/Kharkov/203/2014,A/Samara/73/2013,320
A/Dnipro/228/2014,A/Samara/73/2013,320
A/Dnipro/229/2014,A/Samara/73/2013,320
A/Poland/1111/2014,A/Samara/73/2013,640
A/Poland/1900/2014,A/Samara/73/2013,320
A/Dnipro/235/2014,A/Samara/73/2013,320
A/Dnipro/236/2014,A/Samara/73/2013,320
A/Poland/1256/2014,A/Samara/73/2013,640
A/Ukraine/218/2014,A/Samara/73/2013,320
A/Poland/1702/2014,A/Samara/73/2013,640
A/Perth/16/2009,A/Serbia/NS-210/2013,160
A/Stockholm/18/2011,A/Serbia/NS-210/2013,320
A/Iowa/19/2010,A/Serbia/NS-210/2013,1280
A/Victoria/361/2011,A/Serbia/NS-210/2013,160
A/Athens/112/2012,A/Serbia/NS-210/2013,320
A/Texas/50/2012,A/Serbia/NS-210/2013,1280
A/Samara/73/2013,A/Serbia/NS-210/2013,640
A/Serbia/NS-210/2013,A/Serbia/NS-210/2013,1280
A/Hong Kong/146/2013,A/Serbia/NS-210/2013,640
A/Almaty/2958/2013,A/Serbia/NS-210/2013,1280
A/Bulgaria/147/2014,A/Serbia/NS-210/2013,80
A/Norway/347/2014,A/Serbia/NS-210/2013,160
A/Norway/328/2014,A/Serbia/NS-210/2013,160
A/Norway/358/2014,A/Serbia/NS-210/2013,160
A/Norway/389/2014,A/Serbia/NS-210/2013,80
A/Kharkov/203/2014,A/Serbia/NS-210/2013,160
A/Dnipro/228/2014,A/Serbia/NS-210/2013,160
A/Dnipro/229/2014,A/Serbia/NS-210/2013,160
A/Poland/1111/2014,A/Serbia/NS-210/2013,320
A/Poland/1900/2014,A/Serbia/NS-210/2013,160
A/Dnipro/235/2014,A/Serbia/NS-210/2013,160
A/Dnipro/236/2014,A/Serbia/NS-210/2013,160
A/Poland/1256/2014,A/Serbia/NS-210/2013,160
A/Ukraine/218/2014,A/Serbia/NS-210/2013,160
A/Poland/1702/2014,A/Serbia/NS-210/2013,160
A/Perth/16/2009,A/Hong Kong/146/2013,160
A/Stockholm/18/2011,A/Hong Kong/146/2013,160
A/Iowa/19/2010,A/Hong Kong/146/2013,640
A/Victoria/361/2011,A/Hong Kong/146/2013,160
A/Athens/112/2012,A/Hong Kong/146/2013,320
A/Texas/50/2012,A/Hong Kong/146/2013,640
A/Samara/73/2013,A/Hong Kong/146/2013,640
A/Serbia/NS-210/2013,A/Hong Kong/146/2013,1280
A/Hong Kong/146/2013,A/Hong Kong/146/2013,2560
A/Almaty/2958/2013,A/Hong Kong/146/2013,2560
A/Bulgaria/147/2014,A/Hong Kong/146/2013,80
A/Norway/347/2014,A/Hong Kong/146/2013,160
A/Norway/328/2014,A/Hong Kong/146/2013,160
A/Norway/358/2014,A/Hong Kong/146/2013,80
A/Norway/389/2014,A/Hong Kong/146/2013,80
A/Kharkov/203/2014,A/Hong Kong/146/2013,160
A/Dnipro/228/2014,A/Hong Kong/146/2013,160
A/Dnipro/229/2014,A/Hong Kong/146/2013,160
A/Poland/1111/2014,A/Hong Kong/146/2013,320
A/Poland/1900/2014,A/Hong Kong/146/2013,160
A/Dnipro/235/2014,A/Hong Kong/146/2013,160
A/Dnipro/236/2014,A/Hong Kong/146/2013,160
A/Poland/1256/2014,A/Hong Kong/146/2013,160
A/Ukraine/218/2014,A/Hong Kong/146/2013,320
A/Poland/1702/2014,A/Hong Kong/146/2013,160
A/Perth/16/2009,A/Almaty/2958/2013,160
A/Stockholm/18/2011,A/Almaty/2958/2013,320
A/Iowa/19/2010,A/Almaty/2958/2013,640
A/Victoria/361/2011,A/Almaty/2958/2013,160
A/Athens/112/2012,A/Almaty/2958/2013,320
A/Texas/50/2012,A/Almaty/2958/2013,1280
A/Samara/73/2013,A/Almaty/2958/2013,640
A/Serbia/NS-210/2013,A/Almaty/2958/2013,1280
A/Hong Kong/146/2013,A/Almaty/2958/2013,640
A/Almaty/2958/2013,A/Almaty/2958/2013,1280
A/Bulgaria/147/2014,A/Almaty/2958/2013,160
A/Norway/347/2014,A/Almaty/2958/2013,320
A/Norway/328/2014,A/Almaty/2958/2013,160
A/Norway/358/2014,A/Almaty/2958/2013,160
A/Norway/389/2014,A/Almaty/2958/2013,160
A/Kharkov/203/2014,A/Almaty/2958/2013,160
A/Dnipro/228/2014,A/Almaty/2958/2013,160
A/Dnipro/229/2014,A/Almaty/2958/2013,160
A/Poland/1111/2014,A/Almaty/2958/2013,160
A/Poland/1900/2014,A/Almaty/2958/2013,160
A/Dnipro/235/2014,A/Almaty/2958/2013,320
A/Dnipro/236/2014,A/Almaty/2958/2013,160
A/Poland/1256/2014,A/Almaty/2958/2013,320
A/Ukraine/218/2014,A/Almaty/2958/2013,160
A/Poland/1702/2014,A/Almaty/2958/2013,320
A/Perth/16/2009,A/Perth/16/2009,640
A/Victoria/361/2011,A/Perth/16/2009,80
A/Athens/112/2012,A/Perth/16/2009,80
A/Texas/50/2012,A/Perth/16/2009,640
A/Samara/73/2013,A/Perth/16/2009,160
A/Serbia/NS-210/2013,A/Perth/16/2009,320
A/Hong Kong/146/2013,A/Perth/16/2009,320
A/Almaty/2958/2013,A/Perth/16/2009,320
A/South Africa/4655/2013,A/Perth/16/2009,80
A/South Africa/4655/2013,A/Perth/16/2009,80
A/South Africa/4655/2013,A/Perth/16/2009,80
A/Stockholm/1/2013,A/Perth/16/2009,80
A/Tehran/30732/2013,A/Perth/16/2009,40
A/Zambia/13/093,A/Perth/16/2009,<40
A/Zambia/13/262,A/Perth/16/2009,40
A/Zambia/13/127,A/Perth/16/2009,80
A/Zambia/13/338,A/Perth/16/2009,<40
A/Zambia/13/109,A/Perth/16/2009,40
A/Norway/86/2014,A/Perth/16/2009,<40
A/Norway/160/2014,A/Perth/16/2009,<40
A/Norway/184/2014,A/Perth/16/2009,<40
A/Norway/163/2014,A/Perth/16/2009,40
A/Norway/161/2014,A/Perth/16/2009,40
A/Norway/228/2014,A/Perth/16/2009,80
A/Norway/162/2014,A/Perth/16/2009,<40
A/Norway/120/2014,A/Perth/16/2009,<40
A/Norway/226/2014,A/Perth/16/2009,<40
A/Norway/208/2014,A/Perth/16/2009,<40
A/Switzerland/10030276/2014,A/Perth/16/2009,80
A/Dnipro/230/2014,A/Perth/16/2009,80
A/Dnipro/232/2014,A/Perth/16/2009,40
A/Poland/1877/2014,A/Perth/16/2009,40
A/Norway/1003/2014,A/Perth/16/2009,40
A/Georgia/495/2014,A/Perth/16/2009,40
A/Dnipro/233/2014,A/Perth/16/2009,<40
A/Norway/1020/2014,A/Perth/16/2009,<40
A/Georgia/542/2014,A/Perth/16/2009,40
A/Georgia/584/2014,A/Perth/16/2009,<40
A/Norway/1130/2014,A/Perth/16/2009,<40
A/Dnipro/234/2014,A/Perth/16/2009,80
A/Norway/1078/2014,A/Perth/16/2009,<40
A/Poland/3464/2014,A/Perth/16/2009,<40
A/Switzerland/10261363/2014,A/Perth/16/2009,<40
A/Georgia/699/2014,A/Perth/16/2009,40
A/Switzerland/10295858/2014,A/Perth/16/2009,80
A/Switzerland/10295823/2014,A/Perth/16/2009,<40
A/Switzerland/10295759/2014,A/Perth/16/2009,40
A/Perth/16/2009,A/Victoria/361/2011,640
A/Victoria/361/2011,A/Victoria/361/2011,640
A/Athens/112/2012,A/Victoria/361/2011,640
A/Texas/50/2012,A/Victoria/361/2011,5120
A/Samara/73/2013,A/Victoria/361/2011,1280
A/Serbia/NS-210/2013,A/Victoria/361/2011,2560
A/Hong Kong/146/2013,A/Victoria/361/2011,2560
A/Almaty/2958/2013,A/Victoria/361/2011,5120
A/South Africa/4655/2013,A/Victoria/361/2011,640
A/South Africa/4655/2013,A/Victoria/361/2011,640
A/South Africa/4655/2013,A/Victoria/361/2011,640
A/Stockholm/1/2013,A/Victoria/361/2011,640
A/Tehran/30732/2013,A/Victoria/361/2011,640
A/Zambia/13/093,A/Victoria/361/2011,640
A/Zambia/13/262,A/Victoria/361/2011,1280
A/Zambia/13/127,A/Victoria/361/2011,1280
A/Zambia/13/338,A/Victoria/361/2011,640
A/Zambia/13/109,A/Victoria/361/2011,640
A/Norway/86/2014,A/Victoria/361/2011,320
A/Norway/160/2014,A/Victoria/361/2011,640
A/Norway/184/2014,A/Victoria/361/2011,640
A/Norway/163/2014,A/Victoria/361/2011,640
A/Norway/161/2014,A/Victoria/361/2011,640
A/Norway/228/2014,A/Victoria/361/2011,640
A/Norway/162/2014,A/Victoria/361/2011,640
A/Norway/120/2014,A/Victoria/361/2011,640
A/Norway/226/2014,A/Victoria/361/2011,320
A/Norway/208/2014,A/Victoria/361/2011,320
A/Switzerland/10030276/2014,A/Victoria/361/2011,1280
A/Dnipro/230/2014,A/Victoria/361/2011,1280
A/Dnipro/232/2014,A/Victoria/361/2011,1280
A/Poland/1877/2014,A/Victoria/361/2011,640
A/Norway/1003/2014,A/Victoria/361/2011,640
A/Georgia/495/2014,A/Victoria/361/2011,1280
A/Dnipro/233/2014,A/Victoria/361/2011,320
A/Norway/1020/2014,A/Victoria/361/2011,640
A/Georgia/542/2014,A/Victoria/361/2011,640
A/Georgia/584/2014,A/Victoria/361/2011,640
A/Norway/1130/2014,A/Victoria/361/2011,640
A/Dnipro/234/2014,A/Victoria/361/2011,1280
A/Norway/1078/2014,A/Victoria/361/2011,320
A/Poland/3464/2014,A/Victoria/361/2011,640
A/Switzerland/10261363/2014,A/Victoria/361/2011,1280
A/Georgia/699/2014,A/Victoria/361/2011,1280
A/Switzerland/10295858/2014,A/Victoria/361/2011,1280
A/Switzerland/10295823/2014,A/Victoria/361/2011,640
A/Switzerland/10295759/2014,A/Victoria/361/2011,1280
A/Perth/16/2009,A/Athens/112/2012,640
A/Victoria/361/2011,A/Athens/112/2012,320
A/Athens/112/2012,A/Athens/112/2012,640
A/Texas/50/2012,A/Athens/112/2012,1280
A/Samara/73/2013,A/Athens/112/2012,1280
A/Serbia/NS-210/2013,A/Athens/112/2012,1280
A/Hong Kong/146/2013,A/Athens/112/2012,1280
A/Almaty/2958/2013,A/Athens/112/2012,1280
A/South Africa/4655/2013,A/Athens/112/2012,320
A/South Africa/4655/2013,A/Athens/112/2012,320
A/South Africa/4655/2013,A/Athens/112/2012,160
A/Stockholm/1/2013,A/Athens/112/2012,320
A/Tehran/30732/2013,A/Athens/112/2012,320
A/Zambia/13/093,A/Athens/112/2012,320
A/Zambia/13/262,A/Athens/112/2012,640
A/Zambia/13/127,A/Athens/112/2012,1280
A/Zambia/13/338,A/Athens/112/2012,320
A/Zambia/13/109,A/Athens/112/2012,640
A/Norway/86/2014,A/Athens/112/2012,160
A/Norway/160/2014,A/Athens/112/2012,640
A/Norway/184/2014,A/Athens/112/2012,640
A/Norway/163/2014,A/Athens/112/2012,320
A/Norway/161/2014,A/Athens/112/2012,320
A/Norway/228/2014,A/Athens/112/2012,320
A/Norway/162/2014,A/Athens/112/2012,320
A/Norway/120/2014,A/Athens/112/2012,640
A/Norway/226/2014,A/Athens/112/2012,320
A/Norway/208/2014,A/Athens/112/2012,320
A/Switzerland/10030276/2014,A/Athens/112/2012,1280
A/Dnipro/230/2014,A/Athens/112/2012,640
A/Dnipro/232/2014,A/Athens/112/2012,1280
A/Poland/1877/2014,A/Athens/112/2012,640
A/Norway/1003/2014,A/Athens/112/2012,640
A/Georgia/495/2014,A/Athens/112/2012,640
A/Dnipro/233/2014,A/Athens/112/2012,160
A/Norway/1020/2014,A/Athens/112/2012,640
A/Georgia/542/2014,A/Athens/112/2012,640
A/Georgia/584/2014,A/Athens/112/2012,640
A/Norway/1130/2014,A/Athens/112/2012,320
A/Dnipro/234/2014,A/Athens/112/2012,640
A/Norway/1078/2014,A/Athens/112/2012,320
A/Poland/3464/2014,A/Athens/112/2012,320
A/Switzerland/10261363/2014,A/Athens/112/2012,1280
A/Georgia/699/2014,A/Athens/112/2012,640
A/Switzerland/10295858/2014,A/Athens/112/2012,1280
A/Switzerland/10295823/2014,A/Athens/112/2012,640
A/Switzerland/10295759/2014,A/Athens/112/2012,640
A/Perth/16/2009,A/Texas/50/2012,160
A/Victoria/361/2011,A/Texas/50/2012,160
A/Athens/112/2012,A/Texas/50/2012,160
A/Texas/50/2012,A/Texas/50/2012,1280
A/Samara/73/2013,A/Texas/50/2012,320
A/Serbia/NS-210/2013,A/Texas/50/2012,1280
A/Hong Kong/146/2013,A/Texas/50/2012,640
A/Almaty/2958/2013,A/Texas/50/2012,1280
A/South Africa/4655/2013,A/Texas/50/2012,160
A/South Africa/4655/2013,A/Texas/50/2012,160
A/South Africa/4655/2013,A/Texas/50/2012,160
A/Stockholm/1/2013,A/Texas/50/2012,160
A/Tehran/30732/2013,A/Texas/50/2012,160
A/Zambia/13/093,A/Texas/50/2012,80
A/Zambia/13/262,A/Texas/50/2012,160
A/Zambia/13/127,A/Texas/50/2012,320
A/Zambia/13/338,A/Texas/50/2012,160
A/Zambia/13/109,A/Texas/50/2012,160
A/Norway/86/2014,A/Texas/50/2012,80
A/Norway/160/2014,A/Texas/50/2012,160
A/Norway/184/2014,A/Texas/50/2012,320
A/Norway/163/2014,A/Texas/50/2012,160
A/Norway/161/2014,A/Texas/50/2012,160
A/Norway/228/2014,A/Texas/50/2012,160
A/Norway/162/2014,A/Texas/50/2012,160
A/Norway/120/2014,A/Texas/50/2012,160
A/Norway/226/2014,A/Texas/50/2012,80
A/Norway/208/2014,A/Texas/50/2012,160
A/Switzerland/10030276/2014,A/Texas/50/2012,320
A/Dnipro/230/2014,A/Texas/50/2012,320
A/Dnipro/232/2014,A/Texas/50/2012,320
A/Poland/1877/2014,A/Texas/50/2012,160
A/Norway/1003/2014,A/Texas/50/2012,160
A/Georgia/495/2014,A/Texas/50/2012,160
A/Dnipro/233/2014,A/Texas/50/2012,80
A/Norway/1020/2014,A/Texas/50/2012,80
A/Georgia/542/2014,A/Texas/50/2012,160
A/Georgia/584/2014,A/Texas/50/2012,160
A/Norway/1130/2014,A/Texas/50/2012,160
A/Dnipro/234/2014,A/Texas/50/2012,160
A/Norway/1078/2014,A/Texas/50/2012,80
A/Poland/3464/2014,A/Texas/50/2012,160
A/Switzerland/10261363/2014,A/Texas/50/2012,320
A/Georgia/699/2014,A/Texas/50/2012,160
A/Switzerland/10295858/2014,A/Texas/50/2012,320
A/Switzerland/10295823/2014,A/Texas/50/2012,160
A/Switzerland/10295759/2014,A/Texas/50/2012,160
A/Perth/16/2009,A/Samara/73/2013,160
A/Victoria/361/2011,A/Samara/73/2013,320
A/Athens/112/2012,A/Samara/73/2013,320
A/Texas/50/2012,A/Samara/73/2013,1280
A/Samara/73/2013,A/Samara/73/2013,1280
A/Serbia/NS-210/2013,A/Samara/73/2013,1280
A/Hong Kong/146/2013,A/Samara/73/2013,1280
A/Almaty/2958/2013,A/Samara/73/2013,640
A/South Africa/4655/2013,A/Samara/73/2013,320
A/South Africa/4655/2013,A/Samara/73/2013,320
A/South Africa/4655/2013,A/Samara/73/2013,320
A/Stockholm/1/2013,A/Samara/73/2013,320
A/Tehran/30732/2013,A/Samara/73/2013,320
A/Zambia/13/093,A/Samara/73/2013,320
A/Zambia/13/262,A/Samara/73/2013,640
A/Zambia/13/127,A/Samara/73/2013,1280
A/Zambia/13/338,A/Samara/73/2013,320
A/Zambia/13/109,A/Samara/73/2013,640
A/Norway/86/2014,A/Samara/73/2013,320
A/Norway/160/2014,A/Samara/73/2013,320
A/Norway/184/2014,A/Samara/73/2013,640
A/Norway/163/2014,A/Samara/73/2013,640
A/Norway/161/2014,A/Samara/73/2013,640
A/Norway/228/2014,A/Samara/73/2013,640
A/Norway/162/2014,A/Samara/73/2013,320
A/Norway/120/2014,A/Samara/73/2013,320
A/Norway/226/2014,A/Samara/73/2013,320
A/Norway/208/2014,A/Samara/73/2013,320
A/Switzerland/10030276/2014,A/Samara/73/2013,640
A/Dnipro/230/2014,A/Samara/73/2013,640
A/Dnipro/232/2014,A/Samara/73/2013,1280
A/Poland/1877/2014,A/Samara/73/2013,320
A/Norway/1003/2014,A/Samara/73/2013,320
A/Georgia/495/2014,A/Samara/73/2013,640
A/Dnipro/233/2014,A/Samara/73/2013,320
A/Norway/1020/2014,A/Samara/73/2013,320
A/Georgia/542/2014,A/Samara/73/2013,640
A/Georgia/584/2014,A/Samara/73/2013,640
A/Norway/1130/2014,A/Samara/73/2013,640
A/Dnipro/234/2014,A/Samara/73/2013,640
A/Norway/1078/2014,A/Samara/73/2013,320
A/Poland/3464/2014,A/Samara/73/2013,320
A/Switzerland/10261363/2014,A/Samara/73/2013,640
A/Georgia/699/2014,A/Samara/73/2013,640
A/Switzerland/10295858/2014,A/Samara/73/2013,640
A/Switzerland/10295823/2014,A/Samara/73/2013,320
A/Switzerland/10295759/2014,A/Samara/73/2013,320
A/Perth/16/2009,A/Serbia/NS-210/2013,160
A/Victoria/361/2011,A/Serbia/NS-210/2013,160
A/Athens/112/2012,A/Serbia/NS-210/2013,320
A/Texas/50/2012,A/Serbia/NS-210/2013,2560
A/Samara/73/2013,A/Serbia/NS-210/2013,640
A/Serbia/NS-210/2013,A/Serbia/NS-210/2013,1280
A/Hong Kong/146/2013,A/Serbia/NS-210/2013,640
A/Almaty/2958/2013,A/Serbia/NS-210/2013,1280
A/South Africa/4655/2013,A/Serbia/NS-210/2013,160
A/South Africa/4655/2013,A/Serbia/NS-210/2013,160
A/South Africa/4655/2013,A/Serbia/NS-210/2013,160
A/Stockholm/1/2013,A/Serbia/NS-210/2013,160
A/Tehran/30732/2013,A/Serbia/NS-210/2013,320
A/Zambia/13/093,A/Serbia/NS-210/2013,<40
A/Zambia/13/262,A/Serbia/NS-210/2013,640
A/Zambia/13/127,A/Serbia/NS-210/2013,640
A/Zambia/13/338,A/Serbia/NS-210/2013,320
A/Zambia/13/109,A/Serbia/NS-210/2013,320
A/Norway/86/2014,A/Serbia/NS-210/2013,160
A/Norway/160/2014,A/Serbia/NS-210/2013,320
A/Norway/184/2014,A/Serbia/NS-210/2013,320
A/Norway/163/2014,A/Serbia/NS-210/2013,320
A/Norway/161/2014,A/Serbia/NS-210/2013,320
A/Norway/228/2014,A/Serbia/NS-210/2013,320
A/Norway/162/2014,A/Serbia/NS-210/2013,320
A/Norway/120/2014,A/Serbia/NS-210/2013,320
A/Norway/226/2014,A/Serbia/NS-210/2013,160
A/Norway/208/2014,A/Serbia/NS-210/2013,320
A/Switzerland/10030276/2014,A/Serbia/NS-210/2013,320
A/Dnipro/230/2014,A/Serbia/NS-210/2013,320
A/Dnipro/232/2014,A/Serbia/NS-210/2013,640
A/Poland/1877/2014,A/Serbia/NS-210/2013,320
A/Norway/1003/2014,A/Serbia/NS-210/2013,160
A/Georgia/495/2014,A/Serbia/NS-210/2013,320
A/Dnipro/233/2014,A/Serbia/NS-210/2013,160
A/Norway/1020/2014,A/Serbia/NS-210/2013,80
A/Georgia/542/2014,A/Serbia/NS-210/2013,320
A/Georgia/584/2014,A/Serbia/NS-210/2013,<40
A/Norway/1130/2014,A/Serbia/NS-210/2013,160
A/Dnipro/234/2014,A/Serbia/NS-210/2013,320
A/Norway/1078/2014,A/Serbia/NS-210/2013,160
A/Poland/3464/2014,A/Serbia/NS-210/2013,160
A/Switzerland/10261363/2014,A/Serbia/NS-210/2013,640
A/Georgia/699/2014,A/Serbia/NS-210/2013,320
A/Switzerland/10295858/2014,A/Serbia/NS-210/2013,640
A/Switzerland/10295823/2014,A/Serbia/NS-210/2013,320
A/Switzerland/10295759/2014,A/Serbia/NS-210/2013,160
A/Perth/16/2009,A/Hong Kong/146/2013,160
A/Victoria/361/2011,A/Hong Kong/146/2013,160
A/Athens/112/2012,A/Hong Kong/146/2013,320
A/Texas/50/2012,A/Hong Kong/146/2013,1280
A/Samara/73/2013,A/Hong Kong/146/2013,1280
A/Serbia/NS-210/2013,A/Hong Kong/146/2013,1280
A/Hong Kong/146/2013,A/Hong Kong/146/2013,2560
A/Almaty/2958/2013,A/Hong Kong/146/2013,2560
A/South Africa/4655/2013,A/Hong Kong/146/2013,320
A/South Africa/4655/2013,A/Hong Kong/146/2013,320
A/South Africa/4655/2013,A/Hong Kong/146/2013,320
A/Stockholm/1/2013,A/Hong Kong/146/2013,320
A/Tehran/30732/2013,A/Hong Kong/146/2013,320
A/Zambia/13/093,A/Hong Kong/146/2013,80
A/Zambia/13/262,A/Hong Kong/146/2013,320
A/Zambia/13/127,A/Hong Kong/146/2013,1280
A/Zambia/13/338,A/Hong Kong/146/2013,320
A/Zambia/13/109,A/Hong Kong/146/2013,320
A/Norway/86/2014,A/Hong Kong/146/2013,160
A/Norway/160/2014,A/Hong Kong/146/2013,320
A/Norway/184/2014,A/Hong Kong/146/2013,640
A/Norway/163/2014,A/Hong Kong/146/2013,320
A/Norway/161/2014,A/Hong Kong/146/2013,320
A/Norway/228/2014,A/Hong Kong/146/2013,320
A/Norway/162/2014,A/Hong Kong/146/2013,320
A/Norway/120/2014,A/Hong Kong/146/2013,320
A/Norway/226/2014,A/Hong Kong/146/2013,160
A/Norway/208/2014,A/Hong Kong/146/2013,320
A/Switzerland/10030276/2014,A/Hong Kong/146/2013,320
A/Dnipro/230/2014,A/Hong Kong/146/2013,640
A/Dnipro/232/2014,A/Hong Kong/146/2013,640
A/Poland/1877/2014,A/Hong Kong/146/2013,320
A/Norway/1003/2014,A/Hong Kong/146/2013,160
A/Georgia/495/2014,A/Hong Kong/146/2013,640
A/Dnipro/233/2014,A/Hong Kong/146/2013,160
A/Norway/1020/2014,A/Hong Kong/146/2013,80
A/Georgia/542/2014,A/Hong Kong/146/2013,320
A/Georgia/584/2014,A/Hong Kong/146/2013,320
A/Norway/1130/2014,A/Hong Kong/146/2013,320
A/Dnipro/234/2014,A/Hong Kong/146/2013,640
A/Norway/1078/2014,A/Hong Kong/146/2013,160
A/Poland/3464/2014,A/Hong Kong/146/2013,320
A/Switzerland/10261363/2014,A/Hong Kong/146/2013,320
A/Georgia/699/2014,A/Hong Kong/146/2013,320
A/Switzerland/10295858/2014,A/Hong Kong/146/2013,320
A/Switzerland/10295823/2014,A/Hong Kong/146/2013,160
A/Switzerland/10295759/2014,A/Hong Kong/146/2013,160
A/Perth/16/2009,A/Almaty/2958/2013,160
A/Victoria/361/2011,A/Almaty/2958/2013,160
A/Athens/112/2012,A/Almaty/2958/2013,320
A/Texas/50/2012,A/Almaty/2958/2013,640
A/Samara/73/2013,A/Almaty/2958/2013,640
A/Serbia/NS-210/2013,A/Almaty/2958/2013,1280
A/Hong Kong/146/2013,A/Almaty/2958/2013,1280
A/Almaty/2958/2013,A/Almaty/2958/2013,1280
A/South Africa/4655/2013,A/Almaty/2958/2013,160
A/South Africa/4655/2013,A/Almaty/2958/2013,160
A/South Africa/4655/2013,A/Almaty/2958/2013,80
A/Stockholm/1/2013,A/Almaty/2958/2013,160
A/Tehran/30732/2013,A/Almaty/2958/2013,320
A/Zambia/13/093,A/Almaty/2958/2013,160
A/Zambia/13/262,A/Almaty/2958/2013,320
A/Zambia/13/127,A/Almaty/2958/2013,640
A/Zambia/13/338,A/Almaty/2958/2013,320
A/Zambia/13/109,A/Almaty/2958/2013,320
A/Norway/86/2014,A/Almaty/2958/2013,160
A/Norway/160/2014,A/Almaty/2958/2013,320
A/Norway/184/2014,A/Almaty/2958/2013,320
A/Norway/163/2014,A/Almaty/2958/2013,320
A/Norway/161/2014,A/Almaty/2958/2013,320
A/Norway/228/2014,A/Almaty/2958/2013,320
A/Norway/162/2014,A/Almaty/2958/2013,320
A/Norway/120/2014,A/Almaty/2958/2013,320
A/Norway/226/2014,A/Almaty/2958/2013,160
A/Norway/208/2014,A/Almaty/2958/2013,320
A/Switzerland/10030276/2014,A/Almaty/2958/2013,320
A/Dnipro/230/2014,A/Almaty/2958/2013,640
A/Dnipro/232/2014,A/Almaty/2958/2013,640
A/Poland/1877/2014,A/Almaty/2958/2013,320
A/Norway/1003/2014,A/Almaty/2958/2013,160
A/Georgia/495/2014,A/Almaty/2958/2013,320
A/Dnipro/233/2014,A/Almaty/2958/2013,160
A/Norway/1020/2014,A/Almaty/2958/2013,160
A/Georgia/542/2014,A/Almaty/2958/2013,320
A/Georgia/584/2014,A/Almaty/2958/2013,160
A/Norway/1130/2014,A/Almaty/2958/2013,160
A/Dnipro/234/2014,A/Almaty/2958/2013,320
A/Norway/1078/2014,A/Almaty/2958/2013,160
A/Poland/3464/2014,A/Almaty/2958/2013,320
A/Switzerland/10261363/2014,A/Almaty/2958/2013,320
A/Georgia/699/2014,A/Almaty/2958/2013,320
A/Switzerland/10295858/2014,A/Almaty/2958/2013,640
A/Switzerland/10295823/2014,A/Almaty/2958/2013,320
A/Switzerland/10295759/2014,A/Almaty/2958/2013,160
A/Perth/16/2009,A/South Africa/4655/2013,80
A/Victoria/361/2011,A/South Africa/4655/2013,160
A/Athens/112/2012,A/South Africa/4655/2013,320
A/Texas/50/2012,A/South Africa/4655/2013,640
A/Samara/73/2013,A/South Africa/4655/2013,640
A/Serbia/NS-210/2013,A/South Africa/4655/2013,640
A/Hong Kong/146/2013,A/South Africa/4655/2013,640
A/Almaty/2958/2013,A/South Africa/4655/2013,640
A/South Africa/4655/2013,A/South Africa/4655/2013,160
A/South Africa/4655/2013,A/South Africa/4655/2013,80
A/South Africa/4655/2013,A/South Africa/4655/2013,80
A/Stockholm/1/2013,A/South Africa/4655/2013,80
A/Tehran/30732/2013,A/South Africa/4655/2013,320
A/Zambia/13/093,A/South Africa/4655/2013,160
A/Zambia/13/262,A/South Africa/4655/2013,320
A/Zambia/13/127,A/South Africa/4655/2013,640
A/Zambia/13/338,A/South Africa/4655/2013,320
A/Zambia/13/109,A/South Africa/4655/2013,320
A/Norway/86/2014,A/South Africa/4655/2013,160
A/Norway/160/2014,A/South Africa/4655/2013,320
A/Norway/184/2014,A/South Africa/4655/2013,320
A/Norway/163/2014,A/South Africa/4655/2013,320
A/Norway/161/2014,A/South Africa/4655/2013,320
A/Norway/228/2014,A/South Africa/4655/2013,320
A/Norway/162/2014,A/South Africa/4655/2013,320
A/Norway/120/2014,A/South Africa/4655/2013,320
A/Norway/226/2014,A/South Africa/4655/2013,160
A/Norway/208/2014,A/South Africa/4655/2013,320
A/Switzerland/10030276/2014,A/South Africa/4655/2013,320
A/Dnipro/230/2014,A/South Africa/4655/2013,320
A/Dnipro/232/2014,A/South Africa/4655/2013,640
A/Poland/1877/2014,A/South Africa/4655/2013,320
A/Norway/1003/2014,A/South Africa/4655/2013,320
A/Georgia/495/2014,A/South Africa/4655/2013,320
A/Dnipro/233/2014,A/South Africa/4655/2013,160
A/Norway/1020/2014,A/South Africa/4655/2013,160
A/Georgia/542/2014,A/South Africa/4655/2013,320
A/Georgia/584/2014,A/South Africa/4655/2013,320
A/Norway/1130/2014,A/South Africa/4655/2013,320
A/Dnipro/234/2014,A/South Africa/4655/2013,320
A/Norway/1078/2014,A/South Africa/4655/2013,160
A/Poland/3464/2014,A/South Africa/4655/2013,160
A/Switzerland/10261363/2014,A/South Africa/4655/2013,320
A/Georgia/699/2014,A/South Africa/4655/2013,320
A/Switzerland/10295858/2014,A/South Africa/4655/2013,640
A/Switzerland/10295823/2014,A/South Africa/4655/2013,320
A/Switzerland/10295759/2014,A/South Africa/4655/2013,320
A/Perth/16/2009,A/South Africa/4655/2013,40
A/Victoria/361/2011,A/South Africa/4655/2013,80
A/Athens/112/2012,A/South Africa/4655/2013,80
A/Texas/50/2012,A/South Africa/4655/2013,160
A/Samara/73/2013,A/South Africa/4655/2013,160
A/Serbia/NS-210/2013,A/South Africa/4655/2013,80
A/Hong Kong/146/2013,A/South Africa/4655/2013,160
A/Almaty/2958/2013,A/South Africa/4655/2013,160
A/South Africa/4655/2013,A/South Africa/4655/2013,320
A/South Africa/4655/2013,A/South Africa/4655/2013,320
A/South Africa/4655/2013,A/South Africa/4655/2013,320
A/Stockholm/1/2013,A/South Africa/4655/2013,320
A/Tehran/30732/2013,A/South Africa/4655/2013,80
A/Zambia/13/093,A/South Africa/4655/2013,40
A/Zambia/13/262,A/South Africa/4655/2013,160
A/Zambia/13/127,A/South Africa/4655/2013,160
A/Zambia/13/338,A/South Africa/4655/2013,80
A/Zambia/13/109,A/South Africa/4655/2013,80
A/Norway/86/2014,A/South Africa/4655/2013,80
A/Norway/160/2014,A/South Africa/4655/2013,80
A/Norway/184/2014,A/South Africa/4655/2013,80
A/Norway/163/2014,A/South Africa/4655/2013,80
A/Norway/161/2014,A/South Africa/4655/2013,80
A/Norway/228/2014,A/South Africa/4655/2013,80
A/Norway/162/2014,A/South Africa/4655/2013,80
A/Norway/120/2014,A/South Africa/4655/2013,80
A/Norway/226/2014,A/South Africa/4655/2013,80
A/Norway/208/2014,A/South Africa/4655/2013,80
A/Switzerland/10030276/2014,A/South Africa/4655/2013,160
A/Dnipro/230/2014,A/South Africa/4655/2013,160
A/Dnipro/232/2014,A/South Africa/4655/2013,160
A/Poland/1877/2014,A/South Africa/4655/2013,80
A/Norway/1003/2014,A/South Africa/4655/2013,40
A/Georgia/495/2014,A/South Africa/4655/2013,80
A/Dnipro/233/2014,A/South Africa/4655/2013,40
A/Norway/1020/2014,A/South Africa/4655/2013,<40
A/Georgia/542/2014,A/South Africa/4655/2013,80
A/Georgia/584/2014,A/South Africa/4655/2013,80
A/Norway/1130/2014,A/South Africa/4655/2013,80
A/Dnipro/234/2014,A/South Africa/4655/2013,80
A/Norway/1078/2014,A/South Africa/4655/2013,40
A/Poland/3464/2014,A/South Africa/4655/2013,80
A/Switzerland/10261363/2014,A/South Africa/4655/2013,80
A/Georgia/699/2014,A/South Africa/4655/2013,80
A/Switzerland/10295858/2014,A/South Africa/4655/2013,160
A/Switzerland/10295823/2014,A/South Africa/4655/2013,80
A/Switzerland/10295759/2014,A/South Africa/4655/2013,40
A/Perth/16/2009,A/South Africa/4655/2013,80
A/Victoria/361/2011,A/South Africa/4655/2013,40
A/Athens/112/2012,A/South Africa/4655/2013,160
A/Texas/50/2012,A/South Africa/4655/2013,320
A/Samara/73/2013,A/South Africa/4655/2013,320
A/Serbia/NS-210/2013,A/South Africa/4655/2013,320
A/Hong Kong/146/2013,A/South Africa/4655/2013,640
A/Almaty/2958/2013,A/South Africa/4655/2013,320
A/South Africa/4655/2013,A/South Africa/4655/2013,1280
A/South Africa/4655/2013,A/South Africa/4655/2013,1280
A/South Africa/4655/2013,A/South Africa/4655/2013,1280
A/Stockholm/1/2013,A/South Africa/4655/2013,1280
A/Tehran/30732/2013,A/South Africa/4655/2013,80
A/Zambia/13/093,A/South Africa/4655/2013,<40
A/Zambia/13/262,A/South Africa/4655/2013,160
A/Zambia/13/127,A/South Africa/4655/2013,160
A/Zambia/13/338,A/South Africa/4655/2013,80
A/Zambia/13/109,A/South Africa/4655/2013,80
A/Norway/86/2014,A/South Africa/4655/2013,80
A/Norway/160/2014,A/South Africa/4655/2013,80
A/Norway/184/2014,A/South Africa/4655/2013,160
A/Norway/163/2014,A/South Africa/4655/2013,160
A/Norway/161/2014,A/South Africa/4655/2013,160
A/Norway/228/2014,A/South Africa/4655/2013,160
A/Norway/162/2014,A/South Africa/4655/2013,80
A/Norway/120/2014,A/South Africa/4655/2013,80
A/Norway/226/2014,A/South Africa/4655/2013,80
A/Norway/208/2014,A/South Africa/4655/2013,80
A/Switzerland/10030276/2014,A/South Africa/4655/2013,160
A/Dnipro/230/2014,A/South Africa/4655/2013,160
A/Dnipro/232/2014,A/South Africa/4655/2013,160
A/Poland/1877/2014,A/South Africa/4655/2013,80
A/Norway/1003/2014,A/South Africa/4655/2013,80
A/Georgia/495/2014,A/South Africa/4655/2013,80
A/Dnipro/233/2014,A/South Africa/4655/2013,80
A/Norway/1020/2014,A/South Africa/4655/2013,<40
A/Georgia/542/2014,A/South Africa/4655/2013,80
A/Georgia/584/2014,A/South Africa/4655/2013,40
A/Norway/1130/2014,A/South Africa/4655/2013,80
A/Dnipro/234/2014,A/South Africa/4655/2013,160
A/Norway/1078/2014,A/South Africa/4655/2013,80
A/Poland/3464/2014,A/South Africa/4655/2013,80
A/Switzerland/10261363/2014,A/South Africa/4655/2013,160
A/Georgia/699/2014,A/South Africa/4655/2013,80
A/Switzerland/10295858/2014,A/South Africa/4655/2013,160
A/Switzerland/10295823/2014,A/South Africa/4655/2013,80
A/Switzerland/10295759/2014,A/South Africa/4655/2013,40
A/Perth/16/2009,A/Stockholm/1/2013,80
A/Victoria/361/2011,A/Stockholm/1/2013,80
A/Athens/112/2012,A/Stockholm/1/2013,160
A/Texas/50/2012,A/Stockholm/1/2013,320
A/Samara/73/2013,A/Stockholm/1/2013,320
A/Serbia/NS-210/2013,A/Stockholm/1/2013,160
A/Hong Kong/146/2013,A/Stockholm/1/2013,320
A/Almaty/2958/2013,A/Stockholm/1/2013,160
A/South Africa/4655/2013,A/Stockholm/1/2013,160
A/South Africa/4655/2013,A/Stockholm/1/2013,320
A/South Africa/4655/2013,A/Stockholm/1/2013,320
A/Stockholm/1/2013,A/Stockholm/1/2013,320
A/Tehran/30732/2013,A/Stockholm/1/2013,160
A/Zambia/13/093,A/Stockholm/1/2013,40
A/Zambia/13/262,A/Stockholm/1/2013,160
A/Zambia/13/127,A/Stockholm/1/2013,320
A/Zambia/13/338,A/Stockholm/1/2013,160
A/Zambia/13/109,A/Stockholm/1/2013,160
A/Norway/86/2014,A/Stockholm/1/2013,80
A/Norway/160/2014,A/Stockholm/1/2013,160
A/Norway/184/2014,A/Stockholm/1/2013,160
A/Norway/163/2014,A/Stockholm/1/2013,160
A/Norway/161/2014,A/Stockholm/1/2013,160
A/Norway/228/2014,A/Stockholm/1/2013,160
A/Norway/162/2014,A/Stockholm/1/2013,160
A/Norway/120/2014,A/Stockholm/1/2013,160
A/Norway/226/2014,A/Stockholm/1/2013,80
A/Norway/208/2014,A/Stockholm/1/2013,160
A/Switzerland/10030276/2014,A/Stockholm/1/2013,320
A/Dnipro/230/2014,A/Stockholm/1/2013,160
A/Dnipro/232/2014,A/Stockholm/1/2013,160
A/Poland/1877/2014,A/Stockholm/1/2013,160
A/Norway/1003/2014,A/Stockholm/1/2013,80
A/Georgia/495/2014,A/Stockholm/1/2013,160
A/Dnipro/233/2014,A/Stockholm/1/2013,80
A/Norway/1020/2014,A/Stockholm/1/2013,80
A/Georgia/542/2014,A/Stockholm/1/2013,160
A/Georgia/584/2014,A/Stockholm/1/2013,80
A/Norway/1130/2014,A/Stockholm/1/2013,160
A/Dnipro/234/2014,A/Stockholm/1/2013,160
A/Norway/1078/2014,A/Stockholm/1/2013,160
A/Poland/3464/2014,A/Stockholm/1/2013,160
A/Switzerland/10261363/2014,A/Stockholm/1/2013,160
A/Georgia/699/2014,A/Stockholm/1/2013,160
A/Switzerland/10295858/2014,A/Stockholm/1/2013,320
A/Switzerland/10295823/2014,A/Stockholm/1/2013,160
A/Switzerland/10295759/2014,A/Stockholm/1/2013,160
A/Perth/16/2009,A/Perth/16/2009,1280
A/Victoria/361/2011,A/Perth/16/2009,80
A/Athens/112/2012,A/Perth/16/2009,40
A/Texas/50/2012,A/Perth/16/2009,640
A/Samara/73/2013,A/Perth/16/2009,160
A/Serbia/NS-210/2013,A/Perth/16/2009,320
A/Hong Kong/146/2013,A/Perth/16/2009,160
A/Almaty/2958/2013,A/Perth/16/2009,320
A/South Africa/4655/2013,A/Perth/16/2009,80
A/Stockholm/1/2013,A/Perth/16/2009,80
A/Ukraine/77/2014,A/Perth/16/2009,<40
A/Ukraine/86/2014,A/Perth/16/2009,<40
A/Kharkov/200/2014,A/Perth/16/2009,<40
A/Ukraine/105/2014,A/Perth/16/2009,40
A/Zhitomir/286/2014,A/Perth/16/2009,<40
A/Kharkov/201/2014,A/Perth/16/2009,<40
A/Zhitomir/290/2014,A/Perth/16/2009,<40
A/Dnipro/168/2014,A/Perth/16/2009,80
A/Perth/16/2009,A/Victoria/361/2011,160
A/Victoria/361/2011,A/Victoria/361/2011,320
A/Athens/112/2012,A/Victoria/361/2011,160
A/Texas/50/2012,A/Victoria/361/2011,2560
A/Samara/73/2013,A/Victoria/361/2011,640
A/Serbia/NS-210/2013,A/Victoria/361/2011,1280
A/Hong Kong/146/2013,A/Victoria/361/2011,640
A/Almaty/2958/2013,A/Victoria/361/2011,1280
A/South Africa/4655/2013,A/Victoria/361/2011,40
A/Stockholm/1/2013,A/Victoria/361/2011,40
A/Ukraine/77/2014,A/Victoria/361/2011,160
A/Ukraine/86/2014,A/Victoria/361/2011,160
A/Kharkov/200/2014,A/Victoria/361/2011,160
A/Ukraine/105/2014,A/Victoria/361/2011,160
A/Zhitomir/286/2014,A/Victoria/361/2011,160
A/Kharkov/201/2014,A/Victoria/361/2011,160
A/Zhitomir/290/2014,A/Victoria/361/2011,160
A/Dnipro/168/2014,A/Victoria/361/2011,320
A/Perth/16/2009,A/Athens/112/2012,640
A/Victoria/361/2011,A/Athens/112/2012,320
A/Athens/112/2012,A/Athens/112/2012,640
A/Texas/50/2012,A/Athens/112/2012,1280
A/Samara/73/2013,A/Athens/112/2012,1280
A/Serbia/NS-210/2013,A/Athens/112/2012,1280
A/Hong Kong/146/2013,A/Athens/112/2012,1280
A/Almaty/2958/2013,A/Athens/112/2012,1280
A/South Africa/4655/2013,A/Athens/112/2012,320
A/Stockholm/1/2013,A/Athens/112/2012,320
A/Ukraine/77/2014,A/Athens/112/2012,320
A/Ukraine/86/2014,A/Athens/112/2012,640
A/Kharkov/200/2014,A/Athens/112/2012,640
A/Ukraine/105/2014,A/Athens/112/2012,320
A/Zhitomir/286/2014,A/Athens/112/2012,320
A/Kharkov/201/2014,A/Athens/112/2012,320
A/Zhitomir/290/2014,A/Athens/112/2012,320
A/Dnipro/168/2014,A/Athens/112/2012,640
A/Perth/16/2009,A/Texas/50/2012,160
A/Victoria/361/2011,A/Texas/50/2012,160
A/Athens/112/2012,A/Texas/50/2012,160
A/Texas/50/2012,A/Texas/50/2012,1280
A/Samara/73/2013,A/Texas/50/2012,320
A/Serbia/NS-210/2013,A/Texas/50/2012,1280
A/Hong Kong/146/2013,A/Texas/50/2012,640
A/Almaty/2958/2013,A/Texas/50/2012,1280
A/South Africa/4655/2013,A/Texas/50/2012,160
A/Stockholm/1/2013,A/Texas/50/2012,80
A/Ukraine/77/2014,A/Texas/50/2012,80
A/Ukraine/86/2014,A/Texas/50/2012,160
A/Kharkov/200/2014,A/Texas/50/2012,80
A/Ukraine/105/2014,A/Texas/50/2012,160
A/Zhitomir/286/2014,A/Texas/50/2012,80
A/Kharkov/201/2014,A/Texas/50/2012,80
A/Zhitomir/290/2014,A/Texas/50/2012,80
A/Dnipro/168/2014,A/Texas/50/2012,160
A/Perth/16/2009,A/Samara/73/2013,160
A/Victoria/361/2011,A/Samara/73/2013,640
A/Athens/112/2012,A/Samara/73/2013,640
A/Texas/50/2012,A/Samara/73/2013,1280
A/Samara/73/2013,A/Samara/73/2013,1280
A/Serbia/NS-210/2013,A/Samara/73/2013,640
A/Hong Kong/146/2013,A/Samara/73/2013,1280
A/Almaty/2958/2013,A/Samara/73/2013,1280
A/South Africa/4655/2013,A/Samara/73/2013,320
A/Stockholm/1/2013,A/Samara/73/2013,160
A/Ukraine/77/2014,A/Samara/73/2013,320
A/Ukraine/86/2014,A/Samara/73/2013,640
A/Kharkov/200/2014,A/Samara/73/2013,320
A/Ukraine/105/2014,A/Samara/73/2013,640
A/Zhitomir/286/2014,A/Samara/73/2013,320
A/Kharkov/201/2014,A/Samara/73/2013,320
A/Zhitomir/290/2014,A/Samara/73/2013,320
A/Dnipro/168/2014,A/Samara/73/2013,640
A/Perth/16/2009,A/Serbia/NS-210/2013,160
A/Victoria/361/2011,A/Serbia/NS-210/2013,160
A/Athens/112/2012,A/Serbia/NS-210/2013,320
A/Texas/50/2012,A/Serbia/NS-210/2013,2560
A/Samara/73/2013,A/Serbia/NS-210/2013,640
A/Serbia/NS-210/2013,A/Serbia/NS-210/2013,1280
A/Hong Kong/146/2013,A/Serbia/NS-210/2013,640
A/Almaty/2958/2013,A/Serbia/NS-210/2013,1280
A/South Africa/4655/2013,A/Serbia/NS-210/2013,160
A/Stockholm/1/2013,A/Serbia/NS-210/2013,80
A/Ukraine/77/2014,A/Serbia/NS-210/2013,160
A/Ukraine/86/2014,A/Serbia/NS-210/2013,160
A/Kharkov/200/2014,A/Serbia/NS-210/2013,160
A/Ukraine/105/2014,A/Serbia/NS-210/2013,320
A/Zhitomir/286/2014,A/Serbia/NS-210/2013,160
A/Kharkov/201/2014,A/Serbia/NS-210/2013,160
A/Zhitomir/290/2014,A/Serbia/NS-210/2013,160
A/Dnipro/168/2014,A/Serbia/NS-210/2013,320
A/Perth/16/2009,A/Hong Kong/146/2013,320
A/Victoria/361/2011,A/Hong Kong/146/2013,320
A/Athens/112/2012,A/Hong Kong/146/2013,320
A/Texas/50/2012,A/Hong Kong/146/2013,1280
A/Samara/73/2013,A/Hong Kong/146/2013,1280
A/Serbia/NS-210/2013,A/Hong Kong/146/2013,1280
A/Hong Kong/146/2013,A/Hong Kong/146/2013,2560
A/Almaty/2958/2013,A/Hong Kong/146/2013,2560
A/South Africa/4655/2013,A/Hong Kong/146/2013,320
A/Stockholm/1/2013,A/Hong Kong/146/2013,160
A/Ukraine/77/2014,A/Hong Kong/146/2013,160
A/Ukraine/86/2014,A/Hong Kong/146/2013,320
A/Kharkov/200/2014,A/Hong Kong/146/2013,160
A/Ukraine/105/2014,A/Hong Kong/146/2013,320
A/Zhitomir/286/2014,A/Hong Kong/146/2013,160
A/Kharkov/201/2014,A/Hong Kong/146/2013,160
A/Zhitomir/290/2014,A/Hong Kong/146/2013,160
A/Dnipro/168/2014,A/Hong Kong/146/2013,320
A/Perth/16/2009,A/Almaty/2958/2013,160
A/Victoria/361/2011,A/Almaty/2958/2013,160
A/Athens/112/2012,A/Almaty/2958/2013,320
A/Texas/50/2012,A/Almaty/2958/2013,1280
A/Samara/73/2013,A/Almaty/2958/2013,640
A/Serbia/NS-210/2013,A/Almaty/2958/2013,1280
A/Hong Kong/146/2013,A/Almaty/2958/2013,1280
A/Almaty/2958/2013,A/Almaty/2958/2013,1280
A/South Africa/4655/2013,A/Almaty/2958/2013,80
A/Stockholm/1/2013,A/Almaty/2958/2013,80
A/Ukraine/77/2014,A/Almaty/2958/2013,160
A/Ukraine/86/2014,A/Almaty/2958/2013,160
A/Kharkov/200/2014,A/Almaty/2958/2013,160
A/Ukraine/105/2014,A/Almaty/2958/2013,160
A/Zhitomir/286/2014,A/Almaty/2958/2013,160
A/Kharkov/201/2014,A/Almaty/2958/2013,160
A/Zhitomir/290/2014,A/Almaty/2958/2013,160
A/Dnipro/168/2014,A/Almaty/2958/2013,320
A/Perth/16/2009,A/South Africa/4655/2013,40
A/Victoria/361/2011,A/South Africa/4655/2013,160
A/Athens/112/2012,A/South Africa/4655/2013,80
A/Texas/50/2012,A/South Africa/4655/2013,80
A/Samara/73/2013,A/South Africa/4655/2013,160
A/Serbia/NS-210/2013,A/South Africa/4655/2013,80
A/Hong Kong/146/2013,A/South Africa/4655/2013,160
A/Almaty/2958/2013,A/South Africa/4655/2013,80
A/South Africa/4655/2013,A/South Africa/4655/2013,320
A/Stockholm/1/2013,A/South Africa/4655/2013,160
A/Ukraine/77/2014,A/South Africa/4655/2013,40
A/Ukraine/86/2014,A/South Africa/4655/2013,80
A/Kharkov/200/2014,A/South Africa/4655/2013,80
A/Ukraine/105/2014,A/South Africa/4655/2013,80
A/Zhitomir/286/2014,A/South Africa/4655/2013,40
A/Kharkov/201/2014,A/South Africa/4655/2013,40
A/Zhitomir/290/2014,A/South Africa/4655/2013,40
A/Dnipro/168/2014,A/South Africa/4655/2013,80
A/Perth/16/2009,A/Stockholm/1/2013,80
A/Victoria/361/2011,A/Stockholm/1/2013,160
A/Athens/112/2012,A/Stockholm/1/2013,160
A/Texas/50/2012,A/Stockholm/1/2013,160
A/Samara/73/2013,A/Stockholm/1/2013,320
A/Serbia/NS-210/2013,A/Stockholm/1/2013,160
A/Hong Kong/146/2013,A/Stockholm/1/2013,160
A/Almaty/2958/2013,A/Stockholm/1/2013,160
A/South Africa/4655/2013,A/Stockholm/1/2013,160
A/Stockholm/1/2013,A/Stockholm/1/2013,160
A/Ukraine/77/2014,A/Stockholm/1/2013,80
A/Ukraine/86/2014,A/Stockholm/1/2013,160
A/Kharkov/200/2014,A/Stockholm/1/2013,160
A/Ukraine/105/2014,A/Stockholm/1/2013,160
A/Zhitomir/286/2014,A/Stockholm/1/2013,80
A/Kharkov/201/2014,A/Stockholm/1/2013,160
A/Zhitomir/290/2014,A/Stockholm/1/2013,80
A/Dnipro/168/2014,A/Stockholm/1/2013,160
A/Perth/16/2009,A/Perth/16/2009,640
A/Victoria/361/2011,A/Perth/16/2009,80
A/Texas/50/2012,A/Perth/16/2009,320
A/Samara/73/2013,A/Perth/16/2009,80
A/Serbia/NS-210/2013,A/Perth/16/2009,320
A/Hong Kong/146/2013,A/Perth/16/2009,320
A/Almaty/2958/2013,A/Perth/16/2009,640
A/South Africa/4655/2013,A/Perth/16/2009,80
A/Stockholm/1/2013,A/Perth/16/2009,40
A/Stockholm/6/2014,A/Perth/16/2009,<40
A/Norway/53/2014,A/Perth/16/2009,<40
A/Norway/3331/2013,A/Perth/16/2009,<40
A/Norway/104/2014,A/Perth/16/2009,<40
A/Norway/18/2014,A/Perth/16/2009,<40
A/Norway/58/2014,A/Perth/16/2009,<40
A/Norway/70/2014,A/Perth/16/2009,80
A/Norway/115/2014,A/Perth/16/2009,<40
A/Norway/133/2014,A/Perth/16/2009,40
A/Norway/67/2014,A/Perth/16/2009,80
A/Roma/2/2014,A/Perth/16/2009,<40
A/Sassari/1/2014,A/Perth/16/2009,<40
A/Parma/8/2014,A/Perth/16/2009,80
A/Roma/3/2014,A/Perth/16/2009,<40
A/Trieste/10/2014,A/Perth/16/2009,<40
A/Milano/31/2014,A/Perth/16/2009,<40
A/Roma/5/2014,A/Perth/16/2009,40
A/Roma/7/2014,A/Perth/16/2009,<40
A/Milano/58/2014,A/Perth/16/2009,<40
A/Firenze/6/2014,A/Perth/16/2009,40
A/Sassari/10/2014,A/Perth/16/2009,<40
A/Parma/28/2014,A/Perth/16/2009,40
A/Parma/33/2014,A/Perth/16/2009,40
A/Milano/84/2014,A/Perth/16/2009,<40
A/Roma/11/2014,A/Perth/16/2009,40
A/Firenze/9/2014,A/Perth/16/2009,<40
A/Sassari/12/2014,A/Perth/16/2009,40
A/Milano/72/2014,A/Perth/16/2009,<40
A/Sassari/15/2014,A/Perth/16/2009,<40
A/Ukraine/67/2014,A/Perth/16/2009,<40
A/Milano/101/2014,A/Perth/16/2009,40
A/Parma/40/2014,A/Perth/16/2009,<40
A/Milano/113/2014,A/Perth/16/2009,<40
A/Genova/09/2014,A/Perth/16/2009,<40
A/Sassari/17/2014,A/Perth/16/2009,<40
A/Perth/16/2009,A/Victoria/361/2011,160
A/Victoria/361/2011,A/Victoria/361/2011,320
A/Texas/50/2012,A/Victoria/361/2011,1280
A/Samara/73/2013,A/Victoria/361/2011,320
A/Serbia/NS-210/2013,A/Victoria/361/2011,1280
A/Hong Kong/146/2013,A/Victoria/361/2011,640
A/Almaty/2958/2013,A/Victoria/361/2011,1280
A/South Africa/4655/2013,A/Victoria/361/2011,80
A/Stockholm/1/2013,A/Victoria/361/2011,80
A/Stockholm/6/2014,A/Victoria/361/2011,40
A/Norway/53/2014,A/Victoria/361/2011,160
A/Norway/3331/2013,A/Victoria/361/2011,160
A/Norway/104/2014,A/Victoria/361/2011,320
A/Norway/18/2014,A/Victoria/361/2011,80
A/Norway/58/2014,A/Victoria/361/2011,160
A/Norway/70/2014,A/Victoria/361/2011,320
A/Norway/115/2014,A/Victoria/361/2011,320
A/Norway/133/2014,A/Victoria/361/2011,320
A/Norway/67/2014,A/Victoria/361/2011,320
A/Roma/2/2014,A/Victoria/361/2011,160
A/Sassari/1/2014,A/Victoria/361/2011,160
A/Parma/8/2014,A/Victoria/361/2011,320
A/Roma/3/2014,A/Victoria/361/2011,160
A/Trieste/10/2014,A/Victoria/361/2011,160
A/Milano/31/2014,A/Victoria/361/2011,160
A/Roma/5/2014,A/Victoria/361/2011,320
A/Roma/7/2014,A/Victoria/361/2011,160
A/Milano/58/2014,A/Victoria/361/2011,160
A/Firenze/6/2014,A/Victoria/361/2011,160
A/Sassari/10/2014,A/Victoria/361/2011,160
A/Parma/28/2014,A/Victoria/361/2011,160
A/Parma/33/2014,A/Victoria/361/2011,320
A/Milano/84/2014,A/Victoria/361/2011,320
A/Roma/11/2014,A/Victoria/361/2011,320
A/Firenze/9/2014,A/Victoria/361/2011,80
A/Sassari/12/2014,A/Victoria/361/2011,160
A/Milano/72/2014,A/Victoria/361/2011,80
A/Sassari/15/2014,A/Victoria/361/2011,160
A/Ukraine/67/2014,A/Victoria/361/2011,160
A/Milano/101/2014,A/Victoria/361/2011,320
A/Parma/40/2014,A/Victoria/361/2011,160
A/Milano/113/2014,A/Victoria/361/2011,160
A/Genova/09/2014,A/Victoria/361/2011,160
A/Sassari/17/2014,A/Victoria/361/2011,160
A/Perth/16/2009,A/Texas/50/2012,160
A/Victoria/361/2011,A/Texas/50/2012,320
A/Texas/50/2012,A/Texas/50/2012,1280
A/Samara/73/2013,A/Texas/50/2012,320
A/Serbia/NS-210/2013,A/Texas/50/2012,1280
A/Hong Kong/146/2013,A/Texas/50/2012,640
A/Almaty/2958/2013,A/Texas/50/2012,1280
A/South Africa/4655/2013,A/Texas/50/2012,160
A/Stockholm/1/2013,A/Texas/50/2012,160
A/Stockholm/6/2014,A/Texas/50/2012,40
A/Norway/53/2014,A/Texas/50/2012,160
A/Norway/3331/2013,A/Texas/50/2012,160
A/Norway/104/2014,A/Texas/50/2012,160
A/Norway/18/2014,A/Texas/50/2012,80
A/Norway/58/2014,A/Texas/50/2012,160
A/Norway/70/2014,A/Texas/50/2012,160
A/Norway/115/2014,A/Texas/50/2012,160
A/Norway/133/2014,A/Texas/50/2012,320
A/Norway/67/2014,A/Texas/50/2012,160
A/Roma/2/2014,A/Texas/50/2012,160
A/Sassari/1/2014,A/Texas/50/2012,160
A/Parma/8/2014,A/Texas/50/2012,320
A/Roma/3/2014,A/Texas/50/2012,160
A/Trieste/10/2014,A/Texas/50/2012,160
A/Milano/31/2014,A/Texas/50/2012,160
A/Roma/5/2014,A/Texas/50/2012,160
A/Roma/7/2014,A/Texas/50/2012,160
A/Milano/58/2014,A/Texas/50/2012,80
A/Firenze/6/2014,A/Texas/50/2012,160
A/Sassari/10/2014,A/Texas/50/2012,160
A/Parma/28/2014,A/Texas/50/2012,160
A/Parma/33/2014,A/Texas/50/2012,320
A/Milano/84/2014,A/Texas/50/2012,160
A/Roma/11/2014,A/Texas/50/2012,160
A/Firenze/9/2014,A/Texas/50/2012,80
A/Sassari/12/2014,A/Texas/50/2012,160
A/Milano/72/2014,A/Texas/50/2012,80
A/Sassari/15/2014,A/Texas/50/2012,160
A/Ukraine/67/2014,A/Texas/50/2012,160
A/Milano/101/2014,A/Texas/50/2012,320
A/Parma/40/2014,A/Texas/50/2012,160
A/Milano/113/2014,A/Texas/50/2012,160
A/Genova/09/2014,A/Texas/50/2012,160
A/Sassari/17/2014,A/Texas/50/2012,160
A/Perth/16/2009,A/Samara/73/2013,160
A/Victoria/361/2011,A/Samara/73/2013,640
A/Texas/50/2012,A/Samara/73/2013,1280
A/Samara/73/2013,A/Samara/73/2013,640
A/Serbia/NS-210/2013,A/Samara/73/2013,1280
A/Hong Kong/146/2013,A/Samara/73/2013,1280
A/Almaty/2958/2013,A/Samara/73/2013,1280
A/South Africa/4655/2013,A/Samara/73/2013,320
A/Stockholm/1/2013,A/Samara/73/2013,320
A/Stockholm/6/2014,A/Samara/73/2013,320
A/Norway/53/2014,A/Samara/73/2013,320
A/Norway/3331/2013,A/Samara/73/2013,320
A/Norway/104/2014,A/Samara/73/2013,640
A/Norway/18/2014,A/Samara/73/2013,160
A/Norway/58/2014,A/Samara/73/2013,320
A/Norway/70/2014,A/Samara/73/2013,640
A/Norway/115/2014,A/Samara/73/2013,640
A/Norway/133/2014,A/Samara/73/2013,640
A/Norway/67/2014,A/Samara/73/2013,640
A/Roma/2/2014,A/Samara/73/2013,640
A/Sassari/1/2014,A/Samara/73/2013,640
A/Parma/8/2014,A/Samara/73/2013,1280
A/Roma/3/2014,A/Samara/73/2013,640
A/Trieste/10/2014,A/Samara/73/2013,320
A/Milano/31/2014,A/Samara/73/2013,320
A/Roma/5/2014,A/Samara/73/2013,640
A/Roma/7/2014,A/Samara/73/2013,640
A/Milano/58/2014,A/Samara/73/2013,320
A/Firenze/6/2014,A/Samara/73/2013,640
A/Sassari/10/2014,A/Samara/73/2013,320
A/Parma/28/2014,A/Samara/73/2013,320
A/Parma/33/2014,A/Samara/73/2013,1280
A/Milano/84/2014,A/Samara/73/2013,640
A/Roma/11/2014,A/Samara/73/2013,640
A/Firenze/9/2014,A/Samara/73/2013,320
A/Sassari/12/2014,A/Samara/73/2013,320
A/Milano/72/2014,A/Samara/73/2013,160
A/Sassari/15/2014,A/Samara/73/2013,320
A/Ukraine/67/2014,A/Samara/73/2013,640
A/Milano/101/2014,A/Samara/73/2013,640
A/Parma/40/2014,A/Samara/73/2013,320
A/Milano/113/2014,A/Samara/73/2013,320
A/Genova/09/2014,A/Samara/73/2013,320
A/Sassari/17/2014,A/Samara/73/2013,320
A/Perth/16/2009,A/Serbia/NS-210/2013,160
A/Victoria/361/2011,A/Serbia/NS-210/2013,320
A/Texas/50/2012,A/Serbia/NS-210/2013,1280
A/Samara/73/2013,A/Serbia/NS-210/2013,640
A/Serbia/NS-210/2013,A/Serbia/NS-210/2013,1280
A/Hong Kong/146/2013,A/Serbia/NS-210/2013,640
A/Almaty/2958/2013,A/Serbia/NS-210/2013,1280
A/South Africa/4655/2013,A/Serbia/NS-210/2013,160
A/Stockholm/1/2013,A/Serbia/NS-210/2013,160
A/Stockholm/6/2014,A/Serbia/NS-210/2013,160
A/Norway/53/2014,A/Serbia/NS-210/2013,160
A/Norway/3331/2013,A/Serbia/NS-210/2013,160
A/Norway/104/2014,A/Serbia/NS-210/2013,320
A/Norway/18/2014,A/Serbia/NS-210/2013,40
A/Norway/58/2014,A/Serbia/NS-210/2013,320
A/Norway/70/2014,A/Serbia/NS-210/2013,320
A/Norway/115/2014,A/Serbia/NS-210/2013,320
A/Norway/133/2014,A/Serbia/NS-210/2013,320
A/Norway/67/2014,A/Serbia/NS-210/2013,320
A/Roma/2/2014,A/Serbia/NS-210/2013,320
A/Sassari/1/2014,A/Serbia/NS-210/2013,320
A/Parma/8/2014,A/Serbia/NS-210/2013,640
A/Roma/3/2014,A/Serbia/NS-210/2013,320
A/Trieste/10/2014,A/Serbia/NS-210/2013,160
A/Milano/31/2014,A/Serbia/NS-210/2013,160
A/Roma/5/2014,A/Serbia/NS-210/2013,320
A/Roma/7/2014,A/Serbia/NS-210/2013,320
A/Milano/58/2014,A/Serbia/NS-210/2013,160
A/Firenze/6/2014,A/Serbia/NS-210/2013,320
A/Sassari/10/2014,A/Serbia/NS-210/2013,160
A/Parma/28/2014,A/Serbia/NS-210/2013,160
A/Parma/33/2014,A/Serbia/NS-210/2013,320
A/Milano/84/2014,A/Serbia/NS-210/2013,320
A/Roma/11/2014,A/Serbia/NS-210/2013,320
A/Firenze/9/2014,A/Serbia/NS-210/2013,160
A/Sassari/12/2014,A/Serbia/NS-210/2013,160
A/Milano/72/2014,A/Serbia/NS-210/2013,160
A/Sassari/15/2014,A/Serbia/NS-210/2013,320
A/Ukraine/67/2014,A/Serbia/NS-210/2013,160
A/Milano/101/2014,A/Serbia/NS-210/2013,320
A/Parma/40/2014,A/Serbia/NS-210/2013,160
A/Milano/113/2014,A/Serbia/NS-210/2013,160
A/Genova/09/2014,A/Serbia/NS-210/2013,320
A/Sassari/17/2014,A/Serbia/NS-210/2013,160
A/Perth/16/2009,A/Hong Kong/146/2013,160
A/Victoria/361/2011,A/Hong Kong/146/2013,320
A/Texas/50/2012,A/Hong Kong/146/2013,640
A/Samara/73/2013,A/Hong Kong/146/2013,640
A/Serbia/NS-210/2013,A/Hong Kong/146/2013,1280
A/Hong Kong/146/2013,A/Hong Kong/146/2013,2560
A/Almaty/2958/2013,A/Hong Kong/146/2013,2560
A/South Africa/4655/2013,A/Hong Kong/146/2013,320
A/Stockholm/1/2013,A/Hong Kong/146/2013,320
A/Stockholm/6/2014,A/Hong Kong/146/2013,160
A/Norway/53/2014,A/Hong Kong/146/2013,160
A/Norway/3331/2013,A/Hong Kong/146/2013,160
A/Norway/104/2014,A/Hong Kong/146/2013,320
A/Norway/18/2014,A/Hong Kong/146/2013,160
A/Norway/58/2014,A/Hong Kong/146/2013,160
A/Norway/70/2014,A/Hong Kong/146/2013,320
A/Norway/115/2014,A/Hong Kong/146/2013,320
A/Norway/133/2014,A/Hong Kong/146/2013,320
A/Norway/67/2014,A/Hong Kong/146/2013,320
A/Roma/2/2014,A/Hong Kong/146/2013,320
A/Sassari/1/2014,A/Hong Kong/146/2013,160
A/Parma/8/2014,A/Hong Kong/146/2013,640
A/Roma/3/2014,A/Hong Kong/146/2013,160
A/Trieste/10/2014,A/Hong Kong/146/2013,160
A/Milano/31/2014,A/Hong Kong/146/2013,320
A/Roma/5/2014,A/Hong Kong/146/2013,320
A/Roma/7/2014,A/Hong Kong/146/2013,160
A/Milano/58/2014,A/Hong Kong/146/2013,160
A/Firenze/6/2014,A/Hong Kong/146/2013,320
A/Sassari/10/2014,A/Hong Kong/146/2013,160
A/Parma/28/2014,A/Hong Kong/146/2013,320
A/Parma/33/2014,A/Hong Kong/146/2013,320
A/Milano/84/2014,A/Hong Kong/146/2013,320
A/Roma/11/2014,A/Hong Kong/146/2013,320
A/Firenze/9/2014,A/Hong Kong/146/2013,80
A/Sassari/12/2014,A/Hong Kong/146/2013,320
A/Milano/72/2014,A/Hong Kong/146/2013,80
A/Sassari/15/2014,A/Hong Kong/146/2013,320
A/Ukraine/67/2014,A/Hong Kong/146/2013,160
A/Milano/101/2014,A/Hong Kong/146/2013,320
A/Parma/40/2014,A/Hong Kong/146/2013,160
A/Milano/113/2014,A/Hong Kong/146/2013,320
A/Genova/09/2014,A/Hong Kong/146/2013,320
A/Sassari/17/2014,A/Hong Kong/146/2013,160
A/Perth/16/2009,A/Almaty/2958/2013,160
A/Victoria/361/2011,A/Almaty/2958/2013,320
A/Texas/50/2012,A/Almaty/2958/2013,1280
A/Samara/73/2013,A/Almaty/2958/2013,640
A/Serbia/NS-210/2013,A/Almaty/2958/2013,1280
A/Hong Kong/146/2013,A/Almaty/2958/2013,640
A/Almaty/2958/2013,A/Almaty/2958/2013,1280
A/South Africa/4655/2013,A/Almaty/2958/2013,160
A/Stockholm/1/2013,A/Almaty/2958/2013,160
A/Stockholm/6/2014,A/Almaty/2958/2013,160
A/Norway/53/2014,A/Almaty/2958/2013,160
A/Norway/3331/2013,A/Almaty/2958/2013,160
A/Norway/104/2014,A/Almaty/2958/2013,320
A/Norway/18/2014,A/Almaty/2958/2013,160
A/Norway/58/2014,A/Almaty/2958/2013,160
A/Norway/70/2014,A/Almaty/2958/2013,320
A/Norway/115/2014,A/Almaty/2958/2013,320
A/Norway/133/2014,A/Almaty/2958/2013,320
A/Norway/67/2014,A/Almaty/2958/2013,640
A/Roma/2/2014,A/Almaty/2958/2013,320
A/Sassari/1/2014,A/Almaty/2958/2013,320
A/Parma/8/2014,A/Almaty/2958/2013,640
A/Roma/3/2014,A/Almaty/2958/2013,160
A/Trieste/10/2014,A/Almaty/2958/2013,160
A/Milano/31/2014,A/Almaty/2958/2013,160
A/Roma/5/2014,A/Almaty/2958/2013,320
A/Roma/7/2014,A/Almaty/2958/2013,320
A/Milano/58/2014,A/Almaty/2958/2013,160
A/Firenze/6/2014,A/Almaty/2958/2013,320
A/Sassari/10/2014,A/Almaty/2958/2013,160
A/Parma/28/2014,A/Almaty/2958/2013,320
A/Parma/33/2014,A/Almaty/2958/2013,320
A/Milano/84/2014,A/Almaty/2958/2013,320
A/Roma/11/2014,A/Almaty/2958/2013,320
A/Firenze/9/2014,A/Almaty/2958/2013,80
A/Sassari/12/2014,A/Almaty/2958/2013,160
A/Milano/72/2014,A/Almaty/2958/2013,160
A/Sassari/15/2014,A/Almaty/2958/2013,320
A/Ukraine/67/2014,A/Almaty/2958/2013,160
A/Milano/101/2014,A/Almaty/2958/2013,320
A/Parma/40/2014,A/Almaty/2958/2013,160
A/Milano/113/2014,A/Almaty/2958/2013,160
A/Genova/09/2014,A/Almaty/2958/2013,160
A/Sassari/17/2014,A/Almaty/2958/2013,160
A/Perth/16/2009,A/South Africa/4655/2013,40
A/Victoria/361/2011,A/South Africa/4655/2013,80
A/Texas/50/2012,A/South Africa/4655/2013,80
A/Samara/73/2013,A/South Africa/4655/2013,80
A/Serbia/NS-210/2013,A/South Africa/4655/2013,80
A/Hong Kong/146/2013,A/South Africa/4655/2013,80
A/Almaty/2958/2013,A/South Africa/4655/2013,160
A/South Africa/4655/2013,A/South Africa/4655/2013,320
A/Stockholm/1/2013,A/South Africa/4655/2013,320
A/Stockholm/6/2014,A/South Africa/4655/2013,40
A/Norway/53/2014,A/South Africa/4655/2013,80
A/Norway/3331/2013,A/South Africa/4655/2013,80
A/Norway/104/2014,A/South Africa/4655/2013,80
A/Norway/18/2014,A/South Africa/4655/2013,<40
A/Norway/58/2014,A/South Africa/4655/2013,40
A/Norway/70/2014,A/South Africa/4655/2013,160
A/Norway/115/2014,A/South Africa/4655/2013,80
A/Norway/133/2014,A/South Africa/4655/2013,80
A/Norway/67/2014,A/South Africa/4655/2013,80
A/Roma/2/2014,A/South Africa/4655/2013,80
A/Sassari/1/2014,A/South Africa/4655/2013,80
A/Parma/8/2014,A/South Africa/4655/2013,160
A/Roma/3/2014,A/South Africa/4655/2013,80
A/Trieste/10/2014,A/South Africa/4655/2013,40
A/Milano/31/2014,A/South Africa/4655/2013,40
A/Roma/5/2014,A/South Africa/4655/2013,80
A/Roma/7/2014,A/South Africa/4655/2013,80
A/Milano/58/2014,A/South Africa/4655/2013,40
A/Firenze/6/2014,A/South Africa/4655/2013,80
A/Sassari/10/2014,A/South Africa/4655/2013,80
A/Parma/28/2014,A/South Africa/4655/2013,80
A/Parma/33/2014,A/South Africa/4655/2013,80
A/Milano/84/2014,A/South Africa/4655/2013,80
A/Roma/11/2014,A/South Africa/4655/2013,80
A/Firenze/9/2014,A/South Africa/4655/2013,40
A/Sassari/12/2014,A/South Africa/4655/2013,80
A/Milano/72/2014,A/South Africa/4655/2013,40
A/Sassari/15/2014,A/South Africa/4655/2013,80
A/Ukraine/67/2014,A/South Africa/4655/2013,80
A/Milano/101/2014,A/South Africa/4655/2013,80
A/Parma/40/2014,A/South Africa/4655/2013,40
A/Milano/113/2014,A/South Africa/4655/2013,80
A/Genova/09/2014,A/South Africa/4655/2013,80
A/Sassari/17/2014,A/South Africa/4655/2013,40
A/Perth/16/2009,A/Stockholm/1/2013,80
A/Victoria/361/2011,A/Stockholm/1/2013,160
A/Texas/50/2012,A/Stockholm/1/2013,160
A/Samara/73/2013,A/Stockholm/1/2013,160
A/Serbia/NS-210/2013,A/Stockholm/1/2013,160
A/Hong Kong/146/2013,A/Stockholm/1/2013,160
A/Almaty/2958/2013,A/Stockholm/1/2013,320
A/South Africa/4655/2013,A/Stockholm/1/2013,160
A/Stockholm/1/2013,A/Stockholm/1/2013,320
A/Stockholm/6/2014,A/Stockholm/1/2013,80
A/Norway/53/2014,A/Stockholm/1/2013,80
A/Norway/3331/2013,A/Stockholm/1/2013,80
A/Norway/104/2014,A/Stockholm/1/2013,160
A/Norway/18/2014,A/Stockholm/1/2013,40
A/Norway/58/2014,A/Stockholm/1/2013,80
A/Norway/70/2014,A/Stockholm/1/2013,160
A/Norway/115/2014,A/Stockholm/1/2013,160
A/Norway/133/2014,A/Stockholm/1/2013,160
A/Norway/67/2014,A/Stockholm/1/2013,160
A/Roma/2/2014,A/Stockholm/1/2013,160
A/Sassari/1/2014,A/Stockholm/1/2013,80
A/Parma/8/2014,A/Stockholm/1/2013,160
A/Roma/3/2014,A/Stockholm/1/2013,80
A/Trieste/10/2014,A/Stockholm/1/2013,80
A/Milano/31/2014,A/Stockholm/1/2013,80
A/Roma/5/2014,A/Stockholm/1/2013,160
A/Roma/7/2014,A/Stockholm/1/2013,160
A/Milano/58/2014,A/Stockholm/1/2013,80
A/Firenze/6/2014,A/Stockholm/1/2013,160
A/Sassari/10/2014,A/Stockholm/1/2013,80
A/Parma/28/2014,A/Stockholm/1/2013,160
A/Parma/33/2014,A/Stockholm/1/2013,160
A/Milano/84/2014,A/Stockholm/1/2013,160
A/Roma/11/2014,A/Stockholm/1/2013,160
A/Firenze/9/2014,A/Stockholm/1/2013,80
A/Sassari/12/2014,A/Stockholm/1/2013,80
A/Milano/72/2014,A/Stockholm/1/2013,40
A/Sassari/15/2014,A/Stockholm/1/2013,80
A/Ukraine/67/2014,A/Stockholm/1/2013,80
A/Milano/101/2014,A/Stockholm/1/2013,160
A/Parma/40/2014,A/Stockholm/1/2013,80
A/Milano/113/2014,A/Stockholm/1/2013,80
A/Genova/09/2014,A/Stockholm/1/2013,80
A/Sassari/17/2014,A/Stockholm/1/2013,80
A/Perth/16/2009,A/Stockholm/6/2014,40
A/Victoria/361/2011,A/Stockholm/6/2014,320
A/Texas/50/2012,A/Stockholm/6/2014,320
A/Samara/73/2013,A/Stockholm/6/2014,640
A/Serbia/NS-210/2013,A/Stockholm/6/2014,320
A/Hong Kong/146/2013,A/Stockholm/6/2014,160
A/Almaty/2958/2013,A/Stockholm/6/2014,320
A/South Africa/4655/2013,A/Stockholm/6/2014,80
A/Stockholm/1/2013,A/Stockholm/6/2014,160
A/Stockholm/6/2014,A/Stockholm/6/2014,640
A/Norway/53/2014,A/Stockholm/6/2014,320
A/Norway/3331/2013,A/Stockholm/6/2014,320
A/Norway/104/2014,A/Stockholm/6/2014,640
A/Norway/18/2014,A/Stockholm/6/2014,80
A/Norway/58/2014,A/Stockholm/6/2014,320
A/Norway/70/2014,A/Stockholm/6/2014,640
A/Norway/115/2014,A/Stockholm/6/2014,320
A/Norway/133/2014,A/Stockholm/6/2014,640
A/Norway/67/2014,A/Stockholm/6/2014,640
A/Roma/2/2014,A/Stockholm/6/2014,640
A/Sassari/1/2014,A/Stockholm/6/2014,320
A/Parma/8/2014,A/Stockholm/6/2014,640
A/Roma/3/2014,A/Stockholm/6/2014,320
A/Trieste/10/2014,A/Stockholm/6/2014,320
A/Milano/31/2014,A/Stockholm/6/2014,320
A/Roma/5/2014,A/Stockholm/6/2014,640
A/Roma/7/2014,A/Stockholm/6/2014,320
A/Milano/58/2014,A/Stockholm/6/2014,320
A/Firenze/6/2014,A/Stockholm/6/2014,320
A/Sassari/10/2014,A/Stockholm/6/2014,320
A/Parma/28/2014,A/Stockholm/6/2014,320
A/Parma/33/2014,A/Stockholm/6/2014,640
A/Milano/84/2014,A/Stockholm/6/2014,640
A/Roma/11/2014,A/Stockholm/6/2014,640
A/Firenze/9/2014,A/Stockholm/6/2014,160
A/Sassari/12/2014,A/Stockholm/6/2014,320
A/Milano/72/2014,A/Stockholm/6/2014,160
A/Sassari/15/2014,A/Stockholm/6/2014,320
A/Ukraine/67/2014,A/Stockholm/6/2014,320
A/Milano/101/2014,A/Stockholm/6/2014,640
A/Parma/40/2014,A/Stockholm/6/2014,320
A/Milano/113/2014,A/Stockholm/6/2014,320
A/Genova/09/2014,A/Stockholm/6/2014,640
A/Sassari/17/2014,A/Stockholm/6/2014,320
A/Perth/16/2009,A/Perth/16/2009,640
A/Victoria/361/2011,A/Perth/16/2009,80
A/Texas/50/2012,A/Perth/16/2009,320
A/Samara/73/2013,A/Perth/16/2009,80
A/Serbia/NS-210/2013,A/Perth/16/2009,320
A/Hong Kong/146/2013,A/Perth/16/2009,320
A/Almaty/2958/2013,A/Perth/16/2009,640
A/South Africa/4655/2013,A/Perth/16/2009,80
A/Stockholm/1/2013,A/Perth/16/2009,40
A/Stockholm/6/2014,A/Perth/16/2009,<40
A/Trieste/01/2014,A/Perth/16/2009,<40
A/Milano/13/2014,A/Perth/16/2009,<40
A/Serbia/NS-613/2014,A/Perth/16/2009,<40
A/Serbia/NS-619/2014,A/Perth/16/2009,<40
A/Serbia/NS-630/2014,A/Perth/16/2009,<40
A/Georgia/76/2014,A/Perth/16/2009,<40
A/Georgia/117/2014,A/Perth/16/2009,<40
A/Georgia/108/2014,A/Perth/16/2009,40
A/Norway/513/2014,A/Perth/16/2009,40
A/Norway/504/2014,A/Perth/16/2009,<40
A/Norway/507/2014,A/Perth/16/2009,<40
A/Norway/627/2014,A/Perth/16/2009,40
A/Norway/467/2014,A/Perth/16/2009,<40
A/Georgia/175/2014,A/Perth/16/2009,40
A/Georgia/215/2014,A/Perth/16/2009,<40
A/Georgia/231/2014,A/Perth/16/2009,<40
A/Georgia/241/2014,A/Perth/16/2009,40
A/Norway/580/2014,A/Perth/16/2009,<40
A/Serbia/NS-666/2014,A/Perth/16/2009,<40
A/Serbia/NS-669/2014,A/Perth/16/2009,<40
A/Belgium/14H0010/2014,A/Perth/16/2009,<40
A/Serbia/NS-670/2014,A/Perth/16/2009,40
A/Belgium/14S0070/2014,A/Perth/16/2009,40
A/Georgia/328/2014,A/Perth/16/2009,<40
A/Serbia/NS-682/2014,A/Perth/16/2009,<40
A/Ukraine/6095/2014,A/Perth/16/2009,80
A/Ukraine/6096/2014,A/Perth/16/2009,40
A/Ukraine/6097/2014,A/Perth/16/2009,40
A/Ukraine/6098/2014,A/Perth/16/2009,80
A/Serbia/NS-707/2014,A/Perth/16/2009,80
A/Ukraine/6069/2014,A/Perth/16/2009,40
A/Ukraine/6070/2014,A/Perth/16/2009,80
A/Ukraine/6174/2014,A/Perth/16/2009,40
A/Ukraine/6141/2014,A/Perth/16/2009,40
A/Belgium/14S0265/2014,A/Perth/16/2009,<40
A/Ukraine/6138/2014,A/Perth/16/2009,<40
A/Ukraine/6079/2014,A/Perth/16/2009,<40
A/Ukraine/6080/2014,A/Perth/16/2009,<40
A/Ukraine/6156/2014,A/Perth/16/2009,80
A/Ukraine/6158/2014,A/Perth/16/2009,<40
A/Ukraine/6159/2014,A/Perth/16/2009,80
A/Ukraine/6161/2014,A/Perth/16/2009,80
A/Perth/16/2009,A/Victoria/361/2011,160
A/Victoria/361/2011,A/Victoria/361/2011,320
A/Texas/50/2012,A/Victoria/361/2011,1280
A/Samara/73/2013,A/Victoria/361/2011,320
A/Serbia/NS-210/2013,A/Victoria/361/2011,1280
A/Hong Kong/146/2013,A/Victoria/361/2011,640
A/Almaty/2958/2013,A/Victoria/361/2011,1280
A/South Africa/4655/2013,A/Victoria/361/2011,80
A/Stockholm/1/2013,A/Victoria/361/2011,80
A/Stockholm/6/2014,A/Victoria/361/2011,40
A/Trieste/01/2014,A/Victoria/361/2011,160
A/Milano/13/2014,A/Victoria/361/2011,160
A/Serbia/NS-613/2014,A/Victoria/361/2011,160
A/Serbia/NS-619/2014,A/Victoria/361/2011,160
A/Serbia/NS-630/2014,A/Victoria/361/2011,320
A/Georgia/76/2014,A/Victoria/361/2011,160
A/Georgia/117/2014,A/Victoria/361/2011,160
A/Georgia/108/2014,A/Victoria/361/2011,160
A/Norway/513/2014,A/Victoria/361/2011,320
A/Norway/504/2014,A/Victoria/361/2011,320
A/Norway/507/2014,A/Victoria/361/2011,160
A/Norway/627/2014,A/Victoria/361/2011,320
A/Norway/467/2014,A/Victoria/361/2011,320
A/Georgia/175/2014,A/Victoria/361/2011,320
A/Georgia/215/2014,A/Victoria/361/2011,80
A/Georgia/231/2014,A/Victoria/361/2011,160
A/Georgia/241/2014,A/Victoria/361/2011,320
A/Norway/580/2014,A/Victoria/361/2011,160
A/Serbia/NS-666/2014,A/Victoria/361/2011,160
A/Serbia/NS-669/2014,A/Victoria/361/2011,160
A/Belgium/14H0010/2014,A/Victoria/361/2011,160
A/Serbia/NS-670/2014,A/Victoria/361/2011,320
A/Belgium/14S0070/2014,A/Victoria/361/2011,160
A/Georgia/328/2014,A/Victoria/361/2011,320
A/Serbia/NS-682/2014,A/Victoria/361/2011,160
A/Ukraine/6095/2014,A/Victoria/361/2011,320
A/Ukraine/6096/2014,A/Victoria/361/2011,320
A/Ukraine/6097/2014,A/Victoria/361/2011,320
A/Ukraine/6098/2014,A/Victoria/361/2011,640
A/Serbia/NS-707/2014,A/Victoria/361/2011,160
A/Ukraine/6069/2014,A/Victoria/361/2011,320
A/Ukraine/6070/2014,A/Victoria/361/2011,320
A/Ukraine/6174/2014,A/Victoria/361/2011,320
A/Ukraine/6141/2014,A/Victoria/361/2011,320
A/Belgium/14S0265/2014,A/Victoria/361/2011,160
A/Ukraine/6138/2014,A/Victoria/361/2011,160
A/Ukraine/6079/2014,A/Victoria/361/2011,160
A/Ukraine/6080/2014,A/Victoria/361/2011,160
A/Ukraine/6156/2014,A/Victoria/361/2011,640
A/Ukraine/6158/2014,A/Victoria/361/2011,160
A/Ukraine/6159/2014,A/Victoria/361/2011,320
A/Ukraine/6161/2014,A/Victoria/361/2011,320
A/Perth/16/2009,A/Texas/50/2012,160
A/Victoria/361/2011,A/Texas/50/2012,320
A/Texas/50/2012,A/Texas/50/2012,1280
A/Samara/73/2013,A/Texas/50/2012,320
A/Serbia/NS-210/2013,A/Texas/50/2012,1280
A/Hong Kong/146/2013,A/Texas/50/2012,640
A/Almaty/2958/2013,A/Texas/50/2012,1280
A/South Africa/4655/2013,A/Texas/50/2012,160
A/Stockholm/1/2013,A/Texas/50/2012,160
A/Stockholm/6/2014,A/Texas/50/2012,40
A/Trieste/01/2014,A/Texas/50/2012,160
A/Milano/13/2014,A/Texas/50/2012,160
A/Serbia/NS-613/2014,A/Texas/50/2012,80
A/Serbia/NS-619/2014,A/Texas/50/2012,160
A/Serbia/NS-630/2014,A/Texas/50/2012,160
A/Georgia/76/2014,A/Texas/50/2012,160
A/Georgia/117/2014,A/Texas/50/2012,160
A/Georgia/108/2014,A/Texas/50/2012,160
A/Norway/513/2014,A/Texas/50/2012,320
A/Norway/504/2014,A/Texas/50/2012,160
A/Norway/507/2014,A/Texas/50/2012,80
A/Norway/627/2014,A/Texas/50/2012,160
A/Norway/467/2014,A/Texas/50/2012,160
A/Georgia/175/2014,A/Texas/50/2012,320
A/Georgia/215/2014,A/Texas/50/2012,80
A/Georgia/231/2014,A/Texas/50/2012,160
A/Georgia/241/2014,A/Texas/50/2012,320
A/Norway/580/2014,A/Texas/50/2012,160
A/Serbia/NS-666/2014,A/Texas/50/2012,80
A/Serbia/NS-669/2014,A/Texas/50/2012,80
A/Belgium/14H0010/2014,A/Texas/50/2012,80
A/Serbia/NS-670/2014,A/Texas/50/2012,320
A/Belgium/14S0070/2014,A/Texas/50/2012,160
A/Georgia/328/2014,A/Texas/50/2012,160
A/Serbia/NS-682/2014,A/Texas/50/2012,80
A/Ukraine/6095/2014,A/Texas/50/2012,320
A/Ukraine/6096/2014,A/Texas/50/2012,320
A/Ukraine/6097/2014,A/Texas/50/2012,160
A/Ukraine/6098/2014,A/Texas/50/2012,320
A/Serbia/NS-707/2014,A/Texas/50/2012,320
A/Ukraine/6069/2014,A/Texas/50/2012,320
A/Ukraine/6070/2014,A/Texas/50/2012,320
A/Ukraine/6174/2014,A/Texas/50/2012,320
A/Ukraine/6141/2014,A/Texas/50/2012,160
A/Belgium/14S0265/2014,A/Texas/50/2012,80
A/Ukraine/6138/2014,A/Texas/50/2012,80
A/Ukraine/6079/2014,A/Texas/50/2012,160
A/Ukraine/6080/2014,A/Texas/50/2012,160
A/Ukraine/6156/2014,A/Texas/50/2012,320
A/Ukraine/6158/2014,A/Texas/50/2012,80
A/Ukraine/6159/2014,A/Texas/50/2012,320
A/Ukraine/6161/2014,A/Texas/50/2012,320
A/Perth/16/2009,A/Samara/73/2013,160
A/Victoria/361/2011,A/Samara/73/2013,640
A/Texas/50/2012,A/Samara/73/2013,1280
A/Samara/73/2013,A/Samara/73/2013,640
A/Serbia/NS-210/2013,A/Samara/73/2013,1280
A/Hong Kong/146/2013,A/Samara/73/2013,1280
A/Almaty/2958/2013,A/Samara/73/2013,1280
A/South Africa/4655/2013,A/Samara/73/2013,320
A/Stockholm/1/2013,A/Samara/73/2013,320
A/Stockholm/6/2014,A/Samara/73/2013,160
A/Trieste/01/2014,A/Samara/73/2013,320
A/Milano/13/2014,A/Samara/73/2013,320
A/Serbia/NS-613/2014,A/Samara/73/2013,320
A/Serbia/NS-619/2014,A/Samara/73/2013,320
A/Serbia/NS-630/2014,A/Samara/73/2013,640
A/Georgia/76/2014,A/Samara/73/2013,640
A/Georgia/117/2014,A/Samara/73/2013,320
A/Georgia/108/2014,A/Samara/73/2013,640
A/Norway/513/2014,A/Samara/73/2013,640
A/Norway/504/2014,A/Samara/73/2013,640
A/Norway/507/2014,A/Samara/73/2013,320
A/Norway/627/2014,A/Samara/73/2013,640
A/Norway/467/2014,A/Samara/73/2013,640
A/Georgia/175/2014,A/Samara/73/2013,640
A/Georgia/215/2014,A/Samara/73/2013,320
A/Georgia/231/2014,A/Samara/73/2013,320
A/Georgia/241/2014,A/Samara/73/2013,640
A/Norway/580/2014,A/Samara/73/2013,640
A/Serbia/NS-666/2014,A/Samara/73/2013,160
A/Serbia/NS-669/2014,A/Samara/73/2013,320
A/Belgium/14H0010/2014,A/Samara/73/2013,320
A/Serbia/NS-670/2014,A/Samara/73/2013,640
A/Belgium/14S0070/2014,A/Samara/73/2013,640
A/Georgia/328/2014,A/Samara/73/2013,640
A/Serbia/NS-682/2014,A/Samara/73/2013,320
A/Ukraine/6095/2014,A/Samara/73/2013,1280
A/Ukraine/6096/2014,A/Samara/73/2013,640
A/Ukraine/6097/2014,A/Samara/73/2013,640
A/Ukraine/6098/2014,A/Samara/73/2013,1280
A/Serbia/NS-707/2014,A/Samara/73/2013,640
A/Ukraine/6069/2014,A/Samara/73/2013,640
A/Ukraine/6070/2014,A/Samara/73/2013,640
A/Ukraine/6174/2014,A/Samara/73/2013,640
A/Ukraine/6141/2014,A/Samara/73/2013,640
A/Belgium/14S0265/2014,A/Samara/73/2013,320
A/Ukraine/6138/2014,A/Samara/73/2013,320
A/Ukraine/6079/2014,A/Samara/73/2013,640
A/Ukraine/6080/2014,A/Samara/73/2013,320
A/Ukraine/6156/2014,A/Samara/73/2013,1280
A/Ukraine/6158/2014,A/Samara/73/2013,320
A/Ukraine/6159/2014,A/Samara/73/2013,640
A/Ukraine/6161/2014,A/Samara/73/2013,1280
A/Perth/16/2009,A/Serbia/NS-210/2013,160
A/Victoria/361/2011,A/Serbia/NS-210/2013,320
A/Texas/50/2012,A/Serbia/NS-210/2013,1280
A/Samara/73/2013,A/Serbia/NS-210/2013,640
A/Serbia/NS-210/2013,A/Serbia/NS-210/2013,1280
A/Hong Kong/146/2013,A/Serbia/NS-210/2013,640
A/Almaty/2958/2013,A/Serbia/NS-210/2013,1280
A/South Africa/4655/2013,A/Serbia/NS-210/2013,160
A/Stockholm/1/2013,A/Serbia/NS-210/2013,160
A/Stockholm/6/2014,A/Serbia/NS-210/2013,160
A/Trieste/01/2014,A/Serbia/NS-210/2013,160
A/Milano/13/2014,A/Serbia/NS-210/2013,320
A/Serbia/NS-613/2014,A/Serbia/NS-210/2013,160
A/Serbia/NS-619/2014,A/Serbia/NS-210/2013,320
A/Serbia/NS-630/2014,A/Serbia/NS-210/2013,320
A/Georgia/76/2014,A/Serbia/NS-210/2013,320
A/Georgia/117/2014,A/Serbia/NS-210/2013,320
A/Georgia/108/2014,A/Serbia/NS-210/2013,320
A/Norway/513/2014,A/Serbia/NS-210/2013,320
A/Norway/504/2014,A/Serbia/NS-210/2013,320
A/Norway/507/2014,A/Serbia/NS-210/2013,160
A/Norway/627/2014,A/Serbia/NS-210/2013,160
A/Norway/467/2014,A/Serbia/NS-210/2013,320
A/Georgia/175/2014,A/Serbia/NS-210/2013,640
A/Georgia/215/2014,A/Serbia/NS-210/2013,160
A/Georgia/231/2014,A/Serbia/NS-210/2013,160
A/Georgia/241/2014,A/Serbia/NS-210/2013,320
A/Norway/580/2014,A/Serbia/NS-210/2013,320
A/Serbia/NS-666/2014,A/Serbia/NS-210/2013,160
A/Serbia/NS-669/2014,A/Serbia/NS-210/2013,160
A/Belgium/14H0010/2014,A/Serbia/NS-210/2013,160
A/Serbia/NS-670/2014,A/Serbia/NS-210/2013,640
A/Belgium/14S0070/2014,A/Serbia/NS-210/2013,160
A/Georgia/328/2014,A/Serbia/NS-210/2013,320
A/Serbia/NS-682/2014,A/Serbia/NS-210/2013,160
A/Ukraine/6095/2014,A/Serbia/NS-210/2013,640
A/Ukraine/6096/2014,A/Serbia/NS-210/2013,640
A/Ukraine/6097/2014,A/Serbia/NS-210/2013,320
A/Ukraine/6098/2014,A/Serbia/NS-210/2013,640
A/Serbia/NS-707/2014,A/Serbia/NS-210/2013,640
A/Ukraine/6069/2014,A/Serbia/NS-210/2013,320
A/Ukraine/6070/2014,A/Serbia/NS-210/2013,640
A/Ukraine/6174/2014,A/Serbia/NS-210/2013,640
A/Ukraine/6141/2014,A/Serbia/NS-210/2013,320
A/Belgium/14S0265/2014,A/Serbia/NS-210/2013,320
A/Ukraine/6138/2014,A/Serbia/NS-210/2013,160
A/Ukraine/6079/2014,A/Serbia/NS-210/2013,320
A/Ukraine/6080/2014,A/Serbia/NS-210/2013,160
A/Ukraine/6156/2014,A/Serbia/NS-210/2013,640
A/Ukraine/6158/2014,A/Serbia/NS-210/2013,160
A/Ukraine/6159/2014,A/Serbia/NS-210/2013,640
A/Ukraine/6161/2014,A/Serbia/NS-210/2013,640
A/Perth/16/2009,A/Hong Kong/146/2013,160
A/Victoria/361/2011,A/Hong Kong/146/2013,320
A/Texas/50/2012,A/Hong Kong/146/2013,1280
A/Samara/73/2013,A/Hong Kong/146/2013,640
A/Serbia/NS-210/2013,A/Hong Kong/146/2013,1280
A/Hong Kong/146/2013,A/Hong Kong/146/2013,2560
A/Almaty/2958/2013,A/Hong Kong/146/2013,2560
A/South Africa/4655/2013,A/Hong Kong/146/2013,320
A/Stockholm/1/2013,A/Hong Kong/146/2013,320
A/Stockholm/6/2014,A/Hong Kong/146/2013,80
A/Trieste/01/2014,A/Hong Kong/146/2013,160
A/Milano/13/2014,A/Hong Kong/146/2013,160
A/Serbia/NS-613/2014,A/Hong Kong/146/2013,160
A/Serbia/NS-619/2014,A/Hong Kong/146/2013,320
A/Serbia/NS-630/2014,A/Hong Kong/146/2013,320
A/Georgia/76/2014,A/Hong Kong/146/2013,320
A/Georgia/117/2014,A/Hong Kong/146/2013,320
A/Georgia/108/2014,A/Hong Kong/146/2013,320
A/Norway/513/2014,A/Hong Kong/146/2013,640
A/Norway/504/2014,A/Hong Kong/146/2013,320
A/Norway/507/2014,A/Hong Kong/146/2013,160
A/Norway/627/2014,A/Hong Kong/146/2013,320
A/Norway/467/2014,A/Hong Kong/146/2013,320
A/Georgia/175/2014,A/Hong Kong/146/2013,640
A/Georgia/215/2014,A/Hong Kong/146/2013,160
A/Georgia/231/2014,A/Hong Kong/146/2013,160
A/Georgia/241/2014,A/Hong Kong/146/2013,320
A/Norway/580/2014,A/Hong Kong/146/2013,160
A/Serbia/NS-666/2014,A/Hong Kong/146/2013,160
A/Serbia/NS-669/2014,A/Hong Kong/146/2013,160
A/Belgium/14H0010/2014,A/Hong Kong/146/2013,160
A/Serbia/NS-670/2014,A/Hong Kong/146/2013,640
A/Belgium/14S0070/2014,A/Hong Kong/146/2013,160
A/Georgia/328/2014,A/Hong Kong/146/2013,320
A/Serbia/NS-682/2014,A/Hong Kong/146/2013,160
A/Ukraine/6095/2014,A/Hong Kong/146/2013,640
A/Ukraine/6096/2014,A/Hong Kong/146/2013,320
A/Ukraine/6097/2014,A/Hong Kong/146/2013,320
A/Ukraine/6098/2014,A/Hong Kong/146/2013,640
A/Serbia/NS-707/2014,A/Hong Kong/146/2013,640
A/Ukraine/6069/2014,A/Hong Kong/146/2013,320
A/Ukraine/6070/2014,A/Hong Kong/146/2013,640
A/Ukraine/6174/2014,A/Hong Kong/146/2013,640
A/Ukraine/6141/2014,A/Hong Kong/146/2013,320
A/Belgium/14S0265/2014,A/Hong Kong/146/2013,160
A/Ukraine/6138/2014,A/Hong Kong/146/2013,160
A/Ukraine/6079/2014,A/Hong Kong/146/2013,320
A/Ukraine/6080/2014,A/Hong Kong/146/2013,160
A/Ukraine/6156/2014,A/Hong Kong/146/2013,1280
A/Ukraine/6158/2014,A/Hong Kong/146/2013,160
A/Ukraine/6159/2014,A/Hong Kong/146/2013,640
A/Ukraine/6161/2014,A/Hong Kong/146/2013,640
A/Perth/16/2009,A/Almaty/2958/2013,160
A/Victoria/361/2011,A/Almaty/2958/2013,320
A/Texas/50/2012,A/Almaty/2958/2013,1280
A/Samara/73/2013,A/Almaty/2958/2013,640
A/Serbia/NS-210/2013,A/Almaty/2958/2013,1280
A/Hong Kong/146/2013,A/Almaty/2958/2013,640
A/Almaty/2958/2013,A/Almaty/2958/2013,1280
A/South Africa/4655/2013,A/Almaty/2958/2013,160
A/Stockholm/1/2013,A/Almaty/2958/2013,160
A/Stockholm/6/2014,A/Almaty/2958/2013,160
A/Trieste/01/2014,A/Almaty/2958/2013,160
A/Milano/13/2014,A/Almaty/2958/2013,320
A/Serbia/NS-613/2014,A/Almaty/2958/2013,160
A/Serbia/NS-619/2014,A/Almaty/2958/2013,160
A/Serbia/NS-630/2014,A/Almaty/2958/2013,320
A/Georgia/76/2014,A/Almaty/2958/2013,320
A/Georgia/117/2014,A/Almaty/2958/2013,160
A/Georgia/108/2014,A/Almaty/2958/2013,320
A/Norway/513/2014,A/Almaty/2958/2013,640
A/Norway/504/2014,A/Almaty/2958/2013,320
A/Norway/507/2014,A/Almaty/2958/2013,160
A/Norway/627/2014,A/Almaty/2958/2013,320
A/Norway/467/2014,A/Almaty/2958/2013,320
A/Georgia/175/2014,A/Almaty/2958/2013,640
A/Georgia/215/2014,A/Almaty/2958/2013,160
A/Georgia/231/2014,A/Almaty/2958/2013,160
A/Georgia/241/2014,A/Almaty/2958/2013,320
A/Norway/580/2014,A/Almaty/2958/2013,320
A/Serbia/NS-666/2014,A/Almaty/2958/2013,160
A/Serbia/NS-669/2014,A/Almaty/2958/2013,160
A/Belgium/14H0010/2014,A/Almaty/2958/2013,160
A/Serbia/NS-670/2014,A/Almaty/2958/2013,320
A/Belgium/14S0070/2014,A/Almaty/2958/2013,320
A/Georgia/328/2014,A/Almaty/2958/2013,320
A/Serbia/NS-682/2014,A/Almaty/2958/2013,160
A/Ukraine/6095/2014,A/Almaty/2958/2013,640
A/Ukraine/6096/2014,A/Almaty/2958/2013,320
A/Ukraine/6097/2014,A/Almaty/2958/2013,320
A/Ukraine/6098/2014,A/Almaty/2958/2013,640
A/Serbia/NS-707/2014,A/Almaty/2958/2013,320
A/Ukraine/6069/2014,A/Almaty/2958/2013,320
A/Ukraine/6070/2014,A/Almaty/2958/2013,320
A/Ukraine/6174/2014,A/Almaty/2958/2013,320
A/Ukraine/6141/2014,A/Almaty/2958/2013,320
A/Belgium/14S0265/2014,A/Almaty/2958/2013,160
A/Ukraine/6138/2014,A/Almaty/2958/2013,160
A/Ukraine/6079/2014,A/Almaty/2958/2013,160
A/Ukraine/6080/2014,A/Almaty/2958/2013,160
A/Ukraine/6156/2014,A/Almaty/2958/2013,640
A/Ukraine/6158/2014,A/Almaty/2958/2013,160
A/Ukraine/6159/2014,A/Almaty/2958/2013,640
A/Ukraine/6161/2014,A/Almaty/2958/2013,640
A/Perth/16/2009,A/South Africa/4655/2013,40
A/Victoria/361/2011,A/South Africa/4655/2013,80
A/Texas/50/2012,A/South Africa/4655/2013,80
A/Samara/73/2013,A/South Africa/4655/2013,80
A/Serbia/NS-210/2013,A/South Africa/4655/2013,80
A/Hong Kong/146/2013,A/South Africa/4655/2013,80
A/Almaty/2958/2013,A/South Africa/4655/2013,160
A/South Africa/4655/2013,A/South Africa/4655/2013,320
A/Stockholm/1/2013,A/South Africa/4655/2013,320
A/Stockholm/6/2014,A/South Africa/4655/2013,40
A/Trieste/01/2014,A/South Africa/4655/2013,80
A/Milano/13/2014,A/South Africa/4655/2013,80
A/Serbia/NS-613/2014,A/South Africa/4655/2013,40
A/Serbia/NS-619/2014,A/South Africa/4655/2013,80
A/Serbia/NS-630/2014,A/South Africa/4655/2013,80
A/Georgia/76/2014,A/South Africa/4655/2013,80
A/Georgia/117/2014,A/South Africa/4655/2013,80
A/Georgia/108/2014,A/South Africa/4655/2013,80
A/Norway/513/2014,A/South Africa/4655/2013,160
A/Norway/504/2014,A/South Africa/4655/2013,80
A/Norway/507/2014,A/South Africa/4655/2013,40
A/Norway/627/2014,A/South Africa/4655/2013,80
A/Norway/467/2014,A/South Africa/4655/2013,80
A/Georgia/175/2014,A/South Africa/4655/2013,160
A/Georgia/215/2014,A/South Africa/4655/2013,40
A/Georgia/231/2014,A/South Africa/4655/2013,80
A/Georgia/241/2014,A/South Africa/4655/2013,80
A/Norway/580/2014,A/South Africa/4655/2013,80
A/Serbia/NS-666/2014,A/South Africa/4655/2013,40
A/Serbia/NS-669/2014,A/South Africa/4655/2013,40
A/Belgium/14H0010/2014,A/South Africa/4655/2013,80
A/Serbia/NS-670/2014,A/South Africa/4655/2013,160
A/Belgium/14S0070/2014,A/South Africa/4655/2013,80
A/Georgia/328/2014,A/South Africa/4655/2013,80
A/Serbia/NS-682/2014,A/South Africa/4655/2013,40
A/Ukraine/6095/2014,A/South Africa/4655/2013,160
A/Ukraine/6096/2014,A/South Africa/4655/2013,80
A/Ukraine/6097/2014,A/South Africa/4655/2013,80
A/Ukraine/6098/2014,A/South Africa/4655/2013,160
A/Serbia/NS-707/2014,A/South Africa/4655/2013,80
A/Ukraine/6069/2014,A/South Africa/4655/2013,160
A/Ukraine/6070/2014,A/South Africa/4655/2013,160
A/Ukraine/6174/2014,A/South Africa/4655/2013,80
A/Ukraine/6141/2014,A/South Africa/4655/2013,80
A/Belgium/14S0265/2014,A/South Africa/4655/2013,80
A/Ukraine/6138/2014,A/South Africa/4655/2013,40
A/Ukraine/6079/2014,A/South Africa/4655/2013,80
A/Ukraine/6080/2014,A/South Africa/4655/2013,40
A/Ukraine/6156/2014,A/South Africa/4655/2013,160
A/Ukraine/6158/2014,A/South Africa/4655/2013,40
A/Ukraine/6159/2014,A/South Africa/4655/2013,160
A/Ukraine/6161/2014,A/South Africa/4655/2013,160
A/Perth/16/2009,A/Stockholm/1/2013,80
A/Victoria/361/2011,A/Stockholm/1/2013,160
A/Texas/50/2012,A/Stockholm/1/2013,160
A/Samara/73/2013,A/Stockholm/1/2013,160
A/Serbia/NS-210/2013,A/Stockholm/1/2013,160
A/Hong Kong/146/2013,A/Stockholm/1/2013,160
A/Almaty/2958/2013,A/Stockholm/1/2013,320
A/South Africa/4655/2013,A/Stockholm/1/2013,160
A/Stockholm/1/2013,A/Stockholm/1/2013,320
A/Stockholm/6/2014,A/Stockholm/1/2013,80
A/Trieste/01/2014,A/Stockholm/1/2013,80
A/Milano/13/2014,A/Stockholm/1/2013,80
A/Serbia/NS-613/2014,A/Stockholm/1/2013,80
A/Serbia/NS-619/2014,A/Stockholm/1/2013,80
A/Serbia/NS-630/2014,A/Stockholm/1/2013,160
A/Georgia/76/2014,A/Stockholm/1/2013,160
A/Georgia/117/2014,A/Stockholm/1/2013,80
A/Georgia/108/2014,A/Stockholm/1/2013,160
A/Norway/513/2014,A/Stockholm/1/2013,160
A/Norway/504/2014,A/Stockholm/1/2013,160
A/Norway/507/2014,A/Stockholm/1/2013,80
A/Norway/627/2014,A/Stockholm/1/2013,80
A/Norway/467/2014,A/Stockholm/1/2013,80
A/Georgia/175/2014,A/Stockholm/1/2013,320
A/Georgia/215/2014,A/Stockholm/1/2013,80
A/Georgia/231/2014,A/Stockholm/1/2013,80
A/Georgia/241/2014,A/Stockholm/1/2013,160
A/Norway/580/2014,A/Stockholm/1/2013,80
A/Serbia/NS-666/2014,A/Stockholm/1/2013,40
A/Serbia/NS-669/2014,A/Stockholm/1/2013,80
A/Belgium/14H0010/2014,A/Stockholm/1/2013,80
A/Serbia/NS-670/2014,A/Stockholm/1/2013,160
A/Belgium/14S0070/2014,A/Stockholm/1/2013,80
A/Georgia/328/2014,A/Stockholm/1/2013,160
A/Serbia/NS-682/2014,A/Stockholm/1/2013,80
A/Ukraine/6095/2014,A/Stockholm/1/2013,160
A/Ukraine/6096/2014,A/Stockholm/1/2013,160
A/Ukraine/6097/2014,A/Stockholm/1/2013,160
A/Ukraine/6098/2014,A/Stockholm/1/2013,160
A/Serbia/NS-707/2014,A/Stockholm/1/2013,160
A/Ukraine/6069/2014,A/Stockholm/1/2013,160
A/Ukraine/6070/2014,A/Stockholm/1/2013,160
A/Ukraine/6174/2014,A/Stockholm/1/2013,160
A/Ukraine/6141/2014,A/Stockholm/1/2013,160
A/Belgium/14S0265/2014,A/Stockholm/1/2013,80
A/Ukraine/6138/2014,A/Stockholm/1/2013,80
A/Ukraine/6079/2014,A/Stockholm/1/2013,80
A/Ukraine/6080/2014,A/Stockholm/1/2013,80
A/Ukraine/6156/2014,A/Stockholm/1/2013,320
A/Ukraine/6158/2014,A/Stockholm/1/2013,80
A/Ukraine/6159/2014,A/Stockholm/1/2013,160
A/Ukraine/6161/2014,A/Stockholm/1/2013,160
A/Perth/16/2009,A/Stockholm/6/2014,40
A/Victoria/361/2011,A/Stockholm/6/2014,320
A/Texas/50/2012,A/Stockholm/6/2014,320
A/Samara/73/2013,A/Stockholm/6/2014,640
A/Serbia/NS-210/2013,A/Stockholm/6/2014,320
A/Hong Kong/146/2013,A/Stockholm/6/2014,160
A/Almaty/2958/2013,A/Stockholm/6/2014,320
A/South Africa/4655/2013,A/Stockholm/6/2014,80
A/Stockholm/1/2013,A/Stockholm/6/2014,160
A/Stockholm/6/2014,A/Stockholm/6/2014,320
A/Trieste/01/2014,A/Stockholm/6/2014,320
A/Milano/13/2014,A/Stockholm/6/2014,320
A/Serbia/NS-613/2014,A/Stockholm/6/2014,320
A/Serbia/NS-619/2014,A/Stockholm/6/2014,320
A/Serbia/NS-630/2014,A/Stockholm/6/2014,640
A/Georgia/76/2014,A/Stockholm/6/2014,320
A/Georgia/117/2014,A/Stockholm/6/2014,640
A/Georgia/108/2014,A/Stockholm/6/2014,640
A/Norway/513/2014,A/Stockholm/6/2014,640
A/Norway/504/2014,A/Stockholm/6/2014,640
A/Norway/507/2014,A/Stockholm/6/2014,160
A/Norway/627/2014,A/Stockholm/6/2014,640
A/Norway/467/2014,A/Stockholm/6/2014,320
A/Georgia/175/2014,A/Stockholm/6/2014,640
A/Georgia/215/2014,A/Stockholm/6/2014,160
A/Georgia/231/2014,A/Stockholm/6/2014,320
A/Georgia/241/2014,A/Stockholm/6/2014,640
A/Norway/580/2014,A/Stockholm/6/2014,320
A/Serbia/NS-666/2014,A/Stockholm/6/2014,160
A/Serbia/NS-669/2014,A/Stockholm/6/2014,320
A/Belgium/14H0010/2014,A/Stockholm/6/2014,320
A/Serbia/NS-670/2014,A/Stockholm/6/2014,640
A/Belgium/14S0070/2014,A/Stockholm/6/2014,320
A/Georgia/328/2014,A/Stockholm/6/2014,320
A/Serbia/NS-682/2014,A/Stockholm/6/2014,160
A/Ukraine/6095/2014,A/Stockholm/6/2014,640
A/Ukraine/6096/2014,A/Stockholm/6/2014,640
A/Ukraine/6097/2014,A/Stockholm/6/2014,320
A/Ukraine/6098/2014,A/Stockholm/6/2014,640
A/Serbia/NS-707/2014,A/Stockholm/6/2014,640
A/Ukraine/6069/2014,A/Stockholm/6/2014,640
A/Ukraine/6070/2014,A/Stockholm/6/2014,640
A/Ukraine/6174/2014,A/Stockholm/6/2014,640
A/Ukraine/6141/2014,A/Stockholm/6/2014,320
A/Belgium/14S0265/2014,A/Stockholm/6/2014,320
A/Ukraine/6138/2014,A/Stockholm/6/2014,320
A/Ukraine/6079/2014,A/Stockholm/6/2014,320
A/Ukraine/6080/2014,A/Stockholm/6/2014,320
A/Ukraine/6156/2014,A/Stockholm/6/2014,640
A/Ukraine/6158/2014,A/Stockholm/6/2014,320
A/Ukraine/6159/2014,A/Stockholm/6/2014,640
A/Ukraine/6161/2014,A/Stockholm/6/2014,640
A/Perth/16/2009,A/Perth/16/2009,640
A/Texas/50/2012,A/Perth/16/2009,320
A/Samara/73/2013,A/Perth/16/2009,160
A/Serbia/NS-210/2013,A/Perth/16/2009,320
A/Hong Kong/146/2013,A/Perth/16/2009,320
A/Almaty/2958/2013,A/Perth/16/2009,640
A/South Africa/4655/2013,A/Perth/16/2009,80
A/Stockholm/1/2013,A/Perth/16/2009,80
A/Stockholm/6/2014,A/Perth/16/2009,<40
A/Norway/466/2014,A/Perth/16/2009,<40
A/Bratislava/111/2014,A/Perth/16/2009,<40
A/Ukraine/6103/2014,A/Perth/16/2009,<40
A/Ukraine/6054/2014,A/Perth/16/2009,<40
A/Ukraine/6052/2014,A/Perth/16/2009,<40
A/Ukraine/6101/2014,A/Perth/16/2009,<40
A/Ukraine/6102/2014,A/Perth/16/2009,<40
A/Ukraine/125/2014,A/Perth/16/2009,<40
A/Ukraine/6053/2014,A/Perth/16/2009,40
A/Odessa/259/2014,A/Perth/16/2009,<40
A/Ukraine/6067/2014,A/Perth/16/2009,40
A/Khmelnitsky/243/2014,A/Perth/16/2009,40
A/Sastin/137/2014,A/Perth/16/2009,<40
A/Ukraine/6172/2014,A/Perth/16/2009,<40
A/Norway/850/2014,A/Perth/16/2009,40
A/England/256/2014,A/Perth/16/2009,<40
A/Latvia/03-013033/2014,A/Perth/16/2009,<40
A/Latvia/03-018148/2014,A/Perth/16/2009,40
A/Khmelnitsky/240/2014,A/Perth/16/2009,40
A/Khmelnitsky/246/2014,A/Perth/16/2009,40
A/Khmelnitsky/248/2014,A/Perth/16/2009,40
A/Khmelnitsky/249/2014,A/Perth/16/2009,80
A/Khmelnitsky/250/2014,A/Perth/16/2009,40
A/Khmelnitsky/244/2014,A/Perth/16/2009,<40
A/Latvia/03-026603/2014,A/Perth/16/2009,40
A/Khmelnitsky/245/2014,A/Perth/16/2009,<40
A/Khmelnitsky/247/2014,A/Perth/16/2009,<40
A/Prievidza/182/2014,A/Perth/16/2009,<40
A/England/400/2014,A/Perth/16/2009,40
A/Ireland/21550/2014,A/Perth/16/2009,<40
A/Ireland/22350/2014,A/Perth/16/2009,<40
A/Ireland/22359/2014,A/Perth/16/2009,<40
A/Ireland/22041/2014,A/Perth/16/2009,<40
A/Ireland/22878/2014,A/Perth/16/2009,40
A/Levice/221/2014,A/Perth/16/2009,<40
A/Levice/223/2014,A/Perth/16/2009,40
A/Perth/16/2009,A/Victoria/361/2011,160
A/Texas/50/2012,A/Victoria/361/2011,1280
A/Samara/73/2013,A/Victoria/361/2011,640
A/Serbia/NS-210/2013,A/Victoria/361/2011,1280
A/Hong Kong/146/2013,A/Victoria/361/2011,640
A/Almaty/2958/2013,A/Victoria/361/2011,2560
A/South Africa/4655/2013,A/Victoria/361/2011,80
A/Stockholm/1/2013,A/Victoria/361/2011,80
A/Stockholm/6/2014,A/Victoria/361/2011,80
A/Norway/466/2014,A/Victoria/361/2011,40
A/Bratislava/111/2014,A/Victoria/361/2011,160
A/Ukraine/6103/2014,A/Victoria/361/2011,160
A/Ukraine/6054/2014,A/Victoria/361/2011,320
A/Ukraine/6052/2014,A/Victoria/361/2011,160
A/Ukraine/6101/2014,A/Victoria/361/2011,80
A/Ukraine/6102/2014,A/Victoria/361/2011,160
A/Ukraine/125/2014,A/Victoria/361/2011,160
A/Ukraine/6053/2014,A/Victoria/361/2011,160
A/Odessa/259/2014,A/Victoria/361/2011,160
A/Ukraine/6067/2014,A/Victoria/361/2011,320
A/Khmelnitsky/243/2014,A/Victoria/361/2011,160
A/Sastin/137/2014,A/Victoria/361/2011,160
A/Ukraine/6172/2014,A/Victoria/361/2011,160
A/Norway/850/2014,A/Victoria/361/2011,320
A/England/256/2014,A/Victoria/361/2011,320
A/Latvia/03-013033/2014,A/Victoria/361/2011,40
A/Latvia/03-018148/2014,A/Victoria/361/2011,320
A/Khmelnitsky/240/2014,A/Victoria/361/2011,320
A/Khmelnitsky/246/2014,A/Victoria/361/2011,320
A/Khmelnitsky/248/2014,A/Victoria/361/2011,320
A/Khmelnitsky/249/2014,A/Victoria/361/2011,320
A/Khmelnitsky/250/2014,A/Victoria/361/2011,160
A/Khmelnitsky/244/2014,A/Victoria/361/2011,160
A/Latvia/03-026603/2014,A/Victoria/361/2011,320
A/Khmelnitsky/245/2014,A/Victoria/361/2011,320
A/Khmelnitsky/247/2014,A/Victoria/361/2011,320
A/Prievidza/182/2014,A/Victoria/361/2011,160
A/England/400/2014,A/Victoria/361/2011,320
A/Ireland/21550/2014,A/Victoria/361/2011,80
A/Ireland/22350/2014,A/Victoria/361/2011,160
A/Ireland/22359/2014,A/Victoria/361/2011,320
A/Ireland/22041/2014,A/Victoria/361/2011,80
A/Ireland/22878/2014,A/Victoria/361/2011,160
A/Levice/221/2014,A/Victoria/361/2011,160
A/Levice/223/2014,A/Victoria/361/2011,160
A/Perth/16/2009,A/Texas/50/2012,160
A/Texas/50/2012,A/Texas/50/2012,1280
A/Samara/73/2013,A/Texas/50/2012,320
A/Serbia/NS-210/2013,A/Texas/50/2012,2560
A/Hong Kong/146/2013,A/Texas/50/2012,1280
A/Almaty/2958/2013,A/Texas/50/2012,2560
A/South Africa/4655/2013,A/Texas/50/2012,160
A/Stockholm/1/2013,A/Texas/50/2012,160
A/Stockholm/6/2014,A/Texas/50/2012,80
A/Norway/466/2014,A/Texas/50/2012,40
A/Bratislava/111/2014,A/Texas/50/2012,160
A/Ukraine/6103/2014,A/Texas/50/2012,160
A/Ukraine/6054/2014,A/Texas/50/2012,160
A/Ukraine/6052/2014,A/Texas/50/2012,160
A/Ukraine/6101/2014,A/Texas/50/2012,80
A/Ukraine/6102/2014,A/Texas/50/2012,80
A/Ukraine/125/2014,A/Texas/50/2012,80
A/Ukraine/6053/2014,A/Texas/50/2012,160
A/Odessa/259/2014,A/Texas/50/2012,160
A/Ukraine/6067/2014,A/Texas/50/2012,160
A/Khmelnitsky/243/2014,A/Texas/50/2012,160
A/Sastin/137/2014,A/Texas/50/2012,80
A/Ukraine/6172/2014,A/Texas/50/2012,160
A/Norway/850/2014,A/Texas/50/2012,160
A/England/256/2014,A/Texas/50/2012,160
A/Latvia/03-013033/2014,A/Texas/50/2012,40
A/Latvia/03-018148/2014,A/Texas/50/2012,320
A/Khmelnitsky/240/2014,A/Texas/50/2012,160
A/Khmelnitsky/246/2014,A/Texas/50/2012,160
A/Khmelnitsky/248/2014,A/Texas/50/2012,160
A/Khmelnitsky/249/2014,A/Texas/50/2012,320
A/Khmelnitsky/250/2014,A/Texas/50/2012,160
A/Khmelnitsky/244/2014,A/Texas/50/2012,80
A/Latvia/03-026603/2014,A/Texas/50/2012,320
A/Khmelnitsky/245/2014,A/Texas/50/2012,160
A/Khmelnitsky/247/2014,A/Texas/50/2012,160
A/Prievidza/182/2014,A/Texas/50/2012,160
A/England/400/2014,A/Texas/50/2012,160
A/Ireland/21550/2014,A/Texas/50/2012,80
A/Ireland/22350/2014,A/Texas/50/2012,80
A/Ireland/22359/2014,A/Texas/50/2012,160
A/Ireland/22041/2014,A/Texas/50/2012,80
A/Ireland/22878/2014,A/Texas/50/2012,160
A/Levice/221/2014,A/Texas/50/2012,160
A/Levice/223/2014,A/Texas/50/2012,160
A/Perth/16/2009,A/Samara/73/2013,160
A/Texas/50/2012,A/Samara/73/2013,640
A/Samara/73/2013,A/Samara/73/2013,1280
A/Serbia/NS-210/2013,A/Samara/73/2013,1280
A/Hong Kong/146/2013,A/Samara/73/2013,1280
A/Almaty/2958/2013,A/Samara/73/2013,1280
A/South Africa/4655/2013,A/Samara/73/2013,320
A/Stockholm/1/2013,A/Samara/73/2013,320
A/Stockholm/6/2014,A/Samara/73/2013,320
A/Norway/466/2014,A/Samara/73/2013,80
A/Bratislava/111/2014,A/Samara/73/2013,640
A/Ukraine/6103/2014,A/Samara/73/2013,320
A/Ukraine/6054/2014,A/Samara/73/2013,640
A/Ukraine/6052/2014,A/Samara/73/2013,320
A/Ukraine/6101/2014,A/Samara/73/2013,160
A/Ukraine/6102/2014,A/Samara/73/2013,320
A/Ukraine/125/2014,A/Samara/73/2013,320
A/Ukraine/6053/2014,A/Samara/73/2013,640
A/Odessa/259/2014,A/Samara/73/2013,320
A/Ukraine/6067/2014,A/Samara/73/2013,640
A/Khmelnitsky/243/2014,A/Samara/73/2013,320
A/Sastin/137/2014,A/Samara/73/2013,320
A/Ukraine/6172/2014,A/Samara/73/2013,320
A/Norway/850/2014,A/Samara/73/2013,640
A/England/256/2014,A/Samara/73/2013,320
A/Latvia/03-013033/2014,A/Samara/73/2013,160
A/Latvia/03-018148/2014,A/Samara/73/2013,640
A/Khmelnitsky/240/2014,A/Samara/73/2013,640
A/Khmelnitsky/246/2014,A/Samara/73/2013,640
A/Khmelnitsky/248/2014,A/Samara/73/2013,320
A/Khmelnitsky/249/2014,A/Samara/73/2013,640
A/Khmelnitsky/250/2014,A/Samara/73/2013,320
A/Khmelnitsky/244/2014,A/Samara/73/2013,320
A/Latvia/03-026603/2014,A/Samara/73/2013,640
A/Khmelnitsky/245/2014,A/Samara/73/2013,320
A/Khmelnitsky/247/2014,A/Samara/73/2013,320
A/Prievidza/182/2014,A/Samara/73/2013,320
A/England/400/2014,A/Samara/73/2013,640
A/Ireland/21550/2014,A/Samara/73/2013,160
A/Ireland/22350/2014,A/Samara/73/2013,160
A/Ireland/22359/2014,A/Samara/73/2013,640
A/Ireland/22041/2014,A/Samara/73/2013,160
A/Ireland/22878/2014,A/Samara/73/2013,320
A/Levice/221/2014,A/Samara/73/2013,320
A/Levice/223/2014,A/Samara/73/2013,320
A/Perth/16/2009,A/Serbia/NS-210/2013,160
A/Texas/50/2012,A/Serbia/NS-210/2013,1280
A/Samara/73/2013,A/Serbia/NS-210/2013,640
A/Serbia/NS-210/2013,A/Serbia/NS-210/2013,2560
A/Hong Kong/146/2013,A/Serbia/NS-210/2013,1280
A/Almaty/2958/2013,A/Serbia/NS-210/2013,2560
A/South Africa/4655/2013,A/Serbia/NS-210/2013,160
A/Stockholm/1/2013,A/Serbia/NS-210/2013,160
A/Stockholm/6/2014,A/Serbia/NS-210/2013,160
A/Norway/466/2014,A/Serbia/NS-210/2013,40
A/Bratislava/111/2014,A/Serbia/NS-210/2013,320
A/Ukraine/6103/2014,A/Serbia/NS-210/2013,320
A/Ukraine/6054/2014,A/Serbia/NS-210/2013,320
A/Ukraine/6052/2014,A/Serbia/NS-210/2013,160
A/Ukraine/6101/2014,A/Serbia/NS-210/2013,160
A/Ukraine/6102/2014,A/Serbia/NS-210/2013,160
A/Ukraine/125/2014,A/Serbia/NS-210/2013,160
A/Ukraine/6053/2014,A/Serbia/NS-210/2013,160
A/Odessa/259/2014,A/Serbia/NS-210/2013,160
A/Ukraine/6067/2014,A/Serbia/NS-210/2013,320
A/Khmelnitsky/243/2014,A/Serbia/NS-210/2013,160
A/Sastin/137/2014,A/Serbia/NS-210/2013,160
A/Ukraine/6172/2014,A/Serbia/NS-210/2013,320
A/Norway/850/2014,A/Serbia/NS-210/2013,320
A/England/256/2014,A/Serbia/NS-210/2013,320
A/Latvia/03-013033/2014,A/Serbia/NS-210/2013,40
A/Latvia/03-018148/2014,A/Serbia/NS-210/2013,320
A/Khmelnitsky/240/2014,A/Serbia/NS-210/2013,320
A/Khmelnitsky/246/2014,A/Serbia/NS-210/2013,320
A/Khmelnitsky/248/2014,A/Serbia/NS-210/2013,320
A/Khmelnitsky/249/2014,A/Serbia/NS-210/2013,320
A/Khmelnitsky/250/2014,A/Serbia/NS-210/2013,160
A/Khmelnitsky/244/2014,A/Serbia/NS-210/2013,160
A/Latvia/03-026603/2014,A/Serbia/NS-210/2013,320
A/Khmelnitsky/245/2014,A/Serbia/NS-210/2013,320
A/Khmelnitsky/247/2014,A/Serbia/NS-210/2013,320
A/Prievidza/182/2014,A/Serbia/NS-210/2013,320
A/England/400/2014,A/Serbia/NS-210/2013,160
A/Ireland/21550/2014,A/Serbia/NS-210/2013,80
A/Ireland/22350/2014,A/Serbia/NS-210/2013,160
A/Ireland/22359/2014,A/Serbia/NS-210/2013,320
A/Ireland/22041/2014,A/Serbia/NS-210/2013,160
A/Ireland/22878/2014,A/Serbia/NS-210/2013,160
A/Levice/221/2014,A/Serbia/NS-210/2013,160
A/Levice/223/2014,A/Serbia/NS-210/2013,320
A/Perth/16/2009,A/Hong Kong/146/2013,160
A/Texas/50/2012,A/Hong Kong/146/2013,640
A/Samara/73/2013,A/Hong Kong/146/2013,640
A/Serbia/NS-210/2013,A/Hong Kong/146/2013,1280
A/Hong Kong/146/2013,A/Hong Kong/146/2013,2560
A/Almaty/2958/2013,A/Hong Kong/146/2013,2560
A/South Africa/4655/2013,A/Hong Kong/146/2013,320
A/Stockholm/1/2013,A/Hong Kong/146/2013,320
A/Stockholm/6/2014,A/Hong Kong/146/2013,160
A/Norway/466/2014,A/Hong Kong/146/2013,80
A/Bratislava/111/2014,A/Hong Kong/146/2013,320
A/Ukraine/6103/2014,A/Hong Kong/146/2013,160
A/Ukraine/6054/2014,A/Hong Kong/146/2013,320
A/Ukraine/6052/2014,A/Hong Kong/146/2013,160
A/Ukraine/6101/2014,A/Hong Kong/146/2013,160
A/Ukraine/6102/2014,A/Hong Kong/146/2013,160
A/Ukraine/125/2014,A/Hong Kong/146/2013,160
A/Ukraine/6053/2014,A/Hong Kong/146/2013,160
A/Odessa/259/2014,A/Hong Kong/146/2013,160
A/Ukraine/6067/2014,A/Hong Kong/146/2013,320
A/Khmelnitsky/243/2014,A/Hong Kong/146/2013,320
A/Sastin/137/2014,A/Hong Kong/146/2013,160
A/Ukraine/6172/2014,A/Hong Kong/146/2013,160
A/Norway/850/2014,A/Hong Kong/146/2013,320
A/England/256/2014,A/Hong Kong/146/2013,320
A/Latvia/03-013033/2014,A/Hong Kong/146/2013,80
A/Latvia/03-018148/2014,A/Hong Kong/146/2013,640
A/Khmelnitsky/240/2014,A/Hong Kong/146/2013,320
A/Khmelnitsky/246/2014,A/Hong Kong/146/2013,320
A/Khmelnitsky/248/2014,A/Hong Kong/146/2013,320
A/Khmelnitsky/249/2014,A/Hong Kong/146/2013,320
A/Khmelnitsky/250/2014,A/Hong Kong/146/2013,160
A/Khmelnitsky/244/2014,A/Hong Kong/146/2013,160
A/Latvia/03-026603/2014,A/Hong Kong/146/2013,320
A/Khmelnitsky/245/2014,A/Hong Kong/146/2013,160
A/Khmelnitsky/247/2014,A/Hong Kong/146/2013,160
A/Prievidza/182/2014,A/Hong Kong/146/2013,320
A/England/400/2014,A/Hong Kong/146/2013,320
A/Ireland/21550/2014,A/Hong Kong/146/2013,80
A/Ireland/22350/2014,A/Hong Kong/146/2013,80
A/Ireland/22359/2014,A/Hong Kong/146/2013,320
A/Ireland/22041/2014,A/Hong Kong/146/2013,160
A/Ireland/22878/2014,A/Hong Kong/146/2013,160
A/Levice/221/2014,A/Hong Kong/146/2013,160
A/Levice/223/2014,A/Hong Kong/146/2013,160
A/Perth/16/2009,A/Almaty/2958/2013,160
A/Texas/50/2012,A/Almaty/2958/2013,1280
A/Samara/73/2013,A/Almaty/2958/2013,640
A/Serbia/NS-210/2013,A/Almaty/2958/2013,2560
A/Hong Kong/146/2013,A/Almaty/2958/2013,1280
A/Almaty/2958/2013,A/Almaty/2958/2013,2560
A/South Africa/4655/2013,A/Almaty/2958/2013,160
A/Stockholm/1/2013,A/Almaty/2958/2013,160
A/Stockholm/6/2014,A/Almaty/2958/2013,160
A/Norway/466/2014,A/Almaty/2958/2013,80
A/Bratislava/111/2014,A/Almaty/2958/2013,320
A/Ukraine/6103/2014,A/Almaty/2958/2013,320
A/Ukraine/6054/2014,A/Almaty/2958/2013,320
A/Ukraine/6052/2014,A/Almaty/2958/2013,160
A/Ukraine/6101/2014,A/Almaty/2958/2013,160
A/Ukraine/6102/2014,A/Almaty/2958/2013,160
A/Ukraine/125/2014,A/Almaty/2958/2013,160
A/Ukraine/6053/2014,A/Almaty/2958/2013,160
A/Odessa/259/2014,A/Almaty/2958/2013,160
A/Ukraine/6067/2014,A/Almaty/2958/2013,320
A/Khmelnitsky/243/2014,A/Almaty/2958/2013,320
A/Sastin/137/2014,A/Almaty/2958/2013,160
A/Ukraine/6172/2014,A/Almaty/2958/2013,320
A/Norway/850/2014,A/Almaty/2958/2013,320
A/England/256/2014,A/Almaty/2958/2013,320
A/Latvia/03-013033/2014,A/Almaty/2958/2013,80
A/Latvia/03-018148/2014,A/Almaty/2958/2013,320
A/Khmelnitsky/240/2014,A/Almaty/2958/2013,320
A/Khmelnitsky/246/2014,A/Almaty/2958/2013,640
A/Khmelnitsky/248/2014,A/Almaty/2958/2013,320
A/Khmelnitsky/249/2014,A/Almaty/2958/2013,320
A/Khmelnitsky/250/2014,A/Almaty/2958/2013,320
A/Khmelnitsky/244/2014,A/Almaty/2958/2013,160
A/Latvia/03-026603/2014,A/Almaty/2958/2013,640
A/Khmelnitsky/245/2014,A/Almaty/2958/2013,320
A/Khmelnitsky/247/2014,A/Almaty/2958/2013,320
A/Prievidza/182/2014,A/Almaty/2958/2013,320
A/England/400/2014,A/Almaty/2958/2013,320
A/Ireland/21550/2014,A/Almaty/2958/2013,80
A/Ireland/22350/2014,A/Almaty/2958/2013,160
A/Ireland/22359/2014,A/Almaty/2958/2013,320
A/Ireland/22041/2014,A/Almaty/2958/2013,160
A/Ireland/22878/2014,A/Almaty/2958/2013,160
A/Levice/221/2014,A/Almaty/2958/2013,160
A/Levice/223/2014,A/Almaty/2958/2013,160
A/Perth/16/2009,A/South Africa/4655/2013,40
A/Texas/50/2012,A/South Africa/4655/2013,80
A/Samara/73/2013,A/South Africa/4655/2013,160
A/Serbia/NS-210/2013,A/South Africa/4655/2013,80
A/Hong Kong/146/2013,A/South Africa/4655/2013,160
A/Almaty/2958/2013,A/South Africa/4655/2013,160
A/South Africa/4655/2013,A/South Africa/4655/2013,320
A/Stockholm/1/2013,A/South Africa/4655/2013,320
A/Stockholm/6/2014,A/South Africa/4655/2013,40
A/Norway/466/2014,A/South Africa/4655/2013,<40
A/Bratislava/111/2014,A/South Africa/4655/2013,80
A/Ukraine/6103/2014,A/South Africa/4655/2013,80
A/Ukraine/6054/2014,A/South Africa/4655/2013,80
A/Ukraine/6052/2014,A/South Africa/4655/2013,80
A/Ukraine/6101/2014,A/South Africa/4655/2013,40
A/Ukraine/6102/2014,A/South Africa/4655/2013,40
A/Ukraine/125/2014,A/South Africa/4655/2013,40
A/Ukraine/6053/2014,A/South Africa/4655/2013,80
A/Odessa/259/2014,A/South Africa/4655/2013,40
A/Ukraine/6067/2014,A/South Africa/4655/2013,80
A/Khmelnitsky/243/2014,A/South Africa/4655/2013,80
A/Sastin/137/2014,A/South Africa/4655/2013,<40
A/Ukraine/6172/2014,A/South Africa/4655/2013,80
A/Norway/850/2014,A/South Africa/4655/2013,80
A/England/256/2014,A/South Africa/4655/2013,80
A/Latvia/03-013033/2014,A/South Africa/4655/2013,40
A/Latvia/03-018148/2014,A/South Africa/4655/2013,160
A/Khmelnitsky/240/2014,A/South Africa/4655/2013,80
A/Khmelnitsky/246/2014,A/South Africa/4655/2013,160
A/Khmelnitsky/248/2014,A/South Africa/4655/2013,160
A/Khmelnitsky/249/2014,A/South Africa/4655/2013,160
A/Khmelnitsky/250/2014,A/South Africa/4655/2013,80
A/Khmelnitsky/244/2014,A/South Africa/4655/2013,40
A/Latvia/03-026603/2014,A/South Africa/4655/2013,160
A/Khmelnitsky/245/2014,A/South Africa/4655/2013,80
A/Khmelnitsky/247/2014,A/South Africa/4655/2013,80
A/Prievidza/182/2014,A/South Africa/4655/2013,80
A/England/400/2014,A/South Africa/4655/2013,80
A/Ireland/21550/2014,A/South Africa/4655/2013,<40
A/Ireland/22350/2014,A/South Africa/4655/2013,40
A/Ireland/22359/2014,A/South Africa/4655/2013,80
A/Ireland/22041/2014,A/South Africa/4655/2013,<40
A/Ireland/22878/2014,A/South Africa/4655/2013,40
A/Levice/221/2014,A/South Africa/4655/2013,40
A/Levice/223/2014,A/South Africa/4655/2013,40
A/Perth/16/2009,A/Stockholm/1/2013,80
A/Texas/50/2012,A/Stockholm/1/2013,160
A/Samara/73/2013,A/Stockholm/1/2013,160
A/Serbia/NS-210/2013,A/Stockholm/1/2013,160
A/Hong Kong/146/2013,A/Stockholm/1/2013,320
A/Almaty/2958/2013,A/Stockholm/1/2013,320
A/South Africa/4655/2013,A/Stockholm/1/2013,160
A/Stockholm/1/2013,A/Stockholm/1/2013,320
A/Stockholm/6/2014,A/Stockholm/1/2013,160
A/Norway/466/2014,A/Stockholm/1/2013,80
A/Bratislava/111/2014,A/Stockholm/1/2013,80
A/Ukraine/6103/2014,A/Stockholm/1/2013,160
A/Ukraine/6054/2014,A/Stockholm/1/2013,160
A/Ukraine/6052/2014,A/Stockholm/1/2013,80
A/Ukraine/6101/2014,A/Stockholm/1/2013,80
A/Ukraine/6102/2014,A/Stockholm/1/2013,80
A/Ukraine/125/2014,A/Stockholm/1/2013,80
A/Ukraine/6053/2014,A/Stockholm/1/2013,80
A/Odessa/259/2014,A/Stockholm/1/2013,80
A/Ukraine/6067/2014,A/Stockholm/1/2013,160
A/Khmelnitsky/243/2014,A/Stockholm/1/2013,80
A/Sastin/137/2014,A/Stockholm/1/2013,80
A/Ukraine/6172/2014,A/Stockholm/1/2013,160
A/Norway/850/2014,A/Stockholm/1/2013,160
A/England/256/2014,A/Stockholm/1/2013,160
A/Latvia/03-013033/2014,A/Stockholm/1/2013,40
A/Latvia/03-018148/2014,A/Stockholm/1/2013,320
A/Khmelnitsky/240/2014,A/Stockholm/1/2013,160
A/Khmelnitsky/246/2014,A/Stockholm/1/2013,160
A/Khmelnitsky/248/2014,A/Stockholm/1/2013,160
A/Khmelnitsky/249/2014,A/Stockholm/1/2013,320
A/Khmelnitsky/250/2014,A/Stockholm/1/2013,160
A/Khmelnitsky/244/2014,A/Stockholm/1/2013,80
A/Latvia/03-026603/2014,A/Stockholm/1/2013,160
A/Khmelnitsky/245/2014,A/Stockholm/1/2013,160
A/Khmelnitsky/247/2014,A/Stockholm/1/2013,160
A/Prievidza/182/2014,A/Stockholm/1/2013,160
A/England/400/2014,A/Stockholm/1/2013,160
A/Ireland/21550/2014,A/Stockholm/1/2013,40
A/Ireland/22350/2014,A/Stockholm/1/2013,80
A/Ireland/22359/2014,A/Stockholm/1/2013,160
A/Ireland/22041/2014,A/Stockholm/1/2013,80
A/Ireland/22878/2014,A/Stockholm/1/2013,80
A/Levice/221/2014,A/Stockholm/1/2013,80
A/Levice/223/2014,A/Stockholm/1/2013,80
A/Perth/16/2009,A/Stockholm/6/2014,40
A/Texas/50/2012,A/Stockholm/6/2014,160
A/Samara/73/2013,A/Stockholm/6/2014,640
A/Serbia/NS-210/2013,A/Stockholm/6/2014,160
A/Hong Kong/146/2013,A/Stockholm/6/2014,160
A/Almaty/2958/2013,A/Stockholm/6/2014,320
A/South Africa/4655/2013,A/Stockholm/6/2014,160
A/Stockholm/1/2013,A/Stockholm/6/2014,160
A/Stockholm/6/2014,A/Stockholm/6/2014,320
A/Norway/466/2014,A/Stockholm/6/2014,320
A/Bratislava/111/2014,A/Stockholm/6/2014,320
A/Ukraine/6103/2014,A/Stockholm/6/2014,320
A/Ukraine/6054/2014,A/Stockholm/6/2014,640
A/Ukraine/6052/2014,A/Stockholm/6/2014,320
A/Ukraine/6101/2014,A/Stockholm/6/2014,320
A/Ukraine/6102/2014,A/Stockholm/6/2014,320
A/Ukraine/125/2014,A/Stockholm/6/2014,320
A/Ukraine/6053/2014,A/Stockholm/6/2014,320
A/Odessa/259/2014,A/Stockholm/6/2014,320
A/Ukraine/6067/2014,A/Stockholm/6/2014,640
A/Khmelnitsky/243/2014,A/Stockholm/6/2014,320
A/Sastin/137/2014,A/Stockholm/6/2014,320
A/Ukraine/6172/2014,A/Stockholm/6/2014,320
A/Norway/850/2014,A/Stockholm/6/2014,640
A/England/256/2014,A/Stockholm/6/2014,320
A/Latvia/03-013033/2014,A/Stockholm/6/2014,80
A/Latvia/03-018148/2014,A/Stockholm/6/2014,640
A/Khmelnitsky/240/2014,A/Stockholm/6/2014,640
A/Khmelnitsky/246/2014,A/Stockholm/6/2014,640
A/Khmelnitsky/248/2014,A/Stockholm/6/2014,640
A/Khmelnitsky/249/2014,A/Stockholm/6/2014,640
A/Khmelnitsky/250/2014,A/Stockholm/6/2014,320
A/Khmelnitsky/244/2014,A/Stockholm/6/2014,320
A/Latvia/03-026603/2014,A/Stockholm/6/2014,640
A/Khmelnitsky/245/2014,A/Stockholm/6/2014,320
A/Khmelnitsky/247/2014,A/Stockholm/6/2014,640
A/Prievidza/182/2014,A/Stockholm/6/2014,320
A/England/400/2014,A/Stockholm/6/2014,320
A/Ireland/21550/2014,A/Stockholm/6/2014,160
A/Ireland/22350/2014,A/Stockholm/6/2014,160
A/Ireland/22359/2014,A/Stockholm/6/2014,320
A/Ireland/22041/2014,A/Stockholm/6/2014,160
A/Ireland/22878/2014,A/Stockholm/6/2014,320
A/Levice/221/2014,A/Stockholm/6/2014,320
A/Levice/223/2014,A/Stockholm/6/2014,320
A/Perth/16/2009,A/Norway/466/2014,40
A/Texas/50/2012,A/Norway/466/2014,40
A/Samara/73/2013,A/Norway/466/2014,320
A/Serbia/NS-210/2013,A/Norway/466/2014,160
A/Hong Kong/146/2013,A/Norway/466/2014,160
A/Almaty/2958/2013,A/Norway/466/2014,160
A/South Africa/4655/2013,A/Norway/466/2014,80
A/Stockholm/1/2013,A/Norway/466/2014,80
A/Stockholm/6/2014,A/Norway/466/2014,320
A/Norway/466/2014,A/Norway/466/2014,320
A/Bratislava/111/2014,A/Norway/466/2014,160
A/Ukraine/6103/2014,A/Norway/466/2014,160
A/Ukraine/6054/2014,A/Norway/466/2014,320
A/Ukraine/6052/2014,A/Norway/466/2014,160
A/Ukraine/6101/2014,A/Norway/466/2014,160
A/Ukraine/6102/2014,A/Norway/466/2014,160
A/Ukraine/125/2014,A/Norway/466/2014,160
A/Ukraine/6053/2014,A/Norway/466/2014,160
A/Odessa/259/2014,A/Norway/466/2014,160
A/Ukraine/6067/2014,A/Norway/466/2014,320
A/Khmelnitsky/243/2014,A/Norway/466/2014,160
A/Sastin/137/2014,A/Norway/466/2014,160
A/Ukraine/6172/2014,A/Norway/466/2014,320
A/Norway/850/2014,A/Norway/466/2014,320
A/England/256/2014,A/Norway/466/2014,160
A/Latvia/03-013033/2014,A/Norway/466/2014,80
A/Latvia/03-018148/2014,A/Norway/466/2014,320
A/Khmelnitsky/240/2014,A/Norway/466/2014,320
A/Khmelnitsky/246/2014,A/Norway/466/2014,320
A/Khmelnitsky/248/2014,A/Norway/466/2014,320
A/Khmelnitsky/249/2014,A/Norway/466/2014,320
A/Khmelnitsky/250/2014,A/Norway/466/2014,160
A/Khmelnitsky/244/2014,A/Norway/466/2014,160
A/Latvia/03-026603/2014,A/Norway/466/2014,320
A/Khmelnitsky/245/2014,A/Norway/466/2014,160
A/Khmelnitsky/247/2014,A/Norway/466/2014,320
A/Prievidza/182/2014,A/Norway/466/2014,320
A/England/400/2014,A/Norway/466/2014,320
A/Ireland/21550/2014,A/Norway/466/2014,80
A/Ireland/22350/2014,A/Norway/466/2014,160
A/Ireland/22359/2014,A/Norway/466/2014,160
A/Ireland/22041/2014,A/Norway/466/2014,160
A/Ireland/22878/2014,A/Norway/466/2014,160
A/Levice/221/2014,A/Norway/466/2014,160
A/Levice/223/2014,A/Norway/466/2014,160
A/Perth/16/2009,A/Perth/16/2009,320
A/Victoria/361/2011,A/Perth/16/2009,80
A/Texas/50/2012,A/Perth/16/2009,320
A/Samara/73/2013,A/Perth/16/2009,160
A/Serbia/NS-210/2013,A/Perth/16/2009,320
A/Hong Kong/146/2013,A/Perth/16/2009,160
A/South Africa/4655/2013,A/Perth/16/2009,80
A/Stockholm/1/2013,A/Perth/16/2009,80
A/Stockholm/6/2014,A/Perth/16/2009,<40
A/Norway/466/2014,A/Perth/16/2009,<40
A/Sarajevo/13/2013,A/Perth/16/2009,<40
A/Sarajevo/19/2013,A/Perth/16/2009,<40
A/Slovenia/254/2014,A/Perth/16/2009,<40
A/Slovenia/286/2014,A/Perth/16/2009,40
A/Slovenia/321/2014,A/Perth/16/2009,<40
A/Ukraine/6031/2014,A/Perth/16/2009,<40
A/Slovenia/417/2014,A/Perth/16/2009,<40
A/Slovenia/609/2014,A/Perth/16/2009,40
A/Slovenia/622/2014,A/Perth/16/2009,<40
A/Slovenia/694/2014,A/Perth/16/2009,<40
A/Slovenia/697/2014,A/Perth/16/2009,<40
A/Slovenia/706/2014,A/Perth/16/2009,80
A/Slovenia/712/2014,A/Perth/16/2009,<40
A/Slovenia/752/2014,A/Perth/16/2009,40
A/Ukraine/6093/2014,A/Perth/16/2009,40
A/Slovenia/823/2014,A/Perth/16/2009,<40
A/Slovenia/842/2014,A/Perth/16/2009,<40
A/Slovenia/853/2014,A/Perth/16/2009,<40
A/Slovenia/1162/2014,A/Perth/16/2009,40
A/Slovenia/1213/2014,A/Perth/16/2009,<40
A/Ireland/23577/2014,A/Perth/16/2009,<40
A/Perth/16/2009,A/Victoria/361/2011,80
A/Victoria/361/2011,A/Victoria/361/2011,320
A/Texas/50/2012,A/Victoria/361/2011,1280
A/Samara/73/2013,A/Victoria/361/2011,320
A/Serbia/NS-210/2013,A/Victoria/361/2011,1280
A/Hong Kong/146/2013,A/Victoria/361/2011,320
A/South Africa/4655/2013,A/Victoria/361/2011,80
A/Stockholm/1/2013,A/Victoria/361/2011,80
A/Stockholm/6/2014,A/Victoria/361/2011,40
A/Norway/466/2014,A/Victoria/361/2011,40
A/Sarajevo/13/2013,A/Victoria/361/2011,320
A/Sarajevo/19/2013,A/Victoria/361/2011,160
A/Slovenia/254/2014,A/Victoria/361/2011,160
A/Slovenia/286/2014,A/Victoria/361/2011,320
A/Slovenia/321/2014,A/Victoria/361/2011,160
A/Ukraine/6031/2014,A/Victoria/361/2011,160
A/Slovenia/417/2014,A/Victoria/361/2011,160
A/Slovenia/609/2014,A/Victoria/361/2011,160
A/Slovenia/622/2014,A/Victoria/361/2011,80
A/Slovenia/694/2014,A/Victoria/361/2011,160
A/Slovenia/697/2014,A/Victoria/361/2011,160
A/Slovenia/706/2014,A/Victoria/361/2011,640
A/Slovenia/712/2014,A/Victoria/361/2011,160
A/Slovenia/752/2014,A/Victoria/361/2011,320
A/Ukraine/6093/2014,A/Victoria/361/2011,160
A/Slovenia/823/2014,A/Victoria/361/2011,160
A/Slovenia/842/2014,A/Victoria/361/2011,160
A/Slovenia/853/2014,A/Victoria/361/2011,160
A/Slovenia/1162/2014,A/Victoria/361/2011,320
A/Slovenia/1213/2014,A/Victoria/361/2011,160
A/Ireland/23577/2014,A/Victoria/361/2011,160
A/Perth/16/2009,A/Texas/50/2012,80
A/Victoria/361/2011,A/Texas/50/2012,160
A/Texas/50/2012,A/Texas/50/2012,1280
A/Samara/73/2013,A/Texas/50/2012,320
A/Serbia/NS-210/2013,A/Texas/50/2012,1280
A/Hong Kong/146/2013,A/Texas/50/2012,320
A/South Africa/4655/2013,A/Texas/50/2012,160
A/Stockholm/1/2013,A/Texas/50/2012,160
A/Stockholm/6/2014,A/Texas/50/2012,40
A/Norway/466/2014,A/Texas/50/2012,<40
A/Sarajevo/13/2013,A/Texas/50/2012,160
A/Sarajevo/19/2013,A/Texas/50/2012,80
A/Slovenia/254/2014,A/Texas/50/2012,80
A/Slovenia/286/2014,A/Texas/50/2012,160
A/Slovenia/321/2014,A/Texas/50/2012,160
A/Ukraine/6031/2014,A/Texas/50/2012,80
A/Slovenia/417/2014,A/Texas/50/2012,80
A/Slovenia/609/2014,A/Texas/50/2012,160
A/Slovenia/622/2014,A/Texas/50/2012,80
A/Slovenia/694/2014,A/Texas/50/2012,160
A/Slovenia/697/2014,A/Texas/50/2012,160
A/Slovenia/706/2014,A/Texas/50/2012,320
A/Slovenia/712/2014,A/Texas/50/2012,80
A/Slovenia/752/2014,A/Texas/50/2012,160
A/Ukraine/6093/2014,A/Texas/50/2012,160
A/Slovenia/823/2014,A/Texas/50/2012,160
A/Slovenia/842/2014,A/Texas/50/2012,80
A/Slovenia/853/2014,A/Texas/50/2012,160
A/Slovenia/1162/2014,A/Texas/50/2012,160
A/Slovenia/1213/2014,A/Texas/50/2012,160
A/Ireland/23577/2014,A/Texas/50/2012,80
A/Perth/16/2009,A/Samara/73/2013,160
A/Victoria/361/2011,A/Samara/73/2013,640
A/Texas/50/2012,A/Samara/73/2013,1280
A/Samara/73/2013,A/Samara/73/2013,1280
A/Serbia/NS-210/2013,A/Samara/73/2013,1280
A/Hong Kong/146/2013,A/Samara/73/2013,1280
A/South Africa/4655/2013,A/Samara/73/2013,320
A/Stockholm/1/2013,A/Samara/73/2013,320
A/Stockholm/6/2014,A/Samara/73/2013,160
A/Norway/466/2014,A/Samara/73/2013,80
A/Sarajevo/13/2013,A/Samara/73/2013,640
A/Sarajevo/19/2013,A/Samara/73/2013,320
A/Slovenia/254/2014,A/Samara/73/2013,320
A/Slovenia/286/2014,A/Samara/73/2013,640
A/Slovenia/321/2014,A/Samara/73/2013,320
A/Ukraine/6031/2014,A/Samara/73/2013,640
A/Slovenia/417/2014,A/Samara/73/2013,320
A/Slovenia/609/2014,A/Samara/73/2013,640
A/Slovenia/622/2014,A/Samara/73/2013,160
A/Slovenia/694/2014,A/Samara/73/2013,640
A/Slovenia/697/2014,A/Samara/73/2013,320
A/Slovenia/706/2014,A/Samara/73/2013,1280
A/Slovenia/712/2014,A/Samara/73/2013,320
A/Slovenia/752/2014,A/Samara/73/2013,640
A/Ukraine/6093/2014,A/Samara/73/2013,320
A/Slovenia/823/2014,A/Samara/73/2013,320
A/Slovenia/842/2014,A/Samara/73/2013,320
A/Slovenia/853/2014,A/Samara/73/2013,320
A/Slovenia/1162/2014,A/Samara/73/2013,640
A/Slovenia/1213/2014,A/Samara/73/2013,320
A/Ireland/23577/2014,A/Samara/73/2013,320
A/Perth/16/2009,A/Serbia/NS-210/2013,80
A/Victoria/361/2011,A/Serbia/NS-210/2013,320
A/Texas/50/2012,A/Serbia/NS-210/2013,1280
A/Samara/73/2013,A/Serbia/NS-210/2013,640
A/Serbia/NS-210/2013,A/Serbia/NS-210/2013,1280
A/Hong Kong/146/2013,A/Serbia/NS-210/2013,640
A/South Africa/4655/2013,A/Serbia/NS-210/2013,160
A/Stockholm/1/2013,A/Serbia/NS-210/2013,160
A/Stockholm/6/2014,A/Serbia/NS-210/2013,160
A/Norway/466/2014,A/Serbia/NS-210/2013,40
A/Sarajevo/13/2013,A/Serbia/NS-210/2013,320
A/Sarajevo/19/2013,A/Serbia/NS-210/2013,160
A/Slovenia/254/2014,A/Serbia/NS-210/2013,160
A/Slovenia/286/2014,A/Serbia/NS-210/2013,320
A/Slovenia/321/2014,A/Serbia/NS-210/2013,160
A/Ukraine/6031/2014,A/Serbia/NS-210/2013,160
A/Slovenia/417/2014,A/Serbia/NS-210/2013,160
A/Slovenia/609/2014,A/Serbia/NS-210/2013,160
A/Slovenia/622/2014,A/Serbia/NS-210/2013,160
A/Slovenia/694/2014,A/Serbia/NS-210/2013,320
A/Slovenia/697/2014,A/Serbia/NS-210/2013,160
A/Slovenia/706/2014,A/Serbia/NS-210/2013,640
A/Slovenia/712/2014,A/Serbia/NS-210/2013,160
A/Slovenia/752/2014,A/Serbia/NS-210/2013,320
A/Ukraine/6093/2014,A/Serbia/NS-210/2013,160
A/Slovenia/823/2014,A/Serbia/NS-210/2013,160
A/Slovenia/842/2014,A/Serbia/NS-210/2013,160
A/Slovenia/853/2014,A/Serbia/NS-210/2013,320
A/Slovenia/1162/2014,A/Serbia/NS-210/2013,320
A/Slovenia/1213/2014,A/Serbia/NS-210/2013,160
A/Ireland/23577/2014,A/Serbia/NS-210/2013,160
A/Perth/16/2009,A/Hong Kong/146/2013,160
A/Victoria/361/2011,A/Hong Kong/146/2013,320
A/Texas/50/2012,A/Hong Kong/146/2013,1280
A/Samara/73/2013,A/Hong Kong/146/2013,640
A/Serbia/NS-210/2013,A/Hong Kong/146/2013,640
A/Hong Kong/146/2013,A/Hong Kong/146/2013,1280
A/South Africa/4655/2013,A/Hong Kong/146/2013,320
A/Stockholm/1/2013,A/Hong Kong/146/2013,320
A/Stockholm/6/2014,A/Hong Kong/146/2013,80
A/Norway/466/2014,A/Hong Kong/146/2013,80
A/Sarajevo/13/2013,A/Hong Kong/146/2013,320
A/Sarajevo/19/2013,A/Hong Kong/146/2013,160
A/Slovenia/254/2014,A/Hong Kong/146/2013,160
A/Slovenia/286/2014,A/Hong Kong/146/2013,320
A/Slovenia/321/2014,A/Hong Kong/146/2013,160
A/Ukraine/6031/2014,A/Hong Kong/146/2013,320
A/Slovenia/417/2014,A/Hong Kong/146/2013,160
A/Slovenia/609/2014,A/Hong Kong/146/2013,320
A/Slovenia/622/2014,A/Hong Kong/146/2013,80
A/Slovenia/694/2014,A/Hong Kong/146/2013,320
A/Slovenia/697/2014,A/Hong Kong/146/2013,320
A/Slovenia/706/2014,A/Hong Kong/146/2013,640
A/Slovenia/712/2014,A/Hong Kong/146/2013,320
A/Slovenia/752/2014,A/Hong Kong/146/2013,320
A/Ukraine/6093/2014,A/Hong Kong/146/2013,320
A/Slovenia/823/2014,A/Hong Kong/146/2013,160
A/Slovenia/842/2014,A/Hong Kong/146/2013,160
A/Slovenia/853/2014,A/Hong Kong/146/2013,320
A/Slovenia/1162/2014,A/Hong Kong/146/2013,320
A/Slovenia/1213/2014,A/Hong Kong/146/2013,160
A/Ireland/23577/2014,A/Hong Kong/146/2013,160
A/Perth/16/2009,A/South Africa/4655/2013,<40
A/Victoria/361/2011,A/South Africa/4655/2013,80
A/Texas/50/2012,A/South Africa/4655/2013,80
A/Samara/73/2013,A/South Africa/4655/2013,160
A/Serbia/NS-210/2013,A/South Africa/4655/2013,80
A/Hong Kong/146/2013,A/South Africa/4655/2013,80
A/South Africa/4655/2013,A/South Africa/4655/2013,320
A/Stockholm/1/2013,A/South Africa/4655/2013,320
A/Stockholm/6/2014,A/South Africa/4655/2013,40
A/Norway/466/2014,A/South Africa/4655/2013,<40
A/Sarajevo/13/2013,A/South Africa/4655/2013,80
A/Sarajevo/19/2013,A/South Africa/4655/2013,80
A/Slovenia/254/2014,A/South Africa/4655/2013,40
A/Slovenia/286/2014,A/South Africa/4655/2013,80
A/Slovenia/321/2014,A/South Africa/4655/2013,40
A/Ukraine/6031/2014,A/South Africa/4655/2013,80
A/Slovenia/417/2014,A/South Africa/4655/2013,40
A/Slovenia/609/2014,A/South Africa/4655/2013,80
A/Slovenia/622/2014,A/South Africa/4655/2013,40
A/Slovenia/694/2014,A/South Africa/4655/2013,80
A/Slovenia/697/2014,A/South Africa/4655/2013,80
A/Slovenia/706/2014,A/South Africa/4655/2013,160
A/Slovenia/712/2014,A/South Africa/4655/2013,40
A/Slovenia/752/2014,A/South Africa/4655/2013,80
A/Ukraine/6093/2014,A/South Africa/4655/2013,80
A/Slovenia/823/2014,A/South Africa/4655/2013,80
A/Slovenia/842/2014,A/South Africa/4655/2013,40
A/Slovenia/853/2014,A/South Africa/4655/2013,80
A/Slovenia/1162/2014,A/South Africa/4655/2013,80
A/Slovenia/1213/2014,A/South Africa/4655/2013,80
A/Ireland/23577/2014,A/South Africa/4655/2013,40
A/Perth/16/2009,A/Stockholm/1/2013,40
A/Victoria/361/2011,A/Stockholm/1/2013,160
A/Texas/50/2012,A/Stockholm/1/2013,160
A/Samara/73/2013,A/Stockholm/1/2013,160
A/Serbia/NS-210/2013,A/Stockholm/1/2013,160
A/Hong Kong/146/2013,A/Stockholm/1/2013,160
A/South Africa/4655/2013,A/Stockholm/1/2013,320
A/Stockholm/1/2013,A/Stockholm/1/2013,320
A/Stockholm/6/2014,A/Stockholm/1/2013,80
A/Norway/466/2014,A/Stockholm/1/2013,80
A/Sarajevo/13/2013,A/Stockholm/1/2013,160
A/Sarajevo/19/2013,A/Stockholm/1/2013,80
A/Slovenia/254/2014,A/Stockholm/1/2013,80
A/Slovenia/286/2014,A/Stockholm/1/2013,160
A/Slovenia/321/2014,A/Stockholm/1/2013,80
A/Ukraine/6031/2014,A/Stockholm/1/2013,160
A/Slovenia/417/2014,A/Stockholm/1/2013,80
A/Slovenia/609/2014,A/Stockholm/1/2013,160
A/Slovenia/622/2014,A/Stockholm/1/2013,80
A/Slovenia/694/2014,A/Stockholm/1/2013,160
A/Slovenia/697/2014,A/Stockholm/1/2013,160
A/Slovenia/706/2014,A/Stockholm/1/2013,320
A/Slovenia/712/2014,A/Stockholm/1/2013,160
A/Slovenia/752/2014,A/Stockholm/1/2013,160
A/Ukraine/6093/2014,A/Stockholm/1/2013,160
A/Slovenia/823/2014,A/Stockholm/1/2013,80
A/Slovenia/842/2014,A/Stockholm/1/2013,80
A/Slovenia/853/2014,A/Stockholm/1/2013,80
A/Slovenia/1162/2014,A/Stockholm/1/2013,160
A/Slovenia/1213/2014,A/Stockholm/1/2013,80
A/Ireland/23577/2014,A/Stockholm/1/2013,80
A/Perth/16/2009,A/Stockholm/6/2014,<40
A/Victoria/361/2011,A/Stockholm/6/2014,320
A/Texas/50/2012,A/Stockholm/6/2014,160
A/Samara/73/2013,A/Stockholm/6/2014,640
A/Serbia/NS-210/2013,A/Stockholm/6/2014,160
A/Hong Kong/146/2013,A/Stockholm/6/2014,80
A/South Africa/4655/2013,A/Stockholm/6/2014,80
A/Stockholm/1/2013,A/Stockholm/6/2014,80
A/Stockholm/6/2014,A/Stockholm/6/2014,320
A/Norway/466/2014,A/Stockholm/6/2014,320
A/Sarajevo/13/2013,A/Stockholm/6/2014,640
A/Sarajevo/19/2013,A/Stockholm/6/2014,320
A/Slovenia/254/2014,A/Stockholm/6/2014,320
A/Slovenia/286/2014,A/Stockholm/6/2014,320
A/Slovenia/321/2014,A/Stockholm/6/2014,320
A/Ukraine/6031/2014,A/Stockholm/6/2014,320
A/Slovenia/417/2014,A/Stockholm/6/2014,320
A/Slovenia/609/2014,A/Stockholm/6/2014,320
A/Slovenia/622/2014,A/Stockholm/6/2014,160
A/Slovenia/694/2014,A/Stockholm/6/2014,320
A/Slovenia/697/2014,A/Stockholm/6/2014,320
A/Slovenia/706/2014,A/Stockholm/6/2014,640
A/Slovenia/712/2014,A/Stockholm/6/2014,320
A/Slovenia/752/2014,A/Stockholm/6/2014,640
A/Ukraine/6093/2014,A/Stockholm/6/2014,320
A/Slovenia/823/2014,A/Stockholm/6/2014,320
A/Slovenia/842/2014,A/Stockholm/6/2014,320
A/Slovenia/853/2014,A/Stockholm/6/2014,320
A/Slovenia/1162/2014,A/Stockholm/6/2014,320
A/Slovenia/1213/2014,A/Stockholm/6/2014,160
A/Ireland/23577/2014,A/Stockholm/6/2014,320
A/Perth/16/2009,A/Norway/466/2014,40
A/Victoria/361/2011,A/Norway/466/2014,160
A/Texas/50/2012,A/Norway/466/2014,40
A/Samara/73/2013,A/Norway/466/2014,320
A/Serbia/NS-210/2013,A/Norway/466/2014,80
A/Hong Kong/146/2013,A/Norway/466/2014,80
A/South Africa/4655/2013,A/Norway/466/2014,80
A/Stockholm/1/2013,A/Norway/466/2014,80
A/Stockholm/6/2014,A/Norway/466/2014,160
A/Norway/466/2014,A/Norway/466/2014,160
A/Sarajevo/13/2013,A/Norway/466/2014,320
A/Sarajevo/19/2013,A/Norway/466/2014,160
A/Slovenia/254/2014,A/Norway/466/2014,160
A/Slovenia/286/2014,A/Norway/466/2014,320
A/Slovenia/321/2014,A/Norway/466/2014,160
A/Ukraine/6031/2014,A/Norway/466/2014,160
A/Slovenia/417/2014,A/Norway/466/2014,160
A/Slovenia/609/2014,A/Norway/466/2014,160
A/Slovenia/622/2014,A/Norway/466/2014,160
A/Slovenia/694/2014,A/Norway/466/2014,160
A/Slovenia/697/2014,A/Norway/466/2014,160
A/Slovenia/706/2014,A/Norway/466/2014,320
A/Slovenia/712/2014,A/Norway/466/2014,160
A/Slovenia/752/2014,A/Norway/466/2014,320
A/Ukraine/6093/2014,A/Norway/466/2014,320
A/Slovenia/823/2014,A/Norway/466/2014,160
A/Slovenia/842/2014,A/Norway/466/2014,160
A/Slovenia/853/2014,A/Norway/466/2014,160
A/Slovenia/1162/2014,A/Norway/466/2014,160
A/Slovenia/1213/2014,A/Norway/466/2014,160
A/Ireland/23577/2014,A/Norway/466/2014,160
A/Perth/16/2009,A/Perth/16/2009,640
A/Victoria/361/2011,A/Perth/16/2009,160
A/Texas/50/2012,A/Perth/16/2009,640
A/Samara/73/2013,A/Perth/16/2009,320
A/Serbia/NS-210/2013,A/Perth/16/2009,640
A/Hong Kong/146/2013,A/Perth/16/2009,640
A/South Africa/4655/2013,A/Perth/16/2009,80
A/Stockholm/1/2013,A/Perth/16/2009,40
A/Stockholm/6/2014,A/Perth/16/2009,80
A/Stockholm/6/2014,A/Perth/16/2009,80
A/Stockholm/6/2014,A/Perth/16/2009,40
A/Norway/466/2014,A/Perth/16/2009,<40
A/Sarajevo/22/2013,A/Perth/16/2009,40
A/Sarajevo/23/2013,A/Perth/16/2009,40
A/Sarajevo/58/2013,A/Perth/16/2009,40
A/Stockholm/2/2014,A/Perth/16/2009,80
A/Slovenia/142/2014,A/Perth/16/2009,80
A/Czech Republic/1/2014,A/Perth/16/2009,80
A/Czech Republic/6/2014,A/Perth/16/2009,40
A/Czech Republic/10/2014,A/Perth/16/2009,<40
A/Iceland/23/2014,A/Perth/16/2009,160
A/Austria/777909/2014,A/Perth/16/2009,40
A/Stockholm/14/2014,A/Perth/16/2009,80
A/Finland/405/2014,A/Perth/16/2009,40
A/Iceland/34/2014,A/Perth/16/2009,80
A/Stockholm/13/2014,A/Perth/16/2009,<40
A/Stockholm/12/2014,A/Perth/16/2009,40
A/Iceland/45/2014,A/Perth/16/2009,80
A/Finland/411/2014,A/Perth/16/2009,<40
A/England/399/2014,A/Perth/16/2009,80
A/Austria/784503/2014,A/Perth/16/2009,80
A/Vrancea/162893/2014,A/Perth/16/2009,<40
A/Botosani/162689/2014,A/Perth/16/2009,40
A/Botosani/162690/2014,A/Perth/16/2009,80
A/Iasi/162712/2014,A/Perth/16/2009,160
A/Calarasi/162804/2014,A/Perth/16/2009,40
A/St. Petersburg/25/2014,A/Perth/16/2009,80
A/St. Petersburg/45/2014,A/Perth/16/2009,80
A/Kaliningrad/2/2014,A/Perth/16/2009,40
A/Austria/786648/2014,A/Perth/16/2009,80
A/Mures/163025/2014,A/Perth/16/2009,40
A/Austria/787217/2014,A/Perth/16/2009,40
A/Austria/788090/2014,A/Perth/16/2009,40
A/Latvia/04-003950/2014,A/Perth/16/2009,80
A/Latvia/04-011765/2014,A/Perth/16/2009,160
A/Austria/790710/2014,A/Perth/16/2009,<40
A/Perth/16/2009,A/Victoria/361/2011,160
A/Victoria/361/2011,A/Victoria/361/2011,640
A/Texas/50/2012,A/Victoria/361/2011,1280
A/Samara/73/2013,A/Victoria/361/2011,640
A/Serbia/NS-210/2013,A/Victoria/361/2011,1280
A/Hong Kong/146/2013,A/Victoria/361/2011,640
A/South Africa/4655/2013,A/Victoria/361/2011,80
A/Stockholm/1/2013,A/Victoria/361/2011,80
A/Stockholm/6/2014,A/Victoria/361/2011,160
A/Stockholm/6/2014,A/Victoria/361/2011,160
A/Stockholm/6/2014,A/Victoria/361/2011,160
A/Norway/466/2014,A/Victoria/361/2011,80
A/Sarajevo/22/2013,A/Victoria/361/2011,160
A/Sarajevo/23/2013,A/Victoria/361/2011,160
A/Sarajevo/58/2013,A/Victoria/361/2011,80
A/Stockholm/2/2014,A/Victoria/361/2011,160
A/Slovenia/142/2014,A/Victoria/361/2011,160
A/Czech Republic/1/2014,A/Victoria/361/2011,160
A/Czech Republic/6/2014,A/Victoria/361/2011,80
A/Czech Republic/10/2014,A/Victoria/361/2011,160
A/Iceland/23/2014,A/Victoria/361/2011,160
A/Austria/777909/2014,A/Victoria/361/2011,160
A/Stockholm/14/2014,A/Victoria/361/2011,320
A/Finland/405/2014,A/Victoria/361/2011,160
A/Iceland/34/2014,A/Victoria/361/2011,160
A/Stockholm/13/2014,A/Victoria/361/2011,80
A/Stockholm/12/2014,A/Victoria/361/2011,160
A/Iceland/45/2014,A/Victoria/361/2011,160
A/Finland/411/2014,A/Victoria/361/2011,160
A/England/399/2014,A/Victoria/361/2011,160
A/Austria/784503/2014,A/Victoria/361/2011,160
A/Vrancea/162893/2014,A/Victoria/361/2011,80
A/Botosani/162689/2014,A/Victoria/361/2011,160
A/Botosani/162690/2014,A/Victoria/361/2011,160
A/Iasi/162712/2014,A/Victoria/361/2011,320
A/Calarasi/162804/2014,A/Victoria/361/2011,160
A/St. Petersburg/25/2014,A/Victoria/361/2011,160
A/St. Petersburg/45/2014,A/Victoria/361/2011,320
A/Kaliningrad/2/2014,A/Victoria/361/2011,80
A/Austria/786648/2014,A/Victoria/361/2011,80
A/Mures/163025/2014,A/Victoria/361/2011,80
A/Austria/787217/2014,A/Victoria/361/2011,160
A/Austria/788090/2014,A/Victoria/361/2011,160
A/Latvia/04-003950/2014,A/Victoria/361/2011,320
A/Latvia/04-011765/2014,A/Victoria/361/2011,320
A/Austria/790710/2014,A/Victoria/361/2011,80
A/Perth/16/2009,A/Texas/50/2012,160
A/Victoria/361/2011,A/Texas/50/2012,320
A/Texas/50/2012,A/Texas/50/2012,1280
A/Samara/73/2013,A/Texas/50/2012,640
A/Serbia/NS-210/2013,A/Texas/50/2012,1280
A/Hong Kong/146/2013,A/Texas/50/2012,640
A/South Africa/4655/2013,A/Texas/50/2012,160
A/Stockholm/1/2013,A/Texas/50/2012,160
A/Stockholm/6/2014,A/Texas/50/2012,40
A/Stockholm/6/2014,A/Texas/50/2012,160
A/Stockholm/6/2014,A/Texas/50/2012,80
A/Norway/466/2014,A/Texas/50/2012,80
A/Sarajevo/22/2013,A/Texas/50/2012,80
A/Sarajevo/23/2013,A/Texas/50/2012,80
A/Sarajevo/58/2013,A/Texas/50/2012,80
A/Stockholm/2/2014,A/Texas/50/2012,80
A/Slovenia/142/2014,A/Texas/50/2012,160
A/Czech Republic/1/2014,A/Texas/50/2012,160
A/Czech Republic/6/2014,A/Texas/50/2012,80
A/Czech Republic/10/2014,A/Texas/50/2012,80
A/Iceland/23/2014,A/Texas/50/2012,160
A/Austria/777909/2014,A/Texas/50/2012,40
A/Stockholm/14/2014,A/Texas/50/2012,160
A/Finland/405/2014,A/Texas/50/2012,80
A/Iceland/34/2014,A/Texas/50/2012,80
A/Stockholm/13/2014,A/Texas/50/2012,80
A/Stockholm/12/2014,A/Texas/50/2012,160
A/Iceland/45/2014,A/Texas/50/2012,160
A/Finland/411/2014,A/Texas/50/2012,80
A/England/399/2014,A/Texas/50/2012,160
A/Austria/784503/2014,A/Texas/50/2012,80
A/Vrancea/162893/2014,A/Texas/50/2012,40
A/Botosani/162689/2014,A/Texas/50/2012,80
A/Botosani/162690/2014,A/Texas/50/2012,80
A/Iasi/162712/2014,A/Texas/50/2012,320
A/Calarasi/162804/2014,A/Texas/50/2012,80
A/St. Petersburg/25/2014,A/Texas/50/2012,160
A/St. Petersburg/45/2014,A/Texas/50/2012,160
A/Kaliningrad/2/2014,A/Texas/50/2012,80
A/Austria/786648/2014,A/Texas/50/2012,40
A/Mures/163025/2014,A/Texas/50/2012,80
A/Austria/787217/2014,A/Texas/50/2012,80
A/Austria/788090/2014,A/Texas/50/2012,80
A/Latvia/04-003950/2014,A/Texas/50/2012,320
A/Latvia/04-011765/2014,A/Texas/50/2012,320
A/Austria/790710/2014,A/Texas/50/2012,40
A/Perth/16/2009,A/Samara/73/2013,160
A/Victoria/361/2011,A/Samara/73/2013,640
A/Texas/50/2012,A/Samara/73/2013,640
A/Samara/73/2013,A/Samara/73/2013,1280
A/Serbia/NS-210/2013,A/Samara/73/2013,1280
A/Hong Kong/146/2013,A/Samara/73/2013,1280
A/South Africa/4655/2013,A/Samara/73/2013,320
A/Stockholm/1/2013,A/Samara/73/2013,320
A/Stockholm/6/2014,A/Samara/73/2013,160
A/Stockholm/6/2014,A/Samara/73/2013,160
A/Stockholm/6/2014,A/Samara/73/2013,320
A/Norway/466/2014,A/Samara/73/2013,160
A/Sarajevo/22/2013,A/Samara/73/2013,320
A/Sarajevo/23/2013,A/Samara/73/2013,320
A/Sarajevo/58/2013,A/Samara/73/2013,160
A/Stockholm/2/2014,A/Samara/73/2013,320
A/Slovenia/142/2014,A/Samara/73/2013,320
A/Czech Republic/1/2014,A/Samara/73/2013,320
A/Czech Republic/6/2014,A/Samara/73/2013,160
A/Czech Republic/10/2014,A/Samara/73/2013,320
A/Iceland/23/2014,A/Samara/73/2013,640
A/Austria/777909/2014,A/Samara/73/2013,320
A/Stockholm/14/2014,A/Samara/73/2013,640
A/Finland/405/2014,A/Samara/73/2013,320
A/Iceland/34/2014,A/Samara/73/2013,320
A/Stockholm/13/2014,A/Samara/73/2013,320
A/Stockholm/12/2014,A/Samara/73/2013,320
A/Iceland/45/2014,A/Samara/73/2013,320
A/Finland/411/2014,A/Samara/73/2013,160
A/England/399/2014,A/Samara/73/2013,320
A/Austria/784503/2014,A/Samara/73/2013,160
A/Vrancea/162893/2014,A/Samara/73/2013,160
A/Botosani/162689/2014,A/Samara/73/2013,320
A/Botosani/162690/2014,A/Samara/73/2013,320
A/Iasi/162712/2014,A/Samara/73/2013,1280
A/Calarasi/162804/2014,A/Samara/73/2013,320
A/St. Petersburg/25/2014,A/Samara/73/2013,320
A/St. Petersburg/45/2014,A/Samara/73/2013,640
A/Kaliningrad/2/2014,A/Samara/73/2013,160
A/Austria/786648/2014,A/Samara/73/2013,160
A/Mures/163025/2014,A/Samara/73/2013,320
A/Austria/787217/2014,A/Samara/73/2013,320
A/Austria/788090/2014,A/Samara/73/2013,320
A/Latvia/04-003950/2014,A/Samara/73/2013,640
A/Latvia/04-011765/2014,A/Samara/73/2013,640
A/Austria/790710/2014,A/Samara/73/2013,160
A/Perth/16/2009,A/Serbia/NS-210/2013,160
A/Victoria/361/2011,A/Serbia/NS-210/2013,640
A/Texas/50/2012,A/Serbia/NS-210/2013,1280
A/Samara/73/2013,A/Serbia/NS-210/2013,640
A/Serbia/NS-210/2013,A/Serbia/NS-210/2013,1280
A/Hong Kong/146/2013,A/Serbia/NS-210/2013,640
A/South Africa/4655/2013,A/Serbia/NS-210/2013,160
A/Stockholm/1/2013,A/Serbia/NS-210/2013,160
A/Stockholm/6/2014,A/Serbia/NS-210/2013,40
A/Stockholm/6/2014,A/Serbia/NS-210/2013,320
A/Stockholm/6/2014,A/Serbia/NS-210/2013,320
A/Norway/466/2014,A/Serbia/NS-210/2013,160
A/Sarajevo/22/2013,A/Serbia/NS-210/2013,160
A/Sarajevo/23/2013,A/Serbia/NS-210/2013,160
A/Sarajevo/58/2013,A/Serbia/NS-210/2013,40
A/Stockholm/2/2014,A/Serbia/NS-210/2013,160
A/Slovenia/142/2014,A/Serbia/NS-210/2013,320
A/Czech Republic/1/2014,A/Serbia/NS-210/2013,320
A/Czech Republic/6/2014,A/Serbia/NS-210/2013,160
A/Czech Republic/10/2014,A/Serbia/NS-210/2013,160
A/Iceland/23/2014,A/Serbia/NS-210/2013,640
A/Austria/777909/2014,A/Serbia/NS-210/2013,160
A/Stockholm/14/2014,A/Serbia/NS-210/2013,320
A/Finland/405/2014,A/Serbia/NS-210/2013,160
A/Iceland/34/2014,A/Serbia/NS-210/2013,160
A/Stockholm/13/2014,A/Serbia/NS-210/2013,80
A/Stockholm/12/2014,A/Serbia/NS-210/2013,160
A/Iceland/45/2014,A/Serbia/NS-210/2013,160
A/Finland/411/2014,A/Serbia/NS-210/2013,160
A/England/399/2014,A/Serbia/NS-210/2013,320
A/Austria/784503/2014,A/Serbia/NS-210/2013,160
A/Vrancea/162893/2014,A/Serbia/NS-210/2013,80
A/Botosani/162689/2014,A/Serbia/NS-210/2013,160
A/Botosani/162690/2014,A/Serbia/NS-210/2013,160
A/Iasi/162712/2014,A/Serbia/NS-210/2013,640
A/Calarasi/162804/2014,A/Serbia/NS-210/2013,160
A/St. Petersburg/25/2014,A/Serbia/NS-210/2013,320
A/St. Petersburg/45/2014,A/Serbia/NS-210/2013,320
A/Kaliningrad/2/2014,A/Serbia/NS-210/2013,80
A/Austria/786648/2014,A/Serbia/NS-210/2013,80
A/Mures/163025/2014,A/Serbia/NS-210/2013,160
A/Austria/787217/2014,A/Serbia/NS-210/2013,160
A/Austria/788090/2014,A/Serbia/NS-210/2013,160
A/Latvia/04-003950/2014,A/Serbia/NS-210/2013,320
A/Latvia/04-011765/2014,A/Serbia/NS-210/2013,320
A/Austria/790710/2014,A/Serbia/NS-210/2013,80
A/Perth/16/2009,A/Hong Kong/146/2013,160
A/Victoria/361/2011,A/Hong Kong/146/2013,640
A/Texas/50/2012,A/Hong Kong/146/2013,640
A/Samara/73/2013,A/Hong Kong/146/2013,1280
A/Serbia/NS-210/2013,A/Hong Kong/146/2013,1280
A/Hong Kong/146/2013,A/Hong Kong/146/2013,2560
A/South Africa/4655/2013,A/Hong Kong/146/2013,320
A/Stockholm/1/2013,A/Hong Kong/146/2013,320
A/Stockholm/6/2014,A/Hong Kong/146/2013,40
A/Stockholm/6/2014,A/Hong Kong/146/2013,160
A/Stockholm/6/2014,A/Hong Kong/146/2013,320
A/Norway/466/2014,A/Hong Kong/146/2013,160
A/Sarajevo/22/2013,A/Hong Kong/146/2013,160
A/Sarajevo/23/2013,A/Hong Kong/146/2013,160
A/Sarajevo/58/2013,A/Hong Kong/146/2013,80
A/Stockholm/2/2014,A/Hong Kong/146/2013,160
A/Slovenia/142/2014,A/Hong Kong/146/2013,320
A/Czech Republic/1/2014,A/Hong Kong/146/2013,320
A/Czech Republic/6/2014,A/Hong Kong/146/2013,80
A/Czech Republic/10/2014,A/Hong Kong/146/2013,160
A/Iceland/23/2014,A/Hong Kong/146/2013,320
A/Austria/777909/2014,A/Hong Kong/146/2013,160
A/Stockholm/14/2014,A/Hong Kong/146/2013,320
A/Finland/405/2014,A/Hong Kong/146/2013,160
A/Iceland/34/2014,A/Hong Kong/146/2013,160
A/Stockholm/13/2014,A/Hong Kong/146/2013,160
A/Stockholm/12/2014,A/Hong Kong/146/2013,160
A/Iceland/45/2014,A/Hong Kong/146/2013,80
A/Finland/411/2014,A/Hong Kong/146/2013,160
A/England/399/2014,A/Hong Kong/146/2013,320
A/Austria/784503/2014,A/Hong Kong/146/2013,80
A/Vrancea/162893/2014,A/Hong Kong/146/2013,80
A/Botosani/162689/2014,A/Hong Kong/146/2013,160
A/Botosani/162690/2014,A/Hong Kong/146/2013,160
A/Iasi/162712/2014,A/Hong Kong/146/2013,640
A/Calarasi/162804/2014,A/Hong Kong/146/2013,160
A/St. Petersburg/25/2014,A/Hong Kong/146/2013,160
A/St. Petersburg/45/2014,A/Hong Kong/146/2013,320
A/Kaliningrad/2/2014,A/Hong Kong/146/2013,80
A/Austria/786648/2014,A/Hong Kong/146/2013,160
A/Mures/163025/2014,A/Hong Kong/146/2013,160
A/Austria/787217/2014,A/Hong Kong/146/2013,160
A/Austria/788090/2014,A/Hong Kong/146/2013,160
A/Latvia/04-003950/2014,A/Hong Kong/146/2013,320
A/Latvia/04-011765/2014,A/Hong Kong/146/2013,320
A/Austria/790710/2014,A/Hong Kong/146/2013,80
A/Perth/16/2009,A/South Africa/4655/2013,40
A/Victoria/361/2011,A/South Africa/4655/2013,160
A/Texas/50/2012,A/South Africa/4655/2013,80
A/Samara/73/2013,A/South Africa/4655/2013,160
A/Serbia/NS-210/2013,A/South Africa/4655/2013,80
A/Hong Kong/146/2013,A/South Africa/4655/2013,80
A/South Africa/4655/2013,A/South Africa/4655/2013,640
A/Stockholm/1/2013,A/South Africa/4655/2013,320
A/Stockholm/6/2014,A/South Africa/4655/2013,<40
A/Stockholm/6/2014,A/South Africa/4655/2013,<40
A/Stockholm/6/2014,A/South Africa/4655/2013,80
A/Norway/466/2014,A/South Africa/4655/2013,40
A/Sarajevo/22/2013,A/South Africa/4655/2013,40
A/Sarajevo/23/2013,A/South Africa/4655/2013,40
A/Sarajevo/58/2013,A/South Africa/4655/2013,<40
A/Stockholm/2/2014,A/South Africa/4655/2013,40
A/Slovenia/142/2014,A/South Africa/4655/2013,80
A/Czech Republic/1/2014,A/South Africa/4655/2013,80
A/Czech Republic/6/2014,A/South Africa/4655/2013,40
A/Czech Republic/10/2014,A/South Africa/4655/2013,80
A/Iceland/23/2014,A/South Africa/4655/2013,160
A/Austria/777909/2014,A/South Africa/4655/2013,40
A/Stockholm/14/2014,A/South Africa/4655/2013,80
A/Finland/405/2014,A/South Africa/4655/2013,40
A/Iceland/34/2014,A/South Africa/4655/2013,80
A/Stockholm/13/2014,A/South Africa/4655/2013,40
A/Stockholm/12/2014,A/South Africa/4655/2013,80
A/Iceland/45/2014,A/South Africa/4655/2013,80
A/Finland/411/2014,A/South Africa/4655/2013,40
A/England/399/2014,A/South Africa/4655/2013,80
A/Austria/784503/2014,A/South Africa/4655/2013,40
A/Vrancea/162893/2014,A/South Africa/4655/2013,40
A/Botosani/162689/2014,A/South Africa/4655/2013,40
A/Botosani/162690/2014,A/South Africa/4655/2013,40
A/Iasi/162712/2014,A/South Africa/4655/2013,160
A/Calarasi/162804/2014,A/South Africa/4655/2013,80
A/St. Petersburg/25/2014,A/South Africa/4655/2013,80
A/St. Petersburg/45/2014,A/South Africa/4655/2013,80
A/Kaliningrad/2/2014,A/South Africa/4655/2013,40
A/Austria/786648/2014,A/South Africa/4655/2013,40
A/Mures/163025/2014,A/South Africa/4655/2013,40
A/Austria/787217/2014,A/South Africa/4655/2013,40
A/Austria/788090/2014,A/South Africa/4655/2013,40
A/Latvia/04-003950/2014,A/South Africa/4655/2013,80
A/Latvia/04-011765/2014,A/South Africa/4655/2013,80
A/Austria/790710/2014,A/South Africa/4655/2013,<40
A/Perth/16/2009,A/Stockholm/1/2013,80
A/Victoria/361/2011,A/Stockholm/1/2013,320
A/Texas/50/2012,A/Stockholm/1/2013,160
A/Samara/73/2013,A/Stockholm/1/2013,320
A/Serbia/NS-210/2013,A/Stockholm/1/2013,160
A/Hong Kong/146/2013,A/Stockholm/1/2013,160
A/South Africa/4655/2013,A/Stockholm/1/2013,320
A/Stockholm/1/2013,A/Stockholm/1/2013,320
A/Stockholm/6/2014,A/Stockholm/1/2013,160
A/Stockholm/6/2014,A/Stockholm/1/2013,40
A/Stockholm/6/2014,A/Stockholm/1/2013,80
A/Norway/466/2014,A/Stockholm/1/2013,160
A/Sarajevo/22/2013,A/Stockholm/1/2013,80
A/Sarajevo/23/2013,A/Stockholm/1/2013,80
A/Sarajevo/58/2013,A/Stockholm/1/2013,40
A/Stockholm/2/2014,A/Stockholm/1/2013,80
A/Slovenia/142/2014,A/Stockholm/1/2013,160
A/Czech Republic/1/2014,A/Stockholm/1/2013,80
A/Czech Republic/6/2014,A/Stockholm/1/2013,40
A/Czech Republic/10/2014,A/Stockholm/1/2013,160
A/Iceland/23/2014,A/Stockholm/1/2013,160
A/Austria/777909/2014,A/Stockholm/1/2013,80
A/Stockholm/14/2014,A/Stockholm/1/2013,160
A/Finland/405/2014,A/Stockholm/1/2013,80
A/Iceland/34/2014,A/Stockholm/1/2013,80
A/Stockholm/13/2014,A/Stockholm/1/2013,80
A/Stockholm/12/2014,A/Stockholm/1/2013,160
A/Iceland/45/2014,A/Stockholm/1/2013,80
A/Finland/411/2014,A/Stockholm/1/2013,80
A/England/399/2014,A/Stockholm/1/2013,80
A/Austria/784503/2014,A/Stockholm/1/2013,80
A/Vrancea/162893/2014,A/Stockholm/1/2013,40
A/Botosani/162689/2014,A/Stockholm/1/2013,80
A/Botosani/162690/2014,A/Stockholm/1/2013,80
A/Iasi/162712/2014,A/Stockholm/1/2013,320
A/Calarasi/162804/2014,A/Stockholm/1/2013,80
A/St. Petersburg/25/2014,A/Stockholm/1/2013,80
A/St. Petersburg/45/2014,A/Stockholm/1/2013,160
A/Kaliningrad/2/2014,A/Stockholm/1/2013,40
A/Austria/786648/2014,A/Stockholm/1/2013,40
A/Mures/163025/2014,A/Stockholm/1/2013,80
A/Austria/787217/2014,A/Stockholm/1/2013,80
A/Austria/788090/2014,A/Stockholm/1/2013,80
A/Latvia/04-003950/2014,A/Stockholm/1/2013,160
A/Latvia/04-011765/2014,A/Stockholm/1/2013,160
A/Austria/790710/2014,A/Stockholm/1/2013,40
A/Perth/16/2009,A/Stockholm/6/2014,40
A/Victoria/361/2011,A/Stockholm/6/2014,640
A/Texas/50/2012,A/Stockholm/6/2014,80
A/Samara/73/2013,A/Stockholm/6/2014,320
A/Serbia/NS-210/2013,A/Stockholm/6/2014,80
A/Hong Kong/146/2013,A/Stockholm/6/2014,160
A/South Africa/4655/2013,A/Stockholm/6/2014,160
A/Stockholm/1/2013,A/Stockholm/6/2014,160
A/Stockholm/6/2014,A/Stockholm/6/2014,640
A/Stockholm/6/2014,A/Stockholm/6/2014,320
A/Stockholm/6/2014,A/Stockholm/6/2014,320
A/Norway/466/2014,A/Stockholm/6/2014,320
A/Sarajevo/22/2013,A/Stockholm/6/2014,*
A/Sarajevo/23/2013,A/Stockholm/6/2014,*
A/Sarajevo/58/2013,A/Stockholm/6/2014,80
A/Stockholm/2/2014,A/Stockholm/6/2014,*
A/Slovenia/142/2014,A/Stockholm/6/2014,320
A/Czech Republic/1/2014,A/Stockholm/6/2014,320
A/Czech Republic/6/2014,A/Stockholm/6/2014,160
A/Czech Republic/10/2014,A/Stockholm/6/2014,*
A/Iceland/23/2014,A/Stockholm/6/2014,*
A/Austria/777909/2014,A/Stockholm/6/2014,*
A/Stockholm/14/2014,A/Stockholm/6/2014,*
A/Finland/405/2014,A/Stockholm/6/2014,*
A/Iceland/34/2014,A/Stockholm/6/2014,*
A/Stockholm/13/2014,A/Stockholm/6/2014,*
A/Stockholm/12/2014,A/Stockholm/6/2014,*
A/Iceland/45/2014,A/Stockholm/6/2014,*
A/Finland/411/2014,A/Stockholm/6/2014,*
A/England/399/2014,A/Stockholm/6/2014,320
A/Austria/784503/2014,A/Stockholm/6/2014,*
A/Vrancea/162893/2014,A/Stockholm/6/2014,*
A/Botosani/162689/2014,A/Stockholm/6/2014,*
A/Botosani/162690/2014,A/Stockholm/6/2014,*
A/Iasi/162712/2014,A/Stockholm/6/2014,*
A/Calarasi/162804/2014,A/Stockholm/6/2014,*
A/St. Petersburg/25/2014,A/Stockholm/6/2014,320
A/St. Petersburg/45/2014,A/Stockholm/6/2014,320
A/Kaliningrad/2/2014,A/Stockholm/6/2014,160
A/Austria/786648/2014,A/Stockholm/6/2014,*
A/Mures/163025/2014,A/Stockholm/6/2014,*
A/Austria/787217/2014,A/Stockholm/6/2014,*
A/Austria/788090/2014,A/Stockholm/6/2014,*
A/Latvia/04-003950/2014,A/Stockholm/6/2014,320
A/Latvia/04-011765/2014,A/Stockholm/6/2014,320
A/Austria/790710/2014,A/Stockholm/6/2014,*
A/Perth/16/2009,A/Stockholm/6/2014,80
A/Victoria/361/2011,A/Stockholm/6/2014,320
A/Texas/50/2012,A/Stockholm/6/2014,1280
A/Samara/73/2013,A/Stockholm/6/2014,640
A/Serbia/NS-210/2013,A/Stockholm/6/2014,1280
A/Hong Kong/146/2013,A/Stockholm/6/2014,640
A/South Africa/4655/2013,A/Stockholm/6/2014,80
A/Stockholm/1/2013,A/Stockholm/6/2014,80
A/Stockholm/6/2014,A/Stockholm/6/2014,320
A/Stockholm/6/2014,A/Stockholm/6/2014,320
A/Stockholm/6/2014,A/Stockholm/6/2014,160
A/Norway/466/2014,A/Stockholm/6/2014,160
A/Sarajevo/22/2013,A/Stockholm/6/2014,*
A/Sarajevo/23/2013,A/Stockholm/6/2014,*
A/Sarajevo/58/2013,A/Stockholm/6/2014,80
A/Stockholm/2/2014,A/Stockholm/6/2014,*
A/Slovenia/142/2014,A/Stockholm/6/2014,320
A/Czech Republic/1/2014,A/Stockholm/6/2014,160
A/Czech Republic/6/2014,A/Stockholm/6/2014,80
A/Czech Republic/10/2014,A/Stockholm/6/2014,*
A/Iceland/23/2014,A/Stockholm/6/2014,*
A/Austria/777909/2014,A/Stockholm/6/2014,*
A/Stockholm/14/2014,A/Stockholm/6/2014,*
A/Finland/405/2014,A/Stockholm/6/2014,*
A/Iceland/34/2014,A/Stockholm/6/2014,*
A/Stockholm/13/2014,A/Stockholm/6/2014,*
A/Stockholm/12/2014,A/Stockholm/6/2014,*
A/Iceland/45/2014,A/Stockholm/6/2014,*
A/Finland/411/2014,A/Stockholm/6/2014,*
A/England/399/2014,A/Stockholm/6/2014,160
A/Austria/784503/2014,A/Stockholm/6/2014,*
A/Vrancea/162893/2014,A/Stockholm/6/2014,*
A/Botosani/162689/2014,A/Stockholm/6/2014,*
A/Botosani/162690/2014,A/Stockholm/6/2014,*
A/Iasi/162712/2014,A/Stockholm/6/2014,*
A/Calarasi/162804/2014,A/Stockholm/6/2014,*
A/St. Petersburg/25/2014,A/Stockholm/6/2014,160
A/St. Petersburg/45/2014,A/Stockholm/6/2014,160
A/Kaliningrad/2/2014,A/Stockholm/6/2014,80
A/Austria/786648/2014,A/Stockholm/6/2014,*
A/Mures/163025/2014,A/Stockholm/6/2014,*
A/Austria/787217/2014,A/Stockholm/6/2014,*
A/Austria/788090/2014,A/Stockholm/6/2014,*
A/Latvia/04-003950/2014,A/Stockholm/6/2014,320
A/Latvia/04-011765/2014,A/Stockholm/6/2014,320
A/Austria/790710/2014,A/Stockholm/6/2014,*
A/Perth/16/2009,A/Stockholm/6/2014,40
A/Victoria/361/2011,A/Stockholm/6/2014,640
A/Texas/50/2012,A/Stockholm/6/2014,160
A/Samara/73/2013,A/Stockholm/6/2014,640
A/Serbia/NS-210/2013,A/Stockholm/6/2014,160
A/Hong Kong/146/2013,A/Stockholm/6/2014,160
A/South Africa/4655/2013,A/Stockholm/6/2014,160
A/Stockholm/1/2013,A/Stockholm/6/2014,80
A/Stockholm/6/2014,A/Stockholm/6/2014,320
A/Stockholm/6/2014,A/Stockholm/6/2014,160
A/Stockholm/6/2014,A/Stockholm/6/2014,320
A/Norway/466/2014,A/Stockholm/6/2014,640
A/Sarajevo/22/2013,A/Stockholm/6/2014,160
A/Sarajevo/23/2013,A/Stockholm/6/2014,160
A/Sarajevo/58/2013,A/Stockholm/6/2014,80
A/Stockholm/2/2014,A/Stockholm/6/2014,320
A/Slovenia/142/2014,A/Stockholm/6/2014,320
A/Czech Republic/1/2014,A/Stockholm/6/2014,320
A/Czech Republic/6/2014,A/Stockholm/6/2014,160
A/Czech Republic/10/2014,A/Stockholm/6/2014,640
A/Iceland/23/2014,A/Stockholm/6/2014,640
A/Austria/777909/2014,A/Stockholm/6/2014,160
A/Stockholm/14/2014,A/Stockholm/6/2014,320
A/Finland/405/2014,A/Stockholm/6/2014,320
A/Iceland/34/2014,A/Stockholm/6/2014,320
A/Stockholm/13/2014,A/Stockholm/6/2014,160
A/Stockholm/12/2014,A/Stockholm/6/2014,320
A/Iceland/45/2014,A/Stockholm/6/2014,320
A/Finland/411/2014,A/Stockholm/6/2014,160
A/England/399/2014,A/Stockholm/6/2014,320
A/Austria/784503/2014,A/Stockholm/6/2014,160
A/Vrancea/162893/2014,A/Stockholm/6/2014,160
A/Botosani/162689/2014,A/Stockholm/6/2014,320
A/Botosani/162690/2014,A/Stockholm/6/2014,320
A/Iasi/162712/2014,A/Stockholm/6/2014,640
A/Calarasi/162804/2014,A/Stockholm/6/2014,320
A/St. Petersburg/25/2014,A/Stockholm/6/2014,320
A/St. Petersburg/45/2014,A/Stockholm/6/2014,640
A/Kaliningrad/2/2014,A/Stockholm/6/2014,160
A/Austria/786648/2014,A/Stockholm/6/2014,160
A/Mures/163025/2014,A/Stockholm/6/2014,160
A/Austria/787217/2014,A/Stockholm/6/2014,160
A/Austria/788090/2014,A/Stockholm/6/2014,320
A/Latvia/04-003950/2014,A/Stockholm/6/2014,320
A/Latvia/04-011765/2014,A/Stockholm/6/2014,320
A/Austria/790710/2014,A/Stockholm/6/2014,80
A/Perth/16/2009,A/Norway/466/2014,40
A/Victoria/361/2011,A/Norway/466/2014,320
A/Texas/50/2012,A/Norway/466/2014,40
A/Samara/73/2013,A/Norway/466/2014,640
A/Serbia/NS-210/2013,A/Norway/466/2014,160
A/Hong Kong/146/2013,A/Norway/466/2014,160
A/South Africa/4655/2013,A/Norway/466/2014,160
A/Stockholm/1/2013,A/Norway/466/2014,80
A/Stockholm/6/2014,A/Norway/466/2014,320
A/Stockholm/6/2014,A/Norway/466/2014,160
A/Stockholm/6/2014,A/Norway/466/2014,320
A/Norway/466/2014,A/Norway/466/2014,320
A/Sarajevo/22/2013,A/Norway/466/2014,160
A/Sarajevo/23/2013,A/Norway/466/2014,160
A/Sarajevo/58/2013,A/Norway/466/2014,80
A/Stockholm/2/2014,A/Norway/466/2014,160
A/Slovenia/142/2014,A/Norway/466/2014,160
A/Czech Republic/1/2014,A/Norway/466/2014,160
A/Czech Republic/6/2014,A/Norway/466/2014,80
A/Czech Republic/10/2014,A/Norway/466/2014,320
A/Iceland/23/2014,A/Norway/466/2014,320
A/Austria/777909/2014,A/Norway/466/2014,160
A/Stockholm/14/2014,A/Norway/466/2014,320
A/Finland/405/2014,A/Norway/466/2014,160
A/Iceland/34/2014,A/Norway/466/2014,160
A/Stockholm/13/2014,A/Norway/466/2014,160
A/Stockholm/12/2014,A/Norway/466/2014,320
A/Iceland/45/2014,A/Norway/466/2014,160
A/Finland/411/2014,A/Norway/466/2014,160
A/England/399/2014,A/Norway/466/2014,160
A/Austria/784503/2014,A/Norway/466/2014,160
A/Vrancea/162893/2014,A/Norway/466/2014,80
A/Botosani/162689/2014,A/Norway/466/2014,160
A/Botosani/162690/2014,A/Norway/466/2014,160
A/Iasi/162712/2014,A/Norway/466/2014,320
A/Calarasi/162804/2014,A/Norway/466/2014,160
A/St. Petersburg/25/2014,A/Norway/466/2014,160
A/St. Petersburg/45/2014,A/Norway/466/2014,160
A/Kaliningrad/2/2014,A/Norway/466/2014,80
A/Austria/786648/2014,A/Norway/466/2014,160
A/Mures/163025/2014,A/Norway/466/2014,160
A/Austria/787217/2014,A/Norway/466/2014,160
A/Austria/788090/2014,A/Norway/466/2014,160
A/Latvia/04-003950/2014,A/Norway/466/2014,320
A/Latvia/04-011765/2014,A/Norway/466/2014,160
A/Austria/790710/2014,A/Norway/466/2014,80
A/Perth/16/2009,A/Perth/16/2009,320
A/Victoria/361/2011,A/Perth/16/2009,160
A/Texas/50/2012,A/Perth/16/2009,640
A/Samara/73/2013,A/Perth/16/2009,160
A/Serbia/NS-210/2013,A/Perth/16/2009,640
A/Hong Kong/146/2013,A/Perth/16/2009,320
A/South Africa/4655/2013,A/Perth/16/2009,80
A/Stockholm/1/2013,A/Perth/16/2009,40
A/Stockholm/6/2014,A/Perth/16/2009,<40
A/Norway/466/2014,A/Perth/16/2009,<40
A/Gambia/G0063940/2012,A/Perth/16/2009,40
A/Gambia/G0064536/2012,A/Perth/16/2009,80
A/Gambia/G0065236/2012,A/Perth/16/2009,40
A/Gambia/G0065240/2012,A/Perth/16/2009,80
A/Gambia/G0065536/2012,A/Perth/16/2009,80
A/Gambia/G0065540/2012,A/Perth/16/2009,80
A/Gambia/G0065640/2012,A/Perth/16/2009,40
A/Gambia/G0065736/2012,A/Perth/16/2009,80
A/Gambia/G0065740/2012,A/Perth/16/2009,40
A/Gambia/G0067136/2012,A/Perth/16/2009,160
A/Gambia/G0067140/2012,A/Perth/16/2009,80
A/Gambia/G0069636/2012,A/Perth/16/2009,80
A/Gambia/G0069640/2012,A/Perth/16/2009,80
A/Gambia/G0071436/2012,A/Perth/16/2009,<40
A/Gambia/G0074340/2012,A/Perth/16/2009,40
A/Gambia/G0075736/2012,A/Perth/16/2009,80
A/Sarajevo/9/2013,A/Perth/16/2009,40
A/Austria/770588/2014,A/Perth/16/2009,80
A/Austria/772655/2014,A/Perth/16/2009,80
A/Austria/773236/2014,A/Perth/16/2009,80
A/Austria/776877/2014,A/Perth/16/2009,80
A/Finland/410/2014,A/Perth/16/2009,160
A/Austria/781450/2014,A/Perth/16/2009,40
A/Iceland/62/2014,A/Perth/16/2009,80
A/Austria/785558/2014,A/Perth/16/2009,80
A/Olt/162753/2014,A/Perth/16/2009,40
A/Bucuresti/162834/2014,A/Perth/16/2009,80
A/Austria/786355/2014,A/Perth/16/2009,40
A/Perth/16/2009,A/Victoria/361/2011,80
A/Victoria/361/2011,A/Victoria/361/2011,320
A/Texas/50/2012,A/Victoria/361/2011,1280
A/Samara/73/2013,A/Victoria/361/2011,320
A/Serbia/NS-210/2013,A/Victoria/361/2011,1280
A/Hong Kong/146/2013,A/Victoria/361/2011,320
A/South Africa/4655/2013,A/Victoria/361/2011,80
A/Stockholm/1/2013,A/Victoria/361/2011,40
A/Stockholm/6/2014,A/Victoria/361/2011,80
A/Norway/466/2014,A/Victoria/361/2011,40
A/Gambia/G0063940/2012,A/Victoria/361/2011,160
A/Gambia/G0064536/2012,A/Victoria/361/2011,160
A/Gambia/G0065236/2012,A/Victoria/361/2011,160
A/Gambia/G0065240/2012,A/Victoria/361/2011,160
A/Gambia/G0065536/2012,A/Victoria/361/2011,160
A/Gambia/G0065540/2012,A/Victoria/361/2011,160
A/Gambia/G0065640/2012,A/Victoria/361/2011,160
A/Gambia/G0065736/2012,A/Victoria/361/2011,160
A/Gambia/G0065740/2012,A/Victoria/361/2011,160
A/Gambia/G0067136/2012,A/Victoria/361/2011,320
A/Gambia/G0067140/2012,A/Victoria/361/2011,160
A/Gambia/G0069636/2012,A/Victoria/361/2011,160
A/Gambia/G0069640/2012,A/Victoria/361/2011,160
A/Gambia/G0071436/2012,A/Victoria/361/2011,80
A/Gambia/G0074340/2012,A/Victoria/361/2011,160
A/Gambia/G0075736/2012,A/Victoria/361/2011,160
A/Sarajevo/9/2013,A/Victoria/361/2011,160
A/Austria/770588/2014,A/Victoria/361/2011,160
A/Austria/772655/2014,A/Victoria/361/2011,160
A/Austria/773236/2014,A/Victoria/361/2011,320
A/Austria/776877/2014,A/Victoria/361/2011,320
A/Finland/410/2014,A/Victoria/361/2011,160
A/Austria/781450/2014,A/Victoria/361/2011,160
A/Iceland/62/2014,A/Victoria/361/2011,160
A/Austria/785558/2014,A/Victoria/361/2011,160
A/Olt/162753/2014,A/Victoria/361/2011,160
A/Bucuresti/162834/2014,A/Victoria/361/2011,160
A/Austria/786355/2014,A/Victoria/361/2011,80
A/Perth/16/2009,A/Texas/50/2012,160
A/Victoria/361/2011,A/Texas/50/2012,160
A/Texas/50/2012,A/Texas/50/2012,1280
A/Samara/73/2013,A/Texas/50/2012,160
A/Serbia/NS-210/2013,A/Texas/50/2012,1280
A/Hong Kong/146/2013,A/Texas/50/2012,320
A/South Africa/4655/2013,A/Texas/50/2012,160
A/Stockholm/1/2013,A/Texas/50/2012,160
A/Stockholm/6/2014,A/Texas/50/2012,40
A/Norway/466/2014,A/Texas/50/2012,40
A/Gambia/G0063940/2012,A/Texas/50/2012,80
A/Gambia/G0064536/2012,A/Texas/50/2012,160
A/Gambia/G0065236/2012,A/Texas/50/2012,80
A/Gambia/G0065240/2012,A/Texas/50/2012,160
A/Gambia/G0065536/2012,A/Texas/50/2012,80
A/Gambia/G0065540/2012,A/Texas/50/2012,160
A/Gambia/G0065640/2012,A/Texas/50/2012,80
A/Gambia/G0065736/2012,A/Texas/50/2012,160
A/Gambia/G0065740/2012,A/Texas/50/2012,80
A/Gambia/G0067136/2012,A/Texas/50/2012,320
A/Gambia/G0067140/2012,A/Texas/50/2012,160
A/Gambia/G0069636/2012,A/Texas/50/2012,80
A/Gambia/G0069640/2012,A/Texas/50/2012,160
A/Gambia/G0071436/2012,A/Texas/50/2012,80
A/Gambia/G0074340/2012,A/Texas/50/2012,80
A/Gambia/G0075736/2012,A/Texas/50/2012,160
A/Sarajevo/9/2013,A/Texas/50/2012,80
A/Austria/770588/2014,A/Texas/50/2012,160
A/Austria/772655/2014,A/Texas/50/2012,160
A/Austria/773236/2014,A/Texas/50/2012,160
A/Austria/776877/2014,A/Texas/50/2012,160
A/Finland/410/2014,A/Texas/50/2012,160
A/Austria/781450/2014,A/Texas/50/2012,80
A/Iceland/62/2014,A/Texas/50/2012,80
A/Austria/785558/2014,A/Texas/50/2012,160
A/Olt/162753/2014,A/Texas/50/2012,80
A/Bucuresti/162834/2014,A/Texas/50/2012,160
A/Austria/786355/2014,A/Texas/50/2012,80
A/Perth/16/2009,A/Samara/73/2013,80
A/Victoria/361/2011,A/Samara/73/2013,640
A/Texas/50/2012,A/Samara/73/2013,1280
A/Samara/73/2013,A/Samara/73/2013,640
A/Serbia/NS-210/2013,A/Samara/73/2013,1280
A/Hong Kong/146/2013,A/Samara/73/2013,1280
A/South Africa/4655/2013,A/Samara/73/2013,320
A/Stockholm/1/2013,A/Samara/73/2013,160
A/Stockholm/6/2014,A/Samara/73/2013,160
A/Norway/466/2014,A/Samara/73/2013,160
A/Gambia/G0063940/2012,A/Samara/73/2013,320
A/Gambia/G0064536/2012,A/Samara/73/2013,320
A/Gambia/G0065236/2012,A/Samara/73/2013,320
A/Gambia/G0065240/2012,A/Samara/73/2013,640
A/Gambia/G0065536/2012,A/Samara/73/2013,320
A/Gambia/G0065540/2012,A/Samara/73/2013,320
A/Gambia/G0065640/2012,A/Samara/73/2013,320
A/Gambia/G0065736/2012,A/Samara/73/2013,320
A/Gambia/G0065740/2012,A/Samara/73/2013,320
A/Gambia/G0067136/2012,A/Samara/73/2013,640
A/Gambia/G0067140/2012,A/Samara/73/2013,320
A/Gambia/G0069636/2012,A/Samara/73/2013,320
A/Gambia/G0069640/2012,A/Samara/73/2013,640
A/Gambia/G0071436/2012,A/Samara/73/2013,320
A/Gambia/G0074340/2012,A/Samara/73/2013,320
A/Gambia/G0075736/2012,A/Samara/73/2013,320
A/Sarajevo/9/2013,A/Samara/73/2013,320
A/Austria/770588/2014,A/Samara/73/2013,320
A/Austria/772655/2014,A/Samara/73/2013,320
A/Austria/773236/2014,A/Samara/73/2013,640
A/Austria/776877/2014,A/Samara/73/2013,640
A/Finland/410/2014,A/Samara/73/2013,320
A/Austria/781450/2014,A/Samara/73/2013,320
A/Iceland/62/2014,A/Samara/73/2013,320
A/Austria/785558/2014,A/Samara/73/2013,320
A/Olt/162753/2014,A/Samara/73/2013,320
A/Bucuresti/162834/2014,A/Samara/73/2013,320
A/Austria/786355/2014,A/Samara/73/2013,160
A/Perth/16/2009,A/Serbia/NS-210/2013,80
A/Victoria/361/2011,A/Serbia/NS-210/2013,320
A/Texas/50/2012,A/Serbia/NS-210/2013,1280
A/Samara/73/2013,A/Serbia/NS-210/2013,320
A/Serbia/NS-210/2013,A/Serbia/NS-210/2013,1280
A/Hong Kong/146/2013,A/Serbia/NS-210/2013,640
A/South Africa/4655/2013,A/Serbia/NS-210/2013,160
A/Stockholm/1/2013,A/Serbia/NS-210/2013,80
A/Stockholm/6/2014,A/Serbia/NS-210/2013,160
A/Norway/466/2014,A/Serbia/NS-210/2013,80
A/Gambia/G0063940/2012,A/Serbia/NS-210/2013,160
A/Gambia/G0064536/2012,A/Serbia/NS-210/2013,160
A/Gambia/G0065236/2012,A/Serbia/NS-210/2013,160
A/Gambia/G0065240/2012,A/Serbia/NS-210/2013,320
A/Gambia/G0065536/2012,A/Serbia/NS-210/2013,160
A/Gambia/G0065540/2012,A/Serbia/NS-210/2013,320
A/Gambia/G0065640/2012,A/Serbia/NS-210/2013,160
A/Gambia/G0065736/2012,A/Serbia/NS-210/2013,160
A/Gambia/G0065740/2012,A/Serbia/NS-210/2013,160
A/Gambia/G0067136/2012,A/Serbia/NS-210/2013,640
A/Gambia/G0067140/2012,A/Serbia/NS-210/2013,320
A/Gambia/G0069636/2012,A/Serbia/NS-210/2013,160
A/Gambia/G0069640/2012,A/Serbia/NS-210/2013,320
A/Gambia/G0071436/2012,A/Serbia/NS-210/2013,160
A/Gambia/G0074340/2012,A/Serbia/NS-210/2013,160
A/Gambia/G0075736/2012,A/Serbia/NS-210/2013,160
A/Sarajevo/9/2013,A/Serbia/NS-210/2013,160
A/Austria/770588/2014,A/Serbia/NS-210/2013,320
A/Austria/772655/2014,A/Serbia/NS-210/2013,160
A/Austria/773236/2014,A/Serbia/NS-210/2013,320
A/Austria/776877/2014,A/Serbia/NS-210/2013,320
A/Finland/410/2014,A/Serbia/NS-210/2013,160
A/Austria/781450/2014,A/Serbia/NS-210/2013,160
A/Iceland/62/2014,A/Serbia/NS-210/2013,160
A/Austria/785558/2014,A/Serbia/NS-210/2013,160
A/Olt/162753/2014,A/Serbia/NS-210/2013,160
A/Bucuresti/162834/2014,A/Serbia/NS-210/2013,160
A/Austria/786355/2014,A/Serbia/NS-210/2013,160
A/Perth/16/2009,A/Hong Kong/146/2013,160
A/Victoria/361/2011,A/Hong Kong/146/2013,320
A/Texas/50/2012,A/Hong Kong/146/2013,640
A/Samara/73/2013,A/Hong Kong/146/2013,640
A/Serbia/NS-210/2013,A/Hong Kong/146/2013,1280
A/Hong Kong/146/2013,A/Hong Kong/146/2013,1280
A/South Africa/4655/2013,A/Hong Kong/146/2013,320
A/Stockholm/1/2013,A/Hong Kong/146/2013,160
A/Stockholm/6/2014,A/Hong Kong/146/2013,160
A/Norway/466/2014,A/Hong Kong/146/2013,80
A/Gambia/G0063940/2012,A/Hong Kong/146/2013,160
A/Gambia/G0064536/2012,A/Hong Kong/146/2013,160
A/Gambia/G0065236/2012,A/Hong Kong/146/2013,160
A/Gambia/G0065240/2012,A/Hong Kong/146/2013,320
A/Gambia/G0065536/2012,A/Hong Kong/146/2013,160
A/Gambia/G0065540/2012,A/Hong Kong/146/2013,320
A/Gambia/G0065640/2012,A/Hong Kong/146/2013,160
A/Gambia/G0065736/2012,A/Hong Kong/146/2013,320
A/Gambia/G0065740/2012,A/Hong Kong/146/2013,160
A/Gambia/G0067136/2012,A/Hong Kong/146/2013,640
A/Gambia/G0067140/2012,A/Hong Kong/146/2013,320
A/Gambia/G0069636/2012,A/Hong Kong/146/2013,160
A/Gambia/G0069640/2012,A/Hong Kong/146/2013,320
A/Gambia/G0071436/2012,A/Hong Kong/146/2013,160
A/Gambia/G0074340/2012,A/Hong Kong/146/2013,160
A/Gambia/G0075736/2012,A/Hong Kong/146/2013,320
A/Sarajevo/9/2013,A/Hong Kong/146/2013,160
A/Austria/770588/2014,A/Hong Kong/146/2013,320
A/Austria/772655/2014,A/Hong Kong/146/2013,160
A/Austria/773236/2014,A/Hong Kong/146/2013,320
A/Austria/776877/2014,A/Hong Kong/146/2013,320
A/Finland/410/2014,A/Hong Kong/146/2013,160
A/Austria/781450/2014,A/Hong Kong/146/2013,160
A/Iceland/62/2014,A/Hong Kong/146/2013,160
A/Austria/785558/2014,A/Hong Kong/146/2013,320
A/Olt/162753/2014,A/Hong Kong/146/2013,160
A/Bucuresti/162834/2014,A/Hong Kong/146/2013,320
A/Austria/786355/2014,A/Hong Kong/146/2013,160
A/Perth/16/2009,A/South Africa/4655/2013,<40
A/Victoria/361/2011,A/South Africa/4655/2013,80
A/Texas/50/2012,A/South Africa/4655/2013,80
A/Samara/73/2013,A/South Africa/4655/2013,160
A/Serbia/NS-210/2013,A/South Africa/4655/2013,80
A/Hong Kong/146/2013,A/South Africa/4655/2013,80
A/South Africa/4655/2013,A/South Africa/4655/2013,640
A/Stockholm/1/2013,A/South Africa/4655/2013,320
A/Stockholm/6/2014,A/South Africa/4655/2013,80
A/Norway/466/2014,A/South Africa/4655/2013,40
A/Gambia/G0063940/2012,A/South Africa/4655/2013,40
A/Gambia/G0064536/2012,A/South Africa/4655/2013,80
A/Gambia/G0065236/2012,A/South Africa/4655/2013,40
A/Gambia/G0065240/2012,A/South Africa/4655/2013,80
A/Gambia/G0065536/2012,A/South Africa/4655/2013,40
A/Gambia/G0065540/2012,A/South Africa/4655/2013,80
A/Gambia/G0065640/2012,A/South Africa/4655/2013,80
A/Gambia/G0065736/2012,A/South Africa/4655/2013,80
A/Gambia/G0065740/2012,A/South Africa/4655/2013,40
A/Gambia/G0067136/2012,A/South Africa/4655/2013,160
A/Gambia/G0067140/2012,A/South Africa/4655/2013,80
A/Gambia/G0069636/2012,A/South Africa/4655/2013,80
A/Gambia/G0069640/2012,A/South Africa/4655/2013,80
A/Gambia/G0071436/2012,A/South Africa/4655/2013,40
A/Gambia/G0074340/2012,A/South Africa/4655/2013,80
A/Gambia/G0075736/2012,A/South Africa/4655/2013,80
A/Sarajevo/9/2013,A/South Africa/4655/2013,40
A/Austria/770588/2014,A/South Africa/4655/2013,80
A/Austria/772655/2014,A/South Africa/4655/2013,80
A/Austria/773236/2014,A/South Africa/4655/2013,80
A/Austria/776877/2014,A/South Africa/4655/2013,80
A/Finland/410/2014,A/South Africa/4655/2013,80
A/Austria/781450/2014,A/South Africa/4655/2013,80
A/Iceland/62/2014,A/South Africa/4655/2013,80
A/Austria/785558/2014,A/South Africa/4655/2013,80
A/Olt/162753/2014,A/South Africa/4655/2013,40
A/Bucuresti/162834/2014,A/South Africa/4655/2013,80
A/Austria/786355/2014,A/South Africa/4655/2013,40
A/Perth/16/2009,A/Stockholm/1/2013,80
A/Victoria/361/2011,A/Stockholm/1/2013,160
A/Texas/50/2012,A/Stockholm/1/2013,160
A/Samara/73/2013,A/Stockholm/1/2013,160
A/Serbia/NS-210/2013,A/Stockholm/1/2013,160
A/Hong Kong/146/2013,A/Stockholm/1/2013,160
A/South Africa/4655/2013,A/Stockholm/1/2013,320
A/Stockholm/1/2013,A/Stockholm/1/2013,160
A/Stockholm/6/2014,A/Stockholm/1/2013,80
A/Norway/466/2014,A/Stockholm/1/2013,80
A/Gambia/G0063940/2012,A/Stockholm/1/2013,80
A/Gambia/G0064536/2012,A/Stockholm/1/2013,80
A/Gambia/G0065236/2012,A/Stockholm/1/2013,160
A/Gambia/G0065240/2012,A/Stockholm/1/2013,160
A/Gambia/G0065536/2012,A/Stockholm/1/2013,80
A/Gambia/G0065540/2012,A/Stockholm/1/2013,160
A/Gambia/G0065640/2012,A/Stockholm/1/2013,80
A/Gambia/G0065736/2012,A/Stockholm/1/2013,160
A/Gambia/G0065740/2012,A/Stockholm/1/2013,80
A/Gambia/G0067136/2012,A/Stockholm/1/2013,320
A/Gambia/G0067140/2012,A/Stockholm/1/2013,160
A/Gambia/G0069636/2012,A/Stockholm/1/2013,80
A/Gambia/G0069640/2012,A/Stockholm/1/2013,160
A/Gambia/G0071436/2012,A/Stockholm/1/2013,80
A/Gambia/G0074340/2012,A/Stockholm/1/2013,160
A/Gambia/G0075736/2012,A/Stockholm/1/2013,160
A/Sarajevo/9/2013,A/Stockholm/1/2013,80
A/Austria/770588/2014,A/Stockholm/1/2013,160
A/Austria/772655/2014,A/Stockholm/1/2013,160
A/Austria/773236/2014,A/Stockholm/1/2013,160
A/Austria/776877/2014,A/Stockholm/1/2013,160
A/Finland/410/2014,A/Stockholm/1/2013,160
A/Austria/781450/2014,A/Stockholm/1/2013,80
A/Iceland/62/2014,A/Stockholm/1/2013,80
A/Austria/785558/2014,A/Stockholm/1/2013,160
A/Olt/162753/2014,A/Stockholm/1/2013,80
A/Bucuresti/162834/2014,A/Stockholm/1/2013,160
A/Austria/786355/2014,A/Stockholm/1/2013,80
A/Perth/16/2009,A/Stockholm/6/2014,80
A/Victoria/361/2011,A/Stockholm/6/2014,320
A/Texas/50/2012,A/Stockholm/6/2014,320
A/Samara/73/2013,A/Stockholm/6/2014,640
A/Serbia/NS-210/2013,A/Stockholm/6/2014,320
A/Hong Kong/146/2013,A/Stockholm/6/2014,160
A/South Africa/4655/2013,A/Stockholm/6/2014,160
A/Stockholm/1/2013,A/Stockholm/6/2014,160
A/Stockholm/6/2014,A/Stockholm/6/2014,640
A/Norway/466/2014,A/Stockholm/6/2014,320
A/Gambia/G0063940/2012,A/Stockholm/6/2014,320
A/Gambia/G0064536/2012,A/Stockholm/6/2014,640
A/Gambia/G0065236/2012,A/Stockholm/6/2014,320
A/Gambia/G0065240/2012,A/Stockholm/6/2014,640
A/Gambia/G0065536/2012,A/Stockholm/6/2014,320
A/Gambia/G0065540/2012,A/Stockholm/6/2014,320
A/Gambia/G0065640/2012,A/Stockholm/6/2014,640
A/Gambia/G0065736/2012,A/Stockholm/6/2014,320
A/Gambia/G0065740/2012,A/Stockholm/6/2014,320
A/Gambia/G0067136/2012,A/Stockholm/6/2014,1280
A/Gambia/G0067140/2012,A/Stockholm/6/2014,640
A/Gambia/G0069636/2012,A/Stockholm/6/2014,320
A/Gambia/G0069640/2012,A/Stockholm/6/2014,640
A/Gambia/G0071436/2012,A/Stockholm/6/2014,320
A/Gambia/G0074340/2012,A/Stockholm/6/2014,640
A/Gambia/G0075736/2012,A/Stockholm/6/2014,640
A/Sarajevo/9/2013,A/Stockholm/6/2014,320
A/Austria/770588/2014,A/Stockholm/6/2014,640
A/Austria/772655/2014,A/Stockholm/6/2014,640
A/Austria/773236/2014,A/Stockholm/6/2014,640
A/Austria/776877/2014,A/Stockholm/6/2014,640
A/Finland/410/2014,A/Stockholm/6/2014,320
A/Austria/781450/2014,A/Stockholm/6/2014,320
A/Iceland/62/2014,A/Stockholm/6/2014,320
A/Austria/785558/2014,A/Stockholm/6/2014,640
A/Olt/162753/2014,A/Stockholm/6/2014,320
A/Bucuresti/162834/2014,A/Stockholm/6/2014,640
A/Austria/786355/2014,A/Stockholm/6/2014,320
A/Perth/16/2009,A/Norway/466/2014,<40
A/Victoria/361/2011,A/Norway/466/2014,160
A/Texas/50/2012,A/Norway/466/2014,40
A/Samara/73/2013,A/Norway/466/2014,160
A/Serbia/NS-210/2013,A/Norway/466/2014,80
A/Hong Kong/146/2013,A/Norway/466/2014,80
A/South Africa/4655/2013,A/Norway/466/2014,80
A/Stockholm/1/2013,A/Norway/466/2014,80
A/Stockholm/6/2014,A/Norway/466/2014,160
A/Norway/466/2014,A/Norway/466/2014,160
A/Gambia/G0063940/2012,A/Norway/466/2014,160
A/Gambia/G0064536/2012,A/Norway/466/2014,160
A/Gambia/G0065236/2012,A/Norway/466/2014,160
A/Gambia/G0065240/2012,A/Norway/466/2014,160
A/Gambia/G0065536/2012,A/Norway/466/2014,80
A/Gambia/G0065540/2012,A/Norway/466/2014,160
A/Gambia/G0065640/2012,A/Norway/466/2014,160
A/Gambia/G0065736/2012,A/Norway/466/2014,160
A/Gambia/G0065740/2012,A/Norway/466/2014,160
A/Gambia/G0067136/2012,A/Norway/466/2014,320
A/Gambia/G0067140/2012,A/Norway/466/2014,160
A/Gambia/G0069636/2012,A/Norway/466/2014,160
A/Gambia/G0069640/2012,A/Norway/466/2014,160
A/Gambia/G0071436/2012,A/Norway/466/2014,80
A/Gambia/G0074340/2012,A/Norway/466/2014,160
A/Gambia/G0075736/2012,A/Norway/466/2014,160
A/Sarajevo/9/2013,A/Norway/466/2014,80
A/Austria/770588/2014,A/Norway/466/2014,160
A/Austria/772655/2014,A/Norway/466/2014,160
A/Austria/773236/2014,A/Norway/466/2014,160
A/Austria/776877/2014,A/Norway/466/2014,160
A/Finland/410/2014,A/Norway/466/2014,160
A/Austria/781450/2014,A/Norway/466/2014,160
A/Iceland/62/2014,A/Norway/466/2014,160
A/Austria/785558/2014,A/Norway/466/2014,160
A/Olt/162753/2014,A/Norway/466/2014,160
A/Bucuresti/162834/2014,A/Norway/466/2014,160
A/Austria/786355/2014,A/Norway/466/2014,80
A/Perth/16/2009,A/Perth/16/2009,640
A/Victoria/361/2011,A/Perth/16/2009,320
A/Texas/50/2012,A/Perth/16/2009,640
A/Samara/73/2013,A/Perth/16/2009,320
A/Serbia/NS-210/2013,A/Perth/16/2009,640
A/Hong Kong/146/2013,A/Perth/16/2009,640
A/South Africa/4655/2013,A/Perth/16/2009,80
A/Stockholm/1/2013,A/Perth/16/2009,80
A/Stockholm/6/2014,A/Perth/16/2009,<40
A/Norway/466/2014,A/Perth/16/2009,<40
A/Gambia/G0069436/2012,A/Perth/16/2009,80
A/Gambia/G0070336/2012,A/Perth/16/2009,80
A/Gambia/G0074336/2012,A/Perth/16/2009,80
A/Gambia/G0074836/2012,A/Perth/16/2009,80
A/Finland/428/2014,A/Perth/16/2009,<40
A/Finland/428/2014,A/Perth/16/2009,<40
A/Serbia/NS-738/2014,A/Perth/16/2009,80
A/Serbia/NS-783/2014,A/Perth/16/2009,80
A/Hong Kong/5320/2014,A/Perth/16/2009,80
A/Finland/437/2014,A/Perth/16/2009,<40
A/Finland/437/2014,A/Perth/16/2009,<40
A/Finland/438/2014,A/Perth/16/2009,<40
A/Finland/438/2014,A/Perth/16/2009,<40
A/Hong Kong/5578/2014,A/Perth/16/2009,80
A/Belgium/14H0034/2014,A/Perth/16/2009,80
A/Belgium/14G0508/2014,A/Perth/16/2009,80
A/Belgium/14G0510/2014,A/Perth/16/2009,80
A/Hong Kong/5695/2014,A/Perth/16/2009,160
A/Finland/439/2014,A/Perth/16/2009,<40
A/Finland/439/2014,A/Perth/16/2009,<40
A/Finland/440/2014,A/Perth/16/2009,<40
A/Finland/440/2014,A/Perth/16/2009,<40
A/Iceland/07150/2014,A/Perth/16/2009,80
A/Iceland/07151/2014,A/Perth/16/2009,80
A/Iceland/08202/2014,A/Perth/16/2009,80
A/Perth/16/2009,A/Victoria/361/2011,80
A/Victoria/361/2011,A/Victoria/361/2011,640
A/Texas/50/2012,A/Victoria/361/2011,1280
A/Samara/73/2013,A/Victoria/361/2011,640
A/Serbia/NS-210/2013,A/Victoria/361/2011,1280
A/Hong Kong/146/2013,A/Victoria/361/2011,640
A/South Africa/4655/2013,A/Victoria/361/2011,80
A/Stockholm/1/2013,A/Victoria/361/2011,80
A/Stockholm/6/2014,A/Victoria/361/2011,80
A/Norway/466/2014,A/Victoria/361/2011,40
A/Gambia/G0069436/2012,A/Victoria/361/2011,320
A/Gambia/G0070336/2012,A/Victoria/361/2011,320
A/Gambia/G0074336/2012,A/Victoria/361/2011,320
A/Gambia/G0074836/2012,A/Victoria/361/2011,320
A/Finland/428/2014,A/Victoria/361/2011,80
A/Finland/428/2014,A/Victoria/361/2011,40
A/Serbia/NS-738/2014,A/Victoria/361/2011,160
A/Serbia/NS-783/2014,A/Victoria/361/2011,160
A/Hong Kong/5320/2014,A/Victoria/361/2011,320
A/Finland/437/2014,A/Victoria/361/2011,40
A/Finland/437/2014,A/Victoria/361/2011,80
A/Finland/438/2014,A/Victoria/361/2011,40
A/Finland/438/2014,A/Victoria/361/2011,40
A/Hong Kong/5578/2014,A/Victoria/361/2011,320
A/Belgium/14H0034/2014,A/Victoria/361/2011,320
A/Belgium/14G0508/2014,A/Victoria/361/2011,320
A/Belgium/14G0510/2014,A/Victoria/361/2011,160
A/Hong Kong/5695/2014,A/Victoria/361/2011,320
A/Finland/439/2014,A/Victoria/361/2011,80
A/Finland/439/2014,A/Victoria/361/2011,40
A/Finland/440/2014,A/Victoria/361/2011,80
A/Finland/440/2014,A/Victoria/361/2011,80
A/Iceland/07150/2014,A/Victoria/361/2011,160
A/Iceland/07151/2014,A/Victoria/361/2011,160
A/Iceland/08202/2014,A/Victoria/361/2011,320
A/Perth/16/2009,A/Texas/50/2012,80
A/Victoria/361/2011,A/Texas/50/2012,640
A/Texas/50/2012,A/Texas/50/2012,1280
A/Samara/73/2013,A/Texas/50/2012,640
A/Serbia/NS-210/2013,A/Texas/50/2012,1280
A/Hong Kong/146/2013,A/Texas/50/2012,640
A/South Africa/4655/2013,A/Texas/50/2012,160
A/Stockholm/1/2013,A/Texas/50/2012,160
A/Stockholm/6/2014,A/Texas/50/2012,80
A/Norway/466/2014,A/Texas/50/2012,40
A/Gambia/G0069436/2012,A/Texas/50/2012,160
A/Gambia/G0070336/2012,A/Texas/50/2012,160
A/Gambia/G0074336/2012,A/Texas/50/2012,160
A/Gambia/G0074836/2012,A/Texas/50/2012,160
A/Finland/428/2014,A/Texas/50/2012,80
A/Finland/428/2014,A/Texas/50/2012,40
A/Serbia/NS-738/2014,A/Texas/50/2012,160
A/Serbia/NS-783/2014,A/Texas/50/2012,160
A/Hong Kong/5320/2014,A/Texas/50/2012,160
A/Finland/437/2014,A/Texas/50/2012,40
A/Finland/437/2014,A/Texas/50/2012,80
A/Finland/438/2014,A/Texas/50/2012,40
A/Finland/438/2014,A/Texas/50/2012,40
A/Hong Kong/5578/2014,A/Texas/50/2012,320
A/Belgium/14H0034/2014,A/Texas/50/2012,160
A/Belgium/14G0508/2014,A/Texas/50/2012,160
A/Belgium/14G0510/2014,A/Texas/50/2012,160
A/Hong Kong/5695/2014,A/Texas/50/2012,320
A/Finland/439/2014,A/Texas/50/2012,40
A/Finland/439/2014,A/Texas/50/2012,40
A/Finland/440/2014,A/Texas/50/2012,80
A/Finland/440/2014,A/Texas/50/2012,80
A/Iceland/07150/2014,A/Texas/50/2012,160
A/Iceland/07151/2014,A/Texas/50/2012,160
A/Iceland/08202/2014,A/Texas/50/2012,160
A/Perth/16/2009,A/Samara/73/2013,80
A/Victoria/361/2011,A/Samara/73/2013,1280
A/Texas/50/2012,A/Samara/73/2013,1280
A/Samara/73/2013,A/Samara/73/2013,1280
A/Serbia/NS-210/2013,A/Samara/73/2013,1280
A/Hong Kong/146/2013,A/Samara/73/2013,1280
A/South Africa/4655/2013,A/Samara/73/2013,640
A/Stockholm/1/2013,A/Samara/73/2013,320
A/Stockholm/6/2014,A/Samara/73/2013,320
A/Norway/466/2014,A/Samara/73/2013,160
A/Gambia/G0069436/2012,A/Samara/73/2013,640
A/Gambia/G0070336/2012,A/Samara/73/2013,640
A/Gambia/G0074336/2012,A/Samara/73/2013,640
A/Gambia/G0074836/2012,A/Samara/73/2013,640
A/Finland/428/2014,A/Samara/73/2013,320
A/Finland/428/2014,A/Samara/73/2013,160
A/Serbia/NS-738/2014,A/Samara/73/2013,640
A/Serbia/NS-783/2014,A/Samara/73/2013,640
A/Hong Kong/5320/2014,A/Samara/73/2013,640
A/Finland/437/2014,A/Samara/73/2013,160
A/Finland/437/2014,A/Samara/73/2013,320
A/Finland/438/2014,A/Samara/73/2013,160
A/Finland/438/2014,A/Samara/73/2013,160
A/Hong Kong/5578/2014,A/Samara/73/2013,640
A/Belgium/14H0034/2014,A/Samara/73/2013,640
A/Belgium/14G0508/2014,A/Samara/73/2013,640
A/Belgium/14G0510/2014,A/Samara/73/2013,320
A/Hong Kong/5695/2014,A/Samara/73/2013,640
A/Finland/439/2014,A/Samara/73/2013,160
A/Finland/439/2014,A/Samara/73/2013,160
A/Finland/440/2014,A/Samara/73/2013,320
A/Finland/440/2014,A/Samara/73/2013,320
A/Iceland/07150/2014,A/Samara/73/2013,640
A/Iceland/07151/2014,A/Samara/73/2013,640
A/Iceland/08202/2014,A/Samara/73/2013,640
A/Perth/16/2009,A/Serbia/NS-210/2013,160
A/Victoria/361/2011,A/Serbia/NS-210/2013,640
A/Texas/50/2012,A/Serbia/NS-210/2013,1280
A/Samara/73/2013,A/Serbia/NS-210/2013,640
A/Serbia/NS-210/2013,A/Serbia/NS-210/2013,1280
A/Hong Kong/146/2013,A/Serbia/NS-210/2013,640
A/South Africa/4655/2013,A/Serbia/NS-210/2013,160
A/Stockholm/1/2013,A/Serbia/NS-210/2013,160
A/Stockholm/6/2014,A/Serbia/NS-210/2013,320
A/Norway/466/2014,A/Serbia/NS-210/2013,80
A/Gambia/G0069436/2012,A/Serbia/NS-210/2013,320
A/Gambia/G0070336/2012,A/Serbia/NS-210/2013,320
A/Gambia/G0074336/2012,A/Serbia/NS-210/2013,320
A/Gambia/G0074836/2012,A/Serbia/NS-210/2013,320
A/Finland/428/2014,A/Serbia/NS-210/2013,160
A/Finland/428/2014,A/Serbia/NS-210/2013,160
A/Serbia/NS-738/2014,A/Serbia/NS-210/2013,320
A/Serbia/NS-783/2014,A/Serbia/NS-210/2013,320
A/Hong Kong/5320/2014,A/Serbia/NS-210/2013,320
A/Finland/437/2014,A/Serbia/NS-210/2013,160
A/Finland/437/2014,A/Serbia/NS-210/2013,160
A/Finland/438/2014,A/Serbia/NS-210/2013,160
A/Finland/438/2014,A/Serbia/NS-210/2013,80
A/Hong Kong/5578/2014,A/Serbia/NS-210/2013,640
A/Belgium/14H0034/2014,A/Serbia/NS-210/2013,320
A/Belgium/14G0508/2014,A/Serbia/NS-210/2013,320
A/Belgium/14G0510/2014,A/Serbia/NS-210/2013,320
A/Hong Kong/5695/2014,A/Serbia/NS-210/2013,640
A/Finland/439/2014,A/Serbia/NS-210/2013,160
A/Finland/439/2014,A/Serbia/NS-210/2013,160
A/Finland/440/2014,A/Serbia/NS-210/2013,160
A/Finland/440/2014,A/Serbia/NS-210/2013,160
A/Iceland/07150/2014,A/Serbia/NS-210/2013,320
A/Iceland/07151/2014,A/Serbia/NS-210/2013,320
A/Iceland/08202/2014,A/Serbia/NS-210/2013,320
A/Perth/16/2009,A/Hong Kong/146/2013,160
A/Victoria/361/2011,A/Hong Kong/146/2013,320
A/Texas/50/2012,A/Hong Kong/146/2013,640
A/Samara/73/2013,A/Hong Kong/146/2013,640
A/Serbia/NS-210/2013,A/Hong Kong/146/2013,1280
A/Hong Kong/146/2013,A/Hong Kong/146/2013,1280
A/South Africa/4655/2013,A/Hong Kong/146/2013,320
A/Stockholm/1/2013,A/Hong Kong/146/2013,160
A/Stockholm/6/2014,A/Hong Kong/146/2013,160
A/Norway/466/2014,A/Hong Kong/146/2013,80
A/Gambia/G0069436/2012,A/Hong Kong/146/2013,320
A/Gambia/G0070336/2012,A/Hong Kong/146/2013,320
A/Gambia/G0074336/2012,A/Hong Kong/146/2013,320
A/Gambia/G0074836/2012,A/Hong Kong/146/2013,160
A/Finland/428/2014,A/Hong Kong/146/2013,160
A/Finland/428/2014,A/Hong Kong/146/2013,160
A/Serbia/NS-738/2014,A/Hong Kong/146/2013,320
A/Serbia/NS-783/2014,A/Hong Kong/146/2013,160
A/Hong Kong/5320/2014,A/Hong Kong/146/2013,320
A/Finland/437/2014,A/Hong Kong/146/2013,160
A/Finland/437/2014,A/Hong Kong/146/2013,160
A/Finland/438/2014,A/Hong Kong/146/2013,160
A/Finland/438/2014,A/Hong Kong/146/2013,160
A/Hong Kong/5578/2014,A/Hong Kong/146/2013,320
A/Belgium/14H0034/2014,A/Hong Kong/146/2013,320
A/Belgium/14G0508/2014,A/Hong Kong/146/2013,320
A/Belgium/14G0510/2014,A/Hong Kong/146/2013,160
A/Hong Kong/5695/2014,A/Hong Kong/146/2013,320
A/Finland/439/2014,A/Hong Kong/146/2013,160
A/Finland/439/2014,A/Hong Kong/146/2013,160
A/Finland/440/2014,A/Hong Kong/146/2013,160
A/Finland/440/2014,A/Hong Kong/146/2013,160
A/Iceland/07150/2014,A/Hong Kong/146/2013,320
A/Iceland/07151/2014,A/Hong Kong/146/2013,320
A/Iceland/08202/2014,A/Hong Kong/146/2013,320
A/Perth/16/2009,A/South Africa/4655/2013,40
A/Victoria/361/2011,A/South Africa/4655/2013,160
A/Texas/50/2012,A/South Africa/4655/2013,80
A/Samara/73/2013,A/South Africa/4655/2013,640
A/Serbia/NS-210/2013,A/South Africa/4655/2013,80
A/Hong Kong/146/2013,A/South Africa/4655/2013,80
A/South Africa/4655/2013,A/South Africa/4655/2013,320
A/Stockholm/1/2013,A/South Africa/4655/2013,320
A/Stockholm/6/2014,A/South Africa/4655/2013,80
A/Norway/466/2014,A/South Africa/4655/2013,40
A/Gambia/G0069436/2012,A/South Africa/4655/2013,160
A/Gambia/G0070336/2012,A/South Africa/4655/2013,160
A/Gambia/G0074336/2012,A/South Africa/4655/2013,160
A/Gambia/G0074836/2012,A/South Africa/4655/2013,80
A/Finland/428/2014,A/South Africa/4655/2013,80
A/Finland/428/2014,A/South Africa/4655/2013,40
A/Serbia/NS-738/2014,A/South Africa/4655/2013,80
A/Serbia/NS-783/2014,A/South Africa/4655/2013,80
A/Hong Kong/5320/2014,A/South Africa/4655/2013,80
A/Finland/437/2014,A/South Africa/4655/2013,40
A/Finland/437/2014,A/South Africa/4655/2013,80
A/Finland/438/2014,A/South Africa/4655/2013,40
A/Finland/438/2014,A/South Africa/4655/2013,40
A/Hong Kong/5578/2014,A/South Africa/4655/2013,80
A/Belgium/14H0034/2014,A/South Africa/4655/2013,160
A/Belgium/14G0508/2014,A/South Africa/4655/2013,80
A/Belgium/14G0510/2014,A/South Africa/4655/2013,40
A/Hong Kong/5695/2014,A/South Africa/4655/2013,160
A/Finland/439/2014,A/South Africa/4655/2013,40
A/Finland/439/2014,A/South Africa/4655/2013,40
A/Finland/440/2014,A/South Africa/4655/2013,80
A/Finland/440/2014,A/South Africa/4655/2013,80
A/Iceland/07150/2014,A/South Africa/4655/2013,80
A/Iceland/07151/2014,A/South Africa/4655/2013,80
A/Iceland/08202/2014,A/South Africa/4655/2013,80
A/Perth/16/2009,A/Stockholm/1/2013,80
A/Victoria/361/2011,A/Stockholm/1/2013,320
A/Texas/50/2012,A/Stockholm/1/2013,160
A/Samara/73/2013,A/Stockholm/1/2013,320
A/Serbia/NS-210/2013,A/Stockholm/1/2013,160
A/Hong Kong/146/2013,A/Stockholm/1/2013,160
A/South Africa/4655/2013,A/Stockholm/1/2013,320
A/Stockholm/1/2013,A/Stockholm/1/2013,320
A/Stockholm/6/2014,A/Stockholm/1/2013,80
A/Norway/466/2014,A/Stockholm/1/2013,80
A/Gambia/G0069436/2012,A/Stockholm/1/2013,160
A/Gambia/G0070336/2012,A/Stockholm/1/2013,160
A/Gambia/G0074336/2012,A/Stockholm/1/2013,160
A/Gambia/G0074836/2012,A/Stockholm/1/2013,80
A/Finland/428/2014,A/Stockholm/1/2013,160
A/Finland/428/2014,A/Stockholm/1/2013,80
A/Serbia/NS-738/2014,A/Stockholm/1/2013,160
A/Serbia/NS-783/2014,A/Stockholm/1/2013,160
A/Hong Kong/5320/2014,A/Stockholm/1/2013,160
A/Finland/437/2014,A/Stockholm/1/2013,80
A/Finland/437/2014,A/Stockholm/1/2013,160
A/Finland/438/2014,A/Stockholm/1/2013,80
A/Finland/438/2014,A/Stockholm/1/2013,80
A/Hong Kong/5578/2014,A/Stockholm/1/2013,160
A/Belgium/14H0034/2014,A/Stockholm/1/2013,160
A/Belgium/14G0508/2014,A/Stockholm/1/2013,160
A/Belgium/14G0510/2014,A/Stockholm/1/2013,80
A/Hong Kong/5695/2014,A/Stockholm/1/2013,160
A/Finland/439/2014,A/Stockholm/1/2013,80
A/Finland/439/2014,A/Stockholm/1/2013,80
A/Finland/440/2014,A/Stockholm/1/2013,160
A/Finland/440/2014,A/Stockholm/1/2013,160
A/Iceland/07150/2014,A/Stockholm/1/2013,160
A/Iceland/07151/2014,A/Stockholm/1/2013,160
A/Iceland/08202/2014,A/Stockholm/1/2013,160
A/Perth/16/2009,A/Stockholm/6/2014,40
A/Victoria/361/2011,A/Stockholm/6/2014,640
A/Texas/50/2012,A/Stockholm/6/2014,320
A/Samara/73/2013,A/Stockholm/6/2014,640
A/Serbia/NS-210/2013,A/Stockholm/6/2014,320
A/Hong Kong/146/2013,A/Stockholm/6/2014,160
A/South Africa/4655/2013,A/Stockholm/6/2014,160
A/Stockholm/1/2013,A/Stockholm/6/2014,160
A/Stockholm/6/2014,A/Stockholm/6/2014,640
A/Norway/466/2014,A/Stockholm/6/2014,640
A/Gambia/G0069436/2012,A/Stockholm/6/2014,640
A/Gambia/G0070336/2012,A/Stockholm/6/2014,640
A/Gambia/G0074336/2012,A/Stockholm/6/2014,640
A/Gambia/G0074836/2012,A/Stockholm/6/2014,640
A/Finland/428/2014,A/Stockholm/6/2014,640
A/Finland/428/2014,A/Stockholm/6/2014,640
A/Serbia/NS-738/2014,A/Stockholm/6/2014,640
A/Serbia/NS-783/2014,A/Stockholm/6/2014,640
A/Hong Kong/5320/2014,A/Stockholm/6/2014,640
A/Finland/437/2014,A/Stockholm/6/2014,640
A/Finland/437/2014,A/Stockholm/6/2014,640
A/Finland/438/2014,A/Stockholm/6/2014,640
A/Finland/438/2014,A/Stockholm/6/2014,640
A/Hong Kong/5578/2014,A/Stockholm/6/2014,640
A/Belgium/14H0034/2014,A/Stockholm/6/2014,640
A/Belgium/14G0508/2014,A/Stockholm/6/2014,640
A/Belgium/14G0510/2014,A/Stockholm/6/2014,320
A/Hong Kong/5695/2014,A/Stockholm/6/2014,1280
A/Finland/439/2014,A/Stockholm/6/2014,640
A/Finland/439/2014,A/Stockholm/6/2014,640
A/Finland/440/2014,A/Stockholm/6/2014,640
A/Finland/440/2014,A/Stockholm/6/2014,640
A/Iceland/07150/2014,A/Stockholm/6/2014,640
A/Iceland/07151/2014,A/Stockholm/6/2014,640
A/Iceland/08202/2014,A/Stockholm/6/2014,640
A/Perth/16/2009,A/Norway/466/2014,40
A/Victoria/361/2011,A/Norway/466/2014,320
A/Texas/50/2012,A/Norway/466/2014,40
A/Samara/73/2013,A/Norway/466/2014,320
A/Serbia/NS-210/2013,A/Norway/466/2014,160
A/Hong Kong/146/2013,A/Norway/466/2014,80
A/South Africa/4655/2013,A/Norway/466/2014,80
A/Stockholm/1/2013,A/Norway/466/2014,80
A/Stockholm/6/2014,A/Norway/466/2014,160
A/Norway/466/2014,A/Norway/466/2014,160
A/Gambia/G0069436/2012,A/Norway/466/2014,320
A/Gambia/G0070336/2012,A/Norway/466/2014,320
A/Gambia/G0074336/2012,A/Norway/466/2014,320
A/Gambia/G0074836/2012,A/Norway/466/2014,160
A/Finland/428/2014,A/Norway/466/2014,320
A/Finland/428/2014,A/Norway/466/2014,320
A/Serbia/NS-738/2014,A/Norway/466/2014,160
A/Serbia/NS-783/2014,A/Norway/466/2014,160
A/Hong Kong/5320/2014,A/Norway/466/2014,320
A/Finland/437/2014,A/Norway/466/2014,160
A/Finland/437/2014,A/Norway/466/2014,320
A/Finland/438/2014,A/Norway/466/2014,320
A/Finland/438/2014,A/Norway/466/2014,320
A/Hong Kong/5578/2014,A/Norway/466/2014,320
A/Belgium/14H0034/2014,A/Norway/466/2014,320
A/Belgium/14G0508/2014,A/Norway/466/2014,320
A/Belgium/14G0510/2014,A/Norway/466/2014,160
A/Hong Kong/5695/2014,A/Norway/466/2014,320
A/Finland/439/2014,A/Norway/466/2014,320
A/Finland/439/2014,A/Norway/466/2014,320
A/Finland/440/2014,A/Norway/466/2014,320
A/Finland/440/2014,A/Norway/466/2014,320
A/Iceland/07150/2014,A/Norway/466/2014,160
A/Iceland/07151/2014,A/Norway/466/2014,160
A/Iceland/08202/2014,A/Norway/466/2014,320
A/Perth/16/2009,A/Perth/16/2009,640
A/Victoria/361/2011,A/Perth/16/2009,160
A/Texas/50/2012,A/Perth/16/2009,320
A/Samara/73/2013,A/Perth/16/2009,160
A/Serbia/NS-210/2013,A/Perth/16/2009,640
A/Hong Kong/146/2013,A/Perth/16/2009,320
A/South Africa/4655/2013,A/Perth/16/2009,40
A/Stockholm/1/2013,A/Perth/16/2009,40
A/Stockholm/6/2014,A/Perth/16/2009,<40
A/Norway/466/2014,A/Perth/16/2009,<40
A/Switzerland/9715293/2013,A/Perth/16/2009,<40
A/Sarajevo/21/2012,A/Perth/16/2009,80
A/Sarajevo/57/2012,A/Perth/16/2009,80
A/Hong Kong/4801/2014,A/Perth/16/2009,<40
A/Hong Kong/4800/2014,A/Perth/16/2009,<40
A/Tomsk/6/2014,A/Perth/16/2009,160
A/Hong Kong/5320/2014,A/Perth/16/2009,40
A/Yaroslavl/234/2014,A/Perth/16/2009,80
A/Moscow/206/2014,A/Perth/16/2009,80
A/Vladimir/220/2014,A/Perth/16/2009,160
A/Palau/6759/2014,A/Perth/16/2009,40
A/Belgium/14G0496/2014,A/Perth/16/2009,160
A/Hong Kong/5578/2014,A/Perth/16/2009,160
A/Mogilev/1273/2014,A/Perth/16/2009,160
A/V. Novgorod/223/2014,A/Perth/16/2009,160
A/Mogilev/1484/2014,A/Perth/16/2009,80
A/Hong Kong/5739/2014,A/Perth/16/2009,<40
A/Hong Kong/5738/2014,A/Perth/16/2009,<40
A/Glasgow/4165/2014,A/Perth/16/2009,<40
A/Perth/16/2009,A/Victoria/361/2011,80
A/Victoria/361/2011,A/Victoria/361/2011,320
A/Texas/50/2012,A/Victoria/361/2011,1280
A/Samara/73/2013,A/Victoria/361/2011,320
A/Serbia/NS-210/2013,A/Victoria/361/2011,1280
A/Hong Kong/146/2013,A/Victoria/361/2011,320
A/South Africa/4655/2013,A/Victoria/361/2011,40
A/Stockholm/1/2013,A/Victoria/361/2011,40
A/Stockholm/6/2014,A/Victoria/361/2011,40
A/Norway/466/2014,A/Victoria/361/2011,40
A/Switzerland/9715293/2013,A/Victoria/361/2011,80
A/Sarajevo/21/2012,A/Victoria/361/2011,160
A/Sarajevo/57/2012,A/Victoria/361/2011,160
A/Hong Kong/4801/2014,A/Victoria/361/2011,40
A/Hong Kong/4800/2014,A/Victoria/361/2011,40
A/Tomsk/6/2014,A/Victoria/361/2011,160
A/Hong Kong/5320/2014,A/Victoria/361/2011,160
A/Yaroslavl/234/2014,A/Victoria/361/2011,160
A/Moscow/206/2014,A/Victoria/361/2011,320
A/Vladimir/220/2014,A/Victoria/361/2011,160
A/Palau/6759/2014,A/Victoria/361/2011,160
A/Belgium/14G0496/2014,A/Victoria/361/2011,320
A/Hong Kong/5578/2014,A/Victoria/361/2011,320
A/Mogilev/1273/2014,A/Victoria/361/2011,160
A/V. Novgorod/223/2014,A/Victoria/361/2011,160
A/Mogilev/1484/2014,A/Victoria/361/2011,160
A/Hong Kong/5739/2014,A/Victoria/361/2011,40
A/Hong Kong/5738/2014,A/Victoria/361/2011,40
A/Glasgow/4165/2014,A/Victoria/361/2011,40
A/Perth/16/2009,A/Texas/50/2012,160
A/Victoria/361/2011,A/Texas/50/2012,160
A/Texas/50/2012,A/Texas/50/2012,1280
A/Samara/73/2013,A/Texas/50/2012,320
A/Serbia/NS-210/2013,A/Texas/50/2012,1280
A/Hong Kong/146/2013,A/Texas/50/2012,320
A/South Africa/4655/2013,A/Texas/50/2012,80
A/Stockholm/1/2013,A/Texas/50/2012,80
A/Stockholm/6/2014,A/Texas/50/2012,40
A/Norway/466/2014,A/Texas/50/2012,40
A/Switzerland/9715293/2013,A/Texas/50/2012,80
A/Sarajevo/21/2012,A/Texas/50/2012,80
A/Sarajevo/57/2012,A/Texas/50/2012,80
A/Hong Kong/4801/2014,A/Texas/50/2012,<40
A/Hong Kong/4800/2014,A/Texas/50/2012,<40
A/Tomsk/6/2014,A/Texas/50/2012,160
A/Hong Kong/5320/2014,A/Texas/50/2012,80
A/Yaroslavl/234/2014,A/Texas/50/2012,80
A/Moscow/206/2014,A/Texas/50/2012,160
A/Vladimir/220/2014,A/Texas/50/2012,160
A/Palau/6759/2014,A/Texas/50/2012,160
A/Belgium/14G0496/2014,A/Texas/50/2012,320
A/Hong Kong/5578/2014,A/Texas/50/2012,320
A/Mogilev/1273/2014,A/Texas/50/2012,160
A/V. Novgorod/223/2014,A/Texas/50/2012,160
A/Mogilev/1484/2014,A/Texas/50/2012,160
A/Hong Kong/5739/2014,A/Texas/50/2012,<40
A/Hong Kong/5738/2014,A/Texas/50/2012,40
A/Glasgow/4165/2014,A/Texas/50/2012,40
A/Perth/16/2009,A/Samara/73/2013,160
A/Victoria/361/2011,A/Samara/73/2013,640
A/Texas/50/2012,A/Samara/73/2013,640
A/Samara/73/2013,A/Samara/73/2013,640
A/Serbia/NS-210/2013,A/Samara/73/2013,640
A/Hong Kong/146/2013,A/Samara/73/2013,640
A/South Africa/4655/2013,A/Samara/73/2013,320
A/Stockholm/1/2013,A/Samara/73/2013,160
A/Stockholm/6/2014,A/Samara/73/2013,320
A/Norway/466/2014,A/Samara/73/2013,160
A/Switzerland/9715293/2013,A/Samara/73/2013,320
A/Sarajevo/21/2012,A/Samara/73/2013,320
A/Sarajevo/57/2012,A/Samara/73/2013,320
A/Hong Kong/4801/2014,A/Samara/73/2013,80
A/Hong Kong/4800/2014,A/Samara/73/2013,80
A/Tomsk/6/2014,A/Samara/73/2013,640
A/Hong Kong/5320/2014,A/Samara/73/2013,320
A/Yaroslavl/234/2014,A/Samara/73/2013,320
A/Moscow/206/2014,A/Samara/73/2013,640
A/Vladimir/220/2014,A/Samara/73/2013,640
A/Palau/6759/2014,A/Samara/73/2013,640
A/Belgium/14G0496/2014,A/Samara/73/2013,640
A/Hong Kong/5578/2014,A/Samara/73/2013,1280
A/Mogilev/1273/2014,A/Samara/73/2013,320
A/V. Novgorod/223/2014,A/Samara/73/2013,640
A/Mogilev/1484/2014,A/Samara/73/2013,640
A/Hong Kong/5739/2014,A/Samara/73/2013,80
A/Hong Kong/5738/2014,A/Samara/73/2013,160
A/Glasgow/4165/2014,A/Samara/73/2013,80
A/Perth/16/2009,A/Serbia/NS-210/2013,160
A/Victoria/361/2011,A/Serbia/NS-210/2013,320
A/Texas/50/2012,A/Serbia/NS-210/2013,1280
A/Samara/73/2013,A/Serbia/NS-210/2013,320
A/Serbia/NS-210/2013,A/Serbia/NS-210/2013,1280
A/Hong Kong/146/2013,A/Serbia/NS-210/2013,640
A/South Africa/4655/2013,A/Serbia/NS-210/2013,80
A/Stockholm/1/2013,A/Serbia/NS-210/2013,80
A/Stockholm/6/2014,A/Serbia/NS-210/2013,160
A/Norway/466/2014,A/Serbia/NS-210/2013,80
A/Switzerland/9715293/2013,A/Serbia/NS-210/2013,320
A/Sarajevo/21/2012,A/Serbia/NS-210/2013,160
A/Sarajevo/57/2012,A/Serbia/NS-210/2013,160
A/Hong Kong/4801/2014,A/Serbia/NS-210/2013,40
A/Hong Kong/4800/2014,A/Serbia/NS-210/2013,40
A/Tomsk/6/2014,A/Serbia/NS-210/2013,320
A/Hong Kong/5320/2014,A/Serbia/NS-210/2013,320
A/Yaroslavl/234/2014,A/Serbia/NS-210/2013,160
A/Moscow/206/2014,A/Serbia/NS-210/2013,320
A/Vladimir/220/2014,A/Serbia/NS-210/2013,160
A/Palau/6759/2014,A/Serbia/NS-210/2013,320
A/Belgium/14G0496/2014,A/Serbia/NS-210/2013,320
A/Hong Kong/5578/2014,A/Serbia/NS-210/2013,640
A/Mogilev/1273/2014,A/Serbia/NS-210/2013,320
A/V. Novgorod/223/2014,A/Serbia/NS-210/2013,160
A/Mogilev/1484/2014,A/Serbia/NS-210/2013,320
A/Hong Kong/5739/2014,A/Serbia/NS-210/2013,40
A/Hong Kong/5738/2014,A/Serbia/NS-210/2013,80
A/Glasgow/4165/2014,A/Serbia/NS-210/2013,80
A/Perth/16/2009,A/Hong Kong/146/2013,160
A/Victoria/361/2011,A/Hong Kong/146/2013,320
A/Texas/50/2012,A/Hong Kong/146/2013,640
A/Samara/73/2013,A/Hong Kong/146/2013,640
A/Serbia/NS-210/2013,A/Hong Kong/146/2013,640
A/Hong Kong/146/2013,A/Hong Kong/146/2013,1280
A/South Africa/4655/2013,A/Hong Kong/146/2013,160
A/Stockholm/1/2013,A/Hong Kong/146/2013,160
A/Stockholm/6/2014,A/Hong Kong/146/2013,80
A/Norway/466/2014,A/Hong Kong/146/2013,80
A/Switzerland/9715293/2013,A/Hong Kong/146/2013,160
A/Sarajevo/21/2012,A/Hong Kong/146/2013,80
A/Sarajevo/57/2012,A/Hong Kong/146/2013,160
A/Hong Kong/4801/2014,A/Hong Kong/146/2013,40
A/Hong Kong/4800/2014,A/Hong Kong/146/2013,40
A/Tomsk/6/2014,A/Hong Kong/146/2013,320
A/Hong Kong/5320/2014,A/Hong Kong/146/2013,160
A/Yaroslavl/234/2014,A/Hong Kong/146/2013,160
A/Moscow/206/2014,A/Hong Kong/146/2013,640
A/Vladimir/220/2014,A/Hong Kong/146/2013,160
A/Palau/6759/2014,A/Hong Kong/146/2013,160
A/Belgium/14G0496/2014,A/Hong Kong/146/2013,320
A/Hong Kong/5578/2014,A/Hong Kong/146/2013,640
A/Mogilev/1273/2014,A/Hong Kong/146/2013,160
A/V. Novgorod/223/2014,A/Hong Kong/146/2013,160
A/Mogilev/1484/2014,A/Hong Kong/146/2013,320
A/Hong Kong/5739/2014,A/Hong Kong/146/2013,40
A/Hong Kong/5738/2014,A/Hong Kong/146/2013,80
A/Glasgow/4165/2014,A/Hong Kong/146/2013,80
A/Perth/16/2009,A/South Africa/4655/2013,40
A/Victoria/361/2011,A/South Africa/4655/2013,80
A/Texas/50/2012,A/South Africa/4655/2013,80
A/Samara/73/2013,A/South Africa/4655/2013,80
A/Serbia/NS-210/2013,A/South Africa/4655/2013,80
A/Hong Kong/146/2013,A/South Africa/4655/2013,80
A/South Africa/4655/2013,A/South Africa/4655/2013,320
A/Stockholm/1/2013,A/South Africa/4655/2013,320
A/Stockholm/6/2014,A/South Africa/4655/2013,40
A/Norway/466/2014,A/South Africa/4655/2013,40
A/Switzerland/9715293/2013,A/South Africa/4655/2013,80
A/Sarajevo/21/2012,A/South Africa/4655/2013,40
A/Sarajevo/57/2012,A/South Africa/4655/2013,40
A/Hong Kong/4801/2014,A/South Africa/4655/2013,<40
A/Hong Kong/4800/2014,A/South Africa/4655/2013,<40
A/Tomsk/6/2014,A/South Africa/4655/2013,80
A/Hong Kong/5320/2014,A/South Africa/4655/2013,80
A/Yaroslavl/234/2014,A/South Africa/4655/2013,80
A/Moscow/206/2014,A/South Africa/4655/2013,80
A/Vladimir/220/2014,A/South Africa/4655/2013,80
A/Palau/6759/2014,A/South Africa/4655/2013,80
A/Belgium/14G0496/2014,A/South Africa/4655/2013,80
A/Hong Kong/5578/2014,A/South Africa/4655/2013,160
A/Mogilev/1273/2014,A/South Africa/4655/2013,40
A/V. Novgorod/223/2014,A/South Africa/4655/2013,40
A/Mogilev/1484/2014,A/South Africa/4655/2013,80
A/Hong Kong/5739/2014,A/South Africa/4655/2013,<40
A/Hong Kong/5738/2014,A/South Africa/4655/2013,40
A/Glasgow/4165/2014,A/South Africa/4655/2013,40
A/Perth/16/2009,A/Stockholm/1/2013,80
A/Victoria/361/2011,A/Stockholm/1/2013,160
A/Texas/50/2012,A/Stockholm/1/2013,160
A/Samara/73/2013,A/Stockholm/1/2013,160
A/Serbia/NS-210/2013,A/Stockholm/1/2013,160
A/Hong Kong/146/2013,A/Stockholm/1/2013,160
A/South Africa/4655/2013,A/Stockholm/1/2013,160
A/Stockholm/1/2013,A/Stockholm/1/2013,160
A/Stockholm/6/2014,A/Stockholm/1/2013,80
A/Norway/466/2014,A/Stockholm/1/2013,80
A/Switzerland/9715293/2013,A/Stockholm/1/2013,80
A/Sarajevo/21/2012,A/Stockholm/1/2013,80
A/Sarajevo/57/2012,A/Stockholm/1/2013,80
A/Hong Kong/4801/2014,A/Stockholm/1/2013,<40
A/Hong Kong/4800/2014,A/Stockholm/1/2013,<40
A/Tomsk/6/2014,A/Stockholm/1/2013,160
A/Hong Kong/5320/2014,A/Stockholm/1/2013,80
A/Yaroslavl/234/2014,A/Stockholm/1/2013,80
A/Moscow/206/2014,A/Stockholm/1/2013,160
A/Vladimir/220/2014,A/Stockholm/1/2013,160
A/Palau/6759/2014,A/Stockholm/1/2013,160
A/Belgium/14G0496/2014,A/Stockholm/1/2013,160
A/Hong Kong/5578/2014,A/Stockholm/1/2013,320
A/Mogilev/1273/2014,A/Stockholm/1/2013,80
A/V. Novgorod/223/2014,A/Stockholm/1/2013,80
A/Mogilev/1484/2014,A/Stockholm/1/2013,160
A/Hong Kong/5739/2014,A/Stockholm/1/2013,<40
A/Hong Kong/5738/2014,A/Stockholm/1/2013,40
A/Glasgow/4165/2014,A/Stockholm/1/2013,80
A/Perth/16/2009,A/Stockholm/6/2014,80
A/Victoria/361/2011,A/Stockholm/6/2014,640
A/Texas/50/2012,A/Stockholm/6/2014,160
A/Samara/73/2013,A/Stockholm/6/2014,640
A/Serbia/NS-210/2013,A/Stockholm/6/2014,160
A/Hong Kong/146/2013,A/Stockholm/6/2014,160
A/South Africa/4655/2013,A/Stockholm/6/2014,80
A/Stockholm/1/2013,A/Stockholm/6/2014,80
A/Stockholm/6/2014,A/Stockholm/6/2014,640
A/Norway/466/2014,A/Stockholm/6/2014,320
A/Switzerland/9715293/2013,A/Stockholm/6/2014,640
A/Sarajevo/21/2012,A/Stockholm/6/2014,160
A/Sarajevo/57/2012,A/Stockholm/6/2014,320
A/Hong Kong/4801/2014,A/Stockholm/6/2014,160
A/Hong Kong/4800/2014,A/Stockholm/6/2014,160
A/Tomsk/6/2014,A/Stockholm/6/2014,640
A/Hong Kong/5320/2014,A/Stockholm/6/2014,640
A/Yaroslavl/234/2014,A/Stockholm/6/2014,320
A/Moscow/206/2014,A/Stockholm/6/2014,640
A/Vladimir/220/2014,A/Stockholm/6/2014,640
A/Palau/6759/2014,A/Stockholm/6/2014,640
A/Belgium/14G0496/2014,A/Stockholm/6/2014,640
A/Hong Kong/5578/2014,A/Stockholm/6/2014,640
A/Mogilev/1273/2014,A/Stockholm/6/2014,320
A/V. Novgorod/223/2014,A/Stockholm/6/2014,320
A/Mogilev/1484/2014,A/Stockholm/6/2014,640
A/Hong Kong/5739/2014,A/Stockholm/6/2014,160
A/Hong Kong/5738/2014,A/Stockholm/6/2014,320
A/Glasgow/4165/2014,A/Stockholm/6/2014,640
A/Perth/16/2009,A/Norway/466/2014,<40
A/Victoria/361/2011,A/Norway/466/2014,160
A/Texas/50/2012,A/Norway/466/2014,40
A/Samara/73/2013,A/Norway/466/2014,160
A/Serbia/NS-210/2013,A/Norway/466/2014,80
A/Hong Kong/146/2013,A/Norway/466/2014,40
A/South Africa/4655/2013,A/Norway/466/2014,40
A/Stockholm/1/2013,A/Norway/466/2014,40
A/Stockholm/6/2014,A/Norway/466/2014,160
A/Norway/466/2014,A/Norway/466/2014,160
A/Switzerland/9715293/2013,A/Norway/466/2014,320
A/Sarajevo/21/2012,A/Norway/466/2014,40
A/Sarajevo/57/2012,A/Norway/466/2014,80
A/Hong Kong/4801/2014,A/Norway/466/2014,40
A/Hong Kong/4800/2014,A/Norway/466/2014,40
A/Tomsk/6/2014,A/Norway/466/2014,160
A/Hong Kong/5320/2014,A/Norway/466/2014,160
A/Yaroslavl/234/2014,A/Norway/466/2014,160
A/Moscow/206/2014,A/Norway/466/2014,320
A/Vladimir/220/2014,A/Norway/466/2014,160
A/Palau/6759/2014,A/Norway/466/2014,320
A/Belgium/14G0496/2014,A/Norway/466/2014,160
A/Hong Kong/5578/2014,A/Norway/466/2014,320
A/Mogilev/1273/2014,A/Norway/466/2014,160
A/V. Novgorod/223/2014,A/Norway/466/2014,160
A/Mogilev/1484/2014,A/Norway/466/2014,160
A/Hong Kong/5739/2014,A/Norway/466/2014,40
A/Hong Kong/5738/2014,A/Norway/466/2014,80
A/Glasgow/4165/2014,A/Norway/466/2014,160
A/Perth/16/2009,A/Switzerland/9715293/2013,<40
A/Victoria/361/2011,A/Switzerland/9715293/2013,80
A/Texas/50/2012,A/Switzerland/9715293/2013,40
A/Samara/73/2013,A/Switzerland/9715293/2013,80
A/Serbia/NS-210/2013,A/Switzerland/9715293/2013,40
A/Hong Kong/146/2013,A/Switzerland/9715293/2013,40
A/South Africa/4655/2013,A/Switzerland/9715293/2013,<40
A/Stockholm/1/2013,A/Switzerland/9715293/2013,<40
A/Stockholm/6/2014,A/Switzerland/9715293/2013,80
A/Norway/466/2014,A/Switzerland/9715293/2013,80
A/Switzerland/9715293/2013,A/Switzerland/9715293/2013,160
A/Sarajevo/21/2012,A/Switzerland/9715293/2013,<40
A/Sarajevo/57/2012,A/Switzerland/9715293/2013,40
A/Hong Kong/4801/2014,A/Switzerland/9715293/2013,<40
A/Hong Kong/4800/2014,A/Switzerland/9715293/2013,<40
A/Tomsk/6/2014,A/Switzerland/9715293/2013,80
A/Hong Kong/5320/2014,A/Switzerland/9715293/2013,40
A/Yaroslavl/234/2014,A/Switzerland/9715293/2013,80
A/Moscow/206/2014,A/Switzerland/9715293/2013,80
A/Vladimir/220/2014,A/Switzerland/9715293/2013,40
A/Palau/6759/2014,A/Switzerland/9715293/2013,80
A/Belgium/14G0496/2014,A/Switzerland/9715293/2013,80
A/Hong Kong/5578/2014,A/Switzerland/9715293/2013,160
A/Mogilev/1273/2014,A/Switzerland/9715293/2013,40
A/V. Novgorod/223/2014,A/Switzerland/9715293/2013,40
A/Mogilev/1484/2014,A/Switzerland/9715293/2013,80
A/Hong Kong/5739/2014,A/Switzerland/9715293/2013,<40
A/Hong Kong/5738/2014,A/Switzerland/9715293/2013,<40
A/Glasgow/4165/2014,A/Switzerland/9715293/2013,80
A/Perth/16/2009,A/Perth/16/2009,640
A/Victoria/361/2011,A/Perth/16/2009,160
A/Texas/50/2012,A/Perth/16/2009,640
A/Samara/73/2013,A/Perth/16/2009,160
A/Serbia/NS-210/2013,A/Perth/16/2009,640
A/Hong Kong/146/2013,A/Perth/16/2009,640
A/South Africa/4655/2013,A/Perth/16/2009,40
A/Stockholm/1/2013,A/Perth/16/2009,40
A/Stockholm/6/2014,A/Perth/16/2009,<40
A/Norway/466/2014,A/Perth/16/2009,<40
A/Switzerland/9715293/2013,A/Perth/16/2009,<40
A/Poland/1702/2014,A/Perth/16/2009,40
A/Nebraska/4/2014,A/Perth/16/2009,<40
A/Glasgow/4144/2014,A/Perth/16/2009,<40
A/Perth/16/2009,A/Victoria/361/2011,160
A/Victoria/361/2011,A/Victoria/361/2011,320
A/Texas/50/2012,A/Victoria/361/2011,1280
A/Samara/73/2013,A/Victoria/361/2011,320
A/Serbia/NS-210/2013,A/Victoria/361/2011,1280
A/Hong Kong/146/2013,A/Victoria/361/2011,640
A/South Africa/4655/2013,A/Victoria/361/2011,40
A/Stockholm/1/2013,A/Victoria/361/2011,40
A/Stockholm/6/2014,A/Victoria/361/2011,40
A/Norway/466/2014,A/Victoria/361/2011,40
A/Switzerland/9715293/2013,A/Victoria/361/2011,80
A/Poland/1702/2014,A/Victoria/361/2011,160
A/Nebraska/4/2014,A/Victoria/361/2011,40
A/Glasgow/4144/2014,A/Victoria/361/2011,40
A/Perth/16/2009,A/Texas/50/2012,160
A/Victoria/361/2011,A/Texas/50/2012,160
A/Texas/50/2012,A/Texas/50/2012,1280
A/Samara/73/2013,A/Texas/50/2012,320
A/Serbia/NS-210/2013,A/Texas/50/2012,1280
A/Hong Kong/146/2013,A/Texas/50/2012,640
A/South Africa/4655/2013,A/Texas/50/2012,80
A/Stockholm/1/2013,A/Texas/50/2012,80
A/Stockholm/6/2014,A/Texas/50/2012,80
A/Norway/466/2014,A/Texas/50/2012,40
A/Switzerland/9715293/2013,A/Texas/50/2012,40
A/Poland/1702/2014,A/Texas/50/2012,80
A/Nebraska/4/2014,A/Texas/50/2012,40
A/Glasgow/4144/2014,A/Texas/50/2012,40
A/Perth/16/2009,A/Samara/73/2013,160
A/Victoria/361/2011,A/Samara/73/2013,640
A/Texas/50/2012,A/Samara/73/2013,1280
A/Samara/73/2013,A/Samara/73/2013,1280
A/Serbia/NS-210/2013,A/Samara/73/2013,1280
A/Hong Kong/146/2013,A/Samara/73/2013,1280
A/South Africa/4655/2013,A/Samara/73/2013,320
A/Stockholm/1/2013,A/Samara/73/2013,160
A/Stockholm/6/2014,A/Samara/73/2013,320
A/Norway/466/2014,A/Samara/73/2013,160
A/Switzerland/9715293/2013,A/Samara/73/2013,320
A/Poland/1702/2014,A/Samara/73/2013,320
A/Nebraska/4/2014,A/Samara/73/2013,160
A/Glasgow/4144/2014,A/Samara/73/2013,320
A/Perth/16/2009,A/Serbia/NS-210/2013,160
A/Victoria/361/2011,A/Serbia/NS-210/2013,320
A/Texas/50/2012,A/Serbia/NS-210/2013,2560
A/Samara/73/2013,A/Serbia/NS-210/2013,320
A/Serbia/NS-210/2013,A/Serbia/NS-210/2013,1280
A/Hong Kong/146/2013,A/Serbia/NS-210/2013,640
A/South Africa/4655/2013,A/Serbia/NS-210/2013,80
A/Stockholm/1/2013,A/Serbia/NS-210/2013,80
A/Stockholm/6/2014,A/Serbia/NS-210/2013,160
A/Norway/466/2014,A/Serbia/NS-210/2013,80
A/Switzerland/9715293/2013,A/Serbia/NS-210/2013,160
A/Poland/1702/2014,A/Serbia/NS-210/2013,160
A/Nebraska/4/2014,A/Serbia/NS-210/2013,80
A/Glasgow/4144/2014,A/Serbia/NS-210/2013,160
A/Perth/16/2009,A/Hong Kong/146/2013,160
A/Victoria/361/2011,A/Hong Kong/146/2013,320
A/Texas/50/2012,A/Hong Kong/146/2013,1280
A/Samara/73/2013,A/Hong Kong/146/2013,640
A/Serbia/NS-210/2013,A/Hong Kong/146/2013,1280
A/Hong Kong/146/2013,A/Hong Kong/146/2013,2560
A/South Africa/4655/2013,A/Hong Kong/146/2013,160
A/Stockholm/1/2013,A/Hong Kong/146/2013,160
A/Stockholm/6/2014,A/Hong Kong/146/2013,80
A/Norway/466/2014,A/Hong Kong/146/2013,80
A/Switzerland/9715293/2013,A/Hong Kong/146/2013,80
A/Poland/1702/2014,A/Hong Kong/146/2013,160
A/Nebraska/4/2014,A/Hong Kong/146/2013,40
A/Glasgow/4144/2014,A/Hong Kong/146/2013,80
A/Perth/16/2009,A/South Africa/4655/2013,40
A/Victoria/361/2011,A/South Africa/4655/2013,80
A/Texas/50/2012,A/South Africa/4655/2013,80
A/Samara/73/2013,A/South Africa/4655/2013,80
A/Serbia/NS-210/2013,A/South Africa/4655/2013,80
A/Hong Kong/146/2013,A/South Africa/4655/2013,160
A/South Africa/4655/2013,A/South Africa/4655/2013,320
A/Stockholm/1/2013,A/South Africa/4655/2013,320
A/Stockholm/6/2014,A/South Africa/4655/2013,80
A/Norway/466/2014,A/South Africa/4655/2013,40
A/Switzerland/9715293/2013,A/South Africa/4655/2013,40
A/Poland/1702/2014,A/South Africa/4655/2013,40
A/Nebraska/4/2014,A/South Africa/4655/2013,<40
A/Glasgow/4144/2014,A/South Africa/4655/2013,40
A/Perth/16/2009,A/Stockholm/1/2013,80
A/Victoria/361/2011,A/Stockholm/1/2013,160
A/Texas/50/2012,A/Stockholm/1/2013,160
A/Samara/73/2013,A/Stockholm/1/2013,160
A/Serbia/NS-210/2013,A/Stockholm/1/2013,160
A/Hong Kong/146/2013,A/Stockholm/1/2013,320
A/South Africa/4655/2013,A/Stockholm/1/2013,160
A/Stockholm/1/2013,A/Stockholm/1/2013,160
A/Stockholm/6/2014,A/Stockholm/1/2013,80
A/Norway/466/2014,A/Stockholm/1/2013,80
A/Switzerland/9715293/2013,A/Stockholm/1/2013,80
A/Poland/1702/2014,A/Stockholm/1/2013,80
A/Nebraska/4/2014,A/Stockholm/1/2013,40
A/Glasgow/4144/2014,A/Stockholm/1/2013,80
A/Perth/16/2009,A/Stockholm/6/2014,80
A/Victoria/361/2011,A/Stockholm/6/2014,640
A/Texas/50/2012,A/Stockholm/6/2014,320
A/Samara/73/2013,A/Stockholm/6/2014,640
A/Serbia/NS-210/2013,A/Stockholm/6/2014,320
A/Hong Kong/146/2013,A/Stockholm/6/2014,160
A/South Africa/4655/2013,A/Stockholm/6/2014,160
A/Stockholm/1/2013,A/Stockholm/6/2014,80
A/Stockholm/6/2014,A/Stockholm/6/2014,640
A/Norway/466/2014,A/Stockholm/6/2014,320
A/Switzerland/9715293/2013,A/Stockholm/6/2014,640
A/Poland/1702/2014,A/Stockholm/6/2014,320
A/Nebraska/4/2014,A/Stockholm/6/2014,320
A/Glasgow/4144/2014,A/Stockholm/6/2014,640
A/Perth/16/2009,A/Norway/466/2014,<40
A/Victoria/361/2011,A/Norway/466/2014,160
A/Texas/50/2012,A/Norway/466/2014,40
A/Samara/73/2013,A/Norway/466/2014,160
A/Serbia/NS-210/2013,A/Norway/466/2014,80
A/Hong Kong/146/2013,A/Norway/466/2014,80
A/South Africa/4655/2013,A/Norway/466/2014,40
A/Stockholm/1/2013,A/Norway/466/2014,40
A/Stockholm/6/2014,A/Norway/466/2014,160
A/Norway/466/2014,A/Norway/466/2014,160
A/Switzerland/9715293/2013,A/Norway/466/2014,160
A/Poland/1702/2014,A/Norway/466/2014,160
A/Nebraska/4/2014,A/Norway/466/2014,160
A/Glasgow/4144/2014,A/Norway/466/2014,160
A/Perth/16/2009,A/Switzerland/9715293/2013,<40
A/Victoria/361/2011,A/Switzerland/9715293/2013,80
A/Texas/50/2012,A/Switzerland/9715293/2013,80
A/Samara/73/2013,A/Switzerland/9715293/2013,160
A/Serbia/NS-210/2013,A/Switzerland/9715293/2013,80
A/Hong Kong/146/2013,A/Switzerland/9715293/2013,80
A/South Africa/4655/2013,A/Switzerland/9715293/2013,<40
A/Stockholm/1/2013,A/Switzerland/9715293/2013,<40
A/Stockholm/6/2014,A/Switzerland/9715293/2013,160
A/Norway/466/2014,A/Switzerland/9715293/2013,80
A/Switzerland/9715293/2013,A/Switzerland/9715293/2013,160
A/Poland/1702/2014,A/Switzerland/9715293/2013,80
A/Nebraska/4/2014,A/Switzerland/9715293/2013,80
A/Glasgow/4144/2014,A/Switzerland/9715293/2013,80
A/Perth/16/2009,A/Poland/1702/2014,80
A/Victoria/361/2011,A/Poland/1702/2014,160
A/Texas/50/2012,A/Poland/1702/2014,640
A/Samara/73/2013,A/Poland/1702/2014,640
A/Serbia/NS-210/2013,A/Poland/1702/2014,640
A/Hong Kong/146/2013,A/Poland/1702/2014,640
A/South Africa/4655/2013,A/Poland/1702/2014,160
A/Stockholm/1/2013,A/Poland/1702/2014,80
A/Stockholm/6/2014,A/Poland/1702/2014,80
A/Norway/466/2014,A/Poland/1702/2014,40
A/Switzerland/9715293/2013,A/Poland/1702/2014,80
A/Poland/1702/2014,A/Poland/1702/2014,320
A/Nebraska/4/2014,A/Poland/1702/2014,<40
A/Glasgow/4144/2014,A/Poland/1702/2014,40
A/Perth/16/2009,A/Perth/16/2009,1280
A/Victoria/361/2011,A/Perth/16/2009,160
A/Texas/50/2012,A/Perth/16/2009,1280
A/Samara/73/2013,A/Perth/16/2009,640
A/Hong Kong/146/2013,A/Perth/16/2009,1280
A/South Africa/4655/2013,A/Perth/16/2009,80
A/Stockholm/1/2013,A/Perth/16/2009,40
A/Stockholm/6/2014,A/Perth/16/2009,<40
A/Norway/466/2014,A/Perth/16/2009,<40
A/Norway/466/2014,A/Perth/16/2009,40
A/Norway/466/2014,A/Perth/16/2009,<40
A/Switzerland/9715293/2013,A/Perth/16/2009,<40
A/Switzerland/9715293/2013,A/Perth/16/2009,40
A/South Africa/271/2014,A/Perth/16/2009,160
A/Kazakhstan/3661/2014,A/Perth/16/2009,80
A/Kazakhstan/3663/2014,A/Perth/16/2009,80
A/Kazakhstan/3666/2014,A/Perth/16/2009,160
A/Kazakhstan/3667/2014,A/Perth/16/2009,320
A/Valjevo/2029/2014,A/Perth/16/2009,80
A/Kragujevac/2337/2014,A/Perth/16/2009,40
A/Kragujevac/2340/2014,A/Perth/16/2009,80
A/Kragujevac/2378/2014,A/Perth/16/2009,160
A/Palau/6759/2014,A/Perth/16/2009,80
A/Belgrade/2668/2014,A/Perth/16/2009,160
A/South Africa/3761/2014,A/Perth/16/2009,80
A/South Africa/4090/2014,A/Perth/16/2009,160
A/South Africa/4371/2014,A/Perth/16/2009,160
A/South Africa/4100/2014,A/Perth/16/2009,80
A/South Africa/4370/2014,A/Perth/16/2009,80
A/South Africa/4374/2014,A/Perth/16/2009,80
A/South Africa/4569/2014,A/Perth/16/2009,80
A/South Africa/4766/2014,A/Perth/16/2009,320
A/South Africa/4934/2014,A/Perth/16/2009,<40
A/South Africa/4991/2014,A/Perth/16/2009,40
A/South Africa/5403/2014,A/Perth/16/2009,160
A/South Africa/5416/2014,A/Perth/16/2009,160
A/Perth/16/2009,A/Victoria/361/2011,160
A/Victoria/361/2011,A/Victoria/361/2011,320
A/Texas/50/2012,A/Victoria/361/2011,2560
A/Samara/73/2013,A/Victoria/361/2011,640
A/Hong Kong/146/2013,A/Victoria/361/2011,1280
A/South Africa/4655/2013,A/Victoria/361/2011,80
A/Stockholm/1/2013,A/Victoria/361/2011,40
A/Stockholm/6/2014,A/Victoria/361/2011,80
A/Norway/466/2014,A/Victoria/361/2011,40
A/Norway/466/2014,A/Victoria/361/2011,320
A/Norway/466/2014,A/Victoria/361/2011,40
A/Switzerland/9715293/2013,A/Victoria/361/2011,80
A/Switzerland/9715293/2013,A/Victoria/361/2011,320
A/South Africa/271/2014,A/Victoria/361/2011,320
A/Kazakhstan/3661/2014,A/Victoria/361/2011,320
A/Kazakhstan/3663/2014,A/Victoria/361/2011,320
A/Kazakhstan/3666/2014,A/Victoria/361/2011,640
A/Kazakhstan/3667/2014,A/Victoria/361/2011,320
A/Valjevo/2029/2014,A/Victoria/361/2011,320
A/Kragujevac/2337/2014,A/Victoria/361/2011,160
A/Kragujevac/2340/2014,A/Victoria/361/2011,320
A/Kragujevac/2378/2014,A/Victoria/361/2011,320
A/Palau/6759/2014,A/Victoria/361/2011,320
A/Belgrade/2668/2014,A/Victoria/361/2011,640
A/South Africa/3761/2014,A/Victoria/361/2011,320
A/South Africa/4090/2014,A/Victoria/361/2011,640
A/South Africa/4371/2014,A/Victoria/361/2011,320
A/South Africa/4100/2014,A/Victoria/361/2011,320
A/South Africa/4370/2014,A/Victoria/361/2011,320
A/South Africa/4374/2014,A/Victoria/361/2011,320
A/South Africa/4569/2014,A/Victoria/361/2011,320
A/South Africa/4766/2014,A/Victoria/361/2011,640
A/South Africa/4934/2014,A/Victoria/361/2011,80
A/South Africa/4991/2014,A/Victoria/361/2011,320
A/South Africa/5403/2014,A/Victoria/361/2011,640
A/South Africa/5416/2014,A/Victoria/361/2011,320
A/Perth/16/2009,A/Texas/50/2012,320
A/Victoria/361/2011,A/Texas/50/2012,320
A/Texas/50/2012,A/Texas/50/2012,2560
A/Samara/73/2013,A/Texas/50/2012,320
A/Hong Kong/146/2013,A/Texas/50/2012,1280
A/South Africa/4655/2013,A/Texas/50/2012,160
A/Stockholm/1/2013,A/Texas/50/2012,160
A/Stockholm/6/2014,A/Texas/50/2012,40
A/Norway/466/2014,A/Texas/50/2012,40
A/Norway/466/2014,A/Texas/50/2012,320
A/Norway/466/2014,A/Texas/50/2012,40
A/Switzerland/9715293/2013,A/Texas/50/2012,40
A/Switzerland/9715293/2013,A/Texas/50/2012,160
A/South Africa/271/2014,A/Texas/50/2012,320
A/Kazakhstan/3661/2014,A/Texas/50/2012,160
A/Kazakhstan/3663/2014,A/Texas/50/2012,320
A/Kazakhstan/3666/2014,A/Texas/50/2012,320
A/Kazakhstan/3667/2014,A/Texas/50/2012,160
A/Valjevo/2029/2014,A/Texas/50/2012,320
A/Kragujevac/2337/2014,A/Texas/50/2012,80
A/Kragujevac/2340/2014,A/Texas/50/2012,320
A/Kragujevac/2378/2014,A/Texas/50/2012,320
A/Palau/6759/2014,A/Texas/50/2012,320
A/Belgrade/2668/2014,A/Texas/50/2012,320
A/South Africa/3761/2014,A/Texas/50/2012,160
A/South Africa/4090/2014,A/Texas/50/2012,320
A/South Africa/4371/2014,A/Texas/50/2012,320
A/South Africa/4100/2014,A/Texas/50/2012,320
A/South Africa/4370/2014,A/Texas/50/2012,160
A/South Africa/4374/2014,A/Texas/50/2012,160
A/South Africa/4569/2014,A/Texas/50/2012,320
A/South Africa/4766/2014,A/Texas/50/2012,320
A/South Africa/4934/2014,A/Texas/50/2012,40
A/South Africa/4991/2014,A/Texas/50/2012,320
A/South Africa/5403/2014,A/Texas/50/2012,320
A/South Africa/5416/2014,A/Texas/50/2012,160
A/Perth/16/2009,A/Samara/73/2013,320
A/Victoria/361/2011,A/Samara/73/2013,1280
A/Texas/50/2012,A/Samara/73/2013,1280
A/Samara/73/2013,A/Samara/73/2013,1280
A/Hong Kong/146/2013,A/Samara/73/2013,1280
A/South Africa/4655/2013,A/Samara/73/2013,640
A/Stockholm/1/2013,A/Samara/73/2013,320
A/Stockholm/6/2014,A/Samara/73/2013,320
A/Norway/466/2014,A/Samara/73/2013,160
A/Norway/466/2014,A/Samara/73/2013,320
A/Norway/466/2014,A/Samara/73/2013,40
A/Switzerland/9715293/2013,A/Samara/73/2013,320
A/Switzerland/9715293/2013,A/Samara/73/2013,160
A/South Africa/271/2014,A/Samara/73/2013,1280
A/Kazakhstan/3661/2014,A/Samara/73/2013,640
A/Kazakhstan/3663/2014,A/Samara/73/2013,640
A/Kazakhstan/3666/2014,A/Samara/73/2013,1280
A/Kazakhstan/3667/2014,A/Samara/73/2013,640
A/Valjevo/2029/2014,A/Samara/73/2013,1280
A/Kragujevac/2337/2014,A/Samara/73/2013,320
A/Kragujevac/2340/2014,A/Samara/73/2013,1280
A/Kragujevac/2378/2014,A/Samara/73/2013,1280
A/Palau/6759/2014,A/Samara/73/2013,320
A/Belgrade/2668/2014,A/Samara/73/2013,1280
A/South Africa/3761/2014,A/Samara/73/2013,1280
A/South Africa/4090/2014,A/Samara/73/2013,1280
A/South Africa/4371/2014,A/Samara/73/2013,1280
A/South Africa/4100/2014,A/Samara/73/2013,1280
A/South Africa/4370/2014,A/Samara/73/2013,640
A/South Africa/4374/2014,A/Samara/73/2013,1280
A/South Africa/4569/2014,A/Samara/73/2013,1280
A/South Africa/4766/2014,A/Samara/73/2013,1280
A/South Africa/4934/2014,A/Samara/73/2013,160
A/South Africa/4991/2014,A/Samara/73/2013,640
A/South Africa/5403/2014,A/Samara/73/2013,1280
A/South Africa/5416/2014,A/Samara/73/2013,640
A/Perth/16/2009,A/Hong Kong/146/2013,320
A/Victoria/361/2011,A/Hong Kong/146/2013,320
A/Texas/50/2012,A/Hong Kong/146/2013,1280
A/Samara/73/2013,A/Hong Kong/146/2013,1280
A/Hong Kong/146/2013,A/Hong Kong/146/2013,2560
A/South Africa/4655/2013,A/Hong Kong/146/2013,640
A/Stockholm/1/2013,A/Hong Kong/146/2013,320
A/Stockholm/6/2014,A/Hong Kong/146/2013,160
A/Norway/466/2014,A/Hong Kong/146/2013,80
A/Norway/466/2014,A/Hong Kong/146/2013,320
A/Norway/466/2014,A/Hong Kong/146/2013,40
A/Switzerland/9715293/2013,A/Hong Kong/146/2013,80
A/Switzerland/9715293/2013,A/Hong Kong/146/2013,640
A/South Africa/271/2014,A/Hong Kong/146/2013,640
A/Kazakhstan/3661/2014,A/Hong Kong/146/2013,320
A/Kazakhstan/3663/2014,A/Hong Kong/146/2013,320
A/Kazakhstan/3666/2014,A/Hong Kong/146/2013,640
A/Kazakhstan/3667/2014,A/Hong Kong/146/2013,320
A/Valjevo/2029/2014,A/Hong Kong/146/2013,640
A/Kragujevac/2337/2014,A/Hong Kong/146/2013,160
A/Kragujevac/2340/2014,A/Hong Kong/146/2013,640
A/Kragujevac/2378/2014,A/Hong Kong/146/2013,640
A/Palau/6759/2014,A/Hong Kong/146/2013,640
A/Belgrade/2668/2014,A/Hong Kong/146/2013,640
A/South Africa/3761/2014,A/Hong Kong/146/2013,640
A/South Africa/4090/2014,A/Hong Kong/146/2013,1280
A/South Africa/4371/2014,A/Hong Kong/146/2013,640
A/South Africa/4100/2014,A/Hong Kong/146/2013,640
A/South Africa/4370/2014,A/Hong Kong/146/2013,320
A/South Africa/4374/2014,A/Hong Kong/146/2013,320
A/South Africa/4569/2014,A/Hong Kong/146/2013,320
A/South Africa/4766/2014,A/Hong Kong/146/2013,640
A/South Africa/4934/2014,A/Hong Kong/146/2013,80
A/South Africa/4991/2014,A/Hong Kong/146/2013,640
A/South Africa/5403/2014,A/Hong Kong/146/2013,640
A/South Africa/5416/2014,A/Hong Kong/146/2013,640
A/Perth/16/2009,A/South Africa/4655/2013,80
A/Victoria/361/2011,A/South Africa/4655/2013,320
A/Texas/50/2012,A/South Africa/4655/2013,640
A/Samara/73/2013,A/South Africa/4655/2013,1280
A/Hong Kong/146/2013,A/South Africa/4655/2013,640
A/South Africa/4655/2013,A/South Africa/4655/2013,160
A/Stockholm/1/2013,A/South Africa/4655/2013,80
A/Stockholm/6/2014,A/South Africa/4655/2013,40
A/Norway/466/2014,A/South Africa/4655/2013,<40
A/Norway/466/2014,A/South Africa/4655/2013,320
A/Norway/466/2014,A/South Africa/4655/2013,<40
A/Switzerland/9715293/2013,A/South Africa/4655/2013,40
A/Switzerland/9715293/2013,A/South Africa/4655/2013,80
A/South Africa/271/2014,A/South Africa/4655/2013,160
A/Kazakhstan/3661/2014,A/South Africa/4655/2013,80
A/Kazakhstan/3663/2014,A/South Africa/4655/2013,160
A/Kazakhstan/3666/2014,A/South Africa/4655/2013,160
A/Kazakhstan/3667/2014,A/South Africa/4655/2013,80
A/Valjevo/2029/2014,A/South Africa/4655/2013,160
A/Kragujevac/2337/2014,A/South Africa/4655/2013,80
A/Kragujevac/2340/2014,A/South Africa/4655/2013,160
A/Kragujevac/2378/2014,A/South Africa/4655/2013,160
A/Palau/6759/2014,A/South Africa/4655/2013,80
A/Belgrade/2668/2014,A/South Africa/4655/2013,160
A/South Africa/3761/2014,A/South Africa/4655/2013,160
A/South Africa/4090/2014,A/South Africa/4655/2013,160
A/South Africa/4371/2014,A/South Africa/4655/2013,160
A/South Africa/4100/2014,A/South Africa/4655/2013,160
A/South Africa/4370/2014,A/South Africa/4655/2013,160
A/South Africa/4374/2014,A/South Africa/4655/2013,160
A/South Africa/4569/2014,A/South Africa/4655/2013,160
A/South Africa/4766/2014,A/South Africa/4655/2013,320
A/South Africa/4934/2014,A/South Africa/4655/2013,<40
A/South Africa/4991/2014,A/South Africa/4655/2013,160
A/South Africa/5403/2014,A/South Africa/4655/2013,320
A/South Africa/5416/2014,A/South Africa/4655/2013,160
A/Perth/16/2009,A/Stockholm/1/2013,80
A/Victoria/361/2011,A/Stockholm/1/2013,160
A/Texas/50/2012,A/Stockholm/1/2013,160
A/Samara/73/2013,A/Stockholm/1/2013,320
A/Hong Kong/146/2013,A/Stockholm/1/2013,320
A/South Africa/4655/2013,A/Stockholm/1/2013,320
A/Stockholm/1/2013,A/Stockholm/1/2013,320
A/Stockholm/6/2014,A/Stockholm/1/2013,80
A/Norway/466/2014,A/Stockholm/1/2013,80
A/Norway/466/2014,A/Stockholm/1/2013,80
A/Norway/466/2014,A/Stockholm/1/2013,<40
A/Switzerland/9715293/2013,A/Stockholm/1/2013,80
A/Switzerland/9715293/2013,A/Stockholm/1/2013,40
A/South Africa/271/2014,A/Stockholm/1/2013,160
A/Kazakhstan/3661/2014,A/Stockholm/1/2013,160
A/Kazakhstan/3663/2014,A/Stockholm/1/2013,160
A/Kazakhstan/3666/2014,A/Stockholm/1/2013,320
A/Kazakhstan/3667/2014,A/Stockholm/1/2013,320
A/Valjevo/2029/2014,A/Stockholm/1/2013,320
A/Kragujevac/2337/2014,A/Stockholm/1/2013,160
A/Kragujevac/2340/2014,A/Stockholm/1/2013,320
A/Kragujevac/2378/2014,A/Stockholm/1/2013,160
A/Palau/6759/2014,A/Stockholm/1/2013,320
A/Belgrade/2668/2014,A/Stockholm/1/2013,320
A/South Africa/3761/2014,A/Stockholm/1/2013,160
A/South Africa/4090/2014,A/Stockholm/1/2013,320
A/South Africa/4371/2014,A/Stockholm/1/2013,320
A/South Africa/4100/2014,A/Stockholm/1/2013,320
A/South Africa/4370/2014,A/Stockholm/1/2013,320
A/South Africa/4374/2014,A/Stockholm/1/2013,320
A/South Africa/4569/2014,A/Stockholm/1/2013,320
A/South Africa/4766/2014,A/Stockholm/1/2013,320
A/South Africa/4934/2014,A/Stockholm/1/2013,80
A/South Africa/4991/2014,A/Stockholm/1/2013,160
A/South Africa/5403/2014,A/Stockholm/1/2013,320
A/South Africa/5416/2014,A/Stockholm/1/2013,160
A/Perth/16/2009,A/Stockholm/6/2014,160
A/Victoria/361/2011,A/Stockholm/6/2014,640
A/Texas/50/2012,A/Stockholm/6/2014,320
A/Samara/73/2013,A/Stockholm/6/2014,1280
A/Hong Kong/146/2013,A/Stockholm/6/2014,160
A/South Africa/4655/2013,A/Stockholm/6/2014,320
A/Stockholm/1/2013,A/Stockholm/6/2014,160
A/Stockholm/6/2014,A/Stockholm/6/2014,640
A/Norway/466/2014,A/Stockholm/6/2014,640
A/Norway/466/2014,A/Stockholm/6/2014,640
A/Norway/466/2014,A/Stockholm/6/2014,320
A/Switzerland/9715293/2013,A/Stockholm/6/2014,640
A/Switzerland/9715293/2013,A/Stockholm/6/2014,640
A/South Africa/271/2014,A/Stockholm/6/2014,1280
A/Kazakhstan/3661/2014,A/Stockholm/6/2014,640
A/Kazakhstan/3663/2014,A/Stockholm/6/2014,1280
A/Kazakhstan/3666/2014,A/Stockholm/6/2014,1280
A/Kazakhstan/3667/2014,A/Stockholm/6/2014,640
A/Valjevo/2029/2014,A/Stockholm/6/2014,1280
A/Kragujevac/2337/2014,A/Stockholm/6/2014,640
A/Kragujevac/2340/2014,A/Stockholm/6/2014,1280
A/Kragujevac/2378/2014,A/Stockholm/6/2014,1280
A/Palau/6759/2014,A/Stockholm/6/2014,1280
A/Belgrade/2668/2014,A/Stockholm/6/2014,2560
A/South Africa/3761/2014,A/Stockholm/6/2014,1280
A/South Africa/4090/2014,A/Stockholm/6/2014,2560
A/South Africa/4371/2014,A/Stockholm/6/2014,1280
A/South Africa/4100/2014,A/Stockholm/6/2014,1280
A/South Africa/4370/2014,A/Stockholm/6/2014,1280
A/South Africa/4374/2014,A/Stockholm/6/2014,1280
A/South Africa/4569/2014,A/Stockholm/6/2014,1280
A/South Africa/4766/2014,A/Stockholm/6/2014,1280
A/South Africa/4934/2014,A/Stockholm/6/2014,320
A/South Africa/4991/2014,A/Stockholm/6/2014,1280
A/South Africa/5403/2014,A/Stockholm/6/2014,1280
A/South Africa/5416/2014,A/Stockholm/6/2014,1280
A/Perth/16/2009,A/Norway/466/2014,40
A/Victoria/361/2011,A/Norway/466/2014,320
A/Texas/50/2012,A/Norway/466/2014,40
A/Samara/73/2013,A/Norway/466/2014,320
A/Hong Kong/146/2013,A/Norway/466/2014,80
A/South Africa/4655/2013,A/Norway/466/2014,80
A/Stockholm/1/2013,A/Norway/466/2014,40
A/Stockholm/6/2014,A/Norway/466/2014,160
A/Norway/466/2014,A/Norway/466/2014,160
A/Norway/466/2014,A/Norway/466/2014,160
A/Norway/466/2014,A/Norway/466/2014,80
A/Switzerland/9715293/2013,A/Norway/466/2014,160
A/Switzerland/9715293/2013,A/Norway/466/2014,160
A/South Africa/271/2014,A/Norway/466/2014,320
A/Kazakhstan/3661/2014,A/Norway/466/2014,320
A/Kazakhstan/3663/2014,A/Norway/466/2014,320
A/Kazakhstan/3666/2014,A/Norway/466/2014,640
A/Kazakhstan/3667/2014,A/Norway/466/2014,320
A/Valjevo/2029/2014,A/Norway/466/2014,320
A/Kragujevac/2337/2014,A/Norway/466/2014,160
A/Kragujevac/2340/2014,A/Norway/466/2014,320
A/Kragujevac/2378/2014,A/Norway/466/2014,320
A/Palau/6759/2014,A/Norway/466/2014,320
A/Belgrade/2668/2014,A/Norway/466/2014,640
A/South Africa/3761/2014,A/Norway/466/2014,320
A/South Africa/4090/2014,A/Norway/466/2014,640
A/South Africa/4371/2014,A/Norway/466/2014,320
A/South Africa/4100/2014,A/Norway/466/2014,320
A/South Africa/4370/2014,A/Norway/466/2014,320
A/South Africa/4374/2014,A/Norway/466/2014,320
A/South Africa/4569/2014,A/Norway/466/2014,320
A/South Africa/4766/2014,A/Norway/466/2014,640
A/South Africa/4934/2014,A/Norway/466/2014,80
A/South Africa/4991/2014,A/Norway/466/2014,320
A/South Africa/5403/2014,A/Norway/466/2014,640
A/South Africa/5416/2014,A/Norway/466/2014,320
A/Perth/16/2009,A/Norway/466/2014,40
A/Victoria/361/2011,A/Norway/466/2014,160
A/Texas/50/2012,A/Norway/466/2014,160
A/Samara/73/2013,A/Norway/466/2014,160
A/Hong Kong/146/2013,A/Norway/466/2014,160
A/South Africa/4655/2013,A/Norway/466/2014,40
A/Stockholm/1/2013,A/Norway/466/2014,<40
A/Stockholm/6/2014,A/Norway/466/2014,80
A/Norway/466/2014,A/Norway/466/2014,80
A/Norway/466/2014,A/Norway/466/2014,5120
A/Norway/466/2014,A/Norway/466/2014,320
A/Switzerland/9715293/2013,A/Norway/466/2014,*
A/Switzerland/9715293/2013,A/Norway/466/2014,1280
A/South Africa/271/2014,A/Norway/466/2014,160
A/Kazakhstan/3661/2014,A/Norway/466/2014,40
A/Kazakhstan/3663/2014,A/Norway/466/2014,80
A/Kazakhstan/3666/2014,A/Norway/466/2014,160
A/Kazakhstan/3667/2014,A/Norway/466/2014,40
A/Valjevo/2029/2014,A/Norway/466/2014,80
A/Kragujevac/2337/2014,A/Norway/466/2014,40
A/Kragujevac/2340/2014,A/Norway/466/2014,80
A/Kragujevac/2378/2014,A/Norway/466/2014,160
A/Palau/6759/2014,A/Norway/466/2014,2560
A/Belgrade/2668/2014,A/Norway/466/2014,160
A/South Africa/3761/2014,A/Norway/466/2014,160
A/South Africa/4090/2014,A/Norway/466/2014,320
A/South Africa/4371/2014,A/Norway/466/2014,160
A/South Africa/4100/2014,A/Norway/466/2014,160
A/South Africa/4370/2014,A/Norway/466/2014,80
A/South Africa/4374/2014,A/Norway/466/2014,80
A/South Africa/4569/2014,A/Norway/466/2014,80
A/South Africa/4766/2014,A/Norway/466/2014,320
A/South Africa/4934/2014,A/Norway/466/2014,<40
A/South Africa/4991/2014,A/Norway/466/2014,80
A/South Africa/5403/2014,A/Norway/466/2014,160
A/South Africa/5416/2014,A/Norway/466/2014,80
A/Perth/16/2009,A/Norway/466/2014,<40
A/Victoria/361/2011,A/Norway/466/2014,80
A/Texas/50/2012,A/Norway/466/2014,320
A/Samara/73/2013,A/Norway/466/2014,160
A/Hong Kong/146/2013,A/Norway/466/2014,320
A/South Africa/4655/2013,A/Norway/466/2014,80
A/Stockholm/1/2013,A/Norway/466/2014,40
A/Stockholm/6/2014,A/Norway/466/2014,160
A/Norway/466/2014,A/Norway/466/2014,40
A/Norway/466/2014,A/Norway/466/2014,640
A/Norway/466/2014,A/Norway/466/2014,160
A/Switzerland/9715293/2013,A/Norway/466/2014,*
A/Switzerland/9715293/2013,A/Norway/466/2014,320
A/South Africa/271/2014,A/Norway/466/2014,160
A/Kazakhstan/3661/2014,A/Norway/466/2014,80
A/Kazakhstan/3663/2014,A/Norway/466/2014,80
A/Kazakhstan/3666/2014,A/Norway/466/2014,160
A/Kazakhstan/3667/2014,A/Norway/466/2014,80
A/Valjevo/2029/2014,A/Norway/466/2014,160
A/Kragujevac/2337/2014,A/Norway/466/2014,40
A/Kragujevac/2340/2014,A/Norway/466/2014,160
A/Kragujevac/2378/2014,A/Norway/466/2014,160
A/Palau/6759/2014,A/Norway/466/2014,320
A/Belgrade/2668/2014,A/Norway/466/2014,160
A/South Africa/3761/2014,A/Norway/466/2014,80
A/South Africa/4090/2014,A/Norway/466/2014,160
A/South Africa/4371/2014,A/Norway/466/2014,80
A/South Africa/4100/2014,A/Norway/466/2014,160
A/South Africa/4370/2014,A/Norway/466/2014,40
A/South Africa/4374/2014,A/Norway/466/2014,80
A/South Africa/4569/2014,A/Norway/466/2014,80
A/South Africa/4766/2014,A/Norway/466/2014,320
A/South Africa/4934/2014,A/Norway/466/2014,<40
A/South Africa/4991/2014,A/Norway/466/2014,80
A/South Africa/5403/2014,A/Norway/466/2014,160
A/South Africa/5416/2014,A/Norway/466/2014,80
A/Perth/16/2009,A/Switzerland/9715293/2013,40
A/Victoria/361/2011,A/Switzerland/9715293/2013,160
A/Texas/50/2012,A/Switzerland/9715293/2013,80
A/Samara/73/2013,A/Switzerland/9715293/2013,320
A/Hong Kong/146/2013,A/Switzerland/9715293/2013,80
A/South Africa/4655/2013,A/Switzerland/9715293/2013,40
A/Stockholm/1/2013,A/Switzerland/9715293/2013,40
A/Stockholm/6/2014,A/Switzerland/9715293/2013,320
A/Norway/466/2014,A/Switzerland/9715293/2013,160
A/Norway/466/2014,A/Switzerland/9715293/2013,320
A/Norway/466/2014,A/Switzerland/9715293/2013,80
A/Switzerland/9715293/2013,A/Switzerland/9715293/2013,160
A/Switzerland/9715293/2013,A/Switzerland/9715293/2013,160
A/South Africa/271/2014,A/Switzerland/9715293/2013,160
A/Kazakhstan/3661/2014,A/Switzerland/9715293/2013,80
A/Kazakhstan/3663/2014,A/Switzerland/9715293/2013,160
A/Kazakhstan/3666/2014,A/Switzerland/9715293/2013,320
A/Kazakhstan/3667/2014,A/Switzerland/9715293/2013,80
A/Valjevo/2029/2014,A/Switzerland/9715293/2013,320
A/Kragujevac/2337/2014,A/Switzerland/9715293/2013,80
A/Kragujevac/2340/2014,A/Switzerland/9715293/2013,320
A/Kragujevac/2378/2014,A/Switzerland/9715293/2013,160
A/Palau/6759/2014,A/Switzerland/9715293/2013,1280
A/Belgrade/2668/2014,A/Switzerland/9715293/2013,320
A/South Africa/3761/2014,A/Switzerland/9715293/2013,160
A/South Africa/4090/2014,A/Switzerland/9715293/2013,320
A/South Africa/4371/2014,A/Switzerland/9715293/2013,160
A/South Africa/4100/2014,A/Switzerland/9715293/2013,80
A/South Africa/4370/2014,A/Switzerland/9715293/2013,160
A/South Africa/4374/2014,A/Switzerland/9715293/2013,160
A/South Africa/4569/2014,A/Switzerland/9715293/2013,160
A/South Africa/4766/2014,A/Switzerland/9715293/2013,320
A/South Africa/4934/2014,A/Switzerland/9715293/2013,<40
A/South Africa/4991/2014,A/Switzerland/9715293/2013,160
A/South Africa/5403/2014,A/Switzerland/9715293/2013,320
A/South Africa/5416/2014,A/Switzerland/9715293/2013,160
A/Perth/16/2009,A/Switzerland/9715293/2013,160
A/Victoria/361/2011,A/Switzerland/9715293/2013,160
A/Texas/50/2012,A/Switzerland/9715293/2013,1280
A/Samara/73/2013,A/Switzerland/9715293/2013,640
A/Hong Kong/146/2013,A/Switzerland/9715293/2013,1280
A/South Africa/4655/2013,A/Switzerland/9715293/2013,40
A/Stockholm/1/2013,A/Switzerland/9715293/2013,<40
A/Stockholm/6/2014,A/Switzerland/9715293/2013,160
A/Norway/466/2014,A/Switzerland/9715293/2013,160
A/Norway/466/2014,A/Switzerland/9715293/2013,2560
A/Norway/466/2014,A/Switzerland/9715293/2013,320
A/Switzerland/9715293/2013,A/Switzerland/9715293/2013,*
A/Switzerland/9715293/2013,A/Switzerland/9715293/2013,2560
A/South Africa/271/2014,A/Switzerland/9715293/2013,80
A/Kazakhstan/3661/2014,A/Switzerland/9715293/2013,40
A/Kazakhstan/3663/2014,A/Switzerland/9715293/2013,80
A/Kazakhstan/3666/2014,A/Switzerland/9715293/2013,160
A/Kazakhstan/3667/2014,A/Switzerland/9715293/2013,40
A/Valjevo/2029/2014,A/Switzerland/9715293/2013,320
A/Kragujevac/2337/2014,A/Switzerland/9715293/2013,80
A/Kragujevac/2340/2014,A/Switzerland/9715293/2013,160
A/Kragujevac/2378/2014,A/Switzerland/9715293/2013,160
A/Palau/6759/2014,A/Switzerland/9715293/2013,320
A/Belgrade/2668/2014,A/Switzerland/9715293/2013,160
A/South Africa/3761/2014,A/Switzerland/9715293/2013,80
A/South Africa/4090/2014,A/Switzerland/9715293/2013,160
A/South Africa/4371/2014,A/Switzerland/9715293/2013,160
A/South Africa/4100/2014,A/Switzerland/9715293/2013,80
A/South Africa/4370/2014,A/Switzerland/9715293/2013,80
A/South Africa/4374/2014,A/Switzerland/9715293/2013,80
A/South Africa/4569/2014,A/Switzerland/9715293/2013,160
A/South Africa/4766/2014,A/Switzerland/9715293/2013,160
A/South Africa/4934/2014,A/Switzerland/9715293/2013,<40
A/South Africa/4991/2014,A/Switzerland/9715293/2013,40
A/South Africa/5403/2014,A/Switzerland/9715293/2013,160
A/South Africa/5416/2014,A/Switzerland/9715293/2013,80
A/Perth/16/2009,A/Perth/16/2009,1280
A/Victoria/361/2011,A/Perth/16/2009,320
A/Texas/50/2012,A/Perth/16/2009,640
A/Samara/73/2013,A/Perth/16/2009,320
A/Hong Kong/146/2013,A/Perth/16/2009,640
A/South Africa/4655/2013,A/Perth/16/2009,80
A/Stockholm/1/2013,A/Perth/16/2009,80
A/Stockholm/6/2014,A/Perth/16/2009,<40
A/Norway/466/2014,A/Perth/16/2009,<40
A/Norway/466/2014,A/Perth/16/2009,<40
A/Kazakhstan/3393/2014,A/Perth/16/2009,80
A/Kazakhstan/3645/2014,A/Perth/16/2009,80
A/Belgrade/529/2014,A/Perth/16/2009,160
A/Sabac/630/2014,A/Perth/16/2009,160
A/Kazakhstan/3480/2014,A/Perth/16/2009,80
A/Kazakhstan/3698/2014,A/Perth/16/2009,80
A/Israel/Z1213/2014,A/Perth/16/2009,80
A/Nis/1059/2014,A/Perth/16/2009,160
A/Nis/1053/2014,A/Perth/16/2009,160
A/Nis/1055/2014,A/Perth/16/2009,160
A/Nis/1056/2014,A/Perth/16/2009,160
A/Nis/1057/2014,A/Perth/16/2009,160
A/Israel/Z1222/2014,A/Perth/16/2009,160
A/Israel/Z1257/2014,A/Perth/16/2009,80
A/Israel/Z1263/2014,A/Perth/16/2009,80
A/Israel/Z1267/2014,A/Perth/16/2009,80
A/Israel/Z1206/2014,A/Perth/16/2009,80
A/Israel/Z1227/2014,A/Perth/16/2009,40
A/Israel/Z1277/2014,A/Perth/16/2009,320
A/Sabac/1331/2014,A/Perth/16/2009,160
A/Pozarevac/1336/2014,A/Perth/16/2009,160
A/Sabac/1334/2014,A/Perth/16/2009,160
A/Kraljevo/1420/2014,A/Perth/16/2009,160
A/Belgrade/1417/2014,A/Perth/16/2009,80
A/Kazakhstan/3776/2014,A/Perth/16/2009,80
A/Lisboa/MS105/2014,A/Perth/16/2009,80
A/Extremadura/1753/2014,A/Perth/16/2009,80
A/Canarias/1686/2014,A/Perth/16/2009,160
A/Canarias/1687/2014,A/Perth/16/2009,80
A/Canarias/1688/2014,A/Perth/16/2009,80
A/Canarias/1689/2014,A/Perth/16/2009,80
A/Extremadura/1752/2014,A/Perth/16/2009,640
A/Extremadura/1749/2014,A/Perth/16/2009,160
A/South Africa/3622/2014,A/Perth/16/2009,80
A/Madrid/SO12318/2014,A/Perth/16/2009,80
A/Perth/16/2009,A/Victoria/361/2011,160
A/Victoria/361/2011,A/Victoria/361/2011,320
A/Texas/50/2012,A/Victoria/361/2011,1280
A/Samara/73/2013,A/Victoria/361/2011,320
A/Hong Kong/146/2013,A/Victoria/361/2011,640
A/South Africa/4655/2013,A/Victoria/361/2011,160
A/Stockholm/1/2013,A/Victoria/361/2011,80
A/Stockholm/6/2014,A/Victoria/361/2011,80
A/Norway/466/2014,A/Victoria/361/2011,40
A/Norway/466/2014,A/Victoria/361/2011,40
A/Kazakhstan/3393/2014,A/Victoria/361/2011,160
A/Kazakhstan/3645/2014,A/Victoria/361/2011,320
A/Belgrade/529/2014,A/Victoria/361/2011,320
A/Sabac/630/2014,A/Victoria/361/2011,320
A/Kazakhstan/3480/2014,A/Victoria/361/2011,320
A/Kazakhstan/3698/2014,A/Victoria/361/2011,320
A/Israel/Z1213/2014,A/Victoria/361/2011,320
A/Nis/1059/2014,A/Victoria/361/2011,320
A/Nis/1053/2014,A/Victoria/361/2011,320
A/Nis/1055/2014,A/Victoria/361/2011,320
A/Nis/1056/2014,A/Victoria/361/2011,320
A/Nis/1057/2014,A/Victoria/361/2011,320
A/Israel/Z1222/2014,A/Victoria/361/2011,320
A/Israel/Z1257/2014,A/Victoria/361/2011,160
A/Israel/Z1263/2014,A/Victoria/361/2011,320
A/Israel/Z1267/2014,A/Victoria/361/2011,320
A/Israel/Z1206/2014,A/Victoria/361/2011,320
A/Israel/Z1227/2014,A/Victoria/361/2011,160
A/Israel/Z1277/2014,A/Victoria/361/2011,640
A/Sabac/1331/2014,A/Victoria/361/2011,320
A/Pozarevac/1336/2014,A/Victoria/361/2011,320
A/Sabac/1334/2014,A/Victoria/361/2011,320
A/Kraljevo/1420/2014,A/Victoria/361/2011,320
A/Belgrade/1417/2014,A/Victoria/361/2011,320
A/Kazakhstan/3776/2014,A/Victoria/361/2011,320
A/Lisboa/MS105/2014,A/Victoria/361/2011,160
A/Extremadura/1753/2014,A/Victoria/361/2011,160
A/Canarias/1686/2014,A/Victoria/361/2011,160
A/Canarias/1687/2014,A/Victoria/361/2011,160
A/Canarias/1688/2014,A/Victoria/361/2011,160
A/Canarias/1689/2014,A/Victoria/361/2011,160
A/Extremadura/1752/2014,A/Victoria/361/2011,640
A/Extremadura/1749/2014,A/Victoria/361/2011,320
A/South Africa/3622/2014,A/Victoria/361/2011,160
A/Madrid/SO12318/2014,A/Victoria/361/2011,160
A/Perth/16/2009,A/Texas/50/2012,320
A/Victoria/361/2011,A/Texas/50/2012,320
A/Texas/50/2012,A/Texas/50/2012,1280
A/Samara/73/2013,A/Texas/50/2012,320
A/Hong Kong/146/2013,A/Texas/50/2012,640
A/South Africa/4655/2013,A/Texas/50/2012,320
A/Stockholm/1/2013,A/Texas/50/2012,160
A/Stockholm/6/2014,A/Texas/50/2012,80
A/Norway/466/2014,A/Texas/50/2012,40
A/Norway/466/2014,A/Texas/50/2012,40
A/Kazakhstan/3393/2014,A/Texas/50/2012,160
A/Kazakhstan/3645/2014,A/Texas/50/2012,160
A/Belgrade/529/2014,A/Texas/50/2012,320
A/Sabac/630/2014,A/Texas/50/2012,320
A/Kazakhstan/3480/2014,A/Texas/50/2012,160
A/Kazakhstan/3698/2014,A/Texas/50/2012,160
A/Israel/Z1213/2014,A/Texas/50/2012,160
A/Nis/1059/2014,A/Texas/50/2012,320
A/Nis/1053/2014,A/Texas/50/2012,320
A/Nis/1055/2014,A/Texas/50/2012,160
A/Nis/1056/2014,A/Texas/50/2012,320
A/Nis/1057/2014,A/Texas/50/2012,320
A/Israel/Z1222/2014,A/Texas/50/2012,320
A/Israel/Z1257/2014,A/Texas/50/2012,160
A/Israel/Z1263/2014,A/Texas/50/2012,320
A/Israel/Z1267/2014,A/Texas/50/2012,320
A/Israel/Z1206/2014,A/Texas/50/2012,160
A/Israel/Z1227/2014,A/Texas/50/2012,80
A/Israel/Z1277/2014,A/Texas/50/2012,320
A/Sabac/1331/2014,A/Texas/50/2012,320
A/Pozarevac/1336/2014,A/Texas/50/2012,320
A/Sabac/1334/2014,A/Texas/50/2012,320
A/Kraljevo/1420/2014,A/Texas/50/2012,320
A/Belgrade/1417/2014,A/Texas/50/2012,160
A/Kazakhstan/3776/2014,A/Texas/50/2012,160
A/Lisboa/MS105/2014,A/Texas/50/2012,160
A/Extremadura/1753/2014,A/Texas/50/2012,160
A/Canarias/1686/2014,A/Texas/50/2012,320
A/Canarias/1687/2014,A/Texas/50/2012,160
A/Canarias/1688/2014,A/Texas/50/2012,160
A/Canarias/1689/2014,A/Texas/50/2012,160
A/Extremadura/1752/2014,A/Texas/50/2012,640
A/Extremadura/1749/2014,A/Texas/50/2012,320
A/South Africa/3622/2014,A/Texas/50/2012,160
A/Madrid/SO12318/2014,A/Texas/50/2012,160
A/Perth/16/2009,A/Samara/73/2013,160
A/Victoria/361/2011,A/Samara/73/2013,1280
A/Texas/50/2012,A/Samara/73/2013,1280
A/Samara/73/2013,A/Samara/73/2013,1280
A/Hong Kong/146/2013,A/Samara/73/2013,1280
A/South Africa/4655/2013,A/Samara/73/2013,640
A/Stockholm/1/2013,A/Samara/73/2013,320
A/Stockholm/6/2014,A/Samara/73/2013,320
A/Norway/466/2014,A/Samara/73/2013,160
A/Norway/466/2014,A/Samara/73/2013,80
A/Kazakhstan/3393/2014,A/Samara/73/2013,320
A/Kazakhstan/3645/2014,A/Samara/73/2013,640
A/Belgrade/529/2014,A/Samara/73/2013,640
A/Sabac/630/2014,A/Samara/73/2013,1280
A/Kazakhstan/3480/2014,A/Samara/73/2013,640
A/Kazakhstan/3698/2014,A/Samara/73/2013,640
A/Israel/Z1213/2014,A/Samara/73/2013,640
A/Nis/1059/2014,A/Samara/73/2013,1280
A/Nis/1053/2014,A/Samara/73/2013,640
A/Nis/1055/2014,A/Samara/73/2013,640
A/Nis/1056/2014,A/Samara/73/2013,640
A/Nis/1057/2014,A/Samara/73/2013,1280
A/Israel/Z1222/2014,A/Samara/73/2013,640
A/Israel/Z1257/2014,A/Samara/73/2013,640
A/Israel/Z1263/2014,A/Samara/73/2013,640
A/Israel/Z1267/2014,A/Samara/73/2013,640
A/Israel/Z1206/2014,A/Samara/73/2013,640
A/Israel/Z1227/2014,A/Samara/73/2013,320
A/Israel/Z1277/2014,A/Samara/73/2013,1280
A/Sabac/1331/2014,A/Samara/73/2013,1280
A/Pozarevac/1336/2014,A/Samara/73/2013,1280
A/Sabac/1334/2014,A/Samara/73/2013,640
A/Kraljevo/1420/2014,A/Samara/73/2013,640
A/Belgrade/1417/2014,A/Samara/73/2013,640
A/Kazakhstan/3776/2014,A/Samara/73/2013,640
A/Lisboa/MS105/2014,A/Samara/73/2013,320
A/Extremadura/1753/2014,A/Samara/73/2013,640
A/Canarias/1686/2014,A/Samara/73/2013,640
A/Canarias/1687/2014,A/Samara/73/2013,320
A/Canarias/1688/2014,A/Samara/73/2013,640
A/Canarias/1689/2014,A/Samara/73/2013,320
A/Extremadura/1752/2014,A/Samara/73/2013,1280
A/Extremadura/1749/2014,A/Samara/73/2013,640
A/South Africa/3622/2014,A/Samara/73/2013,640
A/Madrid/SO12318/2014,A/Samara/73/2013,320
A/Perth/16/2009,A/Hong Kong/146/2013,320
A/Victoria/361/2011,A/Hong Kong/146/2013,640
A/Texas/50/2012,A/Hong Kong/146/2013,1280
A/Samara/73/2013,A/Hong Kong/146/2013,640
A/Hong Kong/146/2013,A/Hong Kong/146/2013,2560
A/South Africa/4655/2013,A/Hong Kong/146/2013,640
A/Stockholm/1/2013,A/Hong Kong/146/2013,320
A/Stockholm/6/2014,A/Hong Kong/146/2013,160
A/Norway/466/2014,A/Hong Kong/146/2013,80
A/Norway/466/2014,A/Hong Kong/146/2013,80
A/Kazakhstan/3393/2014,A/Hong Kong/146/2013,320
A/Kazakhstan/3645/2014,A/Hong Kong/146/2013,320
A/Belgrade/529/2014,A/Hong Kong/146/2013,640
A/Sabac/630/2014,A/Hong Kong/146/2013,640
A/Kazakhstan/3480/2014,A/Hong Kong/146/2013,320
A/Kazakhstan/3698/2014,A/Hong Kong/146/2013,320
A/Israel/Z1213/2014,A/Hong Kong/146/2013,320
A/Nis/1059/2014,A/Hong Kong/146/2013,640
A/Nis/1053/2014,A/Hong Kong/146/2013,320
A/Nis/1055/2014,A/Hong Kong/146/2013,320
A/Nis/1056/2014,A/Hong Kong/146/2013,320
A/Nis/1057/2014,A/Hong Kong/146/2013,640
A/Israel/Z1222/2014,A/Hong Kong/146/2013,640
A/Israel/Z1257/2014,A/Hong Kong/146/2013,320
A/Israel/Z1263/2014,A/Hong Kong/146/2013,320
A/Israel/Z1267/2014,A/Hong Kong/146/2013,320
A/Israel/Z1206/2014,A/Hong Kong/146/2013,320
A/Israel/Z1227/2014,A/Hong Kong/146/2013,160
A/Israel/Z1277/2014,A/Hong Kong/146/2013,640
A/Sabac/1331/2014,A/Hong Kong/146/2013,640
A/Pozarevac/1336/2014,A/Hong Kong/146/2013,640
A/Sabac/1334/2014,A/Hong Kong/146/2013,640
A/Kraljevo/1420/2014,A/Hong Kong/146/2013,640
A/Belgrade/1417/2014,A/Hong Kong/146/2013,320
A/Kazakhstan/3776/2014,A/Hong Kong/146/2013,320
A/Lisboa/MS105/2014,A/Hong Kong/146/2013,160
A/Extremadura/1753/2014,A/Hong Kong/146/2013,160
A/Canarias/1686/2014,A/Hong Kong/146/2013,320
A/Canarias/1687/2014,A/Hong Kong/146/2013,160
A/Canarias/1688/2014,A/Hong Kong/146/2013,160
A/Canarias/1689/2014,A/Hong Kong/146/2013,160
A/Extremadura/1752/2014,A/Hong Kong/146/2013,640
A/Extremadura/1749/2014,A/Hong Kong/146/2013,640
A/South Africa/3622/2014,A/Hong Kong/146/2013,320
A/Madrid/SO12318/2014,A/Hong Kong/146/2013,160
A/Perth/16/2009,A/South Africa/4655/2013,40
A/Victoria/361/2011,A/South Africa/4655/2013,160
A/Texas/50/2012,A/South Africa/4655/2013,160
A/Samara/73/2013,A/South Africa/4655/2013,160
A/Hong Kong/146/2013,A/South Africa/4655/2013,160
A/South Africa/4655/2013,A/South Africa/4655/2013,640
A/Stockholm/1/2013,A/South Africa/4655/2013,320
A/Stockholm/6/2014,A/South Africa/4655/2013,80
A/Norway/466/2014,A/South Africa/4655/2013,40
A/Norway/466/2014,A/South Africa/4655/2013,<40
A/Kazakhstan/3393/2014,A/South Africa/4655/2013,80
A/Kazakhstan/3645/2014,A/South Africa/4655/2013,80
A/Belgrade/529/2014,A/South Africa/4655/2013,160
A/Sabac/630/2014,A/South Africa/4655/2013,160
A/Kazakhstan/3480/2014,A/South Africa/4655/2013,80
A/Kazakhstan/3698/2014,A/South Africa/4655/2013,160
A/Israel/Z1213/2014,A/South Africa/4655/2013,320
A/Nis/1059/2014,A/South Africa/4655/2013,320
A/Nis/1053/2014,A/South Africa/4655/2013,320
A/Nis/1055/2014,A/South Africa/4655/2013,320
A/Nis/1056/2014,A/South Africa/4655/2013,320
A/Nis/1057/2014,A/South Africa/4655/2013,320
A/Israel/Z1222/2014,A/South Africa/4655/2013,160
A/Israel/Z1257/2014,A/South Africa/4655/2013,80
A/Israel/Z1263/2014,A/South Africa/4655/2013,80
A/Israel/Z1267/2014,A/South Africa/4655/2013,320
A/Israel/Z1206/2014,A/South Africa/4655/2013,80
A/Israel/Z1227/2014,A/South Africa/4655/2013,40
A/Israel/Z1277/2014,A/South Africa/4655/2013,160
A/Sabac/1331/2014,A/South Africa/4655/2013,320
A/Pozarevac/1336/2014,A/South Africa/4655/2013,320
A/Sabac/1334/2014,A/South Africa/4655/2013,320
A/Kraljevo/1420/2014,A/South Africa/4655/2013,320
A/Belgrade/1417/2014,A/South Africa/4655/2013,320
A/Kazakhstan/3776/2014,A/South Africa/4655/2013,80
A/Lisboa/MS105/2014,A/South Africa/4655/2013,80
A/Extremadura/1753/2014,A/South Africa/4655/2013,40
A/Canarias/1686/2014,A/South Africa/4655/2013,80
A/Canarias/1687/2014,A/South Africa/4655/2013,40
A/Canarias/1688/2014,A/South Africa/4655/2013,40
A/Canarias/1689/2014,A/South Africa/4655/2013,40
A/Extremadura/1752/2014,A/South Africa/4655/2013,160
A/Extremadura/1749/2014,A/South Africa/4655/2013,160
A/South Africa/3622/2014,A/South Africa/4655/2013,80
A/Madrid/SO12318/2014,A/South Africa/4655/2013,40
A/Perth/16/2009,A/Stockholm/1/2013,160
A/Victoria/361/2011,A/Stockholm/1/2013,320
A/Texas/50/2012,A/Stockholm/1/2013,320
A/Samara/73/2013,A/Stockholm/1/2013,320
A/Hong Kong/146/2013,A/Stockholm/1/2013,320
A/South Africa/4655/2013,A/Stockholm/1/2013,640
A/Stockholm/1/2013,A/Stockholm/1/2013,320
A/Stockholm/6/2014,A/Stockholm/1/2013,160
A/Norway/466/2014,A/Stockholm/1/2013,80
A/Norway/466/2014,A/Stockholm/1/2013,<40
A/Kazakhstan/3393/2014,A/Stockholm/1/2013,160
A/Kazakhstan/3645/2014,A/Stockholm/1/2013,320
A/Belgrade/529/2014,A/Stockholm/1/2013,320
A/Sabac/630/2014,A/Stockholm/1/2013,320
A/Kazakhstan/3480/2014,A/Stockholm/1/2013,160
A/Kazakhstan/3698/2014,A/Stockholm/1/2013,320
A/Israel/Z1213/2014,A/Stockholm/1/2013,320
A/Nis/1059/2014,A/Stockholm/1/2013,320
A/Nis/1053/2014,A/Stockholm/1/2013,320
A/Nis/1055/2014,A/Stockholm/1/2013,320
A/Nis/1056/2014,A/Stockholm/1/2013,320
A/Nis/1057/2014,A/Stockholm/1/2013,320
A/Israel/Z1222/2014,A/Stockholm/1/2013,320
A/Israel/Z1257/2014,A/Stockholm/1/2013,160
A/Israel/Z1263/2014,A/Stockholm/1/2013,320
A/Israel/Z1267/2014,A/Stockholm/1/2013,320
A/Israel/Z1206/2014,A/Stockholm/1/2013,160
A/Israel/Z1227/2014,A/Stockholm/1/2013,80
A/Israel/Z1277/2014,A/Stockholm/1/2013,320
A/Sabac/1331/2014,A/Stockholm/1/2013,320
A/Pozarevac/1336/2014,A/Stockholm/1/2013,320
A/Sabac/1334/2014,A/Stockholm/1/2013,320
A/Kraljevo/1420/2014,A/Stockholm/1/2013,320
A/Belgrade/1417/2014,A/Stockholm/1/2013,320
A/Kazakhstan/3776/2014,A/Stockholm/1/2013,320
A/Lisboa/MS105/2014,A/Stockholm/1/2013,160
A/Extremadura/1753/2014,A/Stockholm/1/2013,80
A/Canarias/1686/2014,A/Stockholm/1/2013,160
A/Canarias/1687/2014,A/Stockholm/1/2013,80
A/Canarias/1688/2014,A/Stockholm/1/2013,80
A/Canarias/1689/2014,A/Stockholm/1/2013,80
A/Extremadura/1752/2014,A/Stockholm/1/2013,320
A/Extremadura/1749/2014,A/Stockholm/1/2013,320
A/South Africa/3622/2014,A/Stockholm/1/2013,160
A/Madrid/SO12318/2014,A/Stockholm/1/2013,80
A/Perth/16/2009,A/Stockholm/6/2014,80
A/Victoria/361/2011,A/Stockholm/6/2014,640
A/Texas/50/2012,A/Stockholm/6/2014,320
A/Samara/73/2013,A/Stockholm/6/2014,1280
A/Hong Kong/146/2013,A/Stockholm/6/2014,160
A/South Africa/4655/2013,A/Stockholm/6/2014,320
A/Stockholm/1/2013,A/Stockholm/6/2014,160
A/Stockholm/6/2014,A/Stockholm/6/2014,640
A/Norway/466/2014,A/Stockholm/6/2014,640
A/Norway/466/2014,A/Stockholm/6/2014,320
A/Kazakhstan/3393/2014,A/Stockholm/6/2014,320
A/Kazakhstan/3645/2014,A/Stockholm/6/2014,640
A/Belgrade/529/2014,A/Stockholm/6/2014,1280
A/Sabac/630/2014,A/Stockholm/6/2014,1280
A/Kazakhstan/3480/2014,A/Stockholm/6/2014,640
A/Kazakhstan/3698/2014,A/Stockholm/6/2014,640
A/Israel/Z1213/2014,A/Stockholm/6/2014,640
A/Nis/1059/2014,A/Stockholm/6/2014,640
A/Nis/1053/2014,A/Stockholm/6/2014,1280
A/Nis/1055/2014,A/Stockholm/6/2014,640
A/Nis/1056/2014,A/Stockholm/6/2014,640
A/Nis/1057/2014,A/Stockholm/6/2014,1280
A/Israel/Z1222/2014,A/Stockholm/6/2014,640
A/Israel/Z1257/2014,A/Stockholm/6/2014,640
A/Israel/Z1263/2014,A/Stockholm/6/2014,640
A/Israel/Z1267/2014,A/Stockholm/6/2014,1280
A/Israel/Z1206/2014,A/Stockholm/6/2014,320
A/Israel/Z1227/2014,A/Stockholm/6/2014,320
A/Israel/Z1277/2014,A/Stockholm/6/2014,1280
A/Sabac/1331/2014,A/Stockholm/6/2014,1280
A/Pozarevac/1336/2014,A/Stockholm/6/2014,1280
A/Sabac/1334/2014,A/Stockholm/6/2014,1280
A/Kraljevo/1420/2014,A/Stockholm/6/2014,1280
A/Belgrade/1417/2014,A/Stockholm/6/2014,640
A/Kazakhstan/3776/2014,A/Stockholm/6/2014,640
A/Lisboa/MS105/2014,A/Stockholm/6/2014,320
A/Extremadura/1753/2014,A/Stockholm/6/2014,160
A/Canarias/1686/2014,A/Stockholm/6/2014,640
A/Canarias/1687/2014,A/Stockholm/6/2014,320
A/Canarias/1688/2014,A/Stockholm/6/2014,320
A/Canarias/1689/2014,A/Stockholm/6/2014,320
A/Extremadura/1752/2014,A/Stockholm/6/2014,1280
A/Extremadura/1749/2014,A/Stockholm/6/2014,1280
A/South Africa/3622/2014,A/Stockholm/6/2014,640
A/Madrid/SO12318/2014,A/Stockholm/6/2014,320
A/Perth/16/2009,A/Norway/466/2014,40
A/Victoria/361/2011,A/Norway/466/2014,320
A/Texas/50/2012,A/Norway/466/2014,80
A/Samara/73/2013,A/Norway/466/2014,320
A/Hong Kong/146/2013,A/Norway/466/2014,160
A/South Africa/4655/2013,A/Norway/466/2014,160
A/Stockholm/1/2013,A/Norway/466/2014,80
A/Stockholm/6/2014,A/Norway/466/2014,320
A/Norway/466/2014,A/Norway/466/2014,320
A/Norway/466/2014,A/Norway/466/2014,160
A/Kazakhstan/3393/2014,A/Norway/466/2014,160
A/Kazakhstan/3645/2014,A/Norway/466/2014,320
A/Belgrade/529/2014,A/Norway/466/2014,640
A/Sabac/630/2014,A/Norway/466/2014,640
A/Kazakhstan/3480/2014,A/Norway/466/2014,320
A/Kazakhstan/3698/2014,A/Norway/466/2014,320
A/Israel/Z1213/2014,A/Norway/466/2014,320
A/Nis/1059/2014,A/Norway/466/2014,320
A/Nis/1053/2014,A/Norway/466/2014,320
A/Nis/1055/2014,A/Norway/466/2014,320
A/Nis/1056/2014,A/Norway/466/2014,320
A/Nis/1057/2014,A/Norway/466/2014,640
A/Israel/Z1222/2014,A/Norway/466/2014,320
A/Israel/Z1257/2014,A/Norway/466/2014,320
A/Israel/Z1263/2014,A/Norway/466/2014,320
A/Israel/Z1267/2014,A/Norway/466/2014,320
A/Israel/Z1206/2014,A/Norway/466/2014,320
A/Israel/Z1227/2014,A/Norway/466/2014,160
A/Israel/Z1277/2014,A/Norway/466/2014,640
A/Sabac/1331/2014,A/Norway/466/2014,320
A/Pozarevac/1336/2014,A/Norway/466/2014,640
A/Sabac/1334/2014,A/Norway/466/2014,640
A/Kraljevo/1420/2014,A/Norway/466/2014,320
A/Belgrade/1417/2014,A/Norway/466/2014,320
A/Kazakhstan/3776/2014,A/Norway/466/2014,320
A/Lisboa/MS105/2014,A/Norway/466/2014,320
A/Extremadura/1753/2014,A/Norway/466/2014,160
A/Canarias/1686/2014,A/Norway/466/2014,320
A/Canarias/1687/2014,A/Norway/466/2014,320
A/Canarias/1688/2014,A/Norway/466/2014,320
A/Canarias/1689/2014,A/Norway/466/2014,320
A/Extremadura/1752/2014,A/Norway/466/2014,640
A/Extremadura/1749/2014,A/Norway/466/2014,640
A/South Africa/3622/2014,A/Norway/466/2014,320
A/Madrid/SO12318/2014,A/Norway/466/2014,320
A/Perth/16/2009,A/Norway/466/2014,<40
A/Victoria/361/2011,A/Norway/466/2014,160
A/Texas/50/2012,A/Norway/466/2014,320
A/Samara/73/2013,A/Norway/466/2014,320
A/Hong Kong/146/2013,A/Norway/466/2014,320
A/South Africa/4655/2013,A/Norway/466/2014,80
A/Stockholm/1/2013,A/Norway/466/2014,80
A/Stockholm/6/2014,A/Norway/466/2014,160
A/Norway/466/2014,A/Norway/466/2014,80
A/Norway/466/2014,A/Norway/466/2014,160
A/Kazakhstan/3393/2014,A/Norway/466/2014,40
A/Kazakhstan/3645/2014,A/Norway/466/2014,40
A/Belgrade/529/2014,A/Norway/466/2014,160
A/Sabac/630/2014,A/Norway/466/2014,160
A/Kazakhstan/3480/2014,A/Norway/466/2014,80
A/Kazakhstan/3698/2014,A/Norway/466/2014,80
A/Israel/Z1213/2014,A/Norway/466/2014,80
A/Nis/1059/2014,A/Norway/466/2014,160
A/Nis/1053/2014,A/Norway/466/2014,160
A/Nis/1055/2014,A/Norway/466/2014,160
A/Nis/1056/2014,A/Norway/466/2014,160
A/Nis/1057/2014,A/Norway/466/2014,160
A/Israel/Z1222/2014,A/Norway/466/2014,160
A/Israel/Z1257/2014,A/Norway/466/2014,40
A/Israel/Z1263/2014,A/Norway/466/2014,80
A/Israel/Z1267/2014,A/Norway/466/2014,160
A/Israel/Z1206/2014,A/Norway/466/2014,40
A/Israel/Z1227/2014,A/Norway/466/2014,<40
A/Israel/Z1277/2014,A/Norway/466/2014,160
A/Sabac/1331/2014,A/Norway/466/2014,160
A/Pozarevac/1336/2014,A/Norway/466/2014,160
A/Sabac/1334/2014,A/Norway/466/2014,160
A/Kraljevo/1420/2014,A/Norway/466/2014,160
A/Belgrade/1417/2014,A/Norway/466/2014,80
A/Kazakhstan/3776/2014,A/Norway/466/2014,80
A/Lisboa/MS105/2014,A/Norway/466/2014,40
A/Extremadura/1753/2014,A/Norway/466/2014,<40
A/Canarias/1686/2014,A/Norway/466/2014,80
A/Canarias/1687/2014,A/Norway/466/2014,40
A/Canarias/1688/2014,A/Norway/466/2014,40
A/Canarias/1689/2014,A/Norway/466/2014,40
A/Extremadura/1752/2014,A/Norway/466/2014,320
A/Extremadura/1749/2014,A/Norway/466/2014,160
A/South Africa/3622/2014,A/Norway/466/2014,80
A/Madrid/SO12318/2014,A/Norway/466/2014,<40
A/Perth/16/2009,A/Perth/16/2009,1280
A/Victoria/361/2011,A/Perth/16/2009,160
A/Texas/50/2012,A/Perth/16/2009,1280
A/Samara/73/2013,A/Perth/16/2009,640
A/Hong Kong/146/2013,A/Perth/16/2009,1280
A/South Africa/4655/2013,A/Perth/16/2009,80
A/Stockholm/1/2013,A/Perth/16/2009,40
A/Stockholm/6/2014,A/Perth/16/2009,<40
A/Norway/466/2014,A/Perth/16/2009,<40
A/Norway/466/2014,A/Perth/16/2009,<40
A/Israel/Z938/2014,A/Perth/16/2009,80
A/Israel/Z941/2014,A/Perth/16/2009,40
A/Israel/Z1035/2014,A/Perth/16/2009,40
A/Israel/Z1048/2014,A/Perth/16/2009,40
A/Israel/Z1047/2014,A/Perth/16/2009,40
A/Kazakhstan/3602/2014,A/Perth/16/2009,80
A/Israel/Z1225/2014,A/Perth/16/2009,80
A/Kazakhstan/3603/2014,A/Perth/16/2009,40
A/Kazakhstan/3605/2014,A/Perth/16/2009,40
A/Kazakhstan/3606/2014,A/Perth/16/2009,40
A/Kazakhstan/3597/2014,A/Perth/16/2009,80
A/Lisboa/SU540/2014,A/Perth/16/2009,80
A/Lisboa/MS102/2014,A/Perth/16/2009,<40
A/Galicia/1786/2014,A/Perth/16/2009,40
A/Perth/16/2009,A/Victoria/361/2011,160
A/Victoria/361/2011,A/Victoria/361/2011,320
A/Texas/50/2012,A/Victoria/361/2011,1280
A/Samara/73/2013,A/Victoria/361/2011,640
A/Hong Kong/146/2013,A/Victoria/361/2011,1280
A/South Africa/4655/2013,A/Victoria/361/2011,80
A/Stockholm/1/2013,A/Victoria/361/2011,40
A/Stockholm/6/2014,A/Victoria/361/2011,80
A/Norway/466/2014,A/Victoria/361/2011,40
A/Norway/466/2014,A/Victoria/361/2011,40
A/Israel/Z938/2014,A/Victoria/361/2011,160
A/Israel/Z941/2014,A/Victoria/361/2011,160
A/Israel/Z1035/2014,A/Victoria/361/2011,160
A/Israel/Z1048/2014,A/Victoria/361/2011,160
A/Israel/Z1047/2014,A/Victoria/361/2011,160
A/Kazakhstan/3602/2014,A/Victoria/361/2011,160
A/Israel/Z1225/2014,A/Victoria/361/2011,160
A/Kazakhstan/3603/2014,A/Victoria/361/2011,80
A/Kazakhstan/3605/2014,A/Victoria/361/2011,80
A/Kazakhstan/3606/2014,A/Victoria/361/2011,160
A/Kazakhstan/3597/2014,A/Victoria/361/2011,160
A/Lisboa/SU540/2014,A/Victoria/361/2011,80
A/Lisboa/MS102/2014,A/Victoria/361/2011,80
A/Galicia/1786/2014,A/Victoria/361/2011,80
A/Perth/16/2009,A/Texas/50/2012,320
A/Victoria/361/2011,A/Texas/50/2012,320
A/Texas/50/2012,A/Texas/50/2012,1280
A/Samara/73/2013,A/Texas/50/2012,320
A/Hong Kong/146/2013,A/Texas/50/2012,1280
A/South Africa/4655/2013,A/Texas/50/2012,160
A/Stockholm/1/2013,A/Texas/50/2012,160
A/Stockholm/6/2014,A/Texas/50/2012,40
A/Norway/466/2014,A/Texas/50/2012,40
A/Norway/466/2014,A/Texas/50/2012,40
A/Israel/Z938/2014,A/Texas/50/2012,160
A/Israel/Z941/2014,A/Texas/50/2012,80
A/Israel/Z1035/2014,A/Texas/50/2012,80
A/Israel/Z1048/2014,A/Texas/50/2012,160
A/Israel/Z1047/2014,A/Texas/50/2012,160
A/Kazakhstan/3602/2014,A/Texas/50/2012,160
A/Israel/Z1225/2014,A/Texas/50/2012,160
A/Kazakhstan/3603/2014,A/Texas/50/2012,80
A/Kazakhstan/3605/2014,A/Texas/50/2012,80
A/Kazakhstan/3606/2014,A/Texas/50/2012,80
A/Kazakhstan/3597/2014,A/Texas/50/2012,80
A/Lisboa/SU540/2014,A/Texas/50/2012,80
A/Lisboa/MS102/2014,A/Texas/50/2012,80
A/Galicia/1786/2014,A/Texas/50/2012,80
A/Perth/16/2009,A/Samara/73/2013,320
A/Victoria/361/2011,A/Samara/73/2013,1280
A/Texas/50/2012,A/Samara/73/2013,1280
A/Samara/73/2013,A/Samara/73/2013,1280
A/Hong Kong/146/2013,A/Samara/73/2013,1280
A/South Africa/4655/2013,A/Samara/73/2013,640
A/Stockholm/1/2013,A/Samara/73/2013,320
A/Stockholm/6/2014,A/Samara/73/2013,320
A/Norway/466/2014,A/Samara/73/2013,160
A/Norway/466/2014,A/Samara/73/2013,40
A/Israel/Z938/2014,A/Samara/73/2013,320
A/Israel/Z941/2014,A/Samara/73/2013,320
A/Israel/Z1035/2014,A/Samara/73/2013,320
A/Israel/Z1048/2014,A/Samara/73/2013,320
A/Israel/Z1047/2014,A/Samara/73/2013,640
A/Kazakhstan/3602/2014,A/Samara/73/2013,640
A/Israel/Z1225/2014,A/Samara/73/2013,320
A/Kazakhstan/3603/2014,A/Samara/73/2013,320
A/Kazakhstan/3605/2014,A/Samara/73/2013,320
A/Kazakhstan/3606/2014,A/Samara/73/2013,320
A/Kazakhstan/3597/2014,A/Samara/73/2013,320
A/Lisboa/SU540/2014,A/Samara/73/2013,320
A/Lisboa/MS102/2014,A/Samara/73/2013,320
A/Galicia/1786/2014,A/Samara/73/2013,320
A/Perth/16/2009,A/Hong Kong/146/2013,320
A/Victoria/361/2011,A/Hong Kong/146/2013,320
A/Texas/50/2012,A/Hong Kong/146/2013,1280
A/Samara/73/2013,A/Hong Kong/146/2013,1280
A/Hong Kong/146/2013,A/Hong Kong/146/2013,2560
A/South Africa/4655/2013,A/Hong Kong/146/2013,640
A/Stockholm/1/2013,A/Hong Kong/146/2013,320
A/Stockholm/6/2014,A/Hong Kong/146/2013,160
A/Norway/466/2014,A/Hong Kong/146/2013,80
A/Norway/466/2014,A/Hong Kong/146/2013,40
A/Israel/Z938/2014,A/Hong Kong/146/2013,320
A/Israel/Z941/2014,A/Hong Kong/146/2013,160
A/Israel/Z1035/2014,A/Hong Kong/146/2013,160
A/Israel/Z1048/2014,A/Hong Kong/146/2013,320
A/Israel/Z1047/2014,A/Hong Kong/146/2013,320
A/Kazakhstan/3602/2014,A/Hong Kong/146/2013,160
A/Israel/Z1225/2014,A/Hong Kong/146/2013,320
A/Kazakhstan/3603/2014,A/Hong Kong/146/2013,160
A/Kazakhstan/3605/2014,A/Hong Kong/146/2013,160
A/Kazakhstan/3606/2014,A/Hong Kong/146/2013,160
A/Kazakhstan/3597/2014,A/Hong Kong/146/2013,320
A/Lisboa/SU540/2014,A/Hong Kong/146/2013,160
A/Lisboa/MS102/2014,A/Hong Kong/146/2013,160
A/Galicia/1786/2014,A/Hong Kong/146/2013,80
A/Perth/16/2009,A/South Africa/4655/2013,80
A/Victoria/361/2011,A/South Africa/4655/2013,320
A/Texas/50/2012,A/South Africa/4655/2013,160
A/Samara/73/2013,A/South Africa/4655/2013,1280
A/Hong Kong/146/2013,A/South Africa/4655/2013,640
A/South Africa/4655/2013,A/South Africa/4655/2013,160
A/Stockholm/1/2013,A/South Africa/4655/2013,80
A/Stockholm/6/2014,A/South Africa/4655/2013,40
A/Norway/466/2014,A/South Africa/4655/2013,<40
A/Norway/466/2014,A/South Africa/4655/2013,<40
A/Israel/Z938/2014,A/South Africa/4655/2013,80
A/Israel/Z941/2014,A/South Africa/4655/2013,80
A/Israel/Z1035/2014,A/South Africa/4655/2013,40
A/Israel/Z1048/2014,A/South Africa/4655/2013,80
A/Israel/Z1047/2014,A/South Africa/4655/2013,80
A/Kazakhstan/3602/2014,A/South Africa/4655/2013,80
A/Israel/Z1225/2014,A/South Africa/4655/2013,80
A/Kazakhstan/3603/2014,A/South Africa/4655/2013,40
A/Kazakhstan/3605/2014,A/South Africa/4655/2013,40
A/Kazakhstan/3606/2014,A/South Africa/4655/2013,80
A/Kazakhstan/3597/2014,A/South Africa/4655/2013,80
A/Lisboa/SU540/2014,A/South Africa/4655/2013,40
A/Lisboa/MS102/2014,A/South Africa/4655/2013,40
A/Galicia/1786/2014,A/South Africa/4655/2013,40
A/Perth/16/2009,A/Stockholm/1/2013,80
A/Victoria/361/2011,A/Stockholm/1/2013,160
A/Texas/50/2012,A/Stockholm/1/2013,160
A/Samara/73/2013,A/Stockholm/1/2013,320
A/Hong Kong/146/2013,A/Stockholm/1/2013,320
A/South Africa/4655/2013,A/Stockholm/1/2013,320
A/Stockholm/1/2013,A/Stockholm/1/2013,320
A/Stockholm/6/2014,A/Stockholm/1/2013,80
A/Norway/466/2014,A/Stockholm/1/2013,80
A/Norway/466/2014,A/Stockholm/1/2013,<40
A/Israel/Z938/2014,A/Stockholm/1/2013,160
A/Israel/Z941/2014,A/Stockholm/1/2013,160
A/Israel/Z1035/2014,A/Stockholm/1/2013,160
A/Israel/Z1048/2014,A/Stockholm/1/2013,160
A/Israel/Z1047/2014,A/Stockholm/1/2013,160
A/Kazakhstan/3602/2014,A/Stockholm/1/2013,160
A/Israel/Z1225/2014,A/Stockholm/1/2013,160
A/Kazakhstan/3603/2014,A/Stockholm/1/2013,80
A/Kazakhstan/3605/2014,A/Stockholm/1/2013,80
A/Kazakhstan/3606/2014,A/Stockholm/1/2013,160
A/Kazakhstan/3597/2014,A/Stockholm/1/2013,160
A/Lisboa/SU540/2014,A/Stockholm/1/2013,80
A/Lisboa/MS102/2014,A/Stockholm/1/2013,80
A/Galicia/1786/2014,A/Stockholm/1/2013,80
A/Perth/16/2009,A/Stockholm/6/2014,160
A/Victoria/361/2011,A/Stockholm/6/2014,640
A/Texas/50/2012,A/Stockholm/6/2014,320
A/Samara/73/2013,A/Stockholm/6/2014,1280
A/Hong Kong/146/2013,A/Stockholm/6/2014,160
A/South Africa/4655/2013,A/Stockholm/6/2014,320
A/Stockholm/1/2013,A/Stockholm/6/2014,160
A/Stockholm/6/2014,A/Stockholm/6/2014,640
A/Norway/466/2014,A/Stockholm/6/2014,640
A/Norway/466/2014,A/Stockholm/6/2014,160
A/Israel/Z938/2014,A/Stockholm/6/2014,640
A/Israel/Z941/2014,A/Stockholm/6/2014,640
A/Israel/Z1035/2014,A/Stockholm/6/2014,320
A/Israel/Z1048/2014,A/Stockholm/6/2014,320
A/Israel/Z1047/2014,A/Stockholm/6/2014,640
A/Kazakhstan/3602/2014,A/Stockholm/6/2014,640
A/Israel/Z1225/2014,A/Stockholm/6/2014,320
A/Kazakhstan/3603/2014,A/Stockholm/6/2014,320
A/Kazakhstan/3605/2014,A/Stockholm/6/2014,320
A/Kazakhstan/3606/2014,A/Stockholm/6/2014,320
A/Kazakhstan/3597/2014,A/Stockholm/6/2014,640
A/Lisboa/SU540/2014,A/Stockholm/6/2014,80
A/Lisboa/MS102/2014,A/Stockholm/6/2014,320
A/Galicia/1786/2014,A/Stockholm/6/2014,320
A/Perth/16/2009,A/Norway/466/2014,40
A/Victoria/361/2011,A/Norway/466/2014,320
A/Texas/50/2012,A/Norway/466/2014,80
A/Samara/73/2013,A/Norway/466/2014,320
A/Hong Kong/146/2013,A/Norway/466/2014,80
A/South Africa/4655/2013,A/Norway/466/2014,80
A/Stockholm/1/2013,A/Norway/466/2014,40
A/Stockholm/6/2014,A/Norway/466/2014,160
A/Norway/466/2014,A/Norway/466/2014,160
A/Norway/466/2014,A/Norway/466/2014,160
A/Israel/Z938/2014,A/Norway/466/2014,160
A/Israel/Z941/2014,A/Norway/466/2014,160
A/Israel/Z1035/2014,A/Norway/466/2014,160
A/Israel/Z1048/2014,A/Norway/466/2014,320
A/Israel/Z1047/2014,A/Norway/466/2014,320
A/Kazakhstan/3602/2014,A/Norway/466/2014,320
A/Israel/Z1225/2014,A/Norway/466/2014,160
A/Kazakhstan/3603/2014,A/Norway/466/2014,160
A/Kazakhstan/3605/2014,A/Norway/466/2014,160
A/Kazakhstan/3606/2014,A/Norway/466/2014,160
A/Kazakhstan/3597/2014,A/Norway/466/2014,320
A/Lisboa/SU540/2014,A/Norway/466/2014,160
A/Lisboa/MS102/2014,A/Norway/466/2014,160
A/Galicia/1786/2014,A/Norway/466/2014,160
A/Perth/16/2009,A/Norway/466/2014,<40
A/Victoria/361/2011,A/Norway/466/2014,80
A/Texas/50/2012,A/Norway/466/2014,320
A/Samara/73/2013,A/Norway/466/2014,160
A/Hong Kong/146/2013,A/Norway/466/2014,320
A/South Africa/4655/2013,A/Norway/466/2014,80
A/Stockholm/1/2013,A/Norway/466/2014,40
A/Stockholm/6/2014,A/Norway/466/2014,160
A/Norway/466/2014,A/Norway/466/2014,40
A/Norway/466/2014,A/Norway/466/2014,160
A/Israel/Z938/2014,A/Norway/466/2014,160
A/Israel/Z941/2014,A/Norway/466/2014,40
A/Israel/Z1035/2014,A/Norway/466/2014,80
A/Israel/Z1048/2014,A/Norway/466/2014,40
A/Israel/Z1047/2014,A/Norway/466/2014,80
A/Kazakhstan/3602/2014,A/Norway/466/2014,80
A/Israel/Z1225/2014,A/Norway/466/2014,40
A/Kazakhstan/3603/2014,A/Norway/466/2014,40
A/Kazakhstan/3605/2014,A/Norway/466/2014,40
A/Kazakhstan/3606/2014,A/Norway/466/2014,40
A/Kazakhstan/3597/2014,A/Norway/466/2014,40
A/Lisboa/SU540/2014,A/Norway/466/2014,<40
A/Lisboa/MS102/2014,A/Norway/466/2014,<40
A/Galicia/1786/2014,A/Norway/466/2014,<40
A/Perth/16/2009,A/Perth/16/2009,1280
A/Victoria/361/2011,A/Perth/16/2009,160
A/Texas/50/2012,A/Perth/16/2009,320
A/Samara/73/2013,A/Perth/16/2009,160
A/Hong Kong/146/2013,A/Perth/16/2009,320
A/South Africa/4655/2013,A/Perth/16/2009,80
A/Stockholm/1/2013,A/Perth/16/2009,40
A/Stockholm/6/2014,A/Perth/16/2009,<40
A/Norway/466/2014,A/Perth/16/2009,<40
A/Norway/466/2014,A/Perth/16/2009,<40
A/Lithuania/5009/2014,A/Perth/16/2009,<40
A/Lithuania/5879/2014,A/Perth/16/2009,<40
A/Lithuania/7266/2014,A/Perth/16/2009,40
A/Lithuania/7452/2014,A/Perth/16/2009,<40
A/Lithuania/7489/2014,A/Perth/16/2009,80
A/Lithuania/7802/2014,A/Perth/16/2009,<40
A/Lithuania/8237/2014,A/Perth/16/2009,160
A/Lithuania/8397/2014,A/Perth/16/2009,<40
A/Lithuania/9144/2014,A/Perth/16/2009,<40
A/Lithuania/9133/2014,A/Perth/16/2009,<40
A/Lithuania/9404/2014,A/Perth/16/2009,40
A/Lithuania/9430/2014,A/Perth/16/2009,<40
A/Lithuania/10213/2014,A/Perth/16/2009,40
A/Lithuania/10373/2014,A/Perth/16/2009,<40
A/Lithuania/10543/2014,A/Perth/16/2009,40
A/Lithuania/10716/2014,A/Perth/16/2009,40
A/Lithuania/11727/2014,A/Perth/16/2009,40
A/Lithuania/11496/2014,A/Perth/16/2009,40
A/Lithuania/11607/2014,A/Perth/16/2009,<40
A/Dakar/09/2014,A/Perth/16/2009,<40
A/Lithuania/13347/2014,A/Perth/16/2009,40
A/Norway/1903/2014,A/Perth/16/2009,<40
A/Dakar/13/2014,A/Perth/16/2009,<40
A/Dakar/17/2014,A/Perth/16/2009,<40
A/Dakar/14/2014,A/Perth/16/2009,<40
A/Dakar/15/2014,A/Perth/16/2009,<40
A/Dakar/16/2014,A/Perth/16/2009,<40
A/Perth/16/2009,A/Victoria/361/2011,160
A/Victoria/361/2011,A/Victoria/361/2011,320
A/Texas/50/2012,A/Victoria/361/2011,1280
A/Samara/73/2013,A/Victoria/361/2011,320
A/Hong Kong/146/2013,A/Victoria/361/2011,320
A/South Africa/4655/2013,A/Victoria/361/2011,40
A/Stockholm/1/2013,A/Victoria/361/2011,40
A/Stockholm/6/2014,A/Victoria/361/2011,80
A/Norway/466/2014,A/Victoria/361/2011,40
A/Norway/466/2014,A/Victoria/361/2011,40
A/Lithuania/5009/2014,A/Victoria/361/2011,40
A/Lithuania/5879/2014,A/Victoria/361/2011,40
A/Lithuania/7266/2014,A/Victoria/361/2011,320
A/Lithuania/7452/2014,A/Victoria/361/2011,80
A/Lithuania/7489/2014,A/Victoria/361/2011,160
A/Lithuania/7802/2014,A/Victoria/361/2011,160
A/Lithuania/8237/2014,A/Victoria/361/2011,320
A/Lithuania/8397/2014,A/Victoria/361/2011,160
A/Lithuania/9144/2014,A/Victoria/361/2011,80
A/Lithuania/9133/2014,A/Victoria/361/2011,80
A/Lithuania/9404/2014,A/Victoria/361/2011,160
A/Lithuania/9430/2014,A/Victoria/361/2011,40
A/Lithuania/10213/2014,A/Victoria/361/2011,80
A/Lithuania/10373/2014,A/Victoria/361/2011,80
A/Lithuania/10543/2014,A/Victoria/361/2011,160
A/Lithuania/10716/2014,A/Victoria/361/2011,160
A/Lithuania/11727/2014,A/Victoria/361/2011,160
A/Lithuania/11496/2014,A/Victoria/361/2011,160
A/Lithuania/11607/2014,A/Victoria/361/2011,80
A/Dakar/09/2014,A/Victoria/361/2011,40
A/Lithuania/13347/2014,A/Victoria/361/2011,80
A/Norway/1903/2014,A/Victoria/361/2011,80
A/Dakar/13/2014,A/Victoria/361/2011,<40
A/Dakar/17/2014,A/Victoria/361/2011,40
A/Dakar/14/2014,A/Victoria/361/2011,<40
A/Dakar/15/2014,A/Victoria/361/2011,40
A/Dakar/16/2014,A/Victoria/361/2011,40
A/Perth/16/2009,A/Texas/50/2012,320
A/Victoria/361/2011,A/Texas/50/2012,1280
A/Texas/50/2012,A/Texas/50/2012,5120
A/Samara/73/2013,A/Texas/50/2012,1280
A/Hong Kong/146/2013,A/Texas/50/2012,2560
A/South Africa/4655/2013,A/Texas/50/2012,160
A/Stockholm/1/2013,A/Texas/50/2012,160
A/Stockholm/6/2014,A/Texas/50/2012,80
A/Norway/466/2014,A/Texas/50/2012,40
A/Norway/466/2014,A/Texas/50/2012,40
A/Lithuania/5009/2014,A/Texas/50/2012,320
A/Lithuania/5879/2014,A/Texas/50/2012,160
A/Lithuania/7266/2014,A/Texas/50/2012,640
A/Lithuania/7452/2014,A/Texas/50/2012,320
A/Lithuania/7489/2014,A/Texas/50/2012,640
A/Lithuania/7802/2014,A/Texas/50/2012,640
A/Lithuania/8237/2014,A/Texas/50/2012,1280
A/Lithuania/8397/2014,A/Texas/50/2012,320
A/Lithuania/9144/2014,A/Texas/50/2012,160
A/Lithuania/9133/2014,A/Texas/50/2012,640
A/Lithuania/9404/2014,A/Texas/50/2012,640
A/Lithuania/9430/2014,A/Texas/50/2012,160
A/Lithuania/10213/2014,A/Texas/50/2012,320
A/Lithuania/10373/2014,A/Texas/50/2012,160
A/Lithuania/10543/2014,A/Texas/50/2012,640
A/Lithuania/10716/2014,A/Texas/50/2012,640
A/Lithuania/11727/2014,A/Texas/50/2012,1280
A/Lithuania/11496/2014,A/Texas/50/2012,320
A/Lithuania/11607/2014,A/Texas/50/2012,160
A/Dakar/09/2014,A/Texas/50/2012,40
A/Lithuania/13347/2014,A/Texas/50/2012,320
A/Norway/1903/2014,A/Texas/50/2012,160
A/Dakar/13/2014,A/Texas/50/2012,40
A/Dakar/17/2014,A/Texas/50/2012,40
A/Dakar/14/2014,A/Texas/50/2012,40
A/Dakar/15/2014,A/Texas/50/2012,40
A/Dakar/16/2014,A/Texas/50/2012,40
A/Perth/16/2009,A/Samara/73/2013,160
A/Victoria/361/2011,A/Samara/73/2013,1280
A/Texas/50/2012,A/Samara/73/2013,640
A/Samara/73/2013,A/Samara/73/2013,1280
A/Hong Kong/146/2013,A/Samara/73/2013,640
A/South Africa/4655/2013,A/Samara/73/2013,320
A/Stockholm/1/2013,A/Samara/73/2013,160
A/Stockholm/6/2014,A/Samara/73/2013,160
A/Norway/466/2014,A/Samara/73/2013,80
A/Norway/466/2014,A/Samara/73/2013,40
A/Lithuania/5009/2014,A/Samara/73/2013,160
A/Lithuania/5879/2014,A/Samara/73/2013,160
A/Lithuania/7266/2014,A/Samara/73/2013,640
A/Lithuania/7452/2014,A/Samara/73/2013,160
A/Lithuania/7489/2014,A/Samara/73/2013,640
A/Lithuania/7802/2014,A/Samara/73/2013,320
A/Lithuania/8237/2014,A/Samara/73/2013,640
A/Lithuania/8397/2014,A/Samara/73/2013,320
A/Lithuania/9144/2014,A/Samara/73/2013,160
A/Lithuania/9133/2014,A/Samara/73/2013,320
A/Lithuania/9404/2014,A/Samara/73/2013,320
A/Lithuania/9430/2014,A/Samara/73/2013,160
A/Lithuania/10213/2014,A/Samara/73/2013,320
A/Lithuania/10373/2014,A/Samara/73/2013,160
A/Lithuania/10543/2014,A/Samara/73/2013,320
A/Lithuania/10716/2014,A/Samara/73/2013,320
A/Lithuania/11727/2014,A/Samara/73/2013,320
A/Lithuania/11496/2014,A/Samara/73/2013,320
A/Lithuania/11607/2014,A/Samara/73/2013,160
A/Dakar/09/2014,A/Samara/73/2013,160
A/Lithuania/13347/2014,A/Samara/73/2013,320
A/Norway/1903/2014,A/Samara/73/2013,160
A/Dakar/13/2014,A/Samara/73/2013,80
A/Dakar/17/2014,A/Samara/73/2013,160
A/Dakar/14/2014,A/Samara/73/2013,80
A/Dakar/15/2014,A/Samara/73/2013,160
A/Dakar/16/2014,A/Samara/73/2013,160
A/Perth/16/2009,A/Hong Kong/146/2013,160
A/Victoria/361/2011,A/Hong Kong/146/2013,640
A/Texas/50/2012,A/Hong Kong/146/2013,640
A/Samara/73/2013,A/Hong Kong/146/2013,1280
A/Hong Kong/146/2013,A/Hong Kong/146/2013,1280
A/South Africa/4655/2013,A/Hong Kong/146/2013,320
A/Stockholm/1/2013,A/Hong Kong/146/2013,160
A/Stockholm/6/2014,A/Hong Kong/146/2013,160
A/Norway/466/2014,A/Hong Kong/146/2013,40
A/Norway/466/2014,A/Hong Kong/146/2013,80
A/Lithuania/5009/2014,A/Hong Kong/146/2013,40
A/Lithuania/5879/2014,A/Hong Kong/146/2013,40
A/Lithuania/7266/2014,A/Hong Kong/146/2013,320
A/Lithuania/7452/2014,A/Hong Kong/146/2013,80
A/Lithuania/7489/2014,A/Hong Kong/146/2013,320
A/Lithuania/7802/2014,A/Hong Kong/146/2013,160
A/Lithuania/8237/2014,A/Hong Kong/146/2013,640
A/Lithuania/8397/2014,A/Hong Kong/146/2013,160
A/Lithuania/9144/2014,A/Hong Kong/146/2013,80
A/Lithuania/9133/2014,A/Hong Kong/146/2013,160
A/Lithuania/9404/2014,A/Hong Kong/146/2013,320
A/Lithuania/9430/2014,A/Hong Kong/146/2013,80
A/Lithuania/10213/2014,A/Hong Kong/146/2013,160
A/Lithuania/10373/2014,A/Hong Kong/146/2013,80
A/Lithuania/10543/2014,A/Hong Kong/146/2013,160
A/Lithuania/10716/2014,A/Hong Kong/146/2013,320
A/Lithuania/11727/2014,A/Hong Kong/146/2013,160
A/Lithuania/11496/2014,A/Hong Kong/146/2013,160
A/Lithuania/11607/2014,A/Hong Kong/146/2013,80
A/Dakar/09/2014,A/Hong Kong/146/2013,80
A/Lithuania/13347/2014,A/Hong Kong/146/2013,160
A/Norway/1903/2014,A/Hong Kong/146/2013,80
A/Dakar/13/2014,A/Hong Kong/146/2013,40
A/Dakar/17/2014,A/Hong Kong/146/2013,40
A/Dakar/14/2014,A/Hong Kong/146/2013,40
A/Dakar/15/2014,A/Hong Kong/146/2013,40
A/Dakar/16/2014,A/Hong Kong/146/2013,40
A/Perth/16/2009,A/South Africa/4655/2013,40
A/Victoria/361/2011,A/South Africa/4655/2013,160
A/Texas/50/2012,A/South Africa/4655/2013,80
A/Samara/73/2013,A/South Africa/4655/2013,160
A/Hong Kong/146/2013,A/South Africa/4655/2013,80
A/South Africa/4655/2013,A/South Africa/4655/2013,320
A/Stockholm/1/2013,A/South Africa/4655/2013,320
A/Stockholm/6/2014,A/South Africa/4655/2013,40
A/Norway/466/2014,A/South Africa/4655/2013,<40
A/Norway/466/2014,A/South Africa/4655/2013,<40
A/Lithuania/5009/2014,A/South Africa/4655/2013,<40
A/Lithuania/5879/2014,A/South Africa/4655/2013,<40
A/Lithuania/7266/2014,A/South Africa/4655/2013,40
A/Lithuania/7452/2014,A/South Africa/4655/2013,<40
A/Lithuania/7489/2014,A/South Africa/4655/2013,40
A/Lithuania/7802/2014,A/South Africa/4655/2013,160
A/Lithuania/8237/2014,A/South Africa/4655/2013,80
A/Lithuania/8397/2014,A/South Africa/4655/2013,160
A/Lithuania/9144/2014,A/South Africa/4655/2013,<40
A/Lithuania/9133/2014,A/South Africa/4655/2013,40
A/Lithuania/9404/2014,A/South Africa/4655/2013,40
A/Lithuania/9430/2014,A/South Africa/4655/2013,<40
A/Lithuania/10213/2014,A/South Africa/4655/2013,40
A/Lithuania/10373/2014,A/South Africa/4655/2013,<40
A/Lithuania/10543/2014,A/South Africa/4655/2013,40
A/Lithuania/10716/2014,A/South Africa/4655/2013,40
A/Lithuania/11727/2014,A/South Africa/4655/2013,40
A/Lithuania/11496/2014,A/South Africa/4655/2013,40
A/Lithuania/11607/2014,A/South Africa/4655/2013,<40
A/Dakar/09/2014,A/South Africa/4655/2013,40
A/Lithuania/13347/2014,A/South Africa/4655/2013,<40
A/Norway/1903/2014,A/South Africa/4655/2013,<40
A/Dakar/13/2014,A/South Africa/4655/2013,<40
A/Dakar/17/2014,A/South Africa/4655/2013,<40
A/Dakar/14/2014,A/South Africa/4655/2013,<40
A/Dakar/15/2014,A/South Africa/4655/2013,40
A/Dakar/16/2014,A/South Africa/4655/2013,40
A/Perth/16/2009,A/Stockholm/1/2013,80
A/Victoria/361/2011,A/Stockholm/1/2013,160
A/Texas/50/2012,A/Stockholm/1/2013,160
A/Samara/73/2013,A/Stockholm/1/2013,320
A/Hong Kong/146/2013,A/Stockholm/1/2013,320
A/South Africa/4655/2013,A/Stockholm/1/2013,320
A/Stockholm/1/2013,A/Stockholm/1/2013,320
A/Stockholm/6/2014,A/Stockholm/1/2013,80
A/Norway/466/2014,A/Stockholm/1/2013,80
A/Norway/466/2014,A/Stockholm/1/2013,<40
A/Lithuania/5009/2014,A/Stockholm/1/2013,40
A/Lithuania/5879/2014,A/Stockholm/1/2013,40
A/Lithuania/7266/2014,A/Stockholm/1/2013,80
A/Lithuania/7452/2014,A/Stockholm/1/2013,40
A/Lithuania/7489/2014,A/Stockholm/1/2013,160
A/Lithuania/7802/2014,A/Stockholm/1/2013,160
A/Lithuania/8237/2014,A/Stockholm/1/2013,80
A/Lithuania/8397/2014,A/Stockholm/1/2013,80
A/Lithuania/9144/2014,A/Stockholm/1/2013,40
A/Lithuania/9133/2014,A/Stockholm/1/2013,80
A/Lithuania/9404/2014,A/Stockholm/1/2013,80
A/Lithuania/9430/2014,A/Stockholm/1/2013,40
A/Lithuania/10213/2014,A/Stockholm/1/2013,80
A/Lithuania/10373/2014,A/Stockholm/1/2013,80
A/Lithuania/10543/2014,A/Stockholm/1/2013,80
A/Lithuania/10716/2014,A/Stockholm/1/2013,80
A/Lithuania/11727/2014,A/Stockholm/1/2013,80
A/Lithuania/11496/2014,A/Stockholm/1/2013,80
A/Lithuania/11607/2014,A/Stockholm/1/2013,40
A/Dakar/09/2014,A/Stockholm/1/2013,40
A/Lithuania/13347/2014,A/Stockholm/1/2013,80
A/Norway/1903/2014,A/Stockholm/1/2013,40
A/Dakar/13/2014,A/Stockholm/1/2013,40
A/Dakar/17/2014,A/Stockholm/1/2013,80
A/Dakar/14/2014,A/Stockholm/1/2013,40
A/Dakar/15/2014,A/Stockholm/1/2013,80
A/Dakar/16/2014,A/Stockholm/1/2013,80
A/Perth/16/2009,A/Stockholm/6/2014,80
A/Victoria/361/2011,A/Stockholm/6/2014,640
A/Texas/50/2012,A/Stockholm/6/2014,160
A/Samara/73/2013,A/Stockholm/6/2014,640
A/Hong Kong/146/2013,A/Stockholm/6/2014,80
A/South Africa/4655/2013,A/Stockholm/6/2014,160
A/Stockholm/1/2013,A/Stockholm/6/2014,80
A/Stockholm/6/2014,A/Stockholm/6/2014,640
A/Norway/466/2014,A/Stockholm/6/2014,320
A/Norway/466/2014,A/Stockholm/6/2014,80
A/Lithuania/5009/2014,A/Stockholm/6/2014,160
A/Lithuania/5879/2014,A/Stockholm/6/2014,160
A/Lithuania/7266/2014,A/Stockholm/6/2014,160
A/Lithuania/7452/2014,A/Stockholm/6/2014,160
A/Lithuania/7489/2014,A/Stockholm/6/2014,320
A/Lithuania/7802/2014,A/Stockholm/6/2014,320
A/Lithuania/8237/2014,A/Stockholm/6/2014,320
A/Lithuania/8397/2014,A/Stockholm/6/2014,320
A/Lithuania/9144/2014,A/Stockholm/6/2014,160
A/Lithuania/9133/2014,A/Stockholm/6/2014,320
A/Lithuania/9404/2014,A/Stockholm/6/2014,320
A/Lithuania/9430/2014,A/Stockholm/6/2014,160
A/Lithuania/10213/2014,A/Stockholm/6/2014,160
A/Lithuania/10373/2014,A/Stockholm/6/2014,160
A/Lithuania/10543/2014,A/Stockholm/6/2014,320
A/Lithuania/10716/2014,A/Stockholm/6/2014,320
A/Lithuania/11727/2014,A/Stockholm/6/2014,320
A/Lithuania/11496/2014,A/Stockholm/6/2014,320
A/Lithuania/11607/2014,A/Stockholm/6/2014,160
A/Dakar/09/2014,A/Stockholm/6/2014,640
A/Lithuania/13347/2014,A/Stockholm/6/2014,320
A/Norway/1903/2014,A/Stockholm/6/2014,160
A/Dakar/13/2014,A/Stockholm/6/2014,320
A/Dakar/17/2014,A/Stockholm/6/2014,320
A/Dakar/14/2014,A/Stockholm/6/2014,320
A/Dakar/15/2014,A/Stockholm/6/2014,320
A/Dakar/16/2014,A/Stockholm/6/2014,320
A/Perth/16/2009,A/Norway/466/2014,40
A/Victoria/361/2011,A/Norway/466/2014,320
A/Texas/50/2012,A/Norway/466/2014,40
A/Samara/73/2013,A/Norway/466/2014,320
A/Hong Kong/146/2013,A/Norway/466/2014,80
A/South Africa/4655/2013,A/Norway/466/2014,80
A/Stockholm/1/2013,A/Norway/466/2014,40
A/Stockholm/6/2014,A/Norway/466/2014,160
A/Norway/466/2014,A/Norway/466/2014,160
A/Norway/466/2014,A/Norway/466/2014,80
A/Lithuania/5009/2014,A/Norway/466/2014,80
A/Lithuania/5879/2014,A/Norway/466/2014,80
A/Lithuania/7266/2014,A/Norway/466/2014,160
A/Lithuania/7452/2014,A/Norway/466/2014,80
A/Lithuania/7489/2014,A/Norway/466/2014,160
A/Lithuania/7802/2014,A/Norway/466/2014,160
A/Lithuania/8237/2014,A/Norway/466/2014,320
A/Lithuania/8397/2014,A/Norway/466/2014,160
A/Lithuania/9144/2014,A/Norway/466/2014,160
A/Lithuania/9133/2014,A/Norway/466/2014,160
A/Lithuania/9404/2014,A/Norway/466/2014,320
A/Lithuania/9430/2014,A/Norway/466/2014,80
A/Lithuania/10213/2014,A/Norway/466/2014,160
A/Lithuania/10373/2014,A/Norway/466/2014,80
A/Lithuania/10543/2014,A/Norway/466/2014,160
A/Lithuania/10716/2014,A/Norway/466/2014,160
A/Lithuania/11727/2014,A/Norway/466/2014,160
A/Lithuania/11496/2014,A/Norway/466/2014,160
A/Lithuania/11607/2014,A/Norway/466/2014,80
A/Dakar/09/2014,A/Norway/466/2014,320
A/Lithuania/13347/2014,A/Norway/466/2014,160
A/Norway/1903/2014,A/Norway/466/2014,80
A/Dakar/13/2014,A/Norway/466/2014,80
A/Dakar/17/2014,A/Norway/466/2014,160
A/Dakar/14/2014,A/Norway/466/2014,160
A/Dakar/15/2014,A/Norway/466/2014,160
A/Dakar/16/2014,A/Norway/466/2014,160
A/Perth/16/2009,A/Norway/466/2014,<40
A/Victoria/361/2011,A/Norway/466/2014,80
A/Texas/50/2012,A/Norway/466/2014,160
A/Samara/73/2013,A/Norway/466/2014,160
A/Hong Kong/146/2013,A/Norway/466/2014,160
A/South Africa/4655/2013,A/Norway/466/2014,40
A/Stockholm/1/2013,A/Norway/466/2014,40
A/Stockholm/6/2014,A/Norway/466/2014,80
A/Norway/466/2014,A/Norway/466/2014,40
A/Norway/466/2014,A/Norway/466/2014,160
A/Lithuania/5009/2014,A/Norway/466/2014,<40
A/Lithuania/5879/2014,A/Norway/466/2014,<40
A/Lithuania/7266/2014,A/Norway/466/2014,80
A/Lithuania/7452/2014,A/Norway/466/2014,<40
A/Lithuania/7489/2014,A/Norway/466/2014,40
A/Lithuania/7802/2014,A/Norway/466/2014,40
A/Lithuania/8237/2014,A/Norway/466/2014,40
A/Lithuania/8397/2014,A/Norway/466/2014,40
A/Lithuania/9144/2014,A/Norway/466/2014,<40
A/Lithuania/9133/2014,A/Norway/466/2014,40
A/Lithuania/9404/2014,A/Norway/466/2014,40
A/Lithuania/9430/2014,A/Norway/466/2014,<40
A/Lithuania/10213/2014,A/Norway/466/2014,40
A/Lithuania/10373/2014,A/Norway/466/2014,<40
A/Lithuania/10543/2014,A/Norway/466/2014,40
A/Lithuania/10716/2014,A/Norway/466/2014,40
A/Lithuania/11727/2014,A/Norway/466/2014,40
A/Lithuania/11496/2014,A/Norway/466/2014,40
A/Lithuania/11607/2014,A/Norway/466/2014,<40
A/Dakar/09/2014,A/Norway/466/2014,40
A/Lithuania/13347/2014,A/Norway/466/2014,<40
A/Norway/1903/2014,A/Norway/466/2014,<40
A/Dakar/13/2014,A/Norway/466/2014,40
A/Dakar/17/2014,A/Norway/466/2014,40
A/Dakar/14/2014,A/Norway/466/2014,40
A/Dakar/15/2014,A/Norway/466/2014,80
A/Dakar/16/2014,A/Norway/466/2014,80
A/Perth/16/2009,A/Perth/16/2009,1280
A/Victoria/361/2011,A/Perth/16/2009,160
A/Texas/50/2012,A/Perth/16/2009,320
A/Samara/73/2013,A/Perth/16/2009,640
A/Hong Kong/146/2013,A/Perth/16/2009,320
A/South Africa/4655/2013,A/Perth/16/2009,80
A/Stockholm/1/2013,A/Perth/16/2009,40
A/Stockholm/6/2014,A/Perth/16/2009,<40
A/Norway/466/2014,A/Perth/16/2009,<40
A/Norway/466/2014,A/Perth/16/2009,<40
A/Ghana/DILI-0428/2014,A/Perth/16/2009,<40
A/Ghana/DILI-0441/2014,A/Perth/16/2009,<40
A/Ghana/FS-0514/2014,A/Perth/16/2009,<40
A/Ghana/DILI-0476/2014,A/Perth/16/2009,<40
A/Ghana/DILI-0479/2014,A/Perth/16/2009,<40
A/Ghana/DILI-0482/2014,A/Perth/16/2009,<40
A/Ghana/DARI-0101/2014,A/Perth/16/2009,<40
A/Ghana/DILI-0483/2014,A/Perth/16/2009,<40
A/Ghana/FS-0513/2014,A/Perth/16/2009,<40
A/Ghana/DARI-0104/2014,A/Perth/16/2009,<40
A/Ghana/DILI-0522/2014,A/Perth/16/2009,<40
A/Dakar/10/2014,A/Perth/16/2009,<40
A/Dakar/11/2014,A/Perth/16/2009,<40
A/Dakar/12/2014,A/Perth/16/2009,<40
A/Ghana/DILI-0657/2014,A/Perth/16/2009,<40
A/Ghana/DILI-0659/2014,A/Perth/16/2009,<40
A/Perth/16/2009,A/Victoria/361/2011,160
A/Victoria/361/2011,A/Victoria/361/2011,320
A/Texas/50/2012,A/Victoria/361/2011,1280
A/Samara/73/2013,A/Victoria/361/2011,1280
A/Hong Kong/146/2013,A/Victoria/361/2011,640
A/South Africa/4655/2013,A/Victoria/361/2011,40
A/Stockholm/1/2013,A/Victoria/361/2011,40
A/Stockholm/6/2014,A/Victoria/361/2011,80
A/Norway/466/2014,A/Victoria/361/2011,80
A/Norway/466/2014,A/Victoria/361/2011,40
A/Ghana/DILI-0428/2014,A/Victoria/361/2011,<40
A/Ghana/DILI-0441/2014,A/Victoria/361/2011,160
A/Ghana/FS-0514/2014,A/Victoria/361/2011,80
A/Ghana/DILI-0476/2014,A/Victoria/361/2011,40
A/Ghana/DILI-0479/2014,A/Victoria/361/2011,40
A/Ghana/DILI-0482/2014,A/Victoria/361/2011,40
A/Ghana/DARI-0101/2014,A/Victoria/361/2011,40
A/Ghana/DILI-0483/2014,A/Victoria/361/2011,40
A/Ghana/FS-0513/2014,A/Victoria/361/2011,80
A/Ghana/DARI-0104/2014,A/Victoria/361/2011,80
A/Ghana/DILI-0522/2014,A/Victoria/361/2011,160
A/Dakar/10/2014,A/Victoria/361/2011,80
A/Dakar/11/2014,A/Victoria/361/2011,80
A/Dakar/12/2014,A/Victoria/361/2011,40
A/Ghana/DILI-0657/2014,A/Victoria/361/2011,80
A/Ghana/DILI-0659/2014,A/Victoria/361/2011,80
A/Perth/16/2009,A/Texas/50/2012,160
A/Victoria/361/2011,A/Texas/50/2012,1280
A/Texas/50/2012,A/Texas/50/2012,1280
A/Samara/73/2013,A/Texas/50/2012,640
A/Hong Kong/146/2013,A/Texas/50/2012,640
A/South Africa/4655/2013,A/Texas/50/2012,160
A/Stockholm/1/2013,A/Texas/50/2012,80
A/Stockholm/6/2014,A/Texas/50/2012,40
A/Norway/466/2014,A/Texas/50/2012,40
A/Norway/466/2014,A/Texas/50/2012,40
A/Ghana/DILI-0428/2014,A/Texas/50/2012,<40
A/Ghana/DILI-0441/2014,A/Texas/50/2012,80
A/Ghana/FS-0514/2014,A/Texas/50/2012,40
A/Ghana/DILI-0476/2014,A/Texas/50/2012,40
A/Ghana/DILI-0479/2014,A/Texas/50/2012,40
A/Ghana/DILI-0482/2014,A/Texas/50/2012,40
A/Ghana/DARI-0101/2014,A/Texas/50/2012,40
A/Ghana/DILI-0483/2014,A/Texas/50/2012,<40
A/Ghana/FS-0513/2014,A/Texas/50/2012,40
A/Ghana/DARI-0104/2014,A/Texas/50/2012,40
A/Ghana/DILI-0522/2014,A/Texas/50/2012,40
A/Dakar/10/2014,A/Texas/50/2012,40
A/Dakar/11/2014,A/Texas/50/2012,40
A/Dakar/12/2014,A/Texas/50/2012,40
A/Ghana/DILI-0657/2014,A/Texas/50/2012,40
A/Ghana/DILI-0659/2014,A/Texas/50/2012,40
A/Perth/16/2009,A/Samara/73/2013,160
A/Victoria/361/2011,A/Samara/73/2013,1280
A/Texas/50/2012,A/Samara/73/2013,640
A/Samara/73/2013,A/Samara/73/2013,2560
A/Hong Kong/146/2013,A/Samara/73/2013,1280
A/South Africa/4655/2013,A/Samara/73/2013,320
A/Stockholm/1/2013,A/Samara/73/2013,160
A/Stockholm/6/2014,A/Samara/73/2013,160
A/Norway/466/2014,A/Samara/73/2013,160
A/Norway/466/2014,A/Samara/73/2013,40
A/Ghana/DILI-0428/2014,A/Samara/73/2013,80
A/Ghana/DILI-0441/2014,A/Samara/73/2013,320
A/Ghana/FS-0514/2014,A/Samara/73/2013,160
A/Ghana/DILI-0476/2014,A/Samara/73/2013,160
A/Ghana/DILI-0479/2014,A/Samara/73/2013,80
A/Ghana/DILI-0482/2014,A/Samara/73/2013,160
A/Ghana/DARI-0101/2014,A/Samara/73/2013,80
A/Ghana/DILI-0483/2014,A/Samara/73/2013,80
A/Ghana/FS-0513/2014,A/Samara/73/2013,160
A/Ghana/DARI-0104/2014,A/Samara/73/2013,160
A/Ghana/DILI-0522/2014,A/Samara/73/2013,160
A/Dakar/10/2014,A/Samara/73/2013,160
A/Dakar/11/2014,A/Samara/73/2013,160
A/Dakar/12/2014,A/Samara/73/2013,160
A/Ghana/DILI-0657/2014,A/Samara/73/2013,160
A/Ghana/DILI-0659/2014,A/Samara/73/2013,160
A/Perth/16/2009,A/Hong Kong/146/2013,320
A/Victoria/361/2011,A/Hong Kong/146/2013,640
A/Texas/50/2012,A/Hong Kong/146/2013,640
A/Samara/73/2013,A/Hong Kong/146/2013,2560
A/Hong Kong/146/2013,A/Hong Kong/146/2013,2560
A/South Africa/4655/2013,A/Hong Kong/146/2013,320
A/Stockholm/1/2013,A/Hong Kong/146/2013,160
A/Stockholm/6/2014,A/Hong Kong/146/2013,160
A/Norway/466/2014,A/Hong Kong/146/2013,160
A/Norway/466/2014,A/Hong Kong/146/2013,80
A/Ghana/DILI-0428/2014,A/Hong Kong/146/2013,40
A/Ghana/DILI-0441/2014,A/Hong Kong/146/2013,160
A/Ghana/FS-0514/2014,A/Hong Kong/146/2013,80
A/Ghana/DILI-0476/2014,A/Hong Kong/146/2013,80
A/Ghana/DILI-0479/2014,A/Hong Kong/146/2013,80
A/Ghana/DILI-0482/2014,A/Hong Kong/146/2013,80
A/Ghana/DARI-0101/2014,A/Hong Kong/146/2013,80
A/Ghana/DILI-0483/2014,A/Hong Kong/146/2013,80
A/Ghana/FS-0513/2014,A/Hong Kong/146/2013,80
A/Ghana/DARI-0104/2014,A/Hong Kong/146/2013,80
A/Ghana/DILI-0522/2014,A/Hong Kong/146/2013,160
A/Dakar/10/2014,A/Hong Kong/146/2013,80
A/Dakar/11/2014,A/Hong Kong/146/2013,160
A/Dakar/12/2014,A/Hong Kong/146/2013,160
A/Ghana/DILI-0657/2014,A/Hong Kong/146/2013,160
A/Ghana/DILI-0659/2014,A/Hong Kong/146/2013,80
A/Perth/16/2009,A/South Africa/4655/2013,40
A/Victoria/361/2011,A/South Africa/4655/2013,160
A/Texas/50/2012,A/South Africa/4655/2013,80
A/Samara/73/2013,A/South Africa/4655/2013,160
A/Hong Kong/146/2013,A/South Africa/4655/2013,80
A/South Africa/4655/2013,A/South Africa/4655/2013,320
A/Stockholm/1/2013,A/South Africa/4655/2013,160
A/Stockholm/6/2014,A/South Africa/4655/2013,40
A/Norway/466/2014,A/South Africa/4655/2013,40
A/Norway/466/2014,A/South Africa/4655/2013,<40
A/Ghana/DILI-0428/2014,A/South Africa/4655/2013,<40
A/Ghana/DILI-0441/2014,A/South Africa/4655/2013,80
A/Ghana/FS-0514/2014,A/South Africa/4655/2013,40
A/Ghana/DILI-0476/2014,A/South Africa/4655/2013,40
A/Ghana/DILI-0479/2014,A/South Africa/4655/2013,40
A/Ghana/DILI-0482/2014,A/South Africa/4655/2013,40
A/Ghana/DARI-0101/2014,A/South Africa/4655/2013,40
A/Ghana/DILI-0483/2014,A/South Africa/4655/2013,40
A/Ghana/FS-0513/2014,A/South Africa/4655/2013,40
A/Ghana/DARI-0104/2014,A/South Africa/4655/2013,40
A/Ghana/DILI-0522/2014,A/South Africa/4655/2013,80
A/Dakar/10/2014,A/South Africa/4655/2013,40
A/Dakar/11/2014,A/South Africa/4655/2013,40
A/Dakar/12/2014,A/South Africa/4655/2013,40
A/Ghana/DILI-0657/2014,A/South Africa/4655/2013,40
A/Ghana/DILI-0659/2014,A/South Africa/4655/2013,40
A/Perth/16/2009,A/Stockholm/1/2013,80
A/Victoria/361/2011,A/Stockholm/1/2013,160
A/Texas/50/2012,A/Stockholm/1/2013,160
A/Samara/73/2013,A/Stockholm/1/2013,640
A/Hong Kong/146/2013,A/Stockholm/1/2013,160
A/South Africa/4655/2013,A/Stockholm/1/2013,320
A/Stockholm/1/2013,A/Stockholm/1/2013,160
A/Stockholm/6/2014,A/Stockholm/1/2013,80
A/Norway/466/2014,A/Stockholm/1/2013,160
A/Norway/466/2014,A/Stockholm/1/2013,<40
A/Ghana/DILI-0428/2014,A/Stockholm/1/2013,40
A/Ghana/DILI-0441/2014,A/Stockholm/1/2013,160
A/Ghana/FS-0514/2014,A/Stockholm/1/2013,80
A/Ghana/DILI-0476/2014,A/Stockholm/1/2013,80
A/Ghana/DILI-0479/2014,A/Stockholm/1/2013,80
A/Ghana/DILI-0482/2014,A/Stockholm/1/2013,80
A/Ghana/DARI-0101/2014,A/Stockholm/1/2013,80
A/Ghana/DILI-0483/2014,A/Stockholm/1/2013,80
A/Ghana/FS-0513/2014,A/Stockholm/1/2013,80
A/Ghana/DARI-0104/2014,A/Stockholm/1/2013,80
A/Ghana/DILI-0522/2014,A/Stockholm/1/2013,160
A/Dakar/10/2014,A/Stockholm/1/2013,80
A/Dakar/11/2014,A/Stockholm/1/2013,80
A/Dakar/12/2014,A/Stockholm/1/2013,80
A/Ghana/DILI-0657/2014,A/Stockholm/1/2013,80
A/Ghana/DILI-0659/2014,A/Stockholm/1/2013,80
A/Perth/16/2009,A/Stockholm/6/2014,40
A/Victoria/361/2011,A/Stockholm/6/2014,640
A/Texas/50/2012,A/Stockholm/6/2014,80
A/Samara/73/2013,A/Stockholm/6/2014,640
A/Hong Kong/146/2013,A/Stockholm/6/2014,160
A/South Africa/4655/2013,A/Stockholm/6/2014,160
A/Stockholm/1/2013,A/Stockholm/6/2014,80
A/Stockholm/6/2014,A/Stockholm/6/2014,320
A/Norway/466/2014,A/Stockholm/6/2014,320
A/Norway/466/2014,A/Stockholm/6/2014,80
A/Ghana/DILI-0428/2014,A/Stockholm/6/2014,320
A/Ghana/DILI-0441/2014,A/Stockholm/6/2014,640
A/Ghana/FS-0514/2014,A/Stockholm/6/2014,320
A/Ghana/DILI-0476/2014,A/Stockholm/6/2014,320
A/Ghana/DILI-0479/2014,A/Stockholm/6/2014,320
A/Ghana/DILI-0482/2014,A/Stockholm/6/2014,320
A/Ghana/DARI-0101/2014,A/Stockholm/6/2014,320
A/Ghana/DILI-0483/2014,A/Stockholm/6/2014,320
A/Ghana/FS-0513/2014,A/Stockholm/6/2014,320
A/Ghana/DARI-0104/2014,A/Stockholm/6/2014,320
A/Ghana/DILI-0522/2014,A/Stockholm/6/2014,640
A/Dakar/10/2014,A/Stockholm/6/2014,320
A/Dakar/11/2014,A/Stockholm/6/2014,320
A/Dakar/12/2014,A/Stockholm/6/2014,320
A/Ghana/DILI-0657/2014,A/Stockholm/6/2014,640
A/Ghana/DILI-0659/2014,A/Stockholm/6/2014,320
A/Perth/16/2009,A/Norway/466/2014,40
A/Victoria/361/2011,A/Norway/466/2014,320
A/Texas/50/2012,A/Norway/466/2014,40
A/Samara/73/2013,A/Norway/466/2014,640
A/Hong Kong/146/2013,A/Norway/466/2014,80
A/South Africa/4655/2013,A/Norway/466/2014,80
A/Stockholm/1/2013,A/Norway/466/2014,80
A/Stockholm/6/2014,A/Norway/466/2014,320
A/Norway/466/2014,A/Norway/466/2014,320
A/Norway/466/2014,A/Norway/466/2014,160
A/Ghana/DILI-0428/2014,A/Norway/466/2014,160
A/Ghana/DILI-0441/2014,A/Norway/466/2014,320
A/Ghana/FS-0514/2014,A/Norway/466/2014,320
A/Ghana/DILI-0476/2014,A/Norway/466/2014,320
A/Ghana/DILI-0479/2014,A/Norway/466/2014,320
A/Ghana/DILI-0482/2014,A/Norway/466/2014,320
A/Ghana/DARI-0101/2014,A/Norway/466/2014,320
A/Ghana/DILI-0483/2014,A/Norway/466/2014,320
A/Ghana/FS-0513/2014,A/Norway/466/2014,320
A/Ghana/DARI-0104/2014,A/Norway/466/2014,320
A/Ghana/DILI-0522/2014,A/Norway/466/2014,640
A/Dakar/10/2014,A/Norway/466/2014,320
A/Dakar/11/2014,A/Norway/466/2014,320
A/Dakar/12/2014,A/Norway/466/2014,320
A/Ghana/DILI-0657/2014,A/Norway/466/2014,320
A/Ghana/DILI-0659/2014,A/Norway/466/2014,320
A/Perth/16/2009,A/Norway/466/2014,<40
A/Victoria/361/2011,A/Norway/466/2014,80
A/Texas/50/2012,A/Norway/466/2014,160
A/Samara/73/2013,A/Norway/466/2014,640
A/Hong Kong/146/2013,A/Norway/466/2014,160
A/South Africa/4655/2013,A/Norway/466/2014,40
A/Stockholm/1/2013,A/Norway/466/2014,40
A/Stockholm/6/2014,A/Norway/466/2014,160
A/Norway/466/2014,A/Norway/466/2014,160
A/Norway/466/2014,A/Norway/466/2014,160
A/Ghana/DILI-0428/2014,A/Norway/466/2014,<40
A/Ghana/DILI-0441/2014,A/Norway/466/2014,160
A/Ghana/FS-0514/2014,A/Norway/466/2014,80
A/Ghana/DILI-0476/2014,A/Norway/466/2014,80
A/Ghana/DILI-0479/2014,A/Norway/466/2014,40
A/Ghana/DILI-0482/2014,A/Norway/466/2014,80
A/Ghana/DARI-0101/2014,A/Norway/466/2014,40
A/Ghana/DILI-0483/2014,A/Norway/466/2014,40
A/Ghana/FS-0513/2014,A/Norway/466/2014,80
A/Ghana/DARI-0104/2014,A/Norway/466/2014,80
A/Ghana/DILI-0522/2014,A/Norway/466/2014,80
A/Dakar/10/2014,A/Norway/466/2014,80
A/Dakar/11/2014,A/Norway/466/2014,160
A/Dakar/12/2014,A/Norway/466/2014,80
A/Ghana/DILI-0657/2014,A/Norway/466/2014,80
A/Ghana/DILI-0659/2014,A/Norway/466/2014,80
A/Victoria/361/2011,A/Victoria/361/2011,320
A/Texas/50/2012,A/Victoria/361/2011,1280
A/Samara/73/2013,A/Victoria/361/2011,640
A/Hong Kong/146/2013,A/Victoria/361/2011,640
A/South Africa/4655/2013,A/Victoria/361/2011,40
A/Stockholm/1/2013,A/Victoria/361/2011,40
A/Stockholm/6/2014,A/Victoria/361/2011,80
A/Norway/466/2014,A/Victoria/361/2011,40
A/Norway/466/2014,A/Victoria/361/2011,40
A/Switzerland/9715293/2013,A/Victoria/361/2011,80
A/Switzerland/9715293/2013,A/Victoria/361/2011,160
A/Palau/6759/2014,A/Victoria/361/2011,160
A/Palau/6759/2014,A/Victoria/361/2011,320
A/Palau/6759/2014,A/Victoria/361/2011,320
A/Osaka-C/2003/2014,A/Victoria/361/2011,40
A/Taiwan/442/2014,A/Victoria/361/2011,160
A/Palau/6759/2014,A/Victoria/361/2011,320
A/Ghana/DILI-0658/2014,A/Victoria/361/2011,80
A/Victoria/361/2011,A/Texas/50/2012,1280
A/Texas/50/2012,A/Texas/50/2012,1280
A/Samara/73/2013,A/Texas/50/2012,640
A/Hong Kong/146/2013,A/Texas/50/2012,640
A/South Africa/4655/2013,A/Texas/50/2012,160
A/Stockholm/1/2013,A/Texas/50/2012,80
A/Stockholm/6/2014,A/Texas/50/2012,80
A/Norway/466/2014,A/Texas/50/2012,40
A/Norway/466/2014,A/Texas/50/2012,40
A/Switzerland/9715293/2013,A/Texas/50/2012,80
A/Switzerland/9715293/2013,A/Texas/50/2012,160
A/Palau/6759/2014,A/Texas/50/2012,160
A/Palau/6759/2014,A/Texas/50/2012,320
A/Palau/6759/2014,A/Texas/50/2012,320
A/Osaka-C/2003/2014,A/Texas/50/2012,40
A/Taiwan/442/2014,A/Texas/50/2012,320
A/Palau/6759/2014,A/Texas/50/2012,320
A/Ghana/DILI-0658/2014,A/Texas/50/2012,80
A/Victoria/361/2011,A/Samara/73/2013,1280
A/Texas/50/2012,A/Samara/73/2013,1280
A/Samara/73/2013,A/Samara/73/2013,2560
A/Hong Kong/146/2013,A/Samara/73/2013,1280
A/South Africa/4655/2013,A/Samara/73/2013,320
A/Stockholm/1/2013,A/Samara/73/2013,160
A/Stockholm/6/2014,A/Samara/73/2013,320
A/Norway/466/2014,A/Samara/73/2013,160
A/Norway/466/2014,A/Samara/73/2013,40
A/Switzerland/9715293/2013,A/Samara/73/2013,320
A/Switzerland/9715293/2013,A/Samara/73/2013,160
A/Palau/6759/2014,A/Samara/73/2013,640
A/Palau/6759/2014,A/Samara/73/2013,640
A/Palau/6759/2014,A/Samara/73/2013,640
A/Osaka-C/2003/2014,A/Samara/73/2013,160
A/Taiwan/442/2014,A/Samara/73/2013,640
A/Palau/6759/2014,A/Samara/73/2013,320
A/Ghana/DILI-0658/2014,A/Samara/73/2013,320
A/Victoria/361/2011,A/Hong Kong/146/2013,640
A/Texas/50/2012,A/Hong Kong/146/2013,1280
A/Samara/73/2013,A/Hong Kong/146/2013,1280
A/Hong Kong/146/2013,A/Hong Kong/146/2013,2560
A/South Africa/4655/2013,A/Hong Kong/146/2013,160
A/Stockholm/1/2013,A/Hong Kong/146/2013,160
A/Stockholm/6/2014,A/Hong Kong/146/2013,160
A/Norway/466/2014,A/Hong Kong/146/2013,80
A/Norway/466/2014,A/Hong Kong/146/2013,40
A/Switzerland/9715293/2013,A/Hong Kong/146/2013,160
A/Switzerland/9715293/2013,A/Hong Kong/146/2013,320
A/Palau/6759/2014,A/Hong Kong/146/2013,320
A/Palau/6759/2014,A/Hong Kong/146/2013,640
A/Palau/6759/2014,A/Hong Kong/146/2013,640
A/Osaka-C/2003/2014,A/Hong Kong/146/2013,80
A/Taiwan/442/2014,A/Hong Kong/146/2013,320
A/Palau/6759/2014,A/Hong Kong/146/2013,320
A/Ghana/DILI-0658/2014,A/Hong Kong/146/2013,160
A/Victoria/361/2011,A/South Africa/4655/2013,160
A/Texas/50/2012,A/South Africa/4655/2013,80
A/Samara/73/2013,A/South Africa/4655/2013,160
A/Hong Kong/146/2013,A/South Africa/4655/2013,160
A/South Africa/4655/2013,A/South Africa/4655/2013,320
A/Stockholm/1/2013,A/South Africa/4655/2013,320
A/Stockholm/6/2014,A/South Africa/4655/2013,80
A/Norway/466/2014,A/South Africa/4655/2013,40
A/Norway/466/2014,A/South Africa/4655/2013,<40
A/Switzerland/9715293/2013,A/South Africa/4655/2013,80
A/Switzerland/9715293/2013,A/South Africa/4655/2013,<40
A/Palau/6759/2014,A/South Africa/4655/2013,80
A/Palau/6759/2014,A/South Africa/4655/2013,80
A/Palau/6759/2014,A/South Africa/4655/2013,160
A/Osaka-C/2003/2014,A/South Africa/4655/2013,40
A/Taiwan/442/2014,A/South Africa/4655/2013,80
A/Palau/6759/2014,A/South Africa/4655/2013,80
A/Ghana/DILI-0658/2014,A/South Africa/4655/2013,40
A/Victoria/361/2011,A/Stockholm/1/2013,160
A/Texas/50/2012,A/Stockholm/1/2013,160
A/Samara/73/2013,A/Stockholm/1/2013,640
A/Hong Kong/146/2013,A/Stockholm/1/2013,320
A/South Africa/4655/2013,A/Stockholm/1/2013,160
A/Stockholm/1/2013,A/Stockholm/1/2013,160
A/Stockholm/6/2014,A/Stockholm/1/2013,160
A/Norway/466/2014,A/Stockholm/1/2013,160
A/Norway/466/2014,A/Stockholm/1/2013,<40
A/Switzerland/9715293/2013,A/Stockholm/1/2013,160
A/Switzerland/9715293/2013,A/Stockholm/1/2013,40
A/Palau/6759/2014,A/Stockholm/1/2013,320
A/Palau/6759/2014,A/Stockholm/1/2013,320
A/Palau/6759/2014,A/Stockholm/1/2013,320
A/Osaka-C/2003/2014,A/Stockholm/1/2013,160
A/Taiwan/442/2014,A/Stockholm/1/2013,160
A/Palau/6759/2014,A/Stockholm/1/2013,160
A/Ghana/DILI-0658/2014,A/Stockholm/1/2013,160
A/Victoria/361/2011,A/Stockholm/6/2014,640
A/Texas/50/2012,A/Stockholm/6/2014,320
A/Samara/73/2013,A/Stockholm/6/2014,1280
A/Hong Kong/146/2013,A/Stockholm/6/2014,160
A/South Africa/4655/2013,A/Stockholm/6/2014,160
A/Stockholm/1/2013,A/Stockholm/6/2014,80
A/Stockholm/6/2014,A/Stockholm/6/2014,1280
A/Norway/466/2014,A/Stockholm/6/2014,640
A/Norway/466/2014,A/Stockholm/6/2014,160
A/Switzerland/9715293/2013,A/Stockholm/6/2014,640
A/Switzerland/9715293/2013,A/Stockholm/6/2014,320
A/Palau/6759/2014,A/Stockholm/6/2014,1280
A/Palau/6759/2014,A/Stockholm/6/2014,1280
A/Palau/6759/2014,A/Stockholm/6/2014,1280
A/Osaka-C/2003/2014,A/Stockholm/6/2014,640
A/Taiwan/442/2014,A/Stockholm/6/2014,1280
A/Palau/6759/2014,A/Stockholm/6/2014,1280
A/Ghana/DILI-0658/2014,A/Stockholm/6/2014,1280
A/Victoria/361/2011,A/Norway/466/2014,320
A/Texas/50/2012,A/Norway/466/2014,40
A/Samara/73/2013,A/Norway/466/2014,640
A/Hong Kong/146/2013,A/Norway/466/2014,80
A/South Africa/4655/2013,A/Norway/466/2014,80
A/Stockholm/1/2013,A/Norway/466/2014,80
A/Stockholm/6/2014,A/Norway/466/2014,640
A/Norway/466/2014,A/Norway/466/2014,320
A/Norway/466/2014,A/Norway/466/2014,80
A/Switzerland/9715293/2013,A/Norway/466/2014,320
A/Switzerland/9715293/2013,A/Norway/466/2014,320
A/Palau/6759/2014,A/Norway/466/2014,640
A/Palau/6759/2014,A/Norway/466/2014,1280
A/Palau/6759/2014,A/Norway/466/2014,1280
A/Osaka-C/2003/2014,A/Norway/466/2014,320
A/Taiwan/442/2014,A/Norway/466/2014,320
A/Palau/6759/2014,A/Norway/466/2014,640
A/Ghana/DILI-0658/2014,A/Norway/466/2014,320
A/Victoria/361/2011,A/Norway/466/2014,160
A/Texas/50/2012,A/Norway/466/2014,160
A/Samara/73/2013,A/Norway/466/2014,320
A/Hong Kong/146/2013,A/Norway/466/2014,320
A/South Africa/4655/2013,A/Norway/466/2014,40
A/Stockholm/1/2013,A/Norway/466/2014,40
A/Stockholm/6/2014,A/Norway/466/2014,160
A/Norway/466/2014,A/Norway/466/2014,160
A/Norway/466/2014,A/Norway/466/2014,160
A/Switzerland/9715293/2013,A/Norway/466/2014,160
A/Switzerland/9715293/2013,A/Norway/466/2014,320
A/Palau/6759/2014,A/Norway/466/2014,320
A/Palau/6759/2014,A/Norway/466/2014,640
A/Palau/6759/2014,A/Norway/466/2014,640
A/Osaka-C/2003/2014,A/Norway/466/2014,160
A/Taiwan/442/2014,A/Norway/466/2014,160
A/Palau/6759/2014,A/Norway/466/2014,320
A/Ghana/DILI-0658/2014,A/Norway/466/2014,160
A/Victoria/361/2011,A/Switzerland/9715293/2013,160
A/Texas/50/2012,A/Switzerland/9715293/2013,80
A/Samara/73/2013,A/Switzerland/9715293/2013,160
A/Hong Kong/146/2013,A/Switzerland/9715293/2013,80
A/South Africa/4655/2013,A/Switzerland/9715293/2013,<40
A/Stockholm/1/2013,A/Switzerland/9715293/2013,<40
A/Stockholm/6/2014,A/Switzerland/9715293/2013,320
A/Norway/466/2014,A/Switzerland/9715293/2013,160
A/Norway/466/2014,A/Switzerland/9715293/2013,80
A/Switzerland/9715293/2013,A/Switzerland/9715293/2013,320
A/Switzerland/9715293/2013,A/Switzerland/9715293/2013,160
A/Palau/6759/2014,A/Switzerland/9715293/2013,320
A/Palau/6759/2014,A/Switzerland/9715293/2013,640
A/Palau/6759/2014,A/Switzerland/9715293/2013,640
A/Osaka-C/2003/2014,A/Switzerland/9715293/2013,160
A/Taiwan/442/2014,A/Switzerland/9715293/2013,160
A/Palau/6759/2014,A/Switzerland/9715293/2013,320
A/Ghana/DILI-0658/2014,A/Switzerland/9715293/2013,160
A/Victoria/361/2011,A/Switzerland/9715293/2013,320
A/Texas/50/2012,A/Switzerland/9715293/2013,640
A/Samara/73/2013,A/Switzerland/9715293/2013,640
A/Hong Kong/146/2013,A/Switzerland/9715293/2013,640
A/South Africa/4655/2013,A/Switzerland/9715293/2013,<40
A/Stockholm/1/2013,A/Switzerland/9715293/2013,<40
A/Stockholm/6/2014,A/Switzerland/9715293/2013,320
A/Norway/466/2014,A/Switzerland/9715293/2013,160
A/Norway/466/2014,A/Switzerland/9715293/2013,320
A/Switzerland/9715293/2013,A/Switzerland/9715293/2013,320
A/Switzerland/9715293/2013,A/Switzerland/9715293/2013,1280
A/Palau/6759/2014,A/Switzerland/9715293/2013,320
A/Palau/6759/2014,A/Switzerland/9715293/2013,1280
A/Palau/6759/2014,A/Switzerland/9715293/2013,1280
A/Osaka-C/2003/2014,A/Switzerland/9715293/2013,160
A/Taiwan/442/2014,A/Switzerland/9715293/2013,160
A/Palau/6759/2014,A/Switzerland/9715293/2013,1280
A/Ghana/DILI-0658/2014,A/Switzerland/9715293/2013,160
A/Victoria/361/2011,A/Palau/6759/2014,160
A/Texas/50/2012,A/Palau/6759/2014,80
A/Samara/73/2013,A/Palau/6759/2014,320
A/Hong Kong/146/2013,A/Palau/6759/2014,80
A/South Africa/4655/2013,A/Palau/6759/2014,40
A/Stockholm/1/2013,A/Palau/6759/2014,40
A/Stockholm/6/2014,A/Palau/6759/2014,640
A/Norway/466/2014,A/Palau/6759/2014,320
A/Norway/466/2014,A/Palau/6759/2014,40
A/Switzerland/9715293/2013,A/Palau/6759/2014,320
A/Switzerland/9715293/2013,A/Palau/6759/2014,160
A/Palau/6759/2014,A/Palau/6759/2014,640
A/Palau/6759/2014,A/Palau/6759/2014,640
A/Palau/6759/2014,A/Palau/6759/2014,640
A/Osaka-C/2003/2014,A/Palau/6759/2014,320
A/Taiwan/442/2014,A/Palau/6759/2014,320
A/Palau/6759/2014,A/Palau/6759/2014,320
A/Ghana/DILI-0658/2014,A/Palau/6759/2014,320
A/Victoria/361/2011,A/Palau/6759/2014,80
A/Texas/50/2012,A/Palau/6759/2014,160
A/Samara/73/2013,A/Palau/6759/2014,160
A/Hong Kong/146/2013,A/Palau/6759/2014,160
A/South Africa/4655/2013,A/Palau/6759/2014,40
A/Stockholm/1/2013,A/Palau/6759/2014,40
A/Stockholm/6/2014,A/Palau/6759/2014,160
A/Norway/466/2014,A/Palau/6759/2014,80
A/Norway/466/2014,A/Palau/6759/2014,40
A/Switzerland/9715293/2013,A/Palau/6759/2014,160
A/Switzerland/9715293/2013,A/Palau/6759/2014,160
A/Palau/6759/2014,A/Palau/6759/2014,160
A/Palau/6759/2014,A/Palau/6759/2014,1280
A/Palau/6759/2014,A/Palau/6759/2014,1280
A/Osaka-C/2003/2014,A/Palau/6759/2014,160
A/Taiwan/442/2014,A/Palau/6759/2014,160
A/Palau/6759/2014,A/Palau/6759/2014,1280
A/Ghana/DILI-0658/2014,A/Palau/6759/2014,160
A/Victoria/361/2011,A/Palau/6759/2014,80
A/Texas/50/2012,A/Palau/6759/2014,320
A/Samara/73/2013,A/Palau/6759/2014,160
A/Hong Kong/146/2013,A/Palau/6759/2014,160
A/South Africa/4655/2013,A/Palau/6759/2014,40
A/Stockholm/1/2013,A/Palau/6759/2014,40
A/Stockholm/6/2014,A/Palau/6759/2014,160
A/Norway/466/2014,A/Palau/6759/2014,80
A/Norway/466/2014,A/Palau/6759/2014,40
A/Switzerland/9715293/2013,A/Palau/6759/2014,80
A/Switzerland/9715293/2013,A/Palau/6759/2014,160
A/Palau/6759/2014,A/Palau/6759/2014,320
A/Palau/6759/2014,A/Palau/6759/2014,2560
A/Palau/6759/2014,A/Palau/6759/2014,2560
A/Osaka-C/2003/2014,A/Palau/6759/2014,80
A/Taiwan/442/2014,A/Palau/6759/2014,160
A/Palau/6759/2014,A/Palau/6759/2014,2560
A/Ghana/DILI-0658/2014,A/Palau/6759/2014,160
A/Perth/16/2009,A/Perth/16/2009,640
A/Victoria/361/2011,A/Perth/16/2009,160
A/Texas/50/2012,A/Perth/16/2009,640
A/Samara/73/2013,A/Perth/16/2009,320
A/Hong Kong/146/2013,A/Perth/16/2009,640
A/South Africa/4655/2013,A/Perth/16/2009,80
A/Stockholm/6/2014,A/Perth/16/2009,<40
A/Norway/466/2014,A/Perth/16/2009,<40
A/Switzerland/9715293/2013,A/Perth/16/2009,<40
A/Switzerland/9715293/2013,A/Perth/16/2009,40
A/Albania/4869/2014,A/Perth/16/2009,80
A/Albania/4979/2014,A/Perth/16/2009,160
A/Hungary/480/2014,A/Perth/16/2009,40
A/Sapporo/116/2014,A/Perth/16/2009,40
A/Sakai/72/2014,A/Perth/16/2009,<40
A/Haute Normandie/1087/2014,A/Perth/16/2009,40
A/Paris/1124/2014,A/Perth/16/2009,40
A/Pays de Loire/1260/2014,A/Perth/16/2009,80
A/Pays de Loire/1262/2014,A/Perth/16/2009,80
A/Bretagne/1267/2014,A/Perth/16/2009,80
A/Paris/1268/2014,A/Perth/16/2009,40
A/Centre/1329/2014,A/Perth/16/2009,40
A/Centre/1497/2014,A/Perth/16/2009,80
A/Ghana/DARI-0085/2014,A/Perth/16/2009,<40
A/Ghana/FS-0460/2014,A/Perth/16/2009,<40
A/Ghana/DILI-0512/2014,A/Perth/16/2009,<40
A/Perth/16/2009,A/Victoria/361/2011,80
A/Victoria/361/2011,A/Victoria/361/2011,320
A/Texas/50/2012,A/Victoria/361/2011,1280
A/Samara/73/2013,A/Victoria/361/2011,320
A/Hong Kong/146/2013,A/Victoria/361/2011,640
A/South Africa/4655/2013,A/Victoria/361/2011,80
A/Stockholm/6/2014,A/Victoria/361/2011,80
A/Norway/466/2014,A/Victoria/361/2011,<40
A/Switzerland/9715293/2013,A/Victoria/361/2011,40
A/Switzerland/9715293/2013,A/Victoria/361/2011,160
A/Albania/4869/2014,A/Victoria/361/2011,160
A/Albania/4979/2014,A/Victoria/361/2011,160
A/Hungary/480/2014,A/Victoria/361/2011,80
A/Sapporo/116/2014,A/Victoria/361/2011,40
A/Sakai/72/2014,A/Victoria/361/2011,80
A/Haute Normandie/1087/2014,A/Victoria/361/2011,160
A/Paris/1124/2014,A/Victoria/361/2011,160
A/Pays de Loire/1260/2014,A/Victoria/361/2011,160
A/Pays de Loire/1262/2014,A/Victoria/361/2011,160
A/Bretagne/1267/2014,A/Victoria/361/2011,160
A/Paris/1268/2014,A/Victoria/361/2011,160
A/Centre/1329/2014,A/Victoria/361/2011,80
A/Centre/1497/2014,A/Victoria/361/2011,160
A/Ghana/DARI-0085/2014,A/Victoria/361/2011,80
A/Ghana/FS-0460/2014,A/Victoria/361/2011,80
A/Ghana/DILI-0512/2014,A/Victoria/361/2011,80
A/Perth/16/2009,A/Texas/50/2012,160
A/Victoria/361/2011,A/Texas/50/2012,320
A/Texas/50/2012,A/Texas/50/2012,1280
A/Samara/73/2013,A/Texas/50/2012,320
A/Hong Kong/146/2013,A/Texas/50/2012,640
A/South Africa/4655/2013,A/Texas/50/2012,160
A/Stockholm/6/2014,A/Texas/50/2012,80
A/Norway/466/2014,A/Texas/50/2012,40
A/Switzerland/9715293/2013,A/Texas/50/2012,80
A/Switzerland/9715293/2013,A/Texas/50/2012,160
A/Albania/4869/2014,A/Texas/50/2012,160
A/Albania/4979/2014,A/Texas/50/2012,160
A/Hungary/480/2014,A/Texas/50/2012,80
A/Sapporo/116/2014,A/Texas/50/2012,40
A/Sakai/72/2014,A/Texas/50/2012,80
A/Haute Normandie/1087/2014,A/Texas/50/2012,80
A/Paris/1124/2014,A/Texas/50/2012,80
A/Pays de Loire/1260/2014,A/Texas/50/2012,160
A/Pays de Loire/1262/2014,A/Texas/50/2012,160
A/Bretagne/1267/2014,A/Texas/50/2012,160
A/Paris/1268/2014,A/Texas/50/2012,80
A/Centre/1329/2014,A/Texas/50/2012,80
A/Centre/1497/2014,A/Texas/50/2012,160
A/Ghana/DARI-0085/2014,A/Texas/50/2012,80
A/Ghana/FS-0460/2014,A/Texas/50/2012,80
A/Ghana/DILI-0512/2014,A/Texas/50/2012,40
A/Perth/16/2009,A/Samara/73/2013,160
A/Victoria/361/2011,A/Samara/73/2013,640
A/Texas/50/2012,A/Samara/73/2013,1280
A/Samara/73/2013,A/Samara/73/2013,1280
A/Hong Kong/146/2013,A/Samara/73/2013,1280
A/South Africa/4655/2013,A/Samara/73/2013,320
A/Stockholm/6/2014,A/Samara/73/2013,320
A/Norway/466/2014,A/Samara/73/2013,160
A/Switzerland/9715293/2013,A/Samara/73/2013,320
A/Switzerland/9715293/2013,A/Samara/73/2013,160
A/Albania/4869/2014,A/Samara/73/2013,320
A/Albania/4979/2014,A/Samara/73/2013,640
A/Hungary/480/2014,A/Samara/73/2013,160
A/Sapporo/116/2014,A/Samara/73/2013,160
A/Sakai/72/2014,A/Samara/73/2013,160
A/Haute Normandie/1087/2014,A/Samara/73/2013,320
A/Paris/1124/2014,A/Samara/73/2013,320
A/Pays de Loire/1260/2014,A/Samara/73/2013,640
A/Pays de Loire/1262/2014,A/Samara/73/2013,640
A/Bretagne/1267/2014,A/Samara/73/2013,640
A/Paris/1268/2014,A/Samara/73/2013,320
A/Centre/1329/2014,A/Samara/73/2013,160
A/Centre/1497/2014,A/Samara/73/2013,320
A/Ghana/DARI-0085/2014,A/Samara/73/2013,320
A/Ghana/FS-0460/2014,A/Samara/73/2013,160
A/Ghana/DILI-0512/2014,A/Samara/73/2013,160
A/Perth/16/2009,A/Hong Kong/146/2013,160
A/Victoria/361/2011,A/Hong Kong/146/2013,320
A/Texas/50/2012,A/Hong Kong/146/2013,640
A/Samara/73/2013,A/Hong Kong/146/2013,640
A/Hong Kong/146/2013,A/Hong Kong/146/2013,2560
A/South Africa/4655/2013,A/Hong Kong/146/2013,320
A/Stockholm/6/2014,A/Hong Kong/146/2013,160
A/Norway/466/2014,A/Hong Kong/146/2013,80
A/Switzerland/9715293/2013,A/Hong Kong/146/2013,160
A/Switzerland/9715293/2013,A/Hong Kong/146/2013,320
A/Albania/4869/2014,A/Hong Kong/146/2013,160
A/Albania/4979/2014,A/Hong Kong/146/2013,320
A/Hungary/480/2014,A/Hong Kong/146/2013,80
A/Sapporo/116/2014,A/Hong Kong/146/2013,80
A/Sakai/72/2014,A/Hong Kong/146/2013,160
A/Haute Normandie/1087/2014,A/Hong Kong/146/2013,160
A/Paris/1124/2014,A/Hong Kong/146/2013,160
A/Pays de Loire/1260/2014,A/Hong Kong/146/2013,320
A/Pays de Loire/1262/2014,A/Hong Kong/146/2013,320
A/Bretagne/1267/2014,A/Hong Kong/146/2013,320
A/Paris/1268/2014,A/Hong Kong/146/2013,160
A/Centre/1329/2014,A/Hong Kong/146/2013,160
A/Centre/1497/2014,A/Hong Kong/146/2013,320
A/Ghana/DARI-0085/2014,A/Hong Kong/146/2013,160
A/Ghana/FS-0460/2014,A/Hong Kong/146/2013,160
A/Ghana/DILI-0512/2014,A/Hong Kong/146/2013,80
A/Perth/16/2009,A/South Africa/4655/2013,40
A/Victoria/361/2011,A/South Africa/4655/2013,160
A/Texas/50/2012,A/South Africa/4655/2013,80
A/Samara/73/2013,A/South Africa/4655/2013,160
A/Hong Kong/146/2013,A/South Africa/4655/2013,160
A/South Africa/4655/2013,A/South Africa/4655/2013,320
A/Stockholm/6/2014,A/South Africa/4655/2013,80
A/Norway/466/2014,A/South Africa/4655/2013,40
A/Switzerland/9715293/2013,A/South Africa/4655/2013,80
A/Switzerland/9715293/2013,A/South Africa/4655/2013,<40
A/Albania/4869/2014,A/South Africa/4655/2013,80
A/Albania/4979/2014,A/South Africa/4655/2013,80
A/Hungary/480/2014,A/South Africa/4655/2013,40
A/Sapporo/116/2014,A/South Africa/4655/2013,<40
A/Sakai/72/2014,A/South Africa/4655/2013,40
A/Haute Normandie/1087/2014,A/South Africa/4655/2013,80
A/Paris/1124/2014,A/South Africa/4655/2013,40
A/Pays de Loire/1260/2014,A/South Africa/4655/2013,80
A/Pays de Loire/1262/2014,A/South Africa/4655/2013,80
A/Bretagne/1267/2014,A/South Africa/4655/2013,80
A/Paris/1268/2014,A/South Africa/4655/2013,40
A/Centre/1329/2014,A/South Africa/4655/2013,40
A/Centre/1497/2014,A/South Africa/4655/2013,80
A/Ghana/DARI-0085/2014,A/South Africa/4655/2013,80
A/Ghana/FS-0460/2014,A/South Africa/4655/2013,40
A/Ghana/DILI-0512/2014,A/South Africa/4655/2013,40
A/Perth/16/2009,A/Stockholm/6/2014,80
A/Victoria/361/2011,A/Stockholm/6/2014,640
A/Texas/50/2012,A/Stockholm/6/2014,320
A/Samara/73/2013,A/Stockholm/6/2014,640
A/Hong Kong/146/2013,A/Stockholm/6/2014,160
A/South Africa/4655/2013,A/Stockholm/6/2014,160
A/Stockholm/6/2014,A/Stockholm/6/2014,640
A/Norway/466/2014,A/Stockholm/6/2014,640
A/Switzerland/9715293/2013,A/Stockholm/6/2014,640
A/Switzerland/9715293/2013,A/Stockholm/6/2014,320
A/Albania/4869/2014,A/Stockholm/6/2014,320
A/Albania/4979/2014,A/Stockholm/6/2014,640
A/Hungary/480/2014,A/Stockholm/6/2014,320
A/Sapporo/116/2014,A/Stockholm/6/2014,160
A/Sakai/72/2014,A/Stockholm/6/2014,320
A/Haute Normandie/1087/2014,A/Stockholm/6/2014,320
A/Paris/1124/2014,A/Stockholm/6/2014,320
A/Pays de Loire/1260/2014,A/Stockholm/6/2014,640
A/Pays de Loire/1262/2014,A/Stockholm/6/2014,640
A/Bretagne/1267/2014,A/Stockholm/6/2014,640
A/Paris/1268/2014,A/Stockholm/6/2014,320
A/Centre/1329/2014,A/Stockholm/6/2014,320
A/Centre/1497/2014,A/Stockholm/6/2014,320
A/Ghana/DARI-0085/2014,A/Stockholm/6/2014,640
A/Ghana/FS-0460/2014,A/Stockholm/6/2014,640
A/Ghana/DILI-0512/2014,A/Stockholm/6/2014,640
A/Perth/16/2009,A/Norway/466/2014,40
A/Victoria/361/2011,A/Norway/466/2014,320
A/Texas/50/2012,A/Norway/466/2014,80
A/Samara/73/2013,A/Norway/466/2014,320
A/Hong Kong/146/2013,A/Norway/466/2014,80
A/South Africa/4655/2013,A/Norway/466/2014,80
A/Stockholm/6/2014,A/Norway/466/2014,320
A/Norway/466/2014,A/Norway/466/2014,320
A/Switzerland/9715293/2013,A/Norway/466/2014,320
A/Switzerland/9715293/2013,A/Norway/466/2014,160
A/Albania/4869/2014,A/Norway/466/2014,160
A/Albania/4979/2014,A/Norway/466/2014,320
A/Hungary/480/2014,A/Norway/466/2014,160
A/Sapporo/116/2014,A/Norway/466/2014,160
A/Sakai/72/2014,A/Norway/466/2014,160
A/Haute Normandie/1087/2014,A/Norway/466/2014,160
A/Paris/1124/2014,A/Norway/466/2014,160
A/Pays de Loire/1260/2014,A/Norway/466/2014,320
A/Pays de Loire/1262/2014,A/Norway/466/2014,320
A/Bretagne/1267/2014,A/Norway/466/2014,320
A/Paris/1268/2014,A/Norway/466/2014,160
A/Centre/1329/2014,A/Norway/466/2014,160
A/Centre/1497/2014,A/Norway/466/2014,160
A/Ghana/DARI-0085/2014,A/Norway/466/2014,320
A/Ghana/FS-0460/2014,A/Norway/466/2014,320
A/Ghana/DILI-0512/2014,A/Norway/466/2014,320
A/Perth/16/2009,A/Switzerland/9715293/2013,<40
A/Victoria/361/2011,A/Switzerland/9715293/2013,160
A/Texas/50/2012,A/Switzerland/9715293/2013,80
A/Samara/73/2013,A/Switzerland/9715293/2013,160
A/Hong Kong/146/2013,A/Switzerland/9715293/2013,80
A/South Africa/4655/2013,A/Switzerland/9715293/2013,40
A/Stockholm/6/2014,A/Switzerland/9715293/2013,160
A/Norway/466/2014,A/Switzerland/9715293/2013,160
A/Switzerland/9715293/2013,A/Switzerland/9715293/2013,160
A/Switzerland/9715293/2013,A/Switzerland/9715293/2013,80
A/Albania/4869/2014,A/Switzerland/9715293/2013,80
A/Albania/4979/2014,A/Switzerland/9715293/2013,80
A/Hungary/480/2014,A/Switzerland/9715293/2013,40
A/Sapporo/116/2014,A/Switzerland/9715293/2013,<40
A/Sakai/72/2014,A/Switzerland/9715293/2013,80
A/Haute Normandie/1087/2014,A/Switzerland/9715293/2013,40
A/Paris/1124/2014,A/Switzerland/9715293/2013,80
A/Pays de Loire/1260/2014,A/Switzerland/9715293/2013,80
A/Pays de Loire/1262/2014,A/Switzerland/9715293/2013,80
A/Bretagne/1267/2014,A/Switzerland/9715293/2013,80
A/Paris/1268/2014,A/Switzerland/9715293/2013,40
A/Centre/1329/2014,A/Switzerland/9715293/2013,40
A/Centre/1497/2014,A/Switzerland/9715293/2013,80
A/Ghana/DARI-0085/2014,A/Switzerland/9715293/2013,160
A/Ghana/FS-0460/2014,A/Switzerland/9715293/2013,160
A/Ghana/DILI-0512/2014,A/Switzerland/9715293/2013,160
A/Perth/16/2009,A/Switzerland/9715293/2013,80
A/Victoria/361/2011,A/Switzerland/9715293/2013,320
A/Texas/50/2012,A/Switzerland/9715293/2013,640
A/Samara/73/2013,A/Switzerland/9715293/2013,640
A/Hong Kong/146/2013,A/Switzerland/9715293/2013,640
A/South Africa/4655/2013,A/Switzerland/9715293/2013,40
A/Stockholm/6/2014,A/Switzerland/9715293/2013,160
A/Norway/466/2014,A/Switzerland/9715293/2013,160
A/Switzerland/9715293/2013,A/Switzerland/9715293/2013,160
A/Switzerland/9715293/2013,A/Switzerland/9715293/2013,1280
A/Albania/4869/2014,A/Switzerland/9715293/2013,160
A/Albania/4979/2014,A/Switzerland/9715293/2013,320
A/Hungary/480/2014,A/Switzerland/9715293/2013,80
A/Sapporo/116/2014,A/Switzerland/9715293/2013,80
A/Sakai/72/2014,A/Switzerland/9715293/2013,160
A/Haute Normandie/1087/2014,A/Switzerland/9715293/2013,40
A/Paris/1124/2014,A/Switzerland/9715293/2013,80
A/Pays de Loire/1260/2014,A/Switzerland/9715293/2013,160
A/Pays de Loire/1262/2014,A/Switzerland/9715293/2013,160
A/Bretagne/1267/2014,A/Switzerland/9715293/2013,160
A/Paris/1268/2014,A/Switzerland/9715293/2013,160
A/Centre/1329/2014,A/Switzerland/9715293/2013,80
A/Centre/1497/2014,A/Switzerland/9715293/2013,160
A/Ghana/DARI-0085/2014,A/Switzerland/9715293/2013,320
A/Ghana/FS-0460/2014,A/Switzerland/9715293/2013,160
A/Ghana/DILI-0512/2014,A/Switzerland/9715293/2013,160
A/Perth/16/2009,A/Perth/16/2009,640
A/Victoria/361/2011,A/Perth/16/2009,160
A/Texas/50/2012,A/Perth/16/2009,640
A/Samara/73/2013,A/Perth/16/2009,320
A/Hong Kong/146/2013,A/Perth/16/2009,320
A/South Africa/4655/2013,A/Perth/16/2009,40
A/Stockholm/6/2014,A/Perth/16/2009,<40
A/Norway/466/2014,A/Perth/16/2009,<40
A/Switzerland/9715293/2013,A/Perth/16/2009,<40
A/Switzerland/9715293/2013,A/Perth/16/2009,<40
A/Tasmania/11/2014,A/Perth/16/2009,<40
A/Tasmania/11/2014,A/Perth/16/2009,<40
A/Belgrade/2114/2014,A/Perth/16/2009,40
A/South Australia/55/2014,A/Perth/16/2009,<40
A/South Australia/55/2014,A/Perth/16/2009,<40
A/Newcastle/22/2014,A/Perth/16/2009,<40
A/Newcastle/22/2014,A/Perth/16/2009,80
A/Norway/2006/2014,A/Perth/16/2009,40
A/Norway/2034/2014,A/Perth/16/2009,40
A/Perth/16/2009,A/Victoria/361/2011,80
A/Victoria/361/2011,A/Victoria/361/2011,320
A/Texas/50/2012,A/Victoria/361/2011,1280
A/Samara/73/2013,A/Victoria/361/2011,320
A/Hong Kong/146/2013,A/Victoria/361/2011,320
A/South Africa/4655/2013,A/Victoria/361/2011,40
A/Stockholm/6/2014,A/Victoria/361/2011,40
A/Norway/466/2014,A/Victoria/361/2011,<40
A/Switzerland/9715293/2013,A/Victoria/361/2011,40
A/Switzerland/9715293/2013,A/Victoria/361/2011,80
A/Tasmania/11/2014,A/Victoria/361/2011,320
A/Tasmania/11/2014,A/Victoria/361/2011,40
A/Belgrade/2114/2014,A/Victoria/361/2011,80
A/South Australia/55/2014,A/Victoria/361/2011,80
A/South Australia/55/2014,A/Victoria/361/2011,40
A/Newcastle/22/2014,A/Victoria/361/2011,<40
A/Newcastle/22/2014,A/Victoria/361/2011,80
A/Norway/2006/2014,A/Victoria/361/2011,160
A/Norway/2034/2014,A/Victoria/361/2011,80
A/Perth/16/2009,A/Texas/50/2012,160
A/Victoria/361/2011,A/Texas/50/2012,320
A/Texas/50/2012,A/Texas/50/2012,1280
A/Samara/73/2013,A/Texas/50/2012,320
A/Hong Kong/146/2013,A/Texas/50/2012,640
A/South Africa/4655/2013,A/Texas/50/2012,160
A/Stockholm/6/2014,A/Texas/50/2012,40
A/Norway/466/2014,A/Texas/50/2012,40
A/Switzerland/9715293/2013,A/Texas/50/2012,40
A/Switzerland/9715293/2013,A/Texas/50/2012,80
A/Tasmania/11/2014,A/Texas/50/2012,40
A/Tasmania/11/2014,A/Texas/50/2012,40
A/Belgrade/2114/2014,A/Texas/50/2012,80
A/South Australia/55/2014,A/Texas/50/2012,80
A/South Australia/55/2014,A/Texas/50/2012,40
A/Newcastle/22/2014,A/Texas/50/2012,40
A/Newcastle/22/2014,A/Texas/50/2012,80
A/Norway/2006/2014,A/Texas/50/2012,80
A/Norway/2034/2014,A/Texas/50/2012,80
A/Perth/16/2009,A/Samara/73/2013,80
A/Victoria/361/2011,A/Samara/73/2013,640
A/Texas/50/2012,A/Samara/73/2013,640
A/Samara/73/2013,A/Samara/73/2013,1280
A/Hong Kong/146/2013,A/Samara/73/2013,640
A/South Africa/4655/2013,A/Samara/73/2013,320
A/Stockholm/6/2014,A/Samara/73/2013,160
A/Norway/466/2014,A/Samara/73/2013,160
A/Switzerland/9715293/2013,A/Samara/73/2013,160
A/Switzerland/9715293/2013,A/Samara/73/2013,80
A/Tasmania/11/2014,A/Samara/73/2013,40
A/Tasmania/11/2014,A/Samara/73/2013,160
A/Belgrade/2114/2014,A/Samara/73/2013,320
A/South Australia/55/2014,A/Samara/73/2013,40
A/South Australia/55/2014,A/Samara/73/2013,160
A/Newcastle/22/2014,A/Samara/73/2013,80
A/Newcastle/22/2014,A/Samara/73/2013,320
A/Norway/2006/2014,A/Samara/73/2013,320
A/Norway/2034/2014,A/Samara/73/2013,320
A/Perth/16/2009,A/Hong Kong/146/2013,160
A/Victoria/361/2011,A/Hong Kong/146/2013,320
A/Texas/50/2012,A/Hong Kong/146/2013,640
A/Samara/73/2013,A/Hong Kong/146/2013,1280
A/Hong Kong/146/2013,A/Hong Kong/146/2013,1280
A/South Africa/4655/2013,A/Hong Kong/146/2013,320
A/Stockholm/6/2014,A/Hong Kong/146/2013,80
A/Norway/466/2014,A/Hong Kong/146/2013,80
A/Switzerland/9715293/2013,A/Hong Kong/146/2013,80
A/Switzerland/9715293/2013,A/Hong Kong/146/2013,320
A/Tasmania/11/2014,A/Hong Kong/146/2013,40
A/Tasmania/11/2014,A/Hong Kong/146/2013,80
A/Belgrade/2114/2014,A/Hong Kong/146/2013,160
A/South Australia/55/2014,A/Hong Kong/146/2013,40
A/South Australia/55/2014,A/Hong Kong/146/2013,80
A/Newcastle/22/2014,A/Hong Kong/146/2013,80
A/Newcastle/22/2014,A/Hong Kong/146/2013,160
A/Norway/2006/2014,A/Hong Kong/146/2013,160
A/Norway/2034/2014,A/Hong Kong/146/2013,160
A/Perth/16/2009,A/South Africa/4655/2013,<40
A/Victoria/361/2011,A/South Africa/4655/2013,160
A/Texas/50/2012,A/South Africa/4655/2013,80
A/Samara/73/2013,A/South Africa/4655/2013,160
A/Hong Kong/146/2013,A/South Africa/4655/2013,80
A/South Africa/4655/2013,A/South Africa/4655/2013,320
A/Stockholm/6/2014,A/South Africa/4655/2013,40
A/Norway/466/2014,A/South Africa/4655/2013,40
A/Switzerland/9715293/2013,A/South Africa/4655/2013,40
A/Switzerland/9715293/2013,A/South Africa/4655/2013,<40
A/Tasmania/11/2014,A/South Africa/4655/2013,<40
A/Tasmania/11/2014,A/South Africa/4655/2013,40
A/Belgrade/2114/2014,A/South Africa/4655/2013,40
A/South Australia/55/2014,A/South Africa/4655/2013,<40
A/South Australia/55/2014,A/South Africa/4655/2013,80
A/Newcastle/22/2014,A/South Africa/4655/2013,160
A/Newcastle/22/2014,A/South Africa/4655/2013,40
A/Norway/2006/2014,A/South Africa/4655/2013,80
A/Norway/2034/2014,A/South Africa/4655/2013,40
A/Perth/16/2009,A/Stockholm/6/2014,40
A/Victoria/361/2011,A/Stockholm/6/2014,320
A/Texas/50/2012,A/Stockholm/6/2014,160
A/Samara/73/2013,A/Stockholm/6/2014,640
A/Hong Kong/146/2013,A/Stockholm/6/2014,80
A/South Africa/4655/2013,A/Stockholm/6/2014,80
A/Stockholm/6/2014,A/Stockholm/6/2014,320
A/Norway/466/2014,A/Stockholm/6/2014,320
A/Switzerland/9715293/2013,A/Stockholm/6/2014,640
A/Switzerland/9715293/2013,A/Stockholm/6/2014,160
A/Tasmania/11/2014,A/Stockholm/6/2014,80
A/Tasmania/11/2014,A/Stockholm/6/2014,640
A/Belgrade/2114/2014,A/Stockholm/6/2014,320
A/South Australia/55/2014,A/Stockholm/6/2014,160
A/South Australia/55/2014,A/Stockholm/6/2014,640
A/Newcastle/22/2014,A/Stockholm/6/2014,80
A/Newcastle/22/2014,A/Stockholm/6/2014,320
A/Norway/2006/2014,A/Stockholm/6/2014,640
A/Norway/2034/2014,A/Stockholm/6/2014,320
A/Perth/16/2009,A/Norway/466/2014,40
A/Victoria/361/2011,A/Norway/466/2014,160
A/Texas/50/2012,A/Norway/466/2014,80
A/Samara/73/2013,A/Norway/466/2014,320
A/Hong Kong/146/2013,A/Norway/466/2014,80
A/South Africa/4655/2013,A/Norway/466/2014,80
A/Stockholm/6/2014,A/Norway/466/2014,160
A/Norway/466/2014,A/Norway/466/2014,320
A/Switzerland/9715293/2013,A/Norway/466/2014,320
A/Switzerland/9715293/2013,A/Norway/466/2014,160
A/Tasmania/11/2014,A/Norway/466/2014,80
A/Tasmania/11/2014,A/Norway/466/2014,320
A/Belgrade/2114/2014,A/Norway/466/2014,160
A/South Australia/55/2014,A/Norway/466/2014,160
A/South Australia/55/2014,A/Norway/466/2014,320
A/Newcastle/22/2014,A/Norway/466/2014,80
A/Newcastle/22/2014,A/Norway/466/2014,160
A/Norway/2006/2014,A/Norway/466/2014,160
A/Norway/2034/2014,A/Norway/466/2014,160
A/Perth/16/2009,A/Switzerland/9715293/2013,<40
A/Victoria/361/2011,A/Switzerland/9715293/2013,80
A/Texas/50/2012,A/Switzerland/9715293/2013,40
A/Samara/73/2013,A/Switzerland/9715293/2013,160
A/Hong Kong/146/2013,A/Switzerland/9715293/2013,40
A/South Africa/4655/2013,A/Switzerland/9715293/2013,40
A/Stockholm/6/2014,A/Switzerland/9715293/2013,80
A/Norway/466/2014,A/Switzerland/9715293/2013,80
A/Switzerland/9715293/2013,A/Switzerland/9715293/2013,160
A/Switzerland/9715293/2013,A/Switzerland/9715293/2013,80
A/Tasmania/11/2014,A/Switzerland/9715293/2013,80
A/Tasmania/11/2014,A/Switzerland/9715293/2013,160
A/Belgrade/2114/2014,A/Switzerland/9715293/2013,40
A/South Australia/55/2014,A/Switzerland/9715293/2013,80
A/South Australia/55/2014,A/Switzerland/9715293/2013,160
A/Newcastle/22/2014,A/Switzerland/9715293/2013,<40
A/Newcastle/22/2014,A/Switzerland/9715293/2013,40
A/Norway/2006/2014,A/Switzerland/9715293/2013,80
A/Norway/2034/2014,A/Switzerland/9715293/2013,40
A/Perth/16/2009,A/Switzerland/9715293/2013,80
A/Victoria/361/2011,A/Switzerland/9715293/2013,160
A/Texas/50/2012,A/Switzerland/9715293/2013,640
A/Samara/73/2013,A/Switzerland/9715293/2013,320
A/Hong Kong/146/2013,A/Switzerland/9715293/2013,640
A/South Africa/4655/2013,A/Switzerland/9715293/2013,40
A/Stockholm/6/2014,A/Switzerland/9715293/2013,80
A/Norway/466/2014,A/Switzerland/9715293/2013,160
A/Switzerland/9715293/2013,A/Switzerland/9715293/2013,160
A/Switzerland/9715293/2013,A/Switzerland/9715293/2013,640
A/Tasmania/11/2014,A/Switzerland/9715293/2013,160
A/Tasmania/11/2014,A/Switzerland/9715293/2013,80
A/Belgrade/2114/2014,A/Switzerland/9715293/2013,80
A/South Australia/55/2014,A/Switzerland/9715293/2013,160
A/South Australia/55/2014,A/Switzerland/9715293/2013,160
A/Newcastle/22/2014,A/Switzerland/9715293/2013,<40
A/Newcastle/22/2014,A/Switzerland/9715293/2013,80
A/Norway/2006/2014,A/Switzerland/9715293/2013,80
A/Norway/2034/2014,A/Switzerland/9715293/2013,80
A/Perth/16/2009,A/Tasmania/11/2014,<40
A/Victoria/361/2011,A/Tasmania/11/2014,80
A/Texas/50/2012,A/Tasmania/11/2014,40
A/Samara/73/2013,A/Tasmania/11/2014,80
A/Hong Kong/146/2013,A/Tasmania/11/2014,80
A/South Africa/4655/2013,A/Tasmania/11/2014,40
A/Stockholm/6/2014,A/Tasmania/11/2014,40
A/Norway/466/2014,A/Tasmania/11/2014,40
A/Switzerland/9715293/2013,A/Tasmania/11/2014,80
A/Switzerland/9715293/2013,A/Tasmania/11/2014,80
A/Tasmania/11/2014,A/Tasmania/11/2014,80
A/Tasmania/11/2014,A/Tasmania/11/2014,40
A/Belgrade/2114/2014,A/Tasmania/11/2014,40
A/South Australia/55/2014,A/Tasmania/11/2014,40
A/South Australia/55/2014,A/Tasmania/11/2014,80
A/Newcastle/22/2014,A/Tasmania/11/2014,<40
A/Newcastle/22/2014,A/Tasmania/11/2014,40
A/Norway/2006/2014,A/Tasmania/11/2014,80
A/Norway/2034/2014,A/Tasmania/11/2014,40
A/Perth/16/2009,A/Perth/16/2009,640
A/Victoria/361/2011,A/Perth/16/2009,160
A/Texas/50/2012,A/Perth/16/2009,640
A/Samara/73/2013,A/Perth/16/2009,320
A/Hong Kong/146/2013,A/Perth/16/2009,640
A/South Africa/4655/2013,A/Perth/16/2009,40
A/Stockholm/6/2014,A/Perth/16/2009,<40
A/Stockholm/6/2014,A/Perth/16/2009,80
A/Norway/466/2014,A/Perth/16/2009,<40
A/Switzerland/9715293/2013,A/Perth/16/2009,<40
A/Switzerland/9715293/2013,A/Perth/16/2009,40
A/Palau/6759/2014,A/Perth/16/2009,80
A/Palau/6759/2014,A/Perth/16/2009,<40
A/Palau/6759/2014,A/Perth/16/2009,<40
A/Sydney/71/2014,A/Perth/16/2009,<40
A/Lithuania/9947/2014,A/Perth/16/2009,40
A/St Petersburg/80/2014,A/Perth/16/2009,<40
A/Norway/1648/2014,A/Perth/16/2009,80
A/Cameroon/4046/2014,A/Perth/16/2009,<40
A/Cameroon/4045/2014,A/Perth/16/2009,<40
A/Cameroon/4427/2014,A/Perth/16/2009,<40
A/Cameroon/4680/2014,A/Perth/16/2009,<40
A/Perth/16/2009,A/Victoria/361/2011,80
A/Victoria/361/2011,A/Victoria/361/2011,320
A/Texas/50/2012,A/Victoria/361/2011,1280
A/Samara/73/2013,A/Victoria/361/2011,320
A/Hong Kong/146/2013,A/Victoria/361/2011,640
A/South Africa/4655/2013,A/Victoria/361/2011,40
A/Stockholm/6/2014,A/Victoria/361/2011,40
A/Stockholm/6/2014,A/Victoria/361/2011,160
A/Norway/466/2014,A/Victoria/361/2011,<40
A/Switzerland/9715293/2013,A/Victoria/361/2011,40
A/Switzerland/9715293/2013,A/Victoria/361/2011,160
A/Palau/6759/2014,A/Victoria/361/2011,320
A/Palau/6759/2014,A/Victoria/361/2011,160
A/Palau/6759/2014,A/Victoria/361/2011,80
A/Sydney/71/2014,A/Victoria/361/2011,80
A/Lithuania/9947/2014,A/Victoria/361/2011,80
A/St Petersburg/80/2014,A/Victoria/361/2011,80
A/Norway/1648/2014,A/Victoria/361/2011,80
A/Cameroon/4046/2014,A/Victoria/361/2011,40
A/Cameroon/4045/2014,A/Victoria/361/2011,40
A/Cameroon/4427/2014,A/Victoria/361/2011,40
A/Cameroon/4680/2014,A/Victoria/361/2011,40
A/Perth/16/2009,A/Texas/50/2012,160
A/Victoria/361/2011,A/Texas/50/2012,320
A/Texas/50/2012,A/Texas/50/2012,1280
A/Samara/73/2013,A/Texas/50/2012,320
A/Hong Kong/146/2013,A/Texas/50/2012,640
A/South Africa/4655/2013,A/Texas/50/2012,80
A/Stockholm/6/2014,A/Texas/50/2012,40
A/Stockholm/6/2014,A/Texas/50/2012,160
A/Norway/466/2014,A/Texas/50/2012,40
A/Switzerland/9715293/2013,A/Texas/50/2012,40
A/Switzerland/9715293/2013,A/Texas/50/2012,160
A/Palau/6759/2014,A/Texas/50/2012,320
A/Palau/6759/2014,A/Texas/50/2012,160
A/Palau/6759/2014,A/Texas/50/2012,40
A/Sydney/71/2014,A/Texas/50/2012,80
A/Lithuania/9947/2014,A/Texas/50/2012,80
A/St Petersburg/80/2014,A/Texas/50/2012,80
A/Norway/1648/2014,A/Texas/50/2012,160
A/Cameroon/4046/2014,A/Texas/50/2012,40
A/Cameroon/4045/2014,A/Texas/50/2012,40
A/Cameroon/4427/2014,A/Texas/50/2012,40
A/Cameroon/4680/2014,A/Texas/50/2012,40
A/Perth/16/2009,A/Samara/73/2013,160
A/Victoria/361/2011,A/Samara/73/2013,640
A/Texas/50/2012,A/Samara/73/2013,640
A/Samara/73/2013,A/Samara/73/2013,1280
A/Hong Kong/146/2013,A/Samara/73/2013,1280
A/South Africa/4655/2013,A/Samara/73/2013,320
A/Stockholm/6/2014,A/Samara/73/2013,160
A/Stockholm/6/2014,A/Samara/73/2013,80
A/Norway/466/2014,A/Samara/73/2013,80
A/Switzerland/9715293/2013,A/Samara/73/2013,160
A/Switzerland/9715293/2013,A/Samara/73/2013,160
A/Palau/6759/2014,A/Samara/73/2013,320
A/Palau/6759/2014,A/Samara/73/2013,80
A/Palau/6759/2014,A/Samara/73/2013,320
A/Sydney/71/2014,A/Samara/73/2013,160
A/Lithuania/9947/2014,A/Samara/73/2013,160
A/St Petersburg/80/2014,A/Samara/73/2013,160
A/Norway/1648/2014,A/Samara/73/2013,320
A/Cameroon/4046/2014,A/Samara/73/2013,160
A/Cameroon/4045/2014,A/Samara/73/2013,160
A/Cameroon/4427/2014,A/Samara/73/2013,160
A/Cameroon/4680/2014,A/Samara/73/2013,160
A/Perth/16/2009,A/Hong Kong/146/2013,160
A/Victoria/361/2011,A/Hong Kong/146/2013,320
A/Texas/50/2012,A/Hong Kong/146/2013,640
A/Samara/73/2013,A/Hong Kong/146/2013,1280
A/Hong Kong/146/2013,A/Hong Kong/146/2013,2560
A/South Africa/4655/2013,A/Hong Kong/146/2013,160
A/Stockholm/6/2014,A/Hong Kong/146/2013,80
A/Stockholm/6/2014,A/Hong Kong/146/2013,160
A/Norway/466/2014,A/Hong Kong/146/2013,80
A/Switzerland/9715293/2013,A/Hong Kong/146/2013,80
A/Switzerland/9715293/2013,A/Hong Kong/146/2013,320
A/Palau/6759/2014,A/Hong Kong/146/2013,320
A/Palau/6759/2014,A/Hong Kong/146/2013,80
A/Palau/6759/2014,A/Hong Kong/146/2013,160
A/Sydney/71/2014,A/Hong Kong/146/2013,80
A/Lithuania/9947/2014,A/Hong Kong/146/2013,160
A/St Petersburg/80/2014,A/Hong Kong/146/2013,160
A/Norway/1648/2014,A/Hong Kong/146/2013,160
A/Cameroon/4046/2014,A/Hong Kong/146/2013,80
A/Cameroon/4045/2014,A/Hong Kong/146/2013,80
A/Cameroon/4427/2014,A/Hong Kong/146/2013,160
A/Cameroon/4680/2014,A/Hong Kong/146/2013,80
A/Perth/16/2009,A/South Africa/4655/2013,40
A/Victoria/361/2011,A/South Africa/4655/2013,160
A/Texas/50/2012,A/South Africa/4655/2013,80
A/Samara/73/2013,A/South Africa/4655/2013,160
A/Hong Kong/146/2013,A/South Africa/4655/2013,160
A/South Africa/4655/2013,A/South Africa/4655/2013,320
A/Stockholm/6/2014,A/South Africa/4655/2013,40
A/Stockholm/6/2014,A/South Africa/4655/2013,<40
A/Norway/466/2014,A/South Africa/4655/2013,40
A/Switzerland/9715293/2013,A/South Africa/4655/2013,40
A/Switzerland/9715293/2013,A/South Africa/4655/2013,<40
A/Palau/6759/2014,A/South Africa/4655/2013,80
A/Palau/6759/2014,A/South Africa/4655/2013,<40
A/Palau/6759/2014,A/South Africa/4655/2013,40
A/Sydney/71/2014,A/South Africa/4655/2013,40
A/Lithuania/9947/2014,A/South Africa/4655/2013,<40
A/St Petersburg/80/2014,A/South Africa/4655/2013,40
A/Norway/1648/2014,A/South Africa/4655/2013,<40
A/Cameroon/4046/2014,A/South Africa/4655/2013,40
A/Cameroon/4045/2014,A/South Africa/4655/2013,40
A/Cameroon/4427/2014,A/South Africa/4655/2013,40
A/Cameroon/4680/2014,A/South Africa/4655/2013,40
A/Perth/16/2009,A/Stockholm/6/2014,40
A/Victoria/361/2011,A/Stockholm/6/2014,320
A/Texas/50/2012,A/Stockholm/6/2014,160
A/Samara/73/2013,A/Stockholm/6/2014,640
A/Hong Kong/146/2013,A/Stockholm/6/2014,80
A/South Africa/4655/2013,A/Stockholm/6/2014,80
A/Stockholm/6/2014,A/Stockholm/6/2014,320
A/Stockholm/6/2014,A/Stockholm/6/2014,160
A/Norway/466/2014,A/Stockholm/6/2014,320
A/Switzerland/9715293/2013,A/Stockholm/6/2014,320
A/Switzerland/9715293/2013,A/Stockholm/6/2014,320
A/Palau/6759/2014,A/Stockholm/6/2014,640
A/Palau/6759/2014,A/Stockholm/6/2014,160
A/Palau/6759/2014,A/Stockholm/6/2014,640
A/Sydney/71/2014,A/Stockholm/6/2014,320
A/Lithuania/9947/2014,A/Stockholm/6/2014,160
A/St Petersburg/80/2014,A/Stockholm/6/2014,320
A/Norway/1648/2014,A/Stockholm/6/2014,320
A/Cameroon/4046/2014,A/Stockholm/6/2014,640
A/Cameroon/4045/2014,A/Stockholm/6/2014,640
A/Cameroon/4427/2014,A/Stockholm/6/2014,640
A/Cameroon/4680/2014,A/Stockholm/6/2014,640
A/Perth/16/2009,A/Stockholm/6/2014,80
A/Victoria/361/2011,A/Stockholm/6/2014,160
A/Texas/50/2012,A/Stockholm/6/2014,640
A/Samara/73/2013,A/Stockholm/6/2014,640
A/Hong Kong/146/2013,A/Stockholm/6/2014,640
A/South Africa/4655/2013,A/Stockholm/6/2014,40
A/Stockholm/6/2014,A/Stockholm/6/2014,160
A/Stockholm/6/2014,A/Stockholm/6/2014,320
A/Norway/466/2014,A/Stockholm/6/2014,160
A/Switzerland/9715293/2013,A/Stockholm/6/2014,160
A/Switzerland/9715293/2013,A/Stockholm/6/2014,320
A/Palau/6759/2014,A/Stockholm/6/2014,1280
A/Palau/6759/2014,A/Stockholm/6/2014,320
A/Palau/6759/2014,A/Stockholm/6/2014,160
A/Sydney/71/2014,A/Stockholm/6/2014,80
A/Lithuania/9947/2014,A/Stockholm/6/2014,80
A/St Petersburg/80/2014,A/Stockholm/6/2014,160
A/Norway/1648/2014,A/Stockholm/6/2014,80
A/Cameroon/4046/2014,A/Stockholm/6/2014,160
A/Cameroon/4045/2014,A/Stockholm/6/2014,160
A/Cameroon/4427/2014,A/Stockholm/6/2014,160
A/Cameroon/4680/2014,A/Stockholm/6/2014,160
A/Perth/16/2009,A/Norway/466/2014,40
A/Victoria/361/2011,A/Norway/466/2014,160
A/Texas/50/2012,A/Norway/466/2014,80
A/Samara/73/2013,A/Norway/466/2014,320
A/Hong Kong/146/2013,A/Norway/466/2014,80
A/South Africa/4655/2013,A/Norway/466/2014,80
A/Stockholm/6/2014,A/Norway/466/2014,320
A/Stockholm/6/2014,A/Norway/466/2014,160
A/Norway/466/2014,A/Norway/466/2014,320
A/Switzerland/9715293/2013,A/Norway/466/2014,320
A/Switzerland/9715293/2013,A/Norway/466/2014,160
A/Palau/6759/2014,A/Norway/466/2014,640
A/Palau/6759/2014,A/Norway/466/2014,160
A/Palau/6759/2014,A/Norway/466/2014,320
A/Sydney/71/2014,A/Norway/466/2014,160
A/Lithuania/9947/2014,A/Norway/466/2014,160
A/St Petersburg/80/2014,A/Norway/466/2014,160
A/Norway/1648/2014,A/Norway/466/2014,160
A/Cameroon/4046/2014,A/Norway/466/2014,320
A/Cameroon/4045/2014,A/Norway/466/2014,320
A/Cameroon/4427/2014,A/Norway/466/2014,320
A/Cameroon/4680/2014,A/Norway/466/2014,320
A/Perth/16/2009,A/Switzerland/9715293/2013,<40
A/Victoria/361/2011,A/Switzerland/9715293/2013,80
A/Texas/50/2012,A/Switzerland/9715293/2013,80
A/Samara/73/2013,A/Switzerland/9715293/2013,160
A/Hong Kong/146/2013,A/Switzerland/9715293/2013,40
A/South Africa/4655/2013,A/Switzerland/9715293/2013,40
A/Stockholm/6/2014,A/Switzerland/9715293/2013,160
A/Stockholm/6/2014,A/Switzerland/9715293/2013,160
A/Norway/466/2014,A/Switzerland/9715293/2013,160
A/Switzerland/9715293/2013,A/Switzerland/9715293/2013,160
A/Switzerland/9715293/2013,A/Switzerland/9715293/2013,80
A/Palau/6759/2014,A/Switzerland/9715293/2013,640
A/Palau/6759/2014,A/Switzerland/9715293/2013,80
A/Palau/6759/2014,A/Switzerland/9715293/2013,160
A/Sydney/71/2014,A/Switzerland/9715293/2013,80
A/Lithuania/9947/2014,A/Switzerland/9715293/2013,<40
A/St Petersburg/80/2014,A/Switzerland/9715293/2013,80
A/Norway/1648/2014,A/Switzerland/9715293/2013,40
A/Cameroon/4046/2014,A/Switzerland/9715293/2013,160
A/Cameroon/4045/2014,A/Switzerland/9715293/2013,160
A/Cameroon/4427/2014,A/Switzerland/9715293/2013,160
A/Cameroon/4680/2014,A/Switzerland/9715293/2013,160
A/Perth/16/2009,A/Switzerland/9715293/2013,80
A/Victoria/361/2011,A/Switzerland/9715293/2013,160
A/Texas/50/2012,A/Switzerland/9715293/2013,640
A/Samara/73/2013,A/Switzerland/9715293/2013,640
A/Hong Kong/146/2013,A/Switzerland/9715293/2013,640
A/South Africa/4655/2013,A/Switzerland/9715293/2013,<40
A/Stockholm/6/2014,A/Switzerland/9715293/2013,80
A/Stockholm/6/2014,A/Switzerland/9715293/2013,640
A/Norway/466/2014,A/Switzerland/9715293/2013,160
A/Switzerland/9715293/2013,A/Switzerland/9715293/2013,160
A/Switzerland/9715293/2013,A/Switzerland/9715293/2013,1280
A/Palau/6759/2014,A/Switzerland/9715293/2013,1280
A/Palau/6759/2014,A/Switzerland/9715293/2013,320
A/Palau/6759/2014,A/Switzerland/9715293/2013,160
A/Sydney/71/2014,A/Switzerland/9715293/2013,80
A/Lithuania/9947/2014,A/Switzerland/9715293/2013,80
A/St Petersburg/80/2014,A/Switzerland/9715293/2013,80
A/Norway/1648/2014,A/Switzerland/9715293/2013,80
A/Cameroon/4046/2014,A/Switzerland/9715293/2013,160
A/Cameroon/4045/2014,A/Switzerland/9715293/2013,80
A/Cameroon/4427/2014,A/Switzerland/9715293/2013,160
A/Cameroon/4680/2014,A/Switzerland/9715293/2013,80
A/Perth/16/2009,A/Palau/6759/2014,<40
A/Victoria/361/2011,A/Palau/6759/2014,40
A/Texas/50/2012,A/Palau/6759/2014,80
A/Samara/73/2013,A/Palau/6759/2014,80
A/Hong Kong/146/2013,A/Palau/6759/2014,80
A/South Africa/4655/2013,A/Palau/6759/2014,<40
A/Stockholm/6/2014,A/Palau/6759/2014,40
A/Stockholm/6/2014,A/Palau/6759/2014,160
A/Norway/466/2014,A/Palau/6759/2014,<40
A/Switzerland/9715293/2013,A/Palau/6759/2014,40
A/Switzerland/9715293/2013,A/Palau/6759/2014,160
A/Palau/6759/2014,A/Palau/6759/2014,2560
A/Palau/6759/2014,A/Palau/6759/2014,160
A/Palau/6759/2014,A/Palau/6759/2014,40
A/Sydney/71/2014,A/Palau/6759/2014,*
A/Lithuania/9947/2014,A/Palau/6759/2014,*
A/St Petersburg/80/2014,A/Palau/6759/2014,*
A/Norway/1648/2014,A/Palau/6759/2014,*
A/Cameroon/4046/2014,A/Palau/6759/2014,40
A/Cameroon/4045/2014,A/Palau/6759/2014,40
A/Cameroon/4427/2014,A/Palau/6759/2014,40
A/Cameroon/4680/2014,A/Palau/6759/2014,40
A/Perth/16/2009,A/Palau/6759/2014,<40
A/Victoria/361/2011,A/Palau/6759/2014,<40
A/Texas/50/2012,A/Palau/6759/2014,80
A/Samara/73/2013,A/Palau/6759/2014,80
A/Hong Kong/146/2013,A/Palau/6759/2014,160
A/South Africa/4655/2013,A/Palau/6759/2014,<40
A/Stockholm/6/2014,A/Palau/6759/2014,<40
A/Stockholm/6/2014,A/Palau/6759/2014,160
A/Norway/466/2014,A/Palau/6759/2014,<40
A/Switzerland/9715293/2013,A/Palau/6759/2014,40
A/Switzerland/9715293/2013,A/Palau/6759/2014,160
A/Palau/6759/2014,A/Palau/6759/2014,2560
A/Palau/6759/2014,A/Palau/6759/2014,80
A/Palau/6759/2014,A/Palau/6759/2014,<40
A/Sydney/71/2014,A/Palau/6759/2014,*
A/Lithuania/9947/2014,A/Palau/6759/2014,*
A/St Petersburg/80/2014,A/Palau/6759/2014,*
A/Norway/1648/2014,A/Palau/6759/2014,*
A/Cameroon/4046/2014,A/Palau/6759/2014,<40
A/Cameroon/4045/2014,A/Palau/6759/2014,<40
A/Cameroon/4427/2014,A/Palau/6759/2014,40
A/Cameroon/4680/2014,A/Palau/6759/2014,<40
A/Perth/16/2009,A/Palau/6759/2014,<40
A/Victoria/361/2011,A/Palau/6759/2014,160
A/Texas/50/2012,A/Palau/6759/2014,160
A/Samara/73/2013,A/Palau/6759/2014,160
A/Hong Kong/146/2013,A/Palau/6759/2014,160
A/South Africa/4655/2013,A/Palau/6759/2014,40
A/Stockholm/6/2014,A/Palau/6759/2014,80
A/Stockholm/6/2014,A/Palau/6759/2014,160
A/Norway/466/2014,A/Palau/6759/2014,80
A/Switzerland/9715293/2013,A/Palau/6759/2014,80
A/Switzerland/9715293/2013,A/Palau/6759/2014,160
A/Palau/6759/2014,A/Palau/6759/2014,5120
A/Palau/6759/2014,A/Palau/6759/2014,160
A/Palau/6759/2014,A/Palau/6759/2014,160
A/Sydney/71/2014,A/Palau/6759/2014,*
A/Lithuania/9947/2014,A/Palau/6759/2014,*
A/St Petersburg/80/2014,A/Palau/6759/2014,*
A/Norway/1648/2014,A/Palau/6759/2014,*
A/Cameroon/4046/2014,A/Palau/6759/2014,160
A/Cameroon/4045/2014,A/Palau/6759/2014,80
A/Cameroon/4427/2014,A/Palau/6759/2014,160
A/Cameroon/4680/2014,A/Palau/6759/2014,160
A/Perth/16/2009,A/Palau/6759/2014,<40
A/Victoria/361/2011,A/Palau/6759/2014,160
A/Texas/50/2012,A/Palau/6759/2014,80
A/Samara/73/2013,A/Palau/6759/2014,320
A/Hong Kong/146/2013,A/Palau/6759/2014,80
A/South Africa/4655/2013,A/Palau/6759/2014,80
A/Stockholm/6/2014,A/Palau/6759/2014,160
A/Stockholm/6/2014,A/Palau/6759/2014,160
A/Norway/466/2014,A/Palau/6759/2014,80
A/Switzerland/9715293/2013,A/Palau/6759/2014,160
A/Switzerland/9715293/2013,A/Palau/6759/2014,80
A/Palau/6759/2014,A/Palau/6759/2014,640
A/Palau/6759/2014,A/Palau/6759/2014,80
A/Palau/6759/2014,A/Palau/6759/2014,160
A/Sydney/71/2014,A/Palau/6759/2014,*
A/Lithuania/9947/2014,A/Palau/6759/2014,*
A/St Petersburg/80/2014,A/Palau/6759/2014,*
A/Norway/1648/2014,A/Palau/6759/2014,*
A/Cameroon/4046/2014,A/Palau/6759/2014,160
A/Cameroon/4045/2014,A/Palau/6759/2014,160
A/Cameroon/4427/2014,A/Palau/6759/2014,160
A/Cameroon/4680/2014,A/Palau/6759/2014,160
A/Perth/16/2009,A/Sydney/71/2014,<40
A/Victoria/361/2011,A/Sydney/71/2014,80
A/Texas/50/2012,A/Sydney/71/2014,80
A/Samara/73/2013,A/Sydney/71/2014,160
A/Hong Kong/146/2013,A/Sydney/71/2014,160
A/South Africa/4655/2013,A/Sydney/71/2014,<40
A/Stockholm/6/2014,A/Sydney/71/2014,80
A/Stockholm/6/2014,A/Sydney/71/2014,160
A/Norway/466/2014,A/Sydney/71/2014,40
A/Switzerland/9715293/2013,A/Sydney/71/2014,80
A/Switzerland/9715293/2013,A/Sydney/71/2014,160
A/Palau/6759/2014,A/Sydney/71/2014,*
A/Palau/6759/2014,A/Sydney/71/2014,*
A/Palau/6759/2014,A/Sydney/71/2014,*
A/Sydney/71/2014,A/Sydney/71/2014,160
A/Lithuania/9947/2014,A/Sydney/71/2014,<40
A/St Petersburg/80/2014,A/Sydney/71/2014,160
A/Norway/1648/2014,A/Sydney/71/2014,<40
A/Cameroon/4046/2014,A/Sydney/71/2014,*
A/Cameroon/4045/2014,A/Sydney/71/2014,*
A/Cameroon/4427/2014,A/Sydney/71/2014,*
A/Cameroon/4680/2014,A/Sydney/71/2014,*
