Test Virus,Reference Virus,Titre
A/Perth/16/2009,A/Perth/16/2009,320
A/Victoria/361/2011,A/Perth/16/2009,160
A/Texas/50/2012,A/Perth/16/2009,640
A/Samara/73/2013,A/Perth/16/2009,320
A/Hong Kong/146/2013,A/Perth/16/2009,640
A/Stockholm/6/2014,A/Perth/16/2009,<40
A/Stockholm/6/2014,A/Perth/16/2009,80
A/Switzerland/9715293/2013,A/Perth/16/2009,<40
A/Switzerland/9715293/2013,A/Perth/16/2009,40
A/Hong Kong/5738/2014,A/Perth/16/2009,40
A/Hong Kong/5738/2014,A/Perth/16/2009,80
A/Dakar/18/2014,A/Perth/16/2009,<40
A/Dakar/19/2014,A/Perth/16/2009,<40
A/Dakar/21/2014,A/Perth/16/2009,<40
A/Dakar/32/2014,A/Perth/16/2009,<40
A/Dakar/22/2014,A/Perth/16/2009,<40
A/Dakar/24/2014,A/Perth/16/2009,<40
A/Dakar/25/2014,A/Perth/16/2009,<40
A/Dakar/26/2014,A/Perth/16/2009,<40
A/Dakar/27/2014,A/Perth/16/2009,<40
A/Paris/1971/2014,A/Perth/16/2009,<40
A/Niedersachsen/8/2014,A/Perth/16/2009,<40
A/Madrid/15042/2014,A/Perth/16/2009,<40
A/Aragón/2103/2014,A/Perth/16/2009,80
A/Astrahkan/26/2014,A/Perth/16/2009,<40
A/Glasgow/400097/2015,A/Perth/16/2009,<40
A/England/20/2015,A/Perth/16/2009,160
A/Castilla La Mancha/13/2015,A/Perth/16/2009,<40
A/Castilla La Mancha/14/2015,A/Perth/16/2009,80
A/Glasgow/401678/2015,A/Perth/16/2009,<40
A/Saarland/2/2015,A/Perth/16/2009,40
A/Nordrhein-Westfalen/12/2015,A/Perth/16/2009,<40
A/Rheinland-Pfalz/2/2015,A/Perth/16/2009,160
A/Thuringen/7/2015,A/Perth/16/2009,<40
A/Berlin/40/2015,A/Perth/16/2009,40
A/Baden-Wurttemberg/9/2015,A/Perth/16/2009,<40
A/Perth/16/2009,A/Victoria/361/2011,80
A/Victoria/361/2011,A/Victoria/361/2011,320
A/Texas/50/2012,A/Victoria/361/2011,1280
A/Samara/73/2013,A/Victoria/361/2011,320
A/Hong Kong/146/2013,A/Victoria/361/2011,640
A/Stockholm/6/2014,A/Victoria/361/2011,80
A/Stockholm/6/2014,A/Victoria/361/2011,320
A/Switzerland/9715293/2013,A/Victoria/361/2011,40
A/Switzerland/9715293/2013,A/Victoria/361/2011,160
A/Hong Kong/5738/2014,A/Victoria/361/2011,80
A/Hong Kong/5738/2014,A/Victoria/361/2011,40
A/Dakar/18/2014,A/Victoria/361/2011,40
A/Dakar/19/2014,A/Victoria/361/2011,40
A/Dakar/21/2014,A/Victoria/361/2011,80
A/Dakar/32/2014,A/Victoria/361/2011,40
A/Dakar/22/2014,A/Victoria/361/2011,40
A/Dakar/24/2014,A/Victoria/361/2011,40
A/Dakar/25/2014,A/Victoria/361/2011,40
A/Dakar/26/2014,A/Victoria/361/2011,40
A/Dakar/27/2014,A/Victoria/361/2011,80
A/Paris/1971/2014,A/Victoria/361/2011,40
A/Niedersachsen/8/2014,A/Victoria/361/2011,80
A/Madrid/15042/2014,A/Victoria/361/2011,80
A/Aragón/2103/2014,A/Victoria/361/2011,160
A/Astrahkan/26/2014,A/Victoria/361/2011,80
A/Glasgow/400097/2015,A/Victoria/361/2011,80
A/England/20/2015,A/Victoria/361/2011,160
A/Castilla La Mancha/13/2015,A/Victoria/361/2011,40
A/Castilla La Mancha/14/2015,A/Victoria/361/2011,160
A/Glasgow/401678/2015,A/Victoria/361/2011,40
A/Saarland/2/2015,A/Victoria/361/2011,160
A/Nordrhein-Westfalen/12/2015,A/Victoria/361/2011,80
A/Rheinland-Pfalz/2/2015,A/Victoria/361/2011,160
A/Thuringen/7/2015,A/Victoria/361/2011,<40
A/Berlin/40/2015,A/Victoria/361/2011,80
A/Baden-Wurttemberg/9/2015,A/Victoria/361/2011,<40
A/Perth/16/2009,A/Texas/50/2012,80
A/Victoria/361/2011,A/Texas/50/2012,320
A/Texas/50/2012,A/Texas/50/2012,2560
A/Samara/73/2013,A/Texas/50/2012,320
A/Hong Kong/146/2013,A/Texas/50/2012,640
A/Stockholm/6/2014,A/Texas/50/2012,40
A/Stockholm/6/2014,A/Texas/50/2012,160
A/Switzerland/9715293/2013,A/Texas/50/2012,80
A/Switzerland/9715293/2013,A/Texas/50/2012,80
A/Hong Kong/5738/2014,A/Texas/50/2012,80
A/Hong Kong/5738/2014,A/Texas/50/2012,80
A/Dakar/18/2014,A/Texas/50/2012,40
A/Dakar/19/2014,A/Texas/50/2012,40
A/Dakar/21/2014,A/Texas/50/2012,80
A/Dakar/32/2014,A/Texas/50/2012,40
A/Dakar/22/2014,A/Texas/50/2012,40
A/Dakar/24/2014,A/Texas/50/2012,40
A/Dakar/25/2014,A/Texas/50/2012,40
A/Dakar/26/2014,A/Texas/50/2012,40
A/Dakar/27/2014,A/Texas/50/2012,80
A/Paris/1971/2014,A/Texas/50/2012,<40
A/Niedersachsen/8/2014,A/Texas/50/2012,40
A/Madrid/15042/2014,A/Texas/50/2012,40
A/Aragón/2103/2014,A/Texas/50/2012,80
A/Astrahkan/26/2014,A/Texas/50/2012,40
A/Glasgow/400097/2015,A/Texas/50/2012,40
A/England/20/2015,A/Texas/50/2012,80
A/Castilla La Mancha/13/2015,A/Texas/50/2012,40
A/Castilla La Mancha/14/2015,A/Texas/50/2012,160
A/Glasgow/401678/2015,A/Texas/50/2012,40
A/Saarland/2/2015,A/Texas/50/2012,80
A/Nordrhein-Westfalen/12/2015,A/Texas/50/2012,<40
A/Rheinland-Pfalz/2/2015,A/Texas/50/2012,160
A/Thuringen/7/2015,A/Texas/50/2012,<40
A/Berlin/40/2015,A/Texas/50/2012,80
A/Baden-Wurttemberg/9/2015,A/Texas/50/2012,40
A/Perth/16/2009,A/Samara/73/2013,80
A/Victoria/361/2011,A/Samara/73/2013,640
A/Texas/50/2012,A/Samara/73/2013,1280
A/Samara/73/2013,A/Samara/73/2013,1280
A/Hong Kong/146/2013,A/Samara/73/2013,1280
A/Stockholm/6/2014,A/Samara/73/2013,320
A/Stockholm/6/2014,A/Samara/73/2013,160
A/Switzerland/9715293/2013,A/Samara/73/2013,320
A/Switzerland/9715293/2013,A/Samara/73/2013,160
A/Hong Kong/5738/2014,A/Samara/73/2013,320
A/Hong Kong/5738/2014,A/Samara/73/2013,320
A/Dakar/18/2014,A/Samara/73/2013,160
A/Dakar/19/2014,A/Samara/73/2013,160
A/Dakar/21/2014,A/Samara/73/2013,160
A/Dakar/32/2014,A/Samara/73/2013,160
A/Dakar/22/2014,A/Samara/73/2013,160
A/Dakar/24/2014,A/Samara/73/2013,160
A/Dakar/25/2014,A/Samara/73/2013,160
A/Dakar/26/2014,A/Samara/73/2013,80
A/Dakar/27/2014,A/Samara/73/2013,160
A/Paris/1971/2014,A/Samara/73/2013,80
A/Niedersachsen/8/2014,A/Samara/73/2013,160
A/Madrid/15042/2014,A/Samara/73/2013,160
A/Aragón/2103/2014,A/Samara/73/2013,320
A/Astrahkan/26/2014,A/Samara/73/2013,40
A/Glasgow/400097/2015,A/Samara/73/2013,160
A/England/20/2015,A/Samara/73/2013,320
A/Castilla La Mancha/13/2015,A/Samara/73/2013,160
A/Castilla La Mancha/14/2015,A/Samara/73/2013,320
A/Glasgow/401678/2015,A/Samara/73/2013,80
A/Saarland/2/2015,A/Samara/73/2013,320
A/Nordrhein-Westfalen/12/2015,A/Samara/73/2013,80
A/Rheinland-Pfalz/2/2015,A/Samara/73/2013,640
A/Thuringen/7/2015,A/Samara/73/2013,80
A/Berlin/40/2015,A/Samara/73/2013,160
A/Baden-Wurttemberg/9/2015,A/Samara/73/2013,80
A/Perth/16/2009,A/Hong Kong/146/2013,160
A/Victoria/361/2011,A/Hong Kong/146/2013,320
A/Texas/50/2012,A/Hong Kong/146/2013,640
A/Samara/73/2013,A/Hong Kong/146/2013,1280
A/Hong Kong/146/2013,A/Hong Kong/146/2013,1280
A/Stockholm/6/2014,A/Hong Kong/146/2013,160
A/Stockholm/6/2014,A/Hong Kong/146/2013,320
A/Switzerland/9715293/2013,A/Hong Kong/146/2013,160
A/Switzerland/9715293/2013,A/Hong Kong/146/2013,320
A/Hong Kong/5738/2014,A/Hong Kong/146/2013,160
A/Hong Kong/5738/2014,A/Hong Kong/146/2013,160
A/Dakar/18/2014,A/Hong Kong/146/2013,80
A/Dakar/19/2014,A/Hong Kong/146/2013,80
A/Dakar/21/2014,A/Hong Kong/146/2013,160
A/Dakar/32/2014,A/Hong Kong/146/2013,80
A/Dakar/22/2014,A/Hong Kong/146/2013,80
A/Dakar/24/2014,A/Hong Kong/146/2013,160
A/Dakar/25/2014,A/Hong Kong/146/2013,80
A/Dakar/26/2014,A/Hong Kong/146/2013,80
A/Dakar/27/2014,A/Hong Kong/146/2013,160
A/Paris/1971/2014,A/Hong Kong/146/2013,40
A/Niedersachsen/8/2014,A/Hong Kong/146/2013,80
A/Madrid/15042/2014,A/Hong Kong/146/2013,80
A/Aragón/2103/2014,A/Hong Kong/146/2013,160
A/Astrahkan/26/2014,A/Hong Kong/146/2013,40
A/Glasgow/400097/2015,A/Hong Kong/146/2013,80
A/England/20/2015,A/Hong Kong/146/2013,320
A/Castilla La Mancha/13/2015,A/Hong Kong/146/2013,80
A/Castilla La Mancha/14/2015,A/Hong Kong/146/2013,160
A/Glasgow/401678/2015,A/Hong Kong/146/2013,80
A/Saarland/2/2015,A/Hong Kong/146/2013,160
A/Nordrhein-Westfalen/12/2015,A/Hong Kong/146/2013,80
A/Rheinland-Pfalz/2/2015,A/Hong Kong/146/2013,640
A/Thuringen/7/2015,A/Hong Kong/146/2013,80
A/Berlin/40/2015,A/Hong Kong/146/2013,80
A/Baden-Wurttemberg/9/2015,A/Hong Kong/146/2013,80
A/Perth/16/2009,A/Stockholm/6/2014,40
A/Victoria/361/2011,A/Stockholm/6/2014,640
A/Texas/50/2012,A/Stockholm/6/2014,320
A/Samara/73/2013,A/Stockholm/6/2014,640
A/Hong Kong/146/2013,A/Stockholm/6/2014,160
A/Stockholm/6/2014,A/Stockholm/6/2014,640
A/Stockholm/6/2014,A/Stockholm/6/2014,320
A/Switzerland/9715293/2013,A/Stockholm/6/2014,640
A/Switzerland/9715293/2013,A/Stockholm/6/2014,160
A/Hong Kong/5738/2014,A/Stockholm/6/2014,320
A/Hong Kong/5738/2014,A/Stockholm/6/2014,320
A/Dakar/18/2014,A/Stockholm/6/2014,640
A/Dakar/19/2014,A/Stockholm/6/2014,320
A/Dakar/21/2014,A/Stockholm/6/2014,640
A/Dakar/32/2014,A/Stockholm/6/2014,320
A/Dakar/22/2014,A/Stockholm/6/2014,640
A/Dakar/24/2014,A/Stockholm/6/2014,640
A/Dakar/25/2014,A/Stockholm/6/2014,640
A/Dakar/26/2014,A/Stockholm/6/2014,320
A/Dakar/27/2014,A/Stockholm/6/2014,640
A/Paris/1971/2014,A/Stockholm/6/2014,160
A/Niedersachsen/8/2014,A/Stockholm/6/2014,640
A/Madrid/15042/2014,A/Stockholm/6/2014,640
A/Aragón/2103/2014,A/Stockholm/6/2014,320
A/Astrahkan/26/2014,A/Stockholm/6/2014,80
A/Glasgow/400097/2015,A/Stockholm/6/2014,320
A/England/20/2015,A/Stockholm/6/2014,320
A/Castilla La Mancha/13/2015,A/Stockholm/6/2014,640
A/Castilla La Mancha/14/2015,A/Stockholm/6/2014,320
A/Glasgow/401678/2015,A/Stockholm/6/2014,640
A/Saarland/2/2015,A/Stockholm/6/2014,320
A/Nordrhein-Westfalen/12/2015,A/Stockholm/6/2014,320
A/Rheinland-Pfalz/2/2015,A/Stockholm/6/2014,640
A/Thuringen/7/2015,A/Stockholm/6/2014,320
A/Berlin/40/2015,A/Stockholm/6/2014,160
A/Baden-Wurttemberg/9/2015,A/Stockholm/6/2014,160
A/Perth/16/2009,A/Stockholm/6/2014,80
A/Victoria/361/2011,A/Stockholm/6/2014,320
A/Texas/50/2012,A/Stockholm/6/2014,640
A/Samara/73/2013,A/Stockholm/6/2014,640
A/Hong Kong/146/2013,A/Stockholm/6/2014,640
A/Stockholm/6/2014,A/Stockholm/6/2014,160
A/Stockholm/6/2014,A/Stockholm/6/2014,320
A/Switzerland/9715293/2013,A/Stockholm/6/2014,160
A/Switzerland/9715293/2013,A/Stockholm/6/2014,320
A/Hong Kong/5738/2014,A/Stockholm/6/2014,160
A/Hong Kong/5738/2014,A/Stockholm/6/2014,160
A/Dakar/18/2014,A/Stockholm/6/2014,160
A/Dakar/19/2014,A/Stockholm/6/2014,160
A/Dakar/21/2014,A/Stockholm/6/2014,160
A/Dakar/32/2014,A/Stockholm/6/2014,160
A/Dakar/22/2014,A/Stockholm/6/2014,160
A/Dakar/24/2014,A/Stockholm/6/2014,160
A/Dakar/25/2014,A/Stockholm/6/2014,160
A/Dakar/26/2014,A/Stockholm/6/2014,80
A/Dakar/27/2014,A/Stockholm/6/2014,160
A/Paris/1971/2014,A/Stockholm/6/2014,40
A/Niedersachsen/8/2014,A/Stockholm/6/2014,160
A/Madrid/15042/2014,A/Stockholm/6/2014,160
A/Aragón/2103/2014,A/Stockholm/6/2014,160
A/Astrahkan/26/2014,A/Stockholm/6/2014,40
A/Glasgow/400097/2015,A/Stockholm/6/2014,80
A/England/20/2015,A/Stockholm/6/2014,320
A/Castilla La Mancha/13/2015,A/Stockholm/6/2014,160
A/Castilla La Mancha/14/2015,A/Stockholm/6/2014,160
A/Glasgow/401678/2015,A/Stockholm/6/2014,160
A/Saarland/2/2015,A/Stockholm/6/2014,160
A/Nordrhein-Westfalen/12/2015,A/Stockholm/6/2014,80
A/Rheinland-Pfalz/2/2015,A/Stockholm/6/2014,320
A/Thuringen/7/2015,A/Stockholm/6/2014,40
A/Berlin/40/2015,A/Stockholm/6/2014,80
A/Baden-Wurttemberg/9/2015,A/Stockholm/6/2014,80
A/Perth/16/2009,A/Switzerland/9715293/2013,<40
A/Victoria/361/2011,A/Switzerland/9715293/2013,160
A/Texas/50/2012,A/Switzerland/9715293/2013,80
A/Samara/73/2013,A/Switzerland/9715293/2013,160
A/Hong Kong/146/2013,A/Switzerland/9715293/2013,80
A/Stockholm/6/2014,A/Switzerland/9715293/2013,160
A/Stockholm/6/2014,A/Switzerland/9715293/2013,80
A/Switzerland/9715293/2013,A/Switzerland/9715293/2013,160
A/Switzerland/9715293/2013,A/Switzerland/9715293/2013,80
A/Hong Kong/5738/2014,A/Switzerland/9715293/2013,80
A/Hong Kong/5738/2014,A/Switzerland/9715293/2013,80
A/Dakar/18/2014,A/Switzerland/9715293/2013,80
A/Dakar/19/2014,A/Switzerland/9715293/2013,40
A/Dakar/21/2014,A/Switzerland/9715293/2013,160
A/Dakar/32/2014,A/Switzerland/9715293/2013,80
A/Dakar/22/2014,A/Switzerland/9715293/2013,80
A/Dakar/24/2014,A/Switzerland/9715293/2013,160
A/Dakar/25/2014,A/Switzerland/9715293/2013,80
A/Dakar/26/2014,A/Switzerland/9715293/2013,80
A/Dakar/27/2014,A/Switzerland/9715293/2013,80
A/Paris/1971/2014,A/Switzerland/9715293/2013,40
A/Niedersachsen/8/2014,A/Switzerland/9715293/2013,80
A/Madrid/15042/2014,A/Switzerland/9715293/2013,80
A/Aragón/2103/2014,A/Switzerland/9715293/2013,40
A/Astrahkan/26/2014,A/Switzerland/9715293/2013,40
A/Glasgow/400097/2015,A/Switzerland/9715293/2013,<40
A/England/20/2015,A/Switzerland/9715293/2013,80
A/Castilla La Mancha/13/2015,A/Switzerland/9715293/2013,80
A/Castilla La Mancha/14/2015,A/Switzerland/9715293/2013,40
A/Glasgow/401678/2015,A/Switzerland/9715293/2013,80
A/Saarland/2/2015,A/Switzerland/9715293/2013,40
A/Nordrhein-Westfalen/12/2015,A/Switzerland/9715293/2013,<40
A/Rheinland-Pfalz/2/2015,A/Switzerland/9715293/2013,80
A/Thuringen/7/2015,A/Switzerland/9715293/2013,<40
A/Berlin/40/2015,A/Switzerland/9715293/2013,<40
A/Baden-Wurttemberg/9/2015,A/Switzerland/9715293/2013,<40
A/Perth/16/2009,A/Switzerland/9715293/2013,80
A/Victoria/361/2011,A/Switzerland/9715293/2013,320
A/Texas/50/2012,A/Switzerland/9715293/2013,640
A/Samara/73/2013,A/Switzerland/9715293/2013,640
A/Hong Kong/146/2013,A/Switzerland/9715293/2013,640
A/Stockholm/6/2014,A/Switzerland/9715293/2013,160
A/Stockholm/6/2014,A/Switzerland/9715293/2013,640
A/Switzerland/9715293/2013,A/Switzerland/9715293/2013,160
A/Switzerland/9715293/2013,A/Switzerland/9715293/2013,640
A/Hong Kong/5738/2014,A/Switzerland/9715293/2013,160
A/Hong Kong/5738/2014,A/Switzerland/9715293/2013,40
A/Dakar/18/2014,A/Switzerland/9715293/2013,80
A/Dakar/19/2014,A/Switzerland/9715293/2013,80
A/Dakar/21/2014,A/Switzerland/9715293/2013,160
A/Dakar/32/2014,A/Switzerland/9715293/2013,80
A/Dakar/22/2014,A/Switzerland/9715293/2013,80
A/Dakar/24/2014,A/Switzerland/9715293/2013,160
A/Dakar/25/2014,A/Switzerland/9715293/2013,80
A/Dakar/26/2014,A/Switzerland/9715293/2013,80
A/Dakar/27/2014,A/Switzerland/9715293/2013,80
A/Paris/1971/2014,A/Switzerland/9715293/2013,40
A/Niedersachsen/8/2014,A/Switzerland/9715293/2013,80
A/Madrid/15042/2014,A/Switzerland/9715293/2013,80
A/Aragón/2103/2014,A/Switzerland/9715293/2013,80
A/Astrahkan/26/2014,A/Switzerland/9715293/2013,40
A/Glasgow/400097/2015,A/Switzerland/9715293/2013,40
A/England/20/2015,A/Switzerland/9715293/2013,160
A/Castilla La Mancha/13/2015,A/Switzerland/9715293/2013,80
A/Castilla La Mancha/14/2015,A/Switzerland/9715293/2013,80
A/Glasgow/401678/2015,A/Switzerland/9715293/2013,80
A/Saarland/2/2015,A/Switzerland/9715293/2013,80
A/Nordrhein-Westfalen/12/2015,A/Switzerland/9715293/2013,40
A/Rheinland-Pfalz/2/2015,A/Switzerland/9715293/2013,160
A/Thuringen/7/2015,A/Switzerland/9715293/2013,40
A/Berlin/40/2015,A/Switzerland/9715293/2013,40
A/Baden-Wurttemberg/9/2015,A/Switzerland/9715293/2013,40
A/Perth/16/2009,A/Hong Kong/5738/2014,<40
A/Victoria/361/2011,A/Hong Kong/5738/2014,160
A/Texas/50/2012,A/Hong Kong/5738/2014,160
A/Samara/73/2013,A/Hong Kong/5738/2014,320
A/Hong Kong/146/2013,A/Hong Kong/5738/2014,320
A/Stockholm/6/2014,A/Hong Kong/5738/2014,160
A/Stockholm/6/2014,A/Hong Kong/5738/2014,160
A/Switzerland/9715293/2013,A/Hong Kong/5738/2014,160
A/Switzerland/9715293/2013,A/Hong Kong/5738/2014,160
A/Hong Kong/5738/2014,A/Hong Kong/5738/2014,320
A/Hong Kong/5738/2014,A/Hong Kong/5738/2014,320
A/Dakar/18/2014,A/Hong Kong/5738/2014,80
A/Dakar/19/2014,A/Hong Kong/5738/2014,80
A/Dakar/21/2014,A/Hong Kong/5738/2014,160
A/Dakar/32/2014,A/Hong Kong/5738/2014,80
A/Dakar/22/2014,A/Hong Kong/5738/2014,160
A/Dakar/24/2014,A/Hong Kong/5738/2014,160
A/Dakar/25/2014,A/Hong Kong/5738/2014,80
A/Dakar/26/2014,A/Hong Kong/5738/2014,80
A/Dakar/27/2014,A/Hong Kong/5738/2014,160
A/Paris/1971/2014,A/Hong Kong/5738/2014,80
A/Niedersachsen/8/2014,A/Hong Kong/5738/2014,80
A/Madrid/15042/2014,A/Hong Kong/5738/2014,80
A/Aragón/2103/2014,A/Hong Kong/5738/2014,80
A/Astrahkan/26/2014,A/Hong Kong/5738/2014,40
A/Glasgow/400097/2015,A/Hong Kong/5738/2014,160
A/England/20/2015,A/Hong Kong/5738/2014,160
A/Castilla La Mancha/13/2015,A/Hong Kong/5738/2014,160
A/Castilla La Mancha/14/2015,A/Hong Kong/5738/2014,160
A/Glasgow/401678/2015,A/Hong Kong/5738/2014,80
A/Saarland/2/2015,A/Hong Kong/5738/2014,80
A/Nordrhein-Westfalen/12/2015,A/Hong Kong/5738/2014,160
A/Rheinland-Pfalz/2/2015,A/Hong Kong/5738/2014,160
A/Thuringen/7/2015,A/Hong Kong/5738/2014,160
A/Berlin/40/2015,A/Hong Kong/5738/2014,40
A/Baden-Wurttemberg/9/2015,A/Hong Kong/5738/2014,80
A/Perth/16/2009,A/Hong Kong/5738/2014,<40
A/Victoria/361/2011,A/Hong Kong/5738/2014,40
A/Texas/50/2012,A/Hong Kong/5738/2014,80
A/Samara/73/2013,A/Hong Kong/5738/2014,80
A/Hong Kong/146/2013,A/Hong Kong/5738/2014,80
A/Stockholm/6/2014,A/Hong Kong/5738/2014,40
A/Stockholm/6/2014,A/Hong Kong/5738/2014,40
A/Switzerland/9715293/2013,A/Hong Kong/5738/2014,40
A/Switzerland/9715293/2013,A/Hong Kong/5738/2014,40
A/Hong Kong/5738/2014,A/Hong Kong/5738/2014,40
A/Hong Kong/5738/2014,A/Hong Kong/5738/2014,1280
A/Dakar/18/2014,A/Hong Kong/5738/2014,<40
A/Dakar/19/2014,A/Hong Kong/5738/2014,<40
A/Dakar/21/2014,A/Hong Kong/5738/2014,40
A/Dakar/32/2014,A/Hong Kong/5738/2014,<40
A/Dakar/22/2014,A/Hong Kong/5738/2014,<40
A/Dakar/24/2014,A/Hong Kong/5738/2014,<40
A/Dakar/25/2014,A/Hong Kong/5738/2014,<40
A/Dakar/26/2014,A/Hong Kong/5738/2014,<40
A/Dakar/27/2014,A/Hong Kong/5738/2014,<40
A/Paris/1971/2014,A/Hong Kong/5738/2014,<40
A/Niedersachsen/8/2014,A/Hong Kong/5738/2014,<40
A/Madrid/15042/2014,A/Hong Kong/5738/2014,<40
A/Aragón/2103/2014,A/Hong Kong/5738/2014,<40
A/Astrahkan/26/2014,A/Hong Kong/5738/2014,<40
A/Glasgow/400097/2015,A/Hong Kong/5738/2014,<40
A/England/20/2015,A/Hong Kong/5738/2014,<40
A/Castilla La Mancha/13/2015,A/Hong Kong/5738/2014,<40
A/Castilla La Mancha/14/2015,A/Hong Kong/5738/2014,<40
A/Glasgow/401678/2015,A/Hong Kong/5738/2014,<40
A/Saarland/2/2015,A/Hong Kong/5738/2014,<40
A/Nordrhein-Westfalen/12/2015,A/Hong Kong/5738/2014,<40
A/Rheinland-Pfalz/2/2015,A/Hong Kong/5738/2014,<40
A/Thuringen/7/2015,A/Hong Kong/5738/2014,<40
A/Berlin/40/2015,A/Hong Kong/5738/2014,<40
A/Baden-Wurttemberg/9/2015,A/Hong Kong/5738/2014,<40
A/Perth/16/2009,A/Perth/16/2009,320
A/Victoria/361/2011,A/Perth/16/2009,160
A/Texas/50/2012,A/Perth/16/2009,320
A/Samara/73/2013,A/Perth/16/2009,160
A/Hong Kong/146/2013,A/Perth/16/2009,320
A/Stockholm/6/2014,A/Perth/16/2009,<40
A/Stockholm/6/2014,A/Perth/16/2009,80
A/Switzerland/9715293/2013,A/Perth/16/2009,<40
A/Switzerland/9715293/2013,A/Perth/16/2009,40
A/Hong Kong/5738/2014,A/Perth/16/2009,<40
A/Hong Kong/5738/2014,A/Perth/16/2009,40
A/Mauritius/483/2014,A/Perth/16/2009,<40
A/Cameroon/14V-5950/2014,A/Perth/16/2009,<40
A/Ghana/DILI-14-0657/2014,A/Perth/16/2009,<40
A/Ghana/DILI-14-0659/2014,A/Perth/16/2009,<40
A/Victoria/265/2014,A/Perth/16/2009,<40
A/New Caledonia/71/2014,A/Perth/16/2009,<40
A/Dakar/01/2014,A/Perth/16/2009,<40
A/Madagascar/2395/2014,A/Perth/16/2009,<40
A/Victoria/5006/2014,A/Perth/16/2009,<40
A/Victoria/673/2014,A/Perth/16/2009,<40
A/Malta/MX000757/2014,A/Perth/16/2009,40
A/Denmark/44/2014,A/Perth/16/2009,<40
A/Brisbane/341/2014,A/Perth/16/2009,<40
A/Finland/462/2014,A/Perth/16/2009,<40
A/Algiers/08/2014,A/Perth/16/2009,<40
A/Denmark/45/2014,A/Perth/16/2009,<40
A/Malta/MX001178/2014,A/Perth/16/2009,40
A/Malta/MX001204/2014,A/Perth/16/2009,40
A/Ghana/DILI-14-1010/2014,A/Perth/16/2009,<40
A/Ghana/DILI-14-1014/2014,A/Perth/16/2009,<40
A/Israel/O-6286/2014,A/Perth/16/2009,40
A/Switzerland/656/2014,A/Perth/16/2009,160
A/Denmark/46/2014,A/Perth/16/2009,<40
A/Ghana/DILI-14-1152/2014,A/Perth/16/2009,<40
A/Leon/256/2014,A/Perth/16/2009,<40
A/Netherlands/507/14,A/Perth/16/2009,<40
A/Jordan/30485/2014,A/Perth/16/2009,<40
A/Czech Republic/20/2014,A/Perth/16/2009,<40
A/Catalonia/0684834S/2015,A/Perth/16/2009,<40
A/Catalonia/2235376NS/2015,A/Perth/16/2009,<40
A/Catalonia/2235968NS/2015,A/Perth/16/2009,<40
A/Perth/16/2009,A/Victoria/361/2011,80
A/Victoria/361/2011,A/Victoria/361/2011,320
A/Texas/50/2012,A/Victoria/361/2011,640
A/Samara/73/2013,A/Victoria/361/2011,320
A/Hong Kong/146/2013,A/Victoria/361/2011,320
A/Stockholm/6/2014,A/Victoria/361/2011,80
A/Stockholm/6/2014,A/Victoria/361/2011,160
A/Switzerland/9715293/2013,A/Victoria/361/2011,40
A/Switzerland/9715293/2013,A/Victoria/361/2011,160
A/Hong Kong/5738/2014,A/Victoria/361/2011,80
A/Hong Kong/5738/2014,A/Victoria/361/2011,40
A/Mauritius/483/2014,A/Victoria/361/2011,<40
A/Cameroon/14V-5950/2014,A/Victoria/361/2011,80
A/Ghana/DILI-14-0657/2014,A/Victoria/361/2011,80
A/Ghana/DILI-14-0659/2014,A/Victoria/361/2011,40
A/Victoria/265/2014,A/Victoria/361/2011,40
A/New Caledonia/71/2014,A/Victoria/361/2011,<40
A/Dakar/01/2014,A/Victoria/361/2011,80
A/Madagascar/2395/2014,A/Victoria/361/2011,80
A/Victoria/5006/2014,A/Victoria/361/2011,40
A/Victoria/673/2014,A/Victoria/361/2011,<40
A/Malta/MX000757/2014,A/Victoria/361/2011,80
A/Denmark/44/2014,A/Victoria/361/2011,40
A/Brisbane/341/2014,A/Victoria/361/2011,<40
A/Finland/462/2014,A/Victoria/361/2011,40
A/Algiers/08/2014,A/Victoria/361/2011,40
A/Denmark/45/2014,A/Victoria/361/2011,40
A/Malta/MX001178/2014,A/Victoria/361/2011,80
A/Malta/MX001204/2014,A/Victoria/361/2011,80
A/Ghana/DILI-14-1010/2014,A/Victoria/361/2011,40
A/Ghana/DILI-14-1014/2014,A/Victoria/361/2011,40
A/Israel/O-6286/2014,A/Victoria/361/2011,80
A/Switzerland/656/2014,A/Victoria/361/2011,160
A/Denmark/46/2014,A/Victoria/361/2011,40
A/Ghana/DILI-14-1152/2014,A/Victoria/361/2011,80
A/Leon/256/2014,A/Victoria/361/2011,<40
A/Netherlands/507/14,A/Victoria/361/2011,40
A/Jordan/30485/2014,A/Victoria/361/2011,80
A/Czech Republic/20/2014,A/Victoria/361/2011,80
A/Catalonia/0684834S/2015,A/Victoria/361/2011,40
A/Catalonia/2235376NS/2015,A/Victoria/361/2011,40
A/Catalonia/2235968NS/2015,A/Victoria/361/2011,<40
A/Perth/16/2009,A/Texas/50/2012,80
A/Victoria/361/2011,A/Texas/50/2012,320
A/Texas/50/2012,A/Texas/50/2012,1280
A/Samara/73/2013,A/Texas/50/2012,320
A/Hong Kong/146/2013,A/Texas/50/2012,640
A/Stockholm/6/2014,A/Texas/50/2012,40
A/Stockholm/6/2014,A/Texas/50/2012,160
A/Switzerland/9715293/2013,A/Texas/50/2012,40
A/Switzerland/9715293/2013,A/Texas/50/2012,160
A/Hong Kong/5738/2014,A/Texas/50/2012,80
A/Hong Kong/5738/2014,A/Texas/50/2012,80
A/Mauritius/483/2014,A/Texas/50/2012,40
A/Cameroon/14V-5950/2014,A/Texas/50/2012,80
A/Ghana/DILI-14-0657/2014,A/Texas/50/2012,40
A/Ghana/DILI-14-0659/2014,A/Texas/50/2012,40
A/Victoria/265/2014,A/Texas/50/2012,40
A/New Caledonia/71/2014,A/Texas/50/2012,<40
A/Dakar/01/2014,A/Texas/50/2012,40
A/Madagascar/2395/2014,A/Texas/50/2012,80
A/Victoria/5006/2014,A/Texas/50/2012,40
A/Victoria/673/2014,A/Texas/50/2012,<40
A/Malta/MX000757/2014,A/Texas/50/2012,80
A/Denmark/44/2014,A/Texas/50/2012,40
A/Brisbane/341/2014,A/Texas/50/2012,<40
A/Finland/462/2014,A/Texas/50/2012,40
A/Algiers/08/2014,A/Texas/50/2012,40
A/Denmark/45/2014,A/Texas/50/2012,40
A/Malta/MX001178/2014,A/Texas/50/2012,40
A/Malta/MX001204/2014,A/Texas/50/2012,80
A/Ghana/DILI-14-1010/2014,A/Texas/50/2012,40
A/Ghana/DILI-14-1014/2014,A/Texas/50/2012,40
A/Israel/O-6286/2014,A/Texas/50/2012,80
A/Switzerland/656/2014,A/Texas/50/2012,160
A/Denmark/46/2014,A/Texas/50/2012,40
A/Ghana/DILI-14-1152/2014,A/Texas/50/2012,40
A/Leon/256/2014,A/Texas/50/2012,<40
A/Netherlands/507/14,A/Texas/50/2012,40
A/Jordan/30485/2014,A/Texas/50/2012,40
A/Czech Republic/20/2014,A/Texas/50/2012,40
A/Catalonia/0684834S/2015,A/Texas/50/2012,40
A/Catalonia/2235376NS/2015,A/Texas/50/2012,40
A/Catalonia/2235968NS/2015,A/Texas/50/2012,<40
A/Perth/16/2009,A/Samara/73/2013,80
A/Victoria/361/2011,A/Samara/73/2013,640
A/Texas/50/2012,A/Samara/73/2013,640
A/Samara/73/2013,A/Samara/73/2013,640
A/Hong Kong/146/2013,A/Samara/73/2013,640
A/Stockholm/6/2014,A/Samara/73/2013,160
A/Stockholm/6/2014,A/Samara/73/2013,80
A/Switzerland/9715293/2013,A/Samara/73/2013,160
A/Switzerland/9715293/2013,A/Samara/73/2013,160
A/Hong Kong/5738/2014,A/Samara/73/2013,160
A/Hong Kong/5738/2014,A/Samara/73/2013,160
A/Mauritius/483/2014,A/Samara/73/2013,80
A/Cameroon/14V-5950/2014,A/Samara/73/2013,160
A/Ghana/DILI-14-0657/2014,A/Samara/73/2013,160
A/Ghana/DILI-14-0659/2014,A/Samara/73/2013,160
A/Victoria/265/2014,A/Samara/73/2013,80
A/New Caledonia/71/2014,A/Samara/73/2013,80
A/Dakar/01/2014,A/Samara/73/2013,160
A/Madagascar/2395/2014,A/Samara/73/2013,160
A/Victoria/5006/2014,A/Samara/73/2013,160
A/Victoria/673/2014,A/Samara/73/2013,80
A/Malta/MX000757/2014,A/Samara/73/2013,160
A/Denmark/44/2014,A/Samara/73/2013,160
A/Brisbane/341/2014,A/Samara/73/2013,40
A/Finland/462/2014,A/Samara/73/2013,80
A/Algiers/08/2014,A/Samara/73/2013,80
A/Denmark/45/2014,A/Samara/73/2013,160
A/Malta/MX001178/2014,A/Samara/73/2013,160
A/Malta/MX001204/2014,A/Samara/73/2013,320
A/Ghana/DILI-14-1010/2014,A/Samara/73/2013,80
A/Ghana/DILI-14-1014/2014,A/Samara/73/2013,80
A/Israel/O-6286/2014,A/Samara/73/2013,160
A/Switzerland/656/2014,A/Samara/73/2013,320
A/Denmark/46/2014,A/Samara/73/2013,160
A/Ghana/DILI-14-1152/2014,A/Samara/73/2013,80
A/Leon/256/2014,A/Samara/73/2013,<40
A/Netherlands/507/14,A/Samara/73/2013,160
A/Jordan/30485/2014,A/Samara/73/2013,80
A/Czech Republic/20/2014,A/Samara/73/2013,160
A/Catalonia/0684834S/2015,A/Samara/73/2013,80
A/Catalonia/2235376NS/2015,A/Samara/73/2013,80
A/Catalonia/2235968NS/2015,A/Samara/73/2013,<40
A/Perth/16/2009,A/Hong Kong/146/2013,160
A/Victoria/361/2011,A/Hong Kong/146/2013,320
A/Texas/50/2012,A/Hong Kong/146/2013,640
A/Samara/73/2013,A/Hong Kong/146/2013,640
A/Hong Kong/146/2013,A/Hong Kong/146/2013,2560
A/Stockholm/6/2014,A/Hong Kong/146/2013,80
A/Stockholm/6/2014,A/Hong Kong/146/2013,320
A/Switzerland/9715293/2013,A/Hong Kong/146/2013,80
A/Switzerland/9715293/2013,A/Hong Kong/146/2013,320
A/Hong Kong/5738/2014,A/Hong Kong/146/2013,160
A/Hong Kong/5738/2014,A/Hong Kong/146/2013,160
A/Mauritius/483/2014,A/Hong Kong/146/2013,40
A/Cameroon/14V-5950/2014,A/Hong Kong/146/2013,160
A/Ghana/DILI-14-0657/2014,A/Hong Kong/146/2013,160
A/Ghana/DILI-14-0659/2014,A/Hong Kong/146/2013,160
A/Victoria/265/2014,A/Hong Kong/146/2013,80
A/New Caledonia/71/2014,A/Hong Kong/146/2013,40
A/Dakar/01/2014,A/Hong Kong/146/2013,160
A/Madagascar/2395/2014,A/Hong Kong/146/2013,160
A/Victoria/5006/2014,A/Hong Kong/146/2013,80
A/Victoria/673/2014,A/Hong Kong/146/2013,40
A/Malta/MX000757/2014,A/Hong Kong/146/2013,80
A/Denmark/44/2014,A/Hong Kong/146/2013,80
A/Brisbane/341/2014,A/Hong Kong/146/2013,40
A/Finland/462/2014,A/Hong Kong/146/2013,80
A/Algiers/08/2014,A/Hong Kong/146/2013,80
A/Denmark/45/2014,A/Hong Kong/146/2013,160
A/Malta/MX001178/2014,A/Hong Kong/146/2013,80
A/Malta/MX001204/2014,A/Hong Kong/146/2013,160
A/Ghana/DILI-14-1010/2014,A/Hong Kong/146/2013,80
A/Ghana/DILI-14-1014/2014,A/Hong Kong/146/2013,80
A/Israel/O-6286/2014,A/Hong Kong/146/2013,160
A/Switzerland/656/2014,A/Hong Kong/146/2013,160
A/Denmark/46/2014,A/Hong Kong/146/2013,160
A/Ghana/DILI-14-1152/2014,A/Hong Kong/146/2013,160
A/Leon/256/2014,A/Hong Kong/146/2013,<40
A/Netherlands/507/14,A/Hong Kong/146/2013,80
A/Jordan/30485/2014,A/Hong Kong/146/2013,160
A/Czech Republic/20/2014,A/Hong Kong/146/2013,160
A/Catalonia/0684834S/2015,A/Hong Kong/146/2013,80
A/Catalonia/2235376NS/2015,A/Hong Kong/146/2013,40
A/Catalonia/2235968NS/2015,A/Hong Kong/146/2013,<40
A/Perth/16/2009,A/Stockholm/6/2014,40
A/Victoria/361/2011,A/Stockholm/6/2014,640
A/Texas/50/2012,A/Stockholm/6/2014,160
A/Samara/73/2013,A/Stockholm/6/2014,640
A/Hong Kong/146/2013,A/Stockholm/6/2014,160
A/Stockholm/6/2014,A/Stockholm/6/2014,320
A/Stockholm/6/2014,A/Stockholm/6/2014,160
A/Switzerland/9715293/2013,A/Stockholm/6/2014,640
A/Switzerland/9715293/2013,A/Stockholm/6/2014,320
A/Hong Kong/5738/2014,A/Stockholm/6/2014,320
A/Hong Kong/5738/2014,A/Stockholm/6/2014,160
A/Mauritius/483/2014,A/Stockholm/6/2014,160
A/Cameroon/14V-5950/2014,A/Stockholm/6/2014,640
A/Ghana/DILI-14-0657/2014,A/Stockholm/6/2014,640
A/Ghana/DILI-14-0659/2014,A/Stockholm/6/2014,320
A/Victoria/265/2014,A/Stockholm/6/2014,160
A/New Caledonia/71/2014,A/Stockholm/6/2014,80
A/Dakar/01/2014,A/Stockholm/6/2014,640
A/Madagascar/2395/2014,A/Stockholm/6/2014,640
A/Victoria/5006/2014,A/Stockholm/6/2014,160
A/Victoria/673/2014,A/Stockholm/6/2014,80
A/Malta/MX000757/2014,A/Stockholm/6/2014,320
A/Denmark/44/2014,A/Stockholm/6/2014,320
A/Brisbane/341/2014,A/Stockholm/6/2014,80
A/Finland/462/2014,A/Stockholm/6/2014,160
A/Algiers/08/2014,A/Stockholm/6/2014,640
A/Denmark/45/2014,A/Stockholm/6/2014,320
A/Malta/MX001178/2014,A/Stockholm/6/2014,160
A/Malta/MX001204/2014,A/Stockholm/6/2014,320
A/Ghana/DILI-14-1010/2014,A/Stockholm/6/2014,320
A/Ghana/DILI-14-1014/2014,A/Stockholm/6/2014,320
A/Israel/O-6286/2014,A/Stockholm/6/2014,320
A/Switzerland/656/2014,A/Stockholm/6/2014,320
A/Denmark/46/2014,A/Stockholm/6/2014,320
A/Ghana/DILI-14-1152/2014,A/Stockholm/6/2014,640
A/Leon/256/2014,A/Stockholm/6/2014,160
A/Netherlands/507/14,A/Stockholm/6/2014,160
A/Jordan/30485/2014,A/Stockholm/6/2014,640
A/Czech Republic/20/2014,A/Stockholm/6/2014,640
A/Catalonia/0684834S/2015,A/Stockholm/6/2014,320
A/Catalonia/2235376NS/2015,A/Stockholm/6/2014,160
A/Catalonia/2235968NS/2015,A/Stockholm/6/2014,160
A/Perth/16/2009,A/Stockholm/6/2014,80
A/Victoria/361/2011,A/Stockholm/6/2014,160
A/Texas/50/2012,A/Stockholm/6/2014,640
A/Samara/73/2013,A/Stockholm/6/2014,320
A/Hong Kong/146/2013,A/Stockholm/6/2014,640
A/Stockholm/6/2014,A/Stockholm/6/2014,80
A/Stockholm/6/2014,A/Stockholm/6/2014,320
A/Switzerland/9715293/2013,A/Stockholm/6/2014,160
A/Switzerland/9715293/2013,A/Stockholm/6/2014,320
A/Hong Kong/5738/2014,A/Stockholm/6/2014,80
A/Hong Kong/5738/2014,A/Stockholm/6/2014,80
A/Mauritius/483/2014,A/Stockholm/6/2014,40
A/Cameroon/14V-5950/2014,A/Stockholm/6/2014,320
A/Ghana/DILI-14-0657/2014,A/Stockholm/6/2014,160
A/Ghana/DILI-14-0659/2014,A/Stockholm/6/2014,160
A/Victoria/265/2014,A/Stockholm/6/2014,80
A/New Caledonia/71/2014,A/Stockholm/6/2014,40
A/Dakar/01/2014,A/Stockholm/6/2014,160
A/Madagascar/2395/2014,A/Stockholm/6/2014,320
A/Victoria/5006/2014,A/Stockholm/6/2014,80
A/Victoria/673/2014,A/Stockholm/6/2014,40
A/Malta/MX000757/2014,A/Stockholm/6/2014,80
A/Denmark/44/2014,A/Stockholm/6/2014,160
A/Brisbane/341/2014,A/Stockholm/6/2014,40
A/Finland/462/2014,A/Stockholm/6/2014,80
A/Algiers/08/2014,A/Stockholm/6/2014,160
A/Denmark/45/2014,A/Stockholm/6/2014,160
A/Malta/MX001178/2014,A/Stockholm/6/2014,80
A/Malta/MX001204/2014,A/Stockholm/6/2014,80
A/Ghana/DILI-14-1010/2014,A/Stockholm/6/2014,160
A/Ghana/DILI-14-1014/2014,A/Stockholm/6/2014,160
A/Israel/O-6286/2014,A/Stockholm/6/2014,160
A/Switzerland/656/2014,A/Stockholm/6/2014,160
A/Denmark/46/2014,A/Stockholm/6/2014,160
A/Ghana/DILI-14-1152/2014,A/Stockholm/6/2014,160
A/Leon/256/2014,A/Stockholm/6/2014,80
A/Netherlands/507/14,A/Stockholm/6/2014,80
A/Jordan/30485/2014,A/Stockholm/6/2014,160
A/Czech Republic/20/2014,A/Stockholm/6/2014,160
A/Catalonia/0684834S/2015,A/Stockholm/6/2014,80
A/Catalonia/2235376NS/2015,A/Stockholm/6/2014,40
A/Catalonia/2235968NS/2015,A/Stockholm/6/2014,40
A/Perth/16/2009,A/Switzerland/9715293/2013,<40
A/Victoria/361/2011,A/Switzerland/9715293/2013,80
A/Texas/50/2012,A/Switzerland/9715293/2013,40
A/Samara/73/2013,A/Switzerland/9715293/2013,80
A/Hong Kong/146/2013,A/Switzerland/9715293/2013,40
A/Stockholm/6/2014,A/Switzerland/9715293/2013,80
A/Stockholm/6/2014,A/Switzerland/9715293/2013,80
A/Switzerland/9715293/2013,A/Switzerland/9715293/2013,80
A/Switzerland/9715293/2013,A/Switzerland/9715293/2013,80
A/Hong Kong/5738/2014,A/Switzerland/9715293/2013,40
A/Hong Kong/5738/2014,A/Switzerland/9715293/2013,40
A/Mauritius/483/2014,A/Switzerland/9715293/2013,<40
A/Cameroon/14V-5950/2014,A/Switzerland/9715293/2013,80
A/Ghana/DILI-14-0657/2014,A/Switzerland/9715293/2013,80
A/Ghana/DILI-14-0659/2014,A/Switzerland/9715293/2013,80
A/Victoria/265/2014,A/Switzerland/9715293/2013,40
A/New Caledonia/71/2014,A/Switzerland/9715293/2013,<40
A/Dakar/01/2014,A/Switzerland/9715293/2013,80
A/Madagascar/2395/2014,A/Switzerland/9715293/2013,160
A/Victoria/5006/2014,A/Switzerland/9715293/2013,40
A/Victoria/673/2014,A/Switzerland/9715293/2013,<40
A/Malta/MX000757/2014,A/Switzerland/9715293/2013,<40
A/Denmark/44/2014,A/Switzerland/9715293/2013,80
A/Brisbane/341/2014,A/Switzerland/9715293/2013,<40
A/Finland/462/2014,A/Switzerland/9715293/2013,<40
A/Algiers/08/2014,A/Switzerland/9715293/2013,80
A/Denmark/45/2014,A/Switzerland/9715293/2013,80
A/Malta/MX001178/2014,A/Switzerland/9715293/2013,<40
A/Malta/MX001204/2014,A/Switzerland/9715293/2013,<40
A/Ghana/DILI-14-1010/2014,A/Switzerland/9715293/2013,<40
A/Ghana/DILI-14-1014/2014,A/Switzerland/9715293/2013,<40
A/Israel/O-6286/2014,A/Switzerland/9715293/2013,<40
A/Switzerland/656/2014,A/Switzerland/9715293/2013,<40
A/Denmark/46/2014,A/Switzerland/9715293/2013,80
A/Ghana/DILI-14-1152/2014,A/Switzerland/9715293/2013,80
A/Leon/256/2014,A/Switzerland/9715293/2013,40
A/Netherlands/507/14,A/Switzerland/9715293/2013,<40
A/Jordan/30485/2014,A/Switzerland/9715293/2013,80
A/Czech Republic/20/2014,A/Switzerland/9715293/2013,80
A/Catalonia/0684834S/2015,A/Switzerland/9715293/2013,40
A/Catalonia/2235376NS/2015,A/Switzerland/9715293/2013,<40
A/Catalonia/2235968NS/2015,A/Switzerland/9715293/2013,<40
A/Perth/16/2009,A/Switzerland/9715293/2013,40
A/Victoria/361/2011,A/Switzerland/9715293/2013,160
A/Texas/50/2012,A/Switzerland/9715293/2013,640
A/Samara/73/2013,A/Switzerland/9715293/2013,320
A/Hong Kong/146/2013,A/Switzerland/9715293/2013,640
A/Stockholm/6/2014,A/Switzerland/9715293/2013,80
A/Stockholm/6/2014,A/Switzerland/9715293/2013,640
A/Switzerland/9715293/2013,A/Switzerland/9715293/2013,80
A/Switzerland/9715293/2013,A/Switzerland/9715293/2013,640
A/Hong Kong/5738/2014,A/Switzerland/9715293/2013,80
A/Hong Kong/5738/2014,A/Switzerland/9715293/2013,40
A/Mauritius/483/2014,A/Switzerland/9715293/2013,40
A/Cameroon/14V-5950/2014,A/Switzerland/9715293/2013,80
A/Ghana/DILI-14-0657/2014,A/Switzerland/9715293/2013,40
A/Ghana/DILI-14-0659/2014,A/Switzerland/9715293/2013,40
A/Victoria/265/2014,A/Switzerland/9715293/2013,<40
A/New Caledonia/71/2014,A/Switzerland/9715293/2013,<40
A/Dakar/01/2014,A/Switzerland/9715293/2013,80
A/Madagascar/2395/2014,A/Switzerland/9715293/2013,80
A/Victoria/5006/2014,A/Switzerland/9715293/2013,<40
A/Victoria/673/2014,A/Switzerland/9715293/2013,<40
A/Malta/MX000757/2014,A/Switzerland/9715293/2013,40
A/Denmark/44/2014,A/Switzerland/9715293/2013,40
A/Brisbane/341/2014,A/Switzerland/9715293/2013,<40
A/Finland/462/2014,A/Switzerland/9715293/2013,<40
A/Algiers/08/2014,A/Switzerland/9715293/2013,80
A/Denmark/45/2014,A/Switzerland/9715293/2013,40
A/Malta/MX001178/2014,A/Switzerland/9715293/2013,40
A/Malta/MX001204/2014,A/Switzerland/9715293/2013,80
A/Ghana/DILI-14-1010/2014,A/Switzerland/9715293/2013,40
A/Ghana/DILI-14-1014/2014,A/Switzerland/9715293/2013,40
A/Israel/O-6286/2014,A/Switzerland/9715293/2013,80
A/Switzerland/656/2014,A/Switzerland/9715293/2013,80
A/Denmark/46/2014,A/Switzerland/9715293/2013,40
A/Ghana/DILI-14-1152/2014,A/Switzerland/9715293/2013,40
A/Leon/256/2014,A/Switzerland/9715293/2013,<40
A/Netherlands/507/14,A/Switzerland/9715293/2013,<40
A/Jordan/30485/2014,A/Switzerland/9715293/2013,40
A/Czech Republic/20/2014,A/Switzerland/9715293/2013,80
A/Catalonia/0684834S/2015,A/Switzerland/9715293/2013,<40
A/Catalonia/2235376NS/2015,A/Switzerland/9715293/2013,<40
A/Catalonia/2235968NS/2015,A/Switzerland/9715293/2013,<40
A/Perth/16/2009,A/Hong Kong/5738/2014,<40
A/Victoria/361/2011,A/Hong Kong/5738/2014,160
A/Texas/50/2012,A/Hong Kong/5738/2014,80
A/Samara/73/2013,A/Hong Kong/5738/2014,320
A/Hong Kong/146/2013,A/Hong Kong/5738/2014,320
A/Stockholm/6/2014,A/Hong Kong/5738/2014,80
A/Stockholm/6/2014,A/Hong Kong/5738/2014,160
A/Switzerland/9715293/2013,A/Hong Kong/5738/2014,80
A/Switzerland/9715293/2013,A/Hong Kong/5738/2014,160
A/Hong Kong/5738/2014,A/Hong Kong/5738/2014,160
A/Hong Kong/5738/2014,A/Hong Kong/5738/2014,320
A/Mauritius/483/2014,A/Hong Kong/5738/2014,80
A/Cameroon/14V-5950/2014,A/Hong Kong/5738/2014,160
A/Ghana/DILI-14-0657/2014,A/Hong Kong/5738/2014,80
A/Ghana/DILI-14-0659/2014,A/Hong Kong/5738/2014,160
A/Victoria/265/2014,A/Hong Kong/5738/2014,160
A/New Caledonia/71/2014,A/Hong Kong/5738/2014,160
A/Dakar/01/2014,A/Hong Kong/5738/2014,80
A/Madagascar/2395/2014,A/Hong Kong/5738/2014,160
A/Victoria/5006/2014,A/Hong Kong/5738/2014,160
A/Victoria/673/2014,A/Hong Kong/5738/2014,160
A/Malta/MX000757/2014,A/Hong Kong/5738/2014,40
A/Denmark/44/2014,A/Hong Kong/5738/2014,80
A/Brisbane/341/2014,A/Hong Kong/5738/2014,160
A/Finland/462/2014,A/Hong Kong/5738/2014,80
A/Algiers/08/2014,A/Hong Kong/5738/2014,80
A/Denmark/45/2014,A/Hong Kong/5738/2014,80
A/Malta/MX001178/2014,A/Hong Kong/5738/2014,40
A/Malta/MX001204/2014,A/Hong Kong/5738/2014,80
A/Ghana/DILI-14-1010/2014,A/Hong Kong/5738/2014,80
A/Ghana/DILI-14-1014/2014,A/Hong Kong/5738/2014,80
A/Israel/O-6286/2014,A/Hong Kong/5738/2014,80
A/Switzerland/656/2014,A/Hong Kong/5738/2014,80
A/Denmark/46/2014,A/Hong Kong/5738/2014,80
A/Ghana/DILI-14-1152/2014,A/Hong Kong/5738/2014,80
A/Leon/256/2014,A/Hong Kong/5738/2014,40
A/Netherlands/507/14,A/Hong Kong/5738/2014,160
A/Jordan/30485/2014,A/Hong Kong/5738/2014,80
A/Czech Republic/20/2014,A/Hong Kong/5738/2014,160
A/Catalonia/0684834S/2015,A/Hong Kong/5738/2014,160
A/Catalonia/2235376NS/2015,A/Hong Kong/5738/2014,80
A/Catalonia/2235968NS/2015,A/Hong Kong/5738/2014,<40
A/Perth/16/2009,A/Hong Kong/5738/2014,<40
A/Victoria/361/2011,A/Hong Kong/5738/2014,40
A/Texas/50/2012,A/Hong Kong/5738/2014,40
A/Samara/73/2013,A/Hong Kong/5738/2014,40
A/Hong Kong/146/2013,A/Hong Kong/5738/2014,40
A/Stockholm/6/2014,A/Hong Kong/5738/2014,40
A/Stockholm/6/2014,A/Hong Kong/5738/2014,40
A/Switzerland/9715293/2013,A/Hong Kong/5738/2014,<40
A/Switzerland/9715293/2013,A/Hong Kong/5738/2014,<40
A/Hong Kong/5738/2014,A/Hong Kong/5738/2014,40
A/Hong Kong/5738/2014,A/Hong Kong/5738/2014,640
A/Mauritius/483/2014,A/Hong Kong/5738/2014,<40
A/Cameroon/14V-5950/2014,A/Hong Kong/5738/2014,<40
A/Ghana/DILI-14-0657/2014,A/Hong Kong/5738/2014,<40
A/Ghana/DILI-14-0659/2014,A/Hong Kong/5738/2014,<40
A/Victoria/265/2014,A/Hong Kong/5738/2014,320
A/New Caledonia/71/2014,A/Hong Kong/5738/2014,320
A/Dakar/01/2014,A/Hong Kong/5738/2014,<40
A/Madagascar/2395/2014,A/Hong Kong/5738/2014,40
A/Victoria/5006/2014,A/Hong Kong/5738/2014,320
A/Victoria/673/2014,A/Hong Kong/5738/2014,320
A/Malta/MX000757/2014,A/Hong Kong/5738/2014,<40
A/Denmark/44/2014,A/Hong Kong/5738/2014,<40
A/Brisbane/341/2014,A/Hong Kong/5738/2014,320
A/Finland/462/2014,A/Hong Kong/5738/2014,<40
A/Algiers/08/2014,A/Hong Kong/5738/2014,<40
A/Denmark/45/2014,A/Hong Kong/5738/2014,40
A/Malta/MX001178/2014,A/Hong Kong/5738/2014,<40
A/Malta/MX001204/2014,A/Hong Kong/5738/2014,<40
A/Ghana/DILI-14-1010/2014,A/Hong Kong/5738/2014,<40
A/Ghana/DILI-14-1014/2014,A/Hong Kong/5738/2014,<40
A/Israel/O-6286/2014,A/Hong Kong/5738/2014,<40
A/Switzerland/656/2014,A/Hong Kong/5738/2014,<40
A/Denmark/46/2014,A/Hong Kong/5738/2014,<40
A/Ghana/DILI-14-1152/2014,A/Hong Kong/5738/2014,<40
A/Leon/256/2014,A/Hong Kong/5738/2014,<40
A/Netherlands/507/14,A/Hong Kong/5738/2014,<40
A/Jordan/30485/2014,A/Hong Kong/5738/2014,<40
A/Czech Republic/20/2014,A/Hong Kong/5738/2014,<40
A/Catalonia/0684834S/2015,A/Hong Kong/5738/2014,<40
A/Catalonia/2235376NS/2015,A/Hong Kong/5738/2014,<40
A/Catalonia/2235968NS/2015,A/Hong Kong/5738/2014,<40
A/Perth/16/2009,A/Perth/16/2009,320
A/Victoria/361/2011,A/Perth/16/2009,80
A/Texas/50/2012,A/Perth/16/2009,640
A/Samara/73/2013,A/Perth/16/2009,320
A/Hong Kong/146/2013,A/Perth/16/2009,320
A/Stockholm/6/2014,A/Perth/16/2009,<40
A/Stockholm/6/2014,A/Perth/16/2009,80
A/Switzerland/9715293/2013,A/Perth/16/2009,<40
A/Switzerland/9715293/2013,A/Perth/16/2009,40
A/Hong Kong/5738/2014,A/Perth/16/2009,40
A/Hong Kong/5738/2014,A/Perth/16/2009,40
A/Hong Kong/7127/2014,A/Perth/16/2009,40
A/Hong Kong/4801/2014,A/Perth/16/2009,40
A/Greece/2263/2014,A/Perth/16/2009,<40
A/Cameroon/14V-5949/2014,A/Perth/16/2009,<40
A/Ghana/DILI-14-0658/2014,A/Perth/16/2009,<40
A/Zambia/06-036/2014,A/Perth/16/2009,<40
A/Zambia/04-230/2014,A/Perth/16/2009,<40
A/Zambia/06-023/2014,A/Perth/16/2009,160
A/Zambia/06-011/2014,A/Perth/16/2009,40
A/Zambia/02-346/2014,A/Perth/16/2009,<40
A/Kazakhstan/3784/2014,A/Perth/16/2009,<40
A/Kazakhstan/3781/2014,A/Perth/16/2009,<40
A/Kazakhstan/3785/2014,A/Perth/16/2009,<40
A/Kazakhstan/3782/2014,A/Perth/16/2009,<40
A/Kazakhstan/3793/2014,A/Perth/16/2009,<40
A/Kazakhstan/3790/2014,A/Perth/16/2009,<40
A/Kazakhstan/3791/2014,A/Perth/16/2009,<40
A/Greece/17/2015,A/Perth/16/2009,40
A/Kazakhstan/3798/2014,A/Perth/16/2009,<40
A/Kazakhstan/3797/2015,A/Perth/16/2009,<40
A/Greece/51/2015,A/Perth/16/2009,40
A/Estonia/91229/2015,A/Perth/16/2009,<40
A/Greece/327/2015,A/Perth/16/2009,40
A/Estonia/91299/2015,A/Perth/16/2009,<40
A/Cyprus/F52/2015,A/Perth/16/2009,40
A/Perth/16/2009,A/Victoria/361/2011,80
A/Victoria/361/2011,A/Victoria/361/2011,160
A/Texas/50/2012,A/Victoria/361/2011,1280
A/Samara/73/2013,A/Victoria/361/2011,320
A/Hong Kong/146/2013,A/Victoria/361/2011,320
A/Stockholm/6/2014,A/Victoria/361/2011,80
A/Stockholm/6/2014,A/Victoria/361/2011,160
A/Switzerland/9715293/2013,A/Victoria/361/2011,80
A/Switzerland/9715293/2013,A/Victoria/361/2011,320
A/Hong Kong/5738/2014,A/Victoria/361/2011,160
A/Hong Kong/5738/2014,A/Victoria/361/2011,80
A/Hong Kong/7127/2014,A/Victoria/361/2011,40
A/Hong Kong/4801/2014,A/Victoria/361/2011,40
A/Greece/2263/2014,A/Victoria/361/2011,40
A/Cameroon/14V-5949/2014,A/Victoria/361/2011,40
A/Ghana/DILI-14-0658/2014,A/Victoria/361/2011,80
A/Zambia/06-036/2014,A/Victoria/361/2011,80
A/Zambia/04-230/2014,A/Victoria/361/2011,80
A/Zambia/06-023/2014,A/Victoria/361/2011,320
A/Zambia/06-011/2014,A/Victoria/361/2011,80
A/Zambia/02-346/2014,A/Victoria/361/2011,40
A/Kazakhstan/3784/2014,A/Victoria/361/2011,80
A/Kazakhstan/3781/2014,A/Victoria/361/2011,160
A/Kazakhstan/3785/2014,A/Victoria/361/2011,160
A/Kazakhstan/3782/2014,A/Victoria/361/2011,160
A/Kazakhstan/3793/2014,A/Victoria/361/2011,80
A/Kazakhstan/3790/2014,A/Victoria/361/2011,160
A/Kazakhstan/3791/2014,A/Victoria/361/2011,80
A/Greece/17/2015,A/Victoria/361/2011,160
A/Kazakhstan/3798/2014,A/Victoria/361/2011,80
A/Kazakhstan/3797/2015,A/Victoria/361/2011,160
A/Greece/51/2015,A/Victoria/361/2011,160
A/Estonia/91229/2015,A/Victoria/361/2011,40
A/Greece/327/2015,A/Victoria/361/2011,80
A/Estonia/91299/2015,A/Victoria/361/2011,40
A/Cyprus/F52/2015,A/Victoria/361/2011,80
A/Perth/16/2009,A/Texas/50/2012,80
A/Victoria/361/2011,A/Texas/50/2012,320
A/Texas/50/2012,A/Texas/50/2012,1280
A/Samara/73/2013,A/Texas/50/2012,320
A/Hong Kong/146/2013,A/Texas/50/2012,640
A/Stockholm/6/2014,A/Texas/50/2012,80
A/Stockholm/6/2014,A/Texas/50/2012,160
A/Switzerland/9715293/2013,A/Texas/50/2012,40
A/Switzerland/9715293/2013,A/Texas/50/2012,320
A/Hong Kong/5738/2014,A/Texas/50/2012,160
A/Hong Kong/5738/2014,A/Texas/50/2012,80
A/Hong Kong/7127/2014,A/Texas/50/2012,40
A/Hong Kong/4801/2014,A/Texas/50/2012,40
A/Greece/2263/2014,A/Texas/50/2012,40
A/Cameroon/14V-5949/2014,A/Texas/50/2012,40
A/Ghana/DILI-14-0658/2014,A/Texas/50/2012,80
A/Zambia/06-036/2014,A/Texas/50/2012,80
A/Zambia/04-230/2014,A/Texas/50/2012,80
A/Zambia/06-023/2014,A/Texas/50/2012,320
A/Zambia/06-011/2014,A/Texas/50/2012,160
A/Zambia/02-346/2014,A/Texas/50/2012,40
A/Kazakhstan/3784/2014,A/Texas/50/2012,80
A/Kazakhstan/3781/2014,A/Texas/50/2012,80
A/Kazakhstan/3785/2014,A/Texas/50/2012,80
A/Kazakhstan/3782/2014,A/Texas/50/2012,80
A/Kazakhstan/3793/2014,A/Texas/50/2012,80
A/Kazakhstan/3790/2014,A/Texas/50/2012,160
A/Kazakhstan/3791/2014,A/Texas/50/2012,80
A/Greece/17/2015,A/Texas/50/2012,160
A/Kazakhstan/3798/2014,A/Texas/50/2012,80
A/Kazakhstan/3797/2015,A/Texas/50/2012,80
A/Greece/51/2015,A/Texas/50/2012,160
A/Estonia/91229/2015,A/Texas/50/2012,40
A/Greece/327/2015,A/Texas/50/2012,80
A/Estonia/91299/2015,A/Texas/50/2012,40
A/Cyprus/F52/2015,A/Texas/50/2012,80
A/Perth/16/2009,A/Samara/73/2013,80
A/Victoria/361/2011,A/Samara/73/2013,320
A/Texas/50/2012,A/Samara/73/2013,640
A/Samara/73/2013,A/Samara/73/2013,1280
A/Hong Kong/146/2013,A/Samara/73/2013,640
A/Stockholm/6/2014,A/Samara/73/2013,160
A/Stockholm/6/2014,A/Samara/73/2013,80
A/Switzerland/9715293/2013,A/Samara/73/2013,160
A/Switzerland/9715293/2013,A/Samara/73/2013,320
A/Hong Kong/5738/2014,A/Samara/73/2013,320
A/Hong Kong/5738/2014,A/Samara/73/2013,320
A/Hong Kong/7127/2014,A/Samara/73/2013,160
A/Hong Kong/4801/2014,A/Samara/73/2013,160
A/Greece/2263/2014,A/Samara/73/2013,80
A/Cameroon/14V-5949/2014,A/Samara/73/2013,160
A/Ghana/DILI-14-0658/2014,A/Samara/73/2013,320
A/Zambia/06-036/2014,A/Samara/73/2013,160
A/Zambia/04-230/2014,A/Samara/73/2013,160
A/Zambia/06-023/2014,A/Samara/73/2013,640
A/Zambia/06-011/2014,A/Samara/73/2013,320
A/Zambia/02-346/2014,A/Samara/73/2013,160
A/Kazakhstan/3784/2014,A/Samara/73/2013,320
A/Kazakhstan/3781/2014,A/Samara/73/2013,320
A/Kazakhstan/3785/2014,A/Samara/73/2013,160
A/Kazakhstan/3782/2014,A/Samara/73/2013,320
A/Kazakhstan/3793/2014,A/Samara/73/2013,160
A/Kazakhstan/3790/2014,A/Samara/73/2013,320
A/Kazakhstan/3791/2014,A/Samara/73/2013,160
A/Greece/17/2015,A/Samara/73/2013,320
A/Kazakhstan/3798/2014,A/Samara/73/2013,320
A/Kazakhstan/3797/2015,A/Samara/73/2013,320
A/Greece/51/2015,A/Samara/73/2013,320
A/Estonia/91229/2015,A/Samara/73/2013,160
A/Greece/327/2015,A/Samara/73/2013,160
A/Estonia/91299/2015,A/Samara/73/2013,80
A/Cyprus/F52/2015,A/Samara/73/2013,160
A/Perth/16/2009,A/Hong Kong/146/2013,160
A/Victoria/361/2011,A/Hong Kong/146/2013,160
A/Texas/50/2012,A/Hong Kong/146/2013,640
A/Samara/73/2013,A/Hong Kong/146/2013,1280
A/Hong Kong/146/2013,A/Hong Kong/146/2013,2560
A/Stockholm/6/2014,A/Hong Kong/146/2013,160
A/Stockholm/6/2014,A/Hong Kong/146/2013,160
A/Switzerland/9715293/2013,A/Hong Kong/146/2013,160
A/Switzerland/9715293/2013,A/Hong Kong/146/2013,320
A/Hong Kong/5738/2014,A/Hong Kong/146/2013,320
A/Hong Kong/5738/2014,A/Hong Kong/146/2013,160
A/Hong Kong/7127/2014,A/Hong Kong/146/2013,80
A/Hong Kong/4801/2014,A/Hong Kong/146/2013,80
A/Greece/2263/2014,A/Hong Kong/146/2013,160
A/Cameroon/14V-5949/2014,A/Hong Kong/146/2013,80
A/Ghana/DILI-14-0658/2014,A/Hong Kong/146/2013,160
A/Zambia/06-036/2014,A/Hong Kong/146/2013,160
A/Zambia/04-230/2014,A/Hong Kong/146/2013,80
A/Zambia/06-023/2014,A/Hong Kong/146/2013,640
A/Zambia/06-011/2014,A/Hong Kong/146/2013,160
A/Zambia/02-346/2014,A/Hong Kong/146/2013,160
A/Kazakhstan/3784/2014,A/Hong Kong/146/2013,160
A/Kazakhstan/3781/2014,A/Hong Kong/146/2013,160
A/Kazakhstan/3785/2014,A/Hong Kong/146/2013,160
A/Kazakhstan/3782/2014,A/Hong Kong/146/2013,160
A/Kazakhstan/3793/2014,A/Hong Kong/146/2013,160
A/Kazakhstan/3790/2014,A/Hong Kong/146/2013,320
A/Kazakhstan/3791/2014,A/Hong Kong/146/2013,160
A/Greece/17/2015,A/Hong Kong/146/2013,320
A/Kazakhstan/3798/2014,A/Hong Kong/146/2013,160
A/Kazakhstan/3797/2015,A/Hong Kong/146/2013,160
A/Greece/51/2015,A/Hong Kong/146/2013,160
A/Estonia/91229/2015,A/Hong Kong/146/2013,40
A/Greece/327/2015,A/Hong Kong/146/2013,80
A/Estonia/91299/2015,A/Hong Kong/146/2013,80
A/Cyprus/F52/2015,A/Hong Kong/146/2013,80
A/Perth/16/2009,A/Stockholm/6/2014,40
A/Victoria/361/2011,A/Stockholm/6/2014,320
A/Texas/50/2012,A/Stockholm/6/2014,160
A/Samara/73/2013,A/Stockholm/6/2014,640
A/Hong Kong/146/2013,A/Stockholm/6/2014,80
A/Stockholm/6/2014,A/Stockholm/6/2014,640
A/Stockholm/6/2014,A/Stockholm/6/2014,160
A/Switzerland/9715293/2013,A/Stockholm/6/2014,320
A/Switzerland/9715293/2013,A/Stockholm/6/2014,640
A/Hong Kong/5738/2014,A/Stockholm/6/2014,640
A/Hong Kong/5738/2014,A/Stockholm/6/2014,320
A/Hong Kong/7127/2014,A/Stockholm/6/2014,160
A/Hong Kong/4801/2014,A/Stockholm/6/2014,160
A/Greece/2263/2014,A/Stockholm/6/2014,320
A/Cameroon/14V-5949/2014,A/Stockholm/6/2014,640
A/Ghana/DILI-14-0658/2014,A/Stockholm/6/2014,640
A/Zambia/06-036/2014,A/Stockholm/6/2014,320
A/Zambia/04-230/2014,A/Stockholm/6/2014,640
A/Zambia/06-023/2014,A/Stockholm/6/2014,640
A/Zambia/06-011/2014,A/Stockholm/6/2014,320
A/Zambia/02-346/2014,A/Stockholm/6/2014,640
A/Kazakhstan/3784/2014,A/Stockholm/6/2014,640
A/Kazakhstan/3781/2014,A/Stockholm/6/2014,640
A/Kazakhstan/3785/2014,A/Stockholm/6/2014,640
A/Kazakhstan/3782/2014,A/Stockholm/6/2014,640
A/Kazakhstan/3793/2014,A/Stockholm/6/2014,640
A/Kazakhstan/3790/2014,A/Stockholm/6/2014,1280
A/Kazakhstan/3791/2014,A/Stockholm/6/2014,640
A/Greece/17/2015,A/Stockholm/6/2014,320
A/Kazakhstan/3798/2014,A/Stockholm/6/2014,640
A/Kazakhstan/3797/2015,A/Stockholm/6/2014,640
A/Greece/51/2015,A/Stockholm/6/2014,320
A/Estonia/91229/2015,A/Stockholm/6/2014,320
A/Greece/327/2015,A/Stockholm/6/2014,160
A/Estonia/91299/2015,A/Stockholm/6/2014,160
A/Cyprus/F52/2015,A/Stockholm/6/2014,160
A/Perth/16/2009,A/Stockholm/6/2014,80
A/Victoria/361/2011,A/Stockholm/6/2014,80
A/Texas/50/2012,A/Stockholm/6/2014,640
A/Samara/73/2013,A/Stockholm/6/2014,640
A/Hong Kong/146/2013,A/Stockholm/6/2014,640
A/Stockholm/6/2014,A/Stockholm/6/2014,160
A/Stockholm/6/2014,A/Stockholm/6/2014,320
A/Switzerland/9715293/2013,A/Stockholm/6/2014,160
A/Switzerland/9715293/2013,A/Stockholm/6/2014,640
A/Hong Kong/5738/2014,A/Stockholm/6/2014,320
A/Hong Kong/5738/2014,A/Stockholm/6/2014,160
A/Hong Kong/7127/2014,A/Stockholm/6/2014,80
A/Hong Kong/4801/2014,A/Stockholm/6/2014,160
A/Greece/2263/2014,A/Stockholm/6/2014,160
A/Cameroon/14V-5949/2014,A/Stockholm/6/2014,160
A/Ghana/DILI-14-0658/2014,A/Stockholm/6/2014,320
A/Zambia/06-036/2014,A/Stockholm/6/2014,160
A/Zambia/04-230/2014,A/Stockholm/6/2014,160
A/Zambia/06-023/2014,A/Stockholm/6/2014,320
A/Zambia/06-011/2014,A/Stockholm/6/2014,160
A/Zambia/02-346/2014,A/Stockholm/6/2014,160
A/Kazakhstan/3784/2014,A/Stockholm/6/2014,320
A/Kazakhstan/3781/2014,A/Stockholm/6/2014,320
A/Kazakhstan/3785/2014,A/Stockholm/6/2014,320
A/Kazakhstan/3782/2014,A/Stockholm/6/2014,320
A/Kazakhstan/3793/2014,A/Stockholm/6/2014,320
A/Kazakhstan/3790/2014,A/Stockholm/6/2014,320
A/Kazakhstan/3791/2014,A/Stockholm/6/2014,320
A/Greece/17/2015,A/Stockholm/6/2014,160
A/Kazakhstan/3798/2014,A/Stockholm/6/2014,320
A/Kazakhstan/3797/2015,A/Stockholm/6/2014,320
A/Greece/51/2015,A/Stockholm/6/2014,160
A/Estonia/91229/2015,A/Stockholm/6/2014,80
A/Greece/327/2015,A/Stockholm/6/2014,40
A/Estonia/91299/2015,A/Stockholm/6/2014,80
A/Cyprus/F52/2015,A/Stockholm/6/2014,80
A/Perth/16/2009,A/Switzerland/9715293/2013,<40
A/Victoria/361/2011,A/Switzerland/9715293/2013,40
A/Texas/50/2012,A/Switzerland/9715293/2013,40
A/Samara/73/2013,A/Switzerland/9715293/2013,80
A/Hong Kong/146/2013,A/Switzerland/9715293/2013,40
A/Stockholm/6/2014,A/Switzerland/9715293/2013,160
A/Stockholm/6/2014,A/Switzerland/9715293/2013,80
A/Switzerland/9715293/2013,A/Switzerland/9715293/2013,160
A/Switzerland/9715293/2013,A/Switzerland/9715293/2013,160
A/Hong Kong/5738/2014,A/Switzerland/9715293/2013,80
A/Hong Kong/5738/2014,A/Switzerland/9715293/2013,80
A/Hong Kong/7127/2014,A/Switzerland/9715293/2013,40
A/Hong Kong/4801/2014,A/Switzerland/9715293/2013,40
A/Greece/2263/2014,A/Switzerland/9715293/2013,80
A/Cameroon/14V-5949/2014,A/Switzerland/9715293/2013,80
A/Ghana/DILI-14-0658/2014,A/Switzerland/9715293/2013,160
A/Zambia/06-036/2014,A/Switzerland/9715293/2013,40
A/Zambia/04-230/2014,A/Switzerland/9715293/2013,80
A/Zambia/06-023/2014,A/Switzerland/9715293/2013,160
A/Zambia/06-011/2014,A/Switzerland/9715293/2013,40
A/Zambia/02-346/2014,A/Switzerland/9715293/2013,80
A/Kazakhstan/3784/2014,A/Switzerland/9715293/2013,160
A/Kazakhstan/3781/2014,A/Switzerland/9715293/2013,160
A/Kazakhstan/3785/2014,A/Switzerland/9715293/2013,160
A/Kazakhstan/3782/2014,A/Switzerland/9715293/2013,160
A/Kazakhstan/3793/2014,A/Switzerland/9715293/2013,160
A/Kazakhstan/3790/2014,A/Switzerland/9715293/2013,160
A/Kazakhstan/3791/2014,A/Switzerland/9715293/2013,160
A/Greece/17/2015,A/Switzerland/9715293/2013,40
A/Kazakhstan/3798/2014,A/Switzerland/9715293/2013,160
A/Kazakhstan/3797/2015,A/Switzerland/9715293/2013,160
A/Greece/51/2015,A/Switzerland/9715293/2013,<40
A/Estonia/91229/2015,A/Switzerland/9715293/2013,40
A/Greece/327/2015,A/Switzerland/9715293/2013,<40
A/Estonia/91299/2015,A/Switzerland/9715293/2013,40
A/Cyprus/F52/2015,A/Switzerland/9715293/2013,<40
A/Perth/16/2009,A/Switzerland/9715293/2013,40
A/Victoria/361/2011,A/Switzerland/9715293/2013,80
A/Texas/50/2012,A/Switzerland/9715293/2013,320
A/Samara/73/2013,A/Switzerland/9715293/2013,640
A/Hong Kong/146/2013,A/Switzerland/9715293/2013,640
A/Stockholm/6/2014,A/Switzerland/9715293/2013,80
A/Stockholm/6/2014,A/Switzerland/9715293/2013,320
A/Switzerland/9715293/2013,A/Switzerland/9715293/2013,80
A/Switzerland/9715293/2013,A/Switzerland/9715293/2013,1280
A/Hong Kong/5738/2014,A/Switzerland/9715293/2013,80
A/Hong Kong/5738/2014,A/Switzerland/9715293/2013,80
A/Hong Kong/7127/2014,A/Switzerland/9715293/2013,40
A/Hong Kong/4801/2014,A/Switzerland/9715293/2013,40
A/Greece/2263/2014,A/Switzerland/9715293/2013,40
A/Cameroon/14V-5949/2014,A/Switzerland/9715293/2013,40
A/Ghana/DILI-14-0658/2014,A/Switzerland/9715293/2013,80
A/Zambia/06-036/2014,A/Switzerland/9715293/2013,40
A/Zambia/04-230/2014,A/Switzerland/9715293/2013,40
A/Zambia/06-023/2014,A/Switzerland/9715293/2013,160
A/Zambia/06-011/2014,A/Switzerland/9715293/2013,80
A/Zambia/02-346/2014,A/Switzerland/9715293/2013,40
A/Kazakhstan/3784/2014,A/Switzerland/9715293/2013,80
A/Kazakhstan/3781/2014,A/Switzerland/9715293/2013,80
A/Kazakhstan/3785/2014,A/Switzerland/9715293/2013,80
A/Kazakhstan/3782/2014,A/Switzerland/9715293/2013,80
A/Kazakhstan/3793/2014,A/Switzerland/9715293/2013,80
A/Kazakhstan/3790/2014,A/Switzerland/9715293/2013,160
A/Kazakhstan/3791/2014,A/Switzerland/9715293/2013,80
A/Greece/17/2015,A/Switzerland/9715293/2013,80
A/Kazakhstan/3798/2014,A/Switzerland/9715293/2013,80
A/Kazakhstan/3797/2015,A/Switzerland/9715293/2013,160
A/Greece/51/2015,A/Switzerland/9715293/2013,40
A/Estonia/91229/2015,A/Switzerland/9715293/2013,<40
A/Greece/327/2015,A/Switzerland/9715293/2013,<40
A/Estonia/91299/2015,A/Switzerland/9715293/2013,<40
A/Cyprus/F52/2015,A/Switzerland/9715293/2013,40
A/Perth/16/2009,A/Hong Kong/5738/2014,<40
A/Victoria/361/2011,A/Hong Kong/5738/2014,160
A/Texas/50/2012,A/Hong Kong/5738/2014,160
A/Samara/73/2013,A/Hong Kong/5738/2014,320
A/Hong Kong/146/2013,A/Hong Kong/5738/2014,320
A/Stockholm/6/2014,A/Hong Kong/5738/2014,160
A/Stockholm/6/2014,A/Hong Kong/5738/2014,160
A/Switzerland/9715293/2013,A/Hong Kong/5738/2014,160
A/Switzerland/9715293/2013,A/Hong Kong/5738/2014,320
A/Hong Kong/5738/2014,A/Hong Kong/5738/2014,320
A/Hong Kong/5738/2014,A/Hong Kong/5738/2014,320
A/Hong Kong/7127/2014,A/Hong Kong/5738/2014,160
A/Hong Kong/4801/2014,A/Hong Kong/5738/2014,160
A/Greece/2263/2014,A/Hong Kong/5738/2014,160
A/Cameroon/14V-5949/2014,A/Hong Kong/5738/2014,80
A/Ghana/DILI-14-0658/2014,A/Hong Kong/5738/2014,160
A/Zambia/06-036/2014,A/Hong Kong/5738/2014,80
A/Zambia/04-230/2014,A/Hong Kong/5738/2014,80
A/Zambia/06-023/2014,A/Hong Kong/5738/2014,320
A/Zambia/06-011/2014,A/Hong Kong/5738/2014,160
A/Zambia/02-346/2014,A/Hong Kong/5738/2014,160
A/Kazakhstan/3784/2014,A/Hong Kong/5738/2014,320
A/Kazakhstan/3781/2014,A/Hong Kong/5738/2014,320
A/Kazakhstan/3785/2014,A/Hong Kong/5738/2014,160
A/Kazakhstan/3782/2014,A/Hong Kong/5738/2014,320
A/Kazakhstan/3793/2014,A/Hong Kong/5738/2014,160
A/Kazakhstan/3790/2014,A/Hong Kong/5738/2014,320
A/Kazakhstan/3791/2014,A/Hong Kong/5738/2014,160
A/Greece/17/2015,A/Hong Kong/5738/2014,160
A/Kazakhstan/3798/2014,A/Hong Kong/5738/2014,160
A/Kazakhstan/3797/2015,A/Hong Kong/5738/2014,160
A/Greece/51/2015,A/Hong Kong/5738/2014,160
A/Estonia/91229/2015,A/Hong Kong/5738/2014,80
A/Greece/327/2015,A/Hong Kong/5738/2014,40
A/Estonia/91299/2015,A/Hong Kong/5738/2014,80
A/Cyprus/F52/2015,A/Hong Kong/5738/2014,40
A/Perth/16/2009,A/Hong Kong/5738/2014,<40
A/Victoria/361/2011,A/Hong Kong/5738/2014,<40
A/Texas/50/2012,A/Hong Kong/5738/2014,80
A/Samara/73/2013,A/Hong Kong/5738/2014,80
A/Hong Kong/146/2013,A/Hong Kong/5738/2014,40
A/Stockholm/6/2014,A/Hong Kong/5738/2014,40
A/Stockholm/6/2014,A/Hong Kong/5738/2014,40
A/Switzerland/9715293/2013,A/Hong Kong/5738/2014,40
A/Switzerland/9715293/2013,A/Hong Kong/5738/2014,40
A/Hong Kong/5738/2014,A/Hong Kong/5738/2014,80
A/Hong Kong/5738/2014,A/Hong Kong/5738/2014,1280
A/Hong Kong/7127/2014,A/Hong Kong/5738/2014,640
A/Hong Kong/4801/2014,A/Hong Kong/5738/2014,1280
A/Greece/2263/2014,A/Hong Kong/5738/2014,<40
A/Cameroon/14V-5949/2014,A/Hong Kong/5738/2014,40
A/Ghana/DILI-14-0658/2014,A/Hong Kong/5738/2014,40
A/Zambia/06-036/2014,A/Hong Kong/5738/2014,<40
A/Zambia/04-230/2014,A/Hong Kong/5738/2014,<40
A/Zambia/06-023/2014,A/Hong Kong/5738/2014,80
A/Zambia/06-011/2014,A/Hong Kong/5738/2014,<40
A/Zambia/02-346/2014,A/Hong Kong/5738/2014,<40
A/Kazakhstan/3784/2014,A/Hong Kong/5738/2014,40
A/Kazakhstan/3781/2014,A/Hong Kong/5738/2014,40
A/Kazakhstan/3785/2014,A/Hong Kong/5738/2014,40
A/Kazakhstan/3782/2014,A/Hong Kong/5738/2014,40
A/Kazakhstan/3793/2014,A/Hong Kong/5738/2014,40
A/Kazakhstan/3790/2014,A/Hong Kong/5738/2014,80
A/Kazakhstan/3791/2014,A/Hong Kong/5738/2014,40
A/Greece/17/2015,A/Hong Kong/5738/2014,<40
A/Kazakhstan/3798/2014,A/Hong Kong/5738/2014,40
A/Kazakhstan/3797/2015,A/Hong Kong/5738/2014,80
A/Greece/51/2015,A/Hong Kong/5738/2014,<40
A/Estonia/91229/2015,A/Hong Kong/5738/2014,40
A/Greece/327/2015,A/Hong Kong/5738/2014,<40
A/Estonia/91299/2015,A/Hong Kong/5738/2014,<40
A/Cyprus/F52/2015,A/Hong Kong/5738/2014,<40
A/Perth/16/2009,A/Hong Kong/7127/2014,*
A/Victoria/361/2011,A/Hong Kong/7127/2014,*
A/Texas/50/2012,A/Hong Kong/7127/2014,*
A/Samara/73/2013,A/Hong Kong/7127/2014,*
A/Hong Kong/146/2013,A/Hong Kong/7127/2014,*
A/Stockholm/6/2014,A/Hong Kong/7127/2014,320
A/Stockholm/6/2014,A/Hong Kong/7127/2014,160
A/Switzerland/9715293/2013,A/Hong Kong/7127/2014,160
A/Switzerland/9715293/2013,A/Hong Kong/7127/2014,160
A/Hong Kong/5738/2014,A/Hong Kong/7127/2014,640
A/Hong Kong/5738/2014,A/Hong Kong/7127/2014,2560
A/Hong Kong/7127/2014,A/Hong Kong/7127/2014,1280
A/Hong Kong/4801/2014,A/Hong Kong/7127/2014,1280
A/Greece/2263/2014,A/Hong Kong/7127/2014,*
A/Cameroon/14V-5949/2014,A/Hong Kong/7127/2014,*
A/Ghana/DILI-14-0658/2014,A/Hong Kong/7127/2014,*
A/Zambia/06-036/2014,A/Hong Kong/7127/2014,*
A/Zambia/04-230/2014,A/Hong Kong/7127/2014,*
A/Zambia/06-023/2014,A/Hong Kong/7127/2014,*
A/Zambia/06-011/2014,A/Hong Kong/7127/2014,*
A/Zambia/02-346/2014,A/Hong Kong/7127/2014,*
A/Kazakhstan/3784/2014,A/Hong Kong/7127/2014,*
A/Kazakhstan/3781/2014,A/Hong Kong/7127/2014,*
A/Kazakhstan/3785/2014,A/Hong Kong/7127/2014,*
A/Kazakhstan/3782/2014,A/Hong Kong/7127/2014,*
A/Kazakhstan/3793/2014,A/Hong Kong/7127/2014,80
A/Kazakhstan/3790/2014,A/Hong Kong/7127/2014,320
A/Kazakhstan/3791/2014,A/Hong Kong/7127/2014,80
A/Greece/17/2015,A/Hong Kong/7127/2014,*
A/Kazakhstan/3798/2014,A/Hong Kong/7127/2014,*
A/Kazakhstan/3797/2015,A/Hong Kong/7127/2014,80
A/Greece/51/2015,A/Hong Kong/7127/2014,*
A/Estonia/91229/2015,A/Hong Kong/7127/2014,*
A/Greece/327/2015,A/Hong Kong/7127/2014,*
A/Estonia/91299/2015,A/Hong Kong/7127/2014,*
A/Cyprus/F52/2015,A/Hong Kong/7127/2014,*
A/Perth/16/2009,A/Hong Kong/4801/2014,*
A/Victoria/361/2011,A/Hong Kong/4801/2014,*
A/Texas/50/2012,A/Hong Kong/4801/2014,*
A/Samara/73/2013,A/Hong Kong/4801/2014,*
A/Hong Kong/146/2013,A/Hong Kong/4801/2014,*
A/Stockholm/6/2014,A/Hong Kong/4801/2014,320
A/Stockholm/6/2014,A/Hong Kong/4801/2014,160
A/Switzerland/9715293/2013,A/Hong Kong/4801/2014,160
A/Switzerland/9715293/2013,A/Hong Kong/4801/2014,160
A/Hong Kong/5738/2014,A/Hong Kong/4801/2014,320
A/Hong Kong/5738/2014,A/Hong Kong/4801/2014,640
A/Hong Kong/7127/2014,A/Hong Kong/4801/2014,160
A/Hong Kong/4801/2014,A/Hong Kong/4801/2014,320
A/Greece/2263/2014,A/Hong Kong/4801/2014,*
A/Cameroon/14V-5949/2014,A/Hong Kong/4801/2014,*
A/Ghana/DILI-14-0658/2014,A/Hong Kong/4801/2014,*
A/Zambia/06-036/2014,A/Hong Kong/4801/2014,*
A/Zambia/04-230/2014,A/Hong Kong/4801/2014,*
A/Zambia/06-023/2014,A/Hong Kong/4801/2014,*
A/Zambia/06-011/2014,A/Hong Kong/4801/2014,*
A/Zambia/02-346/2014,A/Hong Kong/4801/2014,*
A/Kazakhstan/3784/2014,A/Hong Kong/4801/2014,*
A/Kazakhstan/3781/2014,A/Hong Kong/4801/2014,*
A/Kazakhstan/3785/2014,A/Hong Kong/4801/2014,*
A/Kazakhstan/3782/2014,A/Hong Kong/4801/2014,*
A/Kazakhstan/3793/2014,A/Hong Kong/4801/2014,80
A/Kazakhstan/3790/2014,A/Hong Kong/4801/2014,160
A/Kazakhstan/3791/2014,A/Hong Kong/4801/2014,40
A/Greece/17/2015,A/Hong Kong/4801/2014,*
A/Kazakhstan/3798/2014,A/Hong Kong/4801/2014,*
A/Kazakhstan/3797/2015,A/Hong Kong/4801/2014,80
A/Greece/51/2015,A/Hong Kong/4801/2014,*
A/Estonia/91229/2015,A/Hong Kong/4801/2014,*
A/Greece/327/2015,A/Hong Kong/4801/2014,*
A/Estonia/91299/2015,A/Hong Kong/4801/2014,*
A/Cyprus/F52/2015,A/Hong Kong/4801/2014,*
A/Perth/16/2009,A/Perth/16/2009,320
A/Victoria/361/2011,A/Perth/16/2009,160
A/Texas/50/2012,A/Perth/16/2009,640
A/Samara/73/2013,A/Perth/16/2009,320
A/Hong Kong/146/2013,A/Perth/16/2009,640
A/Stockholm/6/2014,A/Perth/16/2009,40
A/Stockholm/6/2014,A/Perth/16/2009,160
A/Switzerland/9715293/2013,A/Perth/16/2009,40
A/Switzerland/9715293/2013,A/Perth/16/2009,80
A/Hong Kong/5738/2014,A/Perth/16/2009,<40
A/Hong Kong/5738/2014,A/Perth/16/2009,40
A/Zambia/06-041/2014,A/Perth/16/2009,40
A/Zambia/06-027/2014,A/Perth/16/2009,40
A/Zambia/04-215/2014,A/Perth/16/2009,40
A/Madagascar/269/2014,A/Perth/16/2009,40
A/Madagascar/431/2014,A/Perth/16/2009,<40
A/Madagascar/460/2014,A/Perth/16/2009,<40
A/Madagascar/493/2014,A/Perth/16/2009,40
A/Madagascar/582/2014,A/Perth/16/2009,40
A/Madagascar/801/2014,A/Perth/16/2009,40
A/Madagascar/897/2014,A/Perth/16/2009,40
A/Zambia/04-278/2014,A/Perth/16/2009,80
A/Madagascar/2576/2014,A/Perth/16/2009,<40
A/Madagascar/2572/2014,A/Perth/16/2009,40
A/Madagascar/2583/2014,A/Perth/16/2009,<40
A/Madagascar/2586/2014,A/Perth/16/2009,<40
A/Madagascar/2611/2014,A/Perth/16/2009,<40
A/Madagascar/2614/2014,A/Perth/16/2009,<40
A/Madagascar/2636/2014,A/Perth/16/2009,<40
A/Madagascar/2616/2014,A/Perth/16/2009,<40
A/Madagascar/2618/2014,A/Perth/16/2009,<40
A/Madagascar/2632/2014,A/Perth/16/2009,<40
A/Madagascar/2639/2014,A/Perth/16/2009,<40
A/Madagascar/2634/2014,A/Perth/16/2009,<40
A/Madagascar/2679/2014,A/Perth/16/2009,<40
A/Madagascar/2730/2014,A/Perth/16/2009,<40
A/Antalya/1183/2014,A/Perth/16/2009,<40
A/Gumushane/1211/2014,A/Perth/16/2009,<40
A/Istanbul/1628/2014,A/Perth/16/2009,<40
A/Hatay/2314/2014,A/Perth/16/2009,<40
A/Erzurum/2568/2014,A/Perth/16/2009,<40
A/Cyprus/F7/2015,A/Perth/16/2009,40
A/Hatay/141/2015,A/Perth/16/2009,<40
A/Cyprus/F16/2015,A/Perth/16/2009,80
A/Greece/261/2015,A/Perth/16/2009,80
A/Cyprus/F19/2015,A/Perth/16/2009,<40
A/Cyprus/F34/2015,A/Perth/16/2009,80
A/Cyprus/F33/2015,A/Perth/16/2009,80
A/Perth/16/2009,A/Victoria/361/2011,80
A/Victoria/361/2011,A/Victoria/361/2011,320
A/Texas/50/2012,A/Victoria/361/2011,1280
A/Samara/73/2013,A/Victoria/361/2011,320
A/Hong Kong/146/2013,A/Victoria/361/2011,640
A/Stockholm/6/2014,A/Victoria/361/2011,80
A/Stockholm/6/2014,A/Victoria/361/2011,320
A/Switzerland/9715293/2013,A/Victoria/361/2011,40
A/Switzerland/9715293/2013,A/Victoria/361/2011,320
A/Hong Kong/5738/2014,A/Victoria/361/2011,80
A/Hong Kong/5738/2014,A/Victoria/361/2011,80
A/Zambia/06-041/2014,A/Victoria/361/2011,160
A/Zambia/06-027/2014,A/Victoria/361/2011,80
A/Zambia/04-215/2014,A/Victoria/361/2011,160
A/Madagascar/269/2014,A/Victoria/361/2011,80
A/Madagascar/431/2014,A/Victoria/361/2011,80
A/Madagascar/460/2014,A/Victoria/361/2011,80
A/Madagascar/493/2014,A/Victoria/361/2011,160
A/Madagascar/582/2014,A/Victoria/361/2011,160
A/Madagascar/801/2014,A/Victoria/361/2011,160
A/Madagascar/897/2014,A/Victoria/361/2011,160
A/Zambia/04-278/2014,A/Victoria/361/2011,160
A/Madagascar/2576/2014,A/Victoria/361/2011,40
A/Madagascar/2572/2014,A/Victoria/361/2011,160
A/Madagascar/2583/2014,A/Victoria/361/2011,80
A/Madagascar/2586/2014,A/Victoria/361/2011,80
A/Madagascar/2611/2014,A/Victoria/361/2011,80
A/Madagascar/2614/2014,A/Victoria/361/2011,80
A/Madagascar/2636/2014,A/Victoria/361/2011,80
A/Madagascar/2616/2014,A/Victoria/361/2011,80
A/Madagascar/2618/2014,A/Victoria/361/2011,80
A/Madagascar/2632/2014,A/Victoria/361/2011,80
A/Madagascar/2639/2014,A/Victoria/361/2011,80
A/Madagascar/2634/2014,A/Victoria/361/2011,80
A/Madagascar/2679/2014,A/Victoria/361/2011,80
A/Madagascar/2730/2014,A/Victoria/361/2011,40
A/Antalya/1183/2014,A/Victoria/361/2011,<40
A/Gumushane/1211/2014,A/Victoria/361/2011,<40
A/Istanbul/1628/2014,A/Victoria/361/2011,<40
A/Hatay/2314/2014,A/Victoria/361/2011,<40
A/Erzurum/2568/2014,A/Victoria/361/2011,40
A/Cyprus/F7/2015,A/Victoria/361/2011,80
A/Hatay/141/2015,A/Victoria/361/2011,<40
A/Cyprus/F16/2015,A/Victoria/361/2011,160
A/Greece/261/2015,A/Victoria/361/2011,320
A/Cyprus/F19/2015,A/Victoria/361/2011,<40
A/Cyprus/F34/2015,A/Victoria/361/2011,160
A/Cyprus/F33/2015,A/Victoria/361/2011,160
A/Perth/16/2009,A/Texas/50/2012,320
A/Victoria/361/2011,A/Texas/50/2012,640
A/Texas/50/2012,A/Texas/50/2012,5120
A/Samara/73/2013,A/Texas/50/2012,1280
A/Hong Kong/146/2013,A/Texas/50/2012,160
A/Stockholm/6/2014,A/Texas/50/2012,320
A/Stockholm/6/2014,A/Texas/50/2012,80
A/Switzerland/9715293/2013,A/Texas/50/2012,320
A/Switzerland/9715293/2013,A/Texas/50/2012,160
A/Hong Kong/5738/2014,A/Texas/50/2012,320
A/Hong Kong/5738/2014,A/Texas/50/2012,80
A/Zambia/06-041/2014,A/Texas/50/2012,320
A/Zambia/06-027/2014,A/Texas/50/2012,320
A/Zambia/04-215/2014,A/Texas/50/2012,320
A/Madagascar/269/2014,A/Texas/50/2012,320
A/Madagascar/431/2014,A/Texas/50/2012,320
A/Madagascar/460/2014,A/Texas/50/2012,160
A/Madagascar/493/2014,A/Texas/50/2012,320
A/Madagascar/582/2014,A/Texas/50/2012,320
A/Madagascar/801/2014,A/Texas/50/2012,320
A/Madagascar/897/2014,A/Texas/50/2012,320
A/Zambia/04-278/2014,A/Texas/50/2012,320
A/Madagascar/2576/2014,A/Texas/50/2012,80
A/Madagascar/2572/2014,A/Texas/50/2012,160
A/Madagascar/2583/2014,A/Texas/50/2012,160
A/Madagascar/2586/2014,A/Texas/50/2012,160
A/Madagascar/2611/2014,A/Texas/50/2012,160
A/Madagascar/2614/2014,A/Texas/50/2012,160
A/Madagascar/2636/2014,A/Texas/50/2012,160
A/Madagascar/2616/2014,A/Texas/50/2012,160
A/Madagascar/2618/2014,A/Texas/50/2012,160
A/Madagascar/2632/2014,A/Texas/50/2012,160
A/Madagascar/2639/2014,A/Texas/50/2012,160
A/Madagascar/2634/2014,A/Texas/50/2012,160
A/Madagascar/2679/2014,A/Texas/50/2012,160
A/Madagascar/2730/2014,A/Texas/50/2012,80
A/Antalya/1183/2014,A/Texas/50/2012,40
A/Gumushane/1211/2014,A/Texas/50/2012,80
A/Istanbul/1628/2014,A/Texas/50/2012,80
A/Hatay/2314/2014,A/Texas/50/2012,40
A/Erzurum/2568/2014,A/Texas/50/2012,80
A/Cyprus/F7/2015,A/Texas/50/2012,160
A/Hatay/141/2015,A/Texas/50/2012,40
A/Cyprus/F16/2015,A/Texas/50/2012,320
A/Greece/261/2015,A/Texas/50/2012,640
A/Cyprus/F19/2015,A/Texas/50/2012,<40
A/Cyprus/F34/2015,A/Texas/50/2012,320
A/Cyprus/F33/2015,A/Texas/50/2012,320
A/Perth/16/2009,A/Samara/73/2013,80
A/Victoria/361/2011,A/Samara/73/2013,640
A/Texas/50/2012,A/Samara/73/2013,1280
A/Samara/73/2013,A/Samara/73/2013,1280
A/Hong Kong/146/2013,A/Samara/73/2013,1280
A/Stockholm/6/2014,A/Samara/73/2013,320
A/Stockholm/6/2014,A/Samara/73/2013,160
A/Switzerland/9715293/2013,A/Samara/73/2013,160
A/Switzerland/9715293/2013,A/Samara/73/2013,160
A/Hong Kong/5738/2014,A/Samara/73/2013,160
A/Hong Kong/5738/2014,A/Samara/73/2013,320
A/Zambia/06-041/2014,A/Samara/73/2013,320
A/Zambia/06-027/2014,A/Samara/73/2013,160
A/Zambia/04-215/2014,A/Samara/73/2013,320
A/Madagascar/269/2014,A/Samara/73/2013,320
A/Madagascar/431/2014,A/Samara/73/2013,160
A/Madagascar/460/2014,A/Samara/73/2013,320
A/Madagascar/493/2014,A/Samara/73/2013,320
A/Madagascar/582/2014,A/Samara/73/2013,320
A/Madagascar/801/2014,A/Samara/73/2013,320
A/Madagascar/897/2014,A/Samara/73/2013,320
A/Zambia/04-278/2014,A/Samara/73/2013,320
A/Madagascar/2576/2014,A/Samara/73/2013,160
A/Madagascar/2572/2014,A/Samara/73/2013,320
A/Madagascar/2583/2014,A/Samara/73/2013,320
A/Madagascar/2586/2014,A/Samara/73/2013,320
A/Madagascar/2611/2014,A/Samara/73/2013,320
A/Madagascar/2614/2014,A/Samara/73/2013,320
A/Madagascar/2636/2014,A/Samara/73/2013,320
A/Madagascar/2616/2014,A/Samara/73/2013,320
A/Madagascar/2618/2014,A/Samara/73/2013,320
A/Madagascar/2632/2014,A/Samara/73/2013,320
A/Madagascar/2639/2014,A/Samara/73/2013,320
A/Madagascar/2634/2014,A/Samara/73/2013,320
A/Madagascar/2679/2014,A/Samara/73/2013,320
A/Madagascar/2730/2014,A/Samara/73/2013,160
A/Antalya/1183/2014,A/Samara/73/2013,80
A/Gumushane/1211/2014,A/Samara/73/2013,160
A/Istanbul/1628/2014,A/Samara/73/2013,40
A/Hatay/2314/2014,A/Samara/73/2013,80
A/Erzurum/2568/2014,A/Samara/73/2013,160
A/Cyprus/F7/2015,A/Samara/73/2013,160
A/Hatay/141/2015,A/Samara/73/2013,40
A/Cyprus/F16/2015,A/Samara/73/2013,320
A/Greece/261/2015,A/Samara/73/2013,320
A/Cyprus/F19/2015,A/Samara/73/2013,40
A/Cyprus/F34/2015,A/Samara/73/2013,320
A/Cyprus/F33/2015,A/Samara/73/2013,160
A/Perth/16/2009,A/Hong Kong/146/2013,160
A/Victoria/361/2011,A/Hong Kong/146/2013,320
A/Texas/50/2012,A/Hong Kong/146/2013,1280
A/Samara/73/2013,A/Hong Kong/146/2013,1280
A/Hong Kong/146/2013,A/Hong Kong/146/2013,2560
A/Stockholm/6/2014,A/Hong Kong/146/2013,160
A/Stockholm/6/2014,A/Hong Kong/146/2013,320
A/Switzerland/9715293/2013,A/Hong Kong/146/2013,80
A/Switzerland/9715293/2013,A/Hong Kong/146/2013,640
A/Hong Kong/5738/2014,A/Hong Kong/146/2013,160
A/Hong Kong/5738/2014,A/Hong Kong/146/2013,160
A/Zambia/06-041/2014,A/Hong Kong/146/2013,160
A/Zambia/06-027/2014,A/Hong Kong/146/2013,160
A/Zambia/04-215/2014,A/Hong Kong/146/2013,320
A/Madagascar/269/2014,A/Hong Kong/146/2013,160
A/Madagascar/431/2014,A/Hong Kong/146/2013,160
A/Madagascar/460/2014,A/Hong Kong/146/2013,160
A/Madagascar/493/2014,A/Hong Kong/146/2013,160
A/Madagascar/582/2014,A/Hong Kong/146/2013,160
A/Madagascar/801/2014,A/Hong Kong/146/2013,160
A/Madagascar/897/2014,A/Hong Kong/146/2013,160
A/Zambia/04-278/2014,A/Hong Kong/146/2013,320
A/Madagascar/2576/2014,A/Hong Kong/146/2013,160
A/Madagascar/2572/2014,A/Hong Kong/146/2013,160
A/Madagascar/2583/2014,A/Hong Kong/146/2013,160
A/Madagascar/2586/2014,A/Hong Kong/146/2013,160
A/Madagascar/2611/2014,A/Hong Kong/146/2013,160
A/Madagascar/2614/2014,A/Hong Kong/146/2013,160
A/Madagascar/2636/2014,A/Hong Kong/146/2013,160
A/Madagascar/2616/2014,A/Hong Kong/146/2013,160
A/Madagascar/2618/2014,A/Hong Kong/146/2013,160
A/Madagascar/2632/2014,A/Hong Kong/146/2013,160
A/Madagascar/2639/2014,A/Hong Kong/146/2013,160
A/Madagascar/2634/2014,A/Hong Kong/146/2013,160
A/Madagascar/2679/2014,A/Hong Kong/146/2013,160
A/Madagascar/2730/2014,A/Hong Kong/146/2013,160
A/Antalya/1183/2014,A/Hong Kong/146/2013,80
A/Gumushane/1211/2014,A/Hong Kong/146/2013,80
A/Istanbul/1628/2014,A/Hong Kong/146/2013,40
A/Hatay/2314/2014,A/Hong Kong/146/2013,80
A/Erzurum/2568/2014,A/Hong Kong/146/2013,80
A/Cyprus/F7/2015,A/Hong Kong/146/2013,80
A/Hatay/141/2015,A/Hong Kong/146/2013,40
A/Cyprus/F16/2015,A/Hong Kong/146/2013,160
A/Greece/261/2015,A/Hong Kong/146/2013,320
A/Cyprus/F19/2015,A/Hong Kong/146/2013,40
A/Cyprus/F34/2015,A/Hong Kong/146/2013,160
A/Cyprus/F33/2015,A/Hong Kong/146/2013,160
A/Perth/16/2009,A/Stockholm/6/2014,40
A/Victoria/361/2011,A/Stockholm/6/2014,320
A/Texas/50/2012,A/Stockholm/6/2014,320
A/Samara/73/2013,A/Stockholm/6/2014,640
A/Hong Kong/146/2013,A/Stockholm/6/2014,160
A/Stockholm/6/2014,A/Stockholm/6/2014,640
A/Stockholm/6/2014,A/Stockholm/6/2014,320
A/Switzerland/9715293/2013,A/Stockholm/6/2014,640
A/Switzerland/9715293/2013,A/Stockholm/6/2014,320
A/Hong Kong/5738/2014,A/Stockholm/6/2014,320
A/Hong Kong/5738/2014,A/Stockholm/6/2014,320
A/Zambia/06-041/2014,A/Stockholm/6/2014,320
A/Zambia/06-027/2014,A/Stockholm/6/2014,320
A/Zambia/04-215/2014,A/Stockholm/6/2014,320
A/Madagascar/269/2014,A/Stockholm/6/2014,320
A/Madagascar/431/2014,A/Stockholm/6/2014,320
A/Madagascar/460/2014,A/Stockholm/6/2014,160
A/Madagascar/493/2014,A/Stockholm/6/2014,320
A/Madagascar/582/2014,A/Stockholm/6/2014,320
A/Madagascar/801/2014,A/Stockholm/6/2014,320
A/Madagascar/897/2014,A/Stockholm/6/2014,320
A/Zambia/04-278/2014,A/Stockholm/6/2014,640
A/Madagascar/2576/2014,A/Stockholm/6/2014,640
A/Madagascar/2572/2014,A/Stockholm/6/2014,640
A/Madagascar/2583/2014,A/Stockholm/6/2014,640
A/Madagascar/2586/2014,A/Stockholm/6/2014,640
A/Madagascar/2611/2014,A/Stockholm/6/2014,640
A/Madagascar/2614/2014,A/Stockholm/6/2014,640
A/Madagascar/2636/2014,A/Stockholm/6/2014,640
A/Madagascar/2616/2014,A/Stockholm/6/2014,640
A/Madagascar/2618/2014,A/Stockholm/6/2014,1280
A/Madagascar/2632/2014,A/Stockholm/6/2014,640
A/Madagascar/2639/2014,A/Stockholm/6/2014,640
A/Madagascar/2634/2014,A/Stockholm/6/2014,640
A/Madagascar/2679/2014,A/Stockholm/6/2014,640
A/Madagascar/2730/2014,A/Stockholm/6/2014,640
A/Antalya/1183/2014,A/Stockholm/6/2014,160
A/Gumushane/1211/2014,A/Stockholm/6/2014,160
A/Istanbul/1628/2014,A/Stockholm/6/2014,80
A/Hatay/2314/2014,A/Stockholm/6/2014,320
A/Erzurum/2568/2014,A/Stockholm/6/2014,320
A/Cyprus/F7/2015,A/Stockholm/6/2014,160
A/Hatay/141/2015,A/Stockholm/6/2014,160
A/Cyprus/F16/2015,A/Stockholm/6/2014,320
A/Greece/261/2015,A/Stockholm/6/2014,320
A/Cyprus/F19/2015,A/Stockholm/6/2014,40
A/Cyprus/F34/2015,A/Stockholm/6/2014,320
A/Cyprus/F33/2015,A/Stockholm/6/2014,320
A/Perth/16/2009,A/Stockholm/6/2014,80
A/Victoria/361/2011,A/Stockholm/6/2014,160
A/Texas/50/2012,A/Stockholm/6/2014,640
A/Samara/73/2013,A/Stockholm/6/2014,640
A/Hong Kong/146/2013,A/Stockholm/6/2014,640
A/Stockholm/6/2014,A/Stockholm/6/2014,160
A/Stockholm/6/2014,A/Stockholm/6/2014,320
A/Switzerland/9715293/2013,A/Stockholm/6/2014,160
A/Switzerland/9715293/2013,A/Stockholm/6/2014,640
A/Hong Kong/5738/2014,A/Stockholm/6/2014,160
A/Hong Kong/5738/2014,A/Stockholm/6/2014,160
A/Zambia/06-041/2014,A/Stockholm/6/2014,160
A/Zambia/06-027/2014,A/Stockholm/6/2014,80
A/Zambia/04-215/2014,A/Stockholm/6/2014,160
A/Madagascar/269/2014,A/Stockholm/6/2014,160
A/Madagascar/431/2014,A/Stockholm/6/2014,160
A/Madagascar/460/2014,A/Stockholm/6/2014,160
A/Madagascar/493/2014,A/Stockholm/6/2014,160
A/Madagascar/582/2014,A/Stockholm/6/2014,160
A/Madagascar/801/2014,A/Stockholm/6/2014,160
A/Madagascar/897/2014,A/Stockholm/6/2014,160
A/Zambia/04-278/2014,A/Stockholm/6/2014,160
A/Madagascar/2576/2014,A/Stockholm/6/2014,160
A/Madagascar/2572/2014,A/Stockholm/6/2014,320
A/Madagascar/2583/2014,A/Stockholm/6/2014,160
A/Madagascar/2586/2014,A/Stockholm/6/2014,320
A/Madagascar/2611/2014,A/Stockholm/6/2014,320
A/Madagascar/2614/2014,A/Stockholm/6/2014,320
A/Madagascar/2636/2014,A/Stockholm/6/2014,320
A/Madagascar/2616/2014,A/Stockholm/6/2014,320
A/Madagascar/2618/2014,A/Stockholm/6/2014,320
A/Madagascar/2632/2014,A/Stockholm/6/2014,320
A/Madagascar/2639/2014,A/Stockholm/6/2014,320
A/Madagascar/2634/2014,A/Stockholm/6/2014,320
A/Madagascar/2679/2014,A/Stockholm/6/2014,320
A/Madagascar/2730/2014,A/Stockholm/6/2014,160
A/Antalya/1183/2014,A/Stockholm/6/2014,<40
A/Gumushane/1211/2014,A/Stockholm/6/2014,80
A/Istanbul/1628/2014,A/Stockholm/6/2014,40
A/Hatay/2314/2014,A/Stockholm/6/2014,80
A/Erzurum/2568/2014,A/Stockholm/6/2014,160
A/Cyprus/F7/2015,A/Stockholm/6/2014,80
A/Hatay/141/2015,A/Stockholm/6/2014,40
A/Cyprus/F16/2015,A/Stockholm/6/2014,160
A/Greece/261/2015,A/Stockholm/6/2014,320
A/Cyprus/F19/2015,A/Stockholm/6/2014,<40
A/Cyprus/F34/2015,A/Stockholm/6/2014,160
A/Cyprus/F33/2015,A/Stockholm/6/2014,160
A/Perth/16/2009,A/Switzerland/9715293/2013,<40
A/Victoria/361/2011,A/Switzerland/9715293/2013,80
A/Texas/50/2012,A/Switzerland/9715293/2013,80
A/Samara/73/2013,A/Switzerland/9715293/2013,160
A/Hong Kong/146/2013,A/Switzerland/9715293/2013,80
A/Stockholm/6/2014,A/Switzerland/9715293/2013,160
A/Stockholm/6/2014,A/Switzerland/9715293/2013,160
A/Switzerland/9715293/2013,A/Switzerland/9715293/2013,80
A/Switzerland/9715293/2013,A/Switzerland/9715293/2013,160
A/Hong Kong/5738/2014,A/Switzerland/9715293/2013,40
A/Hong Kong/5738/2014,A/Switzerland/9715293/2013,80
A/Zambia/06-041/2014,A/Switzerland/9715293/2013,40
A/Zambia/06-027/2014,A/Switzerland/9715293/2013,<40
A/Zambia/04-215/2014,A/Switzerland/9715293/2013,40
A/Madagascar/269/2014,A/Switzerland/9715293/2013,<40
A/Madagascar/431/2014,A/Switzerland/9715293/2013,<40
A/Madagascar/460/2014,A/Switzerland/9715293/2013,<40
A/Madagascar/493/2014,A/Switzerland/9715293/2013,<40
A/Madagascar/582/2014,A/Switzerland/9715293/2013,<40
A/Madagascar/801/2014,A/Switzerland/9715293/2013,<40
A/Madagascar/897/2014,A/Switzerland/9715293/2013,<40
A/Zambia/04-278/2014,A/Switzerland/9715293/2013,40
A/Madagascar/2576/2014,A/Switzerland/9715293/2013,80
A/Madagascar/2572/2014,A/Switzerland/9715293/2013,160
A/Madagascar/2583/2014,A/Switzerland/9715293/2013,160
A/Madagascar/2586/2014,A/Switzerland/9715293/2013,160
A/Madagascar/2611/2014,A/Switzerland/9715293/2013,160
A/Madagascar/2614/2014,A/Switzerland/9715293/2013,160
A/Madagascar/2636/2014,A/Switzerland/9715293/2013,160
A/Madagascar/2616/2014,A/Switzerland/9715293/2013,160
A/Madagascar/2618/2014,A/Switzerland/9715293/2013,160
A/Madagascar/2632/2014,A/Switzerland/9715293/2013,160
A/Madagascar/2639/2014,A/Switzerland/9715293/2013,160
A/Madagascar/2634/2014,A/Switzerland/9715293/2013,160
A/Madagascar/2679/2014,A/Switzerland/9715293/2013,160
A/Madagascar/2730/2014,A/Switzerland/9715293/2013,160
A/Antalya/1183/2014,A/Switzerland/9715293/2013,<40
A/Gumushane/1211/2014,A/Switzerland/9715293/2013,<40
A/Istanbul/1628/2014,A/Switzerland/9715293/2013,<40
A/Hatay/2314/2014,A/Switzerland/9715293/2013,40
A/Erzurum/2568/2014,A/Switzerland/9715293/2013,80
A/Cyprus/F7/2015,A/Switzerland/9715293/2013,<40
A/Hatay/141/2015,A/Switzerland/9715293/2013,<40
A/Cyprus/F16/2015,A/Switzerland/9715293/2013,40
A/Greece/261/2015,A/Switzerland/9715293/2013,40
A/Cyprus/F19/2015,A/Switzerland/9715293/2013,<40
A/Cyprus/F34/2015,A/Switzerland/9715293/2013,40
A/Cyprus/F33/2015,A/Switzerland/9715293/2013,40
A/Perth/16/2009,A/Switzerland/9715293/2013,40
A/Victoria/361/2011,A/Switzerland/9715293/2013,160
A/Texas/50/2012,A/Switzerland/9715293/2013,640
A/Samara/73/2013,A/Switzerland/9715293/2013,640
A/Hong Kong/146/2013,A/Switzerland/9715293/2013,640
A/Stockholm/6/2014,A/Switzerland/9715293/2013,160
A/Stockholm/6/2014,A/Switzerland/9715293/2013,640
A/Switzerland/9715293/2013,A/Switzerland/9715293/2013,80
A/Switzerland/9715293/2013,A/Switzerland/9715293/2013,640
A/Hong Kong/5738/2014,A/Switzerland/9715293/2013,40
A/Hong Kong/5738/2014,A/Switzerland/9715293/2013,80
A/Zambia/06-041/2014,A/Switzerland/9715293/2013,40
A/Zambia/06-027/2014,A/Switzerland/9715293/2013,40
A/Zambia/04-215/2014,A/Switzerland/9715293/2013,80
A/Madagascar/269/2014,A/Switzerland/9715293/2013,40
A/Madagascar/431/2014,A/Switzerland/9715293/2013,40
A/Madagascar/460/2014,A/Switzerland/9715293/2013,40
A/Madagascar/493/2014,A/Switzerland/9715293/2013,40
A/Madagascar/582/2014,A/Switzerland/9715293/2013,40
A/Madagascar/801/2014,A/Switzerland/9715293/2013,40
A/Madagascar/897/2014,A/Switzerland/9715293/2013,40
A/Zambia/04-278/2014,A/Switzerland/9715293/2013,80
A/Madagascar/2576/2014,A/Switzerland/9715293/2013,80
A/Madagascar/2572/2014,A/Switzerland/9715293/2013,80
A/Madagascar/2583/2014,A/Switzerland/9715293/2013,80
A/Madagascar/2586/2014,A/Switzerland/9715293/2013,80
A/Madagascar/2611/2014,A/Switzerland/9715293/2013,80
A/Madagascar/2614/2014,A/Switzerland/9715293/2013,80
A/Madagascar/2636/2014,A/Switzerland/9715293/2013,160
A/Madagascar/2616/2014,A/Switzerland/9715293/2013,80
A/Madagascar/2618/2014,A/Switzerland/9715293/2013,80
A/Madagascar/2632/2014,A/Switzerland/9715293/2013,80
A/Madagascar/2639/2014,A/Switzerland/9715293/2013,80
A/Madagascar/2634/2014,A/Switzerland/9715293/2013,80
A/Madagascar/2679/2014,A/Switzerland/9715293/2013,80
A/Madagascar/2730/2014,A/Switzerland/9715293/2013,80
A/Antalya/1183/2014,A/Switzerland/9715293/2013,<40
A/Gumushane/1211/2014,A/Switzerland/9715293/2013,<40
A/Istanbul/1628/2014,A/Switzerland/9715293/2013,<40
A/Hatay/2314/2014,A/Switzerland/9715293/2013,<40
A/Erzurum/2568/2014,A/Switzerland/9715293/2013,40
A/Cyprus/F7/2015,A/Switzerland/9715293/2013,40
A/Hatay/141/2015,A/Switzerland/9715293/2013,<40
A/Cyprus/F16/2015,A/Switzerland/9715293/2013,80
A/Greece/261/2015,A/Switzerland/9715293/2013,80
A/Cyprus/F19/2015,A/Switzerland/9715293/2013,<40
A/Cyprus/F34/2015,A/Switzerland/9715293/2013,80
A/Cyprus/F33/2015,A/Switzerland/9715293/2013,40
A/Perth/16/2009,A/Hong Kong/5738/2014,<40
A/Victoria/361/2011,A/Hong Kong/5738/2014,80
A/Texas/50/2012,A/Hong Kong/5738/2014,160
A/Samara/73/2013,A/Hong Kong/5738/2014,320
A/Hong Kong/146/2013,A/Hong Kong/5738/2014,640
A/Stockholm/6/2014,A/Hong Kong/5738/2014,160
A/Stockholm/6/2014,A/Hong Kong/5738/2014,160
A/Switzerland/9715293/2013,A/Hong Kong/5738/2014,80
A/Switzerland/9715293/2013,A/Hong Kong/5738/2014,320
A/Hong Kong/5738/2014,A/Hong Kong/5738/2014,160
A/Hong Kong/5738/2014,A/Hong Kong/5738/2014,320
A/Zambia/06-041/2014,A/Hong Kong/5738/2014,160
A/Zambia/06-027/2014,A/Hong Kong/5738/2014,80
A/Zambia/04-215/2014,A/Hong Kong/5738/2014,160
A/Madagascar/269/2014,A/Hong Kong/5738/2014,80
A/Madagascar/431/2014,A/Hong Kong/5738/2014,80
A/Madagascar/460/2014,A/Hong Kong/5738/2014,80
A/Madagascar/493/2014,A/Hong Kong/5738/2014,80
A/Madagascar/582/2014,A/Hong Kong/5738/2014,80
A/Madagascar/801/2014,A/Hong Kong/5738/2014,160
A/Madagascar/897/2014,A/Hong Kong/5738/2014,80
A/Zambia/04-278/2014,A/Hong Kong/5738/2014,160
A/Madagascar/2576/2014,A/Hong Kong/5738/2014,80
A/Madagascar/2572/2014,A/Hong Kong/5738/2014,160
A/Madagascar/2583/2014,A/Hong Kong/5738/2014,160
A/Madagascar/2586/2014,A/Hong Kong/5738/2014,160
A/Madagascar/2611/2014,A/Hong Kong/5738/2014,160
A/Madagascar/2614/2014,A/Hong Kong/5738/2014,160
A/Madagascar/2636/2014,A/Hong Kong/5738/2014,160
A/Madagascar/2616/2014,A/Hong Kong/5738/2014,160
A/Madagascar/2618/2014,A/Hong Kong/5738/2014,160
A/Madagascar/2632/2014,A/Hong Kong/5738/2014,160
A/Madagascar/2639/2014,A/Hong Kong/5738/2014,160
A/Madagascar/2634/2014,A/Hong Kong/5738/2014,160
A/Madagascar/2679/2014,A/Hong Kong/5738/2014,160
A/Madagascar/2730/2014,A/Hong Kong/5738/2014,160
A/Antalya/1183/2014,A/Hong Kong/5738/2014,160
A/Gumushane/1211/2014,A/Hong Kong/5738/2014,160
A/Istanbul/1628/2014,A/Hong Kong/5738/2014,40
A/Hatay/2314/2014,A/Hong Kong/5738/2014,80
A/Erzurum/2568/2014,A/Hong Kong/5738/2014,160
A/Cyprus/F7/2015,A/Hong Kong/5738/2014,40
A/Hatay/141/2015,A/Hong Kong/5738/2014,40
A/Cyprus/F16/2015,A/Hong Kong/5738/2014,80
A/Greece/261/2015,A/Hong Kong/5738/2014,160
A/Cyprus/F19/2015,A/Hong Kong/5738/2014,40
A/Cyprus/F34/2015,A/Hong Kong/5738/2014,80
A/Cyprus/F33/2015,A/Hong Kong/5738/2014,80
A/Perth/16/2009,A/Hong Kong/5738/2014,<40
A/Victoria/361/2011,A/Hong Kong/5738/2014,40
A/Texas/50/2012,A/Hong Kong/5738/2014,80
A/Samara/73/2013,A/Hong Kong/5738/2014,80
A/Hong Kong/146/2013,A/Hong Kong/5738/2014,80
A/Stockholm/6/2014,A/Hong Kong/5738/2014,80
A/Stockholm/6/2014,A/Hong Kong/5738/2014,40
A/Switzerland/9715293/2013,A/Hong Kong/5738/2014,40
A/Switzerland/9715293/2013,A/Hong Kong/5738/2014,40
A/Hong Kong/5738/2014,A/Hong Kong/5738/2014,40
A/Hong Kong/5738/2014,A/Hong Kong/5738/2014,1280
A/Zambia/06-041/2014,A/Hong Kong/5738/2014,<40
A/Zambia/06-027/2014,A/Hong Kong/5738/2014,<40
A/Zambia/04-215/2014,A/Hong Kong/5738/2014,<40
A/Madagascar/269/2014,A/Hong Kong/5738/2014,<40
A/Madagascar/431/2014,A/Hong Kong/5738/2014,<40
A/Madagascar/460/2014,A/Hong Kong/5738/2014,<40
A/Madagascar/493/2014,A/Hong Kong/5738/2014,<40
A/Madagascar/582/2014,A/Hong Kong/5738/2014,<40
A/Madagascar/801/2014,A/Hong Kong/5738/2014,<40
A/Madagascar/897/2014,A/Hong Kong/5738/2014,<40
A/Zambia/04-278/2014,A/Hong Kong/5738/2014,40
A/Madagascar/2576/2014,A/Hong Kong/5738/2014,<40
A/Madagascar/2572/2014,A/Hong Kong/5738/2014,40
A/Madagascar/2583/2014,A/Hong Kong/5738/2014,40
A/Madagascar/2586/2014,A/Hong Kong/5738/2014,40
A/Madagascar/2611/2014,A/Hong Kong/5738/2014,40
A/Madagascar/2614/2014,A/Hong Kong/5738/2014,40
A/Madagascar/2636/2014,A/Hong Kong/5738/2014,40
A/Madagascar/2616/2014,A/Hong Kong/5738/2014,40
A/Madagascar/2618/2014,A/Hong Kong/5738/2014,40
A/Madagascar/2632/2014,A/Hong Kong/5738/2014,40
A/Madagascar/2639/2014,A/Hong Kong/5738/2014,40
A/Madagascar/2634/2014,A/Hong Kong/5738/2014,40
A/Madagascar/2679/2014,A/Hong Kong/5738/2014,40
A/Madagascar/2730/2014,A/Hong Kong/5738/2014,40
A/Antalya/1183/2014,A/Hong Kong/5738/2014,<40
A/Gumushane/1211/2014,A/Hong Kong/5738/2014,<40
A/Istanbul/1628/2014,A/Hong Kong/5738/2014,<40
A/Hatay/2314/2014,A/Hong Kong/5738/2014,<40
A/Erzurum/2568/2014,A/Hong Kong/5738/2014,<40
A/Cyprus/F7/2015,A/Hong Kong/5738/2014,<40
A/Hatay/141/2015,A/Hong Kong/5738/2014,<40
A/Cyprus/F16/2015,A/Hong Kong/5738/2014,<40
A/Greece/261/2015,A/Hong Kong/5738/2014,40
A/Cyprus/F19/2015,A/Hong Kong/5738/2014,<40
A/Cyprus/F34/2015,A/Hong Kong/5738/2014,<40
A/Cyprus/F33/2015,A/Hong Kong/5738/2014,<40
A/Perth/16/2009,A/Perth/16/2009,640
A/Victoria/361/2011,A/Perth/16/2009,40
A/Texas/50/2012,A/Perth/16/2009,320
A/Samara/73/2013,A/Perth/16/2009,320
A/Hong Kong/146/2013,A/Perth/16/2009,320
A/Stockholm/6/2014,A/Perth/16/2009,<40
A/Stockholm/6/2014,A/Perth/16/2009,40
A/Switzerland/9715293/2013,A/Perth/16/2009,<40
A/Switzerland/9715293/2013,A/Perth/16/2009,40
A/Hong Kong/5738/2014,A/Perth/16/2009,<40
A/Hong Kong/5738/2014,A/Perth/16/2009,<40
A/Madagascar/2286/2014,A/Perth/16/2009,<40
A/Madagascar/2457/2014,A/Perth/16/2009,<40
A/Madagascar/2456/2014,A/Perth/16/2009,<40
A/Madagascar/2580/2014,A/Perth/16/2009,<40
A/Madagascar/2584/2014,A/Perth/16/2009,<40
A/Jordan/20028/2014,A/Perth/16/2009,<40
A/Bulgaria/252/2015,A/Perth/16/2009,<40
A/Bulgaria/252/2015,A/Perth/16/2009,<40
A/Bulgaria/253/2015,A/Perth/16/2009,<40
A/Castilla La Mancha/513/2015,A/Perth/16/2009,<40
A/Navarra/508/2015,A/Perth/16/2009,<40
A/Castilla La Mancha/523/2015,A/Perth/16/2009,<40
A/Iraq/463/2014,A/Perth/16/2009,<40
A/Castilla La Mancha/532/2015,A/Perth/16/2009,<40
A/Bulgaria/243/2015,A/Perth/16/2009,<40
A/Extremadura/729/2015,A/Perth/16/2009,40
A/Extremadura/731/2015,A/Perth/16/2009,<40
A/Castilla La Mancha/660/2015,A/Perth/16/2009,320
A/Castilla La Mancha/658/2015,A/Perth/16/2009,<40
A/Pais Vasco/722/2015,A/Perth/16/2009,<40
A/Castilla La Mancha/659/2015,A/Perth/16/2009,<40
A/Castilla La Mancha/646/2015,A/Perth/16/2009,<40
A/Navarra/745/2015,A/Perth/16/2009,160
A/Navarra/642/2015,A/Perth/16/2009,<40
A/Bulgaria/353/2015,A/Perth/16/2009,<40
A/Castilla La Mancha/718/2015,A/Perth/16/2009,<40
A/Navarra/797/2015,A/Perth/16/2009,40
A/Georgia/532/2015,A/Perth/16/2009,<40
A/Perth/16/2009,A/Victoria/361/2011,160
A/Victoria/361/2011,A/Victoria/361/2011,160
A/Texas/50/2012,A/Victoria/361/2011,640
A/Samara/73/2013,A/Victoria/361/2011,640
A/Hong Kong/146/2013,A/Victoria/361/2011,320
A/Stockholm/6/2014,A/Victoria/361/2011,80
A/Stockholm/6/2014,A/Victoria/361/2011,160
A/Switzerland/9715293/2013,A/Victoria/361/2011,40
A/Switzerland/9715293/2013,A/Victoria/361/2011,160
A/Hong Kong/5738/2014,A/Victoria/361/2011,40
A/Hong Kong/5738/2014,A/Victoria/361/2011,<40
A/Madagascar/2286/2014,A/Victoria/361/2011,40
A/Madagascar/2457/2014,A/Victoria/361/2011,80
A/Madagascar/2456/2014,A/Victoria/361/2011,40
A/Madagascar/2580/2014,A/Victoria/361/2011,40
A/Madagascar/2584/2014,A/Victoria/361/2011,40
A/Jordan/20028/2014,A/Victoria/361/2011,<40
A/Bulgaria/252/2015,A/Victoria/361/2011,40
A/Bulgaria/252/2015,A/Victoria/361/2011,40
A/Bulgaria/253/2015,A/Victoria/361/2011,80
A/Castilla La Mancha/513/2015,A/Victoria/361/2011,<40
A/Navarra/508/2015,A/Victoria/361/2011,<40
A/Castilla La Mancha/523/2015,A/Victoria/361/2011,40
A/Iraq/463/2014,A/Victoria/361/2011,40
A/Castilla La Mancha/532/2015,A/Victoria/361/2011,80
A/Bulgaria/243/2015,A/Victoria/361/2011,40
A/Extremadura/729/2015,A/Victoria/361/2011,40
A/Extremadura/731/2015,A/Victoria/361/2011,40
A/Castilla La Mancha/660/2015,A/Victoria/361/2011,160
A/Castilla La Mancha/658/2015,A/Victoria/361/2011,80
A/Pais Vasco/722/2015,A/Victoria/361/2011,40
A/Castilla La Mancha/659/2015,A/Victoria/361/2011,40
A/Castilla La Mancha/646/2015,A/Victoria/361/2011,40
A/Navarra/745/2015,A/Victoria/361/2011,160
A/Navarra/642/2015,A/Victoria/361/2011,40
A/Bulgaria/353/2015,A/Victoria/361/2011,<40
A/Castilla La Mancha/718/2015,A/Victoria/361/2011,<40
A/Navarra/797/2015,A/Victoria/361/2011,40
A/Georgia/532/2015,A/Victoria/361/2011,160
A/Perth/16/2009,A/Texas/50/2012,320
A/Victoria/361/2011,A/Texas/50/2012,160
A/Texas/50/2012,A/Texas/50/2012,2560
A/Samara/73/2013,A/Texas/50/2012,1280
A/Hong Kong/146/2013,A/Texas/50/2012,160
A/Stockholm/6/2014,A/Texas/50/2012,160
A/Stockholm/6/2014,A/Texas/50/2012,160
A/Switzerland/9715293/2013,A/Texas/50/2012,80
A/Switzerland/9715293/2013,A/Texas/50/2012,320
A/Hong Kong/5738/2014,A/Texas/50/2012,80
A/Hong Kong/5738/2014,A/Texas/50/2012,160
A/Madagascar/2286/2014,A/Texas/50/2012,80
A/Madagascar/2457/2014,A/Texas/50/2012,80
A/Madagascar/2456/2014,A/Texas/50/2012,80
A/Madagascar/2580/2014,A/Texas/50/2012,40
A/Madagascar/2584/2014,A/Texas/50/2012,40
A/Jordan/20028/2014,A/Texas/50/2012,40
A/Bulgaria/252/2015,A/Texas/50/2012,160
A/Bulgaria/252/2015,A/Texas/50/2012,80
A/Bulgaria/253/2015,A/Texas/50/2012,160
A/Castilla La Mancha/513/2015,A/Texas/50/2012,40
A/Navarra/508/2015,A/Texas/50/2012,<40
A/Castilla La Mancha/523/2015,A/Texas/50/2012,80
A/Iraq/463/2014,A/Texas/50/2012,80
A/Castilla La Mancha/532/2015,A/Texas/50/2012,160
A/Bulgaria/243/2015,A/Texas/50/2012,80
A/Extremadura/729/2015,A/Texas/50/2012,160
A/Extremadura/731/2015,A/Texas/50/2012,160
A/Castilla La Mancha/660/2015,A/Texas/50/2012,640
A/Castilla La Mancha/658/2015,A/Texas/50/2012,160
A/Pais Vasco/722/2015,A/Texas/50/2012,80
A/Castilla La Mancha/659/2015,A/Texas/50/2012,80
A/Castilla La Mancha/646/2015,A/Texas/50/2012,40
A/Navarra/745/2015,A/Texas/50/2012,640
A/Navarra/642/2015,A/Texas/50/2012,80
A/Bulgaria/353/2015,A/Texas/50/2012,<40
A/Castilla La Mancha/718/2015,A/Texas/50/2012,<40
A/Navarra/797/2015,A/Texas/50/2012,320
A/Georgia/532/2015,A/Texas/50/2012,80
A/Perth/16/2009,A/Samara/73/2013,160
A/Victoria/361/2011,A/Samara/73/2013,160
A/Texas/50/2012,A/Samara/73/2013,320
A/Samara/73/2013,A/Samara/73/2013,1280
A/Hong Kong/146/2013,A/Samara/73/2013,640
A/Stockholm/6/2014,A/Samara/73/2013,320
A/Stockholm/6/2014,A/Samara/73/2013,80
A/Switzerland/9715293/2013,A/Samara/73/2013,160
A/Switzerland/9715293/2013,A/Samara/73/2013,160
A/Hong Kong/5738/2014,A/Samara/73/2013,160
A/Hong Kong/5738/2014,A/Samara/73/2013,80
A/Madagascar/2286/2014,A/Samara/73/2013,160
A/Madagascar/2457/2014,A/Samara/73/2013,160
A/Madagascar/2456/2014,A/Samara/73/2013,80
A/Madagascar/2580/2014,A/Samara/73/2013,80
A/Madagascar/2584/2014,A/Samara/73/2013,80
A/Jordan/20028/2014,A/Samara/73/2013,80
A/Bulgaria/252/2015,A/Samara/73/2013,80
A/Bulgaria/252/2015,A/Samara/73/2013,80
A/Bulgaria/253/2015,A/Samara/73/2013,160
A/Castilla La Mancha/513/2015,A/Samara/73/2013,80
A/Navarra/508/2015,A/Samara/73/2013,<40
A/Castilla La Mancha/523/2015,A/Samara/73/2013,160
A/Iraq/463/2014,A/Samara/73/2013,80
A/Castilla La Mancha/532/2015,A/Samara/73/2013,160
A/Bulgaria/243/2015,A/Samara/73/2013,80
A/Extremadura/729/2015,A/Samara/73/2013,80
A/Extremadura/731/2015,A/Samara/73/2013,160
A/Castilla La Mancha/660/2015,A/Samara/73/2013,640
A/Castilla La Mancha/658/2015,A/Samara/73/2013,160
A/Pais Vasco/722/2015,A/Samara/73/2013,80
A/Castilla La Mancha/659/2015,A/Samara/73/2013,80
A/Castilla La Mancha/646/2015,A/Samara/73/2013,80
A/Navarra/745/2015,A/Samara/73/2013,1280
A/Navarra/642/2015,A/Samara/73/2013,80
A/Bulgaria/353/2015,A/Samara/73/2013,<40
A/Castilla La Mancha/718/2015,A/Samara/73/2013,<40
A/Navarra/797/2015,A/Samara/73/2013,320
A/Georgia/532/2015,A/Samara/73/2013,80
A/Perth/16/2009,A/Hong Kong/146/2013,160
A/Victoria/361/2011,A/Hong Kong/146/2013,80
A/Texas/50/2012,A/Hong Kong/146/2013,320
A/Samara/73/2013,A/Hong Kong/146/2013,1280
A/Hong Kong/146/2013,A/Hong Kong/146/2013,1280
A/Stockholm/6/2014,A/Hong Kong/146/2013,160
A/Stockholm/6/2014,A/Hong Kong/146/2013,160
A/Switzerland/9715293/2013,A/Hong Kong/146/2013,80
A/Switzerland/9715293/2013,A/Hong Kong/146/2013,320
A/Hong Kong/5738/2014,A/Hong Kong/146/2013,80
A/Hong Kong/5738/2014,A/Hong Kong/146/2013,80
A/Madagascar/2286/2014,A/Hong Kong/146/2013,80
A/Madagascar/2457/2014,A/Hong Kong/146/2013,160
A/Madagascar/2456/2014,A/Hong Kong/146/2013,80
A/Madagascar/2580/2014,A/Hong Kong/146/2013,40
A/Madagascar/2584/2014,A/Hong Kong/146/2013,80
A/Jordan/20028/2014,A/Hong Kong/146/2013,80
A/Bulgaria/252/2015,A/Hong Kong/146/2013,80
A/Bulgaria/252/2015,A/Hong Kong/146/2013,80
A/Bulgaria/253/2015,A/Hong Kong/146/2013,80
A/Castilla La Mancha/513/2015,A/Hong Kong/146/2013,80
A/Navarra/508/2015,A/Hong Kong/146/2013,<40
A/Castilla La Mancha/523/2015,A/Hong Kong/146/2013,160
A/Iraq/463/2014,A/Hong Kong/146/2013,80
A/Castilla La Mancha/532/2015,A/Hong Kong/146/2013,160
A/Bulgaria/243/2015,A/Hong Kong/146/2013,80
A/Extremadura/729/2015,A/Hong Kong/146/2013,80
A/Extremadura/731/2015,A/Hong Kong/146/2013,80
A/Castilla La Mancha/660/2015,A/Hong Kong/146/2013,320
A/Castilla La Mancha/658/2015,A/Hong Kong/146/2013,80
A/Pais Vasco/722/2015,A/Hong Kong/146/2013,80
A/Castilla La Mancha/659/2015,A/Hong Kong/146/2013,80
A/Castilla La Mancha/646/2015,A/Hong Kong/146/2013,80
A/Navarra/745/2015,A/Hong Kong/146/2013,640
A/Navarra/642/2015,A/Hong Kong/146/2013,80
A/Bulgaria/353/2015,A/Hong Kong/146/2013,<40
A/Castilla La Mancha/718/2015,A/Hong Kong/146/2013,<40
A/Navarra/797/2015,A/Hong Kong/146/2013,160
A/Georgia/532/2015,A/Hong Kong/146/2013,80
A/Perth/16/2009,A/Stockholm/6/2014,40
A/Victoria/361/2011,A/Stockholm/6/2014,160
A/Texas/50/2012,A/Stockholm/6/2014,160
A/Samara/73/2013,A/Stockholm/6/2014,640
A/Hong Kong/146/2013,A/Stockholm/6/2014,80
A/Stockholm/6/2014,A/Stockholm/6/2014,640
A/Stockholm/6/2014,A/Stockholm/6/2014,160
A/Switzerland/9715293/2013,A/Stockholm/6/2014,320
A/Switzerland/9715293/2013,A/Stockholm/6/2014,160
A/Hong Kong/5738/2014,A/Stockholm/6/2014,160
A/Hong Kong/5738/2014,A/Stockholm/6/2014,160
A/Madagascar/2286/2014,A/Stockholm/6/2014,320
A/Madagascar/2457/2014,A/Stockholm/6/2014,640
A/Madagascar/2456/2014,A/Stockholm/6/2014,320
A/Madagascar/2580/2014,A/Stockholm/6/2014,320
A/Madagascar/2584/2014,A/Stockholm/6/2014,320
A/Jordan/20028/2014,A/Stockholm/6/2014,320
A/Bulgaria/252/2015,A/Stockholm/6/2014,320
A/Bulgaria/252/2015,A/Stockholm/6/2014,320
A/Bulgaria/253/2015,A/Stockholm/6/2014,320
A/Castilla La Mancha/513/2015,A/Stockholm/6/2014,160
A/Navarra/508/2015,A/Stockholm/6/2014,160
A/Castilla La Mancha/523/2015,A/Stockholm/6/2014,640
A/Iraq/463/2014,A/Stockholm/6/2014,320
A/Castilla La Mancha/532/2015,A/Stockholm/6/2014,1280
A/Bulgaria/243/2015,A/Stockholm/6/2014,160
A/Extremadura/729/2015,A/Stockholm/6/2014,160
A/Extremadura/731/2015,A/Stockholm/6/2014,640
A/Castilla La Mancha/660/2015,A/Stockholm/6/2014,640
A/Castilla La Mancha/658/2015,A/Stockholm/6/2014,320
A/Pais Vasco/722/2015,A/Stockholm/6/2014,640
A/Castilla La Mancha/659/2015,A/Stockholm/6/2014,640
A/Castilla La Mancha/646/2015,A/Stockholm/6/2014,320
A/Navarra/745/2015,A/Stockholm/6/2014,320
A/Navarra/642/2015,A/Stockholm/6/2014,640
A/Bulgaria/353/2015,A/Stockholm/6/2014,<40
A/Castilla La Mancha/718/2015,A/Stockholm/6/2014,160
A/Navarra/797/2015,A/Stockholm/6/2014,320
A/Georgia/532/2015,A/Stockholm/6/2014,320
A/Perth/16/2009,A/Stockholm/6/2014,80
A/Victoria/361/2011,A/Stockholm/6/2014,160
A/Texas/50/2012,A/Stockholm/6/2014,320
A/Samara/73/2013,A/Stockholm/6/2014,640
A/Hong Kong/146/2013,A/Stockholm/6/2014,640
A/Stockholm/6/2014,A/Stockholm/6/2014,160
A/Stockholm/6/2014,A/Stockholm/6/2014,320
A/Switzerland/9715293/2013,A/Stockholm/6/2014,160
A/Switzerland/9715293/2013,A/Stockholm/6/2014,320
A/Hong Kong/5738/2014,A/Stockholm/6/2014,80
A/Hong Kong/5738/2014,A/Stockholm/6/2014,40
A/Madagascar/2286/2014,A/Stockholm/6/2014,160
A/Madagascar/2457/2014,A/Stockholm/6/2014,160
A/Madagascar/2456/2014,A/Stockholm/6/2014,160
A/Madagascar/2580/2014,A/Stockholm/6/2014,160
A/Madagascar/2584/2014,A/Stockholm/6/2014,160
A/Jordan/20028/2014,A/Stockholm/6/2014,80
A/Bulgaria/252/2015,A/Stockholm/6/2014,80
A/Bulgaria/252/2015,A/Stockholm/6/2014,80
A/Bulgaria/253/2015,A/Stockholm/6/2014,80
A/Castilla La Mancha/513/2015,A/Stockholm/6/2014,40
A/Navarra/508/2015,A/Stockholm/6/2014,40
A/Castilla La Mancha/523/2015,A/Stockholm/6/2014,160
A/Iraq/463/2014,A/Stockholm/6/2014,80
A/Castilla La Mancha/532/2015,A/Stockholm/6/2014,320
A/Bulgaria/243/2015,A/Stockholm/6/2014,80
A/Extremadura/729/2015,A/Stockholm/6/2014,80
A/Extremadura/731/2015,A/Stockholm/6/2014,160
A/Castilla La Mancha/660/2015,A/Stockholm/6/2014,160
A/Castilla La Mancha/658/2015,A/Stockholm/6/2014,80
A/Pais Vasco/722/2015,A/Stockholm/6/2014,160
A/Castilla La Mancha/659/2015,A/Stockholm/6/2014,160
A/Castilla La Mancha/646/2015,A/Stockholm/6/2014,80
A/Navarra/745/2015,A/Stockholm/6/2014,320
A/Navarra/642/2015,A/Stockholm/6/2014,160
A/Bulgaria/353/2015,A/Stockholm/6/2014,<40
A/Castilla La Mancha/718/2015,A/Stockholm/6/2014,40
A/Navarra/797/2015,A/Stockholm/6/2014,320
A/Georgia/532/2015,A/Stockholm/6/2014,160
A/Perth/16/2009,A/Switzerland/9715293/2013,<40
A/Victoria/361/2011,A/Switzerland/9715293/2013,40
A/Texas/50/2012,A/Switzerland/9715293/2013,40
A/Samara/73/2013,A/Switzerland/9715293/2013,160
A/Hong Kong/146/2013,A/Switzerland/9715293/2013,40
A/Stockholm/6/2014,A/Switzerland/9715293/2013,160
A/Stockholm/6/2014,A/Switzerland/9715293/2013,80
A/Switzerland/9715293/2013,A/Switzerland/9715293/2013,80
A/Switzerland/9715293/2013,A/Switzerland/9715293/2013,80
A/Hong Kong/5738/2014,A/Switzerland/9715293/2013,<40
A/Hong Kong/5738/2014,A/Switzerland/9715293/2013,40
A/Madagascar/2286/2014,A/Switzerland/9715293/2013,80
A/Madagascar/2457/2014,A/Switzerland/9715293/2013,80
A/Madagascar/2456/2014,A/Switzerland/9715293/2013,80
A/Madagascar/2580/2014,A/Switzerland/9715293/2013,40
A/Madagascar/2584/2014,A/Switzerland/9715293/2013,80
A/Jordan/20028/2014,A/Switzerland/9715293/2013,40
A/Bulgaria/252/2015,A/Switzerland/9715293/2013,<40
A/Bulgaria/252/2015,A/Switzerland/9715293/2013,40
A/Bulgaria/253/2015,A/Switzerland/9715293/2013,40
A/Castilla La Mancha/513/2015,A/Switzerland/9715293/2013,<40
A/Navarra/508/2015,A/Switzerland/9715293/2013,40
A/Castilla La Mancha/523/2015,A/Switzerland/9715293/2013,80
A/Iraq/463/2014,A/Switzerland/9715293/2013,<40
A/Castilla La Mancha/532/2015,A/Switzerland/9715293/2013,80
A/Bulgaria/243/2015,A/Switzerland/9715293/2013,40
A/Extremadura/729/2015,A/Switzerland/9715293/2013,<40
A/Extremadura/731/2015,A/Switzerland/9715293/2013,80
A/Castilla La Mancha/660/2015,A/Switzerland/9715293/2013,40
A/Castilla La Mancha/658/2015,A/Switzerland/9715293/2013,<40
A/Pais Vasco/722/2015,A/Switzerland/9715293/2013,40
A/Castilla La Mancha/659/2015,A/Switzerland/9715293/2013,80
A/Castilla La Mancha/646/2015,A/Switzerland/9715293/2013,40
A/Navarra/745/2015,A/Switzerland/9715293/2013,80
A/Navarra/642/2015,A/Switzerland/9715293/2013,80
A/Bulgaria/353/2015,A/Switzerland/9715293/2013,<40
A/Castilla La Mancha/718/2015,A/Switzerland/9715293/2013,40
A/Navarra/797/2015,A/Switzerland/9715293/2013,40
A/Georgia/532/2015,A/Switzerland/9715293/2013,<40
A/Perth/16/2009,A/Switzerland/9715293/2013,40
A/Victoria/361/2011,A/Switzerland/9715293/2013,40
A/Texas/50/2012,A/Switzerland/9715293/2013,320
A/Samara/73/2013,A/Switzerland/9715293/2013,640
A/Hong Kong/146/2013,A/Switzerland/9715293/2013,640
A/Stockholm/6/2014,A/Switzerland/9715293/2013,80
A/Stockholm/6/2014,A/Switzerland/9715293/2013,320
A/Switzerland/9715293/2013,A/Switzerland/9715293/2013,80
A/Switzerland/9715293/2013,A/Switzerland/9715293/2013,640
A/Hong Kong/5738/2014,A/Switzerland/9715293/2013,40
A/Hong Kong/5738/2014,A/Switzerland/9715293/2013,40
A/Madagascar/2286/2014,A/Switzerland/9715293/2013,40
A/Madagascar/2457/2014,A/Switzerland/9715293/2013,80
A/Madagascar/2456/2014,A/Switzerland/9715293/2013,40
A/Madagascar/2580/2014,A/Switzerland/9715293/2013,40
A/Madagascar/2584/2014,A/Switzerland/9715293/2013,40
A/Jordan/20028/2014,A/Switzerland/9715293/2013,<40
A/Bulgaria/252/2015,A/Switzerland/9715293/2013,<40
A/Bulgaria/252/2015,A/Switzerland/9715293/2013,40
A/Bulgaria/253/2015,A/Switzerland/9715293/2013,40
A/Castilla La Mancha/513/2015,A/Switzerland/9715293/2013,<40
A/Navarra/508/2015,A/Switzerland/9715293/2013,<40
A/Castilla La Mancha/523/2015,A/Switzerland/9715293/2013,40
A/Iraq/463/2014,A/Switzerland/9715293/2013,<40
A/Castilla La Mancha/532/2015,A/Switzerland/9715293/2013,40
A/Bulgaria/243/2015,A/Switzerland/9715293/2013,40
A/Extremadura/729/2015,A/Switzerland/9715293/2013,40
A/Extremadura/731/2015,A/Switzerland/9715293/2013,40
A/Castilla La Mancha/660/2015,A/Switzerland/9715293/2013,80
A/Castilla La Mancha/658/2015,A/Switzerland/9715293/2013,<40
A/Pais Vasco/722/2015,A/Switzerland/9715293/2013,40
A/Castilla La Mancha/659/2015,A/Switzerland/9715293/2013,40
A/Castilla La Mancha/646/2015,A/Switzerland/9715293/2013,<40
A/Navarra/745/2015,A/Switzerland/9715293/2013,320
A/Navarra/642/2015,A/Switzerland/9715293/2013,40
A/Bulgaria/353/2015,A/Switzerland/9715293/2013,<40
A/Castilla La Mancha/718/2015,A/Switzerland/9715293/2013,40
A/Navarra/797/2015,A/Switzerland/9715293/2013,40
A/Georgia/532/2015,A/Switzerland/9715293/2013,40
A/Perth/16/2009,A/Hong Kong/5738/2014,<40
A/Victoria/361/2011,A/Hong Kong/5738/2014,40
A/Texas/50/2012,A/Hong Kong/5738/2014,80
A/Samara/73/2013,A/Hong Kong/5738/2014,320
A/Hong Kong/146/2013,A/Hong Kong/5738/2014,320
A/Stockholm/6/2014,A/Hong Kong/5738/2014,160
A/Stockholm/6/2014,A/Hong Kong/5738/2014,160
A/Switzerland/9715293/2013,A/Hong Kong/5738/2014,80
A/Switzerland/9715293/2013,A/Hong Kong/5738/2014,160
A/Hong Kong/5738/2014,A/Hong Kong/5738/2014,160
A/Hong Kong/5738/2014,A/Hong Kong/5738/2014,160
A/Madagascar/2286/2014,A/Hong Kong/5738/2014,80
A/Madagascar/2457/2014,A/Hong Kong/5738/2014,160
A/Madagascar/2456/2014,A/Hong Kong/5738/2014,160
A/Madagascar/2580/2014,A/Hong Kong/5738/2014,80
A/Madagascar/2584/2014,A/Hong Kong/5738/2014,80
A/Jordan/20028/2014,A/Hong Kong/5738/2014,80
A/Bulgaria/252/2015,A/Hong Kong/5738/2014,80
A/Bulgaria/252/2015,A/Hong Kong/5738/2014,80
A/Bulgaria/253/2015,A/Hong Kong/5738/2014,160
A/Castilla La Mancha/513/2015,A/Hong Kong/5738/2014,80
A/Navarra/508/2015,A/Hong Kong/5738/2014,40
A/Castilla La Mancha/523/2015,A/Hong Kong/5738/2014,160
A/Iraq/463/2014,A/Hong Kong/5738/2014,160
A/Castilla La Mancha/532/2015,A/Hong Kong/5738/2014,160
A/Bulgaria/243/2015,A/Hong Kong/5738/2014,80
A/Extremadura/729/2015,A/Hong Kong/5738/2014,40
A/Extremadura/731/2015,A/Hong Kong/5738/2014,160
A/Castilla La Mancha/660/2015,A/Hong Kong/5738/2014,160
A/Castilla La Mancha/658/2015,A/Hong Kong/5738/2014,80
A/Pais Vasco/722/2015,A/Hong Kong/5738/2014,160
A/Castilla La Mancha/659/2015,A/Hong Kong/5738/2014,160
A/Castilla La Mancha/646/2015,A/Hong Kong/5738/2014,80
A/Navarra/745/2015,A/Hong Kong/5738/2014,320
A/Navarra/642/2015,A/Hong Kong/5738/2014,160
A/Bulgaria/353/2015,A/Hong Kong/5738/2014,<40
A/Castilla La Mancha/718/2015,A/Hong Kong/5738/2014,<40
A/Navarra/797/2015,A/Hong Kong/5738/2014,320
A/Georgia/532/2015,A/Hong Kong/5738/2014,160
A/Perth/16/2009,A/Hong Kong/5738/2014,<40
A/Victoria/361/2011,A/Hong Kong/5738/2014,40
A/Texas/50/2012,A/Hong Kong/5738/2014,40
A/Samara/73/2013,A/Hong Kong/5738/2014,160
A/Hong Kong/146/2013,A/Hong Kong/5738/2014,80
A/Stockholm/6/2014,A/Hong Kong/5738/2014,80
A/Stockholm/6/2014,A/Hong Kong/5738/2014,40
A/Switzerland/9715293/2013,A/Hong Kong/5738/2014,40
A/Switzerland/9715293/2013,A/Hong Kong/5738/2014,40
A/Hong Kong/5738/2014,A/Hong Kong/5738/2014,40
A/Hong Kong/5738/2014,A/Hong Kong/5738/2014,640
A/Madagascar/2286/2014,A/Hong Kong/5738/2014,40
A/Madagascar/2457/2014,A/Hong Kong/5738/2014,40
A/Madagascar/2456/2014,A/Hong Kong/5738/2014,<40
A/Madagascar/2580/2014,A/Hong Kong/5738/2014,<40
A/Madagascar/2584/2014,A/Hong Kong/5738/2014,<40
A/Jordan/20028/2014,A/Hong Kong/5738/2014,<40
A/Bulgaria/252/2015,A/Hong Kong/5738/2014,<40
A/Bulgaria/252/2015,A/Hong Kong/5738/2014,<40
A/Bulgaria/253/2015,A/Hong Kong/5738/2014,40
A/Castilla La Mancha/513/2015,A/Hong Kong/5738/2014,<40
A/Navarra/508/2015,A/Hong Kong/5738/2014,<40
A/Castilla La Mancha/523/2015,A/Hong Kong/5738/2014,<40
A/Iraq/463/2014,A/Hong Kong/5738/2014,40
A/Castilla La Mancha/532/2015,A/Hong Kong/5738/2014,<40
A/Bulgaria/243/2015,A/Hong Kong/5738/2014,<40
A/Extremadura/729/2015,A/Hong Kong/5738/2014,<40
A/Extremadura/731/2015,A/Hong Kong/5738/2014,40
A/Castilla La Mancha/660/2015,A/Hong Kong/5738/2014,<40
A/Castilla La Mancha/658/2015,A/Hong Kong/5738/2014,<40
A/Pais Vasco/722/2015,A/Hong Kong/5738/2014,<40
A/Castilla La Mancha/659/2015,A/Hong Kong/5738/2014,<40
A/Castilla La Mancha/646/2015,A/Hong Kong/5738/2014,<40
A/Navarra/745/2015,A/Hong Kong/5738/2014,40
A/Navarra/642/2015,A/Hong Kong/5738/2014,<40
A/Bulgaria/353/2015,A/Hong Kong/5738/2014,<40
A/Castilla La Mancha/718/2015,A/Hong Kong/5738/2014,<40
A/Navarra/797/2015,A/Hong Kong/5738/2014,40
A/Georgia/532/2015,A/Hong Kong/5738/2014,40
A/Perth/16/2009,A/Perth/16/2009,1280
A/Victoria/361/2011,A/Perth/16/2009,80
A/Texas/50/2012,A/Perth/16/2009,640
A/Samara/73/2013,A/Perth/16/2009,320
A/Hong Kong/146/2013,A/Perth/16/2009,640
A/Stockholm/6/2014,A/Perth/16/2009,<40
A/Stockholm/6/2014,A/Perth/16/2009,160
A/Switzerland/9715293/2013,A/Perth/16/2009,<40
A/Switzerland/9715293/2013,A/Perth/16/2009,80
A/Hong Kong/5738/2014,A/Perth/16/2009,<40
A/Hong Kong/5738/2014,A/Perth/16/2009,40
A/Iraq/470/2014,A/Perth/16/2009,40
A/Iraq/821/2014,A/Perth/16/2009,<40
A/Galicia/756/2015,A/Perth/16/2009,40
A/Leon/256/2014,A/Perth/16/2009,<40
A/Navarra/618/2015,A/Perth/16/2009,80
A/Navarra/616/2015,A/Perth/16/2009,40
A/Galicia/760/2015,A/Perth/16/2009,80
A/Serbia/NS-949/2015,A/Perth/16/2009,320
A/Castilla La Mancha/527/2015,A/Perth/16/2009,<40
A/Milano/119/2015,A/Perth/16/2009,40
A/Milano/144/2015,A/Perth/16/2009,40
A/Roma/7/2015,A/Perth/16/2009,<40
A/Roma/14/2015,A/Perth/16/2009,<40
A/Milano/191/2015,A/Perth/16/2009,40
A/Sassari/9/2015,A/Perth/16/2009,40
A/Perugia/45/2015,A/Perth/16/2009,<40
A/Perugia/46/2015,A/Perth/16/2009,40
A/Leon/201/2015,A/Perth/16/2009,<40
A/Soria/198/2015,A/Perth/16/2009,80
A/Valladolid/205/2015,A/Perth/16/2009,80
A/Milano/210/2015,A/Perth/16/2009,80
A/Burgos/207/2015,A/Perth/16/2009,<40
A/Perugia/52/2015,A/Perth/16/2009,40
A/Serbia/NS-1107/2015,A/Perth/16/2009,<40
A/Serbia/NS-1256/2015,A/Perth/16/2009,40
A/Perth/16/2009,A/Victoria/361/2011,160
A/Victoria/361/2011,A/Victoria/361/2011,160
A/Texas/50/2012,A/Victoria/361/2011,1280
A/Samara/73/2013,A/Victoria/361/2011,320
A/Hong Kong/146/2013,A/Victoria/361/2011,640
A/Stockholm/6/2014,A/Victoria/361/2011,40
A/Stockholm/6/2014,A/Victoria/361/2011,320
A/Switzerland/9715293/2013,A/Victoria/361/2011,40
A/Switzerland/9715293/2013,A/Victoria/361/2011,320
A/Hong Kong/5738/2014,A/Victoria/361/2011,40
A/Hong Kong/5738/2014,A/Victoria/361/2011,40
A/Iraq/470/2014,A/Victoria/361/2011,80
A/Iraq/821/2014,A/Victoria/361/2011,40
A/Galicia/756/2015,A/Victoria/361/2011,80
A/Leon/256/2014,A/Victoria/361/2011,<40
A/Navarra/618/2015,A/Victoria/361/2011,160
A/Navarra/616/2015,A/Victoria/361/2011,80
A/Galicia/760/2015,A/Victoria/361/2011,160
A/Serbia/NS-949/2015,A/Victoria/361/2011,40
A/Castilla La Mancha/527/2015,A/Victoria/361/2011,40
A/Milano/119/2015,A/Victoria/361/2011,160
A/Milano/144/2015,A/Victoria/361/2011,80
A/Roma/7/2015,A/Victoria/361/2011,40
A/Roma/14/2015,A/Victoria/361/2011,<40
A/Milano/191/2015,A/Victoria/361/2011,160
A/Sassari/9/2015,A/Victoria/361/2011,160
A/Perugia/45/2015,A/Victoria/361/2011,80
A/Perugia/46/2015,A/Victoria/361/2011,160
A/Leon/201/2015,A/Victoria/361/2011,80
A/Soria/198/2015,A/Victoria/361/2011,80
A/Valladolid/205/2015,A/Victoria/361/2011,160
A/Milano/210/2015,A/Victoria/361/2011,160
A/Burgos/207/2015,A/Victoria/361/2011,160
A/Perugia/52/2015,A/Victoria/361/2011,160
A/Serbia/NS-1107/2015,A/Victoria/361/2011,40
A/Serbia/NS-1256/2015,A/Victoria/361/2011,160
A/Perth/16/2009,A/Texas/50/2012,640
A/Victoria/361/2011,A/Texas/50/2012,320
A/Texas/50/2012,A/Texas/50/2012,2560
A/Samara/73/2013,A/Texas/50/2012,1280
A/Hong Kong/146/2013,A/Texas/50/2012,1280
A/Stockholm/6/2014,A/Texas/50/2012,80
A/Stockholm/6/2014,A/Texas/50/2012,320
A/Switzerland/9715293/2013,A/Texas/50/2012,80
A/Switzerland/9715293/2013,A/Texas/50/2012,320
A/Hong Kong/5738/2014,A/Texas/50/2012,80
A/Hong Kong/5738/2014,A/Texas/50/2012,320
A/Iraq/470/2014,A/Texas/50/2012,320
A/Iraq/821/2014,A/Texas/50/2012,160
A/Galicia/756/2015,A/Texas/50/2012,160
A/Leon/256/2014,A/Texas/50/2012,<40
A/Navarra/618/2015,A/Texas/50/2012,320
A/Navarra/616/2015,A/Texas/50/2012,160
A/Galicia/760/2015,A/Texas/50/2012,320
A/Serbia/NS-949/2015,A/Texas/50/2012,40
A/Castilla La Mancha/527/2015,A/Texas/50/2012,80
A/Milano/119/2015,A/Texas/50/2012,320
A/Milano/144/2015,A/Texas/50/2012,160
A/Roma/7/2015,A/Texas/50/2012,80
A/Roma/14/2015,A/Texas/50/2012,<40
A/Milano/191/2015,A/Texas/50/2012,320
A/Sassari/9/2015,A/Texas/50/2012,320
A/Perugia/45/2015,A/Texas/50/2012,160
A/Perugia/46/2015,A/Texas/50/2012,320
A/Leon/201/2015,A/Texas/50/2012,160
A/Soria/198/2015,A/Texas/50/2012,320
A/Valladolid/205/2015,A/Texas/50/2012,320
A/Milano/210/2015,A/Texas/50/2012,320
A/Burgos/207/2015,A/Texas/50/2012,160
A/Perugia/52/2015,A/Texas/50/2012,320
A/Serbia/NS-1107/2015,A/Texas/50/2012,160
A/Serbia/NS-1256/2015,A/Texas/50/2012,320
A/Perth/16/2009,A/Samara/73/2013,160
A/Victoria/361/2011,A/Samara/73/2013,160
A/Texas/50/2012,A/Samara/73/2013,640
A/Samara/73/2013,A/Samara/73/2013,1280
A/Hong Kong/146/2013,A/Samara/73/2013,1280
A/Stockholm/6/2014,A/Samara/73/2013,160
A/Stockholm/6/2014,A/Samara/73/2013,160
A/Switzerland/9715293/2013,A/Samara/73/2013,160
A/Switzerland/9715293/2013,A/Samara/73/2013,160
A/Hong Kong/5738/2014,A/Samara/73/2013,80
A/Hong Kong/5738/2014,A/Samara/73/2013,160
A/Iraq/470/2014,A/Samara/73/2013,320
A/Iraq/821/2014,A/Samara/73/2013,160
A/Galicia/756/2015,A/Samara/73/2013,160
A/Leon/256/2014,A/Samara/73/2013,<40
A/Navarra/618/2015,A/Samara/73/2013,320
A/Navarra/616/2015,A/Samara/73/2013,160
A/Galicia/760/2015,A/Samara/73/2013,320
A/Serbia/NS-949/2015,A/Samara/73/2013,40
A/Castilla La Mancha/527/2015,A/Samara/73/2013,160
A/Milano/119/2015,A/Samara/73/2013,320
A/Milano/144/2015,A/Samara/73/2013,160
A/Roma/7/2015,A/Samara/73/2013,80
A/Roma/14/2015,A/Samara/73/2013,40
A/Milano/191/2015,A/Samara/73/2013,320
A/Sassari/9/2015,A/Samara/73/2013,320
A/Perugia/45/2015,A/Samara/73/2013,160
A/Perugia/46/2015,A/Samara/73/2013,320
A/Leon/201/2015,A/Samara/73/2013,160
A/Soria/198/2015,A/Samara/73/2013,160
A/Valladolid/205/2015,A/Samara/73/2013,320
A/Milano/210/2015,A/Samara/73/2013,320
A/Burgos/207/2015,A/Samara/73/2013,320
A/Perugia/52/2015,A/Samara/73/2013,320
A/Serbia/NS-1107/2015,A/Samara/73/2013,160
A/Serbia/NS-1256/2015,A/Samara/73/2013,160
A/Perth/16/2009,A/Hong Kong/146/2013,160
A/Victoria/361/2011,A/Hong Kong/146/2013,80
A/Texas/50/2012,A/Hong Kong/146/2013,640
A/Samara/73/2013,A/Hong Kong/146/2013,640
A/Hong Kong/146/2013,A/Hong Kong/146/2013,1280
A/Stockholm/6/2014,A/Hong Kong/146/2013,160
A/Stockholm/6/2014,A/Hong Kong/146/2013,80
A/Switzerland/9715293/2013,A/Hong Kong/146/2013,80
A/Switzerland/9715293/2013,A/Hong Kong/146/2013,160
A/Hong Kong/5738/2014,A/Hong Kong/146/2013,80
A/Hong Kong/5738/2014,A/Hong Kong/146/2013,40
A/Iraq/470/2014,A/Hong Kong/146/2013,80
A/Iraq/821/2014,A/Hong Kong/146/2013,80
A/Galicia/756/2015,A/Hong Kong/146/2013,80
A/Leon/256/2014,A/Hong Kong/146/2013,<40
A/Navarra/618/2015,A/Hong Kong/146/2013,160
A/Navarra/616/2015,A/Hong Kong/146/2013,40
A/Galicia/760/2015,A/Hong Kong/146/2013,160
A/Serbia/NS-949/2015,A/Hong Kong/146/2013,<40
A/Castilla La Mancha/527/2015,A/Hong Kong/146/2013,40
A/Milano/119/2015,A/Hong Kong/146/2013,160
A/Milano/144/2015,A/Hong Kong/146/2013,80
A/Roma/7/2015,A/Hong Kong/146/2013,40
A/Roma/14/2015,A/Hong Kong/146/2013,<40
A/Milano/191/2015,A/Hong Kong/146/2013,160
A/Sassari/9/2015,A/Hong Kong/146/2013,160
A/Perugia/45/2015,A/Hong Kong/146/2013,160
A/Perugia/46/2015,A/Hong Kong/146/2013,160
A/Leon/201/2015,A/Hong Kong/146/2013,80
A/Soria/198/2015,A/Hong Kong/146/2013,80
A/Valladolid/205/2015,A/Hong Kong/146/2013,160
A/Milano/210/2015,A/Hong Kong/146/2013,80
A/Burgos/207/2015,A/Hong Kong/146/2013,160
A/Perugia/52/2015,A/Hong Kong/146/2013,160
A/Serbia/NS-1107/2015,A/Hong Kong/146/2013,80
A/Serbia/NS-1256/2015,A/Hong Kong/146/2013,80
A/Perth/16/2009,A/Stockholm/6/2014,40
A/Victoria/361/2011,A/Stockholm/6/2014,320
A/Texas/50/2012,A/Stockholm/6/2014,160
A/Samara/73/2013,A/Stockholm/6/2014,640
A/Hong Kong/146/2013,A/Stockholm/6/2014,160
A/Stockholm/6/2014,A/Stockholm/6/2014,640
A/Stockholm/6/2014,A/Stockholm/6/2014,160
A/Switzerland/9715293/2013,A/Stockholm/6/2014,640
A/Switzerland/9715293/2013,A/Stockholm/6/2014,320
A/Hong Kong/5738/2014,A/Stockholm/6/2014,320
A/Hong Kong/5738/2014,A/Stockholm/6/2014,160
A/Iraq/470/2014,A/Stockholm/6/2014,320
A/Iraq/821/2014,A/Stockholm/6/2014,320
A/Galicia/756/2015,A/Stockholm/6/2014,80
A/Leon/256/2014,A/Stockholm/6/2014,40
A/Navarra/618/2015,A/Stockholm/6/2014,160
A/Navarra/616/2015,A/Stockholm/6/2014,160
A/Galicia/760/2015,A/Stockholm/6/2014,320
A/Serbia/NS-949/2015,A/Stockholm/6/2014,80
A/Castilla La Mancha/527/2015,A/Stockholm/6/2014,640
A/Milano/119/2015,A/Stockholm/6/2014,320
A/Milano/144/2015,A/Stockholm/6/2014,1280
A/Roma/7/2015,A/Stockholm/6/2014,160
A/Roma/14/2015,A/Stockholm/6/2014,<40
A/Milano/191/2015,A/Stockholm/6/2014,1280
A/Sassari/9/2015,A/Stockholm/6/2014,1280
A/Perugia/45/2015,A/Stockholm/6/2014,640
A/Perugia/46/2015,A/Stockholm/6/2014,1280
A/Leon/201/2015,A/Stockholm/6/2014,640
A/Soria/198/2015,A/Stockholm/6/2014,80
A/Valladolid/205/2015,A/Stockholm/6/2014,160
A/Milano/210/2015,A/Stockholm/6/2014,320
A/Burgos/207/2015,A/Stockholm/6/2014,640
A/Perugia/52/2015,A/Stockholm/6/2014,1280
A/Serbia/NS-1107/2015,A/Stockholm/6/2014,40
A/Serbia/NS-1256/2015,A/Stockholm/6/2014,80
A/Perth/16/2009,A/Stockholm/6/2014,160
A/Victoria/361/2011,A/Stockholm/6/2014,160
A/Texas/50/2012,A/Stockholm/6/2014,640
A/Samara/73/2013,A/Stockholm/6/2014,640
A/Hong Kong/146/2013,A/Stockholm/6/2014,640
A/Stockholm/6/2014,A/Stockholm/6/2014,160
A/Stockholm/6/2014,A/Stockholm/6/2014,320
A/Switzerland/9715293/2013,A/Stockholm/6/2014,160
A/Switzerland/9715293/2013,A/Stockholm/6/2014,320
A/Hong Kong/5738/2014,A/Stockholm/6/2014,80
A/Hong Kong/5738/2014,A/Stockholm/6/2014,80
A/Iraq/470/2014,A/Stockholm/6/2014,160
A/Iraq/821/2014,A/Stockholm/6/2014,160
A/Galicia/756/2015,A/Stockholm/6/2014,160
A/Leon/256/2014,A/Stockholm/6/2014,160
A/Navarra/618/2015,A/Stockholm/6/2014,320
A/Navarra/616/2015,A/Stockholm/6/2014,80
A/Galicia/760/2015,A/Stockholm/6/2014,160
A/Serbia/NS-949/2015,A/Stockholm/6/2014,40
A/Castilla La Mancha/527/2015,A/Stockholm/6/2014,160
A/Milano/119/2015,A/Stockholm/6/2014,160
A/Milano/144/2015,A/Stockholm/6/2014,80
A/Roma/7/2015,A/Stockholm/6/2014,40
A/Roma/14/2015,A/Stockholm/6/2014,<40
A/Milano/191/2015,A/Stockholm/6/2014,320
A/Sassari/9/2015,A/Stockholm/6/2014,320
A/Perugia/45/2015,A/Stockholm/6/2014,320
A/Perugia/46/2015,A/Stockholm/6/2014,320
A/Leon/201/2015,A/Stockholm/6/2014,320
A/Soria/198/2015,A/Stockholm/6/2014,80
A/Valladolid/205/2015,A/Stockholm/6/2014,320
A/Milano/210/2015,A/Stockholm/6/2014,160
A/Burgos/207/2015,A/Stockholm/6/2014,320
A/Perugia/52/2015,A/Stockholm/6/2014,320
A/Serbia/NS-1107/2015,A/Stockholm/6/2014,160
A/Serbia/NS-1256/2015,A/Stockholm/6/2014,160
A/Perth/16/2009,A/Switzerland/9715293/2013,<40
A/Victoria/361/2011,A/Switzerland/9715293/2013,40
A/Texas/50/2012,A/Switzerland/9715293/2013,40
A/Samara/73/2013,A/Switzerland/9715293/2013,160
A/Hong Kong/146/2013,A/Switzerland/9715293/2013,80
A/Stockholm/6/2014,A/Switzerland/9715293/2013,80
A/Stockholm/6/2014,A/Switzerland/9715293/2013,160
A/Switzerland/9715293/2013,A/Switzerland/9715293/2013,160
A/Switzerland/9715293/2013,A/Switzerland/9715293/2013,160
A/Hong Kong/5738/2014,A/Switzerland/9715293/2013,40
A/Hong Kong/5738/2014,A/Switzerland/9715293/2013,40
A/Iraq/470/2014,A/Switzerland/9715293/2013,40
A/Iraq/821/2014,A/Switzerland/9715293/2013,<40
A/Galicia/756/2015,A/Switzerland/9715293/2013,<40
A/Leon/256/2014,A/Switzerland/9715293/2013,40
A/Navarra/618/2015,A/Switzerland/9715293/2013,40
A/Navarra/616/2015,A/Switzerland/9715293/2013,<40
A/Galicia/760/2015,A/Switzerland/9715293/2013,40
A/Serbia/NS-949/2015,A/Switzerland/9715293/2013,<40
A/Castilla La Mancha/527/2015,A/Switzerland/9715293/2013,80
A/Milano/119/2015,A/Switzerland/9715293/2013,40
A/Milano/144/2015,A/Switzerland/9715293/2013,40
A/Roma/7/2015,A/Switzerland/9715293/2013,<40
A/Roma/14/2015,A/Switzerland/9715293/2013,<40
A/Milano/191/2015,A/Switzerland/9715293/2013,160
A/Sassari/9/2015,A/Switzerland/9715293/2013,160
A/Perugia/45/2015,A/Switzerland/9715293/2013,160
A/Perugia/46/2015,A/Switzerland/9715293/2013,320
A/Leon/201/2015,A/Switzerland/9715293/2013,160
A/Soria/198/2015,A/Switzerland/9715293/2013,<40
A/Valladolid/205/2015,A/Switzerland/9715293/2013,80
A/Milano/210/2015,A/Switzerland/9715293/2013,80
A/Burgos/207/2015,A/Switzerland/9715293/2013,160
A/Perugia/52/2015,A/Switzerland/9715293/2013,320
A/Serbia/NS-1107/2015,A/Switzerland/9715293/2013,<40
A/Serbia/NS-1256/2015,A/Switzerland/9715293/2013,<40
A/Perth/16/2009,A/Switzerland/9715293/2013,80
A/Victoria/361/2011,A/Switzerland/9715293/2013,80
A/Texas/50/2012,A/Switzerland/9715293/2013,640
A/Samara/73/2013,A/Switzerland/9715293/2013,640
A/Hong Kong/146/2013,A/Switzerland/9715293/2013,640
A/Stockholm/6/2014,A/Switzerland/9715293/2013,80
A/Stockholm/6/2014,A/Switzerland/9715293/2013,640
A/Switzerland/9715293/2013,A/Switzerland/9715293/2013,80
A/Switzerland/9715293/2013,A/Switzerland/9715293/2013,1280
A/Hong Kong/5738/2014,A/Switzerland/9715293/2013,40
A/Hong Kong/5738/2014,A/Switzerland/9715293/2013,40
A/Iraq/470/2014,A/Switzerland/9715293/2013,80
A/Iraq/821/2014,A/Switzerland/9715293/2013,40
A/Galicia/756/2015,A/Switzerland/9715293/2013,40
A/Leon/256/2014,A/Switzerland/9715293/2013,40
A/Navarra/618/2015,A/Switzerland/9715293/2013,160
A/Navarra/616/2015,A/Switzerland/9715293/2013,40
A/Galicia/760/2015,A/Switzerland/9715293/2013,80
A/Serbia/NS-949/2015,A/Switzerland/9715293/2013,<40
A/Castilla La Mancha/527/2015,A/Switzerland/9715293/2013,80
A/Milano/119/2015,A/Switzerland/9715293/2013,40
A/Milano/144/2015,A/Switzerland/9715293/2013,40
A/Roma/7/2015,A/Switzerland/9715293/2013,<40
A/Roma/14/2015,A/Switzerland/9715293/2013,<40
A/Milano/191/2015,A/Switzerland/9715293/2013,160
A/Sassari/9/2015,A/Switzerland/9715293/2013,160
A/Perugia/45/2015,A/Switzerland/9715293/2013,80
A/Perugia/46/2015,A/Switzerland/9715293/2013,160
A/Leon/201/2015,A/Switzerland/9715293/2013,160
A/Soria/198/2015,A/Switzerland/9715293/2013,40
A/Valladolid/205/2015,A/Switzerland/9715293/2013,80
A/Milano/210/2015,A/Switzerland/9715293/2013,80
A/Burgos/207/2015,A/Switzerland/9715293/2013,160
A/Perugia/52/2015,A/Switzerland/9715293/2013,160
A/Serbia/NS-1107/2015,A/Switzerland/9715293/2013,40
A/Serbia/NS-1256/2015,A/Switzerland/9715293/2013,40
A/Perth/16/2009,A/Hong Kong/5738/2014,<40
A/Victoria/361/2011,A/Hong Kong/5738/2014,80
A/Texas/50/2012,A/Hong Kong/5738/2014,160
A/Samara/73/2013,A/Hong Kong/5738/2014,320
A/Hong Kong/146/2013,A/Hong Kong/5738/2014,320
A/Stockholm/6/2014,A/Hong Kong/5738/2014,80
A/Stockholm/6/2014,A/Hong Kong/5738/2014,160
A/Switzerland/9715293/2013,A/Hong Kong/5738/2014,160
A/Switzerland/9715293/2013,A/Hong Kong/5738/2014,320
A/Hong Kong/5738/2014,A/Hong Kong/5738/2014,160
A/Hong Kong/5738/2014,A/Hong Kong/5738/2014,320
A/Iraq/470/2014,A/Hong Kong/5738/2014,80
A/Iraq/821/2014,A/Hong Kong/5738/2014,160
A/Galicia/756/2015,A/Hong Kong/5738/2014,80
A/Leon/256/2014,A/Hong Kong/5738/2014,40
A/Navarra/618/2015,A/Hong Kong/5738/2014,160
A/Navarra/616/2015,A/Hong Kong/5738/2014,80
A/Galicia/760/2015,A/Hong Kong/5738/2014,160
A/Serbia/NS-949/2015,A/Hong Kong/5738/2014,40
A/Castilla La Mancha/527/2015,A/Hong Kong/5738/2014,160
A/Milano/119/2015,A/Hong Kong/5738/2014,80
A/Milano/144/2015,A/Hong Kong/5738/2014,40
A/Roma/7/2015,A/Hong Kong/5738/2014,80
A/Roma/14/2015,A/Hong Kong/5738/2014,80
A/Milano/191/2015,A/Hong Kong/5738/2014,320
A/Sassari/9/2015,A/Hong Kong/5738/2014,320
A/Perugia/45/2015,A/Hong Kong/5738/2014,160
A/Perugia/46/2015,A/Hong Kong/5738/2014,320
A/Leon/201/2015,A/Hong Kong/5738/2014,160
A/Soria/198/2015,A/Hong Kong/5738/2014,40
A/Valladolid/205/2015,A/Hong Kong/5738/2014,160
A/Milano/210/2015,A/Hong Kong/5738/2014,80
A/Burgos/207/2015,A/Hong Kong/5738/2014,160
A/Perugia/52/2015,A/Hong Kong/5738/2014,320
A/Serbia/NS-1107/2015,A/Hong Kong/5738/2014,40
A/Serbia/NS-1256/2015,A/Hong Kong/5738/2014,80
A/Perth/16/2009,A/Hong Kong/5738/2014,40
A/Victoria/361/2011,A/Hong Kong/5738/2014,40
A/Texas/50/2012,A/Hong Kong/5738/2014,80
A/Samara/73/2013,A/Hong Kong/5738/2014,80
A/Hong Kong/146/2013,A/Hong Kong/5738/2014,80
A/Stockholm/6/2014,A/Hong Kong/5738/2014,40
A/Stockholm/6/2014,A/Hong Kong/5738/2014,40
A/Switzerland/9715293/2013,A/Hong Kong/5738/2014,40
A/Switzerland/9715293/2013,A/Hong Kong/5738/2014,40
A/Hong Kong/5738/2014,A/Hong Kong/5738/2014,40
A/Hong Kong/5738/2014,A/Hong Kong/5738/2014,640
A/Iraq/470/2014,A/Hong Kong/5738/2014,<40
A/Iraq/821/2014,A/Hong Kong/5738/2014,<40
A/Galicia/756/2015,A/Hong Kong/5738/2014,<40
A/Leon/256/2014,A/Hong Kong/5738/2014,<40
A/Navarra/618/2015,A/Hong Kong/5738/2014,40
A/Navarra/616/2015,A/Hong Kong/5738/2014,<40
A/Galicia/760/2015,A/Hong Kong/5738/2014,<40
A/Serbia/NS-949/2015,A/Hong Kong/5738/2014,<40
A/Castilla La Mancha/527/2015,A/Hong Kong/5738/2014,<40
A/Milano/119/2015,A/Hong Kong/5738/2014,<40
A/Milano/144/2015,A/Hong Kong/5738/2014,<40
A/Roma/7/2015,A/Hong Kong/5738/2014,<40
A/Roma/14/2015,A/Hong Kong/5738/2014,<40
A/Milano/191/2015,A/Hong Kong/5738/2014,80
A/Sassari/9/2015,A/Hong Kong/5738/2014,80
A/Perugia/45/2015,A/Hong Kong/5738/2014,40
A/Perugia/46/2015,A/Hong Kong/5738/2014,80
A/Leon/201/2015,A/Hong Kong/5738/2014,40
A/Soria/198/2015,A/Hong Kong/5738/2014,<40
A/Valladolid/205/2015,A/Hong Kong/5738/2014,<40
A/Milano/210/2015,A/Hong Kong/5738/2014,<40
A/Burgos/207/2015,A/Hong Kong/5738/2014,40
A/Perugia/52/2015,A/Hong Kong/5738/2014,80
A/Serbia/NS-1107/2015,A/Hong Kong/5738/2014,<40
A/Serbia/NS-1256/2015,A/Hong Kong/5738/2014,<40
A/Perth/16/2009,A/Perth/16/2009,640
A/Victoria/361/2011,A/Perth/16/2009,80
A/Texas/50/2012,A/Perth/16/2009,320
A/Samara/73/2013,A/Perth/16/2009,160
A/Hong Kong/146/2013,A/Perth/16/2009,320
A/Stockholm/6/2014,A/Perth/16/2009,<40
A/Stockholm/6/2014,A/Perth/16/2009,80
A/Switzerland/9715293/2013,A/Perth/16/2009,<40
A/Switzerland/9715293/2013,A/Perth/16/2009,40
A/Hong Kong/5738/2014,A/Perth/16/2009,40
A/Hong Kong/5738/2014,A/Perth/16/2009,40
A/Iasi/176654/2015,A/Perth/16/2009,<40
A/Iasi/177049/2015,A/Perth/16/2009,<40
A/Iasi/177050/2015,A/Perth/16/2009,<40
A/Finland/494/2015,A/Perth/16/2009,40
A/Timis/177582/2015,A/Perth/16/2009,40
A/Ukraine/6456/2015,A/Perth/16/2009,<40
A/Ukraine/165/2015,A/Perth/16/2009,80
A/Bucuresti/179471/2015,A/Perth/16/2009,80
A/Khmelnitsky/466/2015,A/Perth/16/2009,<40
A/Khmelnitsky/467/2015,A/Perth/16/2009,40
A/Ukraine/6784/2015,A/Perth/16/2009,<40
A/Ukraine/6808/2015,A/Perth/16/2009,<40
A/Ukraine/6809/2015,A/Perth/16/2009,<40
A/Finland/525/2015,A/Perth/16/2009,40
A/Perth/16/2009,A/Victoria/361/2011,80
A/Victoria/361/2011,A/Victoria/361/2011,160
A/Texas/50/2012,A/Victoria/361/2011,640
A/Samara/73/2013,A/Victoria/361/2011,320
A/Hong Kong/146/2013,A/Victoria/361/2011,320
A/Stockholm/6/2014,A/Victoria/361/2011,40
A/Stockholm/6/2014,A/Victoria/361/2011,320
A/Switzerland/9715293/2013,A/Victoria/361/2011,40
A/Switzerland/9715293/2013,A/Victoria/361/2011,160
A/Hong Kong/5738/2014,A/Victoria/361/2011,40
A/Hong Kong/5738/2014,A/Victoria/361/2011,40
A/Iasi/176654/2015,A/Victoria/361/2011,<40
A/Iasi/177049/2015,A/Victoria/361/2011,<40
A/Iasi/177050/2015,A/Victoria/361/2011,<40
A/Finland/494/2015,A/Victoria/361/2011,40
A/Timis/177582/2015,A/Victoria/361/2011,80
A/Ukraine/6456/2015,A/Victoria/361/2011,40
A/Ukraine/165/2015,A/Victoria/361/2011,80
A/Bucuresti/179471/2015,A/Victoria/361/2011,80
A/Khmelnitsky/466/2015,A/Victoria/361/2011,<40
A/Khmelnitsky/467/2015,A/Victoria/361/2011,40
A/Ukraine/6784/2015,A/Victoria/361/2011,<40
A/Ukraine/6808/2015,A/Victoria/361/2011,160
A/Ukraine/6809/2015,A/Victoria/361/2011,40
A/Finland/525/2015,A/Victoria/361/2011,80
A/Perth/16/2009,A/Texas/50/2012,320
A/Victoria/361/2011,A/Texas/50/2012,640
A/Texas/50/2012,A/Texas/50/2012,2560
A/Samara/73/2013,A/Texas/50/2012,640
A/Hong Kong/146/2013,A/Texas/50/2012,1280
A/Stockholm/6/2014,A/Texas/50/2012,80
A/Stockholm/6/2014,A/Texas/50/2012,320
A/Switzerland/9715293/2013,A/Texas/50/2012,80
A/Switzerland/9715293/2013,A/Texas/50/2012,320
A/Hong Kong/5738/2014,A/Texas/50/2012,160
A/Hong Kong/5738/2014,A/Texas/50/2012,160
A/Iasi/176654/2015,A/Texas/50/2012,<40
A/Iasi/177049/2015,A/Texas/50/2012,<40
A/Iasi/177050/2015,A/Texas/50/2012,<40
A/Finland/494/2015,A/Texas/50/2012,160
A/Timis/177582/2015,A/Texas/50/2012,160
A/Ukraine/6456/2015,A/Texas/50/2012,40
A/Ukraine/165/2015,A/Texas/50/2012,320
A/Bucuresti/179471/2015,A/Texas/50/2012,160
A/Khmelnitsky/466/2015,A/Texas/50/2012,40
A/Khmelnitsky/467/2015,A/Texas/50/2012,80
A/Ukraine/6784/2015,A/Texas/50/2012,<40
A/Ukraine/6808/2015,A/Texas/50/2012,320
A/Ukraine/6809/2015,A/Texas/50/2012,80
A/Finland/525/2015,A/Texas/50/2012,160
A/Perth/16/2009,A/Samara/73/2013,80
A/Victoria/361/2011,A/Samara/73/2013,320
A/Texas/50/2012,A/Samara/73/2013,640
A/Samara/73/2013,A/Samara/73/2013,640
A/Hong Kong/146/2013,A/Samara/73/2013,640
A/Stockholm/6/2014,A/Samara/73/2013,160
A/Stockholm/6/2014,A/Samara/73/2013,80
A/Switzerland/9715293/2013,A/Samara/73/2013,160
A/Switzerland/9715293/2013,A/Samara/73/2013,160
A/Hong Kong/5738/2014,A/Samara/73/2013,160
A/Hong Kong/5738/2014,A/Samara/73/2013,160
A/Iasi/176654/2015,A/Samara/73/2013,<40
A/Iasi/177049/2015,A/Samara/73/2013,<40
A/Iasi/177050/2015,A/Samara/73/2013,<40
A/Finland/494/2015,A/Samara/73/2013,80
A/Timis/177582/2015,A/Samara/73/2013,80
A/Ukraine/6456/2015,A/Samara/73/2013,40
A/Ukraine/165/2015,A/Samara/73/2013,160
A/Bucuresti/179471/2015,A/Samara/73/2013,160
A/Khmelnitsky/466/2015,A/Samara/73/2013,40
A/Khmelnitsky/467/2015,A/Samara/73/2013,80
A/Ukraine/6784/2015,A/Samara/73/2013,<40
A/Ukraine/6808/2015,A/Samara/73/2013,320
A/Ukraine/6809/2015,A/Samara/73/2013,40
A/Finland/525/2015,A/Samara/73/2013,80
A/Perth/16/2009,A/Hong Kong/146/2013,80
A/Victoria/361/2011,A/Hong Kong/146/2013,160
A/Texas/50/2012,A/Hong Kong/146/2013,320
A/Samara/73/2013,A/Hong Kong/146/2013,320
A/Hong Kong/146/2013,A/Hong Kong/146/2013,1280
A/Stockholm/6/2014,A/Hong Kong/146/2013,80
A/Stockholm/6/2014,A/Hong Kong/146/2013,80
A/Switzerland/9715293/2013,A/Hong Kong/146/2013,40
A/Switzerland/9715293/2013,A/Hong Kong/146/2013,80
A/Hong Kong/5738/2014,A/Hong Kong/146/2013,80
A/Hong Kong/5738/2014,A/Hong Kong/146/2013,40
A/Iasi/176654/2015,A/Hong Kong/146/2013,<40
A/Iasi/177049/2015,A/Hong Kong/146/2013,<40
A/Iasi/177050/2015,A/Hong Kong/146/2013,<40
A/Finland/494/2015,A/Hong Kong/146/2013,40
A/Timis/177582/2015,A/Hong Kong/146/2013,80
A/Ukraine/6456/2015,A/Hong Kong/146/2013,40
A/Ukraine/165/2015,A/Hong Kong/146/2013,80
A/Bucuresti/179471/2015,A/Hong Kong/146/2013,80
A/Khmelnitsky/466/2015,A/Hong Kong/146/2013,<40
A/Khmelnitsky/467/2015,A/Hong Kong/146/2013,40
A/Ukraine/6784/2015,A/Hong Kong/146/2013,<40
A/Ukraine/6808/2015,A/Hong Kong/146/2013,160
A/Ukraine/6809/2015,A/Hong Kong/146/2013,40
A/Finland/525/2015,A/Hong Kong/146/2013,80
A/Perth/16/2009,A/Stockholm/6/2014,40
A/Victoria/361/2011,A/Stockholm/6/2014,320
A/Texas/50/2012,A/Stockholm/6/2014,160
A/Samara/73/2013,A/Stockholm/6/2014,320
A/Hong Kong/146/2013,A/Stockholm/6/2014,80
A/Stockholm/6/2014,A/Stockholm/6/2014,320
A/Stockholm/6/2014,A/Stockholm/6/2014,160
A/Switzerland/9715293/2013,A/Stockholm/6/2014,320
A/Switzerland/9715293/2013,A/Stockholm/6/2014,160
A/Hong Kong/5738/2014,A/Stockholm/6/2014,320
A/Hong Kong/5738/2014,A/Stockholm/6/2014,160
A/Iasi/176654/2015,A/Stockholm/6/2014,80
A/Iasi/177049/2015,A/Stockholm/6/2014,80
A/Iasi/177050/2015,A/Stockholm/6/2014,80
A/Finland/494/2015,A/Stockholm/6/2014,160
A/Timis/177582/2015,A/Stockholm/6/2014,80
A/Ukraine/6456/2015,A/Stockholm/6/2014,160
A/Ukraine/165/2015,A/Stockholm/6/2014,320
A/Bucuresti/179471/2015,A/Stockholm/6/2014,160
A/Khmelnitsky/466/2015,A/Stockholm/6/2014,40
A/Khmelnitsky/467/2015,A/Stockholm/6/2014,80
A/Ukraine/6784/2015,A/Stockholm/6/2014,40
A/Ukraine/6808/2015,A/Stockholm/6/2014,320
A/Ukraine/6809/2015,A/Stockholm/6/2014,160
A/Finland/525/2015,A/Stockholm/6/2014,160
A/Perth/16/2009,A/Stockholm/6/2014,80
A/Victoria/361/2011,A/Stockholm/6/2014,160
A/Texas/50/2012,A/Stockholm/6/2014,640
A/Samara/73/2013,A/Stockholm/6/2014,320
A/Hong Kong/146/2013,A/Stockholm/6/2014,640
A/Stockholm/6/2014,A/Stockholm/6/2014,160
A/Stockholm/6/2014,A/Stockholm/6/2014,320
A/Switzerland/9715293/2013,A/Stockholm/6/2014,160
A/Switzerland/9715293/2013,A/Stockholm/6/2014,320
A/Hong Kong/5738/2014,A/Stockholm/6/2014,80
A/Hong Kong/5738/2014,A/Stockholm/6/2014,80
A/Iasi/176654/2015,A/Stockholm/6/2014,40
A/Iasi/177049/2015,A/Stockholm/6/2014,40
A/Iasi/177050/2015,A/Stockholm/6/2014,40
A/Finland/494/2015,A/Stockholm/6/2014,40
A/Timis/177582/2015,A/Stockholm/6/2014,40
A/Ukraine/6456/2015,A/Stockholm/6/2014,40
A/Ukraine/165/2015,A/Stockholm/6/2014,80
A/Bucuresti/179471/2015,A/Stockholm/6/2014,80
A/Khmelnitsky/466/2015,A/Stockholm/6/2014,<40
A/Khmelnitsky/467/2015,A/Stockholm/6/2014,40
A/Ukraine/6784/2015,A/Stockholm/6/2014,<40
A/Ukraine/6808/2015,A/Stockholm/6/2014,160
A/Ukraine/6809/2015,A/Stockholm/6/2014,40
A/Finland/525/2015,A/Stockholm/6/2014,40
A/Perth/16/2009,A/Switzerland/9715293/2013,<40
A/Victoria/361/2011,A/Switzerland/9715293/2013,40
A/Texas/50/2012,A/Switzerland/9715293/2013,40
A/Samara/73/2013,A/Switzerland/9715293/2013,80
A/Hong Kong/146/2013,A/Switzerland/9715293/2013,40
A/Stockholm/6/2014,A/Switzerland/9715293/2013,80
A/Stockholm/6/2014,A/Switzerland/9715293/2013,80
A/Switzerland/9715293/2013,A/Switzerland/9715293/2013,80
A/Switzerland/9715293/2013,A/Switzerland/9715293/2013,80
A/Hong Kong/5738/2014,A/Switzerland/9715293/2013,40
A/Hong Kong/5738/2014,A/Switzerland/9715293/2013,40
A/Iasi/176654/2015,A/Switzerland/9715293/2013,40
A/Iasi/177049/2015,A/Switzerland/9715293/2013,40
A/Iasi/177050/2015,A/Switzerland/9715293/2013,40
A/Finland/494/2015,A/Switzerland/9715293/2013,<40
A/Timis/177582/2015,A/Switzerland/9715293/2013,<40
A/Ukraine/6456/2015,A/Switzerland/9715293/2013,<40
A/Ukraine/165/2015,A/Switzerland/9715293/2013,<40
A/Bucuresti/179471/2015,A/Switzerland/9715293/2013,<40
A/Khmelnitsky/466/2015,A/Switzerland/9715293/2013,<40
A/Khmelnitsky/467/2015,A/Switzerland/9715293/2013,<40
A/Ukraine/6784/2015,A/Switzerland/9715293/2013,<40
A/Ukraine/6808/2015,A/Switzerland/9715293/2013,40
A/Ukraine/6809/2015,A/Switzerland/9715293/2013,<40
A/Finland/525/2015,A/Switzerland/9715293/2013,<40
A/Perth/16/2009,A/Switzerland/9715293/2013,40
A/Victoria/361/2011,A/Switzerland/9715293/2013,80
A/Texas/50/2012,A/Switzerland/9715293/2013,320
A/Samara/73/2013,A/Switzerland/9715293/2013,320
A/Hong Kong/146/2013,A/Switzerland/9715293/2013,640
A/Stockholm/6/2014,A/Switzerland/9715293/2013,80
A/Stockholm/6/2014,A/Switzerland/9715293/2013,640
A/Switzerland/9715293/2013,A/Switzerland/9715293/2013,80
A/Switzerland/9715293/2013,A/Switzerland/9715293/2013,640
A/Hong Kong/5738/2014,A/Switzerland/9715293/2013,80
A/Hong Kong/5738/2014,A/Switzerland/9715293/2013,40
A/Iasi/176654/2015,A/Switzerland/9715293/2013,40
A/Iasi/177049/2015,A/Switzerland/9715293/2013,40
A/Iasi/177050/2015,A/Switzerland/9715293/2013,40
A/Finland/494/2015,A/Switzerland/9715293/2013,<40
A/Timis/177582/2015,A/Switzerland/9715293/2013,40
A/Ukraine/6456/2015,A/Switzerland/9715293/2013,<40
A/Ukraine/165/2015,A/Switzerland/9715293/2013,40
A/Bucuresti/179471/2015,A/Switzerland/9715293/2013,40
A/Khmelnitsky/466/2015,A/Switzerland/9715293/2013,<40
A/Khmelnitsky/467/2015,A/Switzerland/9715293/2013,<40
A/Ukraine/6784/2015,A/Switzerland/9715293/2013,<40
A/Ukraine/6808/2015,A/Switzerland/9715293/2013,40
A/Ukraine/6809/2015,A/Switzerland/9715293/2013,<40
A/Finland/525/2015,A/Switzerland/9715293/2013,<40
A/Perth/16/2009,A/Hong Kong/5738/2014,<40
A/Victoria/361/2011,A/Hong Kong/5738/2014,80
A/Texas/50/2012,A/Hong Kong/5738/2014,160
A/Samara/73/2013,A/Hong Kong/5738/2014,320
A/Hong Kong/146/2013,A/Hong Kong/5738/2014,320
A/Stockholm/6/2014,A/Hong Kong/5738/2014,80
A/Stockholm/6/2014,A/Hong Kong/5738/2014,160
A/Switzerland/9715293/2013,A/Hong Kong/5738/2014,160
A/Switzerland/9715293/2013,A/Hong Kong/5738/2014,320
A/Hong Kong/5738/2014,A/Hong Kong/5738/2014,160
A/Hong Kong/5738/2014,A/Hong Kong/5738/2014,320
A/Iasi/176654/2015,A/Hong Kong/5738/2014,40
A/Iasi/177049/2015,A/Hong Kong/5738/2014,40
A/Iasi/177050/2015,A/Hong Kong/5738/2014,<40
A/Finland/494/2015,A/Hong Kong/5738/2014,40
A/Timis/177582/2015,A/Hong Kong/5738/2014,<40
A/Ukraine/6456/2015,A/Hong Kong/5738/2014,80
A/Ukraine/165/2015,A/Hong Kong/5738/2014,80
A/Bucuresti/179471/2015,A/Hong Kong/5738/2014,40
A/Khmelnitsky/466/2015,A/Hong Kong/5738/2014,80
A/Khmelnitsky/467/2015,A/Hong Kong/5738/2014,40
A/Ukraine/6784/2015,A/Hong Kong/5738/2014,80
A/Ukraine/6808/2015,A/Hong Kong/5738/2014,80
A/Ukraine/6809/2015,A/Hong Kong/5738/2014,80
A/Finland/525/2015,A/Hong Kong/5738/2014,40
A/Perth/16/2009,A/Hong Kong/5738/2014,<40
A/Victoria/361/2011,A/Hong Kong/5738/2014,40
A/Texas/50/2012,A/Hong Kong/5738/2014,80
A/Samara/73/2013,A/Hong Kong/5738/2014,40
A/Hong Kong/146/2013,A/Hong Kong/5738/2014,40
A/Stockholm/6/2014,A/Hong Kong/5738/2014,40
A/Stockholm/6/2014,A/Hong Kong/5738/2014,40
A/Switzerland/9715293/2013,A/Hong Kong/5738/2014,40
A/Switzerland/9715293/2013,A/Hong Kong/5738/2014,40
A/Hong Kong/5738/2014,A/Hong Kong/5738/2014,40
A/Hong Kong/5738/2014,A/Hong Kong/5738/2014,640
A/Iasi/176654/2015,A/Hong Kong/5738/2014,<40
A/Iasi/177049/2015,A/Hong Kong/5738/2014,<40
A/Iasi/177050/2015,A/Hong Kong/5738/2014,<40
A/Finland/494/2015,A/Hong Kong/5738/2014,<40
A/Timis/177582/2015,A/Hong Kong/5738/2014,<40
A/Ukraine/6456/2015,A/Hong Kong/5738/2014,<40
A/Ukraine/165/2015,A/Hong Kong/5738/2014,<40
A/Bucuresti/179471/2015,A/Hong Kong/5738/2014,<40
A/Khmelnitsky/466/2015,A/Hong Kong/5738/2014,<40
A/Khmelnitsky/467/2015,A/Hong Kong/5738/2014,<40
A/Ukraine/6784/2015,A/Hong Kong/5738/2014,<40
A/Ukraine/6808/2015,A/Hong Kong/5738/2014,<40
A/Ukraine/6809/2015,A/Hong Kong/5738/2014,<40
A/Finland/525/2015,A/Hong Kong/5738/2014,<40
A/Perth/16/2009,A/Perth/16/2009,640
A/Victoria/361/2011,A/Perth/16/2009,160
A/Texas/50/2012,A/Perth/16/2009,640
A/Samara/73/2013,A/Perth/16/2009,320
A/Hong Kong/146/2013,A/Perth/16/2009,320
A/Stockholm/6/2014,A/Perth/16/2009,<40
A/Stockholm/6/2014,A/Perth/16/2009,80
A/Switzerland/9715293/2013,A/Perth/16/2009,<40
A/Switzerland/9715293/2013,A/Perth/16/2009,40
A/Hong Kong/5738/2014,A/Perth/16/2009,<40
A/Hong Kong/5738/2014,A/Perth/16/2009,40
A/Norway/3172/2014,A/Perth/16/2009,<40
A/Norway/353/2015,A/Perth/16/2009,40
A/Manjakaray/13/2015,A/Perth/16/2009,<40
A/Moramanga/50/2015,A/Perth/16/2009,<40
A/Norway/217/2015,A/Perth/16/2009,40
A/Maevatanana/172/2015,A/Perth/16/2009,<40
A/Toamasina/180/2015,A/Perth/16/2009,<40
A/Nosy Be/284/2015,A/Perth/16/2009,<40
A/Norway/923/2015,A/Perth/16/2009,40
A/Tsiroanomandidy/278/2015,A/Perth/16/2009,<40
A/Manjakaray/215/15,A/Perth/16/2009,<40
A/Antsirabe/289/2015,A/Perth/16/2009,<40
A/Finland/506/2015,A/Perth/16/2009,80
A/Tsiroanomandidy/362/2015,A/Perth/16/2009,<40
A/Behoririka/355/2015,A/Perth/16/2009,<40
A/Manjakaray/612/2015,A/Perth/16/2009,<40
A/Norway/1151/2015,A/Perth/16/2009,<40
A/Norway/1656/2015,A/Perth/16/2009,80
A/Tsiroanomandidy/1384/2015,A/Perth/16/2009,<40
A/Perth/16/2009,A/Victoria/361/2011,160
A/Victoria/361/2011,A/Victoria/361/2011,320
A/Texas/50/2012,A/Victoria/361/2011,1280
A/Samara/73/2013,A/Victoria/361/2011,320
A/Hong Kong/146/2013,A/Victoria/361/2011,640
A/Stockholm/6/2014,A/Victoria/361/2011,40
A/Stockholm/6/2014,A/Victoria/361/2011,160
A/Switzerland/9715293/2013,A/Victoria/361/2011,<40
A/Switzerland/9715293/2013,A/Victoria/361/2011,160
A/Hong Kong/5738/2014,A/Victoria/361/2011,40
A/Hong Kong/5738/2014,A/Victoria/361/2011,40
A/Norway/3172/2014,A/Victoria/361/2011,40
A/Norway/353/2015,A/Victoria/361/2011,80
A/Manjakaray/13/2015,A/Victoria/361/2011,40
A/Moramanga/50/2015,A/Victoria/361/2011,<40
A/Norway/217/2015,A/Victoria/361/2011,80
A/Maevatanana/172/2015,A/Victoria/361/2011,<40
A/Toamasina/180/2015,A/Victoria/361/2011,40
A/Nosy Be/284/2015,A/Victoria/361/2011,40
A/Norway/923/2015,A/Victoria/361/2011,80
A/Tsiroanomandidy/278/2015,A/Victoria/361/2011,40
A/Manjakaray/215/15,A/Victoria/361/2011,40
A/Antsirabe/289/2015,A/Victoria/361/2011,40
A/Finland/506/2015,A/Victoria/361/2011,80
A/Tsiroanomandidy/362/2015,A/Victoria/361/2011,40
A/Behoririka/355/2015,A/Victoria/361/2011,40
A/Manjakaray/612/2015,A/Victoria/361/2011,40
A/Norway/1151/2015,A/Victoria/361/2011,40
A/Norway/1656/2015,A/Victoria/361/2011,80
A/Tsiroanomandidy/1384/2015,A/Victoria/361/2011,40
A/Perth/16/2009,A/Texas/50/2012,320
A/Victoria/361/2011,A/Texas/50/2012,640
A/Texas/50/2012,A/Texas/50/2012,2560
A/Samara/73/2013,A/Texas/50/2012,1280
A/Hong Kong/146/2013,A/Texas/50/2012,2560
A/Stockholm/6/2014,A/Texas/50/2012,80
A/Stockholm/6/2014,A/Texas/50/2012,320
A/Switzerland/9715293/2013,A/Texas/50/2012,40
A/Switzerland/9715293/2013,A/Texas/50/2012,320
A/Hong Kong/5738/2014,A/Texas/50/2012,80
A/Hong Kong/5738/2014,A/Texas/50/2012,320
A/Norway/3172/2014,A/Texas/50/2012,160
A/Norway/353/2015,A/Texas/50/2012,320
A/Manjakaray/13/2015,A/Texas/50/2012,80
A/Moramanga/50/2015,A/Texas/50/2012,80
A/Norway/217/2015,A/Texas/50/2012,320
A/Maevatanana/172/2015,A/Texas/50/2012,80
A/Toamasina/180/2015,A/Texas/50/2012,80
A/Nosy Be/284/2015,A/Texas/50/2012,80
A/Norway/923/2015,A/Texas/50/2012,160
A/Tsiroanomandidy/278/2015,A/Texas/50/2012,80
A/Manjakaray/215/15,A/Texas/50/2012,80
A/Antsirabe/289/2015,A/Texas/50/2012,80
A/Finland/506/2015,A/Texas/50/2012,160
A/Tsiroanomandidy/362/2015,A/Texas/50/2012,80
A/Behoririka/355/2015,A/Texas/50/2012,40
A/Manjakaray/612/2015,A/Texas/50/2012,80
A/Norway/1151/2015,A/Texas/50/2012,160
A/Norway/1656/2015,A/Texas/50/2012,160
A/Tsiroanomandidy/1384/2015,A/Texas/50/2012,80
A/Perth/16/2009,A/Samara/73/2013,80
A/Victoria/361/2011,A/Samara/73/2013,640
A/Texas/50/2012,A/Samara/73/2013,640
A/Samara/73/2013,A/Samara/73/2013,1280
A/Hong Kong/146/2013,A/Samara/73/2013,640
A/Stockholm/6/2014,A/Samara/73/2013,160
A/Stockholm/6/2014,A/Samara/73/2013,80
A/Switzerland/9715293/2013,A/Samara/73/2013,80
A/Switzerland/9715293/2013,A/Samara/73/2013,160
A/Hong Kong/5738/2014,A/Samara/73/2013,160
A/Hong Kong/5738/2014,A/Samara/73/2013,160
A/Norway/3172/2014,A/Samara/73/2013,80
A/Norway/353/2015,A/Samara/73/2013,160
A/Manjakaray/13/2015,A/Samara/73/2013,160
A/Moramanga/50/2015,A/Samara/73/2013,80
A/Norway/217/2015,A/Samara/73/2013,160
A/Maevatanana/172/2015,A/Samara/73/2013,80
A/Toamasina/180/2015,A/Samara/73/2013,160
A/Nosy Be/284/2015,A/Samara/73/2013,80
A/Norway/923/2015,A/Samara/73/2013,160
A/Tsiroanomandidy/278/2015,A/Samara/73/2013,160
A/Manjakaray/215/15,A/Samara/73/2013,160
A/Antsirabe/289/2015,A/Samara/73/2013,80
A/Finland/506/2015,A/Samara/73/2013,160
A/Tsiroanomandidy/362/2015,A/Samara/73/2013,80
A/Behoririka/355/2015,A/Samara/73/2013,80
A/Manjakaray/612/2015,A/Samara/73/2013,80
A/Norway/1151/2015,A/Samara/73/2013,80
A/Norway/1656/2015,A/Samara/73/2013,160
A/Tsiroanomandidy/1384/2015,A/Samara/73/2013,80
A/Perth/16/2009,A/Hong Kong/146/2013,160
A/Victoria/361/2011,A/Hong Kong/146/2013,320
A/Texas/50/2012,A/Hong Kong/146/2013,640
A/Samara/73/2013,A/Hong Kong/146/2013,640
A/Hong Kong/146/2013,A/Hong Kong/146/2013,1280
A/Stockholm/6/2014,A/Hong Kong/146/2013,80
A/Stockholm/6/2014,A/Hong Kong/146/2013,80
A/Switzerland/9715293/2013,A/Hong Kong/146/2013,40
A/Switzerland/9715293/2013,A/Hong Kong/146/2013,80
A/Hong Kong/5738/2014,A/Hong Kong/146/2013,80
A/Hong Kong/5738/2014,A/Hong Kong/146/2013,40
A/Norway/3172/2014,A/Hong Kong/146/2013,80
A/Norway/353/2015,A/Hong Kong/146/2013,160
A/Manjakaray/13/2015,A/Hong Kong/146/2013,40
A/Moramanga/50/2015,A/Hong Kong/146/2013,40
A/Norway/217/2015,A/Hong Kong/146/2013,80
A/Maevatanana/172/2015,A/Hong Kong/146/2013,40
A/Toamasina/180/2015,A/Hong Kong/146/2013,80
A/Nosy Be/284/2015,A/Hong Kong/146/2013,80
A/Norway/923/2015,A/Hong Kong/146/2013,80
A/Tsiroanomandidy/278/2015,A/Hong Kong/146/2013,80
A/Manjakaray/215/15,A/Hong Kong/146/2013,40
A/Antsirabe/289/2015,A/Hong Kong/146/2013,40
A/Finland/506/2015,A/Hong Kong/146/2013,80
A/Tsiroanomandidy/362/2015,A/Hong Kong/146/2013,40
A/Behoririka/355/2015,A/Hong Kong/146/2013,40
A/Manjakaray/612/2015,A/Hong Kong/146/2013,40
A/Norway/1151/2015,A/Hong Kong/146/2013,40
A/Norway/1656/2015,A/Hong Kong/146/2013,80
A/Tsiroanomandidy/1384/2015,A/Hong Kong/146/2013,80
A/Perth/16/2009,A/Stockholm/6/2014,40
A/Victoria/361/2011,A/Stockholm/6/2014,640
A/Texas/50/2012,A/Stockholm/6/2014,320
A/Samara/73/2013,A/Stockholm/6/2014,640
A/Hong Kong/146/2013,A/Stockholm/6/2014,80
A/Stockholm/6/2014,A/Stockholm/6/2014,320
A/Stockholm/6/2014,A/Stockholm/6/2014,160
A/Switzerland/9715293/2013,A/Stockholm/6/2014,320
A/Switzerland/9715293/2013,A/Stockholm/6/2014,320
A/Hong Kong/5738/2014,A/Stockholm/6/2014,320
A/Hong Kong/5738/2014,A/Stockholm/6/2014,160
A/Norway/3172/2014,A/Stockholm/6/2014,160
A/Norway/353/2015,A/Stockholm/6/2014,160
A/Manjakaray/13/2015,A/Stockholm/6/2014,320
A/Moramanga/50/2015,A/Stockholm/6/2014,320
A/Norway/217/2015,A/Stockholm/6/2014,160
A/Maevatanana/172/2015,A/Stockholm/6/2014,320
A/Toamasina/180/2015,A/Stockholm/6/2014,640
A/Nosy Be/284/2015,A/Stockholm/6/2014,320
A/Norway/923/2015,A/Stockholm/6/2014,160
A/Tsiroanomandidy/278/2015,A/Stockholm/6/2014,640
A/Manjakaray/215/15,A/Stockholm/6/2014,640
A/Antsirabe/289/2015,A/Stockholm/6/2014,320
A/Finland/506/2015,A/Stockholm/6/2014,160
A/Tsiroanomandidy/362/2015,A/Stockholm/6/2014,320
A/Behoririka/355/2015,A/Stockholm/6/2014,320
A/Manjakaray/612/2015,A/Stockholm/6/2014,320
A/Norway/1151/2015,A/Stockholm/6/2014,80
A/Norway/1656/2015,A/Stockholm/6/2014,160
A/Tsiroanomandidy/1384/2015,A/Stockholm/6/2014,320
A/Perth/16/2009,A/Stockholm/6/2014,160
A/Victoria/361/2011,A/Stockholm/6/2014,160
A/Texas/50/2012,A/Stockholm/6/2014,640
A/Samara/73/2013,A/Stockholm/6/2014,320
A/Hong Kong/146/2013,A/Stockholm/6/2014,640
A/Stockholm/6/2014,A/Stockholm/6/2014,80
A/Stockholm/6/2014,A/Stockholm/6/2014,320
A/Switzerland/9715293/2013,A/Stockholm/6/2014,80
A/Switzerland/9715293/2013,A/Stockholm/6/2014,320
A/Hong Kong/5738/2014,A/Stockholm/6/2014,80
A/Hong Kong/5738/2014,A/Stockholm/6/2014,80
A/Norway/3172/2014,A/Stockholm/6/2014,80
A/Norway/353/2015,A/Stockholm/6/2014,80
A/Manjakaray/13/2015,A/Stockholm/6/2014,80
A/Moramanga/50/2015,A/Stockholm/6/2014,80
A/Norway/217/2015,A/Stockholm/6/2014,80
A/Maevatanana/172/2015,A/Stockholm/6/2014,80
A/Toamasina/180/2015,A/Stockholm/6/2014,160
A/Nosy Be/284/2015,A/Stockholm/6/2014,80
A/Norway/923/2015,A/Stockholm/6/2014,80
A/Tsiroanomandidy/278/2015,A/Stockholm/6/2014,160
A/Manjakaray/215/15,A/Stockholm/6/2014,160
A/Antsirabe/289/2015,A/Stockholm/6/2014,160
A/Finland/506/2015,A/Stockholm/6/2014,80
A/Tsiroanomandidy/362/2015,A/Stockholm/6/2014,160
A/Behoririka/355/2015,A/Stockholm/6/2014,80
A/Manjakaray/612/2015,A/Stockholm/6/2014,80
A/Norway/1151/2015,A/Stockholm/6/2014,40
A/Norway/1656/2015,A/Stockholm/6/2014,80
A/Tsiroanomandidy/1384/2015,A/Stockholm/6/2014,80
A/Perth/16/2009,A/Switzerland/9715293/2013,<40
A/Victoria/361/2011,A/Switzerland/9715293/2013,80
A/Texas/50/2012,A/Switzerland/9715293/2013,80
A/Samara/73/2013,A/Switzerland/9715293/2013,80
A/Hong Kong/146/2013,A/Switzerland/9715293/2013,40
A/Stockholm/6/2014,A/Switzerland/9715293/2013,80
A/Stockholm/6/2014,A/Switzerland/9715293/2013,80
A/Switzerland/9715293/2013,A/Switzerland/9715293/2013,80
A/Switzerland/9715293/2013,A/Switzerland/9715293/2013,80
A/Hong Kong/5738/2014,A/Switzerland/9715293/2013,40
A/Hong Kong/5738/2014,A/Switzerland/9715293/2013,40
A/Norway/3172/2014,A/Switzerland/9715293/2013,<40
A/Norway/353/2015,A/Switzerland/9715293/2013,<40
A/Manjakaray/13/2015,A/Switzerland/9715293/2013,40
A/Moramanga/50/2015,A/Switzerland/9715293/2013,40
A/Norway/217/2015,A/Switzerland/9715293/2013,<40
A/Maevatanana/172/2015,A/Switzerland/9715293/2013,40
A/Toamasina/180/2015,A/Switzerland/9715293/2013,80
A/Nosy Be/284/2015,A/Switzerland/9715293/2013,40
A/Norway/923/2015,A/Switzerland/9715293/2013,<40
A/Tsiroanomandidy/278/2015,A/Switzerland/9715293/2013,80
A/Manjakaray/215/15,A/Switzerland/9715293/2013,80
A/Antsirabe/289/2015,A/Switzerland/9715293/2013,40
A/Finland/506/2015,A/Switzerland/9715293/2013,<40
A/Tsiroanomandidy/362/2015,A/Switzerland/9715293/2013,40
A/Behoririka/355/2015,A/Switzerland/9715293/2013,40
A/Manjakaray/612/2015,A/Switzerland/9715293/2013,40
A/Norway/1151/2015,A/Switzerland/9715293/2013,<40
A/Norway/1656/2015,A/Switzerland/9715293/2013,<40
A/Tsiroanomandidy/1384/2015,A/Switzerland/9715293/2013,80
A/Perth/16/2009,A/Switzerland/9715293/2013,40
A/Victoria/361/2011,A/Switzerland/9715293/2013,80
A/Texas/50/2012,A/Switzerland/9715293/2013,320
A/Samara/73/2013,A/Switzerland/9715293/2013,320
A/Hong Kong/146/2013,A/Switzerland/9715293/2013,640
A/Stockholm/6/2014,A/Switzerland/9715293/2013,40
A/Stockholm/6/2014,A/Switzerland/9715293/2013,640
A/Switzerland/9715293/2013,A/Switzerland/9715293/2013,40
A/Switzerland/9715293/2013,A/Switzerland/9715293/2013,640
A/Hong Kong/5738/2014,A/Switzerland/9715293/2013,40
A/Hong Kong/5738/2014,A/Switzerland/9715293/2013,40
A/Norway/3172/2014,A/Switzerland/9715293/2013,40
A/Norway/353/2015,A/Switzerland/9715293/2013,40
A/Manjakaray/13/2015,A/Switzerland/9715293/2013,40
A/Moramanga/50/2015,A/Switzerland/9715293/2013,40
A/Norway/217/2015,A/Switzerland/9715293/2013,<40
A/Maevatanana/172/2015,A/Switzerland/9715293/2013,<40
A/Toamasina/180/2015,A/Switzerland/9715293/2013,40
A/Nosy Be/284/2015,A/Switzerland/9715293/2013,40
A/Norway/923/2015,A/Switzerland/9715293/2013,<40
A/Tsiroanomandidy/278/2015,A/Switzerland/9715293/2013,40
A/Manjakaray/215/15,A/Switzerland/9715293/2013,40
A/Antsirabe/289/2015,A/Switzerland/9715293/2013,40
A/Finland/506/2015,A/Switzerland/9715293/2013,40
A/Tsiroanomandidy/362/2015,A/Switzerland/9715293/2013,40
A/Behoririka/355/2015,A/Switzerland/9715293/2013,<40
A/Manjakaray/612/2015,A/Switzerland/9715293/2013,40
A/Norway/1151/2015,A/Switzerland/9715293/2013,<40
A/Norway/1656/2015,A/Switzerland/9715293/2013,40
A/Tsiroanomandidy/1384/2015,A/Switzerland/9715293/2013,40
A/Perth/16/2009,A/Hong Kong/5738/2014,<40
A/Victoria/361/2011,A/Hong Kong/5738/2014,160
A/Texas/50/2012,A/Hong Kong/5738/2014,160
A/Samara/73/2013,A/Hong Kong/5738/2014,320
A/Hong Kong/146/2013,A/Hong Kong/5738/2014,320
A/Stockholm/6/2014,A/Hong Kong/5738/2014,80
A/Stockholm/6/2014,A/Hong Kong/5738/2014,160
A/Switzerland/9715293/2013,A/Hong Kong/5738/2014,80
A/Switzerland/9715293/2013,A/Hong Kong/5738/2014,320
A/Hong Kong/5738/2014,A/Hong Kong/5738/2014,160
A/Hong Kong/5738/2014,A/Hong Kong/5738/2014,320
A/Norway/3172/2014,A/Hong Kong/5738/2014,160
A/Norway/353/2015,A/Hong Kong/5738/2014,80
A/Manjakaray/13/2015,A/Hong Kong/5738/2014,80
A/Moramanga/50/2015,A/Hong Kong/5738/2014,80
A/Norway/217/2015,A/Hong Kong/5738/2014,40
A/Maevatanana/172/2015,A/Hong Kong/5738/2014,80
A/Toamasina/180/2015,A/Hong Kong/5738/2014,160
A/Nosy Be/284/2015,A/Hong Kong/5738/2014,80
A/Norway/923/2015,A/Hong Kong/5738/2014,40
A/Tsiroanomandidy/278/2015,A/Hong Kong/5738/2014,160
A/Manjakaray/215/15,A/Hong Kong/5738/2014,160
A/Antsirabe/289/2015,A/Hong Kong/5738/2014,80
A/Finland/506/2015,A/Hong Kong/5738/2014,80
A/Tsiroanomandidy/362/2015,A/Hong Kong/5738/2014,160
A/Behoririka/355/2015,A/Hong Kong/5738/2014,40
A/Manjakaray/612/2015,A/Hong Kong/5738/2014,80
A/Norway/1151/2015,A/Hong Kong/5738/2014,40
A/Norway/1656/2015,A/Hong Kong/5738/2014,80
A/Tsiroanomandidy/1384/2015,A/Hong Kong/5738/2014,80
A/Perth/16/2009,A/Hong Kong/5738/2014,<40
A/Victoria/361/2011,A/Hong Kong/5738/2014,40
A/Texas/50/2012,A/Hong Kong/5738/2014,80
A/Samara/73/2013,A/Hong Kong/5738/2014,80
A/Hong Kong/146/2013,A/Hong Kong/5738/2014,40
A/Stockholm/6/2014,A/Hong Kong/5738/2014,<40
A/Stockholm/6/2014,A/Hong Kong/5738/2014,40
A/Switzerland/9715293/2013,A/Hong Kong/5738/2014,<40
A/Switzerland/9715293/2013,A/Hong Kong/5738/2014,<40
A/Hong Kong/5738/2014,A/Hong Kong/5738/2014,<40
A/Hong Kong/5738/2014,A/Hong Kong/5738/2014,640
A/Norway/3172/2014,A/Hong Kong/5738/2014,<40
A/Norway/353/2015,A/Hong Kong/5738/2014,<40
A/Manjakaray/13/2015,A/Hong Kong/5738/2014,<40
A/Moramanga/50/2015,A/Hong Kong/5738/2014,<40
A/Norway/217/2015,A/Hong Kong/5738/2014,<40
A/Maevatanana/172/2015,A/Hong Kong/5738/2014,<40
A/Toamasina/180/2015,A/Hong Kong/5738/2014,<40
A/Nosy Be/284/2015,A/Hong Kong/5738/2014,<40
A/Norway/923/2015,A/Hong Kong/5738/2014,<40
A/Tsiroanomandidy/278/2015,A/Hong Kong/5738/2014,<40
A/Manjakaray/215/15,A/Hong Kong/5738/2014,<40
A/Antsirabe/289/2015,A/Hong Kong/5738/2014,<40
A/Finland/506/2015,A/Hong Kong/5738/2014,<40
A/Tsiroanomandidy/362/2015,A/Hong Kong/5738/2014,<40
A/Behoririka/355/2015,A/Hong Kong/5738/2014,<40
A/Manjakaray/612/2015,A/Hong Kong/5738/2014,<40
A/Norway/1151/2015,A/Hong Kong/5738/2014,<40
A/Norway/1656/2015,A/Hong Kong/5738/2014,<40
A/Tsiroanomandidy/1384/2015,A/Hong Kong/5738/2014,<40
A/Perth/16/2009,A/Perth/16/2009,640
A/Texas/50/2012,A/Perth/16/2009,320
A/Samara/73/2013,A/Perth/16/2009,160
A/Hong Kong/146/2013,A/Perth/16/2009,320
A/Stockholm/6/2014,A/Perth/16/2009,<40
A/Stockholm/6/2014,A/Perth/16/2009,80
A/Switzerland/9715293/2013,A/Perth/16/2009,<40
A/Switzerland/9715293/2013,A/Perth/16/2009,40
A/Hong Kong/5738/2014,A/Perth/16/2009,<40
A/Hong Kong/5738/2014,A/Perth/16/2009,40
A/Netherlands/525/2014,A/Perth/16/2009,80
A/Stockholm/31/2014,A/Perth/16/2009,<40
A/Stockholm/28/2014,A/Perth/16/2009,80
A/Stockholm/36/2014,A/Perth/16/2009,<40
A/Stockholm/30/2014,A/Perth/16/2009,<40
A/Stockholm/32/2014,A/Perth/16/2009,<40
A/Stockholm/38/2014,A/Perth/16/2009,<40
A/Mahajanga/122/2015,A/Perth/16/2009,<40
A/Stockholm/1/2015,A/Perth/16/2009,<40
A/Stockholm/7/2015,A/Perth/16/2009,<40
A/Stockholm/8/2015,A/Perth/16/2009,<40
A/Stockholm/12/2015,A/Perth/16/2009,<40
A/Stockholm/13/2015,A/Perth/16/2009,<40
A/Stockholm/18/2015,A/Perth/16/2009,80
A/Stockholm/20/2015,A/Perth/16/2009,80
A/Stockholm/19/2015,A/Perth/16/2009,80
A/Sweden/15/2015,A/Perth/16/2009,<40
A/Sweden/16/2015,A/Perth/16/2009,80
A/Ghana/DILI-15-0233/2015,A/Perth/16/2009,<40
A/Ghana/FS-15-0185/2015,A/Perth/16/2009,<40
A/Norway/1800/2015,A/Perth/16/2009,<40
A/Perth/16/2009,A/Texas/50/2012,320
A/Texas/50/2012,A/Texas/50/2012,2560
A/Samara/73/2013,A/Texas/50/2012,1280
A/Hong Kong/146/2013,A/Texas/50/2012,1280
A/Stockholm/6/2014,A/Texas/50/2012,80
A/Stockholm/6/2014,A/Texas/50/2012,160
A/Switzerland/9715293/2013,A/Texas/50/2012,40
A/Switzerland/9715293/2013,A/Texas/50/2012,160
A/Hong Kong/5738/2014,A/Texas/50/2012,160
A/Hong Kong/5738/2014,A/Texas/50/2012,160
A/Netherlands/525/2014,A/Texas/50/2012,320
A/Stockholm/31/2014,A/Texas/50/2012,40
A/Stockholm/28/2014,A/Texas/50/2012,320
A/Stockholm/36/2014,A/Texas/50/2012,80
A/Stockholm/30/2014,A/Texas/50/2012,80
A/Stockholm/32/2014,A/Texas/50/2012,80
A/Stockholm/38/2014,A/Texas/50/2012,80
A/Mahajanga/122/2015,A/Texas/50/2012,80
A/Stockholm/1/2015,A/Texas/50/2012,160
A/Stockholm/7/2015,A/Texas/50/2012,80
A/Stockholm/8/2015,A/Texas/50/2012,80
A/Stockholm/12/2015,A/Texas/50/2012,80
A/Stockholm/13/2015,A/Texas/50/2012,80
A/Stockholm/18/2015,A/Texas/50/2012,320
A/Stockholm/20/2015,A/Texas/50/2012,320
A/Stockholm/19/2015,A/Texas/50/2012,320
A/Sweden/15/2015,A/Texas/50/2012,40
A/Sweden/16/2015,A/Texas/50/2012,320
A/Ghana/DILI-15-0233/2015,A/Texas/50/2012,80
A/Ghana/FS-15-0185/2015,A/Texas/50/2012,80
A/Norway/1800/2015,A/Texas/50/2012,80
A/Perth/16/2009,A/Samara/73/2013,160
A/Texas/50/2012,A/Samara/73/2013,640
A/Samara/73/2013,A/Samara/73/2013,1280
A/Hong Kong/146/2013,A/Samara/73/2013,640
A/Stockholm/6/2014,A/Samara/73/2013,160
A/Stockholm/6/2014,A/Samara/73/2013,80
A/Switzerland/9715293/2013,A/Samara/73/2013,160
A/Switzerland/9715293/2013,A/Samara/73/2013,160
A/Hong Kong/5738/2014,A/Samara/73/2013,160
A/Hong Kong/5738/2014,A/Samara/73/2013,80
A/Netherlands/525/2014,A/Samara/73/2013,320
A/Stockholm/31/2014,A/Samara/73/2013,<40
A/Stockholm/28/2014,A/Samara/73/2013,320
A/Stockholm/36/2014,A/Samara/73/2013,40
A/Stockholm/30/2014,A/Samara/73/2013,80
A/Stockholm/32/2014,A/Samara/73/2013,80
A/Stockholm/38/2014,A/Samara/73/2013,80
A/Mahajanga/122/2015,A/Samara/73/2013,80
A/Stockholm/1/2015,A/Samara/73/2013,80
A/Stockholm/7/2015,A/Samara/73/2013,80
A/Stockholm/8/2015,A/Samara/73/2013,80
A/Stockholm/12/2015,A/Samara/73/2013,40
A/Stockholm/13/2015,A/Samara/73/2013,80
A/Stockholm/18/2015,A/Samara/73/2013,320
A/Stockholm/20/2015,A/Samara/73/2013,320
A/Stockholm/19/2015,A/Samara/73/2013,160
A/Sweden/15/2015,A/Samara/73/2013,40
A/Sweden/16/2015,A/Samara/73/2013,320
A/Ghana/DILI-15-0233/2015,A/Samara/73/2013,160
A/Ghana/FS-15-0185/2015,A/Samara/73/2013,160
A/Norway/1800/2015,A/Samara/73/2013,80
A/Perth/16/2009,A/Hong Kong/146/2013,160
A/Texas/50/2012,A/Hong Kong/146/2013,320
A/Samara/73/2013,A/Hong Kong/146/2013,640
A/Hong Kong/146/2013,A/Hong Kong/146/2013,640
A/Stockholm/6/2014,A/Hong Kong/146/2013,80
A/Stockholm/6/2014,A/Hong Kong/146/2013,80
A/Switzerland/9715293/2013,A/Hong Kong/146/2013,40
A/Switzerland/9715293/2013,A/Hong Kong/146/2013,80
A/Hong Kong/5738/2014,A/Hong Kong/146/2013,80
A/Hong Kong/5738/2014,A/Hong Kong/146/2013,40
A/Netherlands/525/2014,A/Hong Kong/146/2013,80
A/Stockholm/31/2014,A/Hong Kong/146/2013,<40
A/Stockholm/28/2014,A/Hong Kong/146/2013,80
A/Stockholm/36/2014,A/Hong Kong/146/2013,<40
A/Stockholm/30/2014,A/Hong Kong/146/2013,40
A/Stockholm/32/2014,A/Hong Kong/146/2013,40
A/Stockholm/38/2014,A/Hong Kong/146/2013,<40
A/Mahajanga/122/2015,A/Hong Kong/146/2013,<40
A/Stockholm/1/2015,A/Hong Kong/146/2013,40
A/Stockholm/7/2015,A/Hong Kong/146/2013,<40
A/Stockholm/8/2015,A/Hong Kong/146/2013,40
A/Stockholm/12/2015,A/Hong Kong/146/2013,<40
A/Stockholm/13/2015,A/Hong Kong/146/2013,40
A/Stockholm/18/2015,A/Hong Kong/146/2013,80
A/Stockholm/20/2015,A/Hong Kong/146/2013,80
A/Stockholm/19/2015,A/Hong Kong/146/2013,80
A/Sweden/15/2015,A/Hong Kong/146/2013,<40
A/Sweden/16/2015,A/Hong Kong/146/2013,80
A/Ghana/DILI-15-0233/2015,A/Hong Kong/146/2013,80
A/Ghana/FS-15-0185/2015,A/Hong Kong/146/2013,80
A/Norway/1800/2015,A/Hong Kong/146/2013,40
A/Perth/16/2009,A/Stockholm/6/2014,40
A/Texas/50/2012,A/Stockholm/6/2014,160
A/Samara/73/2013,A/Stockholm/6/2014,640
A/Hong Kong/146/2013,A/Stockholm/6/2014,80
A/Stockholm/6/2014,A/Stockholm/6/2014,320
A/Stockholm/6/2014,A/Stockholm/6/2014,160
A/Switzerland/9715293/2013,A/Stockholm/6/2014,320
A/Switzerland/9715293/2013,A/Stockholm/6/2014,160
A/Hong Kong/5738/2014,A/Stockholm/6/2014,320
A/Hong Kong/5738/2014,A/Stockholm/6/2014,80
A/Netherlands/525/2014,A/Stockholm/6/2014,320
A/Stockholm/31/2014,A/Stockholm/6/2014,80
A/Stockholm/28/2014,A/Stockholm/6/2014,160
A/Stockholm/36/2014,A/Stockholm/6/2014,160
A/Stockholm/30/2014,A/Stockholm/6/2014,160
A/Stockholm/32/2014,A/Stockholm/6/2014,320
A/Stockholm/38/2014,A/Stockholm/6/2014,80
A/Mahajanga/122/2015,A/Stockholm/6/2014,320
A/Stockholm/1/2015,A/Stockholm/6/2014,160
A/Stockholm/7/2015,A/Stockholm/6/2014,160
A/Stockholm/8/2015,A/Stockholm/6/2014,160
A/Stockholm/12/2015,A/Stockholm/6/2014,<40
A/Stockholm/13/2015,A/Stockholm/6/2014,160
A/Stockholm/18/2015,A/Stockholm/6/2014,320
A/Stockholm/20/2015,A/Stockholm/6/2014,320
A/Stockholm/19/2015,A/Stockholm/6/2014,320
A/Sweden/15/2015,A/Stockholm/6/2014,80
A/Sweden/16/2015,A/Stockholm/6/2014,320
A/Ghana/DILI-15-0233/2015,A/Stockholm/6/2014,320
A/Ghana/FS-15-0185/2015,A/Stockholm/6/2014,320
A/Norway/1800/2015,A/Stockholm/6/2014,80
A/Perth/16/2009,A/Stockholm/6/2014,160
A/Texas/50/2012,A/Stockholm/6/2014,640
A/Samara/73/2013,A/Stockholm/6/2014,640
A/Hong Kong/146/2013,A/Stockholm/6/2014,640
A/Stockholm/6/2014,A/Stockholm/6/2014,160
A/Stockholm/6/2014,A/Stockholm/6/2014,320
A/Switzerland/9715293/2013,A/Stockholm/6/2014,160
A/Switzerland/9715293/2013,A/Stockholm/6/2014,320
A/Hong Kong/5738/2014,A/Stockholm/6/2014,160
A/Hong Kong/5738/2014,A/Stockholm/6/2014,80
A/Netherlands/525/2014,A/Stockholm/6/2014,160
A/Stockholm/31/2014,A/Stockholm/6/2014,40
A/Stockholm/28/2014,A/Stockholm/6/2014,80
A/Stockholm/36/2014,A/Stockholm/6/2014,80
A/Stockholm/30/2014,A/Stockholm/6/2014,80
A/Stockholm/32/2014,A/Stockholm/6/2014,160
A/Stockholm/38/2014,A/Stockholm/6/2014,80
A/Mahajanga/122/2015,A/Stockholm/6/2014,160
A/Stockholm/1/2015,A/Stockholm/6/2014,80
A/Stockholm/7/2015,A/Stockholm/6/2014,80
A/Stockholm/8/2015,A/Stockholm/6/2014,80
A/Stockholm/12/2015,A/Stockholm/6/2014,<40
A/Stockholm/13/2015,A/Stockholm/6/2014,80
A/Stockholm/18/2015,A/Stockholm/6/2014,160
A/Stockholm/20/2015,A/Stockholm/6/2014,160
A/Stockholm/19/2015,A/Stockholm/6/2014,80
A/Sweden/15/2015,A/Stockholm/6/2014,40
A/Sweden/16/2015,A/Stockholm/6/2014,160
A/Ghana/DILI-15-0233/2015,A/Stockholm/6/2014,80
A/Ghana/FS-15-0185/2015,A/Stockholm/6/2014,80
A/Norway/1800/2015,A/Stockholm/6/2014,40
A/Perth/16/2009,A/Switzerland/9715293/2013,<40
A/Texas/50/2012,A/Switzerland/9715293/2013,40
A/Samara/73/2013,A/Switzerland/9715293/2013,80
A/Hong Kong/146/2013,A/Switzerland/9715293/2013,40
A/Stockholm/6/2014,A/Switzerland/9715293/2013,80
A/Stockholm/6/2014,A/Switzerland/9715293/2013,80
A/Switzerland/9715293/2013,A/Switzerland/9715293/2013,80
A/Switzerland/9715293/2013,A/Switzerland/9715293/2013,80
A/Hong Kong/5738/2014,A/Switzerland/9715293/2013,40
A/Hong Kong/5738/2014,A/Switzerland/9715293/2013,40
A/Netherlands/525/2014,A/Switzerland/9715293/2013,40
A/Stockholm/31/2014,A/Switzerland/9715293/2013,<40
A/Stockholm/28/2014,A/Switzerland/9715293/2013,40
A/Stockholm/36/2014,A/Switzerland/9715293/2013,<40
A/Stockholm/30/2014,A/Switzerland/9715293/2013,<40
A/Stockholm/32/2014,A/Switzerland/9715293/2013,40
A/Stockholm/38/2014,A/Switzerland/9715293/2013,<40
A/Mahajanga/122/2015,A/Switzerland/9715293/2013,80
A/Stockholm/1/2015,A/Switzerland/9715293/2013,<40
A/Stockholm/7/2015,A/Switzerland/9715293/2013,<40
A/Stockholm/8/2015,A/Switzerland/9715293/2013,<40
A/Stockholm/12/2015,A/Switzerland/9715293/2013,<40
A/Stockholm/13/2015,A/Switzerland/9715293/2013,<40
A/Stockholm/18/2015,A/Switzerland/9715293/2013,80
A/Stockholm/20/2015,A/Switzerland/9715293/2013,160
A/Stockholm/19/2015,A/Switzerland/9715293/2013,80
A/Sweden/15/2015,A/Switzerland/9715293/2013,<40
A/Sweden/16/2015,A/Switzerland/9715293/2013,80
A/Ghana/DILI-15-0233/2015,A/Switzerland/9715293/2013,80
A/Ghana/FS-15-0185/2015,A/Switzerland/9715293/2013,<40
A/Norway/1800/2015,A/Switzerland/9715293/2013,<40
A/Perth/16/2009,A/Switzerland/9715293/2013,40
A/Texas/50/2012,A/Switzerland/9715293/2013,320
A/Samara/73/2013,A/Switzerland/9715293/2013,320
A/Hong Kong/146/2013,A/Switzerland/9715293/2013,320
A/Stockholm/6/2014,A/Switzerland/9715293/2013,80
A/Stockholm/6/2014,A/Switzerland/9715293/2013,640
A/Switzerland/9715293/2013,A/Switzerland/9715293/2013,80
A/Switzerland/9715293/2013,A/Switzerland/9715293/2013,640
A/Hong Kong/5738/2014,A/Switzerland/9715293/2013,80
A/Hong Kong/5738/2014,A/Switzerland/9715293/2013,40
A/Netherlands/525/2014,A/Switzerland/9715293/2013,80
A/Stockholm/31/2014,A/Switzerland/9715293/2013,<40
A/Stockholm/28/2014,A/Switzerland/9715293/2013,40
A/Stockholm/36/2014,A/Switzerland/9715293/2013,<40
A/Stockholm/30/2014,A/Switzerland/9715293/2013,<40
A/Stockholm/32/2014,A/Switzerland/9715293/2013,40
A/Stockholm/38/2014,A/Switzerland/9715293/2013,<40
A/Mahajanga/122/2015,A/Switzerland/9715293/2013,40
A/Stockholm/1/2015,A/Switzerland/9715293/2013,<40
A/Stockholm/7/2015,A/Switzerland/9715293/2013,<40
A/Stockholm/8/2015,A/Switzerland/9715293/2013,<40
A/Stockholm/12/2015,A/Switzerland/9715293/2013,<40
A/Stockholm/13/2015,A/Switzerland/9715293/2013,<40
A/Stockholm/18/2015,A/Switzerland/9715293/2013,40
A/Stockholm/20/2015,A/Switzerland/9715293/2013,40
A/Stockholm/19/2015,A/Switzerland/9715293/2013,40
A/Sweden/15/2015,A/Switzerland/9715293/2013,<40
A/Sweden/16/2015,A/Switzerland/9715293/2013,40
A/Ghana/DILI-15-0233/2015,A/Switzerland/9715293/2013,<40
A/Ghana/FS-15-0185/2015,A/Switzerland/9715293/2013,<40
A/Norway/1800/2015,A/Switzerland/9715293/2013,<40
A/Perth/16/2009,A/Hong Kong/5738/2014,<40
A/Texas/50/2012,A/Hong Kong/5738/2014,160
A/Samara/73/2013,A/Hong Kong/5738/2014,320
A/Hong Kong/146/2013,A/Hong Kong/5738/2014,320
A/Stockholm/6/2014,A/Hong Kong/5738/2014,80
A/Stockholm/6/2014,A/Hong Kong/5738/2014,160
A/Switzerland/9715293/2013,A/Hong Kong/5738/2014,80
A/Switzerland/9715293/2013,A/Hong Kong/5738/2014,320
A/Hong Kong/5738/2014,A/Hong Kong/5738/2014,160
A/Hong Kong/5738/2014,A/Hong Kong/5738/2014,320
A/Netherlands/525/2014,A/Hong Kong/5738/2014,80
A/Stockholm/31/2014,A/Hong Kong/5738/2014,40
A/Stockholm/28/2014,A/Hong Kong/5738/2014,80
A/Stockholm/36/2014,A/Hong Kong/5738/2014,80
A/Stockholm/30/2014,A/Hong Kong/5738/2014,80
A/Stockholm/32/2014,A/Hong Kong/5738/2014,80
A/Stockholm/38/2014,A/Hong Kong/5738/2014,80
A/Mahajanga/122/2015,A/Hong Kong/5738/2014,80
A/Stockholm/1/2015,A/Hong Kong/5738/2014,160
A/Stockholm/7/2015,A/Hong Kong/5738/2014,80
A/Stockholm/8/2015,A/Hong Kong/5738/2014,80
A/Stockholm/12/2015,A/Hong Kong/5738/2014,<40
A/Stockholm/13/2015,A/Hong Kong/5738/2014,80
A/Stockholm/18/2015,A/Hong Kong/5738/2014,80
A/Stockholm/20/2015,A/Hong Kong/5738/2014,80
A/Stockholm/19/2015,A/Hong Kong/5738/2014,80
A/Sweden/15/2015,A/Hong Kong/5738/2014,40
A/Sweden/16/2015,A/Hong Kong/5738/2014,80
A/Ghana/DILI-15-0233/2015,A/Hong Kong/5738/2014,160
A/Ghana/FS-15-0185/2015,A/Hong Kong/5738/2014,160
A/Norway/1800/2015,A/Hong Kong/5738/2014,40
A/Perth/16/2009,A/Hong Kong/5738/2014,40
A/Texas/50/2012,A/Hong Kong/5738/2014,80
A/Samara/73/2013,A/Hong Kong/5738/2014,80
A/Hong Kong/146/2013,A/Hong Kong/5738/2014,80
A/Stockholm/6/2014,A/Hong Kong/5738/2014,80
A/Stockholm/6/2014,A/Hong Kong/5738/2014,80
A/Switzerland/9715293/2013,A/Hong Kong/5738/2014,40
A/Switzerland/9715293/2013,A/Hong Kong/5738/2014,40
A/Hong Kong/5738/2014,A/Hong Kong/5738/2014,40
A/Hong Kong/5738/2014,A/Hong Kong/5738/2014,640
A/Netherlands/525/2014,A/Hong Kong/5738/2014,<40
A/Stockholm/31/2014,A/Hong Kong/5738/2014,<40
A/Stockholm/28/2014,A/Hong Kong/5738/2014,<40
A/Stockholm/36/2014,A/Hong Kong/5738/2014,<40
A/Stockholm/30/2014,A/Hong Kong/5738/2014,<40
A/Stockholm/32/2014,A/Hong Kong/5738/2014,<40
A/Stockholm/38/2014,A/Hong Kong/5738/2014,<40
A/Mahajanga/122/2015,A/Hong Kong/5738/2014,<40
A/Stockholm/1/2015,A/Hong Kong/5738/2014,40
A/Stockholm/7/2015,A/Hong Kong/5738/2014,<40
A/Stockholm/8/2015,A/Hong Kong/5738/2014,<40
A/Stockholm/12/2015,A/Hong Kong/5738/2014,<40
A/Stockholm/13/2015,A/Hong Kong/5738/2014,<40
A/Stockholm/18/2015,A/Hong Kong/5738/2014,40
A/Stockholm/20/2015,A/Hong Kong/5738/2014,<40
A/Stockholm/19/2015,A/Hong Kong/5738/2014,<40
A/Sweden/15/2015,A/Hong Kong/5738/2014,<40
A/Sweden/16/2015,A/Hong Kong/5738/2014,<40
A/Ghana/DILI-15-0233/2015,A/Hong Kong/5738/2014,40
A/Ghana/FS-15-0185/2015,A/Hong Kong/5738/2014,<40
A/Norway/1800/2015,A/Hong Kong/5738/2014,<40
A/Perth/16/2009,A/Netherlands/525/2014,80
A/Texas/50/2012,A/Netherlands/525/2014,320
A/Samara/73/2013,A/Netherlands/525/2014,320
A/Hong Kong/146/2013,A/Netherlands/525/2014,320
A/Stockholm/6/2014,A/Netherlands/525/2014,80
A/Stockholm/6/2014,A/Netherlands/525/2014,80
A/Switzerland/9715293/2013,A/Netherlands/525/2014,40
A/Switzerland/9715293/2013,A/Netherlands/525/2014,80
A/Hong Kong/5738/2014,A/Netherlands/525/2014,40
A/Hong Kong/5738/2014,A/Netherlands/525/2014,80
A/Netherlands/525/2014,A/Netherlands/525/2014,640
A/Stockholm/31/2014,A/Netherlands/525/2014,<40
A/Stockholm/28/2014,A/Netherlands/525/2014,640
A/Stockholm/36/2014,A/Netherlands/525/2014,<40
A/Stockholm/30/2014,A/Netherlands/525/2014,<40
A/Stockholm/32/2014,A/Netherlands/525/2014,<40
A/Stockholm/38/2014,A/Netherlands/525/2014,<40
A/Mahajanga/122/2015,A/Netherlands/525/2014,<40
A/Stockholm/1/2015,A/Netherlands/525/2014,<40
A/Stockholm/7/2015,A/Netherlands/525/2014,<40
A/Stockholm/8/2015,A/Netherlands/525/2014,<40
A/Stockholm/12/2015,A/Netherlands/525/2014,160
A/Stockholm/13/2015,A/Netherlands/525/2014,<40
A/Stockholm/18/2015,A/Netherlands/525/2014,320
A/Stockholm/20/2015,A/Netherlands/525/2014,640
A/Stockholm/19/2015,A/Netherlands/525/2014,320
A/Sweden/15/2015,A/Netherlands/525/2014,<40
A/Sweden/16/2015,A/Netherlands/525/2014,320
A/Ghana/DILI-15-0233/2015,A/Netherlands/525/2014,<40
A/Ghana/FS-15-0185/2015,A/Netherlands/525/2014,<40
A/Norway/1800/2015,A/Netherlands/525/2014,160
A/Perth/16/2009,A/England/527/2014,320
A/Texas/50/2012,A/England/527/2014,320
A/Samara/73/2013,A/England/527/2014,320
A/Hong Kong/146/2013,A/England/527/2014,1280
A/Stockholm/6/2014,A/England/527/2014,80
A/Stockholm/6/2014,A/England/527/2014,80
A/Switzerland/9715293/2013,A/England/527/2014,*
A/Switzerland/9715293/2013,A/England/527/2014,80
A/Hong Kong/5738/2014,A/England/527/2014,80
A/Hong Kong/5738/2014,A/England/527/2014,80
A/Netherlands/525/2014,A/England/527/2014,640
A/Stockholm/31/2014,A/England/527/2014,*
A/Stockholm/28/2014,A/England/527/2014,1280
A/Stockholm/36/2014,A/England/527/2014,*
A/Stockholm/30/2014,A/England/527/2014,40
A/Stockholm/32/2014,A/England/527/2014,40
A/Stockholm/38/2014,A/England/527/2014,<40
A/Mahajanga/122/2015,A/England/527/2014,<40
A/Stockholm/1/2015,A/England/527/2014,<40
A/Stockholm/7/2015,A/England/527/2014,40
A/Stockholm/8/2015,A/England/527/2014,40
A/Stockholm/12/2015,A/England/527/2014,160
A/Stockholm/13/2015,A/England/527/2014,<40
A/Stockholm/18/2015,A/England/527/2014,1280
A/Stockholm/20/2015,A/England/527/2014,1280
A/Stockholm/19/2015,A/England/527/2014,1280
A/Sweden/15/2015,A/England/527/2014,*
A/Sweden/16/2015,A/England/527/2014,640
A/Ghana/DILI-15-0233/2015,A/England/527/2014,*
A/Ghana/FS-15-0185/2015,A/England/527/2014,*
A/Norway/1800/2015,A/England/527/2014,*
A/Perth/16/2009,A/Perth/16/2009,640
A/Texas/50/2012,A/Perth/16/2009,640
A/Samara/73/2013,A/Perth/16/2009,320
A/Hong Kong/146/2013,A/Perth/16/2009,320
A/Stockholm/6/2014,A/Perth/16/2009,<40
A/Stockholm/6/2014,A/Perth/16/2009,80
A/Switzerland/9715293/2013,A/Perth/16/2009,<40
A/Switzerland/9715293/2013,A/Perth/16/2009,40
A/Hong Kong/5738/2014,A/Perth/16/2009,<40
A/Hong Kong/5738/2014,A/Perth/16/2009,40
A/Netherlands/525/2014,A/Perth/16/2009,40
A/Netherlands/773/2014,A/Perth/16/2009,40
A/Netherlands/778/2014,A/Perth/16/2009,40
A/Netherlands/779/2014,A/Perth/16/2009,80
A/Khabarovsk/1/2015,A/Perth/16/2009,<40
A/Levice/84/2015,A/Perth/16/2009,<40
A/Kosice/128/2015,A/Perth/16/2009,80
A/Khabarovsk/3/2015,A/Perth/16/2009,<40
A/Khabarovsk/12/2015,A/Perth/16/2009,<40
A/St Petersburg/14/2015,A/Perth/16/2009,<40
A/Netherlands/1018/2015,A/Perth/16/2009,80
A/Partizanske/131/2015,A/Perth/16/2009,160
A/Kaliningrad/4/2015,A/Perth/16/2009,<40
A/St Petersburg/21/2015,A/Perth/16/2009,<40
A/Trnava/176/2015,A/Perth/16/2009,<40
A/Netherlands/1034/2015,A/Perth/16/2009,80
A/Nove Zamky/201/2015,A/Perth/16/2009,<40
A/Nitra/205/2015,A/Perth/16/2009,160
A/Poprad/237/2015,A/Perth/16/2009,80
A/St Petersburg/119/2015,A/Perth/16/2009,<40
A/St Petersburg/134/2015,A/Perth/16/2009,<40
A/Bratislava/329/2015,A/Perth/16/2009,80
A/St Petersburg/57/2015,A/Perth/16/2009,<40
A/Netherlands/1497/2015,A/Perth/16/2009,40
A/Netherlands/1726/2015,A/Perth/16/2009,160
A/Bratislava/437/2015,A/Perth/16/2009,80
A/Trencin/558/2015,A/Perth/16/2009,<40
A/Netherlands/1903/2015,A/Perth/16/2009,<40
A/Netherlands/1916/2015,A/Perth/16/2009,80
A/Komarno/618/2015,A/Perth/16/2009,160
A/St Petersburg/28/2015,A/Perth/16/2009,<40
A/Perth/16/2009,A/Texas/50/2012,320
A/Texas/50/2012,A/Texas/50/2012,5120
A/Samara/73/2013,A/Texas/50/2012,1280
A/Hong Kong/146/2013,A/Texas/50/2012,2560
A/Stockholm/6/2014,A/Texas/50/2012,80
A/Stockholm/6/2014,A/Texas/50/2012,640
A/Switzerland/9715293/2013,A/Texas/50/2012,80
A/Switzerland/9715293/2013,A/Texas/50/2012,160
A/Hong Kong/5738/2014,A/Texas/50/2012,160
A/Hong Kong/5738/2014,A/Texas/50/2012,160
A/Netherlands/525/2014,A/Texas/50/2012,320
A/Netherlands/773/2014,A/Texas/50/2012,160
A/Netherlands/778/2014,A/Texas/50/2012,320
A/Netherlands/779/2014,A/Texas/50/2012,320
A/Khabarovsk/1/2015,A/Texas/50/2012,160
A/Levice/84/2015,A/Texas/50/2012,80
A/Kosice/128/2015,A/Texas/50/2012,320
A/Khabarovsk/3/2015,A/Texas/50/2012,160
A/Khabarovsk/12/2015,A/Texas/50/2012,80
A/St Petersburg/14/2015,A/Texas/50/2012,80
A/Netherlands/1018/2015,A/Texas/50/2012,640
A/Partizanske/131/2015,A/Texas/50/2012,1280
A/Kaliningrad/4/2015,A/Texas/50/2012,80
A/St Petersburg/21/2015,A/Texas/50/2012,160
A/Trnava/176/2015,A/Texas/50/2012,80
A/Netherlands/1034/2015,A/Texas/50/2012,640
A/Nove Zamky/201/2015,A/Texas/50/2012,80
A/Nitra/205/2015,A/Texas/50/2012,1280
A/Poprad/237/2015,A/Texas/50/2012,640
A/St Petersburg/119/2015,A/Texas/50/2012,80
A/St Petersburg/134/2015,A/Texas/50/2012,80
A/Bratislava/329/2015,A/Texas/50/2012,640
A/St Petersburg/57/2015,A/Texas/50/2012,80
A/Netherlands/1497/2015,A/Texas/50/2012,160
A/Netherlands/1726/2015,A/Texas/50/2012,640
A/Bratislava/437/2015,A/Texas/50/2012,640
A/Trencin/558/2015,A/Texas/50/2012,80
A/Netherlands/1903/2015,A/Texas/50/2012,80
A/Netherlands/1916/2015,A/Texas/50/2012,640
A/Komarno/618/2015,A/Texas/50/2012,640
A/St Petersburg/28/2015,A/Texas/50/2012,80
A/Perth/16/2009,A/Samara/73/2013,80
A/Texas/50/2012,A/Samara/73/2013,640
A/Samara/73/2013,A/Samara/73/2013,640
A/Hong Kong/146/2013,A/Samara/73/2013,640
A/Stockholm/6/2014,A/Samara/73/2013,160
A/Stockholm/6/2014,A/Samara/73/2013,80
A/Switzerland/9715293/2013,A/Samara/73/2013,160
A/Switzerland/9715293/2013,A/Samara/73/2013,160
A/Hong Kong/5738/2014,A/Samara/73/2013,160
A/Hong Kong/5738/2014,A/Samara/73/2013,160
A/Netherlands/525/2014,A/Samara/73/2013,160
A/Netherlands/773/2014,A/Samara/73/2013,160
A/Netherlands/778/2014,A/Samara/73/2013,320
A/Netherlands/779/2014,A/Samara/73/2013,160
A/Khabarovsk/1/2015,A/Samara/73/2013,160
A/Levice/84/2015,A/Samara/73/2013,80
A/Kosice/128/2015,A/Samara/73/2013,320
A/Khabarovsk/3/2015,A/Samara/73/2013,160
A/Khabarovsk/12/2015,A/Samara/73/2013,40
A/St Petersburg/14/2015,A/Samara/73/2013,80
A/Netherlands/1018/2015,A/Samara/73/2013,320
A/Partizanske/131/2015,A/Samara/73/2013,640
A/Kaliningrad/4/2015,A/Samara/73/2013,160
A/St Petersburg/21/2015,A/Samara/73/2013,160
A/Trnava/176/2015,A/Samara/73/2013,80
A/Netherlands/1034/2015,A/Samara/73/2013,320
A/Nove Zamky/201/2015,A/Samara/73/2013,80
A/Nitra/205/2015,A/Samara/73/2013,320
A/Poprad/237/2015,A/Samara/73/2013,320
A/St Petersburg/119/2015,A/Samara/73/2013,160
A/St Petersburg/134/2015,A/Samara/73/2013,160
A/Bratislava/329/2015,A/Samara/73/2013,320
A/St Petersburg/57/2015,A/Samara/73/2013,80
A/Netherlands/1497/2015,A/Samara/73/2013,160
A/Netherlands/1726/2015,A/Samara/73/2013,640
A/Bratislava/437/2015,A/Samara/73/2013,320
A/Trencin/558/2015,A/Samara/73/2013,80
A/Netherlands/1903/2015,A/Samara/73/2013,160
A/Netherlands/1916/2015,A/Samara/73/2013,320
A/Komarno/618/2015,A/Samara/73/2013,320
A/St Petersburg/28/2015,A/Samara/73/2013,160
A/Perth/16/2009,A/Hong Kong/146/2013,80
A/Texas/50/2012,A/Hong Kong/146/2013,640
A/Samara/73/2013,A/Hong Kong/146/2013,640
A/Hong Kong/146/2013,A/Hong Kong/146/2013,1280
A/Stockholm/6/2014,A/Hong Kong/146/2013,80
A/Stockholm/6/2014,A/Hong Kong/146/2013,40
A/Switzerland/9715293/2013,A/Hong Kong/146/2013,40
A/Switzerland/9715293/2013,A/Hong Kong/146/2013,80
A/Hong Kong/5738/2014,A/Hong Kong/146/2013,80
A/Hong Kong/5738/2014,A/Hong Kong/146/2013,40
A/Netherlands/525/2014,A/Hong Kong/146/2013,80
A/Netherlands/773/2014,A/Hong Kong/146/2013,40
A/Netherlands/778/2014,A/Hong Kong/146/2013,80
A/Netherlands/779/2014,A/Hong Kong/146/2013,80
A/Khabarovsk/1/2015,A/Hong Kong/146/2013,80
A/Levice/84/2015,A/Hong Kong/146/2013,40
A/Kosice/128/2015,A/Hong Kong/146/2013,80
A/Khabarovsk/3/2015,A/Hong Kong/146/2013,40
A/Khabarovsk/12/2015,A/Hong Kong/146/2013,<40
A/St Petersburg/14/2015,A/Hong Kong/146/2013,80
A/Netherlands/1018/2015,A/Hong Kong/146/2013,80
A/Partizanske/131/2015,A/Hong Kong/146/2013,160
A/Kaliningrad/4/2015,A/Hong Kong/146/2013,40
A/St Petersburg/21/2015,A/Hong Kong/146/2013,80
A/Trnava/176/2015,A/Hong Kong/146/2013,40
A/Netherlands/1034/2015,A/Hong Kong/146/2013,80
A/Nove Zamky/201/2015,A/Hong Kong/146/2013,40
A/Nitra/205/2015,A/Hong Kong/146/2013,160
A/Poprad/237/2015,A/Hong Kong/146/2013,80
A/St Petersburg/119/2015,A/Hong Kong/146/2013,80
A/St Petersburg/134/2015,A/Hong Kong/146/2013,40
A/Bratislava/329/2015,A/Hong Kong/146/2013,160
A/St Petersburg/57/2015,A/Hong Kong/146/2013,<40
A/Netherlands/1497/2015,A/Hong Kong/146/2013,40
A/Netherlands/1726/2015,A/Hong Kong/146/2013,160
A/Bratislava/437/2015,A/Hong Kong/146/2013,160
A/Trencin/558/2015,A/Hong Kong/146/2013,40
A/Netherlands/1903/2015,A/Hong Kong/146/2013,40
A/Netherlands/1916/2015,A/Hong Kong/146/2013,160
A/Komarno/618/2015,A/Hong Kong/146/2013,80
A/St Petersburg/28/2015,A/Hong Kong/146/2013,80
A/Perth/16/2009,A/Stockholm/6/2014,40
A/Texas/50/2012,A/Stockholm/6/2014,320
A/Samara/73/2013,A/Stockholm/6/2014,640
A/Hong Kong/146/2013,A/Stockholm/6/2014,160
A/Stockholm/6/2014,A/Stockholm/6/2014,320
A/Stockholm/6/2014,A/Stockholm/6/2014,160
A/Switzerland/9715293/2013,A/Stockholm/6/2014,320
A/Switzerland/9715293/2013,A/Stockholm/6/2014,320
A/Hong Kong/5738/2014,A/Stockholm/6/2014,320
A/Hong Kong/5738/2014,A/Stockholm/6/2014,160
A/Netherlands/525/2014,A/Stockholm/6/2014,160
A/Netherlands/773/2014,A/Stockholm/6/2014,160
A/Netherlands/778/2014,A/Stockholm/6/2014,320
A/Netherlands/779/2014,A/Stockholm/6/2014,320
A/Khabarovsk/1/2015,A/Stockholm/6/2014,640
A/Levice/84/2015,A/Stockholm/6/2014,160
A/Kosice/128/2015,A/Stockholm/6/2014,320
A/Khabarovsk/3/2015,A/Stockholm/6/2014,640
A/Khabarovsk/12/2015,A/Stockholm/6/2014,40
A/St Petersburg/14/2015,A/Stockholm/6/2014,160
A/Netherlands/1018/2015,A/Stockholm/6/2014,320
A/Partizanske/131/2015,A/Stockholm/6/2014,320
A/Kaliningrad/4/2015,A/Stockholm/6/2014,160
A/St Petersburg/21/2015,A/Stockholm/6/2014,640
A/Trnava/176/2015,A/Stockholm/6/2014,160
A/Netherlands/1034/2015,A/Stockholm/6/2014,320
A/Nove Zamky/201/2015,A/Stockholm/6/2014,160
A/Nitra/205/2015,A/Stockholm/6/2014,320
A/Poprad/237/2015,A/Stockholm/6/2014,320
A/St Petersburg/119/2015,A/Stockholm/6/2014,640
A/St Petersburg/134/2015,A/Stockholm/6/2014,160
A/Bratislava/329/2015,A/Stockholm/6/2014,160
A/St Petersburg/57/2015,A/Stockholm/6/2014,320
A/Netherlands/1497/2015,A/Stockholm/6/2014,160
A/Netherlands/1726/2015,A/Stockholm/6/2014,640
A/Bratislava/437/2015,A/Stockholm/6/2014,320
A/Trencin/558/2015,A/Stockholm/6/2014,160
A/Netherlands/1903/2015,A/Stockholm/6/2014,320
A/Netherlands/1916/2015,A/Stockholm/6/2014,320
A/Komarno/618/2015,A/Stockholm/6/2014,320
A/St Petersburg/28/2015,A/Stockholm/6/2014,160
A/Perth/16/2009,A/Stockholm/6/2014,160
A/Texas/50/2012,A/Stockholm/6/2014,1280
A/Samara/73/2013,A/Stockholm/6/2014,640
A/Hong Kong/146/2013,A/Stockholm/6/2014,640
A/Stockholm/6/2014,A/Stockholm/6/2014,160
A/Stockholm/6/2014,A/Stockholm/6/2014,320
A/Switzerland/9715293/2013,A/Stockholm/6/2014,160
A/Switzerland/9715293/2013,A/Stockholm/6/2014,320
A/Hong Kong/5738/2014,A/Stockholm/6/2014,160
A/Hong Kong/5738/2014,A/Stockholm/6/2014,160
A/Netherlands/525/2014,A/Stockholm/6/2014,80
A/Netherlands/773/2014,A/Stockholm/6/2014,160
A/Netherlands/778/2014,A/Stockholm/6/2014,160
A/Netherlands/779/2014,A/Stockholm/6/2014,160
A/Khabarovsk/1/2015,A/Stockholm/6/2014,160
A/Levice/84/2015,A/Stockholm/6/2014,40
A/Kosice/128/2015,A/Stockholm/6/2014,160
A/Khabarovsk/3/2015,A/Stockholm/6/2014,320
A/Khabarovsk/12/2015,A/Stockholm/6/2014,80
A/St Petersburg/14/2015,A/Stockholm/6/2014,80
A/Netherlands/1018/2015,A/Stockholm/6/2014,160
A/Partizanske/131/2015,A/Stockholm/6/2014,320
A/Kaliningrad/4/2015,A/Stockholm/6/2014,80
A/St Petersburg/21/2015,A/Stockholm/6/2014,320
A/Trnava/176/2015,A/Stockholm/6/2014,80
A/Netherlands/1034/2015,A/Stockholm/6/2014,160
A/Nove Zamky/201/2015,A/Stockholm/6/2014,160
A/Nitra/205/2015,A/Stockholm/6/2014,320
A/Poprad/237/2015,A/Stockholm/6/2014,160
A/St Petersburg/119/2015,A/Stockholm/6/2014,160
A/St Petersburg/134/2015,A/Stockholm/6/2014,80
A/Bratislava/329/2015,A/Stockholm/6/2014,160
A/St Petersburg/57/2015,A/Stockholm/6/2014,160
A/Netherlands/1497/2015,A/Stockholm/6/2014,80
A/Netherlands/1726/2015,A/Stockholm/6/2014,320
A/Bratislava/437/2015,A/Stockholm/6/2014,160
A/Trencin/558/2015,A/Stockholm/6/2014,80
A/Netherlands/1903/2015,A/Stockholm/6/2014,80
A/Netherlands/1916/2015,A/Stockholm/6/2014,160
A/Komarno/618/2015,A/Stockholm/6/2014,160
A/St Petersburg/28/2015,A/Stockholm/6/2014,160
A/Perth/16/2009,A/Switzerland/9715293/2013,<40
A/Texas/50/2012,A/Switzerland/9715293/2013,40
A/Samara/73/2013,A/Switzerland/9715293/2013,160
A/Hong Kong/146/2013,A/Switzerland/9715293/2013,40
A/Stockholm/6/2014,A/Switzerland/9715293/2013,160
A/Stockholm/6/2014,A/Switzerland/9715293/2013,80
A/Switzerland/9715293/2013,A/Switzerland/9715293/2013,80
A/Switzerland/9715293/2013,A/Switzerland/9715293/2013,80
A/Hong Kong/5738/2014,A/Switzerland/9715293/2013,80
A/Hong Kong/5738/2014,A/Switzerland/9715293/2013,80
A/Netherlands/525/2014,A/Switzerland/9715293/2013,40
A/Netherlands/773/2014,A/Switzerland/9715293/2013,<40
A/Netherlands/778/2014,A/Switzerland/9715293/2013,40
A/Netherlands/779/2014,A/Switzerland/9715293/2013,40
A/Khabarovsk/1/2015,A/Switzerland/9715293/2013,160
A/Levice/84/2015,A/Switzerland/9715293/2013,<40
A/Kosice/128/2015,A/Switzerland/9715293/2013,40
A/Khabarovsk/3/2015,A/Switzerland/9715293/2013,160
A/Khabarovsk/12/2015,A/Switzerland/9715293/2013,<40
A/St Petersburg/14/2015,A/Switzerland/9715293/2013,<40
A/Netherlands/1018/2015,A/Switzerland/9715293/2013,40
A/Partizanske/131/2015,A/Switzerland/9715293/2013,40
A/Kaliningrad/4/2015,A/Switzerland/9715293/2013,<40
A/St Petersburg/21/2015,A/Switzerland/9715293/2013,160
A/Trnava/176/2015,A/Switzerland/9715293/2013,<40
A/Netherlands/1034/2015,A/Switzerland/9715293/2013,40
A/Nove Zamky/201/2015,A/Switzerland/9715293/2013,<40
A/Nitra/205/2015,A/Switzerland/9715293/2013,40
A/Poprad/237/2015,A/Switzerland/9715293/2013,40
A/St Petersburg/119/2015,A/Switzerland/9715293/2013,160
A/St Petersburg/134/2015,A/Switzerland/9715293/2013,40
A/Bratislava/329/2015,A/Switzerland/9715293/2013,40
A/St Petersburg/57/2015,A/Switzerland/9715293/2013,80
A/Netherlands/1497/2015,A/Switzerland/9715293/2013,<40
A/Netherlands/1726/2015,A/Switzerland/9715293/2013,80
A/Bratislava/437/2015,A/Switzerland/9715293/2013,40
A/Trencin/558/2015,A/Switzerland/9715293/2013,<40
A/Netherlands/1903/2015,A/Switzerland/9715293/2013,40
A/Netherlands/1916/2015,A/Switzerland/9715293/2013,80
A/Komarno/618/2015,A/Switzerland/9715293/2013,40
A/St Petersburg/28/2015,A/Switzerland/9715293/2013,40
A/Perth/16/2009,A/Switzerland/9715293/2013,40
A/Texas/50/2012,A/Switzerland/9715293/2013,640
A/Samara/73/2013,A/Switzerland/9715293/2013,320
A/Hong Kong/146/2013,A/Switzerland/9715293/2013,640
A/Stockholm/6/2014,A/Switzerland/9715293/2013,80
A/Stockholm/6/2014,A/Switzerland/9715293/2013,640
A/Switzerland/9715293/2013,A/Switzerland/9715293/2013,80
A/Switzerland/9715293/2013,A/Switzerland/9715293/2013,640
A/Hong Kong/5738/2014,A/Switzerland/9715293/2013,80
A/Hong Kong/5738/2014,A/Switzerland/9715293/2013,40
A/Netherlands/525/2014,A/Switzerland/9715293/2013,40
A/Netherlands/773/2014,A/Switzerland/9715293/2013,<40
A/Netherlands/778/2014,A/Switzerland/9715293/2013,40
A/Netherlands/779/2014,A/Switzerland/9715293/2013,40
A/Khabarovsk/1/2015,A/Switzerland/9715293/2013,80
A/Levice/84/2015,A/Switzerland/9715293/2013,<40
A/Kosice/128/2015,A/Switzerland/9715293/2013,80
A/Khabarovsk/3/2015,A/Switzerland/9715293/2013,80
A/Khabarovsk/12/2015,A/Switzerland/9715293/2013,<40
A/St Petersburg/14/2015,A/Switzerland/9715293/2013,<40
A/Netherlands/1018/2015,A/Switzerland/9715293/2013,40
A/Partizanske/131/2015,A/Switzerland/9715293/2013,160
A/Kaliningrad/4/2015,A/Switzerland/9715293/2013,40
A/St Petersburg/21/2015,A/Switzerland/9715293/2013,80
A/Trnava/176/2015,A/Switzerland/9715293/2013,<40
A/Netherlands/1034/2015,A/Switzerland/9715293/2013,40
A/Nove Zamky/201/2015,A/Switzerland/9715293/2013,<40
A/Nitra/205/2015,A/Switzerland/9715293/2013,40
A/Poprad/237/2015,A/Switzerland/9715293/2013,80
A/St Petersburg/119/2015,A/Switzerland/9715293/2013,80
A/St Petersburg/134/2015,A/Switzerland/9715293/2013,<40
A/Bratislava/329/2015,A/Switzerland/9715293/2013,80
A/St Petersburg/57/2015,A/Switzerland/9715293/2013,40
A/Netherlands/1497/2015,A/Switzerland/9715293/2013,<40
A/Netherlands/1726/2015,A/Switzerland/9715293/2013,160
A/Bratislava/437/2015,A/Switzerland/9715293/2013,80
A/Trencin/558/2015,A/Switzerland/9715293/2013,<40
A/Netherlands/1903/2015,A/Switzerland/9715293/2013,40
A/Netherlands/1916/2015,A/Switzerland/9715293/2013,80
A/Komarno/618/2015,A/Switzerland/9715293/2013,40
A/St Petersburg/28/2015,A/Switzerland/9715293/2013,40
A/Perth/16/2009,A/Hong Kong/5738/2014,<40
A/Texas/50/2012,A/Hong Kong/5738/2014,160
A/Samara/73/2013,A/Hong Kong/5738/2014,320
A/Hong Kong/146/2013,A/Hong Kong/5738/2014,320
A/Stockholm/6/2014,A/Hong Kong/5738/2014,80
A/Stockholm/6/2014,A/Hong Kong/5738/2014,160
A/Switzerland/9715293/2013,A/Hong Kong/5738/2014,160
A/Switzerland/9715293/2013,A/Hong Kong/5738/2014,320
A/Hong Kong/5738/2014,A/Hong Kong/5738/2014,160
A/Hong Kong/5738/2014,A/Hong Kong/5738/2014,320
A/Netherlands/525/2014,A/Hong Kong/5738/2014,80
A/Netherlands/773/2014,A/Hong Kong/5738/2014,40
A/Netherlands/778/2014,A/Hong Kong/5738/2014,80
A/Netherlands/779/2014,A/Hong Kong/5738/2014,80
A/Khabarovsk/1/2015,A/Hong Kong/5738/2014,160
A/Levice/84/2015,A/Hong Kong/5738/2014,160
A/Kosice/128/2015,A/Hong Kong/5738/2014,80
A/Khabarovsk/3/2015,A/Hong Kong/5738/2014,160
A/Khabarovsk/12/2015,A/Hong Kong/5738/2014,<40
A/St Petersburg/14/2015,A/Hong Kong/5738/2014,80
A/Netherlands/1018/2015,A/Hong Kong/5738/2014,80
A/Partizanske/131/2015,A/Hong Kong/5738/2014,160
A/Kaliningrad/4/2015,A/Hong Kong/5738/2014,80
A/St Petersburg/21/2015,A/Hong Kong/5738/2014,320
A/Trnava/176/2015,A/Hong Kong/5738/2014,80
A/Netherlands/1034/2015,A/Hong Kong/5738/2014,80
A/Nove Zamky/201/2015,A/Hong Kong/5738/2014,160
A/Nitra/205/2015,A/Hong Kong/5738/2014,80
A/Poprad/237/2015,A/Hong Kong/5738/2014,80
A/St Petersburg/119/2015,A/Hong Kong/5738/2014,160
A/St Petersburg/134/2015,A/Hong Kong/5738/2014,160
A/Bratislava/329/2015,A/Hong Kong/5738/2014,80
A/St Petersburg/57/2015,A/Hong Kong/5738/2014,80
A/Netherlands/1497/2015,A/Hong Kong/5738/2014,40
A/Netherlands/1726/2015,A/Hong Kong/5738/2014,160
A/Bratislava/437/2015,A/Hong Kong/5738/2014,80
A/Trencin/558/2015,A/Hong Kong/5738/2014,80
A/Netherlands/1903/2015,A/Hong Kong/5738/2014,160
A/Netherlands/1916/2015,A/Hong Kong/5738/2014,80
A/Komarno/618/2015,A/Hong Kong/5738/2014,80
A/St Petersburg/28/2015,A/Hong Kong/5738/2014,160
A/Perth/16/2009,A/Hong Kong/5738/2014,<40
A/Texas/50/2012,A/Hong Kong/5738/2014,80
A/Samara/73/2013,A/Hong Kong/5738/2014,80
A/Hong Kong/146/2013,A/Hong Kong/5738/2014,80
A/Stockholm/6/2014,A/Hong Kong/5738/2014,40
A/Stockholm/6/2014,A/Hong Kong/5738/2014,40
A/Switzerland/9715293/2013,A/Hong Kong/5738/2014,40
A/Switzerland/9715293/2013,A/Hong Kong/5738/2014,80
A/Hong Kong/5738/2014,A/Hong Kong/5738/2014,40
A/Hong Kong/5738/2014,A/Hong Kong/5738/2014,1280
A/Netherlands/525/2014,A/Hong Kong/5738/2014,<40
A/Netherlands/773/2014,A/Hong Kong/5738/2014,<40
A/Netherlands/778/2014,A/Hong Kong/5738/2014,<40
A/Netherlands/779/2014,A/Hong Kong/5738/2014,<40
A/Khabarovsk/1/2015,A/Hong Kong/5738/2014,40
A/Levice/84/2015,A/Hong Kong/5738/2014,<40
A/Kosice/128/2015,A/Hong Kong/5738/2014,<40
A/Khabarovsk/3/2015,A/Hong Kong/5738/2014,40
A/Khabarovsk/12/2015,A/Hong Kong/5738/2014,<40
A/St Petersburg/14/2015,A/Hong Kong/5738/2014,<40
A/Netherlands/1018/2015,A/Hong Kong/5738/2014,<40
A/Partizanske/131/2015,A/Hong Kong/5738/2014,40
A/Kaliningrad/4/2015,A/Hong Kong/5738/2014,40
A/St Petersburg/21/2015,A/Hong Kong/5738/2014,40
A/Trnava/176/2015,A/Hong Kong/5738/2014,<40
A/Netherlands/1034/2015,A/Hong Kong/5738/2014,<40
A/Nove Zamky/201/2015,A/Hong Kong/5738/2014,<40
A/Nitra/205/2015,A/Hong Kong/5738/2014,<40
A/Poprad/237/2015,A/Hong Kong/5738/2014,<40
A/St Petersburg/119/2015,A/Hong Kong/5738/2014,40
A/St Petersburg/134/2015,A/Hong Kong/5738/2014,<40
A/Bratislava/329/2015,A/Hong Kong/5738/2014,<40
A/St Petersburg/57/2015,A/Hong Kong/5738/2014,<40
A/Netherlands/1497/2015,A/Hong Kong/5738/2014,<40
A/Netherlands/1726/2015,A/Hong Kong/5738/2014,40
A/Bratislava/437/2015,A/Hong Kong/5738/2014,<40
A/Trencin/558/2015,A/Hong Kong/5738/2014,<40
A/Netherlands/1903/2015,A/Hong Kong/5738/2014,<40
A/Netherlands/1916/2015,A/Hong Kong/5738/2014,<40
A/Komarno/618/2015,A/Hong Kong/5738/2014,<40
A/St Petersburg/28/2015,A/Hong Kong/5738/2014,40
A/Perth/16/2009,A/Netherlands/525/2014,80
A/Texas/50/2012,A/Netherlands/525/2014,640
A/Samara/73/2013,A/Netherlands/525/2014,640
A/Hong Kong/146/2013,A/Netherlands/525/2014,320
A/Stockholm/6/2014,A/Netherlands/525/2014,40
A/Stockholm/6/2014,A/Netherlands/525/2014,80
A/Switzerland/9715293/2013,A/Netherlands/525/2014,40
A/Switzerland/9715293/2013,A/Netherlands/525/2014,80
A/Hong Kong/5738/2014,A/Netherlands/525/2014,40
A/Hong Kong/5738/2014,A/Netherlands/525/2014,80
A/Netherlands/525/2014,A/Netherlands/525/2014,640
A/Netherlands/773/2014,A/Netherlands/525/2014,160
A/Netherlands/778/2014,A/Netherlands/525/2014,320
A/Netherlands/779/2014,A/Netherlands/525/2014,320
A/Khabarovsk/1/2015,A/Netherlands/525/2014,40
A/Levice/84/2015,A/Netherlands/525/2014,<40
A/Kosice/128/2015,A/Netherlands/525/2014,640
A/Khabarovsk/3/2015,A/Netherlands/525/2014,40
A/Khabarovsk/12/2015,A/Netherlands/525/2014,<40
A/St Petersburg/14/2015,A/Netherlands/525/2014,<40
A/Netherlands/1018/2015,A/Netherlands/525/2014,640
A/Partizanske/131/2015,A/Netherlands/525/2014,1280
A/Kaliningrad/4/2015,A/Netherlands/525/2014,<40
A/St Petersburg/21/2015,A/Netherlands/525/2014,40
A/Trnava/176/2015,A/Netherlands/525/2014,<40
A/Netherlands/1034/2015,A/Netherlands/525/2014,640
A/Nove Zamky/201/2015,A/Netherlands/525/2014,<40
A/Nitra/205/2015,A/Netherlands/525/2014,1280
A/Poprad/237/2015,A/Netherlands/525/2014,640
A/St Petersburg/119/2015,A/Netherlands/525/2014,40
A/St Petersburg/134/2015,A/Netherlands/525/2014,<40
A/Bratislava/329/2015,A/Netherlands/525/2014,320
A/St Petersburg/57/2015,A/Netherlands/525/2014,40
A/Netherlands/1497/2015,A/Netherlands/525/2014,320
A/Netherlands/1726/2015,A/Netherlands/525/2014,1280
A/Bratislava/437/2015,A/Netherlands/525/2014,640
A/Trencin/558/2015,A/Netherlands/525/2014,<40
A/Netherlands/1903/2015,A/Netherlands/525/2014,<40
A/Netherlands/1916/2015,A/Netherlands/525/2014,1280
A/Komarno/618/2015,A/Netherlands/525/2014,640
A/St Petersburg/28/2015,A/Netherlands/525/2014,<40
A/Perth/16/2009,A/Perth/16/2009,320
A/Texas/50/2012,A/Perth/16/2009,320
A/Samara/73/2013,A/Perth/16/2009,160
A/Hong Kong/146/2013,A/Perth/16/2009,320
A/Stockholm/6/2014,A/Perth/16/2009,<40
A/Stockholm/6/2014,A/Perth/16/2009,80
A/Switzerland/9715293/2013,A/Perth/16/2009,<40
A/Switzerland/9715293/2013,A/Perth/16/2009,<40
A/Hong Kong/5738/2014,A/Perth/16/2009,<40
A/Hong Kong/5738/2014,A/Perth/16/2009,40
A/Netherlands/525/2014,A/Perth/16/2009,80
A/Hong Kong/4801/2014,A/Perth/16/2009,<40
A/Hong Kong/4801/2014,A/Perth/16/2009,<40
A/Hong Kong/7127/2014,A/Perth/16/2009,40
A/Hong Kong/7127/2014,A/Perth/16/2009,40
A/N. Novgorod/303/2014,A/Perth/16/2009,<40
A/Vladimir/135/2015,A/Perth/16/2009,<40
A/Vladivostok/36/2015,A/Perth/16/2009,<40
A/Moscow/103/2015,A/Perth/16/2009,<40
A/Tomsk/5/2015,A/Perth/16/2009,<40
A/Moscow/101/2015,A/Perth/16/2009,40
A/Moscow/100/2015,A/Perth/16/2009,<40
A/Moscow/133/2015,A/Perth/16/2009,<40
A/Perth/16/2009,A/Texas/50/2012,320
A/Texas/50/2012,A/Texas/50/2012,5120
A/Samara/73/2013,A/Texas/50/2012,1280
A/Hong Kong/146/2013,A/Texas/50/2012,2560
A/Stockholm/6/2014,A/Texas/50/2012,80
A/Stockholm/6/2014,A/Texas/50/2012,640
A/Switzerland/9715293/2013,A/Texas/50/2012,40
A/Switzerland/9715293/2013,A/Texas/50/2012,640
A/Hong Kong/5738/2014,A/Texas/50/2012,80
A/Hong Kong/5738/2014,A/Texas/50/2012,80
A/Netherlands/525/2014,A/Texas/50/2012,320
A/Hong Kong/4801/2014,A/Texas/50/2012,40
A/Hong Kong/4801/2014,A/Texas/50/2012,40
A/Hong Kong/7127/2014,A/Texas/50/2012,40
A/Hong Kong/7127/2014,A/Texas/50/2012,40
A/N. Novgorod/303/2014,A/Texas/50/2012,40
A/Vladimir/135/2015,A/Texas/50/2012,40
A/Vladivostok/36/2015,A/Texas/50/2012,80
A/Moscow/103/2015,A/Texas/50/2012,40
A/Tomsk/5/2015,A/Texas/50/2012,80
A/Moscow/101/2015,A/Texas/50/2012,160
A/Moscow/100/2015,A/Texas/50/2012,80
A/Moscow/133/2015,A/Texas/50/2012,80
A/Perth/16/2009,A/Samara/73/2013,80
A/Texas/50/2012,A/Samara/73/2013,640
A/Samara/73/2013,A/Samara/73/2013,640
A/Hong Kong/146/2013,A/Samara/73/2013,640
A/Stockholm/6/2014,A/Samara/73/2013,160
A/Stockholm/6/2014,A/Samara/73/2013,80
A/Switzerland/9715293/2013,A/Samara/73/2013,80
A/Switzerland/9715293/2013,A/Samara/73/2013,160
A/Hong Kong/5738/2014,A/Samara/73/2013,160
A/Hong Kong/5738/2014,A/Samara/73/2013,80
A/Netherlands/525/2014,A/Samara/73/2013,160
A/Hong Kong/4801/2014,A/Samara/73/2013,40
A/Hong Kong/4801/2014,A/Samara/73/2013,40
A/Hong Kong/7127/2014,A/Samara/73/2013,80
A/Hong Kong/7127/2014,A/Samara/73/2013,80
A/N. Novgorod/303/2014,A/Samara/73/2013,80
A/Vladimir/135/2015,A/Samara/73/2013,40
A/Vladivostok/36/2015,A/Samara/73/2013,80
A/Moscow/103/2015,A/Samara/73/2013,40
A/Tomsk/5/2015,A/Samara/73/2013,80
A/Moscow/101/2015,A/Samara/73/2013,80
A/Moscow/100/2015,A/Samara/73/2013,80
A/Moscow/133/2015,A/Samara/73/2013,160
A/Perth/16/2009,A/Hong Kong/146/2013,80
A/Texas/50/2012,A/Hong Kong/146/2013,320
A/Samara/73/2013,A/Hong Kong/146/2013,320
A/Hong Kong/146/2013,A/Hong Kong/146/2013,640
A/Stockholm/6/2014,A/Hong Kong/146/2013,80
A/Stockholm/6/2014,A/Hong Kong/146/2013,40
A/Switzerland/9715293/2013,A/Hong Kong/146/2013,40
A/Switzerland/9715293/2013,A/Hong Kong/146/2013,80
A/Hong Kong/5738/2014,A/Hong Kong/146/2013,80
A/Hong Kong/5738/2014,A/Hong Kong/146/2013,<40
A/Netherlands/525/2014,A/Hong Kong/146/2013,80
A/Hong Kong/4801/2014,A/Hong Kong/146/2013,<40
A/Hong Kong/4801/2014,A/Hong Kong/146/2013,<40
A/Hong Kong/7127/2014,A/Hong Kong/146/2013,<40
A/Hong Kong/7127/2014,A/Hong Kong/146/2013,40
A/N. Novgorod/303/2014,A/Hong Kong/146/2013,40
A/Vladimir/135/2015,A/Hong Kong/146/2013,40
A/Vladivostok/36/2015,A/Hong Kong/146/2013,40
A/Moscow/103/2015,A/Hong Kong/146/2013,<40
A/Tomsk/5/2015,A/Hong Kong/146/2013,40
A/Moscow/101/2015,A/Hong Kong/146/2013,40
A/Moscow/100/2015,A/Hong Kong/146/2013,40
A/Moscow/133/2015,A/Hong Kong/146/2013,80
A/Perth/16/2009,A/Stockholm/6/2014,40
A/Texas/50/2012,A/Stockholm/6/2014,320
A/Samara/73/2013,A/Stockholm/6/2014,640
A/Hong Kong/146/2013,A/Stockholm/6/2014,160
A/Stockholm/6/2014,A/Stockholm/6/2014,320
A/Stockholm/6/2014,A/Stockholm/6/2014,160
A/Switzerland/9715293/2013,A/Stockholm/6/2014,160
A/Switzerland/9715293/2013,A/Stockholm/6/2014,160
A/Hong Kong/5738/2014,A/Stockholm/6/2014,160
A/Hong Kong/5738/2014,A/Stockholm/6/2014,160
A/Netherlands/525/2014,A/Stockholm/6/2014,160
A/Hong Kong/4801/2014,A/Stockholm/6/2014,80
A/Hong Kong/4801/2014,A/Stockholm/6/2014,40
A/Hong Kong/7127/2014,A/Stockholm/6/2014,80
A/Hong Kong/7127/2014,A/Stockholm/6/2014,80
A/N. Novgorod/303/2014,A/Stockholm/6/2014,160
A/Vladimir/135/2015,A/Stockholm/6/2014,160
A/Vladivostok/36/2015,A/Stockholm/6/2014,320
A/Moscow/103/2015,A/Stockholm/6/2014,80
A/Tomsk/5/2015,A/Stockholm/6/2014,160
A/Moscow/101/2015,A/Stockholm/6/2014,160
A/Moscow/100/2015,A/Stockholm/6/2014,160
A/Moscow/133/2015,A/Stockholm/6/2014,320
A/Perth/16/2009,A/Stockholm/6/2014,80
A/Texas/50/2012,A/Stockholm/6/2014,640
A/Samara/73/2013,A/Stockholm/6/2014,320
A/Hong Kong/146/2013,A/Stockholm/6/2014,640
A/Stockholm/6/2014,A/Stockholm/6/2014,160
A/Stockholm/6/2014,A/Stockholm/6/2014,320
A/Switzerland/9715293/2013,A/Stockholm/6/2014,80
A/Switzerland/9715293/2013,A/Stockholm/6/2014,320
A/Hong Kong/5738/2014,A/Stockholm/6/2014,80
A/Hong Kong/5738/2014,A/Stockholm/6/2014,80
A/Netherlands/525/2014,A/Stockholm/6/2014,80
A/Hong Kong/4801/2014,A/Stockholm/6/2014,40
A/Hong Kong/4801/2014,A/Stockholm/6/2014,40
A/Hong Kong/7127/2014,A/Stockholm/6/2014,80
A/Hong Kong/7127/2014,A/Stockholm/6/2014,80
A/N. Novgorod/303/2014,A/Stockholm/6/2014,80
A/Vladimir/135/2015,A/Stockholm/6/2014,40
A/Vladivostok/36/2015,A/Stockholm/6/2014,160
A/Moscow/103/2015,A/Stockholm/6/2014,40
A/Tomsk/5/2015,A/Stockholm/6/2014,80
A/Moscow/101/2015,A/Stockholm/6/2014,80
A/Moscow/100/2015,A/Stockholm/6/2014,80
A/Moscow/133/2015,A/Stockholm/6/2014,80
A/Perth/16/2009,A/Switzerland/9715293/2013,<40
A/Texas/50/2012,A/Switzerland/9715293/2013,40
A/Samara/73/2013,A/Switzerland/9715293/2013,80
A/Hong Kong/146/2013,A/Switzerland/9715293/2013,40
A/Stockholm/6/2014,A/Switzerland/9715293/2013,80
A/Stockholm/6/2014,A/Switzerland/9715293/2013,80
A/Switzerland/9715293/2013,A/Switzerland/9715293/2013,40
A/Switzerland/9715293/2013,A/Switzerland/9715293/2013,80
A/Hong Kong/5738/2014,A/Switzerland/9715293/2013,40
A/Hong Kong/5738/2014,A/Switzerland/9715293/2013,40
A/Netherlands/525/2014,A/Switzerland/9715293/2013,<40
A/Hong Kong/4801/2014,A/Switzerland/9715293/2013,<40
A/Hong Kong/4801/2014,A/Switzerland/9715293/2013,40
A/Hong Kong/7127/2014,A/Switzerland/9715293/2013,40
A/Hong Kong/7127/2014,A/Switzerland/9715293/2013,40
A/N. Novgorod/303/2014,A/Switzerland/9715293/2013,<40
A/Vladimir/135/2015,A/Switzerland/9715293/2013,<40
A/Vladivostok/36/2015,A/Switzerland/9715293/2013,80
A/Moscow/103/2015,A/Switzerland/9715293/2013,<40
A/Tomsk/5/2015,A/Switzerland/9715293/2013,<40
A/Moscow/101/2015,A/Switzerland/9715293/2013,<40
A/Moscow/100/2015,A/Switzerland/9715293/2013,<40
A/Moscow/133/2015,A/Switzerland/9715293/2013,<40
A/Perth/16/2009,A/Switzerland/9715293/2013,<40
A/Texas/50/2012,A/Switzerland/9715293/2013,320
A/Samara/73/2013,A/Switzerland/9715293/2013,320
A/Hong Kong/146/2013,A/Switzerland/9715293/2013,320
A/Stockholm/6/2014,A/Switzerland/9715293/2013,80
A/Stockholm/6/2014,A/Switzerland/9715293/2013,320
A/Switzerland/9715293/2013,A/Switzerland/9715293/2013,40
A/Switzerland/9715293/2013,A/Switzerland/9715293/2013,320
A/Hong Kong/5738/2014,A/Switzerland/9715293/2013,40
A/Hong Kong/5738/2014,A/Switzerland/9715293/2013,<40
A/Netherlands/525/2014,A/Switzerland/9715293/2013,40
A/Hong Kong/4801/2014,A/Switzerland/9715293/2013,<40
A/Hong Kong/4801/2014,A/Switzerland/9715293/2013,<40
A/Hong Kong/7127/2014,A/Switzerland/9715293/2013,<40
A/Hong Kong/7127/2014,A/Switzerland/9715293/2013,40
A/N. Novgorod/303/2014,A/Switzerland/9715293/2013,<40
A/Vladimir/135/2015,A/Switzerland/9715293/2013,<40
A/Vladivostok/36/2015,A/Switzerland/9715293/2013,40
A/Moscow/103/2015,A/Switzerland/9715293/2013,<40
A/Tomsk/5/2015,A/Switzerland/9715293/2013,<40
A/Moscow/101/2015,A/Switzerland/9715293/2013,<40
A/Moscow/100/2015,A/Switzerland/9715293/2013,<40
A/Moscow/133/2015,A/Switzerland/9715293/2013,40
A/Perth/16/2009,A/Hong Kong/5738/2014,<40
A/Texas/50/2012,A/Hong Kong/5738/2014,160
A/Samara/73/2013,A/Hong Kong/5738/2014,160
A/Hong Kong/146/2013,A/Hong Kong/5738/2014,320
A/Stockholm/6/2014,A/Hong Kong/5738/2014,80
A/Stockholm/6/2014,A/Hong Kong/5738/2014,160
A/Switzerland/9715293/2013,A/Hong Kong/5738/2014,80
A/Switzerland/9715293/2013,A/Hong Kong/5738/2014,160
A/Hong Kong/5738/2014,A/Hong Kong/5738/2014,160
A/Hong Kong/5738/2014,A/Hong Kong/5738/2014,160
A/Netherlands/525/2014,A/Hong Kong/5738/2014,40
A/Hong Kong/4801/2014,A/Hong Kong/5738/2014,160
A/Hong Kong/4801/2014,A/Hong Kong/5738/2014,160
A/Hong Kong/7127/2014,A/Hong Kong/5738/2014,160
A/Hong Kong/7127/2014,A/Hong Kong/5738/2014,160
A/N. Novgorod/303/2014,A/Hong Kong/5738/2014,80
A/Vladimir/135/2015,A/Hong Kong/5738/2014,80
A/Vladivostok/36/2015,A/Hong Kong/5738/2014,80
A/Moscow/103/2015,A/Hong Kong/5738/2014,<40
A/Tomsk/5/2015,A/Hong Kong/5738/2014,80
A/Moscow/101/2015,A/Hong Kong/5738/2014,40
A/Moscow/100/2015,A/Hong Kong/5738/2014,80
A/Moscow/133/2015,A/Hong Kong/5738/2014,80
A/Perth/16/2009,A/Hong Kong/5738/2014,<40
A/Texas/50/2012,A/Hong Kong/5738/2014,80
A/Samara/73/2013,A/Hong Kong/5738/2014,80
A/Hong Kong/146/2013,A/Hong Kong/5738/2014,40
A/Stockholm/6/2014,A/Hong Kong/5738/2014,40
A/Stockholm/6/2014,A/Hong Kong/5738/2014,<40
A/Switzerland/9715293/2013,A/Hong Kong/5738/2014,<40
A/Switzerland/9715293/2013,A/Hong Kong/5738/2014,<40
A/Hong Kong/5738/2014,A/Hong Kong/5738/2014,40
A/Hong Kong/5738/2014,A/Hong Kong/5738/2014,640
A/Netherlands/525/2014,A/Hong Kong/5738/2014,<40
A/Hong Kong/4801/2014,A/Hong Kong/5738/2014,640
A/Hong Kong/4801/2014,A/Hong Kong/5738/2014,640
A/Hong Kong/7127/2014,A/Hong Kong/5738/2014,320
A/Hong Kong/7127/2014,A/Hong Kong/5738/2014,320
A/N. Novgorod/303/2014,A/Hong Kong/5738/2014,<40
A/Vladimir/135/2015,A/Hong Kong/5738/2014,<40
A/Vladivostok/36/2015,A/Hong Kong/5738/2014,<40
A/Moscow/103/2015,A/Hong Kong/5738/2014,<40
A/Tomsk/5/2015,A/Hong Kong/5738/2014,<40
A/Moscow/101/2015,A/Hong Kong/5738/2014,<40
A/Moscow/100/2015,A/Hong Kong/5738/2014,<40
A/Moscow/133/2015,A/Hong Kong/5738/2014,<40
A/Perth/16/2009,A/Netherlands/525/2014,40
A/Texas/50/2012,A/Netherlands/525/2014,320
A/Samara/73/2013,A/Netherlands/525/2014,320
A/Hong Kong/146/2013,A/Netherlands/525/2014,320
A/Stockholm/6/2014,A/Netherlands/525/2014,40
A/Stockholm/6/2014,A/Netherlands/525/2014,80
A/Switzerland/9715293/2013,A/Netherlands/525/2014,<40
A/Switzerland/9715293/2013,A/Netherlands/525/2014,40
A/Hong Kong/5738/2014,A/Netherlands/525/2014,<40
A/Hong Kong/5738/2014,A/Netherlands/525/2014,40
A/Netherlands/525/2014,A/Netherlands/525/2014,640
A/Hong Kong/4801/2014,A/Netherlands/525/2014,40
A/Hong Kong/4801/2014,A/Netherlands/525/2014,40
A/Hong Kong/7127/2014,A/Netherlands/525/2014,40
A/Hong Kong/7127/2014,A/Netherlands/525/2014,40
A/N. Novgorod/303/2014,A/Netherlands/525/2014,<40
A/Vladimir/135/2015,A/Netherlands/525/2014,<40
A/Vladivostok/36/2015,A/Netherlands/525/2014,<40
A/Moscow/103/2015,A/Netherlands/525/2014,<40
A/Tomsk/5/2015,A/Netherlands/525/2014,<40
A/Moscow/101/2015,A/Netherlands/525/2014,320
A/Moscow/100/2015,A/Netherlands/525/2014,<40
A/Moscow/133/2015,A/Netherlands/525/2014,<40
A/Perth/16/2009,A/Hong Kong/4801/2014,*
A/Texas/50/2012,A/Hong Kong/4801/2014,*
A/Samara/73/2013,A/Hong Kong/4801/2014,*
A/Hong Kong/146/2013,A/Hong Kong/4801/2014,*
A/Stockholm/6/2014,A/Hong Kong/4801/2014,*
A/Stockholm/6/2014,A/Hong Kong/4801/2014,*
A/Switzerland/9715293/2013,A/Hong Kong/4801/2014,*
A/Switzerland/9715293/2013,A/Hong Kong/4801/2014,40
A/Hong Kong/5738/2014,A/Hong Kong/4801/2014,*
A/Hong Kong/5738/2014,A/Hong Kong/4801/2014,*
A/Netherlands/525/2014,A/Hong Kong/4801/2014,80
A/Hong Kong/4801/2014,A/Hong Kong/4801/2014,160
A/Hong Kong/4801/2014,A/Hong Kong/4801/2014,160
A/Hong Kong/7127/2014,A/Hong Kong/4801/2014,160
A/Hong Kong/7127/2014,A/Hong Kong/4801/2014,160
A/N. Novgorod/303/2014,A/Hong Kong/4801/2014,*
A/Vladimir/135/2015,A/Hong Kong/4801/2014,*
A/Vladivostok/36/2015,A/Hong Kong/4801/2014,40
A/Moscow/103/2015,A/Hong Kong/4801/2014,<40
A/Tomsk/5/2015,A/Hong Kong/4801/2014,*
A/Moscow/101/2015,A/Hong Kong/4801/2014,*
A/Moscow/100/2015,A/Hong Kong/4801/2014,*
A/Moscow/133/2015,A/Hong Kong/4801/2014,*
A/Perth/16/2009,A/Hong Kong/4801/2014,*
A/Texas/50/2012,A/Hong Kong/4801/2014,*
A/Samara/73/2013,A/Hong Kong/4801/2014,*
A/Hong Kong/146/2013,A/Hong Kong/4801/2014,*
A/Stockholm/6/2014,A/Hong Kong/4801/2014,*
A/Stockholm/6/2014,A/Hong Kong/4801/2014,*
A/Switzerland/9715293/2013,A/Hong Kong/4801/2014,*
A/Switzerland/9715293/2013,A/Hong Kong/4801/2014,<40
A/Hong Kong/5738/2014,A/Hong Kong/4801/2014,*
A/Hong Kong/5738/2014,A/Hong Kong/4801/2014,*
A/Netherlands/525/2014,A/Hong Kong/4801/2014,80
A/Hong Kong/4801/2014,A/Hong Kong/4801/2014,1280
A/Hong Kong/4801/2014,A/Hong Kong/4801/2014,1280
A/Hong Kong/7127/2014,A/Hong Kong/4801/2014,1280
A/Hong Kong/7127/2014,A/Hong Kong/4801/2014,640
A/N. Novgorod/303/2014,A/Hong Kong/4801/2014,*
A/Vladimir/135/2015,A/Hong Kong/4801/2014,*
A/Vladivostok/36/2015,A/Hong Kong/4801/2014,40
A/Moscow/103/2015,A/Hong Kong/4801/2014,<40
A/Tomsk/5/2015,A/Hong Kong/4801/2014,*
A/Moscow/101/2015,A/Hong Kong/4801/2014,*
A/Moscow/100/2015,A/Hong Kong/4801/2014,*
A/Moscow/133/2015,A/Hong Kong/4801/2014,*
A/Perth/16/2009,A/Hong Kong/7127/2014,*
A/Texas/50/2012,A/Hong Kong/7127/2014,*
A/Samara/73/2013,A/Hong Kong/7127/2014,*
A/Hong Kong/146/2013,A/Hong Kong/7127/2014,*
A/Stockholm/6/2014,A/Hong Kong/7127/2014,*
A/Stockholm/6/2014,A/Hong Kong/7127/2014,*
A/Switzerland/9715293/2013,A/Hong Kong/7127/2014,*
A/Switzerland/9715293/2013,A/Hong Kong/7127/2014,80
A/Hong Kong/5738/2014,A/Hong Kong/7127/2014,*
A/Hong Kong/5738/2014,A/Hong Kong/7127/2014,*
A/Netherlands/525/2014,A/Hong Kong/7127/2014,80
A/Hong Kong/4801/2014,A/Hong Kong/7127/2014,640
A/Hong Kong/4801/2014,A/Hong Kong/7127/2014,640
A/Hong Kong/7127/2014,A/Hong Kong/7127/2014,640
A/Hong Kong/7127/2014,A/Hong Kong/7127/2014,640
A/N. Novgorod/303/2014,A/Hong Kong/7127/2014,*
A/Vladimir/135/2015,A/Hong Kong/7127/2014,*
A/Vladivostok/36/2015,A/Hong Kong/7127/2014,80
A/Moscow/103/2015,A/Hong Kong/7127/2014,80
A/Tomsk/5/2015,A/Hong Kong/7127/2014,*
A/Moscow/101/2015,A/Hong Kong/7127/2014,*
A/Moscow/100/2015,A/Hong Kong/7127/2014,*
A/Moscow/133/2015,A/Hong Kong/7127/2014,*
A/Perth/16/2009,A/Hong Kong/7127/2014,*
A/Texas/50/2012,A/Hong Kong/7127/2014,*
A/Samara/73/2013,A/Hong Kong/7127/2014,*
A/Hong Kong/146/2013,A/Hong Kong/7127/2014,*
A/Stockholm/6/2014,A/Hong Kong/7127/2014,*
A/Stockholm/6/2014,A/Hong Kong/7127/2014,*
A/Switzerland/9715293/2013,A/Hong Kong/7127/2014,*
A/Switzerland/9715293/2013,A/Hong Kong/7127/2014,40
A/Hong Kong/5738/2014,A/Hong Kong/7127/2014,*
A/Hong Kong/5738/2014,A/Hong Kong/7127/2014,*
A/Netherlands/525/2014,A/Hong Kong/7127/2014,40
A/Hong Kong/4801/2014,A/Hong Kong/7127/2014,320
A/Hong Kong/4801/2014,A/Hong Kong/7127/2014,640
A/Hong Kong/7127/2014,A/Hong Kong/7127/2014,320
A/Hong Kong/7127/2014,A/Hong Kong/7127/2014,640
A/N. Novgorod/303/2014,A/Hong Kong/7127/2014,*
A/Vladimir/135/2015,A/Hong Kong/7127/2014,*
A/Vladivostok/36/2015,A/Hong Kong/7127/2014,40
A/Moscow/103/2015,A/Hong Kong/7127/2014,<40
A/Tomsk/5/2015,A/Hong Kong/7127/2014,*
A/Moscow/101/2015,A/Hong Kong/7127/2014,*
A/Moscow/100/2015,A/Hong Kong/7127/2014,*
A/Moscow/133/2015,A/Hong Kong/7127/2014,*
A/Perth/16/2009,A/Perth/16/2009,640
A/Texas/50/2012,A/Perth/16/2009,320
A/Samara/73/2013,A/Perth/16/2009,160
A/Hong Kong/146/2013,A/Perth/16/2009,320
A/Stockholm/6/2014,A/Perth/16/2009,<40
A/Stockholm/6/2014,A/Perth/16/2009,160
A/Switzerland/9715293/2013,A/Perth/16/2009,<40
A/Switzerland/9715293/2013,A/Perth/16/2009,40
A/Hong Kong/5738/2014,A/Perth/16/2009,<40
A/Hong Kong/5738/2014,A/Perth/16/2009,<40
A/Netherlands/525/2014,A/Perth/16/2009,40
A/Hong Kong/4801/2014,A/Perth/16/2009,<40
A/Hong Kong/4801/2014,A/Perth/16/2009,<40
A/Hong Kong/7127/2014,A/Perth/16/2009,40
A/Hong Kong/7127/2014,A/Perth/16/2009,<40
A/Hong Kong/7127/2014,A/Perth/16/2009,*
A/South Australia/9/2015,A/Perth/16/2009,<40
A/Fiji/2/2015,A/Perth/16/2009,<40
A/Brisbane/47/2015,A/Perth/16/2009,<40
A/Victoria/503/2015,A/Perth/16/2009,<40
A/Singapore/KK943/2014,A/Perth/16/2009,<40
A/Perth/16/2009,A/Texas/50/2012,320
A/Texas/50/2012,A/Texas/50/2012,2560
A/Samara/73/2013,A/Texas/50/2012,1280
A/Hong Kong/146/2013,A/Texas/50/2012,2560
A/Stockholm/6/2014,A/Texas/50/2012,80
A/Stockholm/6/2014,A/Texas/50/2012,640
A/Switzerland/9715293/2013,A/Texas/50/2012,40
A/Switzerland/9715293/2013,A/Texas/50/2012,640
A/Hong Kong/5738/2014,A/Texas/50/2012,80
A/Hong Kong/5738/2014,A/Texas/50/2012,40
A/Netherlands/525/2014,A/Texas/50/2012,320
A/Hong Kong/4801/2014,A/Texas/50/2012,40
A/Hong Kong/4801/2014,A/Texas/50/2012,40
A/Hong Kong/7127/2014,A/Texas/50/2012,40
A/Hong Kong/7127/2014,A/Texas/50/2012,40
A/Hong Kong/7127/2014,A/Texas/50/2012,*
A/South Australia/9/2015,A/Texas/50/2012,40
A/Fiji/2/2015,A/Texas/50/2012,40
A/Brisbane/47/2015,A/Texas/50/2012,40
A/Victoria/503/2015,A/Texas/50/2012,40
A/Singapore/KK943/2014,A/Texas/50/2012,40
A/Perth/16/2009,A/Samara/73/2013,80
A/Texas/50/2012,A/Samara/73/2013,640
A/Samara/73/2013,A/Samara/73/2013,640
A/Hong Kong/146/2013,A/Samara/73/2013,640
A/Stockholm/6/2014,A/Samara/73/2013,160
A/Stockholm/6/2014,A/Samara/73/2013,80
A/Switzerland/9715293/2013,A/Samara/73/2013,80
A/Switzerland/9715293/2013,A/Samara/73/2013,160
A/Hong Kong/5738/2014,A/Samara/73/2013,160
A/Hong Kong/5738/2014,A/Samara/73/2013,80
A/Netherlands/525/2014,A/Samara/73/2013,160
A/Hong Kong/4801/2014,A/Samara/73/2013,80
A/Hong Kong/4801/2014,A/Samara/73/2013,40
A/Hong Kong/7127/2014,A/Samara/73/2013,80
A/Hong Kong/7127/2014,A/Samara/73/2013,80
A/Hong Kong/7127/2014,A/Samara/73/2013,*
A/South Australia/9/2015,A/Samara/73/2013,40
A/Fiji/2/2015,A/Samara/73/2013,40
A/Brisbane/47/2015,A/Samara/73/2013,40
A/Victoria/503/2015,A/Samara/73/2013,40
A/Singapore/KK943/2014,A/Samara/73/2013,80
A/Perth/16/2009,A/Hong Kong/146/2013,80
A/Texas/50/2012,A/Hong Kong/146/2013,320
A/Samara/73/2013,A/Hong Kong/146/2013,320
A/Hong Kong/146/2013,A/Hong Kong/146/2013,640
A/Stockholm/6/2014,A/Hong Kong/146/2013,80
A/Stockholm/6/2014,A/Hong Kong/146/2013,80
A/Switzerland/9715293/2013,A/Hong Kong/146/2013,40
A/Switzerland/9715293/2013,A/Hong Kong/146/2013,80
A/Hong Kong/5738/2014,A/Hong Kong/146/2013,80
A/Hong Kong/5738/2014,A/Hong Kong/146/2013,<40
A/Netherlands/525/2014,A/Hong Kong/146/2013,80
A/Hong Kong/4801/2014,A/Hong Kong/146/2013,<40
A/Hong Kong/4801/2014,A/Hong Kong/146/2013,<40
A/Hong Kong/7127/2014,A/Hong Kong/146/2013,<40
A/Hong Kong/7127/2014,A/Hong Kong/146/2013,<40
A/Hong Kong/7127/2014,A/Hong Kong/146/2013,*
A/South Australia/9/2015,A/Hong Kong/146/2013,<40
A/Fiji/2/2015,A/Hong Kong/146/2013,<40
A/Brisbane/47/2015,A/Hong Kong/146/2013,<40
A/Victoria/503/2015,A/Hong Kong/146/2013,<40
A/Singapore/KK943/2014,A/Hong Kong/146/2013,<40
A/Perth/16/2009,A/Stockholm/6/2014,40
A/Texas/50/2012,A/Stockholm/6/2014,160
A/Samara/73/2013,A/Stockholm/6/2014,640
A/Hong Kong/146/2013,A/Stockholm/6/2014,80
A/Stockholm/6/2014,A/Stockholm/6/2014,320
A/Stockholm/6/2014,A/Stockholm/6/2014,160
A/Switzerland/9715293/2013,A/Stockholm/6/2014,160
A/Switzerland/9715293/2013,A/Stockholm/6/2014,160
A/Hong Kong/5738/2014,A/Stockholm/6/2014,160
A/Hong Kong/5738/2014,A/Stockholm/6/2014,80
A/Netherlands/525/2014,A/Stockholm/6/2014,160
A/Hong Kong/4801/2014,A/Stockholm/6/2014,80
A/Hong Kong/4801/2014,A/Stockholm/6/2014,40
A/Hong Kong/7127/2014,A/Stockholm/6/2014,80
A/Hong Kong/7127/2014,A/Stockholm/6/2014,80
A/Hong Kong/7127/2014,A/Stockholm/6/2014,80
A/South Australia/9/2015,A/Stockholm/6/2014,<40
A/Fiji/2/2015,A/Stockholm/6/2014,80
A/Brisbane/47/2015,A/Stockholm/6/2014,80
A/Victoria/503/2015,A/Stockholm/6/2014,40
A/Singapore/KK943/2014,A/Stockholm/6/2014,80
A/Perth/16/2009,A/Stockholm/6/2014,80
A/Texas/50/2012,A/Stockholm/6/2014,640
A/Samara/73/2013,A/Stockholm/6/2014,320
A/Hong Kong/146/2013,A/Stockholm/6/2014,640
A/Stockholm/6/2014,A/Stockholm/6/2014,160
A/Stockholm/6/2014,A/Stockholm/6/2014,320
A/Switzerland/9715293/2013,A/Stockholm/6/2014,80
A/Switzerland/9715293/2013,A/Stockholm/6/2014,320
A/Hong Kong/5738/2014,A/Stockholm/6/2014,80
A/Hong Kong/5738/2014,A/Stockholm/6/2014,80
A/Netherlands/525/2014,A/Stockholm/6/2014,80
A/Hong Kong/4801/2014,A/Stockholm/6/2014,80
A/Hong Kong/4801/2014,A/Stockholm/6/2014,40
A/Hong Kong/7127/2014,A/Stockholm/6/2014,80
A/Hong Kong/7127/2014,A/Stockholm/6/2014,80
A/Hong Kong/7127/2014,A/Stockholm/6/2014,80
A/South Australia/9/2015,A/Stockholm/6/2014,40
A/Fiji/2/2015,A/Stockholm/6/2014,80
A/Brisbane/47/2015,A/Stockholm/6/2014,40
A/Victoria/503/2015,A/Stockholm/6/2014,40
A/Singapore/KK943/2014,A/Stockholm/6/2014,80
A/Perth/16/2009,A/Switzerland/9715293/2013,<40
A/Texas/50/2012,A/Switzerland/9715293/2013,40
A/Samara/73/2013,A/Switzerland/9715293/2013,80
A/Hong Kong/146/2013,A/Switzerland/9715293/2013,40
A/Stockholm/6/2014,A/Switzerland/9715293/2013,160
A/Stockholm/6/2014,A/Switzerland/9715293/2013,80
A/Switzerland/9715293/2013,A/Switzerland/9715293/2013,80
A/Switzerland/9715293/2013,A/Switzerland/9715293/2013,80
A/Hong Kong/5738/2014,A/Switzerland/9715293/2013,40
A/Hong Kong/5738/2014,A/Switzerland/9715293/2013,40
A/Netherlands/525/2014,A/Switzerland/9715293/2013,40
A/Hong Kong/4801/2014,A/Switzerland/9715293/2013,40
A/Hong Kong/4801/2014,A/Switzerland/9715293/2013,<40
A/Hong Kong/7127/2014,A/Switzerland/9715293/2013,40
A/Hong Kong/7127/2014,A/Switzerland/9715293/2013,40
A/Hong Kong/7127/2014,A/Switzerland/9715293/2013,40
A/South Australia/9/2015,A/Switzerland/9715293/2013,<40
A/Fiji/2/2015,A/Switzerland/9715293/2013,<40
A/Brisbane/47/2015,A/Switzerland/9715293/2013,<40
A/Victoria/503/2015,A/Switzerland/9715293/2013,<40
A/Singapore/KK943/2014,A/Switzerland/9715293/2013,40
A/Perth/16/2009,A/Switzerland/9715293/2013,<40
A/Texas/50/2012,A/Switzerland/9715293/2013,320
A/Samara/73/2013,A/Switzerland/9715293/2013,320
A/Hong Kong/146/2013,A/Switzerland/9715293/2013,320
A/Stockholm/6/2014,A/Switzerland/9715293/2013,80
A/Stockholm/6/2014,A/Switzerland/9715293/2013,640
A/Switzerland/9715293/2013,A/Switzerland/9715293/2013,40
A/Switzerland/9715293/2013,A/Switzerland/9715293/2013,640
A/Hong Kong/5738/2014,A/Switzerland/9715293/2013,40
A/Hong Kong/5738/2014,A/Switzerland/9715293/2013,40
A/Netherlands/525/2014,A/Switzerland/9715293/2013,80
A/Hong Kong/4801/2014,A/Switzerland/9715293/2013,40
A/Hong Kong/4801/2014,A/Switzerland/9715293/2013,<40
A/Hong Kong/7127/2014,A/Switzerland/9715293/2013,40
A/Hong Kong/7127/2014,A/Switzerland/9715293/2013,40
A/Hong Kong/7127/2014,A/Switzerland/9715293/2013,40
A/South Australia/9/2015,A/Switzerland/9715293/2013,<40
A/Fiji/2/2015,A/Switzerland/9715293/2013,<40
A/Brisbane/47/2015,A/Switzerland/9715293/2013,40
A/Victoria/503/2015,A/Switzerland/9715293/2013,<40
A/Singapore/KK943/2014,A/Switzerland/9715293/2013,40
A/Perth/16/2009,A/Hong Kong/5738/2014,<40
A/Texas/50/2012,A/Hong Kong/5738/2014,160
A/Samara/73/2013,A/Hong Kong/5738/2014,160
A/Hong Kong/146/2013,A/Hong Kong/5738/2014,320
A/Stockholm/6/2014,A/Hong Kong/5738/2014,160
A/Stockholm/6/2014,A/Hong Kong/5738/2014,160
A/Switzerland/9715293/2013,A/Hong Kong/5738/2014,80
A/Switzerland/9715293/2013,A/Hong Kong/5738/2014,160
A/Hong Kong/5738/2014,A/Hong Kong/5738/2014,160
A/Hong Kong/5738/2014,A/Hong Kong/5738/2014,160
A/Netherlands/525/2014,A/Hong Kong/5738/2014,40
A/Hong Kong/4801/2014,A/Hong Kong/5738/2014,160
A/Hong Kong/4801/2014,A/Hong Kong/5738/2014,80
A/Hong Kong/7127/2014,A/Hong Kong/5738/2014,160
A/Hong Kong/7127/2014,A/Hong Kong/5738/2014,160
A/Hong Kong/7127/2014,A/Hong Kong/5738/2014,80
A/South Australia/9/2015,A/Hong Kong/5738/2014,40
A/Fiji/2/2015,A/Hong Kong/5738/2014,80
A/Brisbane/47/2015,A/Hong Kong/5738/2014,80
A/Victoria/503/2015,A/Hong Kong/5738/2014,80
A/Singapore/KK943/2014,A/Hong Kong/5738/2014,160
A/Perth/16/2009,A/Hong Kong/5738/2014,<40
A/Texas/50/2012,A/Hong Kong/5738/2014,80
A/Samara/73/2013,A/Hong Kong/5738/2014,80
A/Hong Kong/146/2013,A/Hong Kong/5738/2014,40
A/Stockholm/6/2014,A/Hong Kong/5738/2014,40
A/Stockholm/6/2014,A/Hong Kong/5738/2014,<40
A/Switzerland/9715293/2013,A/Hong Kong/5738/2014,40
A/Switzerland/9715293/2013,A/Hong Kong/5738/2014,40
A/Hong Kong/5738/2014,A/Hong Kong/5738/2014,40
A/Hong Kong/5738/2014,A/Hong Kong/5738/2014,640
A/Netherlands/525/2014,A/Hong Kong/5738/2014,40
A/Hong Kong/4801/2014,A/Hong Kong/5738/2014,640
A/Hong Kong/4801/2014,A/Hong Kong/5738/2014,640
A/Hong Kong/7127/2014,A/Hong Kong/5738/2014,320
A/Hong Kong/7127/2014,A/Hong Kong/5738/2014,320
A/Hong Kong/7127/2014,A/Hong Kong/5738/2014,640
A/South Australia/9/2015,A/Hong Kong/5738/2014,320
A/Fiji/2/2015,A/Hong Kong/5738/2014,320
A/Brisbane/47/2015,A/Hong Kong/5738/2014,320
A/Victoria/503/2015,A/Hong Kong/5738/2014,320
A/Singapore/KK943/2014,A/Hong Kong/5738/2014,640
A/Perth/16/2009,A/Netherlands/525/2014,80
A/Texas/50/2012,A/Netherlands/525/2014,320
A/Samara/73/2013,A/Netherlands/525/2014,320
A/Hong Kong/146/2013,A/Netherlands/525/2014,320
A/Stockholm/6/2014,A/Netherlands/525/2014,80
A/Stockholm/6/2014,A/Netherlands/525/2014,80
A/Switzerland/9715293/2013,A/Netherlands/525/2014,<40
A/Switzerland/9715293/2013,A/Netherlands/525/2014,80
A/Hong Kong/5738/2014,A/Netherlands/525/2014,<40
A/Hong Kong/5738/2014,A/Netherlands/525/2014,40
A/Netherlands/525/2014,A/Netherlands/525/2014,640
A/Hong Kong/4801/2014,A/Netherlands/525/2014,40
A/Hong Kong/4801/2014,A/Netherlands/525/2014,40
A/Hong Kong/7127/2014,A/Netherlands/525/2014,40
A/Hong Kong/7127/2014,A/Netherlands/525/2014,40
A/Hong Kong/7127/2014,A/Netherlands/525/2014,*
A/South Australia/9/2015,A/Netherlands/525/2014,<40
A/Fiji/2/2015,A/Netherlands/525/2014,40
A/Brisbane/47/2015,A/Netherlands/525/2014,40
A/Victoria/503/2015,A/Netherlands/525/2014,<40
A/Singapore/KK943/2014,A/Netherlands/525/2014,40
A/Perth/16/2009,A/Hong Kong/4801/2014,<40
A/Texas/50/2012,A/Hong Kong/4801/2014,80
A/Samara/73/2013,A/Hong Kong/4801/2014,*
A/Hong Kong/146/2013,A/Hong Kong/4801/2014,80
A/Stockholm/6/2014,A/Hong Kong/4801/2014,160
A/Stockholm/6/2014,A/Hong Kong/4801/2014,80
A/Switzerland/9715293/2013,A/Hong Kong/4801/2014,40
A/Switzerland/9715293/2013,A/Hong Kong/4801/2014,80
A/Hong Kong/5738/2014,A/Hong Kong/4801/2014,80
A/Hong Kong/5738/2014,A/Hong Kong/4801/2014,320
A/Netherlands/525/2014,A/Hong Kong/4801/2014,80
A/Hong Kong/4801/2014,A/Hong Kong/4801/2014,160
A/Hong Kong/4801/2014,A/Hong Kong/4801/2014,160
A/Hong Kong/7127/2014,A/Hong Kong/4801/2014,160
A/Hong Kong/7127/2014,A/Hong Kong/4801/2014,160
A/Hong Kong/7127/2014,A/Hong Kong/4801/2014,*
A/South Australia/9/2015,A/Hong Kong/4801/2014,80
A/Fiji/2/2015,A/Hong Kong/4801/2014,80
A/Brisbane/47/2015,A/Hong Kong/4801/2014,80
A/Victoria/503/2015,A/Hong Kong/4801/2014,80
A/Singapore/KK943/2014,A/Hong Kong/4801/2014,80
A/Perth/16/2009,A/Hong Kong/4801/2014,40
A/Texas/50/2012,A/Hong Kong/4801/2014,40
A/Samara/73/2013,A/Hong Kong/4801/2014,*
A/Hong Kong/146/2013,A/Hong Kong/4801/2014,40
A/Stockholm/6/2014,A/Hong Kong/4801/2014,80
A/Stockholm/6/2014,A/Hong Kong/4801/2014,40
A/Switzerland/9715293/2013,A/Hong Kong/4801/2014,40
A/Switzerland/9715293/2013,A/Hong Kong/4801/2014,40
A/Hong Kong/5738/2014,A/Hong Kong/4801/2014,40
A/Hong Kong/5738/2014,A/Hong Kong/4801/2014,1280
A/Netherlands/525/2014,A/Hong Kong/4801/2014,80
A/Hong Kong/4801/2014,A/Hong Kong/4801/2014,1280
A/Hong Kong/4801/2014,A/Hong Kong/4801/2014,640
A/Hong Kong/7127/2014,A/Hong Kong/4801/2014,640
A/Hong Kong/7127/2014,A/Hong Kong/4801/2014,640
A/Hong Kong/7127/2014,A/Hong Kong/4801/2014,*
A/South Australia/9/2015,A/Hong Kong/4801/2014,640
A/Fiji/2/2015,A/Hong Kong/4801/2014,640
A/Brisbane/47/2015,A/Hong Kong/4801/2014,640
A/Victoria/503/2015,A/Hong Kong/4801/2014,640
A/Singapore/KK943/2014,A/Hong Kong/4801/2014,640
A/Perth/16/2009,A/Hong Kong/7127/2014,160
A/Texas/50/2012,A/Hong Kong/7127/2014,320
A/Samara/73/2013,A/Hong Kong/7127/2014,*
A/Hong Kong/146/2013,A/Hong Kong/7127/2014,160
A/Stockholm/6/2014,A/Hong Kong/7127/2014,160
A/Stockholm/6/2014,A/Hong Kong/7127/2014,80
A/Switzerland/9715293/2013,A/Hong Kong/7127/2014,80
A/Switzerland/9715293/2013,A/Hong Kong/7127/2014,80
A/Hong Kong/5738/2014,A/Hong Kong/7127/2014,160
A/Hong Kong/5738/2014,A/Hong Kong/7127/2014,1280
A/Netherlands/525/2014,A/Hong Kong/7127/2014,80
A/Hong Kong/4801/2014,A/Hong Kong/7127/2014,1280
A/Hong Kong/4801/2014,A/Hong Kong/7127/2014,640
A/Hong Kong/7127/2014,A/Hong Kong/7127/2014,640
A/Hong Kong/7127/2014,A/Hong Kong/7127/2014,640
A/Hong Kong/7127/2014,A/Hong Kong/7127/2014,1280
A/South Australia/9/2015,A/Hong Kong/7127/2014,320
A/Fiji/2/2015,A/Hong Kong/7127/2014,640
A/Brisbane/47/2015,A/Hong Kong/7127/2014,640
A/Victoria/503/2015,A/Hong Kong/7127/2014,320
A/Singapore/KK943/2014,A/Hong Kong/7127/2014,640
A/Perth/16/2009,A/Hong Kong/7127/2014,*
A/Texas/50/2012,A/Hong Kong/7127/2014,*
A/Samara/73/2013,A/Hong Kong/7127/2014,*
A/Hong Kong/146/2013,A/Hong Kong/7127/2014,*
A/Stockholm/6/2014,A/Hong Kong/7127/2014,*
A/Stockholm/6/2014,A/Hong Kong/7127/2014,*
A/Switzerland/9715293/2013,A/Hong Kong/7127/2014,*
A/Switzerland/9715293/2013,A/Hong Kong/7127/2014,*
A/Hong Kong/5738/2014,A/Hong Kong/7127/2014,*
A/Hong Kong/5738/2014,A/Hong Kong/7127/2014,*
A/Netherlands/525/2014,A/Hong Kong/7127/2014,*
A/Hong Kong/4801/2014,A/Hong Kong/7127/2014,*
A/Hong Kong/4801/2014,A/Hong Kong/7127/2014,*
A/Hong Kong/7127/2014,A/Hong Kong/7127/2014,640
A/Hong Kong/7127/2014,A/Hong Kong/7127/2014,320
A/Hong Kong/7127/2014,A/Hong Kong/7127/2014,640
A/South Australia/9/2015,A/Hong Kong/7127/2014,*
A/Fiji/2/2015,A/Hong Kong/7127/2014,*
A/Brisbane/47/2015,A/Hong Kong/7127/2014,*
A/Victoria/503/2015,A/Hong Kong/7127/2014,*
A/Singapore/KK943/2014,A/Hong Kong/7127/2014,*
A/Perth/16/2009,A/Hong Kong/7127/2014,40
A/Texas/50/2012,A/Hong Kong/7127/2014,160
A/Samara/73/2013,A/Hong Kong/7127/2014,*
A/Hong Kong/146/2013,A/Hong Kong/7127/2014,80
A/Stockholm/6/2014,A/Hong Kong/7127/2014,80
A/Stockholm/6/2014,A/Hong Kong/7127/2014,80
A/Switzerland/9715293/2013,A/Hong Kong/7127/2014,40
A/Switzerland/9715293/2013,A/Hong Kong/7127/2014,80
A/Hong Kong/5738/2014,A/Hong Kong/7127/2014,40
A/Hong Kong/5738/2014,A/Hong Kong/7127/2014,640
A/Netherlands/525/2014,A/Hong Kong/7127/2014,40
A/Hong Kong/4801/2014,A/Hong Kong/7127/2014,640
A/Hong Kong/4801/2014,A/Hong Kong/7127/2014,640
A/Hong Kong/7127/2014,A/Hong Kong/7127/2014,640
A/Hong Kong/7127/2014,A/Hong Kong/7127/2014,640
A/Hong Kong/7127/2014,A/Hong Kong/7127/2014,640
A/South Australia/9/2015,A/Hong Kong/7127/2014,320
A/Fiji/2/2015,A/Hong Kong/7127/2014,320
A/Brisbane/47/2015,A/Hong Kong/7127/2014,320
A/Victoria/503/2015,A/Hong Kong/7127/2014,320
A/Singapore/KK943/2014,A/Hong Kong/7127/2014,320
A/Perth/16/2009,A/Hong Kong/7127/2014,*
A/Texas/50/2012,A/Hong Kong/7127/2014,*
A/Samara/73/2013,A/Hong Kong/7127/2014,*
A/Hong Kong/146/2013,A/Hong Kong/7127/2014,*
A/Stockholm/6/2014,A/Hong Kong/7127/2014,*
A/Stockholm/6/2014,A/Hong Kong/7127/2014,*
A/Switzerland/9715293/2013,A/Hong Kong/7127/2014,*
A/Switzerland/9715293/2013,A/Hong Kong/7127/2014,*
A/Hong Kong/5738/2014,A/Hong Kong/7127/2014,*
A/Hong Kong/5738/2014,A/Hong Kong/7127/2014,*
A/Netherlands/525/2014,A/Hong Kong/7127/2014,*
A/Hong Kong/4801/2014,A/Hong Kong/7127/2014,*
A/Hong Kong/4801/2014,A/Hong Kong/7127/2014,*
A/Hong Kong/7127/2014,A/Hong Kong/7127/2014,640
A/Hong Kong/7127/2014,A/Hong Kong/7127/2014,320
A/Hong Kong/7127/2014,A/Hong Kong/7127/2014,640
A/South Australia/9/2015,A/Hong Kong/7127/2014,*
A/Fiji/2/2015,A/Hong Kong/7127/2014,*
A/Brisbane/47/2015,A/Hong Kong/7127/2014,*
A/Victoria/503/2015,A/Hong Kong/7127/2014,*
A/Singapore/KK943/2014,A/Hong Kong/7127/2014,*
A/Perth/16/2009,A/Perth/16/2009,320
A/Texas/50/2012,A/Perth/16/2009,320
A/Samara/73/2013,A/Perth/16/2009,160
A/Hong Kong/146/2013,A/Perth/16/2009,320
A/Stockholm/6/2014,A/Perth/16/2009,<40
A/Stockholm/6/2014,A/Perth/16/2009,80
A/Switzerland/9715293/2013,A/Perth/16/2009,<40
A/Switzerland/9715293/2013,A/Perth/16/2009,40
A/Hong Kong/5738/2014,A/Perth/16/2009,<40
A/Hong Kong/4801/2014,A/Perth/16/2009,<40
A/Netherlands/525/2014,A/Perth/16/2009,80
A/Slovenia/314/2015,A/Perth/16/2009,<40
A/Slovenia/369/2015,A/Perth/16/2009,<40
A/Slovenia/438/2015,A/Perth/16/2009,160
A/Slovenia/1066/15,A/Perth/16/2009,160
A/Slovenia/1077/2015,A/Perth/16/2009,160
A/Mauritius/I-203/2015,A/Perth/16/2009,80
A/Mauritius/I-238/2015,A/Perth/16/2009,40
A/Mauritius/I-240/2015,A/Perth/16/2009,40
A/Slovenia/1411/2015,A/Perth/16/2009,80
A/Cameroon/15V-2465/2015,A/Perth/16/2009,<40
A/Mauritius/I-288/2015,A/Perth/16/2009,<40
A/Slovenia/2049/2015,A/Perth/16/2009,80
A/Slovenia/2069/2015,A/Perth/16/2009,80
A/Hong Kong/11743/2015,A/Perth/16/2009,<40
A/Perth/16/2009,A/Texas/50/2012,320
A/Texas/50/2012,A/Texas/50/2012,5120
A/Samara/73/2013,A/Texas/50/2012,1280
A/Hong Kong/146/2013,A/Texas/50/2012,2560
A/Stockholm/6/2014,A/Texas/50/2012,80
A/Stockholm/6/2014,A/Texas/50/2012,640
A/Switzerland/9715293/2013,A/Texas/50/2012,160
A/Switzerland/9715293/2013,A/Texas/50/2012,640
A/Hong Kong/5738/2014,A/Texas/50/2012,160
A/Hong Kong/4801/2014,A/Texas/50/2012,40
A/Netherlands/525/2014,A/Texas/50/2012,320
A/Slovenia/314/2015,A/Texas/50/2012,40
A/Slovenia/369/2015,A/Texas/50/2012,40
A/Slovenia/438/2015,A/Texas/50/2012,640
A/Slovenia/1066/15,A/Texas/50/2012,1280
A/Slovenia/1077/2015,A/Texas/50/2012,1280
A/Mauritius/I-203/2015,A/Texas/50/2012,320
A/Mauritius/I-238/2015,A/Texas/50/2012,40
A/Mauritius/I-240/2015,A/Texas/50/2012,160
A/Slovenia/1411/2015,A/Texas/50/2012,640
A/Cameroon/15V-2465/2015,A/Texas/50/2012,80
A/Mauritius/I-288/2015,A/Texas/50/2012,80
A/Slovenia/2049/2015,A/Texas/50/2012,1280
A/Slovenia/2069/2015,A/Texas/50/2012,1280
A/Hong Kong/11743/2015,A/Texas/50/2012,80
A/Perth/16/2009,A/Samara/73/2013,80
A/Texas/50/2012,A/Samara/73/2013,640
A/Samara/73/2013,A/Samara/73/2013,640
A/Hong Kong/146/2013,A/Samara/73/2013,640
A/Stockholm/6/2014,A/Samara/73/2013,160
A/Stockholm/6/2014,A/Samara/73/2013,160
A/Switzerland/9715293/2013,A/Samara/73/2013,80
A/Switzerland/9715293/2013,A/Samara/73/2013,160
A/Hong Kong/5738/2014,A/Samara/73/2013,160
A/Hong Kong/4801/2014,A/Samara/73/2013,80
A/Netherlands/525/2014,A/Samara/73/2013,320
A/Slovenia/314/2015,A/Samara/73/2013,40
A/Slovenia/369/2015,A/Samara/73/2013,40
A/Slovenia/438/2015,A/Samara/73/2013,320
A/Slovenia/1066/15,A/Samara/73/2013,320
A/Slovenia/1077/2015,A/Samara/73/2013,320
A/Mauritius/I-203/2015,A/Samara/73/2013,320
A/Mauritius/I-238/2015,A/Samara/73/2013,160
A/Mauritius/I-240/2015,A/Samara/73/2013,160
A/Slovenia/1411/2015,A/Samara/73/2013,320
A/Cameroon/15V-2465/2015,A/Samara/73/2013,160
A/Mauritius/I-288/2015,A/Samara/73/2013,160
A/Slovenia/2049/2015,A/Samara/73/2013,320
A/Slovenia/2069/2015,A/Samara/73/2013,320
A/Hong Kong/11743/2015,A/Samara/73/2013,80
A/Perth/16/2009,A/Hong Kong/146/2013,80
A/Texas/50/2012,A/Hong Kong/146/2013,320
A/Samara/73/2013,A/Hong Kong/146/2013,320
A/Hong Kong/146/2013,A/Hong Kong/146/2013,1280
A/Stockholm/6/2014,A/Hong Kong/146/2013,80
A/Stockholm/6/2014,A/Hong Kong/146/2013,80
A/Switzerland/9715293/2013,A/Hong Kong/146/2013,80
A/Switzerland/9715293/2013,A/Hong Kong/146/2013,80
A/Hong Kong/5738/2014,A/Hong Kong/146/2013,80
A/Hong Kong/4801/2014,A/Hong Kong/146/2013,<40
A/Netherlands/525/2014,A/Hong Kong/146/2013,160
A/Slovenia/314/2015,A/Hong Kong/146/2013,40
A/Slovenia/369/2015,A/Hong Kong/146/2013,<40
A/Slovenia/438/2015,A/Hong Kong/146/2013,160
A/Slovenia/1066/15,A/Hong Kong/146/2013,160
A/Slovenia/1077/2015,A/Hong Kong/146/2013,160
A/Mauritius/I-203/2015,A/Hong Kong/146/2013,80
A/Mauritius/I-238/2015,A/Hong Kong/146/2013,80
A/Mauritius/I-240/2015,A/Hong Kong/146/2013,80
A/Slovenia/1411/2015,A/Hong Kong/146/2013,10
A/Cameroon/15V-2465/2015,A/Hong Kong/146/2013,80
A/Mauritius/I-288/2015,A/Hong Kong/146/2013,80
A/Slovenia/2049/2015,A/Hong Kong/146/2013,160
A/Slovenia/2069/2015,A/Hong Kong/146/2013,160
A/Hong Kong/11743/2015,A/Hong Kong/146/2013,40
A/Perth/16/2009,A/Stockholm/6/2014,40
A/Texas/50/2012,A/Stockholm/6/2014,160
A/Samara/73/2013,A/Stockholm/6/2014,640
A/Hong Kong/146/2013,A/Stockholm/6/2014,80
A/Stockholm/6/2014,A/Stockholm/6/2014,320
A/Stockholm/6/2014,A/Stockholm/6/2014,160
A/Switzerland/9715293/2013,A/Stockholm/6/2014,640
A/Switzerland/9715293/2013,A/Stockholm/6/2014,160
A/Hong Kong/5738/2014,A/Stockholm/6/2014,160
A/Hong Kong/4801/2014,A/Stockholm/6/2014,80
A/Netherlands/525/2014,A/Stockholm/6/2014,160
A/Slovenia/314/2015,A/Stockholm/6/2014,160
A/Slovenia/369/2015,A/Stockholm/6/2014,40
A/Slovenia/438/2015,A/Stockholm/6/2014,320
A/Slovenia/1066/15,A/Stockholm/6/2014,320
A/Slovenia/1077/2015,A/Stockholm/6/2014,320
A/Mauritius/I-203/2015,A/Stockholm/6/2014,320
A/Mauritius/I-238/2015,A/Stockholm/6/2014,320
A/Mauritius/I-240/2015,A/Stockholm/6/2014,640
A/Slovenia/1411/2015,A/Stockholm/6/2014,320
A/Cameroon/15V-2465/2015,A/Stockholm/6/2014,160
A/Mauritius/I-288/2015,A/Stockholm/6/2014,320
A/Slovenia/2049/2015,A/Stockholm/6/2014,320
A/Slovenia/2069/2015,A/Stockholm/6/2014,320
A/Hong Kong/11743/2015,A/Stockholm/6/2014,320
A/Perth/16/2009,A/Stockholm/6/2014,80
A/Texas/50/2012,A/Stockholm/6/2014,640
A/Samara/73/2013,A/Stockholm/6/2014,320
A/Hong Kong/146/2013,A/Stockholm/6/2014,640
A/Stockholm/6/2014,A/Stockholm/6/2014,160
A/Stockholm/6/2014,A/Stockholm/6/2014,320
A/Switzerland/9715293/2013,A/Stockholm/6/2014,160
A/Switzerland/9715293/2013,A/Stockholm/6/2014,320
A/Hong Kong/5738/2014,A/Stockholm/6/2014,160
A/Hong Kong/4801/2014,A/Stockholm/6/2014,80
A/Netherlands/525/2014,A/Stockholm/6/2014,160
A/Slovenia/314/2015,A/Stockholm/6/2014,40
A/Slovenia/369/2015,A/Stockholm/6/2014,40
A/Slovenia/438/2015,A/Stockholm/6/2014,160
A/Slovenia/1066/15,A/Stockholm/6/2014,160
A/Slovenia/1077/2015,A/Stockholm/6/2014,160
A/Mauritius/I-203/2015,A/Stockholm/6/2014,160
A/Mauritius/I-238/2015,A/Stockholm/6/2014,160
A/Mauritius/I-240/2015,A/Stockholm/6/2014,160
A/Slovenia/1411/2015,A/Stockholm/6/2014,160
A/Cameroon/15V-2465/2015,A/Stockholm/6/2014,80
A/Mauritius/I-288/2015,A/Stockholm/6/2014,160
A/Slovenia/2049/2015,A/Stockholm/6/2014,160
A/Slovenia/2069/2015,A/Stockholm/6/2014,160
A/Hong Kong/11743/2015,A/Stockholm/6/2014,80
A/Perth/16/2009,A/Switzerland/9715293/2013,<40
A/Texas/50/2012,A/Switzerland/9715293/2013,40
A/Samara/73/2013,A/Switzerland/9715293/2013,160
A/Hong Kong/146/2013,A/Switzerland/9715293/2013,40
A/Stockholm/6/2014,A/Switzerland/9715293/2013,160
A/Stockholm/6/2014,A/Switzerland/9715293/2013,160
A/Switzerland/9715293/2013,A/Switzerland/9715293/2013,160
A/Switzerland/9715293/2013,A/Switzerland/9715293/2013,80
A/Hong Kong/5738/2014,A/Switzerland/9715293/2013,40
A/Hong Kong/4801/2014,A/Switzerland/9715293/2013,40
A/Netherlands/525/2014,A/Switzerland/9715293/2013,80
A/Slovenia/314/2015,A/Switzerland/9715293/2013,<40
A/Slovenia/369/2015,A/Switzerland/9715293/2013,<40
A/Slovenia/438/2015,A/Switzerland/9715293/2013,80
A/Slovenia/1066/15,A/Switzerland/9715293/2013,80
A/Slovenia/1077/2015,A/Switzerland/9715293/2013,80
A/Mauritius/I-203/2015,A/Switzerland/9715293/2013,80
A/Mauritius/I-238/2015,A/Switzerland/9715293/2013,80
A/Mauritius/I-240/2015,A/Switzerland/9715293/2013,80
A/Slovenia/1411/2015,A/Switzerland/9715293/2013,80
A/Cameroon/15V-2465/2015,A/Switzerland/9715293/2013,40
A/Mauritius/I-288/2015,A/Switzerland/9715293/2013,40
A/Slovenia/2049/2015,A/Switzerland/9715293/2013,40
A/Slovenia/2069/2015,A/Switzerland/9715293/2013,80
A/Hong Kong/11743/2015,A/Switzerland/9715293/2013,40
A/Perth/16/2009,A/Switzerland/9715293/2013,40
A/Texas/50/2012,A/Switzerland/9715293/2013,640
A/Samara/73/2013,A/Switzerland/9715293/2013,320
A/Hong Kong/146/2013,A/Switzerland/9715293/2013,640
A/Stockholm/6/2014,A/Switzerland/9715293/2013,160
A/Stockholm/6/2014,A/Switzerland/9715293/2013,640
A/Switzerland/9715293/2013,A/Switzerland/9715293/2013,160
A/Switzerland/9715293/2013,A/Switzerland/9715293/2013,1280
A/Hong Kong/5738/2014,A/Switzerland/9715293/2013,80
A/Hong Kong/4801/2014,A/Switzerland/9715293/2013,40
A/Netherlands/525/2014,A/Switzerland/9715293/2013,160
A/Slovenia/314/2015,A/Switzerland/9715293/2013,80
A/Slovenia/369/2015,A/Switzerland/9715293/2013,40
A/Slovenia/438/2015,A/Switzerland/9715293/2013,<40
A/Slovenia/1066/15,A/Switzerland/9715293/2013,160
A/Slovenia/1077/2015,A/Switzerland/9715293/2013,160
A/Mauritius/I-203/2015,A/Switzerland/9715293/2013,80
A/Mauritius/I-238/2015,A/Switzerland/9715293/2013,80
A/Mauritius/I-240/2015,A/Switzerland/9715293/2013,80
A/Slovenia/1411/2015,A/Switzerland/9715293/2013,160
A/Cameroon/15V-2465/2015,A/Switzerland/9715293/2013,40
A/Mauritius/I-288/2015,A/Switzerland/9715293/2013,80
A/Slovenia/2049/2015,A/Switzerland/9715293/2013,80
A/Slovenia/2069/2015,A/Switzerland/9715293/2013,160
A/Hong Kong/11743/2015,A/Switzerland/9715293/2013,40
A/Perth/16/2009,A/Hong Kong/5738/2014,<40
A/Texas/50/2012,A/Hong Kong/5738/2014,160
A/Samara/73/2013,A/Hong Kong/5738/2014,320
A/Hong Kong/146/2013,A/Hong Kong/5738/2014,320
A/Stockholm/6/2014,A/Hong Kong/5738/2014,160
A/Stockholm/6/2014,A/Hong Kong/5738/2014,160
A/Switzerland/9715293/2013,A/Hong Kong/5738/2014,160
A/Switzerland/9715293/2013,A/Hong Kong/5738/2014,160
A/Hong Kong/5738/2014,A/Hong Kong/5738/2014,160
A/Hong Kong/4801/2014,A/Hong Kong/5738/2014,160
A/Netherlands/525/2014,A/Hong Kong/5738/2014,80
A/Slovenia/314/2015,A/Hong Kong/5738/2014,80
A/Slovenia/369/2015,A/Hong Kong/5738/2014,40
A/Slovenia/438/2015,A/Hong Kong/5738/2014,160
A/Slovenia/1066/15,A/Hong Kong/5738/2014,160
A/Slovenia/1077/2015,A/Hong Kong/5738/2014,160
A/Mauritius/I-203/2015,A/Hong Kong/5738/2014,80
A/Mauritius/I-238/2015,A/Hong Kong/5738/2014,160
A/Mauritius/I-240/2015,A/Hong Kong/5738/2014,160
A/Slovenia/1411/2015,A/Hong Kong/5738/2014,80
A/Cameroon/15V-2465/2015,A/Hong Kong/5738/2014,160
A/Mauritius/I-288/2015,A/Hong Kong/5738/2014,160
A/Slovenia/2049/2015,A/Hong Kong/5738/2014,40
A/Slovenia/2069/2015,A/Hong Kong/5738/2014,80
A/Hong Kong/11743/2015,A/Hong Kong/5738/2014,80
A/Perth/16/2009,A/Hong Kong/4801/2014,<40
A/Texas/50/2012,A/Hong Kong/4801/2014,80
A/Samara/73/2013,A/Hong Kong/4801/2014,160
A/Hong Kong/146/2013,A/Hong Kong/4801/2014,160
A/Stockholm/6/2014,A/Hong Kong/4801/2014,160
A/Stockholm/6/2014,A/Hong Kong/4801/2014,40
A/Switzerland/9715293/2013,A/Hong Kong/4801/2014,160
A/Switzerland/9715293/2013,A/Hong Kong/4801/2014,80
A/Hong Kong/5738/2014,A/Hong Kong/4801/2014,160
A/Hong Kong/4801/2014,A/Hong Kong/4801/2014,320
A/Netherlands/525/2014,A/Hong Kong/4801/2014,160
A/Slovenia/314/2015,A/Hong Kong/4801/2014,80
A/Slovenia/369/2015,A/Hong Kong/4801/2014,40
A/Slovenia/438/2015,A/Hong Kong/4801/2014,80
A/Slovenia/1066/15,A/Hong Kong/4801/2014,160
A/Slovenia/1077/2015,A/Hong Kong/4801/2014,160
A/Mauritius/I-203/2015,A/Hong Kong/4801/2014,80
A/Mauritius/I-238/2015,A/Hong Kong/4801/2014,160
A/Mauritius/I-240/2015,A/Hong Kong/4801/2014,160
A/Slovenia/1411/2015,A/Hong Kong/4801/2014,160
A/Cameroon/15V-2465/2015,A/Hong Kong/4801/2014,80
A/Mauritius/I-288/2015,A/Hong Kong/4801/2014,160
A/Slovenia/2049/2015,A/Hong Kong/4801/2014,160
A/Slovenia/2069/2015,A/Hong Kong/4801/2014,160
A/Hong Kong/11743/2015,A/Hong Kong/4801/2014,80
A/Perth/16/2009,A/Netherlands/525/2014,80
A/Texas/50/2012,A/Netherlands/525/2014,320
A/Samara/73/2013,A/Netherlands/525/2014,320
A/Hong Kong/146/2013,A/Netherlands/525/2014,320
A/Stockholm/6/2014,A/Netherlands/525/2014,80
A/Stockholm/6/2014,A/Netherlands/525/2014,80
A/Switzerland/9715293/2013,A/Netherlands/525/2014,40
A/Switzerland/9715293/2013,A/Netherlands/525/2014,40
A/Hong Kong/5738/2014,A/Netherlands/525/2014,40
A/Hong Kong/4801/2014,A/Netherlands/525/2014,80
A/Netherlands/525/2014,A/Netherlands/525/2014,1280
A/Slovenia/314/2015,A/Netherlands/525/2014,<40
A/Slovenia/369/2015,A/Netherlands/525/2014,<40
A/Slovenia/438/2015,A/Netherlands/525/2014,1280
A/Slovenia/1066/15,A/Netherlands/525/2014,1280
A/Slovenia/1077/2015,A/Netherlands/525/2014,1280
A/Mauritius/I-203/2015,A/Netherlands/525/2014,640
A/Mauritius/I-238/2015,A/Netherlands/525/2014,40
A/Mauritius/I-240/2015,A/Netherlands/525/2014,40
A/Slovenia/1411/2015,A/Netherlands/525/2014,1280
A/Cameroon/15V-2465/2015,A/Netherlands/525/2014,<40
A/Mauritius/I-288/2015,A/Netherlands/525/2014,40
A/Slovenia/2049/2015,A/Netherlands/525/2014,1280
A/Slovenia/2069/2015,A/Netherlands/525/2014,1280
A/Hong Kong/11743/2015,A/Netherlands/525/2014,<40
A/Perth/16/2009,A/Perth/16/2009,640
A/Texas/50/2012,A/Perth/16/2009,320
A/Samara/73/2013,A/Perth/16/2009,160
A/Hong Kong/146/2013,A/Perth/16/2009,320
A/Stockholm/6/2014,A/Perth/16/2009,<40
A/Stockholm/6/2014,A/Perth/16/2009,40
A/Switzerland/9715293/2013,A/Perth/16/2009,<40
A/Switzerland/9715293/2013,A/Perth/16/2009,40
A/Hong Kong/5738/2014,A/Perth/16/2009,40
A/Hong Kong/4801/2014,A/Perth/16/2009,40
A/Netherlands/525/2014,A/Perth/16/2009,160
A/South Africa/R2490/2015,A/Perth/16/2009,<40
A/South Africa/R2825/2015,A/Perth/16/2009,<40
A/South Africa/R3402/2015,A/Perth/16/2009,<40
A/South Africa/R3512/2015,A/Perth/16/2009,<40
A/South Africa/R3457/2015,A/Perth/16/2009,<40
A/South Africa/R3720/2015,A/Perth/16/2009,<40
A/South Africa/R3778/2015,A/Perth/16/2009,<40
A/South Africa/R3944/2015,A/Perth/16/2009,<40
A/Perth/16/2009,A/Texas/50/2012,320
A/Texas/50/2012,A/Texas/50/2012,5120
A/Samara/73/2013,A/Texas/50/2012,1280
A/Hong Kong/146/2013,A/Texas/50/2012,2560
A/Stockholm/6/2014,A/Texas/50/2012,80
A/Stockholm/6/2014,A/Texas/50/2012,320
A/Switzerland/9715293/2013,A/Texas/50/2012,80
A/Switzerland/9715293/2013,A/Texas/50/2012,640
A/Hong Kong/5738/2014,A/Texas/50/2012,160
A/Hong Kong/4801/2014,A/Texas/50/2012,40
A/Netherlands/525/2014,A/Texas/50/2012,640
A/South Africa/R2490/2015,A/Texas/50/2012,160
A/South Africa/R2825/2015,A/Texas/50/2012,80
A/South Africa/R3402/2015,A/Texas/50/2012,160
A/South Africa/R3512/2015,A/Texas/50/2012,80
A/South Africa/R3457/2015,A/Texas/50/2012,160
A/South Africa/R3720/2015,A/Texas/50/2012,160
A/South Africa/R3778/2015,A/Texas/50/2012,80
A/South Africa/R3944/2015,A/Texas/50/2012,80
A/Perth/16/2009,A/Samara/73/2013,80
A/Texas/50/2012,A/Samara/73/2013,640
A/Samara/73/2013,A/Samara/73/2013,640
A/Hong Kong/146/2013,A/Samara/73/2013,640
A/Stockholm/6/2014,A/Samara/73/2013,160
A/Stockholm/6/2014,A/Samara/73/2013,80
A/Switzerland/9715293/2013,A/Samara/73/2013,80
A/Switzerland/9715293/2013,A/Samara/73/2013,80
A/Hong Kong/5738/2014,A/Samara/73/2013,160
A/Hong Kong/4801/2014,A/Samara/73/2013,80
A/Netherlands/525/2014,A/Samara/73/2013,640
A/South Africa/R2490/2015,A/Samara/73/2013,160
A/South Africa/R2825/2015,A/Samara/73/2013,160
A/South Africa/R3402/2015,A/Samara/73/2013,160
A/South Africa/R3512/2015,A/Samara/73/2013,80
A/South Africa/R3457/2015,A/Samara/73/2013,160
A/South Africa/R3720/2015,A/Samara/73/2013,160
A/South Africa/R3778/2015,A/Samara/73/2013,80
A/South Africa/R3944/2015,A/Samara/73/2013,160
A/Perth/16/2009,A/Hong Kong/146/2013,80
A/Texas/50/2012,A/Hong Kong/146/2013,320
A/Samara/73/2013,A/Hong Kong/146/2013,320
A/Hong Kong/146/2013,A/Hong Kong/146/2013,640
A/Stockholm/6/2014,A/Hong Kong/146/2013,80
A/Stockholm/6/2014,A/Hong Kong/146/2013,40
A/Switzerland/9715293/2013,A/Hong Kong/146/2013,40
A/Switzerland/9715293/2013,A/Hong Kong/146/2013,80
A/Hong Kong/5738/2014,A/Hong Kong/146/2013,80
A/Hong Kong/4801/2014,A/Hong Kong/146/2013,<40
A/Netherlands/525/2014,A/Hong Kong/146/2013,160
A/South Africa/R2490/2015,A/Hong Kong/146/2013,80
A/South Africa/R2825/2015,A/Hong Kong/146/2013,80
A/South Africa/R3402/2015,A/Hong Kong/146/2013,80
A/South Africa/R3512/2015,A/Hong Kong/146/2013,40
A/South Africa/R3457/2015,A/Hong Kong/146/2013,80
A/South Africa/R3720/2015,A/Hong Kong/146/2013,80
A/South Africa/R3778/2015,A/Hong Kong/146/2013,40
A/South Africa/R3944/2015,A/Hong Kong/146/2013,80
A/Perth/16/2009,A/Stockholm/6/2014,40
A/Texas/50/2012,A/Stockholm/6/2014,160
A/Samara/73/2013,A/Stockholm/6/2014,640
A/Hong Kong/146/2013,A/Stockholm/6/2014,80
A/Stockholm/6/2014,A/Stockholm/6/2014,640
A/Stockholm/6/2014,A/Stockholm/6/2014,80
A/Switzerland/9715293/2013,A/Stockholm/6/2014,320
A/Switzerland/9715293/2013,A/Stockholm/6/2014,160
A/Hong Kong/5738/2014,A/Stockholm/6/2014,320
A/Hong Kong/4801/2014,A/Stockholm/6/2014,80
A/Netherlands/525/2014,A/Stockholm/6/2014,320
A/South Africa/R2490/2015,A/Stockholm/6/2014,160
A/South Africa/R2825/2015,A/Stockholm/6/2014,320
A/South Africa/R3402/2015,A/Stockholm/6/2014,320
A/South Africa/R3512/2015,A/Stockholm/6/2014,160
A/South Africa/R3457/2015,A/Stockholm/6/2014,320
A/South Africa/R3720/2015,A/Stockholm/6/2014,320
A/South Africa/R3778/2015,A/Stockholm/6/2014,160
A/South Africa/R3944/2015,A/Stockholm/6/2014,320
A/Perth/16/2009,A/Stockholm/6/2014,80
A/Texas/50/2012,A/Stockholm/6/2014,640
A/Samara/73/2013,A/Stockholm/6/2014,320
A/Hong Kong/146/2013,A/Stockholm/6/2014,640
A/Stockholm/6/2014,A/Stockholm/6/2014,160
A/Stockholm/6/2014,A/Stockholm/6/2014,320
A/Switzerland/9715293/2013,A/Stockholm/6/2014,160
A/Switzerland/9715293/2013,A/Stockholm/6/2014,320
A/Hong Kong/5738/2014,A/Stockholm/6/2014,160
A/Hong Kong/4801/2014,A/Stockholm/6/2014,80
A/Netherlands/525/2014,A/Stockholm/6/2014,320
A/South Africa/R2490/2015,A/Stockholm/6/2014,80
A/South Africa/R2825/2015,A/Stockholm/6/2014,160
A/South Africa/R3402/2015,A/Stockholm/6/2014,160
A/South Africa/R3512/2015,A/Stockholm/6/2014,80
A/South Africa/R3457/2015,A/Stockholm/6/2014,160
A/South Africa/R3720/2015,A/Stockholm/6/2014,160
A/South Africa/R3778/2015,A/Stockholm/6/2014,80
A/South Africa/R3944/2015,A/Stockholm/6/2014,80
A/Perth/16/2009,A/Switzerland/9715293/2013,<40
A/Texas/50/2012,A/Switzerland/9715293/2013,80
A/Samara/73/2013,A/Switzerland/9715293/2013,160
A/Hong Kong/146/2013,A/Switzerland/9715293/2013,80
A/Stockholm/6/2014,A/Switzerland/9715293/2013,160
A/Stockholm/6/2014,A/Switzerland/9715293/2013,80
A/Switzerland/9715293/2013,A/Switzerland/9715293/2013,80
A/Switzerland/9715293/2013,A/Switzerland/9715293/2013,80
A/Hong Kong/5738/2014,A/Switzerland/9715293/2013,80
A/Hong Kong/4801/2014,A/Switzerland/9715293/2013,40
A/Netherlands/525/2014,A/Switzerland/9715293/2013,160
A/South Africa/R2490/2015,A/Switzerland/9715293/2013,40
A/South Africa/R2825/2015,A/Switzerland/9715293/2013,40
A/South Africa/R3402/2015,A/Switzerland/9715293/2013,40
A/South Africa/R3512/2015,A/Switzerland/9715293/2013,<40
A/South Africa/R3457/2015,A/Switzerland/9715293/2013,40
A/South Africa/R3720/2015,A/Switzerland/9715293/2013,<40
A/South Africa/R3778/2015,A/Switzerland/9715293/2013,<40
A/South Africa/R3944/2015,A/Switzerland/9715293/2013,<40
A/Perth/16/2009,A/Switzerland/9715293/2013,40
A/Texas/50/2012,A/Switzerland/9715293/2013,640
A/Samara/73/2013,A/Switzerland/9715293/2013,320
A/Hong Kong/146/2013,A/Switzerland/9715293/2013,640
A/Stockholm/6/2014,A/Switzerland/9715293/2013,160
A/Stockholm/6/2014,A/Switzerland/9715293/2013,320
A/Switzerland/9715293/2013,A/Switzerland/9715293/2013,80
A/Switzerland/9715293/2013,A/Switzerland/9715293/2013,640
A/Hong Kong/5738/2014,A/Switzerland/9715293/2013,80
A/Hong Kong/4801/2014,A/Switzerland/9715293/2013,40
A/Netherlands/525/2014,A/Switzerland/9715293/2013,160
A/South Africa/R2490/2015,A/Switzerland/9715293/2013,40
A/South Africa/R2825/2015,A/Switzerland/9715293/2013,80
A/South Africa/R3402/2015,A/Switzerland/9715293/2013,80
A/South Africa/R3512/2015,A/Switzerland/9715293/2013,40
A/South Africa/R3457/2015,A/Switzerland/9715293/2013,80
A/South Africa/R3720/2015,A/Switzerland/9715293/2013,80
A/South Africa/R3778/2015,A/Switzerland/9715293/2013,40
A/South Africa/R3944/2015,A/Switzerland/9715293/2013,40
A/Perth/16/2009,A/Hong Kong/5738/2014,<40
A/Texas/50/2012,A/Hong Kong/5738/2014,160
A/Samara/73/2013,A/Hong Kong/5738/2014,320
A/Hong Kong/146/2013,A/Hong Kong/5738/2014,160
A/Stockholm/6/2014,A/Hong Kong/5738/2014,160
A/Stockholm/6/2014,A/Hong Kong/5738/2014,80
A/Switzerland/9715293/2013,A/Hong Kong/5738/2014,80
A/Switzerland/9715293/2013,A/Hong Kong/5738/2014,160
A/Hong Kong/5738/2014,A/Hong Kong/5738/2014,160
A/Hong Kong/4801/2014,A/Hong Kong/5738/2014,160
A/Netherlands/525/2014,A/Hong Kong/5738/2014,160
A/South Africa/R2490/2015,A/Hong Kong/5738/2014,160
A/South Africa/R2825/2015,A/Hong Kong/5738/2014,160
A/South Africa/R3402/2015,A/Hong Kong/5738/2014,320
A/South Africa/R3512/2015,A/Hong Kong/5738/2014,80
A/South Africa/R3457/2015,A/Hong Kong/5738/2014,160
A/South Africa/R3720/2015,A/Hong Kong/5738/2014,160
A/South Africa/R3778/2015,A/Hong Kong/5738/2014,160
A/South Africa/R3944/2015,A/Hong Kong/5738/2014,80
A/Perth/16/2009,A/Hong Kong/4801/2014,<40
A/Texas/50/2012,A/Hong Kong/4801/2014,80
A/Samara/73/2013,A/Hong Kong/4801/2014,160
A/Hong Kong/146/2013,A/Hong Kong/4801/2014,160
A/Stockholm/6/2014,A/Hong Kong/4801/2014,80
A/Stockholm/6/2014,A/Hong Kong/4801/2014,40
A/Switzerland/9715293/2013,A/Hong Kong/4801/2014,80
A/Switzerland/9715293/2013,A/Hong Kong/4801/2014,40
A/Hong Kong/5738/2014,A/Hong Kong/4801/2014,160
A/Hong Kong/4801/2014,A/Hong Kong/4801/2014,320
A/Netherlands/525/2014,A/Hong Kong/4801/2014,160
A/South Africa/R2490/2015,A/Hong Kong/4801/2014,160
A/South Africa/R2825/2015,A/Hong Kong/4801/2014,160
A/South Africa/R3402/2015,A/Hong Kong/4801/2014,160
A/South Africa/R3512/2015,A/Hong Kong/4801/2014,80
A/South Africa/R3457/2015,A/Hong Kong/4801/2014,160
A/South Africa/R3720/2015,A/Hong Kong/4801/2014,160
A/South Africa/R3778/2015,A/Hong Kong/4801/2014,80
A/South Africa/R3944/2015,A/Hong Kong/4801/2014,160
A/Perth/16/2009,A/Netherlands/525/2014,80
A/Texas/50/2012,A/Netherlands/525/2014,320
A/Samara/73/2013,A/Netherlands/525/2014,320
A/Hong Kong/146/2013,A/Netherlands/525/2014,320
A/Stockholm/6/2014,A/Netherlands/525/2014,40
A/Stockholm/6/2014,A/Netherlands/525/2014,40
A/Switzerland/9715293/2013,A/Netherlands/525/2014,40
A/Switzerland/9715293/2013,A/Netherlands/525/2014,40
A/Hong Kong/5738/2014,A/Netherlands/525/2014,40
A/Hong Kong/4801/2014,A/Netherlands/525/2014,40
A/Netherlands/525/2014,A/Netherlands/525/2014,1280
A/South Africa/R2490/2015,A/Netherlands/525/2014,40
A/South Africa/R2825/2015,A/Netherlands/525/2014,<40
A/South Africa/R3402/2015,A/Netherlands/525/2014,40
A/South Africa/R3512/2015,A/Netherlands/525/2014,<40
A/South Africa/R3457/2015,A/Netherlands/525/2014,<40
A/South Africa/R3720/2015,A/Netherlands/525/2014,40
A/South Africa/R3778/2015,A/Netherlands/525/2014,<40
A/South Africa/R3944/2015,A/Netherlands/525/2014,<40
