Test Virus,Reference Virus,Titre
A/Denmark/3264/2019,A/Denmark/3264/2019,320
A/Hong Kong/2671/2019,A/Denmark/3264/2019,160
A/Cambodia/e0826360/2020,A/Denmark/3264/2019,320
A/Cambodia/925256/2020,A/Denmark/3264/2019,160
A/Bangladesh/4005/2020,A/Denmark/3264/2019,640
A/Darwin/9/2021,A/Denmark/3264/2019,40
A/Stockholm/5/2021,A/Denmark/3264/2019,160
A/Michigan/173/2020,A/Denmark/3264/2019,320
A/Kansas/14/2017,A/Denmark/3264/2019,80
A/Togo/771/2020,A/Denmark/3264/2019,160
A/Qatar/16-VI-21-3809350/2021,A/Denmark/3264/2019,160
A/Qatar/16-VI-21-3801619/2021,A/Denmark/3264/2019,160
A/Delaware/01/2021,A/Denmark/3264/2019,80
A/Qatar/34-VI-21-3664968/2021,A/Denmark/3264/2019,80
A/Qatar/16-VI-21-3673175/2021,A/Denmark/3264/2019,160
A/Qatar/16-VI-21-3738537/2021,A/Denmark/3264/2019,40
A/Qatar/16-VI-21-3744895/2021,A/Denmark/3264/2019,320
A/Qatar/24-VI-21-3752470/2021,A/Denmark/3264/2019,320
A/Qatar/16-VI-21-3820344/2021,A/Denmark/3264/2019,160
A/Qatar/16-VI-21-3782139/2021,A/Denmark/3264/2019,160
A/Qatar/16-VI-21-3778452/2021,A/Denmark/3264/2019,160
A/Qatar/16-VI-21-3773931/2021,A/Denmark/3264/2019,320
A/Qatar/16-VI-21-3798042/2021,A/Denmark/3264/2019,160
A/Qatar/10-VI-21-3813895/2021,A/Denmark/3264/2019,160
A/Qatar/10-VI-21-3843467/2021,A/Denmark/3264/2019,160
A/Qatar/24-VI-21-3868954/2021,A/Denmark/3264/2019,<40
A/Qatar/10-VI-21-3886441/2021,A/Denmark/3264/2019,160
A/Qatar/24-VI-21-3912649/2021,A/Denmark/3264/2019,160
A/Qatar/10-VI-21-3904627/2021,A/Denmark/3264/2019,160
A/Qatar/24-VI-21-3942034/2021,A/Denmark/3264/2019,160
A/Qatar/24-VI-21-3929575/2021,A/Denmark/3264/2019,160
A/Qatar/47-VI-21-3971441/2021,A/Denmark/3264/2019,160
A/Qatar/47-VI-21-3968065/2021,A/Denmark/3264/2019,160
A/Qatar/24-VI-21-3962572/2021,A/Denmark/3264/2019,160
A/Qatar/16-VI-21-3950368/2021,A/Denmark/3264/2019,160
A/Qatar/47-VI-21-3995023/2021,A/Denmark/3264/2019,320
A/Qatar/24-VI-21-3985321/2021,A/Denmark/3264/2019,160
A/Qatar/24-VI-21-3980766/2021,A/Denmark/3264/2019,40
A/Qatar/16-VI-21-3994833/2021,A/Denmark/3264/2019,320
A/Qatar/16-VI-21-3994707/2021,A/Denmark/3264/2019,160
A/Qatar/16-VI-21-3999123/2021,A/Denmark/3264/2019,320
A/Qatar/24-VI-21-4041206/2021,A/Denmark/3264/2019,160
A/Qatar/24-VI-21-4031255/2021,A/Denmark/3264/2019,320
A/Qatar/16-VI-21-4035811/2021,A/Denmark/3264/2019,160
A/Qatar/16-VI-21-4035218/2021,A/Denmark/3264/2019,160
A/Qatar/39-VI-21-4147440/2021,A/Denmark/3264/2019,160
A/Qatar/39-VI-21-4154225/2021,A/Denmark/3264/2019,80
A/Denmark/3264/2019,A/Hong Kong/2671/2019,160
A/Hong Kong/2671/2019,A/Hong Kong/2671/2019,320
A/Cambodia/e0826360/2020,A/Hong Kong/2671/2019,<40
A/Cambodia/925256/2020,A/Hong Kong/2671/2019,80
A/Bangladesh/4005/2020,A/Hong Kong/2671/2019,160
A/Darwin/9/2021,A/Hong Kong/2671/2019,40
A/Stockholm/5/2021,A/Hong Kong/2671/2019,40
A/Michigan/173/2020,A/Hong Kong/2671/2019,160
A/Kansas/14/2017,A/Hong Kong/2671/2019,80
A/Togo/771/2020,A/Hong Kong/2671/2019,80
A/Qatar/16-VI-21-3809350/2021,A/Hong Kong/2671/2019,40
A/Qatar/16-VI-21-3801619/2021,A/Hong Kong/2671/2019,40
A/Delaware/01/2021,A/Hong Kong/2671/2019,40
A/Qatar/34-VI-21-3664968/2021,A/Hong Kong/2671/2019,40
A/Qatar/16-VI-21-3673175/2021,A/Hong Kong/2671/2019,40
A/Qatar/16-VI-21-3738537/2021,A/Hong Kong/2671/2019,40
A/Qatar/16-VI-21-3744895/2021,A/Hong Kong/2671/2019,40
A/Qatar/24-VI-21-3752470/2021,A/Hong Kong/2671/2019,160
A/Qatar/16-VI-21-3820344/2021,A/Hong Kong/2671/2019,40
A/Qatar/16-VI-21-3782139/2021,A/Hong Kong/2671/2019,40
A/Qatar/16-VI-21-3778452/2021,A/Hong Kong/2671/2019,40
A/Qatar/16-VI-21-3773931/2021,A/Hong Kong/2671/2019,40
A/Qatar/16-VI-21-3798042/2021,A/Hong Kong/2671/2019,40
A/Qatar/10-VI-21-3813895/2021,A/Hong Kong/2671/2019,40
A/Qatar/10-VI-21-3843467/2021,A/Hong Kong/2671/2019,40
A/Qatar/24-VI-21-3868954/2021,A/Hong Kong/2671/2019,80
A/Qatar/10-VI-21-3886441/2021,A/Hong Kong/2671/2019,40
A/Qatar/24-VI-21-3912649/2021,A/Hong Kong/2671/2019,40
A/Qatar/10-VI-21-3904627/2021,A/Hong Kong/2671/2019,40
A/Qatar/24-VI-21-3942034/2021,A/Hong Kong/2671/2019,40
A/Qatar/24-VI-21-3929575/2021,A/Hong Kong/2671/2019,40
A/Qatar/47-VI-21-3971441/2021,A/Hong Kong/2671/2019,40
A/Qatar/47-VI-21-3968065/2021,A/Hong Kong/2671/2019,40
A/Qatar/24-VI-21-3962572/2021,A/Hong Kong/2671/2019,80
A/Qatar/16-VI-21-3950368/2021,A/Hong Kong/2671/2019,80
A/Qatar/47-VI-21-3995023/2021,A/Hong Kong/2671/2019,40
A/Qatar/24-VI-21-3985321/2021,A/Hong Kong/2671/2019,40
A/Qatar/24-VI-21-3980766/2021,A/Hong Kong/2671/2019,40
A/Qatar/16-VI-21-3994833/2021,A/Hong Kong/2671/2019,40
A/Qatar/16-VI-21-3994707/2021,A/Hong Kong/2671/2019,40
A/Qatar/16-VI-21-3999123/2021,A/Hong Kong/2671/2019,40
A/Qatar/24-VI-21-4041206/2021,A/Hong Kong/2671/2019,40
A/Qatar/24-VI-21-4031255/2021,A/Hong Kong/2671/2019,40
A/Qatar/16-VI-21-4035811/2021,A/Hong Kong/2671/2019,40
A/Qatar/16-VI-21-4035218/2021,A/Hong Kong/2671/2019,40
A/Qatar/39-VI-21-4147440/2021,A/Hong Kong/2671/2019,40
A/Qatar/39-VI-21-4154225/2021,A/Hong Kong/2671/2019,<40
A/Denmark/3264/2019,A/Cambodia/e0826360/2020,160
A/Hong Kong/2671/2019,A/Cambodia/e0826360/2020,80
A/Cambodia/e0826360/2020,A/Cambodia/e0826360/2020,2560
A/Cambodia/925256/2020,A/Cambodia/e0826360/2020,80
A/Bangladesh/4005/2020,A/Cambodia/e0826360/2020,320
A/Darwin/9/2021,A/Cambodia/e0826360/2020,40
A/Stockholm/5/2021,A/Cambodia/e0826360/2020,80
A/Michigan/173/2020,A/Cambodia/e0826360/2020,320
A/Kansas/14/2017,A/Cambodia/e0826360/2020,80
A/Togo/771/2020,A/Cambodia/e0826360/2020,40
A/Qatar/16-VI-21-3809350/2021,A/Cambodia/e0826360/2020,320
A/Qatar/16-VI-21-3801619/2021,A/Cambodia/e0826360/2020,80
A/Delaware/01/2021,A/Cambodia/e0826360/2020,80
A/Qatar/34-VI-21-3664968/2021,A/Cambodia/e0826360/2020,80
A/Qatar/16-VI-21-3673175/2021,A/Cambodia/e0826360/2020,320
A/Qatar/16-VI-21-3738537/2021,A/Cambodia/e0826360/2020,80
A/Qatar/16-VI-21-3744895/2021,A/Cambodia/e0826360/2020,320
A/Qatar/24-VI-21-3752470/2021,A/Cambodia/e0826360/2020,320
A/Qatar/16-VI-21-3820344/2021,A/Cambodia/e0826360/2020,320
A/Qatar/16-VI-21-3782139/2021,A/Cambodia/e0826360/2020,320
A/Qatar/16-VI-21-3778452/2021,A/Cambodia/e0826360/2020,320
A/Qatar/16-VI-21-3773931/2021,A/Cambodia/e0826360/2020,320
A/Qatar/16-VI-21-3798042/2021,A/Cambodia/e0826360/2020,320
A/Qatar/10-VI-21-3813895/2021,A/Cambodia/e0826360/2020,160
A/Qatar/10-VI-21-3843467/2021,A/Cambodia/e0826360/2020,320
A/Qatar/24-VI-21-3868954/2021,A/Cambodia/e0826360/2020,40
A/Qatar/10-VI-21-3886441/2021,A/Cambodia/e0826360/2020,320
A/Qatar/24-VI-21-3912649/2021,A/Cambodia/e0826360/2020,320
A/Qatar/10-VI-21-3904627/2021,A/Cambodia/e0826360/2020,320
A/Qatar/24-VI-21-3942034/2021,A/Cambodia/e0826360/2020,320
A/Qatar/24-VI-21-3929575/2021,A/Cambodia/e0826360/2020,320
A/Qatar/47-VI-21-3971441/2021,A/Cambodia/e0826360/2020,160
A/Qatar/47-VI-21-3968065/2021,A/Cambodia/e0826360/2020,160
A/Qatar/24-VI-21-3962572/2021,A/Cambodia/e0826360/2020,320
A/Qatar/16-VI-21-3950368/2021,A/Cambodia/e0826360/2020,320
A/Qatar/47-VI-21-3995023/2021,A/Cambodia/e0826360/2020,320
A/Qatar/24-VI-21-3985321/2021,A/Cambodia/e0826360/2020,160
A/Qatar/24-VI-21-3980766/2021,A/Cambodia/e0826360/2020,40
A/Qatar/16-VI-21-3994833/2021,A/Cambodia/e0826360/2020,320
A/Qatar/16-VI-21-3994707/2021,A/Cambodia/e0826360/2020,160
A/Qatar/16-VI-21-3999123/2021,A/Cambodia/e0826360/2020,320
A/Qatar/24-VI-21-4041206/2021,A/Cambodia/e0826360/2020,320
A/Qatar/24-VI-21-4031255/2021,A/Cambodia/e0826360/2020,320
A/Qatar/16-VI-21-4035811/2021,A/Cambodia/e0826360/2020,40
A/Qatar/16-VI-21-4035218/2021,A/Cambodia/e0826360/2020,80
A/Qatar/39-VI-21-4147440/2021,A/Cambodia/e0826360/2020,320
A/Qatar/39-VI-21-4154225/2021,A/Cambodia/e0826360/2020,80
A/Denmark/3264/2019,A/Cambodia/925256/2020,640
A/Hong Kong/2671/2019,A/Cambodia/925256/2020,320
A/Cambodia/e0826360/2020,A/Cambodia/925256/2020,320
A/Cambodia/925256/2020,A/Cambodia/925256/2020,1280
A/Bangladesh/4005/2020,A/Cambodia/925256/2020,320
A/Darwin/9/2021,A/Cambodia/925256/2020,40
A/Stockholm/5/2021,A/Cambodia/925256/2020,160
A/Michigan/173/2020,A/Cambodia/925256/2020,320
A/Kansas/14/2017,A/Cambodia/925256/2020,160
A/Togo/771/2020,A/Cambodia/925256/2020,160
A/Qatar/16-VI-21-3809350/2021,A/Cambodia/925256/2020,160
A/Qatar/16-VI-21-3801619/2021,A/Cambodia/925256/2020,80
A/Delaware/01/2021,A/Cambodia/925256/2020,80
A/Qatar/34-VI-21-3664968/2021,A/Cambodia/925256/2020,80
A/Qatar/16-VI-21-3673175/2021,A/Cambodia/925256/2020,160
A/Qatar/16-VI-21-3738537/2021,A/Cambodia/925256/2020,40
A/Qatar/16-VI-21-3744895/2021,A/Cambodia/925256/2020,160
A/Qatar/24-VI-21-3752470/2021,A/Cambodia/925256/2020,160
A/Qatar/16-VI-21-3820344/2021,A/Cambodia/925256/2020,160
A/Qatar/16-VI-21-3782139/2021,A/Cambodia/925256/2020,160
A/Qatar/16-VI-21-3778452/2021,A/Cambodia/925256/2020,160
A/Qatar/16-VI-21-3773931/2021,A/Cambodia/925256/2020,160
A/Qatar/16-VI-21-3798042/2021,A/Cambodia/925256/2020,160
A/Qatar/10-VI-21-3813895/2021,A/Cambodia/925256/2020,80
A/Qatar/10-VI-21-3843467/2021,A/Cambodia/925256/2020,160
A/Qatar/24-VI-21-3868954/2021,A/Cambodia/925256/2020,40
A/Qatar/10-VI-21-3886441/2021,A/Cambodia/925256/2020,160
A/Qatar/24-VI-21-3912649/2021,A/Cambodia/925256/2020,80
A/Qatar/10-VI-21-3904627/2021,A/Cambodia/925256/2020,160
A/Qatar/24-VI-21-3942034/2021,A/Cambodia/925256/2020,160
A/Qatar/24-VI-21-3929575/2021,A/Cambodia/925256/2020,80
A/Qatar/47-VI-21-3971441/2021,A/Cambodia/925256/2020,160
A/Qatar/47-VI-21-3968065/2021,A/Cambodia/925256/2020,160
A/Qatar/24-VI-21-3962572/2021,A/Cambodia/925256/2020,160
A/Qatar/16-VI-21-3950368/2021,A/Cambodia/925256/2020,160
A/Qatar/47-VI-21-3995023/2021,A/Cambodia/925256/2020,160
A/Qatar/24-VI-21-3985321/2021,A/Cambodia/925256/2020,80
A/Qatar/24-VI-21-3980766/2021,A/Cambodia/925256/2020,80
A/Qatar/16-VI-21-3994833/2021,A/Cambodia/925256/2020,160
A/Qatar/16-VI-21-3994707/2021,A/Cambodia/925256/2020,80
A/Qatar/16-VI-21-3999123/2021,A/Cambodia/925256/2020,160
A/Qatar/24-VI-21-4041206/2021,A/Cambodia/925256/2020,160
A/Qatar/24-VI-21-4031255/2021,A/Cambodia/925256/2020,160
A/Qatar/16-VI-21-4035811/2021,A/Cambodia/925256/2020,80
A/Qatar/16-VI-21-4035218/2021,A/Cambodia/925256/2020,160
A/Qatar/39-VI-21-4147440/2021,A/Cambodia/925256/2020,160
A/Qatar/39-VI-21-4154225/2021,A/Cambodia/925256/2020,80
A/Denmark/3264/2019,A/Bangladesh/4005/2020,320
A/Hong Kong/2671/2019,A/Bangladesh/4005/2020,160
A/Cambodia/e0826360/2020,A/Bangladesh/4005/2020,320
A/Cambodia/925256/2020,A/Bangladesh/4005/2020,160
A/Bangladesh/4005/2020,A/Bangladesh/4005/2020,640
A/Darwin/9/2021,A/Bangladesh/4005/2020,80
A/Stockholm/5/2021,A/Bangladesh/4005/2020,320
A/Michigan/173/2020,A/Bangladesh/4005/2020,640
A/Kansas/14/2017,A/Bangladesh/4005/2020,80
A/Togo/771/2020,A/Bangladesh/4005/2020,40
A/Qatar/16-VI-21-3809350/2021,A/Bangladesh/4005/2020,320
A/Qatar/16-VI-21-3801619/2021,A/Bangladesh/4005/2020,320
A/Delaware/01/2021,A/Bangladesh/4005/2020,160
A/Qatar/34-VI-21-3664968/2021,A/Bangladesh/4005/2020,160
A/Qatar/16-VI-21-3673175/2021,A/Bangladesh/4005/2020,320
A/Qatar/16-VI-21-3738537/2021,A/Bangladesh/4005/2020,80
A/Qatar/16-VI-21-3744895/2021,A/Bangladesh/4005/2020,320
A/Qatar/24-VI-21-3752470/2021,A/Bangladesh/4005/2020,640
A/Qatar/16-VI-21-3820344/2021,A/Bangladesh/4005/2020,320
A/Qatar/16-VI-21-3782139/2021,A/Bangladesh/4005/2020,320
A/Qatar/16-VI-21-3778452/2021,A/Bangladesh/4005/2020,320
A/Qatar/16-VI-21-3773931/2021,A/Bangladesh/4005/2020,320
A/Qatar/16-VI-21-3798042/2021,A/Bangladesh/4005/2020,320
A/Qatar/10-VI-21-3813895/2021,A/Bangladesh/4005/2020,320
A/Qatar/10-VI-21-3843467/2021,A/Bangladesh/4005/2020,320
A/Qatar/24-VI-21-3868954/2021,A/Bangladesh/4005/2020,80
A/Qatar/10-VI-21-3886441/2021,A/Bangladesh/4005/2020,320
A/Qatar/24-VI-21-3912649/2021,A/Bangladesh/4005/2020,320
A/Qatar/10-VI-21-3904627/2021,A/Bangladesh/4005/2020,320
A/Qatar/24-VI-21-3942034/2021,A/Bangladesh/4005/2020,320
A/Qatar/24-VI-21-3929575/2021,A/Bangladesh/4005/2020,320
A/Qatar/47-VI-21-3971441/2021,A/Bangladesh/4005/2020,320
A/Qatar/47-VI-21-3968065/2021,A/Bangladesh/4005/2020,320
A/Qatar/24-VI-21-3962572/2021,A/Bangladesh/4005/2020,320
A/Qatar/16-VI-21-3950368/2021,A/Bangladesh/4005/2020,320
A/Qatar/47-VI-21-3995023/2021,A/Bangladesh/4005/2020,320
A/Qatar/24-VI-21-3985321/2021,A/Bangladesh/4005/2020,320
A/Qatar/24-VI-21-3980766/2021,A/Bangladesh/4005/2020,320
A/Qatar/16-VI-21-3994833/2021,A/Bangladesh/4005/2020,320
A/Qatar/16-VI-21-3994707/2021,A/Bangladesh/4005/2020,320
A/Qatar/16-VI-21-3999123/2021,A/Bangladesh/4005/2020,320
A/Qatar/24-VI-21-4041206/2021,A/Bangladesh/4005/2020,320
A/Qatar/24-VI-21-4031255/2021,A/Bangladesh/4005/2020,320
A/Qatar/16-VI-21-4035811/2021,A/Bangladesh/4005/2020,160
A/Qatar/16-VI-21-4035218/2021,A/Bangladesh/4005/2020,320
A/Qatar/39-VI-21-4147440/2021,A/Bangladesh/4005/2020,320
A/Qatar/39-VI-21-4154225/2021,A/Bangladesh/4005/2020,320
A/Denmark/3264/2019,A/Darwin/9/2021,160
A/Hong Kong/2671/2019,A/Darwin/9/2021,40
A/Cambodia/e0826360/2020,A/Darwin/9/2021,320
A/Cambodia/925256/2020,A/Darwin/9/2021,*
A/Bangladesh/4005/2020,A/Darwin/9/2021,80
A/Darwin/9/2021,A/Darwin/9/2021,320
A/Stockholm/5/2021,A/Darwin/9/2021,40
A/Michigan/173/2020,A/Darwin/9/2021,320
A/Kansas/14/2017,A/Darwin/9/2021,160
A/Togo/771/2020,A/Darwin/9/2021,<40
A/Qatar/16-VI-21-3809350/2021,A/Darwin/9/2021,160
A/Qatar/16-VI-21-3801619/2021,A/Darwin/9/2021,160
A/Delaware/01/2021,A/Darwin/9/2021,160
A/Qatar/34-VI-21-3664968/2021,A/Darwin/9/2021,160
A/Qatar/16-VI-21-3673175/2021,A/Darwin/9/2021,160
A/Qatar/16-VI-21-3738537/2021,A/Darwin/9/2021,40
A/Qatar/16-VI-21-3744895/2021,A/Darwin/9/2021,80
A/Qatar/24-VI-21-3752470/2021,A/Darwin/9/2021,320
A/Qatar/16-VI-21-3820344/2021,A/Darwin/9/2021,80
A/Qatar/16-VI-21-3782139/2021,A/Darwin/9/2021,160
A/Qatar/16-VI-21-3778452/2021,A/Darwin/9/2021,80
A/Qatar/16-VI-21-3773931/2021,A/Darwin/9/2021,160
A/Qatar/16-VI-21-3798042/2021,A/Darwin/9/2021,80
A/Qatar/10-VI-21-3813895/2021,A/Darwin/9/2021,80
A/Qatar/10-VI-21-3843467/2021,A/Darwin/9/2021,160
A/Qatar/24-VI-21-3868954/2021,A/Darwin/9/2021,40
A/Qatar/10-VI-21-3886441/2021,A/Darwin/9/2021,160
A/Qatar/24-VI-21-3912649/2021,A/Darwin/9/2021,80
A/Qatar/10-VI-21-3904627/2021,A/Darwin/9/2021,80
A/Qatar/24-VI-21-3942034/2021,A/Darwin/9/2021,80
A/Qatar/24-VI-21-3929575/2021,A/Darwin/9/2021,80
A/Qatar/47-VI-21-3971441/2021,A/Darwin/9/2021,80
A/Qatar/47-VI-21-3968065/2021,A/Darwin/9/2021,80
A/Qatar/24-VI-21-3962572/2021,A/Darwin/9/2021,80
A/Qatar/16-VI-21-3950368/2021,A/Darwin/9/2021,160
A/Qatar/47-VI-21-3995023/2021,A/Darwin/9/2021,160
A/Qatar/24-VI-21-3985321/2021,A/Darwin/9/2021,80
A/Qatar/24-VI-21-3980766/2021,A/Darwin/9/2021,80
A/Qatar/16-VI-21-3994833/2021,A/Darwin/9/2021,160
A/Qatar/16-VI-21-3994707/2021,A/Darwin/9/2021,80
A/Qatar/16-VI-21-3999123/2021,A/Darwin/9/2021,80
A/Qatar/24-VI-21-4041206/2021,A/Darwin/9/2021,160
A/Qatar/24-VI-21-4031255/2021,A/Darwin/9/2021,160
A/Qatar/16-VI-21-4035811/2021,A/Darwin/9/2021,160
A/Qatar/16-VI-21-4035218/2021,A/Darwin/9/2021,160
A/Qatar/39-VI-21-4147440/2021,A/Darwin/9/2021,160
A/Qatar/39-VI-21-4154225/2021,A/Darwin/9/2021,160
A/Denmark/3264/2019,A/Stockholm/5/2021,320
A/Hong Kong/2671/2019,A/Stockholm/5/2021,160
A/Cambodia/e0826360/2020,A/Stockholm/5/2021,320
A/Cambodia/925256/2020,A/Stockholm/5/2021,160
A/Bangladesh/4005/2020,A/Stockholm/5/2021,1280
A/Darwin/9/2021,A/Stockholm/5/2021,80
A/Stockholm/5/2021,A/Stockholm/5/2021,1280
A/Michigan/173/2020,A/Stockholm/5/2021,640
A/Kansas/14/2017,A/Stockholm/5/2021,160
A/Togo/771/2020,A/Stockholm/5/2021,40
A/Qatar/16-VI-21-3809350/2021,A/Stockholm/5/2021,160
A/Qatar/16-VI-21-3801619/2021,A/Stockholm/5/2021,160
A/Delaware/01/2021,A/Stockholm/5/2021,640
A/Qatar/34-VI-21-3664968/2021,A/Stockholm/5/2021,640
A/Qatar/16-VI-21-3673175/2021,A/Stockholm/5/2021,640
A/Qatar/16-VI-21-3738537/2021,A/Stockholm/5/2021,80
A/Qatar/16-VI-21-3744895/2021,A/Stockholm/5/2021,320
A/Qatar/24-VI-21-3752470/2021,A/Stockholm/5/2021,640
A/Qatar/16-VI-21-3820344/2021,A/Stockholm/5/2021,320
A/Qatar/16-VI-21-3782139/2021,A/Stockholm/5/2021,320
A/Qatar/16-VI-21-3778452/2021,A/Stockholm/5/2021,320
A/Qatar/16-VI-21-3773931/2021,A/Stockholm/5/2021,320
A/Qatar/16-VI-21-3798042/2021,A/Stockholm/5/2021,320
A/Qatar/10-VI-21-3813895/2021,A/Stockholm/5/2021,40
A/Qatar/10-VI-21-3843467/2021,A/Stockholm/5/2021,40
A/Qatar/24-VI-21-3868954/2021,A/Stockholm/5/2021,40
A/Qatar/10-VI-21-3886441/2021,A/Stockholm/5/2021,80
A/Qatar/24-VI-21-3912649/2021,A/Stockholm/5/2021,80
A/Qatar/10-VI-21-3904627/2021,A/Stockholm/5/2021,80
A/Qatar/24-VI-21-3942034/2021,A/Stockholm/5/2021,160
A/Qatar/24-VI-21-3929575/2021,A/Stockholm/5/2021,160
A/Qatar/47-VI-21-3971441/2021,A/Stockholm/5/2021,320
A/Qatar/47-VI-21-3968065/2021,A/Stockholm/5/2021,320
A/Qatar/24-VI-21-3962572/2021,A/Stockholm/5/2021,320
A/Qatar/16-VI-21-3950368/2021,A/Stockholm/5/2021,640
A/Qatar/47-VI-21-3995023/2021,A/Stockholm/5/2021,640
A/Qatar/24-VI-21-3985321/2021,A/Stockholm/5/2021,320
A/Qatar/24-VI-21-3980766/2021,A/Stockholm/5/2021,80
A/Qatar/16-VI-21-3994833/2021,A/Stockholm/5/2021,640
A/Qatar/16-VI-21-3994707/2021,A/Stockholm/5/2021,320
A/Qatar/16-VI-21-3999123/2021,A/Stockholm/5/2021,640
A/Qatar/24-VI-21-4041206/2021,A/Stockholm/5/2021,320
A/Qatar/24-VI-21-4031255/2021,A/Stockholm/5/2021,640
A/Qatar/16-VI-21-4035811/2021,A/Stockholm/5/2021,640
A/Qatar/16-VI-21-4035218/2021,A/Stockholm/5/2021,640
A/Qatar/39-VI-21-4147440/2021,A/Stockholm/5/2021,640
A/Qatar/39-VI-21-4154225/2021,A/Stockholm/5/2021,640
A/Denmark/3264/2019,A/Michigan/173/2020,160
A/Hong Kong/2671/2019,A/Michigan/173/2020,160
A/Cambodia/e0826360/2020,A/Michigan/173/2020,1280
A/Cambodia/925256/2020,A/Michigan/173/2020,*
A/Bangladesh/4005/2020,A/Michigan/173/2020,1280
A/Darwin/9/2021,A/Michigan/173/2020,80
A/Stockholm/5/2021,A/Michigan/173/2020,320
A/Michigan/173/2020,A/Michigan/173/2020,640
A/Kansas/14/2017,A/Michigan/173/2020,320
A/Togo/771/2020,A/Michigan/173/2020,80
A/Qatar/16-VI-21-3809350/2021,A/Michigan/173/2020,*
A/Qatar/16-VI-21-3801619/2021,A/Michigan/173/2020,*
A/Delaware/01/2021,A/Michigan/173/2020,160
A/Qatar/34-VI-21-3664968/2021,A/Michigan/173/2020,160
A/Qatar/16-VI-21-3673175/2021,A/Michigan/173/2020,640
A/Qatar/16-VI-21-3738537/2021,A/Michigan/173/2020,80
A/Qatar/16-VI-21-3744895/2021,A/Michigan/173/2020,640
A/Qatar/24-VI-21-3752470/2021,A/Michigan/173/2020,640
A/Qatar/16-VI-21-3820344/2021,A/Michigan/173/2020,*
A/Qatar/16-VI-21-3782139/2021,A/Michigan/173/2020,640
A/Qatar/16-VI-21-3778452/2021,A/Michigan/173/2020,640
A/Qatar/16-VI-21-3773931/2021,A/Michigan/173/2020,640
A/Qatar/16-VI-21-3798042/2021,A/Michigan/173/2020,*
A/Qatar/10-VI-21-3813895/2021,A/Michigan/173/2020,*
A/Qatar/10-VI-21-3843467/2021,A/Michigan/173/2020,*
A/Qatar/24-VI-21-3868954/2021,A/Michigan/173/2020,*
A/Qatar/10-VI-21-3886441/2021,A/Michigan/173/2020,*
A/Qatar/24-VI-21-3912649/2021,A/Michigan/173/2020,*
A/Qatar/10-VI-21-3904627/2021,A/Michigan/173/2020,*
A/Qatar/24-VI-21-3942034/2021,A/Michigan/173/2020,*
A/Qatar/24-VI-21-3929575/2021,A/Michigan/173/2020,*
A/Qatar/47-VI-21-3971441/2021,A/Michigan/173/2020,640
A/Qatar/47-VI-21-3968065/2021,A/Michigan/173/2020,640
A/Qatar/24-VI-21-3962572/2021,A/Michigan/173/2020,640
A/Qatar/16-VI-21-3950368/2021,A/Michigan/173/2020,640
A/Qatar/47-VI-21-3995023/2021,A/Michigan/173/2020,640
A/Qatar/24-VI-21-3985321/2021,A/Michigan/173/2020,640
A/Qatar/24-VI-21-3980766/2021,A/Michigan/173/2020,80
A/Qatar/16-VI-21-3994833/2021,A/Michigan/173/2020,640
A/Qatar/16-VI-21-3994707/2021,A/Michigan/173/2020,320
A/Qatar/16-VI-21-3999123/2021,A/Michigan/173/2020,640
A/Qatar/24-VI-21-4041206/2021,A/Michigan/173/2020,640
A/Qatar/24-VI-21-4031255/2021,A/Michigan/173/2020,640
A/Qatar/16-VI-21-4035811/2021,A/Michigan/173/2020,160
A/Qatar/16-VI-21-4035218/2021,A/Michigan/173/2020,320
A/Qatar/39-VI-21-4147440/2021,A/Michigan/173/2020,640
A/Qatar/39-VI-21-4154225/2021,A/Michigan/173/2020,320
A/Denmark/3264/2019,A/Kansas/14/2017,160
A/Hong Kong/2671/2019,A/Kansas/14/2017,160
A/Cambodia/e0826360/2020,A/Kansas/14/2017,160
A/Cambodia/925256/2020,A/Kansas/14/2017,80
A/Bangladesh/4005/2020,A/Kansas/14/2017,320
A/Darwin/9/2021,A/Kansas/14/2017,40
A/Stockholm/5/2021,A/Kansas/14/2017,80
A/Michigan/173/2020,A/Kansas/14/2017,320
A/Kansas/14/2017,A/Kansas/14/2017,640
A/Togo/771/2020,A/Kansas/14/2017,<40
A/Qatar/16-VI-21-3809350/2021,A/Kansas/14/2017,160
A/Qatar/16-VI-21-3801619/2021,A/Kansas/14/2017,80
A/Delaware/01/2021,A/Kansas/14/2017,40
A/Qatar/34-VI-21-3664968/2021,A/Kansas/14/2017,80
A/Qatar/16-VI-21-3673175/2021,A/Kansas/14/2017,160
A/Qatar/16-VI-21-3738537/2021,A/Kansas/14/2017,40
A/Qatar/16-VI-21-3744895/2021,A/Kansas/14/2017,160
A/Qatar/24-VI-21-3752470/2021,A/Kansas/14/2017,160
A/Qatar/16-VI-21-3820344/2021,A/Kansas/14/2017,160
A/Qatar/16-VI-21-3782139/2021,A/Kansas/14/2017,160
A/Qatar/16-VI-21-3778452/2021,A/Kansas/14/2017,160
A/Qatar/16-VI-21-3773931/2021,A/Kansas/14/2017,160
A/Qatar/16-VI-21-3798042/2021,A/Kansas/14/2017,160
A/Qatar/10-VI-21-3813895/2021,A/Kansas/14/2017,160
A/Qatar/10-VI-21-3843467/2021,A/Kansas/14/2017,160
A/Qatar/24-VI-21-3868954/2021,A/Kansas/14/2017,40
A/Qatar/10-VI-21-3886441/2021,A/Kansas/14/2017,160
A/Qatar/24-VI-21-3912649/2021,A/Kansas/14/2017,160
A/Qatar/10-VI-21-3904627/2021,A/Kansas/14/2017,160
A/Qatar/24-VI-21-3942034/2021,A/Kansas/14/2017,160
A/Qatar/24-VI-21-3929575/2021,A/Kansas/14/2017,160
A/Qatar/47-VI-21-3971441/2021,A/Kansas/14/2017,160
A/Qatar/47-VI-21-3968065/2021,A/Kansas/14/2017,160
A/Qatar/24-VI-21-3962572/2021,A/Kansas/14/2017,160
A/Qatar/16-VI-21-3950368/2021,A/Kansas/14/2017,160
A/Qatar/47-VI-21-3995023/2021,A/Kansas/14/2017,160
A/Qatar/24-VI-21-3985321/2021,A/Kansas/14/2017,80
A/Qatar/24-VI-21-3980766/2021,A/Kansas/14/2017,40
A/Qatar/16-VI-21-3994833/2021,A/Kansas/14/2017,160
A/Qatar/16-VI-21-3994707/2021,A/Kansas/14/2017,160
A/Qatar/16-VI-21-3999123/2021,A/Kansas/14/2017,160
A/Qatar/24-VI-21-4041206/2021,A/Kansas/14/2017,80
A/Qatar/24-VI-21-4031255/2021,A/Kansas/14/2017,160
A/Qatar/16-VI-21-4035811/2021,A/Kansas/14/2017,40
A/Qatar/16-VI-21-4035218/2021,A/Kansas/14/2017,80
A/Qatar/39-VI-21-4147440/2021,A/Kansas/14/2017,80
A/Qatar/39-VI-21-4154225/2021,A/Kansas/14/2017,40
A/Denmark/3264/2019,A/Denmark/3264/2019,320
A/Hong Kong/2671/2019,A/Denmark/3264/2019,320
A/Cambodia/e0826360/2020,A/Denmark/3264/2019,160
A/Cambodia/925256/2020,A/Denmark/3264/2019,160
A/Bangladesh/4005/2020,A/Denmark/3264/2019,160
A/Darwin/9/2021,A/Denmark/3264/2019,80
A/Stockholm/5/2021,A/Denmark/3264/2019,80
A/Kansas/14/2017,A/Denmark/3264/2019,40
A/Baabda/5555/2021,A/Denmark/3264/2019,<40
A/Beirut/5518/2021,A/Denmark/3264/2019,<40
A/Beirut/5517/2021,A/Denmark/3264/2019,40
A/Beirut/5509/2021,A/Denmark/3264/2019,40
A/Tripoli/5651/2021,A/Denmark/3264/2019,80
A/Tripoli/5646/2021,A/Denmark/3264/2019,<40
A/Tripoli/5644/2021,A/Denmark/3264/2019,<40
A/Tripoli/5638/2021,A/Denmark/3264/2019,<40
A/Arsal/5773/2021,A/Denmark/3264/2019,40
A/Arsal/5772/2021,A/Denmark/3264/2019,40
A/Arsal/5768/2021,A/Denmark/3264/2019,40
A/Arsal/5767/2021,A/Denmark/3264/2019,80
A/Beirut/5788/2021,A/Denmark/3264/2019,40
A/Tripoli/5937/2021,A/Denmark/3264/2019,40
A/Tripoli/5927/2021,A/Denmark/3264/2019,80
A/Saida/5915/2021,A/Denmark/3264/2019,40
A/Tripoli/6100/2021,A/Denmark/3264/2019,40
A/Tripoli/6112/2021,A/Denmark/3264/2019,40
A/Denmark/3264/2019,A/Hong Kong/2671/2019,160
A/Hong Kong/2671/2019,A/Hong Kong/2671/2019,320
A/Cambodia/e0826360/2020,A/Hong Kong/2671/2019,<40
A/Cambodia/925256/2020,A/Hong Kong/2671/2019,80
A/Bangladesh/4005/2020,A/Hong Kong/2671/2019,40
A/Darwin/9/2021,A/Hong Kong/2671/2019,<40
A/Stockholm/5/2021,A/Hong Kong/2671/2019,<40
A/Kansas/14/2017,A/Hong Kong/2671/2019,<40
A/Baabda/5555/2021,A/Hong Kong/2671/2019,<40
A/Beirut/5518/2021,A/Hong Kong/2671/2019,<40
A/Beirut/5517/2021,A/Hong Kong/2671/2019,<40
A/Beirut/5509/2021,A/Hong Kong/2671/2019,<40
A/Tripoli/5651/2021,A/Hong Kong/2671/2019,<40
A/Tripoli/5646/2021,A/Hong Kong/2671/2019,<40
A/Tripoli/5644/2021,A/Hong Kong/2671/2019,<40
A/Tripoli/5638/2021,A/Hong Kong/2671/2019,<40
A/Arsal/5773/2021,A/Hong Kong/2671/2019,<40
A/Arsal/5772/2021,A/Hong Kong/2671/2019,<40
A/Arsal/5768/2021,A/Hong Kong/2671/2019,<40
A/Arsal/5767/2021,A/Hong Kong/2671/2019,<40
A/Beirut/5788/2021,A/Hong Kong/2671/2019,<40
A/Tripoli/5937/2021,A/Hong Kong/2671/2019,<40
A/Tripoli/5927/2021,A/Hong Kong/2671/2019,<40
A/Saida/5915/2021,A/Hong Kong/2671/2019,<40
A/Tripoli/6100/2021,A/Hong Kong/2671/2019,<40
A/Tripoli/6112/2021,A/Hong Kong/2671/2019,<40
A/Denmark/3264/2019,A/Cambodia/e0826360/2020,80
A/Hong Kong/2671/2019,A/Cambodia/e0826360/2020,80
A/Cambodia/e0826360/2020,A/Cambodia/e0826360/2020,1280
A/Cambodia/925256/2020,A/Cambodia/e0826360/2020,80
A/Bangladesh/4005/2020,A/Cambodia/e0826360/2020,160
A/Darwin/9/2021,A/Cambodia/e0826360/2020,160
A/Stockholm/5/2021,A/Cambodia/e0826360/2020,40
A/Kansas/14/2017,A/Cambodia/e0826360/2020,40
A/Baabda/5555/2021,A/Cambodia/e0826360/2020,<40
A/Beirut/5518/2021,A/Cambodia/e0826360/2020,<40
A/Beirut/5517/2021,A/Cambodia/e0826360/2020,<40
A/Beirut/5509/2021,A/Cambodia/e0826360/2020,<40
A/Tripoli/5651/2021,A/Cambodia/e0826360/2020,<40
A/Tripoli/5646/2021,A/Cambodia/e0826360/2020,<40
A/Tripoli/5644/2021,A/Cambodia/e0826360/2020,<40
A/Tripoli/5638/2021,A/Cambodia/e0826360/2020,<40
A/Arsal/5773/2021,A/Cambodia/e0826360/2020,<40
A/Arsal/5772/2021,A/Cambodia/e0826360/2020,<40
A/Arsal/5768/2021,A/Cambodia/e0826360/2020,<40
A/Arsal/5767/2021,A/Cambodia/e0826360/2020,<40
A/Beirut/5788/2021,A/Cambodia/e0826360/2020,<40
A/Tripoli/5937/2021,A/Cambodia/e0826360/2020,<40
A/Tripoli/5927/2021,A/Cambodia/e0826360/2020,160
A/Saida/5915/2021,A/Cambodia/e0826360/2020,<40
A/Tripoli/6100/2021,A/Cambodia/e0826360/2020,<40
A/Tripoli/6112/2021,A/Cambodia/e0826360/2020,<40
A/Denmark/3264/2019,A/Cambodia/925256/2020,640
A/Hong Kong/2671/2019,A/Cambodia/925256/2020,320
A/Cambodia/e0826360/2020,A/Cambodia/925256/2020,160
A/Cambodia/925256/2020,A/Cambodia/925256/2020,640
A/Bangladesh/4005/2020,A/Cambodia/925256/2020,160
A/Darwin/9/2021,A/Cambodia/925256/2020,160
A/Stockholm/5/2021,A/Cambodia/925256/2020,80
A/Kansas/14/2017,A/Cambodia/925256/2020,40
A/Baabda/5555/2021,A/Cambodia/925256/2020,40
A/Beirut/5518/2021,A/Cambodia/925256/2020,<40
A/Beirut/5517/2021,A/Cambodia/925256/2020,<40
A/Beirut/5509/2021,A/Cambodia/925256/2020,<40
A/Tripoli/5651/2021,A/Cambodia/925256/2020,40
A/Tripoli/5646/2021,A/Cambodia/925256/2020,40
A/Tripoli/5644/2021,A/Cambodia/925256/2020,40
A/Tripoli/5638/2021,A/Cambodia/925256/2020,40
A/Arsal/5773/2021,A/Cambodia/925256/2020,<40
A/Arsal/5772/2021,A/Cambodia/925256/2020,<40
A/Arsal/5768/2021,A/Cambodia/925256/2020,40
A/Arsal/5767/2021,A/Cambodia/925256/2020,40
A/Beirut/5788/2021,A/Cambodia/925256/2020,<40
A/Tripoli/5937/2021,A/Cambodia/925256/2020,<40
A/Tripoli/5927/2021,A/Cambodia/925256/2020,40
A/Saida/5915/2021,A/Cambodia/925256/2020,40
A/Tripoli/6100/2021,A/Cambodia/925256/2020,40
A/Tripoli/6112/2021,A/Cambodia/925256/2020,40
A/Denmark/3264/2019,A/Bangladesh/4005/2020,160
A/Hong Kong/2671/2019,A/Bangladesh/4005/2020,160
A/Cambodia/e0826360/2020,A/Bangladesh/4005/2020,160
A/Cambodia/925256/2020,A/Bangladesh/4005/2020,160
A/Bangladesh/4005/2020,A/Bangladesh/4005/2020,320
A/Darwin/9/2021,A/Bangladesh/4005/2020,160
A/Stockholm/5/2021,A/Bangladesh/4005/2020,160
A/Kansas/14/2017,A/Bangladesh/4005/2020,40
A/Baabda/5555/2021,A/Bangladesh/4005/2020,80
A/Beirut/5518/2021,A/Bangladesh/4005/2020,80
A/Beirut/5517/2021,A/Bangladesh/4005/2020,80
A/Beirut/5509/2021,A/Bangladesh/4005/2020,80
A/Tripoli/5651/2021,A/Bangladesh/4005/2020,160
A/Tripoli/5646/2021,A/Bangladesh/4005/2020,80
A/Tripoli/5644/2021,A/Bangladesh/4005/2020,80
A/Tripoli/5638/2021,A/Bangladesh/4005/2020,80
A/Arsal/5773/2021,A/Bangladesh/4005/2020,80
A/Arsal/5772/2021,A/Bangladesh/4005/2020,80
A/Arsal/5768/2021,A/Bangladesh/4005/2020,80
A/Arsal/5767/2021,A/Bangladesh/4005/2020,160
A/Beirut/5788/2021,A/Bangladesh/4005/2020,80
A/Tripoli/5937/2021,A/Bangladesh/4005/2020,80
A/Tripoli/5927/2021,A/Bangladesh/4005/2020,160
A/Saida/5915/2021,A/Bangladesh/4005/2020,80
A/Tripoli/6100/2021,A/Bangladesh/4005/2020,80
A/Tripoli/6112/2021,A/Bangladesh/4005/2020,80
A/Denmark/3264/2019,A/Darwin/9/2021,320
A/Hong Kong/2671/2019,A/Darwin/9/2021,320
A/Cambodia/e0826360/2020,A/Darwin/9/2021,640
A/Cambodia/925256/2020,A/Darwin/9/2021,320
A/Bangladesh/4005/2020,A/Darwin/9/2021,640
A/Darwin/9/2021,A/Darwin/9/2021,2560
A/Stockholm/5/2021,A/Darwin/9/2021,1280
A/Kansas/14/2017,A/Darwin/9/2021,80
A/Baabda/5555/2021,A/Darwin/9/2021,640
A/Beirut/5518/2021,A/Darwin/9/2021,640
A/Beirut/5517/2021,A/Darwin/9/2021,640
A/Beirut/5509/2021,A/Darwin/9/2021,640
A/Tripoli/5651/2021,A/Darwin/9/2021,640
A/Tripoli/5646/2021,A/Darwin/9/2021,640
A/Tripoli/5644/2021,A/Darwin/9/2021,640
A/Tripoli/5638/2021,A/Darwin/9/2021,640
A/Arsal/5773/2021,A/Darwin/9/2021,640
A/Arsal/5772/2021,A/Darwin/9/2021,640
A/Arsal/5768/2021,A/Darwin/9/2021,640
A/Arsal/5767/2021,A/Darwin/9/2021,640
A/Beirut/5788/2021,A/Darwin/9/2021,640
A/Tripoli/5937/2021,A/Darwin/9/2021,640
A/Tripoli/5927/2021,A/Darwin/9/2021,1280
A/Saida/5915/2021,A/Darwin/9/2021,640
A/Tripoli/6100/2021,A/Darwin/9/2021,640
A/Tripoli/6112/2021,A/Darwin/9/2021,640
A/Denmark/3264/2019,A/Stockholm/5/2021,160
A/Hong Kong/2671/2019,A/Stockholm/5/2021,160
A/Cambodia/e0826360/2020,A/Stockholm/5/2021,320
A/Cambodia/925256/2020,A/Stockholm/5/2021,160
A/Bangladesh/4005/2020,A/Stockholm/5/2021,640
A/Darwin/9/2021,A/Stockholm/5/2021,640
A/Stockholm/5/2021,A/Stockholm/5/2021,640
A/Kansas/14/2017,A/Stockholm/5/2021,80
A/Baabda/5555/2021,A/Stockholm/5/2021,320
A/Beirut/5518/2021,A/Stockholm/5/2021,320
A/Beirut/5517/2021,A/Stockholm/5/2021,320
A/Beirut/5509/2021,A/Stockholm/5/2021,320
A/Tripoli/5651/2021,A/Stockholm/5/2021,640
A/Tripoli/5646/2021,A/Stockholm/5/2021,320
A/Tripoli/5644/2021,A/Stockholm/5/2021,320
A/Tripoli/5638/2021,A/Stockholm/5/2021,320
A/Arsal/5773/2021,A/Stockholm/5/2021,320
A/Arsal/5772/2021,A/Stockholm/5/2021,320
A/Arsal/5768/2021,A/Stockholm/5/2021,640
A/Arsal/5767/2021,A/Stockholm/5/2021,320
A/Beirut/5788/2021,A/Stockholm/5/2021,320
A/Tripoli/5937/2021,A/Stockholm/5/2021,320
A/Tripoli/5927/2021,A/Stockholm/5/2021,640
A/Saida/5915/2021,A/Stockholm/5/2021,320
A/Tripoli/6100/2021,A/Stockholm/5/2021,320
A/Tripoli/6112/2021,A/Stockholm/5/2021,320
A/Denmark/3264/2019,A/Kansas/14/2017,80
A/Hong Kong/2671/2019,A/Kansas/14/2017,80
A/Cambodia/e0826360/2020,A/Kansas/14/2017,80
A/Cambodia/925256/2020,A/Kansas/14/2017,80
A/Bangladesh/4005/2020,A/Kansas/14/2017,160
A/Darwin/9/2021,A/Kansas/14/2017,40
A/Stockholm/5/2021,A/Kansas/14/2017,40
A/Kansas/14/2017,A/Kansas/14/2017,640
A/Baabda/5555/2021,A/Kansas/14/2017,<40
A/Beirut/5518/2021,A/Kansas/14/2017,<40
A/Beirut/5517/2021,A/Kansas/14/2017,<40
A/Beirut/5509/2021,A/Kansas/14/2017,<40
A/Tripoli/5651/2021,A/Kansas/14/2017,<40
A/Tripoli/5646/2021,A/Kansas/14/2017,<40
A/Tripoli/5644/2021,A/Kansas/14/2017,<40
A/Tripoli/5638/2021,A/Kansas/14/2017,<40
A/Arsal/5773/2021,A/Kansas/14/2017,<40
A/Arsal/5772/2021,A/Kansas/14/2017,<40
A/Arsal/5768/2021,A/Kansas/14/2017,<40
A/Arsal/5767/2021,A/Kansas/14/2017,<40
A/Beirut/5788/2021,A/Kansas/14/2017,<40
A/Tripoli/5937/2021,A/Kansas/14/2017,<40
A/Tripoli/5927/2021,A/Kansas/14/2017,40
A/Saida/5915/2021,A/Kansas/14/2017,<40
A/Tripoli/6100/2021,A/Kansas/14/2017,<40
A/Tripoli/6112/2021,A/Kansas/14/2017,<40
A/Denmark/3264/2019,A/Denmark/3264/2019,320
A/Hong Kong/2671/2019,A/Denmark/3264/2019,320
A/Cambodia/e0826360/2020,A/Denmark/3264/2019,160
A/Cambodia/925256/2020,A/Denmark/3264/2019,160
A/Bangladesh/4005/2020,A/Denmark/3264/2019,640
A/Darwin/9/2021,A/Denmark/3264/2019,160
A/Stockholm/5/2021,A/Denmark/3264/2019,160
A/Kansas/14/2017,A/Denmark/3264/2019,80
A/Netherlands/00007/2021,A/Denmark/3264/2019,80
A/Netherlands/10003/2021,A/Denmark/3264/2019,80
A/Netherlands/10001/2021,A/Denmark/3264/2019,40
A/Netherlands/10002/2021,A/Denmark/3264/2019,40
A/Netherlands/00016/2021,A/Denmark/3264/2019,160
A/Netherlands/10004/2021,A/Denmark/3264/2019,80
A/Netherlands/10005/2021,A/Denmark/3264/2019,80
A/Netherlands/10006/2021,A/Denmark/3264/2019,80
A/Netherlands/00008/2021,A/Denmark/3264/2019,80
A/Netherlands/10008/2021,A/Denmark/3264/2019,40
A/Netherlands/10010/2021,A/Denmark/3264/2019,40
A/Netherlands/00012/2021,A/Denmark/3264/2019,80
A/Netherlands/00013/2021,A/Denmark/3264/2019,160
A/Denmark/3264/2019,A/Hong Kong/2671/2019,320
A/Hong Kong/2671/2019,A/Hong Kong/2671/2019,320
A/Cambodia/e0826360/2020,A/Hong Kong/2671/2019,<40
A/Cambodia/925256/2020,A/Hong Kong/2671/2019,80
A/Bangladesh/4005/2020,A/Hong Kong/2671/2019,160
A/Darwin/9/2021,A/Hong Kong/2671/2019,<40
A/Stockholm/5/2021,A/Hong Kong/2671/2019,40
A/Kansas/14/2017,A/Hong Kong/2671/2019,40
A/Netherlands/00007/2021,A/Hong Kong/2671/2019,<40
A/Netherlands/10003/2021,A/Hong Kong/2671/2019,<40
A/Netherlands/10001/2021,A/Hong Kong/2671/2019,<40
A/Netherlands/10002/2021,A/Hong Kong/2671/2019,<40
A/Netherlands/00016/2021,A/Hong Kong/2671/2019,<40
A/Netherlands/10004/2021,A/Hong Kong/2671/2019,<40
A/Netherlands/10005/2021,A/Hong Kong/2671/2019,<40
A/Netherlands/10006/2021,A/Hong Kong/2671/2019,<40
A/Netherlands/00008/2021,A/Hong Kong/2671/2019,<40
A/Netherlands/10008/2021,A/Hong Kong/2671/2019,<40
A/Netherlands/10010/2021,A/Hong Kong/2671/2019,<40
A/Netherlands/00012/2021,A/Hong Kong/2671/2019,<40
A/Netherlands/00013/2021,A/Hong Kong/2671/2019,<40
A/Denmark/3264/2019,A/Cambodia/e0826360/2020,80
A/Hong Kong/2671/2019,A/Cambodia/e0826360/2020,160
A/Cambodia/e0826360/2020,A/Cambodia/e0826360/2020,2560
A/Cambodia/925256/2020,A/Cambodia/e0826360/2020,80
A/Bangladesh/4005/2020,A/Cambodia/e0826360/2020,160
A/Darwin/9/2021,A/Cambodia/e0826360/2020,320
A/Stockholm/5/2021,A/Cambodia/e0826360/2020,40
A/Kansas/14/2017,A/Cambodia/e0826360/2020,40
A/Netherlands/00007/2021,A/Cambodia/e0826360/2020,160
A/Netherlands/10003/2021,A/Cambodia/e0826360/2020,160
A/Netherlands/10001/2021,A/Cambodia/e0826360/2020,160
A/Netherlands/10002/2021,A/Cambodia/e0826360/2020,160
A/Netherlands/00016/2021,A/Cambodia/e0826360/2020,160
A/Netherlands/10004/2021,A/Cambodia/e0826360/2020,160
A/Netherlands/10005/2021,A/Cambodia/e0826360/2020,160
A/Netherlands/10006/2021,A/Cambodia/e0826360/2020,160
A/Netherlands/00008/2021,A/Cambodia/e0826360/2020,160
A/Netherlands/10008/2021,A/Cambodia/e0826360/2020,160
A/Netherlands/10010/2021,A/Cambodia/e0826360/2020,160
A/Netherlands/00012/2021,A/Cambodia/e0826360/2020,160
A/Netherlands/00013/2021,A/Cambodia/e0826360/2020,160
A/Denmark/3264/2019,A/Cambodia/925256/2020,640
A/Hong Kong/2671/2019,A/Cambodia/925256/2020,640
A/Cambodia/e0826360/2020,A/Cambodia/925256/2020,160
A/Cambodia/925256/2020,A/Cambodia/925256/2020,640
A/Bangladesh/4005/2020,A/Cambodia/925256/2020,640
A/Darwin/9/2021,A/Cambodia/925256/2020,80
A/Stockholm/5/2021,A/Cambodia/925256/2020,160
A/Kansas/14/2017,A/Cambodia/925256/2020,80
A/Netherlands/00007/2021,A/Cambodia/925256/2020,40
A/Netherlands/10003/2021,A/Cambodia/925256/2020,80
A/Netherlands/10001/2021,A/Cambodia/925256/2020,80
A/Netherlands/10002/2021,A/Cambodia/925256/2020,80
A/Netherlands/00016/2021,A/Cambodia/925256/2020,80
A/Netherlands/10004/2021,A/Cambodia/925256/2020,80
A/Netherlands/10005/2021,A/Cambodia/925256/2020,80
A/Netherlands/10006/2021,A/Cambodia/925256/2020,160
A/Netherlands/00008/2021,A/Cambodia/925256/2020,80
A/Netherlands/10008/2021,A/Cambodia/925256/2020,40
A/Netherlands/10010/2021,A/Cambodia/925256/2020,80
A/Netherlands/00012/2021,A/Cambodia/925256/2020,80
A/Netherlands/00013/2021,A/Cambodia/925256/2020,160
A/Denmark/3264/2019,A/Bangladesh/4005/2020,160
A/Hong Kong/2671/2019,A/Bangladesh/4005/2020,160
A/Cambodia/e0826360/2020,A/Bangladesh/4005/2020,320
A/Cambodia/925256/2020,A/Bangladesh/4005/2020,160
A/Bangladesh/4005/2020,A/Bangladesh/4005/2020,1280
A/Darwin/9/2021,A/Bangladesh/4005/2020,640
A/Stockholm/5/2021,A/Bangladesh/4005/2020,640
A/Kansas/14/2017,A/Bangladesh/4005/2020,160
A/Netherlands/00007/2021,A/Bangladesh/4005/2020,320
A/Netherlands/10003/2021,A/Bangladesh/4005/2020,320
A/Netherlands/10001/2021,A/Bangladesh/4005/2020,320
A/Netherlands/10002/2021,A/Bangladesh/4005/2020,320
A/Netherlands/00016/2021,A/Bangladesh/4005/2020,320
A/Netherlands/10004/2021,A/Bangladesh/4005/2020,320
A/Netherlands/10005/2021,A/Bangladesh/4005/2020,320
A/Netherlands/10006/2021,A/Bangladesh/4005/2020,320
A/Netherlands/00008/2021,A/Bangladesh/4005/2020,320
A/Netherlands/10008/2021,A/Bangladesh/4005/2020,160
A/Netherlands/10010/2021,A/Bangladesh/4005/2020,160
A/Netherlands/00012/2021,A/Bangladesh/4005/2020,320
A/Netherlands/00013/2021,A/Bangladesh/4005/2020,320
A/Denmark/3264/2019,A/Darwin/9/2021,320
A/Hong Kong/2671/2019,A/Darwin/9/2021,320
A/Cambodia/e0826360/2020,A/Darwin/9/2021,640
A/Cambodia/925256/2020,A/Darwin/9/2021,320
A/Bangladesh/4005/2020,A/Darwin/9/2021,2560
A/Darwin/9/2021,A/Darwin/9/2021,2560
A/Stockholm/5/2021,A/Darwin/9/2021,2560
A/Kansas/14/2017,A/Darwin/9/2021,160
A/Netherlands/00007/2021,A/Darwin/9/2021,1280
A/Netherlands/10003/2021,A/Darwin/9/2021,1280
A/Netherlands/10001/2021,A/Darwin/9/2021,640
A/Netherlands/10002/2021,A/Darwin/9/2021,1280
A/Netherlands/00016/2021,A/Darwin/9/2021,2560
A/Netherlands/10004/2021,A/Darwin/9/2021,1280
A/Netherlands/10005/2021,A/Darwin/9/2021,1280
A/Netherlands/10006/2021,A/Darwin/9/2021,1280
A/Netherlands/00008/2021,A/Darwin/9/2021,1280
A/Netherlands/10008/2021,A/Darwin/9/2021,640
A/Netherlands/10010/2021,A/Darwin/9/2021,1280
A/Netherlands/00012/2021,A/Darwin/9/2021,1280
A/Netherlands/00013/2021,A/Darwin/9/2021,2560
A/Denmark/3264/2019,A/Stockholm/5/2021,160
A/Hong Kong/2671/2019,A/Stockholm/5/2021,320
A/Cambodia/e0826360/2020,A/Stockholm/5/2021,320
A/Cambodia/925256/2020,A/Stockholm/5/2021,160
A/Bangladesh/4005/2020,A/Stockholm/5/2021,1280
A/Darwin/9/2021,A/Stockholm/5/2021,1280
A/Stockholm/5/2021,A/Stockholm/5/2021,1280
A/Kansas/14/2017,A/Stockholm/5/2021,160
A/Netherlands/00007/2021,A/Stockholm/5/2021,640
A/Netherlands/10003/2021,A/Stockholm/5/2021,1280
A/Netherlands/10001/2021,A/Stockholm/5/2021,640
A/Netherlands/10002/2021,A/Stockholm/5/2021,640
A/Netherlands/00016/2021,A/Stockholm/5/2021,1280
A/Netherlands/10004/2021,A/Stockholm/5/2021,640
A/Netherlands/10005/2021,A/Stockholm/5/2021,640
A/Netherlands/10006/2021,A/Stockholm/5/2021,1280
A/Netherlands/00008/2021,A/Stockholm/5/2021,640
A/Netherlands/10008/2021,A/Stockholm/5/2021,320
A/Netherlands/10010/2021,A/Stockholm/5/2021,640
A/Netherlands/00012/2021,A/Stockholm/5/2021,640
A/Netherlands/00013/2021,A/Stockholm/5/2021,1280
A/Denmark/3264/2019,A/Kansas/14/2017,160
A/Hong Kong/2671/2019,A/Kansas/14/2017,160
A/Cambodia/e0826360/2020,A/Kansas/14/2017,80
A/Cambodia/925256/2020,A/Kansas/14/2017,80
A/Bangladesh/4005/2020,A/Kansas/14/2017,320
A/Darwin/9/2021,A/Kansas/14/2017,80
A/Stockholm/5/2021,A/Kansas/14/2017,80
A/Kansas/14/2017,A/Kansas/14/2017,640
A/Netherlands/00007/2021,A/Kansas/14/2017,<40
A/Netherlands/10003/2021,A/Kansas/14/2017,40
A/Netherlands/10001/2021,A/Kansas/14/2017,40
A/Netherlands/10002/2021,A/Kansas/14/2017,40
A/Netherlands/00016/2021,A/Kansas/14/2017,40
A/Netherlands/10004/2021,A/Kansas/14/2017,40
A/Netherlands/10005/2021,A/Kansas/14/2017,40
A/Netherlands/10006/2021,A/Kansas/14/2017,40
A/Netherlands/00008/2021,A/Kansas/14/2017,40
A/Netherlands/10008/2021,A/Kansas/14/2017,<40
A/Netherlands/10010/2021,A/Kansas/14/2017,<40
A/Netherlands/00012/2021,A/Kansas/14/2017,40
A/Netherlands/00013/2021,A/Kansas/14/2017,40
A/Denmark/3264/2019,A/Denmark/3264/2019,320
A/Hong Kong/2671/2019,A/Denmark/3264/2019,320
A/Cambodia/e0826360/2020,A/Denmark/3264/2019,160
A/Cambodia/925256/2020,A/Denmark/3264/2019,160
A/Bangladesh/4005/2020,A/Denmark/3264/2019,160
A/Darwin/9/2021,A/Denmark/3264/2019,160
A/Stockholm/5/2021,A/Denmark/3264/2019,80
A/Kansas/14/2017,A/Denmark/3264/2019,40
A/Croatia/97333/2021,A/Denmark/3264/2019,<40
A/Croatia/99546/2021,A/Denmark/3264/2019,<40
A/Croatia/103473/2021,A/Denmark/3264/2019,<40
A/Croatia/109108/2021,A/Denmark/3264/2019,<40
A/Denmark/3264/2019,A/Hong Kong/2671/2019,320
A/Hong Kong/2671/2019,A/Hong Kong/2671/2019,320
A/Cambodia/e0826360/2020,A/Hong Kong/2671/2019,<40
A/Cambodia/925256/2020,A/Hong Kong/2671/2019,160
A/Bangladesh/4005/2020,A/Hong Kong/2671/2019,80
A/Darwin/9/2021,A/Hong Kong/2671/2019,<40
A/Stockholm/5/2021,A/Hong Kong/2671/2019,<40
A/Kansas/14/2017,A/Hong Kong/2671/2019,<40
A/Croatia/97333/2021,A/Hong Kong/2671/2019,<40
A/Croatia/99546/2021,A/Hong Kong/2671/2019,<40
A/Croatia/103473/2021,A/Hong Kong/2671/2019,<40
A/Croatia/109108/2021,A/Hong Kong/2671/2019,<40
A/Denmark/3264/2019,A/Cambodia/e0826360/2020,160
A/Hong Kong/2671/2019,A/Cambodia/e0826360/2020,160
A/Cambodia/e0826360/2020,A/Cambodia/e0826360/2020,1280
A/Cambodia/925256/2020,A/Cambodia/e0826360/2020,160
A/Bangladesh/4005/2020,A/Cambodia/e0826360/2020,320
A/Darwin/9/2021,A/Cambodia/e0826360/2020,640
A/Stockholm/5/2021,A/Cambodia/e0826360/2020,80
A/Kansas/14/2017,A/Cambodia/e0826360/2020,80
A/Croatia/97333/2021,A/Cambodia/e0826360/2020,80
A/Croatia/99546/2021,A/Cambodia/e0826360/2020,80
A/Croatia/103473/2021,A/Cambodia/e0826360/2020,80
A/Croatia/109108/2021,A/Cambodia/e0826360/2020,80
A/Denmark/3264/2019,A/Cambodia/925256/2020,640
A/Hong Kong/2671/2019,A/Cambodia/925256/2020,640
A/Cambodia/e0826360/2020,A/Cambodia/925256/2020,160
A/Cambodia/925256/2020,A/Cambodia/925256/2020,640
A/Bangladesh/4005/2020,A/Cambodia/925256/2020,160
A/Darwin/9/2021,A/Cambodia/925256/2020,160
A/Stockholm/5/2021,A/Cambodia/925256/2020,80
A/Kansas/14/2017,A/Cambodia/925256/2020,40
A/Croatia/97333/2021,A/Cambodia/925256/2020,80
A/Croatia/99546/2021,A/Cambodia/925256/2020,40
A/Croatia/103473/2021,A/Cambodia/925256/2020,40
A/Croatia/109108/2021,A/Cambodia/925256/2020,40
A/Denmark/3264/2019,A/Cambodia/925256/2020,320
A/Hong Kong/2671/2019,A/Cambodia/925256/2020,160
A/Cambodia/e0826360/2020,A/Cambodia/925256/2020,40
A/Cambodia/925256/2020,A/Cambodia/925256/2020,320
A/Bangladesh/4005/2020,A/Cambodia/925256/2020,80
A/Darwin/9/2021,A/Cambodia/925256/2020,80
A/Stockholm/5/2021,A/Cambodia/925256/2020,<40
A/Kansas/14/2017,A/Cambodia/925256/2020,<40
A/Croatia/97333/2021,A/Cambodia/925256/2020,<40
A/Croatia/99546/2021,A/Cambodia/925256/2020,<40
A/Croatia/103473/2021,A/Cambodia/925256/2020,<40
A/Croatia/109108/2021,A/Cambodia/925256/2020,<40
A/Denmark/3264/2019,A/Bangladesh/4005/2020,320
A/Hong Kong/2671/2019,A/Bangladesh/4005/2020,320
A/Cambodia/e0826360/2020,A/Bangladesh/4005/2020,320
A/Cambodia/925256/2020,A/Bangladesh/4005/2020,320
A/Bangladesh/4005/2020,A/Bangladesh/4005/2020,640
A/Darwin/9/2021,A/Bangladesh/4005/2020,640
A/Stockholm/5/2021,A/Bangladesh/4005/2020,320
A/Kansas/14/2017,A/Bangladesh/4005/2020,40
A/Croatia/97333/2021,A/Bangladesh/4005/2020,160
A/Croatia/99546/2021,A/Bangladesh/4005/2020,160
A/Croatia/103473/2021,A/Bangladesh/4005/2020,160
A/Croatia/109108/2021,A/Bangladesh/4005/2020,160
A/Denmark/3264/2019,A/Darwin/9/2021,320
A/Hong Kong/2671/2019,A/Darwin/9/2021,320
A/Cambodia/e0826360/2020,A/Darwin/9/2021,320
A/Cambodia/925256/2020,A/Darwin/9/2021,320
A/Bangladesh/4005/2020,A/Darwin/9/2021,640
A/Darwin/9/2021,A/Darwin/9/2021,2560
A/Stockholm/5/2021,A/Darwin/9/2021,1280
A/Kansas/14/2017,A/Darwin/9/2021,80
A/Croatia/97333/2021,A/Darwin/9/2021,640
A/Croatia/99546/2021,A/Darwin/9/2021,640
A/Croatia/103473/2021,A/Darwin/9/2021,640
A/Croatia/109108/2021,A/Darwin/9/2021,320
A/Denmark/3264/2019,A/Stockholm/5/2021,160
A/Hong Kong/2671/2019,A/Stockholm/5/2021,160
A/Cambodia/e0826360/2020,A/Stockholm/5/2021,160
A/Cambodia/925256/2020,A/Stockholm/5/2021,160
A/Bangladesh/4005/2020,A/Stockholm/5/2021,640
A/Darwin/9/2021,A/Stockholm/5/2021,640
A/Stockholm/5/2021,A/Stockholm/5/2021,640
A/Kansas/14/2017,A/Stockholm/5/2021,80
A/Croatia/97333/2021,A/Stockholm/5/2021,320
A/Croatia/99546/2021,A/Stockholm/5/2021,320
A/Croatia/103473/2021,A/Stockholm/5/2021,320
A/Croatia/109108/2021,A/Stockholm/5/2021,320
A/Denmark/3264/2019,A/Stockholm/5/2021,160
A/Hong Kong/2671/2019,A/Stockholm/5/2021,80
A/Cambodia/e0826360/2020,A/Stockholm/5/2021,40
A/Cambodia/925256/2020,A/Stockholm/5/2021,160
A/Bangladesh/4005/2020,A/Stockholm/5/2021,160
A/Darwin/9/2021,A/Stockholm/5/2021,320
A/Stockholm/5/2021,A/Stockholm/5/2021,320
A/Kansas/14/2017,A/Stockholm/5/2021,<40
A/Croatia/97333/2021,A/Stockholm/5/2021,160
A/Croatia/99546/2021,A/Stockholm/5/2021,160
A/Croatia/103473/2021,A/Stockholm/5/2021,160
A/Croatia/109108/2021,A/Stockholm/5/2021,160
A/Denmark/3264/2019,A/Kansas/14/2017,80
A/Hong Kong/2671/2019,A/Kansas/14/2017,80
A/Cambodia/e0826360/2020,A/Kansas/14/2017,80
A/Cambodia/925256/2020,A/Kansas/14/2017,80
A/Bangladesh/4005/2020,A/Kansas/14/2017,160
A/Darwin/9/2021,A/Kansas/14/2017,40
A/Stockholm/5/2021,A/Kansas/14/2017,40
A/Kansas/14/2017,A/Kansas/14/2017,320
A/Croatia/97333/2021,A/Kansas/14/2017,<40
A/Croatia/99546/2021,A/Kansas/14/2017,<40
A/Croatia/103473/2021,A/Kansas/14/2017,<40
A/Croatia/109108/2021,A/Kansas/14/2017,<40
A/Denmark/3264/2019,A/Denmark/3264/2019,320
A/Hong Kong/2671/2019,A/Denmark/3264/2019,320
A/Cambodia/e0826360/2020,A/Denmark/3264/2019,160
A/Cambodia/925256/2020,A/Denmark/3264/2019,160
A/Bangladesh/4005/2020,A/Denmark/3264/2019,160
A/Darwin/9/2021,A/Denmark/3264/2019,160
A/Stockholm/5/2021,A/Denmark/3264/2019,80
A/Kansas/14/2017,A/Denmark/3264/2019,40
A/Denmark/04/2021,A/Denmark/3264/2019,40
A/Denmark/08/2021,A/Denmark/3264/2019,40
A/Denmark/07/2021,A/Denmark/3264/2019,40
A/Denmark/13/2021,A/Denmark/3264/2019,40
A/Denmark/12/2021,A/Denmark/3264/2019,40
A/Denmark/21/2021,A/Denmark/3264/2019,160
A/Denmark/3264/2019,A/Hong Kong/2671/2019,320
A/Hong Kong/2671/2019,A/Hong Kong/2671/2019,320
A/Cambodia/e0826360/2020,A/Hong Kong/2671/2019,<40
A/Cambodia/925256/2020,A/Hong Kong/2671/2019,160
A/Bangladesh/4005/2020,A/Hong Kong/2671/2019,<40
A/Darwin/9/2021,A/Hong Kong/2671/2019,<40
A/Stockholm/5/2021,A/Hong Kong/2671/2019,<40
A/Kansas/14/2017,A/Hong Kong/2671/2019,<40
A/Denmark/04/2021,A/Hong Kong/2671/2019,<40
A/Denmark/08/2021,A/Hong Kong/2671/2019,<40
A/Denmark/07/2021,A/Hong Kong/2671/2019,<40
A/Denmark/13/2021,A/Hong Kong/2671/2019,<40
A/Denmark/12/2021,A/Hong Kong/2671/2019,<40
A/Denmark/21/2021,A/Hong Kong/2671/2019,<40
A/Denmark/3264/2019,A/Cambodia/e0826360/2020,160
A/Hong Kong/2671/2019,A/Cambodia/e0826360/2020,160
A/Cambodia/e0826360/2020,A/Cambodia/e0826360/2020,1280
A/Cambodia/925256/2020,A/Cambodia/e0826360/2020,160
A/Bangladesh/4005/2020,A/Cambodia/e0826360/2020,160
A/Darwin/9/2021,A/Cambodia/e0826360/2020,320
A/Stockholm/5/2021,A/Cambodia/e0826360/2020,80
A/Kansas/14/2017,A/Cambodia/e0826360/2020,40
A/Denmark/04/2021,A/Cambodia/e0826360/2020,80
A/Denmark/08/2021,A/Cambodia/e0826360/2020,40
A/Denmark/07/2021,A/Cambodia/e0826360/2020,40
A/Denmark/13/2021,A/Cambodia/e0826360/2020,40
A/Denmark/12/2021,A/Cambodia/e0826360/2020,40
A/Denmark/21/2021,A/Cambodia/e0826360/2020,320
A/Denmark/3264/2019,A/Cambodia/925256/2020,640
A/Hong Kong/2671/2019,A/Cambodia/925256/2020,640
A/Cambodia/e0826360/2020,A/Cambodia/925256/2020,160
A/Cambodia/925256/2020,A/Cambodia/925256/2020,640
A/Bangladesh/4005/2020,A/Cambodia/925256/2020,160
A/Darwin/9/2021,A/Cambodia/925256/2020,80
A/Stockholm/5/2021,A/Cambodia/925256/2020,80
A/Kansas/14/2017,A/Cambodia/925256/2020,80
A/Denmark/04/2021,A/Cambodia/925256/2020,40
A/Denmark/08/2021,A/Cambodia/925256/2020,40
A/Denmark/07/2021,A/Cambodia/925256/2020,40
A/Denmark/13/2021,A/Cambodia/925256/2020,40
A/Denmark/12/2021,A/Cambodia/925256/2020,40
A/Denmark/21/2021,A/Cambodia/925256/2020,160
A/Denmark/3264/2019,A/Bangladesh/4005/2020,160
A/Hong Kong/2671/2019,A/Bangladesh/4005/2020,160
A/Cambodia/e0826360/2020,A/Bangladesh/4005/2020,160
A/Cambodia/925256/2020,A/Bangladesh/4005/2020,320
A/Bangladesh/4005/2020,A/Bangladesh/4005/2020,640
A/Darwin/9/2021,A/Bangladesh/4005/2020,320
A/Stockholm/5/2021,A/Bangladesh/4005/2020,160
A/Kansas/14/2017,A/Bangladesh/4005/2020,80
A/Denmark/04/2021,A/Bangladesh/4005/2020,160
A/Denmark/08/2021,A/Bangladesh/4005/2020,160
A/Denmark/07/2021,A/Bangladesh/4005/2020,160
A/Denmark/13/2021,A/Bangladesh/4005/2020,160
A/Denmark/12/2021,A/Bangladesh/4005/2020,160
A/Denmark/21/2021,A/Bangladesh/4005/2020,640
A/Denmark/3264/2019,A/Darwin/9/2021,160
A/Hong Kong/2671/2019,A/Darwin/9/2021,160
A/Cambodia/e0826360/2020,A/Darwin/9/2021,320
A/Cambodia/925256/2020,A/Darwin/9/2021,320
A/Bangladesh/4005/2020,A/Darwin/9/2021,640
A/Darwin/9/2021,A/Darwin/9/2021,2560
A/Stockholm/5/2021,A/Darwin/9/2021,1280
A/Kansas/14/2017,A/Darwin/9/2021,80
A/Denmark/04/2021,A/Darwin/9/2021,640
A/Denmark/08/2021,A/Darwin/9/2021,320
A/Denmark/07/2021,A/Darwin/9/2021,320
A/Denmark/13/2021,A/Darwin/9/2021,320
A/Denmark/12/2021,A/Darwin/9/2021,320
A/Denmark/21/2021,A/Darwin/9/2021,640
A/Denmark/3264/2019,A/Stockholm/5/2021,80
A/Hong Kong/2671/2019,A/Stockholm/5/2021,80
A/Cambodia/e0826360/2020,A/Stockholm/5/2021,160
A/Cambodia/925256/2020,A/Stockholm/5/2021,160
A/Bangladesh/4005/2020,A/Stockholm/5/2021,640
A/Darwin/9/2021,A/Stockholm/5/2021,640
A/Stockholm/5/2021,A/Stockholm/5/2021,640
A/Kansas/14/2017,A/Stockholm/5/2021,80
A/Denmark/04/2021,A/Stockholm/5/2021,640
A/Denmark/08/2021,A/Stockholm/5/2021,160
A/Denmark/07/2021,A/Stockholm/5/2021,160
A/Denmark/13/2021,A/Stockholm/5/2021,320
A/Denmark/12/2021,A/Stockholm/5/2021,320
A/Denmark/21/2021,A/Stockholm/5/2021,640
A/Denmark/3264/2019,A/Kansas/14/2017,80
A/Hong Kong/2671/2019,A/Kansas/14/2017,80
A/Cambodia/e0826360/2020,A/Kansas/14/2017,80
A/Cambodia/925256/2020,A/Kansas/14/2017,80
A/Bangladesh/4005/2020,A/Kansas/14/2017,160
A/Darwin/9/2021,A/Kansas/14/2017,40
A/Stockholm/5/2021,A/Kansas/14/2017,40
A/Kansas/14/2017,A/Kansas/14/2017,640
A/Denmark/04/2021,A/Kansas/14/2017,40
A/Denmark/08/2021,A/Kansas/14/2017,<40
A/Denmark/07/2021,A/Kansas/14/2017,<40
A/Denmark/13/2021,A/Kansas/14/2017,<40
A/Denmark/12/2021,A/Kansas/14/2017,<40
A/Denmark/21/2021,A/Kansas/14/2017,160
A/Denmark/3264/2019,A/Denmark/3264/2019,640
A/Hong Kong/2671/2019,A/Denmark/3264/2019,640
A/Cambodia/e0826360/2020,A/Denmark/3264/2019,320
A/Cambodia/925256/2020,A/Denmark/3264/2019,160
A/Bangladesh/4005/2020,A/Denmark/3264/2019,320
A/Darwin/9/2021,A/Denmark/3264/2019,320
A/Stockholm/5/2021,A/Denmark/3264/2019,160
A/Kansas/14/2017,A/Denmark/3264/2019,80
A/Salalah/72124837/2021,A/Denmark/3264/2019,160
A/Mayotte/517/2021,A/Denmark/3264/2019,160
A/Mayotte/513/2021,A/Denmark/3264/2019,80
A/Mayotte/508/21,A/Denmark/3264/2019,320
A/Mayotte/567/2021,A/Denmark/3264/2019,320
A/Mayotte/555/2021,A/Denmark/3264/2019,160
A/Chambery/760/2021,A/Denmark/3264/2019,640
A/Saint-Martin d'Heres/785/2021,A/Denmark/3264/2019,160
A/La Reunion/876/2021,A/Denmark/3264/2019,160
A/Picardie/44663/2021,A/Denmark/3264/2019,160
A/Mayotte/616/2021,A/Denmark/3264/2019,320
A/Sohar/72125048/2021,A/Denmark/3264/2019,320
A/Nord Pas de Calais/27313/2021,A/Denmark/3264/2019,40
A/Haute Normandie/27444/2021,A/Denmark/3264/2019,80
A/Lille/27403/2021,A/Denmark/3264/2019,80
A/Mayotte/564/2021,A/Denmark/3264/2019,320
A/Salalah/72126169/2021,A/Denmark/3264/2019,160
A/Ibra/72126272/2021,A/Denmark/3264/2019,160
A/Reims/30384/2021,A/Denmark/3264/2019,640
A/Norway/23621/2021,A/Denmark/3264/2019,40
A/Navarra/9534/2021,A/Denmark/3264/2019,80
A/Barka/72126850/2021,A/Denmark/3264/2019,40
A/Norway/24873/2021,A/Denmark/3264/2019,40
A/Salalah/72127281/2021,A/Denmark/3264/2019,160
A/Ibra/72127166/2021,A/Denmark/3264/2019,40
A/Norway/24864/2021,A/Denmark/3264/2019,40
A/Netherlands/10071/2021,A/Denmark/3264/2019,<40
A/Haima/72127478/2021,A/Denmark/3264/2019,320
A/Netherlands/10074/2021,A/Denmark/3264/2019,<40
A/Novosibirsk/RII-02/2021,A/Denmark/3264/2019,80
A/Netherlands/10087/2021,A/Denmark/3264/2019,40
A/Salalah/72127789/2021,A/Denmark/3264/2019,320
A/Novosibirsk/RII-03/2021,A/Denmark/3264/2019,160
A/Novosibirsk/RII-01/2021,A/Denmark/3264/2019,160
A/S.Petersburg/RII-10/2021,A/Denmark/3264/2019,320
A/S.Petersburg/RII-12/2021,A/Denmark/3264/2019,320
A/Lyon/782/2021,A/Denmark/3264/2019,40
A/Navarra/9643/2021,A/Denmark/3264/2019,40
A/Muttrah/72128411/2021,A/Denmark/3264/2019,40
A/S.Petersburg/RII-08/2021,A/Denmark/3264/2019,160
A/Ibra/72128577/2021,A/Denmark/3264/2019,40
A/Cantabria/9788/2021,A/Denmark/3264/2019,40
A/Castilla La Mancha/9869/2021,A/Denmark/3264/2019,40
A/Norway/28578/2021,A/Denmark/3264/2019,320
A/Norway/28830/2021,A/Denmark/3264/2019,320
A/Norway/28577/2021,A/Denmark/3264/2019,320
A/Norway/29511/2021,A/Denmark/3264/2019,320
A/Baleares/9868/2021,A/Denmark/3264/2019,40
A/Reims/46045/2021,A/Denmark/3264/2019,160
A/Paris/47350/2021,A/Denmark/3264/2019,40
A/Denmark/3264/2019,A/Hong Kong/2671/2019,640
A/Hong Kong/2671/2019,A/Hong Kong/2671/2019,640
A/Cambodia/e0826360/2020,A/Hong Kong/2671/2019,<40
A/Cambodia/925256/2020,A/Hong Kong/2671/2019,160
A/Bangladesh/4005/2020,A/Hong Kong/2671/2019,80
A/Darwin/9/2021,A/Hong Kong/2671/2019,40
A/Stockholm/5/2021,A/Hong Kong/2671/2019,40
A/Kansas/14/2017,A/Hong Kong/2671/2019,40
A/Salalah/72124837/2021,A/Hong Kong/2671/2019,160
A/Mayotte/517/2021,A/Hong Kong/2671/2019,320
A/Mayotte/513/2021,A/Hong Kong/2671/2019,40
A/Mayotte/508/21,A/Hong Kong/2671/2019,320
A/Mayotte/567/2021,A/Hong Kong/2671/2019,320
A/Mayotte/555/2021,A/Hong Kong/2671/2019,160
A/Chambery/760/2021,A/Hong Kong/2671/2019,320
A/Saint-Martin d'Heres/785/2021,A/Hong Kong/2671/2019,320
A/La Reunion/876/2021,A/Hong Kong/2671/2019,320
A/Picardie/44663/2021,A/Hong Kong/2671/2019,160
A/Mayotte/616/2021,A/Hong Kong/2671/2019,<40
A/Sohar/72125048/2021,A/Hong Kong/2671/2019,40
A/Nord Pas de Calais/27313/2021,A/Hong Kong/2671/2019,<40
A/Haute Normandie/27444/2021,A/Hong Kong/2671/2019,<40
A/Lille/27403/2021,A/Hong Kong/2671/2019,<40
A/Mayotte/564/2021,A/Hong Kong/2671/2019,<40
A/Salalah/72126169/2021,A/Hong Kong/2671/2019,80
A/Ibra/72126272/2021,A/Hong Kong/2671/2019,40
A/Reims/30384/2021,A/Hong Kong/2671/2019,40
A/Norway/23621/2021,A/Hong Kong/2671/2019,<40
A/Navarra/9534/2021,A/Hong Kong/2671/2019,<40
A/Barka/72126850/2021,A/Hong Kong/2671/2019,<40
A/Norway/24873/2021,A/Hong Kong/2671/2019,<40
A/Salalah/72127281/2021,A/Hong Kong/2671/2019,<40
A/Ibra/72127166/2021,A/Hong Kong/2671/2019,<40
A/Norway/24864/2021,A/Hong Kong/2671/2019,<40
A/Netherlands/10071/2021,A/Hong Kong/2671/2019,<40
A/Haima/72127478/2021,A/Hong Kong/2671/2019,40
A/Netherlands/10074/2021,A/Hong Kong/2671/2019,<40
A/Novosibirsk/RII-02/2021,A/Hong Kong/2671/2019,<40
A/Netherlands/10087/2021,A/Hong Kong/2671/2019,<40
A/Salalah/72127789/2021,A/Hong Kong/2671/2019,40
A/Novosibirsk/RII-03/2021,A/Hong Kong/2671/2019,40
A/Novosibirsk/RII-01/2021,A/Hong Kong/2671/2019,<40
A/S.Petersburg/RII-10/2021,A/Hong Kong/2671/2019,80
A/S.Petersburg/RII-12/2021,A/Hong Kong/2671/2019,80
A/Lyon/782/2021,A/Hong Kong/2671/2019,<40
A/Navarra/9643/2021,A/Hong Kong/2671/2019,<40
A/Muttrah/72128411/2021,A/Hong Kong/2671/2019,<40
A/S.Petersburg/RII-08/2021,A/Hong Kong/2671/2019,40
A/Ibra/72128577/2021,A/Hong Kong/2671/2019,<40
A/Cantabria/9788/2021,A/Hong Kong/2671/2019,<40
A/Castilla La Mancha/9869/2021,A/Hong Kong/2671/2019,<40
A/Norway/28578/2021,A/Hong Kong/2671/2019,40
A/Norway/28830/2021,A/Hong Kong/2671/2019,40
A/Norway/28577/2021,A/Hong Kong/2671/2019,80
A/Norway/29511/2021,A/Hong Kong/2671/2019,80
A/Baleares/9868/2021,A/Hong Kong/2671/2019,<40
A/Reims/46045/2021,A/Hong Kong/2671/2019,40
A/Paris/47350/2021,A/Hong Kong/2671/2019,<40
A/Denmark/3264/2019,A/Cambodia/e0826360/2020,160
A/Hong Kong/2671/2019,A/Cambodia/e0826360/2020,160
A/Cambodia/e0826360/2020,A/Cambodia/e0826360/2020,2560
A/Cambodia/925256/2020,A/Cambodia/e0826360/2020,160
A/Bangladesh/4005/2020,A/Cambodia/e0826360/2020,320
A/Darwin/9/2021,A/Cambodia/e0826360/2020,320
A/Stockholm/5/2021,A/Cambodia/e0826360/2020,80
A/Kansas/14/2017,A/Cambodia/e0826360/2020,40
A/Salalah/72124837/2021,A/Cambodia/e0826360/2020,80
A/Mayotte/517/2021,A/Cambodia/e0826360/2020,<40
A/Mayotte/513/2021,A/Cambodia/e0826360/2020,<40
A/Mayotte/508/21,A/Cambodia/e0826360/2020,<40
A/Mayotte/567/2021,A/Cambodia/e0826360/2020,<40
A/Mayotte/555/2021,A/Cambodia/e0826360/2020,<40
A/Chambery/760/2021,A/Cambodia/e0826360/2020,<40
A/Saint-Martin d'Heres/785/2021,A/Cambodia/e0826360/2020,<40
A/La Reunion/876/2021,A/Cambodia/e0826360/2020,<40
A/Picardie/44663/2021,A/Cambodia/e0826360/2020,<40
A/Mayotte/616/2021,A/Cambodia/e0826360/2020,640
A/Sohar/72125048/2021,A/Cambodia/e0826360/2020,80
A/Nord Pas de Calais/27313/2021,A/Cambodia/e0826360/2020,40
A/Haute Normandie/27444/2021,A/Cambodia/e0826360/2020,80
A/Lille/27403/2021,A/Cambodia/e0826360/2020,80
A/Mayotte/564/2021,A/Cambodia/e0826360/2020,640
A/Salalah/72126169/2021,A/Cambodia/e0826360/2020,160
A/Ibra/72126272/2021,A/Cambodia/e0826360/2020,80
A/Reims/30384/2021,A/Cambodia/e0826360/2020,640
A/Norway/23621/2021,A/Cambodia/e0826360/2020,40
A/Navarra/9534/2021,A/Cambodia/e0826360/2020,80
A/Barka/72126850/2021,A/Cambodia/e0826360/2020,40
A/Norway/24873/2021,A/Cambodia/e0826360/2020,40
A/Salalah/72127281/2021,A/Cambodia/e0826360/2020,80
A/Ibra/72127166/2021,A/Cambodia/e0826360/2020,40
A/Norway/24864/2021,A/Cambodia/e0826360/2020,40
A/Netherlands/10071/2021,A/Cambodia/e0826360/2020,40
A/Haima/72127478/2021,A/Cambodia/e0826360/2020,80
A/Netherlands/10074/2021,A/Cambodia/e0826360/2020,40
A/Novosibirsk/RII-02/2021,A/Cambodia/e0826360/2020,80
A/Netherlands/10087/2021,A/Cambodia/e0826360/2020,40
A/Salalah/72127789/2021,A/Cambodia/e0826360/2020,80
A/Novosibirsk/RII-03/2021,A/Cambodia/e0826360/2020,320
A/Novosibirsk/RII-01/2021,A/Cambodia/e0826360/2020,320
A/S.Petersburg/RII-10/2021,A/Cambodia/e0826360/2020,320
A/S.Petersburg/RII-12/2021,A/Cambodia/e0826360/2020,320
A/Lyon/782/2021,A/Cambodia/e0826360/2020,40
A/Navarra/9643/2021,A/Cambodia/e0826360/2020,40
A/Muttrah/72128411/2021,A/Cambodia/e0826360/2020,40
A/S.Petersburg/RII-08/2021,A/Cambodia/e0826360/2020,160
A/Ibra/72128577/2021,A/Cambodia/e0826360/2020,40
A/Cantabria/9788/2021,A/Cambodia/e0826360/2020,40
A/Castilla La Mancha/9869/2021,A/Cambodia/e0826360/2020,40
A/Norway/28578/2021,A/Cambodia/e0826360/2020,160
A/Norway/28830/2021,A/Cambodia/e0826360/2020,160
A/Norway/28577/2021,A/Cambodia/e0826360/2020,160
A/Norway/29511/2021,A/Cambodia/e0826360/2020,160
A/Baleares/9868/2021,A/Cambodia/e0826360/2020,40
A/Reims/46045/2021,A/Cambodia/e0826360/2020,320
A/Paris/47350/2021,A/Cambodia/e0826360/2020,40
A/Denmark/3264/2019,A/Cambodia/925256/2020,640
A/Hong Kong/2671/2019,A/Cambodia/925256/2020,640
A/Cambodia/e0826360/2020,A/Cambodia/925256/2020,160
A/Cambodia/925256/2020,A/Cambodia/925256/2020,640
A/Bangladesh/4005/2020,A/Cambodia/925256/2020,160
A/Darwin/9/2021,A/Cambodia/925256/2020,80
A/Stockholm/5/2021,A/Cambodia/925256/2020,80
A/Kansas/14/2017,A/Cambodia/925256/2020,80
A/Salalah/72124837/2021,A/Cambodia/925256/2020,320
A/Mayotte/517/2021,A/Cambodia/925256/2020,320
A/Mayotte/513/2021,A/Cambodia/925256/2020,40
A/Mayotte/508/21,A/Cambodia/925256/2020,320
A/Mayotte/567/2021,A/Cambodia/925256/2020,320
A/Mayotte/555/2021,A/Cambodia/925256/2020,160
A/Chambery/760/2021,A/Cambodia/925256/2020,320
A/Saint-Martin d'Heres/785/2021,A/Cambodia/925256/2020,160
A/La Reunion/876/2021,A/Cambodia/925256/2020,160
A/Picardie/44663/2021,A/Cambodia/925256/2020,320
A/Mayotte/616/2021,A/Cambodia/925256/2020,80
A/Sohar/72125048/2021,A/Cambodia/925256/2020,80
A/Nord Pas de Calais/27313/2021,A/Cambodia/925256/2020,40
A/Haute Normandie/27444/2021,A/Cambodia/925256/2020,40
A/Lille/27403/2021,A/Cambodia/925256/2020,80
A/Mayotte/564/2021,A/Cambodia/925256/2020,80
A/Salalah/72126169/2021,A/Cambodia/925256/2020,80
A/Ibra/72126272/2021,A/Cambodia/925256/2020,80
A/Reims/30384/2021,A/Cambodia/925256/2020,160
A/Norway/23621/2021,A/Cambodia/925256/2020,40
A/Navarra/9534/2021,A/Cambodia/925256/2020,40
A/Barka/72126850/2021,A/Cambodia/925256/2020,40
A/Norway/24873/2021,A/Cambodia/925256/2020,80
A/Salalah/72127281/2021,A/Cambodia/925256/2020,40
A/Ibra/72127166/2021,A/Cambodia/925256/2020,40
A/Norway/24864/2021,A/Cambodia/925256/2020,40
A/Netherlands/10071/2021,A/Cambodia/925256/2020,40
A/Haima/72127478/2021,A/Cambodia/925256/2020,80
A/Netherlands/10074/2021,A/Cambodia/925256/2020,40
A/Novosibirsk/RII-02/2021,A/Cambodia/925256/2020,40
A/Netherlands/10087/2021,A/Cambodia/925256/2020,40
A/Salalah/72127789/2021,A/Cambodia/925256/2020,80
A/Novosibirsk/RII-03/2021,A/Cambodia/925256/2020,160
A/Novosibirsk/RII-01/2021,A/Cambodia/925256/2020,80
A/S.Petersburg/RII-10/2021,A/Cambodia/925256/2020,160
A/S.Petersburg/RII-12/2021,A/Cambodia/925256/2020,160
A/Lyon/782/2021,A/Cambodia/925256/2020,40
A/Navarra/9643/2021,A/Cambodia/925256/2020,40
A/Muttrah/72128411/2021,A/Cambodia/925256/2020,40
A/S.Petersburg/RII-08/2021,A/Cambodia/925256/2020,40
A/Ibra/72128577/2021,A/Cambodia/925256/2020,40
A/Cantabria/9788/2021,A/Cambodia/925256/2020,40
A/Castilla La Mancha/9869/2021,A/Cambodia/925256/2020,40
A/Norway/28578/2021,A/Cambodia/925256/2020,160
A/Norway/28830/2021,A/Cambodia/925256/2020,160
A/Norway/28577/2021,A/Cambodia/925256/2020,160
A/Norway/29511/2021,A/Cambodia/925256/2020,160
A/Baleares/9868/2021,A/Cambodia/925256/2020,40
A/Reims/46045/2021,A/Cambodia/925256/2020,80
A/Paris/47350/2021,A/Cambodia/925256/2020,80
A/Denmark/3264/2019,A/Bangladesh/4005/2020,320
A/Hong Kong/2671/2019,A/Bangladesh/4005/2020,320
A/Cambodia/e0826360/2020,A/Bangladesh/4005/2020,320
A/Cambodia/925256/2020,A/Bangladesh/4005/2020,320
A/Bangladesh/4005/2020,A/Bangladesh/4005/2020,640
A/Darwin/9/2021,A/Bangladesh/4005/2020,640
A/Stockholm/5/2021,A/Bangladesh/4005/2020,320
A/Kansas/14/2017,A/Bangladesh/4005/2020,80
A/Salalah/72124837/2021,A/Bangladesh/4005/2020,80
A/Mayotte/517/2021,A/Bangladesh/4005/2020,80
A/Mayotte/513/2021,A/Bangladesh/4005/2020,<40
A/Mayotte/508/21,A/Bangladesh/4005/2020,80
A/Mayotte/567/2021,A/Bangladesh/4005/2020,80
A/Mayotte/555/2021,A/Bangladesh/4005/2020,80
A/Chambery/760/2021,A/Bangladesh/4005/2020,40
A/Saint-Martin d'Heres/785/2021,A/Bangladesh/4005/2020,40
A/La Reunion/876/2021,A/Bangladesh/4005/2020,40
A/Picardie/44663/2021,A/Bangladesh/4005/2020,40
A/Mayotte/616/2021,A/Bangladesh/4005/2020,640
A/Sohar/72125048/2021,A/Bangladesh/4005/2020,640
A/Nord Pas de Calais/27313/2021,A/Bangladesh/4005/2020,160
A/Haute Normandie/27444/2021,A/Bangladesh/4005/2020,160
A/Lille/27403/2021,A/Bangladesh/4005/2020,160
A/Mayotte/564/2021,A/Bangladesh/4005/2020,640
A/Salalah/72126169/2021,A/Bangladesh/4005/2020,640
A/Ibra/72126272/2021,A/Bangladesh/4005/2020,320
A/Reims/30384/2021,A/Bangladesh/4005/2020,1280
A/Norway/23621/2021,A/Bangladesh/4005/2020,160
A/Navarra/9534/2021,A/Bangladesh/4005/2020,160
A/Barka/72126850/2021,A/Bangladesh/4005/2020,160
A/Norway/24873/2021,A/Bangladesh/4005/2020,160
A/Salalah/72127281/2021,A/Bangladesh/4005/2020,320
A/Ibra/72127166/2021,A/Bangladesh/4005/2020,160
A/Norway/24864/2021,A/Bangladesh/4005/2020,160
A/Netherlands/10071/2021,A/Bangladesh/4005/2020,160
A/Haima/72127478/2021,A/Bangladesh/4005/2020,640
A/Netherlands/10074/2021,A/Bangladesh/4005/2020,80
A/Novosibirsk/RII-02/2021,A/Bangladesh/4005/2020,320
A/Netherlands/10087/2021,A/Bangladesh/4005/2020,160
A/Salalah/72127789/2021,A/Bangladesh/4005/2020,640
A/Novosibirsk/RII-03/2021,A/Bangladesh/4005/2020,640
A/Novosibirsk/RII-01/2021,A/Bangladesh/4005/2020,320
A/S.Petersburg/RII-10/2021,A/Bangladesh/4005/2020,640
A/S.Petersburg/RII-12/2021,A/Bangladesh/4005/2020,640
A/Lyon/782/2021,A/Bangladesh/4005/2020,160
A/Navarra/9643/2021,A/Bangladesh/4005/2020,160
A/Muttrah/72128411/2021,A/Bangladesh/4005/2020,160
A/S.Petersburg/RII-08/2021,A/Bangladesh/4005/2020,320
A/Ibra/72128577/2021,A/Bangladesh/4005/2020,160
A/Cantabria/9788/2021,A/Bangladesh/4005/2020,160
A/Castilla La Mancha/9869/2021,A/Bangladesh/4005/2020,80
A/Norway/28578/2021,A/Bangladesh/4005/2020,640
A/Norway/28830/2021,A/Bangladesh/4005/2020,640
A/Norway/28577/2021,A/Bangladesh/4005/2020,1280
A/Norway/29511/2021,A/Bangladesh/4005/2020,640
A/Baleares/9868/2021,A/Bangladesh/4005/2020,160
A/Reims/46045/2021,A/Bangladesh/4005/2020,640
A/Paris/47350/2021,A/Bangladesh/4005/2020,160
A/Denmark/3264/2019,A/Darwin/9/2021,320
A/Hong Kong/2671/2019,A/Darwin/9/2021,320
A/Cambodia/e0826360/2020,A/Darwin/9/2021,320
A/Cambodia/925256/2020,A/Darwin/9/2021,320
A/Bangladesh/4005/2020,A/Darwin/9/2021,640
A/Darwin/9/2021,A/Darwin/9/2021,2560
A/Stockholm/5/2021,A/Darwin/9/2021,1280
A/Kansas/14/2017,A/Darwin/9/2021,160
A/Salalah/72124837/2021,A/Darwin/9/2021,80
A/Mayotte/517/2021,A/Darwin/9/2021,<40
A/Mayotte/513/2021,A/Darwin/9/2021,40
A/Mayotte/508/21,A/Darwin/9/2021,40
A/Mayotte/567/2021,A/Darwin/9/2021,40
A/Mayotte/555/2021,A/Darwin/9/2021,<40
A/Chambery/760/2021,A/Darwin/9/2021,80
A/Saint-Martin d'Heres/785/2021,A/Darwin/9/2021,<40
A/La Reunion/876/2021,A/Darwin/9/2021,<40
A/Picardie/44663/2021,A/Darwin/9/2021,40
A/Mayotte/616/2021,A/Darwin/9/2021,640
A/Sohar/72125048/2021,A/Darwin/9/2021,640
A/Nord Pas de Calais/27313/2021,A/Darwin/9/2021,640
A/Haute Normandie/27444/2021,A/Darwin/9/2021,640
A/Lille/27403/2021,A/Darwin/9/2021,1280
A/Mayotte/564/2021,A/Darwin/9/2021,640
A/Salalah/72126169/2021,A/Darwin/9/2021,640
A/Ibra/72126272/2021,A/Darwin/9/2021,1280
A/Reims/30384/2021,A/Darwin/9/2021,1280
A/Norway/23621/2021,A/Darwin/9/2021,640
A/Navarra/9534/2021,A/Darwin/9/2021,640
A/Barka/72126850/2021,A/Darwin/9/2021,320
A/Norway/24873/2021,A/Darwin/9/2021,640
A/Salalah/72127281/2021,A/Darwin/9/2021,320
A/Ibra/72127166/2021,A/Darwin/9/2021,640
A/Norway/24864/2021,A/Darwin/9/2021,640
A/Netherlands/10071/2021,A/Darwin/9/2021,640
A/Haima/72127478/2021,A/Darwin/9/2021,640
A/Netherlands/10074/2021,A/Darwin/9/2021,640
A/Novosibirsk/RII-02/2021,A/Darwin/9/2021,1280
A/Netherlands/10087/2021,A/Darwin/9/2021,640
A/Salalah/72127789/2021,A/Darwin/9/2021,640
A/Novosibirsk/RII-03/2021,A/Darwin/9/2021,640
A/Novosibirsk/RII-01/2021,A/Darwin/9/2021,320
A/S.Petersburg/RII-10/2021,A/Darwin/9/2021,2560
A/S.Petersburg/RII-12/2021,A/Darwin/9/2021,1280
A/Lyon/782/2021,A/Darwin/9/2021,320
A/Navarra/9643/2021,A/Darwin/9/2021,640
A/Muttrah/72128411/2021,A/Darwin/9/2021,640
A/S.Petersburg/RII-08/2021,A/Darwin/9/2021,640
A/Ibra/72128577/2021,A/Darwin/9/2021,640
A/Cantabria/9788/2021,A/Darwin/9/2021,640
A/Castilla La Mancha/9869/2021,A/Darwin/9/2021,640
A/Norway/28578/2021,A/Darwin/9/2021,640
A/Norway/28830/2021,A/Darwin/9/2021,640
A/Norway/28577/2021,A/Darwin/9/2021,1280
A/Norway/29511/2021,A/Darwin/9/2021,1280
A/Baleares/9868/2021,A/Darwin/9/2021,640
A/Reims/46045/2021,A/Darwin/9/2021,640
A/Paris/47350/2021,A/Darwin/9/2021,640
A/Denmark/3264/2019,A/Stockholm/5/2021,160
A/Hong Kong/2671/2019,A/Stockholm/5/2021,160
A/Cambodia/e0826360/2020,A/Stockholm/5/2021,320
A/Cambodia/925256/2020,A/Stockholm/5/2021,160
A/Bangladesh/4005/2020,A/Stockholm/5/2021,640
A/Darwin/9/2021,A/Stockholm/5/2021,640
A/Stockholm/5/2021,A/Stockholm/5/2021,640
A/Kansas/14/2017,A/Stockholm/5/2021,160
A/Salalah/72124837/2021,A/Stockholm/5/2021,40
A/Mayotte/517/2021,A/Stockholm/5/2021,40
A/Mayotte/513/2021,A/Stockholm/5/2021,40
A/Mayotte/508/21,A/Stockholm/5/2021,40
A/Mayotte/567/2021,A/Stockholm/5/2021,40
A/Mayotte/555/2021,A/Stockholm/5/2021,40
A/Chambery/760/2021,A/Stockholm/5/2021,<40
A/Saint-Martin d'Heres/785/2021,A/Stockholm/5/2021,<40
A/La Reunion/876/2021,A/Stockholm/5/2021,40
A/Picardie/44663/2021,A/Stockholm/5/2021,<40
A/Mayotte/616/2021,A/Stockholm/5/2021,320
A/Sohar/72125048/2021,A/Stockholm/5/2021,320
A/Nord Pas de Calais/27313/2021,A/Stockholm/5/2021,320
A/Haute Normandie/27444/2021,A/Stockholm/5/2021,320
A/Lille/27403/2021,A/Stockholm/5/2021,320
A/Mayotte/564/2021,A/Stockholm/5/2021,320
A/Salalah/72126169/2021,A/Stockholm/5/2021,640
A/Ibra/72126272/2021,A/Stockholm/5/2021,640
A/Reims/30384/2021,A/Stockholm/5/2021,1280
A/Norway/23621/2021,A/Stockholm/5/2021,320
A/Navarra/9534/2021,A/Stockholm/5/2021,320
A/Barka/72126850/2021,A/Stockholm/5/2021,160
A/Norway/24873/2021,A/Stockholm/5/2021,320
A/Salalah/72127281/2021,A/Stockholm/5/2021,320
A/Ibra/72127166/2021,A/Stockholm/5/2021,320
A/Norway/24864/2021,A/Stockholm/5/2021,320
A/Netherlands/10071/2021,A/Stockholm/5/2021,160
A/Haima/72127478/2021,A/Stockholm/5/2021,320
A/Netherlands/10074/2021,A/Stockholm/5/2021,160
A/Novosibirsk/RII-02/2021,A/Stockholm/5/2021,640
A/Netherlands/10087/2021,A/Stockholm/5/2021,160
A/Salalah/72127789/2021,A/Stockholm/5/2021,320
A/Novosibirsk/RII-03/2021,A/Stockholm/5/2021,640
A/Novosibirsk/RII-01/2021,A/Stockholm/5/2021,320
A/S.Petersburg/RII-10/2021,A/Stockholm/5/2021,1280
A/S.Petersburg/RII-12/2021,A/Stockholm/5/2021,640
A/Lyon/782/2021,A/Stockholm/5/2021,160
A/Navarra/9643/2021,A/Stockholm/5/2021,160
A/Muttrah/72128411/2021,A/Stockholm/5/2021,320
A/S.Petersburg/RII-08/2021,A/Stockholm/5/2021,320
A/Ibra/72128577/2021,A/Stockholm/5/2021,320
A/Cantabria/9788/2021,A/Stockholm/5/2021,320
A/Castilla La Mancha/9869/2021,A/Stockholm/5/2021,160
A/Norway/28578/2021,A/Stockholm/5/2021,640
A/Norway/28830/2021,A/Stockholm/5/2021,1280
A/Norway/28577/2021,A/Stockholm/5/2021,1280
A/Norway/29511/2021,A/Stockholm/5/2021,640
A/Baleares/9868/2021,A/Stockholm/5/2021,320
A/Reims/46045/2021,A/Stockholm/5/2021,320
A/Paris/47350/2021,A/Stockholm/5/2021,320
A/Denmark/3264/2019,A/Kansas/14/2017,160
A/Hong Kong/2671/2019,A/Kansas/14/2017,160
A/Cambodia/e0826360/2020,A/Kansas/14/2017,80
A/Cambodia/925256/2020,A/Kansas/14/2017,80
A/Bangladesh/4005/2020,A/Kansas/14/2017,320
A/Darwin/9/2021,A/Kansas/14/2017,80
A/Stockholm/5/2021,A/Kansas/14/2017,40
A/Kansas/14/2017,A/Kansas/14/2017,640
A/Salalah/72124837/2021,A/Kansas/14/2017,40
A/Mayotte/517/2021,A/Kansas/14/2017,<40
A/Mayotte/513/2021,A/Kansas/14/2017,<40
A/Mayotte/508/21,A/Kansas/14/2017,<40
A/Mayotte/567/2021,A/Kansas/14/2017,<40
A/Mayotte/555/2021,A/Kansas/14/2017,<40
A/Chambery/760/2021,A/Kansas/14/2017,<40
A/Saint-Martin d'Heres/785/2021,A/Kansas/14/2017,<40
A/La Reunion/876/2021,A/Kansas/14/2017,<40
A/Picardie/44663/2021,A/Kansas/14/2017,<40
A/Mayotte/616/2021,A/Kansas/14/2017,160
A/Sohar/72125048/2021,A/Kansas/14/2017,80
A/Nord Pas de Calais/27313/2021,A/Kansas/14/2017,<40
A/Haute Normandie/27444/2021,A/Kansas/14/2017,<40
A/Lille/27403/2021,A/Kansas/14/2017,<40
A/Mayotte/564/2021,A/Kansas/14/2017,160
A/Salalah/72126169/2021,A/Kansas/14/2017,160
A/Ibra/72126272/2021,A/Kansas/14/2017,<40
A/Reims/30384/2021,A/Kansas/14/2017,320
A/Norway/23621/2021,A/Kansas/14/2017,<40
A/Navarra/9534/2021,A/Kansas/14/2017,<40
A/Barka/72126850/2021,A/Kansas/14/2017,<40
A/Norway/24873/2021,A/Kansas/14/2017,<40
A/Salalah/72127281/2021,A/Kansas/14/2017,80
A/Ibra/72127166/2021,A/Kansas/14/2017,<40
A/Norway/24864/2021,A/Kansas/14/2017,<40
A/Netherlands/10071/2021,A/Kansas/14/2017,<40
A/Haima/72127478/2021,A/Kansas/14/2017,160
A/Netherlands/10074/2021,A/Kansas/14/2017,<40
A/Novosibirsk/RII-02/2021,A/Kansas/14/2017,<40
A/Netherlands/10087/2021,A/Kansas/14/2017,<40
A/Salalah/72127789/2021,A/Kansas/14/2017,160
A/Novosibirsk/RII-03/2021,A/Kansas/14/2017,160
A/Novosibirsk/RII-01/2021,A/Kansas/14/2017,80
A/S.Petersburg/RII-10/2021,A/Kansas/14/2017,160
A/S.Petersburg/RII-12/2021,A/Kansas/14/2017,160
A/Lyon/782/2021,A/Kansas/14/2017,<40
A/Navarra/9643/2021,A/Kansas/14/2017,<40
A/Muttrah/72128411/2021,A/Kansas/14/2017,<40
A/S.Petersburg/RII-08/2021,A/Kansas/14/2017,80
A/Ibra/72128577/2021,A/Kansas/14/2017,<40
A/Cantabria/9788/2021,A/Kansas/14/2017,<40
A/Castilla La Mancha/9869/2021,A/Kansas/14/2017,<40
A/Norway/28578/2021,A/Kansas/14/2017,160
A/Norway/28830/2021,A/Kansas/14/2017,160
A/Norway/28577/2021,A/Kansas/14/2017,160
A/Norway/29511/2021,A/Kansas/14/2017,160
A/Baleares/9868/2021,A/Kansas/14/2017,<40
A/Reims/46045/2021,A/Kansas/14/2017,160
A/Paris/47350/2021,A/Kansas/14/2017,<40
A/Denmark/3264/2019,A/Denmark/3264/2019,640
A/Hong Kong/2671/2019,A/Denmark/3264/2019,320
A/Cambodia/e0826360/2020,A/Denmark/3264/2019,320
A/Cambodia/925256/2020,A/Denmark/3264/2019,160
A/Bangladesh/4005/2020,A/Denmark/3264/2019,320
A/Darwin/9/2021,A/Denmark/3264/2019,320
A/Stockholm/5/2021,A/Denmark/3264/2019,160
A/Kansas/14/2017,A/Denmark/3264/2019,80
A/South Africa/R12902/2021,A/Denmark/3264/2019,160
A/Qatar/24-VI-21-4532193/2021,A/Denmark/3264/2019,320
A/Alaska/01/2021,A/Denmark/3264/2019,40
A/Stockholm/8/2021,A/Denmark/3264/2019,80
A/Orebro/1/2021,A/Denmark/3264/2019,80
A/Qatar/47-VI-21-4548906/2021,A/Denmark/3264/2019,160
A/Stockholm/9/2021,A/Denmark/3264/2019,320
A/South Africa/R14202/2021,A/Denmark/3264/2019,160
A/South Africa/R16482/2021,A/Denmark/3264/2019,320
A/South Africa/R13526/2021,A/Denmark/3264/2019,80
A/South Africa/R13867/2021,A/Denmark/3264/2019,160
A/South Africa/R15681/2021,A/Denmark/3264/2019,40
A/Qatar/47-VI-21-4610963/2021,A/Denmark/3264/2019,40
A/Qatar/16-VI-21-4634794/2021,A/Denmark/3264/2019,160
A/Qatar/15-VI-21-4746170/2021,A/Denmark/3264/2019,160
A/Qatar/24-VI-21-4774653/2021,A/Denmark/3264/2019,160
A/Minieh Dinieh.LBN/7496/2021,A/Denmark/3264/2019,160
A/Saida.LBN/7412/2021,A/Denmark/3264/2019,80
A/Qatar/10-VI-21-4573977/2021,A/Denmark/3264/2019,160
A/Qatar/26-VI-21-4617124/2021,A/Denmark/3264/2019,160
A/South Africa/R13807/2021,A/Denmark/3264/2019,320
A/Qatar/21-VI-21-4953403/2021,A/Denmark/3264/2019,160
A/England/213861328/2021,A/Denmark/3264/2019,40
A/South Africa/R14408/2021,A/Denmark/3264/2019,160
A/England/214021587/2021,A/Denmark/3264/2019,40
A/England/214040938/2021,A/Denmark/3264/2019,40
A/England/214040936/2021,A/Denmark/3264/2019,40
A/England/214100502/2021,A/Denmark/3264/2019,40
A/England/214100501/2021,A/Denmark/3264/2019,40
A/South Africa/R14774/2021,A/Denmark/3264/2019,320
A/England/214100499/2021,A/Denmark/3264/2019,40
A/England/214191723/2021,A/Denmark/3264/2019,40
A/England/214200532/2021,A/Denmark/3264/2019,40
A/Uppsala/1/2021,A/Denmark/3264/2019,80
A/South Africa/R15449/2021,A/Denmark/3264/2019,320
A/Netherlands/10068/2021,A/Denmark/3264/2019,40
A/Uppsala/3/2021,A/Denmark/3264/2019,80
A/South Africa/R15599/2021,A/Denmark/3264/2019,320
A/Netherlands/10083/2021,A/Denmark/3264/2019,40
A/England/214420670/2021,A/Denmark/3264/2019,80
A/Netherlands/10078/2021,A/Denmark/3264/2019,40
A/Uppsala/6/2021,A/Denmark/3264/2019,80
A/Sweden/1/2021,A/Denmark/3264/2019,80
A/Uppsala/8/2021,A/Denmark/3264/2019,80
A/Uppsala/11/2021,A/Denmark/3264/2019,80
A/Uppsala/12/2021,A/Denmark/3264/2019,80
A/Zghorta.LBN/7506/2021,A/Denmark/3264/2019,40
A/Zghorta.LBN/7491/2021,A/Denmark/3264/2019,80
A/Akkar.LBN/7377/2021,A/Denmark/3264/2019,80
A/Tripoli.LBN/7350/2021,A/Denmark/3264/2019,80
A/Tripoli.LBN/7347/2021,A/Denmark/3264/2019,80
A/Tripoli.LBN/7325/2021,A/Denmark/3264/2019,80
A/Zghorta.LBN/7493/2021,A/Denmark/3264/2019,40
A/Baabda.LBN/7463/2021,A/Denmark/3264/2019,40
A/Baabda.LBN/7462/2021,A/Denmark/3264/2019,40
A/Navarra/9870/2021,A/Denmark/3264/2019,40
A/Netherlands/10162/2021,A/Denmark/3264/2019,40
A/Netherlands/10161/2021,A/Denmark/3264/2019,40
A/Netherlands/10163/2021,A/Denmark/3264/2019,40
A/Netherlands/10174/2021,A/Denmark/3264/2019,40
A/Netherlands/10168/2021,A/Denmark/3264/2019,40
A/Netherlands/10177/2021,A/Denmark/3264/2019,40
A/Denmark/3264/2019,A/Hong Kong/2671/2019,640
A/Hong Kong/2671/2019,A/Hong Kong/2671/2019,640
A/Cambodia/e0826360/2020,A/Hong Kong/2671/2019,<40
A/Cambodia/925256/2020,A/Hong Kong/2671/2019,160
A/Bangladesh/4005/2020,A/Hong Kong/2671/2019,80
A/Darwin/9/2021,A/Hong Kong/2671/2019,40
A/Stockholm/5/2021,A/Hong Kong/2671/2019,40
A/Kansas/14/2017,A/Hong Kong/2671/2019,40
A/South Africa/R12902/2021,A/Hong Kong/2671/2019,160
A/Qatar/24-VI-21-4532193/2021,A/Hong Kong/2671/2019,<40
A/Alaska/01/2021,A/Hong Kong/2671/2019,<40
A/Stockholm/8/2021,A/Hong Kong/2671/2019,<40
A/Orebro/1/2021,A/Hong Kong/2671/2019,<40
A/Qatar/47-VI-21-4548906/2021,A/Hong Kong/2671/2019,<40
A/Stockholm/9/2021,A/Hong Kong/2671/2019,160
A/South Africa/R14202/2021,A/Hong Kong/2671/2019,<40
A/South Africa/R16482/2021,A/Hong Kong/2671/2019,80
A/South Africa/R13526/2021,A/Hong Kong/2671/2019,160
A/South Africa/R13867/2021,A/Hong Kong/2671/2019,160
A/South Africa/R15681/2021,A/Hong Kong/2671/2019,80
A/Qatar/47-VI-21-4610963/2021,A/Hong Kong/2671/2019,<40
A/Qatar/16-VI-21-4634794/2021,A/Hong Kong/2671/2019,<40
A/Qatar/15-VI-21-4746170/2021,A/Hong Kong/2671/2019,<40
A/Qatar/24-VI-21-4774653/2021,A/Hong Kong/2671/2019,<40
A/Minieh Dinieh.LBN/7496/2021,A/Hong Kong/2671/2019,<40
A/Saida.LBN/7412/2021,A/Hong Kong/2671/2019,<40
A/Qatar/10-VI-21-4573977/2021,A/Hong Kong/2671/2019,<40
A/Qatar/26-VI-21-4617124/2021,A/Hong Kong/2671/2019,<40
A/South Africa/R13807/2021,A/Hong Kong/2671/2019,160
A/Qatar/21-VI-21-4953403/2021,A/Hong Kong/2671/2019,<40
A/England/213861328/2021,A/Hong Kong/2671/2019,<40
A/South Africa/R14408/2021,A/Hong Kong/2671/2019,<40
A/England/214021587/2021,A/Hong Kong/2671/2019,<40
A/England/214040938/2021,A/Hong Kong/2671/2019,<40
A/England/214040936/2021,A/Hong Kong/2671/2019,<40
A/England/214100502/2021,A/Hong Kong/2671/2019,<40
A/England/214100501/2021,A/Hong Kong/2671/2019,<40
A/South Africa/R14774/2021,A/Hong Kong/2671/2019,<40
A/England/214100499/2021,A/Hong Kong/2671/2019,<40
A/England/214191723/2021,A/Hong Kong/2671/2019,<40
A/England/214200532/2021,A/Hong Kong/2671/2019,<40
A/Uppsala/1/2021,A/Hong Kong/2671/2019,<40
A/South Africa/R15449/2021,A/Hong Kong/2671/2019,<40
A/Netherlands/10068/2021,A/Hong Kong/2671/2019,<40
A/Uppsala/3/2021,A/Hong Kong/2671/2019,<40
A/South Africa/R15599/2021,A/Hong Kong/2671/2019,<40
A/Netherlands/10083/2021,A/Hong Kong/2671/2019,<40
A/England/214420670/2021,A/Hong Kong/2671/2019,<40
A/Netherlands/10078/2021,A/Hong Kong/2671/2019,<40
A/Uppsala/6/2021,A/Hong Kong/2671/2019,<40
A/Sweden/1/2021,A/Hong Kong/2671/2019,<40
A/Uppsala/8/2021,A/Hong Kong/2671/2019,<40
A/Uppsala/11/2021,A/Hong Kong/2671/2019,<40
A/Uppsala/12/2021,A/Hong Kong/2671/2019,<40
A/Zghorta.LBN/7506/2021,A/Hong Kong/2671/2019,<40
A/Zghorta.LBN/7491/2021,A/Hong Kong/2671/2019,<40
A/Akkar.LBN/7377/2021,A/Hong Kong/2671/2019,<40
A/Tripoli.LBN/7350/2021,A/Hong Kong/2671/2019,<40
A/Tripoli.LBN/7347/2021,A/Hong Kong/2671/2019,<40
A/Tripoli.LBN/7325/2021,A/Hong Kong/2671/2019,<40
A/Zghorta.LBN/7493/2021,A/Hong Kong/2671/2019,<40
A/Baabda.LBN/7463/2021,A/Hong Kong/2671/2019,<40
A/Baabda.LBN/7462/2021,A/Hong Kong/2671/2019,<40
A/Navarra/9870/2021,A/Hong Kong/2671/2019,<40
A/Netherlands/10162/2021,A/Hong Kong/2671/2019,<40
A/Netherlands/10161/2021,A/Hong Kong/2671/2019,<40
A/Netherlands/10163/2021,A/Hong Kong/2671/2019,<40
A/Netherlands/10174/2021,A/Hong Kong/2671/2019,<40
A/Netherlands/10168/2021,A/Hong Kong/2671/2019,<40
A/Netherlands/10177/2021,A/Hong Kong/2671/2019,<40
A/Denmark/3264/2019,A/Cambodia/e0826360/2020,320
A/Hong Kong/2671/2019,A/Cambodia/e0826360/2020,160
A/Cambodia/e0826360/2020,A/Cambodia/e0826360/2020,2560
A/Cambodia/925256/2020,A/Cambodia/e0826360/2020,160
A/Bangladesh/4005/2020,A/Cambodia/e0826360/2020,320
A/Darwin/9/2021,A/Cambodia/e0826360/2020,320
A/Stockholm/5/2021,A/Cambodia/e0826360/2020,80
A/Kansas/14/2017,A/Cambodia/e0826360/2020,40
A/South Africa/R12902/2021,A/Cambodia/e0826360/2020,160
A/Qatar/24-VI-21-4532193/2021,A/Cambodia/e0826360/2020,640
A/Alaska/01/2021,A/Cambodia/e0826360/2020,80
A/Stockholm/8/2021,A/Cambodia/e0826360/2020,80
A/Orebro/1/2021,A/Cambodia/e0826360/2020,80
A/Qatar/47-VI-21-4548906/2021,A/Cambodia/e0826360/2020,320
A/Stockholm/9/2021,A/Cambodia/e0826360/2020,160
A/South Africa/R14202/2021,A/Cambodia/e0826360/2020,640
A/South Africa/R16482/2021,A/Cambodia/e0826360/2020,320
A/South Africa/R13526/2021,A/Cambodia/e0826360/2020,40
A/South Africa/R13867/2021,A/Cambodia/e0826360/2020,40
A/South Africa/R15681/2021,A/Cambodia/e0826360/2020,80
A/Qatar/47-VI-21-4610963/2021,A/Cambodia/e0826360/2020,80
A/Qatar/16-VI-21-4634794/2021,A/Cambodia/e0826360/2020,160
A/Qatar/15-VI-21-4746170/2021,A/Cambodia/e0826360/2020,160
A/Qatar/24-VI-21-4774653/2021,A/Cambodia/e0826360/2020,160
A/Minieh Dinieh.LBN/7496/2021,A/Cambodia/e0826360/2020,80
A/Saida.LBN/7412/2021,A/Cambodia/e0826360/2020,40
A/Qatar/10-VI-21-4573977/2021,A/Cambodia/e0826360/2020,320
A/Qatar/26-VI-21-4617124/2021,A/Cambodia/e0826360/2020,160
A/South Africa/R13807/2021,A/Cambodia/e0826360/2020,640
A/Qatar/21-VI-21-4953403/2021,A/Cambodia/e0826360/2020,160
A/England/213861328/2021,A/Cambodia/e0826360/2020,80
A/South Africa/R14408/2021,A/Cambodia/e0826360/2020,320
A/England/214021587/2021,A/Cambodia/e0826360/2020,80
A/England/214040938/2021,A/Cambodia/e0826360/2020,80
A/England/214040936/2021,A/Cambodia/e0826360/2020,80
A/England/214100502/2021,A/Cambodia/e0826360/2020,80
A/England/214100501/2021,A/Cambodia/e0826360/2020,80
A/South Africa/R14774/2021,A/Cambodia/e0826360/2020,640
A/England/214100499/2021,A/Cambodia/e0826360/2020,80
A/England/214191723/2021,A/Cambodia/e0826360/2020,80
A/England/214200532/2021,A/Cambodia/e0826360/2020,80
A/Uppsala/1/2021,A/Cambodia/e0826360/2020,80
A/South Africa/R15449/2021,A/Cambodia/e0826360/2020,640
A/Netherlands/10068/2021,A/Cambodia/e0826360/2020,40
A/Uppsala/3/2021,A/Cambodia/e0826360/2020,80
A/South Africa/R15599/2021,A/Cambodia/e0826360/2020,320
A/Netherlands/10083/2021,A/Cambodia/e0826360/2020,80
A/England/214420670/2021,A/Cambodia/e0826360/2020,80
A/Netherlands/10078/2021,A/Cambodia/e0826360/2020,80
A/Uppsala/6/2021,A/Cambodia/e0826360/2020,80
A/Sweden/1/2021,A/Cambodia/e0826360/2020,80
A/Uppsala/8/2021,A/Cambodia/e0826360/2020,80
A/Uppsala/11/2021,A/Cambodia/e0826360/2020,80
A/Uppsala/12/2021,A/Cambodia/e0826360/2020,80
A/Zghorta.LBN/7506/2021,A/Cambodia/e0826360/2020,40
A/Zghorta.LBN/7491/2021,A/Cambodia/e0826360/2020,40
A/Akkar.LBN/7377/2021,A/Cambodia/e0826360/2020,40
A/Tripoli.LBN/7350/2021,A/Cambodia/e0826360/2020,40
A/Tripoli.LBN/7347/2021,A/Cambodia/e0826360/2020,40
A/Tripoli.LBN/7325/2021,A/Cambodia/e0826360/2020,40
A/Zghorta.LBN/7493/2021,A/Cambodia/e0826360/2020,40
A/Baabda.LBN/7463/2021,A/Cambodia/e0826360/2020,40
A/Baabda.LBN/7462/2021,A/Cambodia/e0826360/2020,40
A/Navarra/9870/2021,A/Cambodia/e0826360/2020,80
A/Netherlands/10162/2021,A/Cambodia/e0826360/2020,40
A/Netherlands/10161/2021,A/Cambodia/e0826360/2020,80
A/Netherlands/10163/2021,A/Cambodia/e0826360/2020,80
A/Netherlands/10174/2021,A/Cambodia/e0826360/2020,80
A/Netherlands/10168/2021,A/Cambodia/e0826360/2020,80
A/Netherlands/10177/2021,A/Cambodia/e0826360/2020,80
A/Denmark/3264/2019,A/Cambodia/925256/2020,640
A/Hong Kong/2671/2019,A/Cambodia/925256/2020,640
A/Cambodia/e0826360/2020,A/Cambodia/925256/2020,160
A/Cambodia/925256/2020,A/Cambodia/925256/2020,640
A/Bangladesh/4005/2020,A/Cambodia/925256/2020,320
A/Darwin/9/2021,A/Cambodia/925256/2020,80
A/Stockholm/5/2021,A/Cambodia/925256/2020,80
A/Kansas/14/2017,A/Cambodia/925256/2020,80
A/South Africa/R12902/2021,A/Cambodia/925256/2020,320
A/Qatar/24-VI-21-4532193/2021,A/Cambodia/925256/2020,160
A/Alaska/01/2021,A/Cambodia/925256/2020,80
A/Stockholm/8/2021,A/Cambodia/925256/2020,80
A/Orebro/1/2021,A/Cambodia/925256/2020,40
A/Qatar/47-VI-21-4548906/2021,A/Cambodia/925256/2020,80
A/Stockholm/9/2021,A/Cambodia/925256/2020,640
A/South Africa/R14202/2021,A/Cambodia/925256/2020,80
A/South Africa/R16482/2021,A/Cambodia/925256/2020,320
A/South Africa/R13526/2021,A/Cambodia/925256/2020,160
A/South Africa/R13867/2021,A/Cambodia/925256/2020,640
A/South Africa/R15681/2021,A/Cambodia/925256/2020,80
A/Qatar/47-VI-21-4610963/2021,A/Cambodia/925256/2020,40
A/Qatar/16-VI-21-4634794/2021,A/Cambodia/925256/2020,80
A/Qatar/15-VI-21-4746170/2021,A/Cambodia/925256/2020,80
A/Qatar/24-VI-21-4774653/2021,A/Cambodia/925256/2020,80
A/Minieh Dinieh.LBN/7496/2021,A/Cambodia/925256/2020,80
A/Saida.LBN/7412/2021,A/Cambodia/925256/2020,80
A/Qatar/10-VI-21-4573977/2021,A/Cambodia/925256/2020,80
A/Qatar/26-VI-21-4617124/2021,A/Cambodia/925256/2020,80
A/South Africa/R13807/2021,A/Cambodia/925256/2020,320
A/Qatar/21-VI-21-4953403/2021,A/Cambodia/925256/2020,80
A/England/213861328/2021,A/Cambodia/925256/2020,80
A/South Africa/R14408/2021,A/Cambodia/925256/2020,80
A/England/214021587/2021,A/Cambodia/925256/2020,80
A/England/214040938/2021,A/Cambodia/925256/2020,80
A/England/214040936/2021,A/Cambodia/925256/2020,80
A/England/214100502/2021,A/Cambodia/925256/2020,80
A/England/214100501/2021,A/Cambodia/925256/2020,80
A/South Africa/R14774/2021,A/Cambodia/925256/2020,160
A/England/214100499/2021,A/Cambodia/925256/2020,40
A/England/214191723/2021,A/Cambodia/925256/2020,80
A/England/214200532/2021,A/Cambodia/925256/2020,80
A/Uppsala/1/2021,A/Cambodia/925256/2020,80
A/South Africa/R15449/2021,A/Cambodia/925256/2020,160
A/Netherlands/10068/2021,A/Cambodia/925256/2020,40
A/Uppsala/3/2021,A/Cambodia/925256/2020,80
A/South Africa/R15599/2021,A/Cambodia/925256/2020,160
A/Netherlands/10083/2021,A/Cambodia/925256/2020,40
A/England/214420670/2021,A/Cambodia/925256/2020,80
A/Netherlands/10078/2021,A/Cambodia/925256/2020,80
A/Uppsala/6/2021,A/Cambodia/925256/2020,80
A/Sweden/1/2021,A/Cambodia/925256/2020,80
A/Uppsala/8/2021,A/Cambodia/925256/2020,80
A/Uppsala/11/2021,A/Cambodia/925256/2020,80
A/Uppsala/12/2021,A/Cambodia/925256/2020,40
A/Zghorta.LBN/7506/2021,A/Cambodia/925256/2020,40
A/Zghorta.LBN/7491/2021,A/Cambodia/925256/2020,80
A/Akkar.LBN/7377/2021,A/Cambodia/925256/2020,40
A/Tripoli.LBN/7350/2021,A/Cambodia/925256/2020,80
A/Tripoli.LBN/7347/2021,A/Cambodia/925256/2020,80
A/Tripoli.LBN/7325/2021,A/Cambodia/925256/2020,40
A/Zghorta.LBN/7493/2021,A/Cambodia/925256/2020,40
A/Baabda.LBN/7463/2021,A/Cambodia/925256/2020,40
A/Baabda.LBN/7462/2021,A/Cambodia/925256/2020,40
A/Navarra/9870/2021,A/Cambodia/925256/2020,40
A/Netherlands/10162/2021,A/Cambodia/925256/2020,80
A/Netherlands/10161/2021,A/Cambodia/925256/2020,80
A/Netherlands/10163/2021,A/Cambodia/925256/2020,40
A/Netherlands/10174/2021,A/Cambodia/925256/2020,80
A/Netherlands/10168/2021,A/Cambodia/925256/2020,40
A/Netherlands/10177/2021,A/Cambodia/925256/2020,80
A/Denmark/3264/2019,A/Bangladesh/4005/2020,320
A/Hong Kong/2671/2019,A/Bangladesh/4005/2020,160
A/Cambodia/e0826360/2020,A/Bangladesh/4005/2020,320
A/Cambodia/925256/2020,A/Bangladesh/4005/2020,320
A/Bangladesh/4005/2020,A/Bangladesh/4005/2020,640
A/Darwin/9/2021,A/Bangladesh/4005/2020,640
A/Stockholm/5/2021,A/Bangladesh/4005/2020,320
A/Kansas/14/2017,A/Bangladesh/4005/2020,80
A/South Africa/R12902/2021,A/Bangladesh/4005/2020,160
A/Qatar/24-VI-21-4532193/2021,A/Bangladesh/4005/2020,640
A/Alaska/01/2021,A/Bangladesh/4005/2020,160
A/Stockholm/8/2021,A/Bangladesh/4005/2020,160
A/Orebro/1/2021,A/Bangladesh/4005/2020,160
A/Qatar/47-VI-21-4548906/2021,A/Bangladesh/4005/2020,320
A/Stockholm/9/2021,A/Bangladesh/4005/2020,160
A/South Africa/R14202/2021,A/Bangladesh/4005/2020,160
A/South Africa/R16482/2021,A/Bangladesh/4005/2020,160
A/South Africa/R13526/2021,A/Bangladesh/4005/2020,<40
A/South Africa/R13867/2021,A/Bangladesh/4005/2020,40
A/South Africa/R15681/2021,A/Bangladesh/4005/2020,40
A/Qatar/47-VI-21-4610963/2021,A/Bangladesh/4005/2020,160
A/Qatar/16-VI-21-4634794/2021,A/Bangladesh/4005/2020,320
A/Qatar/15-VI-21-4746170/2021,A/Bangladesh/4005/2020,320
A/Qatar/24-VI-21-4774653/2021,A/Bangladesh/4005/2020,320
A/Minieh Dinieh.LBN/7496/2021,A/Bangladesh/4005/2020,320
A/Saida.LBN/7412/2021,A/Bangladesh/4005/2020,160
A/Qatar/10-VI-21-4573977/2021,A/Bangladesh/4005/2020,320
A/Qatar/26-VI-21-4617124/2021,A/Bangladesh/4005/2020,320
A/South Africa/R13807/2021,A/Bangladesh/4005/2020,640
A/Qatar/21-VI-21-4953403/2021,A/Bangladesh/4005/2020,320
A/England/213861328/2021,A/Bangladesh/4005/2020,160
A/South Africa/R14408/2021,A/Bangladesh/4005/2020,320
A/England/214021587/2021,A/Bangladesh/4005/2020,160
A/England/214040938/2021,A/Bangladesh/4005/2020,160
A/England/214040936/2021,A/Bangladesh/4005/2020,160
A/England/214100502/2021,A/Bangladesh/4005/2020,160
A/England/214100501/2021,A/Bangladesh/4005/2020,160
A/South Africa/R14774/2021,A/Bangladesh/4005/2020,640
A/England/214100499/2021,A/Bangladesh/4005/2020,80
A/England/214191723/2021,A/Bangladesh/4005/2020,160
A/England/214200532/2021,A/Bangladesh/4005/2020,160
A/Uppsala/1/2021,A/Bangladesh/4005/2020,160
A/South Africa/R15449/2021,A/Bangladesh/4005/2020,320
A/Netherlands/10068/2021,A/Bangladesh/4005/2020,40
A/Uppsala/3/2021,A/Bangladesh/4005/2020,160
A/South Africa/R15599/2021,A/Bangladesh/4005/2020,320
A/Netherlands/10083/2021,A/Bangladesh/4005/2020,160
A/England/214420670/2021,A/Bangladesh/4005/2020,160
A/Netherlands/10078/2021,A/Bangladesh/4005/2020,160
A/Uppsala/6/2021,A/Bangladesh/4005/2020,160
A/Sweden/1/2021,A/Bangladesh/4005/2020,320
A/Uppsala/8/2021,A/Bangladesh/4005/2020,320
A/Uppsala/11/2021,A/Bangladesh/4005/2020,160
A/Uppsala/12/2021,A/Bangladesh/4005/2020,160
A/Zghorta.LBN/7506/2021,A/Bangladesh/4005/2020,160
A/Zghorta.LBN/7491/2021,A/Bangladesh/4005/2020,160
A/Akkar.LBN/7377/2021,A/Bangladesh/4005/2020,160
A/Tripoli.LBN/7350/2021,A/Bangladesh/4005/2020,320
A/Tripoli.LBN/7347/2021,A/Bangladesh/4005/2020,320
A/Tripoli.LBN/7325/2021,A/Bangladesh/4005/2020,160
A/Zghorta.LBN/7493/2021,A/Bangladesh/4005/2020,160
A/Baabda.LBN/7463/2021,A/Bangladesh/4005/2020,320
A/Baabda.LBN/7462/2021,A/Bangladesh/4005/2020,160
A/Navarra/9870/2021,A/Bangladesh/4005/2020,160
A/Netherlands/10162/2021,A/Bangladesh/4005/2020,80
A/Netherlands/10161/2021,A/Bangladesh/4005/2020,80
A/Netherlands/10163/2021,A/Bangladesh/4005/2020,80
A/Netherlands/10174/2021,A/Bangladesh/4005/2020,80
A/Netherlands/10168/2021,A/Bangladesh/4005/2020,80
A/Netherlands/10177/2021,A/Bangladesh/4005/2020,160
A/Denmark/3264/2019,A/Darwin/9/2021,320
A/Hong Kong/2671/2019,A/Darwin/9/2021,320
A/Cambodia/e0826360/2020,A/Darwin/9/2021,320
A/Cambodia/925256/2020,A/Darwin/9/2021,320
A/Bangladesh/4005/2020,A/Darwin/9/2021,640
A/Darwin/9/2021,A/Darwin/9/2021,2560
A/Stockholm/5/2021,A/Darwin/9/2021,1280
A/Kansas/14/2017,A/Darwin/9/2021,160
A/South Africa/R12902/2021,A/Darwin/9/2021,160
A/Qatar/24-VI-21-4532193/2021,A/Darwin/9/2021,640
A/Alaska/01/2021,A/Darwin/9/2021,640
A/Stockholm/8/2021,A/Darwin/9/2021,1280
A/Orebro/1/2021,A/Darwin/9/2021,640
A/Qatar/47-VI-21-4548906/2021,A/Darwin/9/2021,320
A/Stockholm/9/2021,A/Darwin/9/2021,160
A/South Africa/R14202/2021,A/Darwin/9/2021,160
A/South Africa/R16482/2021,A/Darwin/9/2021,160
A/South Africa/R13526/2021,A/Darwin/9/2021,<40
A/South Africa/R13867/2021,A/Darwin/9/2021,<40
A/South Africa/R15681/2021,A/Darwin/9/2021,<40
A/Qatar/47-VI-21-4610963/2021,A/Darwin/9/2021,320
A/Qatar/16-VI-21-4634794/2021,A/Darwin/9/2021,320
A/Qatar/15-VI-21-4746170/2021,A/Darwin/9/2021,320
A/Qatar/24-VI-21-4774653/2021,A/Darwin/9/2021,320
A/Minieh Dinieh.LBN/7496/2021,A/Darwin/9/2021,1280
A/Saida.LBN/7412/2021,A/Darwin/9/2021,640
A/Qatar/10-VI-21-4573977/2021,A/Darwin/9/2021,320
A/Qatar/26-VI-21-4617124/2021,A/Darwin/9/2021,320
A/South Africa/R13807/2021,A/Darwin/9/2021,1280
A/Qatar/21-VI-21-4953403/2021,A/Darwin/9/2021,320
A/England/213861328/2021,A/Darwin/9/2021,640
A/South Africa/R14408/2021,A/Darwin/9/2021,320
A/England/214021587/2021,A/Darwin/9/2021,640
A/England/214040938/2021,A/Darwin/9/2021,640
A/England/214040936/2021,A/Darwin/9/2021,640
A/England/214100502/2021,A/Darwin/9/2021,320
A/England/214100501/2021,A/Darwin/9/2021,320
A/South Africa/R14774/2021,A/Darwin/9/2021,640
A/England/214100499/2021,A/Darwin/9/2021,320
A/England/214191723/2021,A/Darwin/9/2021,640
A/England/214200532/2021,A/Darwin/9/2021,640
A/Uppsala/1/2021,A/Darwin/9/2021,640
A/South Africa/R15449/2021,A/Darwin/9/2021,640
A/Netherlands/10068/2021,A/Darwin/9/2021,320
A/Uppsala/3/2021,A/Darwin/9/2021,640
A/South Africa/R15599/2021,A/Darwin/9/2021,320
A/Netherlands/10083/2021,A/Darwin/9/2021,320
A/England/214420670/2021,A/Darwin/9/2021,640
A/Netherlands/10078/2021,A/Darwin/9/2021,640
A/Uppsala/6/2021,A/Darwin/9/2021,1280
A/Sweden/1/2021,A/Darwin/9/2021,1280
A/Uppsala/8/2021,A/Darwin/9/2021,2560
A/Uppsala/11/2021,A/Darwin/9/2021,640
A/Uppsala/12/2021,A/Darwin/9/2021,640
A/Zghorta.LBN/7506/2021,A/Darwin/9/2021,640
A/Zghorta.LBN/7491/2021,A/Darwin/9/2021,640
A/Akkar.LBN/7377/2021,A/Darwin/9/2021,640
A/Tripoli.LBN/7350/2021,A/Darwin/9/2021,1280
A/Tripoli.LBN/7347/2021,A/Darwin/9/2021,1280
A/Tripoli.LBN/7325/2021,A/Darwin/9/2021,640
A/Zghorta.LBN/7493/2021,A/Darwin/9/2021,640
A/Baabda.LBN/7463/2021,A/Darwin/9/2021,640
A/Baabda.LBN/7462/2021,A/Darwin/9/2021,640
A/Navarra/9870/2021,A/Darwin/9/2021,320
A/Netherlands/10162/2021,A/Darwin/9/2021,320
A/Netherlands/10161/2021,A/Darwin/9/2021,320
A/Netherlands/10163/2021,A/Darwin/9/2021,320
A/Netherlands/10174/2021,A/Darwin/9/2021,320
A/Netherlands/10168/2021,A/Darwin/9/2021,320
A/Netherlands/10177/2021,A/Darwin/9/2021,320
A/Denmark/3264/2019,A/Stockholm/5/2021,320
A/Hong Kong/2671/2019,A/Stockholm/5/2021,160
A/Cambodia/e0826360/2020,A/Stockholm/5/2021,320
A/Cambodia/925256/2020,A/Stockholm/5/2021,160
A/Bangladesh/4005/2020,A/Stockholm/5/2021,640
A/Darwin/9/2021,A/Stockholm/5/2021,640
A/Stockholm/5/2021,A/Stockholm/5/2021,640
A/Kansas/14/2017,A/Stockholm/5/2021,160
A/South Africa/R12902/2021,A/Stockholm/5/2021,80
A/Qatar/24-VI-21-4532193/2021,A/Stockholm/5/2021,320
A/Alaska/01/2021,A/Stockholm/5/2021,160
A/Stockholm/8/2021,A/Stockholm/5/2021,320
A/Orebro/1/2021,A/Stockholm/5/2021,320
A/Qatar/47-VI-21-4548906/2021,A/Stockholm/5/2021,160
A/Stockholm/9/2021,A/Stockholm/5/2021,80
A/South Africa/R14202/2021,A/Stockholm/5/2021,160
A/South Africa/R16482/2021,A/Stockholm/5/2021,80
A/South Africa/R13526/2021,A/Stockholm/5/2021,40
A/South Africa/R13867/2021,A/Stockholm/5/2021,<40
A/South Africa/R15681/2021,A/Stockholm/5/2021,40
A/Qatar/47-VI-21-4610963/2021,A/Stockholm/5/2021,160
A/Qatar/16-VI-21-4634794/2021,A/Stockholm/5/2021,320
A/Qatar/15-VI-21-4746170/2021,A/Stockholm/5/2021,320
A/Qatar/24-VI-21-4774653/2021,A/Stockholm/5/2021,320
A/Minieh Dinieh.LBN/7496/2021,A/Stockholm/5/2021,640
A/Saida.LBN/7412/2021,A/Stockholm/5/2021,320
A/Qatar/10-VI-21-4573977/2021,A/Stockholm/5/2021,320
A/Qatar/26-VI-21-4617124/2021,A/Stockholm/5/2021,320
A/South Africa/R13807/2021,A/Stockholm/5/2021,640
A/Qatar/21-VI-21-4953403/2021,A/Stockholm/5/2021,320
A/England/213861328/2021,A/Stockholm/5/2021,160
A/South Africa/R14408/2021,A/Stockholm/5/2021,320
A/England/214021587/2021,A/Stockholm/5/2021,320
A/England/214040938/2021,A/Stockholm/5/2021,320
A/England/214040936/2021,A/Stockholm/5/2021,320
A/England/214100502/2021,A/Stockholm/5/2021,160
A/England/214100501/2021,A/Stockholm/5/2021,160
A/South Africa/R14774/2021,A/Stockholm/5/2021,320
A/England/214100499/2021,A/Stockholm/5/2021,160
A/England/214191723/2021,A/Stockholm/5/2021,320
A/England/214200532/2021,A/Stockholm/5/2021,320
A/Uppsala/1/2021,A/Stockholm/5/2021,320
A/South Africa/R15449/2021,A/Stockholm/5/2021,640
A/Netherlands/10068/2021,A/Stockholm/5/2021,160
A/Uppsala/3/2021,A/Stockholm/5/2021,320
A/South Africa/R15599/2021,A/Stockholm/5/2021,320
A/Netherlands/10083/2021,A/Stockholm/5/2021,160
A/England/214420670/2021,A/Stockholm/5/2021,320
A/Netherlands/10078/2021,A/Stockholm/5/2021,320
A/Uppsala/6/2021,A/Stockholm/5/2021,320
A/Sweden/1/2021,A/Stockholm/5/2021,640
A/Uppsala/8/2021,A/Stockholm/5/2021,640
A/Uppsala/11/2021,A/Stockholm/5/2021,320
A/Uppsala/12/2021,A/Stockholm/5/2021,320
A/Zghorta.LBN/7506/2021,A/Stockholm/5/2021,640
A/Zghorta.LBN/7491/2021,A/Stockholm/5/2021,320
A/Akkar.LBN/7377/2021,A/Stockholm/5/2021,320
A/Tripoli.LBN/7350/2021,A/Stockholm/5/2021,640
A/Tripoli.LBN/7347/2021,A/Stockholm/5/2021,640
A/Tripoli.LBN/7325/2021,A/Stockholm/5/2021,320
A/Zghorta.LBN/7493/2021,A/Stockholm/5/2021,640
A/Baabda.LBN/7463/2021,A/Stockholm/5/2021,640
A/Baabda.LBN/7462/2021,A/Stockholm/5/2021,320
A/Navarra/9870/2021,A/Stockholm/5/2021,160
A/Netherlands/10162/2021,A/Stockholm/5/2021,160
A/Netherlands/10161/2021,A/Stockholm/5/2021,160
A/Netherlands/10163/2021,A/Stockholm/5/2021,160
A/Netherlands/10174/2021,A/Stockholm/5/2021,320
A/Netherlands/10168/2021,A/Stockholm/5/2021,160
A/Netherlands/10177/2021,A/Stockholm/5/2021,320
A/Denmark/3264/2019,A/Kansas/14/2017,160
A/Hong Kong/2671/2019,A/Kansas/14/2017,160
A/Cambodia/e0826360/2020,A/Kansas/14/2017,80
A/Cambodia/925256/2020,A/Kansas/14/2017,160
A/Bangladesh/4005/2020,A/Kansas/14/2017,320
A/Darwin/9/2021,A/Kansas/14/2017,80
A/Stockholm/5/2021,A/Kansas/14/2017,40
A/Kansas/14/2017,A/Kansas/14/2017,640
A/South Africa/R12902/2021,A/Kansas/14/2017,80
A/Qatar/24-VI-21-4532193/2021,A/Kansas/14/2017,160
A/Alaska/01/2021,A/Kansas/14/2017,40
A/Stockholm/8/2021,A/Kansas/14/2017,40
A/Orebro/1/2021,A/Kansas/14/2017,40
A/Qatar/47-VI-21-4548906/2021,A/Kansas/14/2017,80
A/Stockholm/9/2021,A/Kansas/14/2017,80
A/South Africa/R14202/2021,A/Kansas/14/2017,80
A/South Africa/R16482/2021,A/Kansas/14/2017,80
A/South Africa/R13526/2021,A/Kansas/14/2017,40
A/South Africa/R13867/2021,A/Kansas/14/2017,40
A/South Africa/R15681/2021,A/Kansas/14/2017,80
A/Qatar/47-VI-21-4610963/2021,A/Kansas/14/2017,40
A/Qatar/16-VI-21-4634794/2021,A/Kansas/14/2017,80
A/Qatar/15-VI-21-4746170/2021,A/Kansas/14/2017,80
A/Qatar/24-VI-21-4774653/2021,A/Kansas/14/2017,80
A/Minieh Dinieh.LBN/7496/2021,A/Kansas/14/2017,40
A/Saida.LBN/7412/2021,A/Kansas/14/2017,40
A/Qatar/10-VI-21-4573977/2021,A/Kansas/14/2017,80
A/Qatar/26-VI-21-4617124/2021,A/Kansas/14/2017,80
A/South Africa/R13807/2021,A/Kansas/14/2017,320
A/Qatar/21-VI-21-4953403/2021,A/Kansas/14/2017,80
A/England/213861328/2021,A/Kansas/14/2017,40
A/South Africa/R14408/2021,A/Kansas/14/2017,160
A/England/214021587/2021,A/Kansas/14/2017,40
A/England/214040938/2021,A/Kansas/14/2017,40
A/England/214040936/2021,A/Kansas/14/2017,40
A/England/214100502/2021,A/Kansas/14/2017,40
A/England/214100501/2021,A/Kansas/14/2017,40
A/South Africa/R14774/2021,A/Kansas/14/2017,160
A/England/214100499/2021,A/Kansas/14/2017,40
A/England/214191723/2021,A/Kansas/14/2017,40
A/England/214200532/2021,A/Kansas/14/2017,40
A/Uppsala/1/2021,A/Kansas/14/2017,40
A/South Africa/R15449/2021,A/Kansas/14/2017,160
A/Netherlands/10068/2021,A/Kansas/14/2017,40
A/Uppsala/3/2021,A/Kansas/14/2017,40
A/South Africa/R15599/2021,A/Kansas/14/2017,160
A/Netherlands/10083/2021,A/Kansas/14/2017,40
A/England/214420670/2021,A/Kansas/14/2017,40
A/Netherlands/10078/2021,A/Kansas/14/2017,40
A/Uppsala/6/2021,A/Kansas/14/2017,40
A/Sweden/1/2021,A/Kansas/14/2017,40
A/Uppsala/8/2021,A/Kansas/14/2017,40
A/Uppsala/11/2021,A/Kansas/14/2017,80
A/Uppsala/12/2021,A/Kansas/14/2017,40
A/Zghorta.LBN/7506/2021,A/Kansas/14/2017,40
A/Zghorta.LBN/7491/2021,A/Kansas/14/2017,40
A/Akkar.LBN/7377/2021,A/Kansas/14/2017,40
A/Tripoli.LBN/7350/2021,A/Kansas/14/2017,40
A/Tripoli.LBN/7347/2021,A/Kansas/14/2017,40
A/Tripoli.LBN/7325/2021,A/Kansas/14/2017,40
A/Zghorta.LBN/7493/2021,A/Kansas/14/2017,40
A/Baabda.LBN/7463/2021,A/Kansas/14/2017,40
A/Baabda.LBN/7462/2021,A/Kansas/14/2017,40
A/Navarra/9870/2021,A/Kansas/14/2017,40
A/Netherlands/10162/2021,A/Kansas/14/2017,40
A/Netherlands/10161/2021,A/Kansas/14/2017,40
A/Netherlands/10163/2021,A/Kansas/14/2017,40
A/Netherlands/10174/2021,A/Kansas/14/2017,40
A/Netherlands/10168/2021,A/Kansas/14/2017,40
A/Netherlands/10177/2021,A/Kansas/14/2017,40
A/Denmark/3264/2019,A/Denmark/3264/2019,320
A/Hong Kong/2671/2019,A/Denmark/3264/2019,160
A/Cambodia/e0826360/2020,A/Denmark/3264/2019,160
A/Cambodia/925256/2020,A/Denmark/3264/2019,160
A/Bangladesh/4005/2020,A/Denmark/3264/2019,160
A/Darwin/9/2021,A/Denmark/3264/2019,160
A/Stockholm/5/2021,A/Denmark/3264/2019,80
A/Kansas/14/2017,A/Denmark/3264/2019,40
A/Switzerland/51230/2021,A/Denmark/3264/2019,80
A/Nosy Be/13359/2021,A/Denmark/3264/2019,160
A/Nosy Be/13357/2021,A/Denmark/3264/2019,160
A/Nosy Be/13360/2021,A/Denmark/3264/2019,160
A/Armenia/921/2021,A/Denmark/3264/2019,160
A/Switzerland/06630/2021,A/Denmark/3264/2019,40
A/Astrakhan/01/2021,A/Denmark/3264/2019,40
A/Switzerland/69954/2021,A/Denmark/3264/2019,160
A/S.Petersburg/RII-25/2021,A/Denmark/3264/2019,160
A/S.Petersburg/RII-16/2021,A/Denmark/3264/2019,160
A/S.Petersburg/RII-19/2021,A/Denmark/3264/2019,160
A/S.Petersburg/RII-17/2021,A/Denmark/3264/2019,160
A/Kaliningrad/RII-03/2021,A/Denmark/3264/2019,80
A/S.Petersburg/RII-22/2021,A/Denmark/3264/2019,160
A/Kaliningrad/RII-06/2021,A/Denmark/3264/2019,160
A/Kaliningrad/RII-05/2021,A/Denmark/3264/2019,80
A/Astrakhan/07/2021,A/Denmark/3264/2019,320
A/S.Petersburg/RII-24/2021,A/Denmark/3264/2019,80
A/S.Petersburg/RII-23/2021,A/Denmark/3264/2019,80
A/S.Petersburg/RII-28/2021,A/Denmark/3264/2019,160
A/S.Petersburg/RII-36/2021,A/Denmark/3264/2019,160
A/S.Petersburg/RII-32/2021,A/Denmark/3264/2019,160
A/S.Petersburg/RII-29/2021,A/Denmark/3264/2019,80
A/Mahajanga/12820/2021,A/Denmark/3264/2019,160
A/Astrakhan/05/2021,A/Denmark/3264/2019,320
A/Mahajanga/13001/2021,A/Denmark/3264/2019,160
A/Mahajanga/12995/2021,A/Denmark/3264/2019,160
A/Toamasina/13669/2021,A/Denmark/3264/2019,160
A/Portugal/17/2021,A/Denmark/3264/2019,<40
A/Switzerland/11712/2021,A/Denmark/3264/2019,40
A/Armenia/887/2021,A/Denmark/3264/2019,320
A/Armenia/885/2021,A/Denmark/3264/2019,160
A/Armenia/883/2021,A/Denmark/3264/2019,160
A/Armenia/881/2021,A/Denmark/3264/2019,160
A/Armenia/922/2021,A/Denmark/3264/2019,160
A/Armenia/919/2021,A/Denmark/3264/2019,160
A/Armenia/917/2021,A/Denmark/3264/2019,80
A/Armenia/897/2021,A/Denmark/3264/2019,160
A/Denmark/3264/2019,A/Hong Kong/2671/2019,320
A/Hong Kong/2671/2019,A/Hong Kong/2671/2019,320
A/Cambodia/e0826360/2020,A/Hong Kong/2671/2019,<40
A/Cambodia/925256/2020,A/Hong Kong/2671/2019,80
A/Bangladesh/4005/2020,A/Hong Kong/2671/2019,40
A/Darwin/9/2021,A/Hong Kong/2671/2019,<40
A/Stockholm/5/2021,A/Hong Kong/2671/2019,<40
A/Kansas/14/2017,A/Hong Kong/2671/2019,<40
A/Switzerland/51230/2021,A/Hong Kong/2671/2019,80
A/Nosy Be/13359/2021,A/Hong Kong/2671/2019,80
A/Nosy Be/13357/2021,A/Hong Kong/2671/2019,160
A/Nosy Be/13360/2021,A/Hong Kong/2671/2019,160
A/Armenia/921/2021,A/Hong Kong/2671/2019,<40
A/Switzerland/06630/2021,A/Hong Kong/2671/2019,<40
A/Astrakhan/01/2021,A/Hong Kong/2671/2019,<40
A/Switzerland/69954/2021,A/Hong Kong/2671/2019,<40
A/S.Petersburg/RII-25/2021,A/Hong Kong/2671/2019,<40
A/S.Petersburg/RII-16/2021,A/Hong Kong/2671/2019,<40
A/S.Petersburg/RII-19/2021,A/Hong Kong/2671/2019,<40
A/S.Petersburg/RII-17/2021,A/Hong Kong/2671/2019,<40
A/Kaliningrad/RII-03/2021,A/Hong Kong/2671/2019,<40
A/S.Petersburg/RII-22/2021,A/Hong Kong/2671/2019,<40
A/Kaliningrad/RII-06/2021,A/Hong Kong/2671/2019,<40
A/Kaliningrad/RII-05/2021,A/Hong Kong/2671/2019,<40
A/Astrakhan/07/2021,A/Hong Kong/2671/2019,40
A/S.Petersburg/RII-24/2021,A/Hong Kong/2671/2019,<40
A/S.Petersburg/RII-23/2021,A/Hong Kong/2671/2019,<40
A/S.Petersburg/RII-28/2021,A/Hong Kong/2671/2019,<40
A/S.Petersburg/RII-36/2021,A/Hong Kong/2671/2019,<40
A/S.Petersburg/RII-32/2021,A/Hong Kong/2671/2019,<40
A/S.Petersburg/RII-29/2021,A/Hong Kong/2671/2019,<40
A/Mahajanga/12820/2021,A/Hong Kong/2671/2019,<40
A/Astrakhan/05/2021,A/Hong Kong/2671/2019,<40
A/Mahajanga/13001/2021,A/Hong Kong/2671/2019,<40
A/Mahajanga/12995/2021,A/Hong Kong/2671/2019,<40
A/Toamasina/13669/2021,A/Hong Kong/2671/2019,<40
A/Portugal/17/2021,A/Hong Kong/2671/2019,<40
A/Switzerland/11712/2021,A/Hong Kong/2671/2019,<40
A/Armenia/887/2021,A/Hong Kong/2671/2019,<40
A/Armenia/885/2021,A/Hong Kong/2671/2019,<40
A/Armenia/883/2021,A/Hong Kong/2671/2019,<40
A/Armenia/881/2021,A/Hong Kong/2671/2019,<40
A/Armenia/922/2021,A/Hong Kong/2671/2019,<40
A/Armenia/919/2021,A/Hong Kong/2671/2019,<40
A/Armenia/917/2021,A/Hong Kong/2671/2019,<40
A/Armenia/897/2021,A/Hong Kong/2671/2019,<40
A/Denmark/3264/2019,A/Cambodia/e0826360/2020,160
A/Hong Kong/2671/2019,A/Cambodia/e0826360/2020,160
A/Cambodia/e0826360/2020,A/Cambodia/e0826360/2020,2560
A/Cambodia/925256/2020,A/Cambodia/e0826360/2020,320
A/Bangladesh/4005/2020,A/Cambodia/e0826360/2020,160
A/Darwin/9/2021,A/Cambodia/e0826360/2020,640
A/Stockholm/5/2021,A/Cambodia/e0826360/2020,80
A/Kansas/14/2017,A/Cambodia/e0826360/2020,40
A/Switzerland/51230/2021,A/Cambodia/e0826360/2020,160
A/Nosy Be/13359/2021,A/Cambodia/e0826360/2020,<40
A/Nosy Be/13357/2021,A/Cambodia/e0826360/2020,<40
A/Nosy Be/13360/2021,A/Cambodia/e0826360/2020,<40
A/Armenia/921/2021,A/Cambodia/e0826360/2020,320
A/Switzerland/06630/2021,A/Cambodia/e0826360/2020,40
A/Astrakhan/01/2021,A/Cambodia/e0826360/2020,80
A/Switzerland/69954/2021,A/Cambodia/e0826360/2020,320
A/S.Petersburg/RII-25/2021,A/Cambodia/e0826360/2020,320
A/S.Petersburg/RII-16/2021,A/Cambodia/e0826360/2020,320
A/S.Petersburg/RII-19/2021,A/Cambodia/e0826360/2020,320
A/S.Petersburg/RII-17/2021,A/Cambodia/e0826360/2020,320
A/Kaliningrad/RII-03/2021,A/Cambodia/e0826360/2020,160
A/S.Petersburg/RII-22/2021,A/Cambodia/e0826360/2020,320
A/Kaliningrad/RII-06/2021,A/Cambodia/e0826360/2020,160
A/Kaliningrad/RII-05/2021,A/Cambodia/e0826360/2020,160
A/Astrakhan/07/2021,A/Cambodia/e0826360/2020,640
A/S.Petersburg/RII-24/2021,A/Cambodia/e0826360/2020,320
A/S.Petersburg/RII-23/2021,A/Cambodia/e0826360/2020,320
A/S.Petersburg/RII-28/2021,A/Cambodia/e0826360/2020,320
A/S.Petersburg/RII-36/2021,A/Cambodia/e0826360/2020,320
A/S.Petersburg/RII-32/2021,A/Cambodia/e0826360/2020,160
A/S.Petersburg/RII-29/2021,A/Cambodia/e0826360/2020,320
A/Mahajanga/12820/2021,A/Cambodia/e0826360/2020,640
A/Astrakhan/05/2021,A/Cambodia/e0826360/2020,320
A/Mahajanga/13001/2021,A/Cambodia/e0826360/2020,320
A/Mahajanga/12995/2021,A/Cambodia/e0826360/2020,640
A/Toamasina/13669/2021,A/Cambodia/e0826360/2020,320
A/Portugal/17/2021,A/Cambodia/e0826360/2020,40
A/Switzerland/11712/2021,A/Cambodia/e0826360/2020,80
A/Armenia/887/2021,A/Cambodia/e0826360/2020,640
A/Armenia/885/2021,A/Cambodia/e0826360/2020,320
A/Armenia/883/2021,A/Cambodia/e0826360/2020,320
A/Armenia/881/2021,A/Cambodia/e0826360/2020,160
A/Armenia/922/2021,A/Cambodia/e0826360/2020,320
A/Armenia/919/2021,A/Cambodia/e0826360/2020,320
A/Armenia/917/2021,A/Cambodia/e0826360/2020,80
A/Armenia/897/2021,A/Cambodia/e0826360/2020,320
A/Denmark/3264/2019,A/Cambodia/925256/2020,1280
A/Hong Kong/2671/2019,A/Cambodia/925256/2020,640
A/Cambodia/e0826360/2020,A/Cambodia/925256/2020,160
A/Cambodia/925256/2020,A/Cambodia/925256/2020,640
A/Bangladesh/4005/2020,A/Cambodia/925256/2020,320
A/Darwin/9/2021,A/Cambodia/925256/2020,160
A/Stockholm/5/2021,A/Cambodia/925256/2020,80
A/Kansas/14/2017,A/Cambodia/925256/2020,80
A/Switzerland/51230/2021,A/Cambodia/925256/2020,320
A/Nosy Be/13359/2021,A/Cambodia/925256/2020,160
A/Nosy Be/13357/2021,A/Cambodia/925256/2020,320
A/Nosy Be/13360/2021,A/Cambodia/925256/2020,160
A/Armenia/921/2021,A/Cambodia/925256/2020,80
A/Switzerland/06630/2021,A/Cambodia/925256/2020,40
A/Astrakhan/01/2021,A/Cambodia/925256/2020,<40
A/Switzerland/69954/2021,A/Cambodia/925256/2020,80
A/S.Petersburg/RII-25/2021,A/Cambodia/925256/2020,80
A/S.Petersburg/RII-16/2021,A/Cambodia/925256/2020,80
A/S.Petersburg/RII-19/2021,A/Cambodia/925256/2020,40
A/S.Petersburg/RII-17/2021,A/Cambodia/925256/2020,40
A/Kaliningrad/RII-03/2021,A/Cambodia/925256/2020,40
A/S.Petersburg/RII-22/2021,A/Cambodia/925256/2020,80
A/Kaliningrad/RII-06/2021,A/Cambodia/925256/2020,40
A/Kaliningrad/RII-05/2021,A/Cambodia/925256/2020,40
A/Astrakhan/07/2021,A/Cambodia/925256/2020,80
A/S.Petersburg/RII-24/2021,A/Cambodia/925256/2020,40
A/S.Petersburg/RII-23/2021,A/Cambodia/925256/2020,40
A/S.Petersburg/RII-28/2021,A/Cambodia/925256/2020,80
A/S.Petersburg/RII-36/2021,A/Cambodia/925256/2020,80
A/S.Petersburg/RII-32/2021,A/Cambodia/925256/2020,80
A/S.Petersburg/RII-29/2021,A/Cambodia/925256/2020,80
A/Mahajanga/12820/2021,A/Cambodia/925256/2020,80
A/Astrakhan/05/2021,A/Cambodia/925256/2020,80
A/Mahajanga/13001/2021,A/Cambodia/925256/2020,80
A/Mahajanga/12995/2021,A/Cambodia/925256/2020,80
A/Toamasina/13669/2021,A/Cambodia/925256/2020,80
A/Portugal/17/2021,A/Cambodia/925256/2020,40
A/Switzerland/11712/2021,A/Cambodia/925256/2020,80
A/Armenia/887/2021,A/Cambodia/925256/2020,160
A/Armenia/885/2021,A/Cambodia/925256/2020,80
A/Armenia/883/2021,A/Cambodia/925256/2020,80
A/Armenia/881/2021,A/Cambodia/925256/2020,40
A/Armenia/922/2021,A/Cambodia/925256/2020,40
A/Armenia/919/2021,A/Cambodia/925256/2020,80
A/Armenia/917/2021,A/Cambodia/925256/2020,40
A/Armenia/897/2021,A/Cambodia/925256/2020,80
A/Denmark/3264/2019,A/Bangladesh/4005/2020,320
A/Hong Kong/2671/2019,A/Bangladesh/4005/2020,160
A/Cambodia/e0826360/2020,A/Bangladesh/4005/2020,320
A/Cambodia/925256/2020,A/Bangladesh/4005/2020,320
A/Bangladesh/4005/2020,A/Bangladesh/4005/2020,640
A/Darwin/9/2021,A/Bangladesh/4005/2020,640
A/Stockholm/5/2021,A/Bangladesh/4005/2020,320
A/Kansas/14/2017,A/Bangladesh/4005/2020,80
A/Switzerland/51230/2021,A/Bangladesh/4005/2020,160
A/Nosy Be/13359/2021,A/Bangladesh/4005/2020,40
A/Nosy Be/13357/2021,A/Bangladesh/4005/2020,80
A/Nosy Be/13360/2021,A/Bangladesh/4005/2020,80
A/Armenia/921/2021,A/Bangladesh/4005/2020,320
A/Switzerland/06630/2021,A/Bangladesh/4005/2020,160
A/Astrakhan/01/2021,A/Bangladesh/4005/2020,80
A/Switzerland/69954/2021,A/Bangladesh/4005/2020,640
A/S.Petersburg/RII-25/2021,A/Bangladesh/4005/2020,320
A/S.Petersburg/RII-16/2021,A/Bangladesh/4005/2020,320
A/S.Petersburg/RII-19/2021,A/Bangladesh/4005/2020,320
A/S.Petersburg/RII-17/2021,A/Bangladesh/4005/2020,160
A/Kaliningrad/RII-03/2021,A/Bangladesh/4005/2020,320
A/S.Petersburg/RII-22/2021,A/Bangladesh/4005/2020,320
A/Kaliningrad/RII-06/2021,A/Bangladesh/4005/2020,160
A/Kaliningrad/RII-05/2021,A/Bangladesh/4005/2020,160
A/Astrakhan/07/2021,A/Bangladesh/4005/2020,640
A/S.Petersburg/RII-24/2021,A/Bangladesh/4005/2020,320
A/S.Petersburg/RII-23/2021,A/Bangladesh/4005/2020,160
A/S.Petersburg/RII-28/2021,A/Bangladesh/4005/2020,320
A/S.Petersburg/RII-36/2021,A/Bangladesh/4005/2020,320
A/S.Petersburg/RII-32/2021,A/Bangladesh/4005/2020,320
A/S.Petersburg/RII-29/2021,A/Bangladesh/4005/2020,320
A/Mahajanga/12820/2021,A/Bangladesh/4005/2020,320
A/Astrakhan/05/2021,A/Bangladesh/4005/2020,320
A/Mahajanga/13001/2021,A/Bangladesh/4005/2020,320
A/Mahajanga/12995/2021,A/Bangladesh/4005/2020,320
A/Toamasina/13669/2021,A/Bangladesh/4005/2020,320
A/Portugal/17/2021,A/Bangladesh/4005/2020,160
A/Switzerland/11712/2021,A/Bangladesh/4005/2020,160
A/Armenia/887/2021,A/Bangladesh/4005/2020,320
A/Armenia/885/2021,A/Bangladesh/4005/2020,320
A/Armenia/883/2021,A/Bangladesh/4005/2020,320
A/Armenia/881/2021,A/Bangladesh/4005/2020,320
A/Armenia/922/2021,A/Bangladesh/4005/2020,320
A/Armenia/919/2021,A/Bangladesh/4005/2020,320
A/Armenia/917/2021,A/Bangladesh/4005/2020,160
A/Armenia/897/2021,A/Bangladesh/4005/2020,320
A/Denmark/3264/2019,A/Darwin/9/2021,320
A/Hong Kong/2671/2019,A/Darwin/9/2021,160
A/Cambodia/e0826360/2020,A/Darwin/9/2021,320
A/Cambodia/925256/2020,A/Darwin/9/2021,320
A/Bangladesh/4005/2020,A/Darwin/9/2021,640
A/Darwin/9/2021,A/Darwin/9/2021,2560
A/Stockholm/5/2021,A/Darwin/9/2021,640
A/Kansas/14/2017,A/Darwin/9/2021,80
A/Switzerland/51230/2021,A/Darwin/9/2021,160
A/Nosy Be/13359/2021,A/Darwin/9/2021,<40
A/Nosy Be/13357/2021,A/Darwin/9/2021,40
A/Nosy Be/13360/2021,A/Darwin/9/2021,40
A/Armenia/921/2021,A/Darwin/9/2021,1280
A/Switzerland/06630/2021,A/Darwin/9/2021,640
A/Astrakhan/01/2021,A/Darwin/9/2021,160
A/Switzerland/69954/2021,A/Darwin/9/2021,320
A/S.Petersburg/RII-25/2021,A/Darwin/9/2021,640
A/S.Petersburg/RII-16/2021,A/Darwin/9/2021,320
A/S.Petersburg/RII-19/2021,A/Darwin/9/2021,320
A/S.Petersburg/RII-17/2021,A/Darwin/9/2021,640
A/Kaliningrad/RII-03/2021,A/Darwin/9/2021,320
A/S.Petersburg/RII-22/2021,A/Darwin/9/2021,320
A/Kaliningrad/RII-06/2021,A/Darwin/9/2021,320
A/Kaliningrad/RII-05/2021,A/Darwin/9/2021,320
A/Astrakhan/07/2021,A/Darwin/9/2021,640
A/S.Petersburg/RII-24/2021,A/Darwin/9/2021,640
A/S.Petersburg/RII-23/2021,A/Darwin/9/2021,320
A/S.Petersburg/RII-28/2021,A/Darwin/9/2021,640
A/S.Petersburg/RII-36/2021,A/Darwin/9/2021,320
A/S.Petersburg/RII-32/2021,A/Darwin/9/2021,1280
A/S.Petersburg/RII-29/2021,A/Darwin/9/2021,640
A/Mahajanga/12820/2021,A/Darwin/9/2021,320
A/Astrakhan/05/2021,A/Darwin/9/2021,640
A/Mahajanga/13001/2021,A/Darwin/9/2021,320
A/Mahajanga/12995/2021,A/Darwin/9/2021,320
A/Toamasina/13669/2021,A/Darwin/9/2021,320
A/Portugal/17/2021,A/Darwin/9/2021,320
A/Switzerland/11712/2021,A/Darwin/9/2021,320
A/Armenia/887/2021,A/Darwin/9/2021,1280
A/Armenia/885/2021,A/Darwin/9/2021,320
A/Armenia/883/2021,A/Darwin/9/2021,1280
A/Armenia/881/2021,A/Darwin/9/2021,320
A/Armenia/922/2021,A/Darwin/9/2021,640
A/Armenia/919/2021,A/Darwin/9/2021,640
A/Armenia/917/2021,A/Darwin/9/2021,640
A/Armenia/897/2021,A/Darwin/9/2021,640
A/Denmark/3264/2019,A/Stockholm/5/2021,320
A/Hong Kong/2671/2019,A/Stockholm/5/2021,160
A/Cambodia/e0826360/2020,A/Stockholm/5/2021,320
A/Cambodia/925256/2020,A/Stockholm/5/2021,320
A/Bangladesh/4005/2020,A/Stockholm/5/2021,640
A/Darwin/9/2021,A/Stockholm/5/2021,1280
A/Stockholm/5/2021,A/Stockholm/5/2021,1280
A/Kansas/14/2017,A/Stockholm/5/2021,160
A/Switzerland/51230/2021,A/Stockholm/5/2021,160
A/Nosy Be/13359/2021,A/Stockholm/5/2021,40
A/Nosy Be/13357/2021,A/Stockholm/5/2021,80
A/Nosy Be/13360/2021,A/Stockholm/5/2021,40
A/Armenia/921/2021,A/Stockholm/5/2021,640
A/Switzerland/06630/2021,A/Stockholm/5/2021,320
A/Astrakhan/01/2021,A/Stockholm/5/2021,160
A/Switzerland/69954/2021,A/Stockholm/5/2021,320
A/S.Petersburg/RII-25/2021,A/Stockholm/5/2021,320
A/S.Petersburg/RII-16/2021,A/Stockholm/5/2021,320
A/S.Petersburg/RII-19/2021,A/Stockholm/5/2021,320
A/S.Petersburg/RII-17/2021,A/Stockholm/5/2021,320
A/Kaliningrad/RII-03/2021,A/Stockholm/5/2021,320
A/S.Petersburg/RII-22/2021,A/Stockholm/5/2021,320
A/Kaliningrad/RII-06/2021,A/Stockholm/5/2021,160
A/Kaliningrad/RII-05/2021,A/Stockholm/5/2021,160
A/Astrakhan/07/2021,A/Stockholm/5/2021,640
A/S.Petersburg/RII-24/2021,A/Stockholm/5/2021,320
A/S.Petersburg/RII-23/2021,A/Stockholm/5/2021,320
A/S.Petersburg/RII-28/2021,A/Stockholm/5/2021,320
A/S.Petersburg/RII-36/2021,A/Stockholm/5/2021,320
A/S.Petersburg/RII-32/2021,A/Stockholm/5/2021,640
A/S.Petersburg/RII-29/2021,A/Stockholm/5/2021,640
A/Mahajanga/12820/2021,A/Stockholm/5/2021,320
A/Astrakhan/05/2021,A/Stockholm/5/2021,640
A/Mahajanga/13001/2021,A/Stockholm/5/2021,320
A/Mahajanga/12995/2021,A/Stockholm/5/2021,320
A/Toamasina/13669/2021,A/Stockholm/5/2021,320
A/Portugal/17/2021,A/Stockholm/5/2021,160
A/Switzerland/11712/2021,A/Stockholm/5/2021,320
A/Armenia/887/2021,A/Stockholm/5/2021,640
A/Armenia/885/2021,A/Stockholm/5/2021,320
A/Armenia/883/2021,A/Stockholm/5/2021,640
A/Armenia/881/2021,A/Stockholm/5/2021,320
A/Armenia/922/2021,A/Stockholm/5/2021,320
A/Armenia/919/2021,A/Stockholm/5/2021,320
A/Armenia/917/2021,A/Stockholm/5/2021,640
A/Armenia/897/2021,A/Stockholm/5/2021,640
A/Denmark/3264/2019,A/Kansas/14/2017,160
A/Hong Kong/2671/2019,A/Kansas/14/2017,160
A/Cambodia/e0826360/2020,A/Kansas/14/2017,160
A/Cambodia/925256/2020,A/Kansas/14/2017,160
A/Bangladesh/4005/2020,A/Kansas/14/2017,160
A/Darwin/9/2021,A/Kansas/14/2017,80
A/Stockholm/5/2021,A/Kansas/14/2017,40
A/Kansas/14/2017,A/Kansas/14/2017,640
A/Switzerland/51230/2021,A/Kansas/14/2017,40
A/Nosy Be/13359/2021,A/Kansas/14/2017,40
A/Nosy Be/13357/2021,A/Kansas/14/2017,40
A/Nosy Be/13360/2021,A/Kansas/14/2017,40
A/Armenia/921/2021,A/Kansas/14/2017,80
A/Switzerland/06630/2021,A/Kansas/14/2017,<40
A/Astrakhan/01/2021,A/Kansas/14/2017,40
A/Switzerland/69954/2021,A/Kansas/14/2017,80
A/S.Petersburg/RII-25/2021,A/Kansas/14/2017,80
A/S.Petersburg/RII-16/2021,A/Kansas/14/2017,80
A/S.Petersburg/RII-19/2021,A/Kansas/14/2017,80
A/S.Petersburg/RII-17/2021,A/Kansas/14/2017,40
A/Kaliningrad/RII-03/2021,A/Kansas/14/2017,40
A/S.Petersburg/RII-22/2021,A/Kansas/14/2017,80
A/Kaliningrad/RII-06/2021,A/Kansas/14/2017,80
A/Kaliningrad/RII-05/2021,A/Kansas/14/2017,40
A/Astrakhan/07/2021,A/Kansas/14/2017,160
A/S.Petersburg/RII-24/2021,A/Kansas/14/2017,40
A/S.Petersburg/RII-23/2021,A/Kansas/14/2017,40
A/S.Petersburg/RII-28/2021,A/Kansas/14/2017,80
A/S.Petersburg/RII-36/2021,A/Kansas/14/2017,80
A/S.Petersburg/RII-32/2021,A/Kansas/14/2017,80
A/S.Petersburg/RII-29/2021,A/Kansas/14/2017,40
A/Mahajanga/12820/2021,A/Kansas/14/2017,80
A/Astrakhan/05/2021,A/Kansas/14/2017,80
A/Mahajanga/13001/2021,A/Kansas/14/2017,80
A/Mahajanga/12995/2021,A/Kansas/14/2017,80
A/Toamasina/13669/2021,A/Kansas/14/2017,80
A/Portugal/17/2021,A/Kansas/14/2017,<40
A/Switzerland/11712/2021,A/Kansas/14/2017,<40
A/Armenia/887/2021,A/Kansas/14/2017,80
A/Armenia/885/2021,A/Kansas/14/2017,80
A/Armenia/883/2021,A/Kansas/14/2017,80
A/Armenia/881/2021,A/Kansas/14/2017,80
A/Armenia/922/2021,A/Kansas/14/2017,80
A/Armenia/919/2021,A/Kansas/14/2017,40
A/Armenia/917/2021,A/Kansas/14/2017,<40
A/Armenia/897/2021,A/Kansas/14/2017,80
A/Denmark/3264/2019,A/Denmark/3264/2019,320
A/Hong Kong/2671/2019,A/Denmark/3264/2019,160
A/Cambodia/e0826360/2020,A/Denmark/3264/2019,160
A/Cambodia/925256/2020,A/Denmark/3264/2019,160
A/Bangladesh/4005/2020,A/Denmark/3264/2019,160
A/Darwin/9/2021,A/Denmark/3264/2019,160
A/Stockholm/5/2021,A/Denmark/3264/2019,80
A/Kansas/14/2017,A/Denmark/3264/2019,40
A/Parma/02/2021,A/Denmark/3264/2019,160
A/Parma/03/2021,A/Denmark/3264/2019,320
A/Parma/04/2021,A/Denmark/3264/2019,160
A/Israel/R-6982/2021,A/Denmark/3264/2019,320
A/Israel/R-6983/2021,A/Denmark/3264/2019,320
A/Milano/01/2021,A/Denmark/3264/2019,160
A/Iran/Mehr28/2021,A/Denmark/3264/2019,80
A/Roma/01/2021,A/Denmark/3264/2019,40
A/Roma/02/2021,A/Denmark/3264/2019,40
A/Iran/Aban12/2021,A/Denmark/3264/2019,160
A/Iran/Aban11/2021,A/Denmark/3264/2019,80
A/Roma/03/2021,A/Denmark/3264/2019,40
A/Iran/Aban17A/2021,A/Denmark/3264/2019,160
A/Israel/R-6986/2021,A/Denmark/3264/2019,80
A/Israel/S-1/2021,A/Denmark/3264/2019,80
A/Israel/S-2/2021,A/Denmark/3264/2019,80
A/Israel/S-3/2021,A/Denmark/3264/2019,160
A/Israel/S-7/2021,A/Denmark/3264/2019,80
A/Iran/Aban30/28,A/Denmark/3264/2019,80
A/Parma/01/2021,A/Denmark/3264/2019,320
A/Iran/Ab29A/10,A/Denmark/3264/2019,40
A/Israel/B-145/2021,A/Denmark/3264/2019,160
A/Iran/Azar8/29,A/Denmark/3264/2019,80
A/Hungary/9/2021,A/Denmark/3264/2019,40
A/Hungary/8/2021,A/Denmark/3264/2019,40
A/Romania/493221/2021,A/Denmark/3264/2019,40
A/Romania/493220/2021,A/Denmark/3264/2019,40
A/Romania/493219/2021,A/Denmark/3264/2019,40
A/Romania/495026/2021,A/Denmark/3264/2019,80
A/Romania/495025/2021,A/Denmark/3264/2019,40
A/Hungary/1/2022,A/Denmark/3264/2019,40
A/Romania/495703/2022,A/Denmark/3264/2019,<40
A/Romania/495700/2022,A/Denmark/3264/2019,40
A/Hungary/2/2022,A/Denmark/3264/2019,80
A/Romania/496796/2022,A/Denmark/3264/2019,40
A/Denmark/3264/2019,A/Hong Kong/2671/2019,320
A/Hong Kong/2671/2019,A/Hong Kong/2671/2019,320
A/Cambodia/e0826360/2020,A/Hong Kong/2671/2019,<40
A/Cambodia/925256/2020,A/Hong Kong/2671/2019,80
A/Bangladesh/4005/2020,A/Hong Kong/2671/2019,40
A/Darwin/9/2021,A/Hong Kong/2671/2019,<40
A/Stockholm/5/2021,A/Hong Kong/2671/2019,<40
A/Kansas/14/2017,A/Hong Kong/2671/2019,<40
A/Parma/02/2021,A/Hong Kong/2671/2019,160
A/Parma/03/2021,A/Hong Kong/2671/2019,80
A/Parma/04/2021,A/Hong Kong/2671/2019,40
A/Israel/R-6982/2021,A/Hong Kong/2671/2019,<40
A/Israel/R-6983/2021,A/Hong Kong/2671/2019,40
A/Milano/01/2021,A/Hong Kong/2671/2019,<40
A/Iran/Mehr28/2021,A/Hong Kong/2671/2019,<40
A/Roma/01/2021,A/Hong Kong/2671/2019,<40
A/Roma/02/2021,A/Hong Kong/2671/2019,<40
A/Iran/Aban12/2021,A/Hong Kong/2671/2019,<40
A/Iran/Aban11/2021,A/Hong Kong/2671/2019,80
A/Roma/03/2021,A/Hong Kong/2671/2019,<40
A/Iran/Aban17A/2021,A/Hong Kong/2671/2019,<40
A/Israel/R-6986/2021,A/Hong Kong/2671/2019,<40
A/Israel/S-1/2021,A/Hong Kong/2671/2019,<40
A/Israel/S-2/2021,A/Hong Kong/2671/2019,<40
A/Israel/S-3/2021,A/Hong Kong/2671/2019,<40
A/Israel/S-7/2021,A/Hong Kong/2671/2019,<40
A/Iran/Aban30/28,A/Hong Kong/2671/2019,<40
A/Parma/01/2021,A/Hong Kong/2671/2019,80
A/Iran/Ab29A/10,A/Hong Kong/2671/2019,<40
A/Israel/B-145/2021,A/Hong Kong/2671/2019,<40
A/Iran/Azar8/29,A/Hong Kong/2671/2019,<40
A/Hungary/9/2021,A/Hong Kong/2671/2019,<40
A/Hungary/8/2021,A/Hong Kong/2671/2019,<40
A/Romania/493221/2021,A/Hong Kong/2671/2019,<40
A/Romania/493220/2021,A/Hong Kong/2671/2019,<40
A/Romania/493219/2021,A/Hong Kong/2671/2019,<40
A/Romania/495026/2021,A/Hong Kong/2671/2019,<40
A/Romania/495025/2021,A/Hong Kong/2671/2019,<40
A/Hungary/1/2022,A/Hong Kong/2671/2019,<40
A/Romania/495703/2022,A/Hong Kong/2671/2019,<40
A/Romania/495700/2022,A/Hong Kong/2671/2019,<40
A/Hungary/2/2022,A/Hong Kong/2671/2019,<40
A/Romania/496796/2022,A/Hong Kong/2671/2019,<40
A/Denmark/3264/2019,A/Cambodia/e0826360/2020,160
A/Hong Kong/2671/2019,A/Cambodia/e0826360/2020,160
A/Cambodia/e0826360/2020,A/Cambodia/e0826360/2020,2560
A/Cambodia/925256/2020,A/Cambodia/e0826360/2020,320
A/Bangladesh/4005/2020,A/Cambodia/e0826360/2020,160
A/Darwin/9/2021,A/Cambodia/e0826360/2020,640
A/Stockholm/5/2021,A/Cambodia/e0826360/2020,80
A/Kansas/14/2017,A/Cambodia/e0826360/2020,40
A/Parma/02/2021,A/Cambodia/e0826360/2020,160
A/Parma/03/2021,A/Cambodia/e0826360/2020,640
A/Parma/04/2021,A/Cambodia/e0826360/2020,640
A/Israel/R-6982/2021,A/Cambodia/e0826360/2020,640
A/Israel/R-6983/2021,A/Cambodia/e0826360/2020,640
A/Milano/01/2021,A/Cambodia/e0826360/2020,320
A/Iran/Mehr28/2021,A/Cambodia/e0826360/2020,80
A/Roma/01/2021,A/Cambodia/e0826360/2020,80
A/Roma/02/2021,A/Cambodia/e0826360/2020,80
A/Iran/Aban12/2021,A/Cambodia/e0826360/2020,320
A/Iran/Aban11/2021,A/Cambodia/e0826360/2020,80
A/Roma/03/2021,A/Cambodia/e0826360/2020,80
A/Iran/Aban17A/2021,A/Cambodia/e0826360/2020,320
A/Israel/R-6986/2021,A/Cambodia/e0826360/2020,80
A/Israel/S-1/2021,A/Cambodia/e0826360/2020,80
A/Israel/S-2/2021,A/Cambodia/e0826360/2020,80
A/Israel/S-3/2021,A/Cambodia/e0826360/2020,320
A/Israel/S-7/2021,A/Cambodia/e0826360/2020,80
A/Iran/Aban30/28,A/Cambodia/e0826360/2020,80
A/Parma/01/2021,A/Cambodia/e0826360/2020,320
A/Iran/Ab29A/10,A/Cambodia/e0826360/2020,40
A/Israel/B-145/2021,A/Cambodia/e0826360/2020,320
A/Iran/Azar8/29,A/Cambodia/e0826360/2020,80
A/Hungary/9/2021,A/Cambodia/e0826360/2020,40
A/Hungary/8/2021,A/Cambodia/e0826360/2020,80
A/Romania/493221/2021,A/Cambodia/e0826360/2020,80
A/Romania/493220/2021,A/Cambodia/e0826360/2020,80
A/Romania/493219/2021,A/Cambodia/e0826360/2020,80
A/Romania/495026/2021,A/Cambodia/e0826360/2020,80
A/Romania/495025/2021,A/Cambodia/e0826360/2020,<40
A/Hungary/1/2022,A/Cambodia/e0826360/2020,40
A/Romania/495703/2022,A/Cambodia/e0826360/2020,40
A/Romania/495700/2022,A/Cambodia/e0826360/2020,80
A/Hungary/2/2022,A/Cambodia/e0826360/2020,80
A/Romania/496796/2022,A/Cambodia/e0826360/2020,40
A/Denmark/3264/2019,A/Cambodia/925256/2020,1280
A/Hong Kong/2671/2019,A/Cambodia/925256/2020,640
A/Cambodia/e0826360/2020,A/Cambodia/925256/2020,160
A/Cambodia/925256/2020,A/Cambodia/925256/2020,640
A/Bangladesh/4005/2020,A/Cambodia/925256/2020,320
A/Darwin/9/2021,A/Cambodia/925256/2020,160
A/Stockholm/5/2021,A/Cambodia/925256/2020,80
A/Kansas/14/2017,A/Cambodia/925256/2020,80
A/Parma/02/2021,A/Cambodia/925256/2020,320
A/Parma/03/2021,A/Cambodia/925256/2020,320
A/Parma/04/2021,A/Cambodia/925256/2020,160
A/Israel/R-6982/2021,A/Cambodia/925256/2020,160
A/Israel/R-6983/2021,A/Cambodia/925256/2020,160
A/Milano/01/2021,A/Cambodia/925256/2020,160
A/Iran/Mehr28/2021,A/Cambodia/925256/2020,80
A/Roma/01/2021,A/Cambodia/925256/2020,80
A/Roma/02/2021,A/Cambodia/925256/2020,80
A/Iran/Aban12/2021,A/Cambodia/925256/2020,80
A/Iran/Aban11/2021,A/Cambodia/925256/2020,80
A/Roma/03/2021,A/Cambodia/925256/2020,80
A/Iran/Aban17A/2021,A/Cambodia/925256/2020,160
A/Israel/R-6986/2021,A/Cambodia/925256/2020,40
A/Israel/S-1/2021,A/Cambodia/925256/2020,40
A/Israel/S-2/2021,A/Cambodia/925256/2020,40
A/Israel/S-3/2021,A/Cambodia/925256/2020,160
A/Israel/S-7/2021,A/Cambodia/925256/2020,40
A/Iran/Aban30/28,A/Cambodia/925256/2020,80
A/Parma/01/2021,A/Cambodia/925256/2020,160
A/Iran/Ab29A/10,A/Cambodia/925256/2020,40
A/Israel/B-145/2021,A/Cambodia/925256/2020,80
A/Iran/Azar8/29,A/Cambodia/925256/2020,80
A/Hungary/9/2021,A/Cambodia/925256/2020,40
A/Hungary/8/2021,A/Cambodia/925256/2020,40
A/Romania/493221/2021,A/Cambodia/925256/2020,40
A/Romania/493220/2021,A/Cambodia/925256/2020,40
A/Romania/493219/2021,A/Cambodia/925256/2020,80
A/Romania/495026/2021,A/Cambodia/925256/2020,40
A/Romania/495025/2021,A/Cambodia/925256/2020,<40
A/Hungary/1/2022,A/Cambodia/925256/2020,40
A/Romania/495703/2022,A/Cambodia/925256/2020,40
A/Romania/495700/2022,A/Cambodia/925256/2020,40
A/Hungary/2/2022,A/Cambodia/925256/2020,40
A/Romania/496796/2022,A/Cambodia/925256/2020,40
A/Denmark/3264/2019,A/Bangladesh/4005/2020,320
A/Hong Kong/2671/2019,A/Bangladesh/4005/2020,160
A/Cambodia/e0826360/2020,A/Bangladesh/4005/2020,320
A/Cambodia/925256/2020,A/Bangladesh/4005/2020,320
A/Bangladesh/4005/2020,A/Bangladesh/4005/2020,640
A/Darwin/9/2021,A/Bangladesh/4005/2020,640
A/Stockholm/5/2021,A/Bangladesh/4005/2020,320
A/Kansas/14/2017,A/Bangladesh/4005/2020,80
A/Parma/02/2021,A/Bangladesh/4005/2020,160
A/Parma/03/2021,A/Bangladesh/4005/2020,320
A/Parma/04/2021,A/Bangladesh/4005/2020,320
A/Israel/R-6982/2021,A/Bangladesh/4005/2020,640
A/Israel/R-6983/2021,A/Bangladesh/4005/2020,640
A/Milano/01/2021,A/Bangladesh/4005/2020,320
A/Iran/Mehr28/2021,A/Bangladesh/4005/2020,320
A/Roma/01/2021,A/Bangladesh/4005/2020,160
A/Roma/02/2021,A/Bangladesh/4005/2020,160
A/Iran/Aban12/2021,A/Bangladesh/4005/2020,320
A/Iran/Aban11/2021,A/Bangladesh/4005/2020,320
A/Roma/03/2021,A/Bangladesh/4005/2020,160
A/Iran/Aban17A/2021,A/Bangladesh/4005/2020,640
A/Israel/R-6986/2021,A/Bangladesh/4005/2020,320
A/Israel/S-1/2021,A/Bangladesh/4005/2020,320
A/Israel/S-2/2021,A/Bangladesh/4005/2020,320
A/Israel/S-3/2021,A/Bangladesh/4005/2020,640
A/Israel/S-7/2021,A/Bangladesh/4005/2020,320
A/Iran/Aban30/28,A/Bangladesh/4005/2020,320
A/Parma/01/2021,A/Bangladesh/4005/2020,640
A/Iran/Ab29A/10,A/Bangladesh/4005/2020,160
A/Israel/B-145/2021,A/Bangladesh/4005/2020,320
A/Iran/Azar8/29,A/Bangladesh/4005/2020,320
A/Hungary/9/2021,A/Bangladesh/4005/2020,160
A/Hungary/8/2021,A/Bangladesh/4005/2020,160
A/Romania/493221/2021,A/Bangladesh/4005/2020,160
A/Romania/493220/2021,A/Bangladesh/4005/2020,160
A/Romania/493219/2021,A/Bangladesh/4005/2020,160
A/Romania/495026/2021,A/Bangladesh/4005/2020,160
A/Romania/495025/2021,A/Bangladesh/4005/2020,160
A/Hungary/1/2022,A/Bangladesh/4005/2020,160
A/Romania/495703/2022,A/Bangladesh/4005/2020,160
A/Romania/495700/2022,A/Bangladesh/4005/2020,160
A/Hungary/2/2022,A/Bangladesh/4005/2020,160
A/Romania/496796/2022,A/Bangladesh/4005/2020,160
A/Denmark/3264/2019,A/Darwin/9/2021,320
A/Hong Kong/2671/2019,A/Darwin/9/2021,160
A/Cambodia/e0826360/2020,A/Darwin/9/2021,320
A/Cambodia/925256/2020,A/Darwin/9/2021,320
A/Bangladesh/4005/2020,A/Darwin/9/2021,640
A/Darwin/9/2021,A/Darwin/9/2021,2560
A/Stockholm/5/2021,A/Darwin/9/2021,640
A/Kansas/14/2017,A/Darwin/9/2021,80
A/Parma/02/2021,A/Darwin/9/2021,320
A/Parma/03/2021,A/Darwin/9/2021,320
A/Parma/04/2021,A/Darwin/9/2021,320
A/Israel/R-6982/2021,A/Darwin/9/2021,640
A/Israel/R-6983/2021,A/Darwin/9/2021,640
A/Milano/01/2021,A/Darwin/9/2021,640
A/Iran/Mehr28/2021,A/Darwin/9/2021,640
A/Roma/01/2021,A/Darwin/9/2021,320
A/Roma/02/2021,A/Darwin/9/2021,320
A/Iran/Aban12/2021,A/Darwin/9/2021,320
A/Iran/Aban11/2021,A/Darwin/9/2021,640
A/Roma/03/2021,A/Darwin/9/2021,320
A/Iran/Aban17A/2021,A/Darwin/9/2021,640
A/Israel/R-6986/2021,A/Darwin/9/2021,640
A/Israel/S-1/2021,A/Darwin/9/2021,640
A/Israel/S-2/2021,A/Darwin/9/2021,640
A/Israel/S-3/2021,A/Darwin/9/2021,640
A/Israel/S-7/2021,A/Darwin/9/2021,640
A/Iran/Aban30/28,A/Darwin/9/2021,640
A/Parma/01/2021,A/Darwin/9/2021,640
A/Iran/Ab29A/10,A/Darwin/9/2021,640
A/Israel/B-145/2021,A/Darwin/9/2021,640
A/Iran/Azar8/29,A/Darwin/9/2021,640
A/Hungary/9/2021,A/Darwin/9/2021,320
A/Hungary/8/2021,A/Darwin/9/2021,320
A/Romania/493221/2021,A/Darwin/9/2021,320
A/Romania/493220/2021,A/Darwin/9/2021,320
A/Romania/493219/2021,A/Darwin/9/2021,640
A/Romania/495026/2021,A/Darwin/9/2021,640
A/Romania/495025/2021,A/Darwin/9/2021,640
A/Hungary/1/2022,A/Darwin/9/2021,640
A/Romania/495703/2022,A/Darwin/9/2021,320
A/Romania/495700/2022,A/Darwin/9/2021,320
A/Hungary/2/2022,A/Darwin/9/2021,640
A/Romania/496796/2022,A/Darwin/9/2021,320
A/Denmark/3264/2019,A/Stockholm/5/2021,320
A/Hong Kong/2671/2019,A/Stockholm/5/2021,160
A/Cambodia/e0826360/2020,A/Stockholm/5/2021,320
A/Cambodia/925256/2020,A/Stockholm/5/2021,320
A/Bangladesh/4005/2020,A/Stockholm/5/2021,640
A/Darwin/9/2021,A/Stockholm/5/2021,1280
A/Stockholm/5/2021,A/Stockholm/5/2021,1280
A/Kansas/14/2017,A/Stockholm/5/2021,160
A/Parma/02/2021,A/Stockholm/5/2021,160
A/Parma/03/2021,A/Stockholm/5/2021,320
A/Parma/04/2021,A/Stockholm/5/2021,320
A/Israel/R-6982/2021,A/Stockholm/5/2021,640
A/Israel/R-6983/2021,A/Stockholm/5/2021,640
A/Milano/01/2021,A/Stockholm/5/2021,640
A/Iran/Mehr28/2021,A/Stockholm/5/2021,640
A/Roma/01/2021,A/Stockholm/5/2021,160
A/Roma/02/2021,A/Stockholm/5/2021,160
A/Iran/Aban12/2021,A/Stockholm/5/2021,320
A/Iran/Aban11/2021,A/Stockholm/5/2021,640
A/Roma/03/2021,A/Stockholm/5/2021,320
A/Iran/Aban17A/2021,A/Stockholm/5/2021,640
A/Israel/R-6986/2021,A/Stockholm/5/2021,320
A/Israel/S-1/2021,A/Stockholm/5/2021,320
A/Israel/S-2/2021,A/Stockholm/5/2021,640
A/Israel/S-3/2021,A/Stockholm/5/2021,640
A/Israel/S-7/2021,A/Stockholm/5/2021,320
A/Iran/Aban30/28,A/Stockholm/5/2021,320
A/Parma/01/2021,A/Stockholm/5/2021,640
A/Iran/Ab29A/10,A/Stockholm/5/2021,320
A/Israel/B-145/2021,A/Stockholm/5/2021,640
A/Iran/Azar8/29,A/Stockholm/5/2021,640
A/Hungary/9/2021,A/Stockholm/5/2021,160
A/Hungary/8/2021,A/Stockholm/5/2021,160
A/Romania/493221/2021,A/Stockholm/5/2021,320
A/Romania/493220/2021,A/Stockholm/5/2021,320
A/Romania/493219/2021,A/Stockholm/5/2021,320
A/Romania/495026/2021,A/Stockholm/5/2021,320
A/Romania/495025/2021,A/Stockholm/5/2021,320
A/Hungary/1/2022,A/Stockholm/5/2021,320
A/Romania/495703/2022,A/Stockholm/5/2021,160
A/Romania/495700/2022,A/Stockholm/5/2021,160
A/Hungary/2/2022,A/Stockholm/5/2021,320
A/Romania/496796/2022,A/Stockholm/5/2021,160
A/Denmark/3264/2019,A/Kansas/14/2017,160
A/Hong Kong/2671/2019,A/Kansas/14/2017,160
A/Cambodia/e0826360/2020,A/Kansas/14/2017,160
A/Cambodia/925256/2020,A/Kansas/14/2017,160
A/Bangladesh/4005/2020,A/Kansas/14/2017,160
A/Darwin/9/2021,A/Kansas/14/2017,80
A/Stockholm/5/2021,A/Kansas/14/2017,40
A/Kansas/14/2017,A/Kansas/14/2017,640
A/Parma/02/2021,A/Kansas/14/2017,80
A/Parma/03/2021,A/Kansas/14/2017,160
A/Parma/04/2021,A/Kansas/14/2017,80
A/Israel/R-6982/2021,A/Kansas/14/2017,160
A/Israel/R-6983/2021,A/Kansas/14/2017,160
A/Milano/01/2021,A/Kansas/14/2017,160
A/Iran/Mehr28/2021,A/Kansas/14/2017,40
A/Roma/01/2021,A/Kansas/14/2017,40
A/Roma/02/2021,A/Kansas/14/2017,40
A/Iran/Aban12/2021,A/Kansas/14/2017,80
A/Iran/Aban11/2021,A/Kansas/14/2017,40
A/Roma/03/2021,A/Kansas/14/2017,<40
A/Iran/Aban17A/2021,A/Kansas/14/2017,160
A/Israel/R-6986/2021,A/Kansas/14/2017,40
A/Israel/S-1/2021,A/Kansas/14/2017,40
A/Israel/S-2/2021,A/Kansas/14/2017,40
A/Israel/S-3/2021,A/Kansas/14/2017,160
A/Israel/S-7/2021,A/Kansas/14/2017,40
A/Iran/Aban30/28,A/Kansas/14/2017,40
A/Parma/01/2021,A/Kansas/14/2017,160
A/Iran/Ab29A/10,A/Kansas/14/2017,<40
A/Israel/B-145/2021,A/Kansas/14/2017,80
A/Iran/Azar8/29,A/Kansas/14/2017,40
A/Hungary/9/2021,A/Kansas/14/2017,40
A/Hungary/8/2021,A/Kansas/14/2017,40
A/Romania/493221/2021,A/Kansas/14/2017,40
A/Romania/493220/2021,A/Kansas/14/2017,40
A/Romania/493219/2021,A/Kansas/14/2017,40
A/Romania/495026/2021,A/Kansas/14/2017,<40
A/Romania/495025/2021,A/Kansas/14/2017,<40
A/Hungary/1/2022,A/Kansas/14/2017,<40
A/Romania/495703/2022,A/Kansas/14/2017,<40
A/Romania/495700/2022,A/Kansas/14/2017,<40
A/Hungary/2/2022,A/Kansas/14/2017,40
A/Romania/496796/2022,A/Kansas/14/2017,40
A/Denmark/3264/2019,A/Denmark/3264/2019,320
A/Hong Kong/2671/2019,A/Denmark/3264/2019,320
A/Cambodia/e0826360/2020,A/Denmark/3264/2019,80
A/Cambodia/925256/2020,A/Denmark/3264/2019,160
A/Bangladesh/4005/2020,A/Denmark/3264/2019,160
A/Darwin/9/2021,A/Denmark/3264/2019,160
A/Stockholm/5/2021,A/Denmark/3264/2019,80
A/Kansas/14/2017,A/Denmark/3264/2019,80
A/Wisconsin/02/2021,A/Denmark/3264/2019,160
A/Delaware/01/2021,A/Denmark/3264/2019,80
A/Nepal/21FL2608/2021,A/Denmark/3264/2019,40
A/Nepal/21FL2699/2021,A/Denmark/3264/2019,80
A/Alaska/01/2021,A/Denmark/3264/2019,40
A/Belgium/H0007/2021,A/Denmark/3264/2019,80
A/Belgium/H0006/2021,A/Denmark/3264/2019,40
A/Yaroslavl/6/2021,A/Denmark/3264/2019,320
A/Vladivostok/1/2021,A/Denmark/3264/2019,160
A/Vladimir/9/2021,A/Denmark/3264/2019,160
A/Vladivostok/2/2021,A/Denmark/3264/2019,320
A/Yaroslavl/24/2021,A/Denmark/3264/2019,80
A/Yaroslavl/19/2021,A/Denmark/3264/2019,160
A/Uglich/22/2021,A/Denmark/3264/2019,160
A/Belgium/H0010/2021,A/Denmark/3264/2019,80
A/Vladivostok/11/2021,A/Denmark/3264/2019,160
A/Yaroslavl/32/2021,A/Denmark/3264/2019,160
A/Belgium/G0127/2021,A/Denmark/3264/2019,40
A/Vladivostok/12/2021,A/Denmark/3264/2019,160
A/Velikiy Novgorod/46/2021,A/Denmark/3264/2019,160
A/Orenburg/44/2021,A/Denmark/3264/2019,160
A/Vladivostok/14/2021,A/Denmark/3264/2019,160
A/Vladimir/40/2021,A/Denmark/3264/2019,160
A/Orenburg/41/2021,A/Denmark/3264/2019,160
A/Moscow/38/2021,A/Denmark/3264/2019,160
A/Orenburg/45/2021,A/Denmark/3264/2019,160
A/Moscow/43/2021,A/Denmark/3264/2019,160
A/Velikiy Novgorod/49/2021,A/Denmark/3264/2019,160
A/Mahajanga/13255/2021,A/Denmark/3264/2019,320
A/Spain/89/2021,A/Denmark/3264/2019,80
A/Spain/87/2021,A/Denmark/3264/2019,40
A/Spain/84/2021,A/Denmark/3264/2019,40
A/Spain/83/2021,A/Denmark/3264/2019,40
A/Spain/82/2021,A/Denmark/3264/2019,<40
A/Spain/81/2021,A/Denmark/3264/2019,<40
A/Lebanon/8515/2021,A/Denmark/3264/2019,80
A/Lebanon/8510/2021,A/Denmark/3264/2019,80
A/Lebanon/8505/2021,A/Denmark/3264/2019,80
A/Lebanon/8500/2021,A/Denmark/3264/2019,80
A/Lebanon/8497/2021,A/Denmark/3264/2019,80
A/Estonia/168139/2022,A/Denmark/3264/2019,160
A/Armenia/19/2022,A/Denmark/3264/2019,320
A/Estonia/168142/2022,A/Denmark/3264/2019,80
A/Estonia/168141/2022,A/Denmark/3264/2019,80
A/Estonia/168131/2022,A/Denmark/3264/2019,80
A/Denmark/3264/2019,A/Hong Kong/2671/2019,640
A/Hong Kong/2671/2019,A/Hong Kong/2671/2019,640
A/Cambodia/e0826360/2020,A/Hong Kong/2671/2019,<40
A/Cambodia/925256/2020,A/Hong Kong/2671/2019,160
A/Bangladesh/4005/2020,A/Hong Kong/2671/2019,80
A/Darwin/9/2021,A/Hong Kong/2671/2019,40
A/Stockholm/5/2021,A/Hong Kong/2671/2019,40
A/Kansas/14/2017,A/Hong Kong/2671/2019,40
A/Wisconsin/02/2021,A/Hong Kong/2671/2019,80
A/Delaware/01/2021,A/Hong Kong/2671/2019,40
A/Nepal/21FL2608/2021,A/Hong Kong/2671/2019,<40
A/Nepal/21FL2699/2021,A/Hong Kong/2671/2019,<40
A/Alaska/01/2021,A/Hong Kong/2671/2019,40
A/Belgium/H0007/2021,A/Hong Kong/2671/2019,40
A/Belgium/H0006/2021,A/Hong Kong/2671/2019,40
A/Yaroslavl/6/2021,A/Hong Kong/2671/2019,40
A/Vladivostok/1/2021,A/Hong Kong/2671/2019,80
A/Vladimir/9/2021,A/Hong Kong/2671/2019,40
A/Vladivostok/2/2021,A/Hong Kong/2671/2019,40
A/Yaroslavl/24/2021,A/Hong Kong/2671/2019,<40
A/Yaroslavl/19/2021,A/Hong Kong/2671/2019,40
A/Uglich/22/2021,A/Hong Kong/2671/2019,80
A/Belgium/H0010/2021,A/Hong Kong/2671/2019,40
A/Vladivostok/11/2021,A/Hong Kong/2671/2019,40
A/Yaroslavl/32/2021,A/Hong Kong/2671/2019,80
A/Belgium/G0127/2021,A/Hong Kong/2671/2019,<40
A/Vladivostok/12/2021,A/Hong Kong/2671/2019,40
A/Velikiy Novgorod/46/2021,A/Hong Kong/2671/2019,80
A/Orenburg/44/2021,A/Hong Kong/2671/2019,80
A/Vladivostok/14/2021,A/Hong Kong/2671/2019,40
A/Vladimir/40/2021,A/Hong Kong/2671/2019,80
A/Orenburg/41/2021,A/Hong Kong/2671/2019,40
A/Moscow/38/2021,A/Hong Kong/2671/2019,80
A/Orenburg/45/2021,A/Hong Kong/2671/2019,80
A/Moscow/43/2021,A/Hong Kong/2671/2019,80
A/Velikiy Novgorod/49/2021,A/Hong Kong/2671/2019,80
A/Mahajanga/13255/2021,A/Hong Kong/2671/2019,80
A/Spain/89/2021,A/Hong Kong/2671/2019,40
A/Spain/87/2021,A/Hong Kong/2671/2019,40
A/Spain/84/2021,A/Hong Kong/2671/2019,<40
A/Spain/83/2021,A/Hong Kong/2671/2019,<40
A/Spain/82/2021,A/Hong Kong/2671/2019,<40
A/Spain/81/2021,A/Hong Kong/2671/2019,40
A/Lebanon/8515/2021,A/Hong Kong/2671/2019,40
A/Lebanon/8510/2021,A/Hong Kong/2671/2019,40
A/Lebanon/8505/2021,A/Hong Kong/2671/2019,40
A/Lebanon/8500/2021,A/Hong Kong/2671/2019,40
A/Lebanon/8497/2021,A/Hong Kong/2671/2019,40
A/Estonia/168139/2022,A/Hong Kong/2671/2019,40
A/Armenia/19/2022,A/Hong Kong/2671/2019,640
A/Estonia/168142/2022,A/Hong Kong/2671/2019,40
A/Estonia/168141/2022,A/Hong Kong/2671/2019,40
A/Estonia/168131/2022,A/Hong Kong/2671/2019,40
A/Denmark/3264/2019,A/Cambodia/e0826360/2020,320
A/Hong Kong/2671/2019,A/Cambodia/e0826360/2020,320
A/Cambodia/e0826360/2020,A/Cambodia/e0826360/2020,2560
A/Cambodia/925256/2020,A/Cambodia/e0826360/2020,160
A/Bangladesh/4005/2020,A/Cambodia/e0826360/2020,320
A/Darwin/9/2021,A/Cambodia/e0826360/2020,640
A/Stockholm/5/2021,A/Cambodia/e0826360/2020,160
A/Kansas/14/2017,A/Cambodia/e0826360/2020,80
A/Wisconsin/02/2021,A/Cambodia/e0826360/2020,320
A/Delaware/01/2021,A/Cambodia/e0826360/2020,160
A/Nepal/21FL2608/2021,A/Cambodia/e0826360/2020,80
A/Nepal/21FL2699/2021,A/Cambodia/e0826360/2020,80
A/Alaska/01/2021,A/Cambodia/e0826360/2020,80
A/Belgium/H0007/2021,A/Cambodia/e0826360/2020,80
A/Belgium/H0006/2021,A/Cambodia/e0826360/2020,40
A/Yaroslavl/6/2021,A/Cambodia/e0826360/2020,320
A/Vladivostok/1/2021,A/Cambodia/e0826360/2020,320
A/Vladimir/9/2021,A/Cambodia/e0826360/2020,320
A/Vladivostok/2/2021,A/Cambodia/e0826360/2020,320
A/Yaroslavl/24/2021,A/Cambodia/e0826360/2020,160
A/Yaroslavl/19/2021,A/Cambodia/e0826360/2020,320
A/Uglich/22/2021,A/Cambodia/e0826360/2020,320
A/Belgium/H0010/2021,A/Cambodia/e0826360/2020,160
A/Vladivostok/11/2021,A/Cambodia/e0826360/2020,320
A/Yaroslavl/32/2021,A/Cambodia/e0826360/2020,320
A/Belgium/G0127/2021,A/Cambodia/e0826360/2020,80
A/Vladivostok/12/2021,A/Cambodia/e0826360/2020,320
A/Velikiy Novgorod/46/2021,A/Cambodia/e0826360/2020,320
A/Orenburg/44/2021,A/Cambodia/e0826360/2020,320
A/Vladivostok/14/2021,A/Cambodia/e0826360/2020,320
A/Vladimir/40/2021,A/Cambodia/e0826360/2020,320
A/Orenburg/41/2021,A/Cambodia/e0826360/2020,320
A/Moscow/38/2021,A/Cambodia/e0826360/2020,320
A/Orenburg/45/2021,A/Cambodia/e0826360/2020,320
A/Moscow/43/2021,A/Cambodia/e0826360/2020,320
A/Velikiy Novgorod/49/2021,A/Cambodia/e0826360/2020,320
A/Mahajanga/13255/2021,A/Cambodia/e0826360/2020,640
A/Spain/89/2021,A/Cambodia/e0826360/2020,80
A/Spain/87/2021,A/Cambodia/e0826360/2020,80
A/Spain/84/2021,A/Cambodia/e0826360/2020,80
A/Spain/83/2021,A/Cambodia/e0826360/2020,80
A/Spain/82/2021,A/Cambodia/e0826360/2020,80
A/Spain/81/2021,A/Cambodia/e0826360/2020,80
A/Lebanon/8515/2021,A/Cambodia/e0826360/2020,80
A/Lebanon/8510/2021,A/Cambodia/e0826360/2020,80
A/Lebanon/8505/2021,A/Cambodia/e0826360/2020,80
A/Lebanon/8500/2021,A/Cambodia/e0826360/2020,80
A/Lebanon/8497/2021,A/Cambodia/e0826360/2020,80
A/Estonia/168139/2022,A/Cambodia/e0826360/2020,160
A/Armenia/19/2022,A/Cambodia/e0826360/2020,80
A/Estonia/168142/2022,A/Cambodia/e0826360/2020,80
A/Estonia/168141/2022,A/Cambodia/e0826360/2020,80
A/Estonia/168131/2022,A/Cambodia/e0826360/2020,160
A/Denmark/3264/2019,A/Cambodia/925256/2020,1280
A/Hong Kong/2671/2019,A/Cambodia/925256/2020,1280
A/Cambodia/e0826360/2020,A/Cambodia/925256/2020,160
A/Cambodia/925256/2020,A/Cambodia/925256/2020,1280
A/Bangladesh/4005/2020,A/Cambodia/925256/2020,320
A/Darwin/9/2021,A/Cambodia/925256/2020,160
A/Stockholm/5/2021,A/Cambodia/925256/2020,160
A/Kansas/14/2017,A/Cambodia/925256/2020,80
A/Wisconsin/02/2021,A/Cambodia/925256/2020,160
A/Delaware/01/2021,A/Cambodia/925256/2020,80
A/Nepal/21FL2608/2021,A/Cambodia/925256/2020,40
A/Nepal/21FL2699/2021,A/Cambodia/925256/2020,80
A/Alaska/01/2021,A/Cambodia/925256/2020,40
A/Belgium/H0007/2021,A/Cambodia/925256/2020,40
A/Belgium/H0006/2021,A/Cambodia/925256/2020,40
A/Yaroslavl/6/2021,A/Cambodia/925256/2020,160
A/Vladivostok/1/2021,A/Cambodia/925256/2020,320
A/Vladimir/9/2021,A/Cambodia/925256/2020,160
A/Vladivostok/2/2021,A/Cambodia/925256/2020,320
A/Yaroslavl/24/2021,A/Cambodia/925256/2020,40
A/Yaroslavl/19/2021,A/Cambodia/925256/2020,160
A/Uglich/22/2021,A/Cambodia/925256/2020,160
A/Belgium/H0010/2021,A/Cambodia/925256/2020,80
A/Vladivostok/11/2021,A/Cambodia/925256/2020,80
A/Yaroslavl/32/2021,A/Cambodia/925256/2020,640
A/Belgium/G0127/2021,A/Cambodia/925256/2020,80
A/Vladivostok/12/2021,A/Cambodia/925256/2020,80
A/Velikiy Novgorod/46/2021,A/Cambodia/925256/2020,160
A/Orenburg/44/2021,A/Cambodia/925256/2020,160
A/Vladivostok/14/2021,A/Cambodia/925256/2020,80
A/Vladimir/40/2021,A/Cambodia/925256/2020,160
A/Orenburg/41/2021,A/Cambodia/925256/2020,80
A/Moscow/38/2021,A/Cambodia/925256/2020,160
A/Orenburg/45/2021,A/Cambodia/925256/2020,160
A/Moscow/43/2021,A/Cambodia/925256/2020,160
A/Velikiy Novgorod/49/2021,A/Cambodia/925256/2020,160
A/Mahajanga/13255/2021,A/Cambodia/925256/2020,160
A/Spain/89/2021,A/Cambodia/925256/2020,80
A/Spain/87/2021,A/Cambodia/925256/2020,80
A/Spain/84/2021,A/Cambodia/925256/2020,80
A/Spain/83/2021,A/Cambodia/925256/2020,40
A/Spain/82/2021,A/Cambodia/925256/2020,80
A/Spain/81/2021,A/Cambodia/925256/2020,80
A/Lebanon/8515/2021,A/Cambodia/925256/2020,40
A/Lebanon/8510/2021,A/Cambodia/925256/2020,40
A/Lebanon/8505/2021,A/Cambodia/925256/2020,40
A/Lebanon/8500/2021,A/Cambodia/925256/2020,80
A/Lebanon/8497/2021,A/Cambodia/925256/2020,40
A/Estonia/168139/2022,A/Cambodia/925256/2020,80
A/Armenia/19/2022,A/Cambodia/925256/2020,640
A/Estonia/168142/2022,A/Cambodia/925256/2020,40
A/Estonia/168141/2022,A/Cambodia/925256/2020,40
A/Estonia/168131/2022,A/Cambodia/925256/2020,80
A/Denmark/3264/2019,A/Bangladesh/4005/2020,320
A/Hong Kong/2671/2019,A/Bangladesh/4005/2020,160
A/Cambodia/e0826360/2020,A/Bangladesh/4005/2020,160
A/Cambodia/925256/2020,A/Bangladesh/4005/2020,160
A/Bangladesh/4005/2020,A/Bangladesh/4005/2020,640
A/Darwin/9/2021,A/Bangladesh/4005/2020,320
A/Stockholm/5/2021,A/Bangladesh/4005/2020,320
A/Kansas/14/2017,A/Bangladesh/4005/2020,40
A/Wisconsin/02/2021,A/Bangladesh/4005/2020,640
A/Delaware/01/2021,A/Bangladesh/4005/2020,320
A/Nepal/21FL2608/2021,A/Bangladesh/4005/2020,160
A/Nepal/21FL2699/2021,A/Bangladesh/4005/2020,160
A/Alaska/01/2021,A/Bangladesh/4005/2020,160
A/Belgium/H0007/2021,A/Bangladesh/4005/2020,160
A/Belgium/H0006/2021,A/Bangladesh/4005/2020,80
A/Yaroslavl/6/2021,A/Bangladesh/4005/2020,320
A/Vladivostok/1/2021,A/Bangladesh/4005/2020,320
A/Vladimir/9/2021,A/Bangladesh/4005/2020,320
A/Vladivostok/2/2021,A/Bangladesh/4005/2020,320
A/Yaroslavl/24/2021,A/Bangladesh/4005/2020,160
A/Yaroslavl/19/2021,A/Bangladesh/4005/2020,320
A/Uglich/22/2021,A/Bangladesh/4005/2020,320
A/Belgium/H0010/2021,A/Bangladesh/4005/2020,160
A/Vladivostok/11/2021,A/Bangladesh/4005/2020,320
A/Yaroslavl/32/2021,A/Bangladesh/4005/2020,320
A/Belgium/G0127/2021,A/Bangladesh/4005/2020,160
A/Vladivostok/12/2021,A/Bangladesh/4005/2020,320
A/Velikiy Novgorod/46/2021,A/Bangladesh/4005/2020,320
A/Orenburg/44/2021,A/Bangladesh/4005/2020,320
A/Vladivostok/14/2021,A/Bangladesh/4005/2020,320
A/Vladimir/40/2021,A/Bangladesh/4005/2020,320
A/Orenburg/41/2021,A/Bangladesh/4005/2020,320
A/Moscow/38/2021,A/Bangladesh/4005/2020,320
A/Orenburg/45/2021,A/Bangladesh/4005/2020,320
A/Moscow/43/2021,A/Bangladesh/4005/2020,320
A/Velikiy Novgorod/49/2021,A/Bangladesh/4005/2020,320
A/Mahajanga/13255/2021,A/Bangladesh/4005/2020,320
A/Spain/89/2021,A/Bangladesh/4005/2020,160
A/Spain/87/2021,A/Bangladesh/4005/2020,160
A/Spain/84/2021,A/Bangladesh/4005/2020,160
A/Spain/83/2021,A/Bangladesh/4005/2020,160
A/Spain/82/2021,A/Bangladesh/4005/2020,160
A/Spain/81/2021,A/Bangladesh/4005/2020,80
A/Lebanon/8515/2021,A/Bangladesh/4005/2020,160
A/Lebanon/8510/2021,A/Bangladesh/4005/2020,160
A/Lebanon/8505/2021,A/Bangladesh/4005/2020,160
A/Lebanon/8500/2021,A/Bangladesh/4005/2020,160
A/Lebanon/8497/2021,A/Bangladesh/4005/2020,160
A/Estonia/168139/2022,A/Bangladesh/4005/2020,320
A/Armenia/19/2022,A/Bangladesh/4005/2020,80
A/Estonia/168142/2022,A/Bangladesh/4005/2020,160
A/Estonia/168141/2022,A/Bangladesh/4005/2020,160
A/Estonia/168131/2022,A/Bangladesh/4005/2020,160
A/Denmark/3264/2019,A/Darwin/9/2021,640
A/Hong Kong/2671/2019,A/Darwin/9/2021,640
A/Cambodia/e0826360/2020,A/Darwin/9/2021,320
A/Cambodia/925256/2020,A/Darwin/9/2021,320
A/Bangladesh/4005/2020,A/Darwin/9/2021,1280
A/Darwin/9/2021,A/Darwin/9/2021,2560
A/Stockholm/5/2021,A/Darwin/9/2021,2560
A/Kansas/14/2017,A/Darwin/9/2021,160
A/Wisconsin/02/2021,A/Darwin/9/2021,2560
A/Delaware/01/2021,A/Darwin/9/2021,1280
A/Nepal/21FL2608/2021,A/Darwin/9/2021,640
A/Nepal/21FL2699/2021,A/Darwin/9/2021,1280
A/Alaska/01/2021,A/Darwin/9/2021,640
A/Belgium/H0007/2021,A/Darwin/9/2021,1280
A/Belgium/H0006/2021,A/Darwin/9/2021,640
A/Yaroslavl/6/2021,A/Darwin/9/2021,2560
A/Vladivostok/1/2021,A/Darwin/9/2021,1280
A/Vladimir/9/2021,A/Darwin/9/2021,1280
A/Vladivostok/2/2021,A/Darwin/9/2021,2560
A/Yaroslavl/24/2021,A/Darwin/9/2021,640
A/Yaroslavl/19/2021,A/Darwin/9/2021,1280
A/Uglich/22/2021,A/Darwin/9/2021,2560
A/Belgium/H0010/2021,A/Darwin/9/2021,1280
A/Vladivostok/11/2021,A/Darwin/9/2021,640
A/Yaroslavl/32/2021,A/Darwin/9/2021,1280
A/Belgium/G0127/2021,A/Darwin/9/2021,640
A/Vladivostok/12/2021,A/Darwin/9/2021,640
A/Velikiy Novgorod/46/2021,A/Darwin/9/2021,1280
A/Orenburg/44/2021,A/Darwin/9/2021,2560
A/Vladivostok/14/2021,A/Darwin/9/2021,640
A/Vladimir/40/2021,A/Darwin/9/2021,1280
A/Orenburg/41/2021,A/Darwin/9/2021,640
A/Moscow/38/2021,A/Darwin/9/2021,1280
A/Orenburg/45/2021,A/Darwin/9/2021,1280
A/Moscow/43/2021,A/Darwin/9/2021,1280
A/Velikiy Novgorod/49/2021,A/Darwin/9/2021,1280
A/Mahajanga/13255/2021,A/Darwin/9/2021,2560
A/Spain/89/2021,A/Darwin/9/2021,1280
A/Spain/87/2021,A/Darwin/9/2021,640
A/Spain/84/2021,A/Darwin/9/2021,640
A/Spain/83/2021,A/Darwin/9/2021,640
A/Spain/82/2021,A/Darwin/9/2021,1280
A/Spain/81/2021,A/Darwin/9/2021,640
A/Lebanon/8515/2021,A/Darwin/9/2021,1280
A/Lebanon/8510/2021,A/Darwin/9/2021,1280
A/Lebanon/8505/2021,A/Darwin/9/2021,1280
A/Lebanon/8500/2021,A/Darwin/9/2021,1280
A/Lebanon/8497/2021,A/Darwin/9/2021,1280
A/Estonia/168139/2022,A/Darwin/9/2021,1280
A/Armenia/19/2022,A/Darwin/9/2021,160
A/Estonia/168142/2022,A/Darwin/9/2021,1280
A/Estonia/168141/2022,A/Darwin/9/2021,640
A/Estonia/168131/2022,A/Darwin/9/2021,640
A/Denmark/3264/2019,A/Stockholm/5/2021,320
A/Hong Kong/2671/2019,A/Stockholm/5/2021,160
A/Cambodia/e0826360/2020,A/Stockholm/5/2021,160
A/Cambodia/925256/2020,A/Stockholm/5/2021,160
A/Bangladesh/4005/2020,A/Stockholm/5/2021,640
A/Darwin/9/2021,A/Stockholm/5/2021,640
A/Stockholm/5/2021,A/Stockholm/5/2021,1280
A/Kansas/14/2017,A/Stockholm/5/2021,80
A/Wisconsin/02/2021,A/Stockholm/5/2021,1280
A/Delaware/01/2021,A/Stockholm/5/2021,640
A/Nepal/21FL2608/2021,A/Stockholm/5/2021,320
A/Nepal/21FL2699/2021,A/Stockholm/5/2021,320
A/Alaska/01/2021,A/Stockholm/5/2021,160
A/Belgium/H0007/2021,A/Stockholm/5/2021,640
A/Belgium/H0006/2021,A/Stockholm/5/2021,160
A/Yaroslavl/6/2021,A/Stockholm/5/2021,640
A/Vladivostok/1/2021,A/Stockholm/5/2021,640
A/Vladimir/9/2021,A/Stockholm/5/2021,640
A/Vladivostok/2/2021,A/Stockholm/5/2021,640
A/Yaroslavl/24/2021,A/Stockholm/5/2021,160
A/Yaroslavl/19/2021,A/Stockholm/5/2021,640
A/Uglich/22/2021,A/Stockholm/5/2021,640
A/Belgium/H0010/2021,A/Stockholm/5/2021,640
A/Vladivostok/11/2021,A/Stockholm/5/2021,320
A/Yaroslavl/32/2021,A/Stockholm/5/2021,640
A/Belgium/G0127/2021,A/Stockholm/5/2021,160
A/Vladivostok/12/2021,A/Stockholm/5/2021,320
A/Velikiy Novgorod/46/2021,A/Stockholm/5/2021,640
A/Orenburg/44/2021,A/Stockholm/5/2021,640
A/Vladivostok/14/2021,A/Stockholm/5/2021,320
A/Vladimir/40/2021,A/Stockholm/5/2021,640
A/Orenburg/41/2021,A/Stockholm/5/2021,320
A/Moscow/38/2021,A/Stockholm/5/2021,640
A/Orenburg/45/2021,A/Stockholm/5/2021,640
A/Moscow/43/2021,A/Stockholm/5/2021,640
A/Velikiy Novgorod/49/2021,A/Stockholm/5/2021,640
A/Mahajanga/13255/2021,A/Stockholm/5/2021,1280
A/Spain/89/2021,A/Stockholm/5/2021,320
A/Spain/87/2021,A/Stockholm/5/2021,320
A/Spain/84/2021,A/Stockholm/5/2021,320
A/Spain/83/2021,A/Stockholm/5/2021,320
A/Spain/82/2021,A/Stockholm/5/2021,320
A/Spain/81/2021,A/Stockholm/5/2021,160
A/Lebanon/8515/2021,A/Stockholm/5/2021,320
A/Lebanon/8510/2021,A/Stockholm/5/2021,640
A/Lebanon/8505/2021,A/Stockholm/5/2021,640
A/Lebanon/8500/2021,A/Stockholm/5/2021,640
A/Lebanon/8497/2021,A/Stockholm/5/2021,320
A/Estonia/168139/2022,A/Stockholm/5/2021,640
A/Armenia/19/2022,A/Stockholm/5/2021,80
A/Estonia/168142/2022,A/Stockholm/5/2021,320
A/Estonia/168141/2022,A/Stockholm/5/2021,320
A/Estonia/168131/2022,A/Stockholm/5/2021,320
A/Denmark/3264/2019,A/Kansas/14/2017,160
A/Hong Kong/2671/2019,A/Kansas/14/2017,160
A/Cambodia/e0826360/2020,A/Kansas/14/2017,80
A/Cambodia/925256/2020,A/Kansas/14/2017,160
A/Bangladesh/4005/2020,A/Kansas/14/2017,320
A/Darwin/9/2021,A/Kansas/14/2017,80
A/Stockholm/5/2021,A/Kansas/14/2017,80
A/Kansas/14/2017,A/Kansas/14/2017,640
A/Wisconsin/02/2021,A/Kansas/14/2017,160
A/Delaware/01/2021,A/Kansas/14/2017,80
A/Nepal/21FL2608/2021,A/Kansas/14/2017,40
A/Nepal/21FL2699/2021,A/Kansas/14/2017,40
A/Alaska/01/2021,A/Kansas/14/2017,40
A/Belgium/H0007/2021,A/Kansas/14/2017,40
A/Belgium/H0006/2021,A/Kansas/14/2017,40
A/Yaroslavl/6/2021,A/Kansas/14/2017,80
A/Vladivostok/1/2021,A/Kansas/14/2017,160
A/Vladimir/9/2021,A/Kansas/14/2017,160
A/Vladivostok/2/2021,A/Kansas/14/2017,160
A/Yaroslavl/24/2021,A/Kansas/14/2017,80
A/Yaroslavl/19/2021,A/Kansas/14/2017,160
A/Uglich/22/2021,A/Kansas/14/2017,160
A/Belgium/H0010/2021,A/Kansas/14/2017,80
A/Vladivostok/11/2021,A/Kansas/14/2017,160
A/Yaroslavl/32/2021,A/Kansas/14/2017,320
A/Belgium/G0127/2021,A/Kansas/14/2017,40
A/Vladivostok/12/2021,A/Kansas/14/2017,80
A/Velikiy Novgorod/46/2021,A/Kansas/14/2017,80
A/Orenburg/44/2021,A/Kansas/14/2017,160
A/Vladivostok/14/2021,A/Kansas/14/2017,80
A/Vladimir/40/2021,A/Kansas/14/2017,160
A/Orenburg/41/2021,A/Kansas/14/2017,160
A/Moscow/38/2021,A/Kansas/14/2017,160
A/Orenburg/45/2021,A/Kansas/14/2017,160
A/Moscow/43/2021,A/Kansas/14/2017,160
A/Velikiy Novgorod/49/2021,A/Kansas/14/2017,80
A/Mahajanga/13255/2021,A/Kansas/14/2017,160
A/Spain/89/2021,A/Kansas/14/2017,40
A/Spain/87/2021,A/Kansas/14/2017,40
A/Spain/84/2021,A/Kansas/14/2017,40
A/Spain/83/2021,A/Kansas/14/2017,40
A/Spain/82/2021,A/Kansas/14/2017,40
A/Spain/81/2021,A/Kansas/14/2017,40
A/Lebanon/8515/2021,A/Kansas/14/2017,40
A/Lebanon/8510/2021,A/Kansas/14/2017,40
A/Lebanon/8505/2021,A/Kansas/14/2017,40
A/Lebanon/8500/2021,A/Kansas/14/2017,80
A/Lebanon/8497/2021,A/Kansas/14/2017,40
A/Estonia/168139/2022,A/Kansas/14/2017,80
A/Armenia/19/2022,A/Kansas/14/2017,160
A/Estonia/168142/2022,A/Kansas/14/2017,40
A/Estonia/168141/2022,A/Kansas/14/2017,40
A/Estonia/168131/2022,A/Kansas/14/2017,80
A/Denmark/3264/2019,A/Denmark/3264/2019,320
A/Hong Kong/2671/2019,A/Denmark/3264/2019,320
A/Cambodia/e0826360/2020,A/Denmark/3264/2019,160
A/Cambodia/925256/2020,A/Denmark/3264/2019,160
A/Bangladesh/4005/2020,A/Denmark/3264/2019,160
A/Darwin/9/2021,A/Denmark/3264/2019,160
A/Stockholm/5/2021,A/Denmark/3264/2019,80
A/Kansas/14/2017,A/Denmark/3264/2019,80
A/South Africa/R14962/2021,A/Denmark/3264/2019,320
A/Ireland/92285/2021,A/Denmark/3264/2019,160
A/Ireland/2707/2021,A/Denmark/3264/2019,40
A/Berlin/4/2021,A/Denmark/3264/2019,160
A/Ireland/6979/2021,A/Denmark/3264/2019,80
A/Nordrhein-Westfalen/1/2021,A/Denmark/3264/2019,1280
A/Rheinland-Pfalz/2/2021,A/Denmark/3264/2019,160
A/Nordrhein-Westfalen/2/2021,A/Denmark/3264/2019,80
A/Berlin/5/2021,A/Denmark/3264/2019,80
A/Baden-Wurttemberg/2/2021,A/Denmark/3264/2019,160
A/Nordrhein-Westfalen/3/2021,A/Denmark/3264/2019,80
A/Berlin/6/2021,A/Denmark/3264/2019,80
A/Berlin/7/2021,A/Denmark/3264/2019,160
A/Saarland/1/2022,A/Denmark/3264/2019,80
A/Thuringen/1/2022,A/Denmark/3264/2019,160
A/Kyiv/41/2022,A/Denmark/3264/2019,160
A/Norway/409/2022,A/Denmark/3264/2019,40
A/Hessen/1/2022,A/Denmark/3264/2019,80
A/Kyiv/7/2022,A/Denmark/3264/2019,160
A/Kyiv/5/2022,A/Denmark/3264/2019,160
A/Kyiv/4/2022,A/Denmark/3264/2019,80
A/Kyiv/3/2022,A/Denmark/3264/2019,160
A/Kyiv/1/2022,A/Denmark/3264/2019,160
A/Norway/530/2022,A/Denmark/3264/2019,80
A/Norway/676/2022,A/Denmark/3264/2019,320
A/Serbia/206/2022,A/Denmark/3264/2019,160
A/Serbia/416478/2022,A/Denmark/3264/2019,160
A/Serbia/416476/2022,A/Denmark/3264/2019,160
A/Serbia/416473/2022,A/Denmark/3264/2019,80
A/Serbia/336/2022,A/Denmark/3264/2019,160
A/Denmark/3264/2019,A/Hong Kong/2671/2019,640
A/Hong Kong/2671/2019,A/Hong Kong/2671/2019,320
A/Cambodia/e0826360/2020,A/Hong Kong/2671/2019,<40
A/Cambodia/925256/2020,A/Hong Kong/2671/2019,160
A/Bangladesh/4005/2020,A/Hong Kong/2671/2019,80
A/Darwin/9/2021,A/Hong Kong/2671/2019,40
A/Stockholm/5/2021,A/Hong Kong/2671/2019,40
A/Kansas/14/2017,A/Hong Kong/2671/2019,40
A/South Africa/R14962/2021,A/Hong Kong/2671/2019,160
A/Ireland/92285/2021,A/Hong Kong/2671/2019,40
A/Ireland/2707/2021,A/Hong Kong/2671/2019,<40
A/Berlin/4/2021,A/Hong Kong/2671/2019,<40
A/Ireland/6979/2021,A/Hong Kong/2671/2019,<40
A/Nordrhein-Westfalen/1/2021,A/Hong Kong/2671/2019,320
A/Rheinland-Pfalz/2/2021,A/Hong Kong/2671/2019,<40
A/Nordrhein-Westfalen/2/2021,A/Hong Kong/2671/2019,<40
A/Berlin/5/2021,A/Hong Kong/2671/2019,<40
A/Baden-Wurttemberg/2/2021,A/Hong Kong/2671/2019,80
A/Nordrhein-Westfalen/3/2021,A/Hong Kong/2671/2019,<40
A/Berlin/6/2021,A/Hong Kong/2671/2019,<40
A/Berlin/7/2021,A/Hong Kong/2671/2019,40
A/Saarland/1/2022,A/Hong Kong/2671/2019,<40
A/Thuringen/1/2022,A/Hong Kong/2671/2019,40
A/Kyiv/41/2022,A/Hong Kong/2671/2019,80
A/Norway/409/2022,A/Hong Kong/2671/2019,<40
A/Hessen/1/2022,A/Hong Kong/2671/2019,<40
A/Kyiv/7/2022,A/Hong Kong/2671/2019,40
A/Kyiv/5/2022,A/Hong Kong/2671/2019,40
A/Kyiv/4/2022,A/Hong Kong/2671/2019,<40
A/Kyiv/3/2022,A/Hong Kong/2671/2019,<40
A/Kyiv/1/2022,A/Hong Kong/2671/2019,<40
A/Norway/530/2022,A/Hong Kong/2671/2019,<40
A/Norway/676/2022,A/Hong Kong/2671/2019,160
A/Serbia/206/2022,A/Hong Kong/2671/2019,40
A/Serbia/416478/2022,A/Hong Kong/2671/2019,40
A/Serbia/416476/2022,A/Hong Kong/2671/2019,40
A/Serbia/416473/2022,A/Hong Kong/2671/2019,<40
A/Serbia/336/2022,A/Hong Kong/2671/2019,40
A/Denmark/3264/2019,A/Cambodia/e0826360/2020,320
A/Hong Kong/2671/2019,A/Cambodia/e0826360/2020,160
A/Cambodia/e0826360/2020,A/Cambodia/e0826360/2020,2560
A/Cambodia/925256/2020,A/Cambodia/e0826360/2020,160
A/Bangladesh/4005/2020,A/Cambodia/e0826360/2020,320
A/Darwin/9/2021,A/Cambodia/e0826360/2020,320
A/Stockholm/5/2021,A/Cambodia/e0826360/2020,160
A/Kansas/14/2017,A/Cambodia/e0826360/2020,80
A/South Africa/R14962/2021,A/Cambodia/e0826360/2020,640
A/Ireland/92285/2021,A/Cambodia/e0826360/2020,640
A/Ireland/2707/2021,A/Cambodia/e0826360/2020,80
A/Berlin/4/2021,A/Cambodia/e0826360/2020,80
A/Ireland/6979/2021,A/Cambodia/e0826360/2020,80
A/Nordrhein-Westfalen/1/2021,A/Cambodia/e0826360/2020,1280
A/Rheinland-Pfalz/2/2021,A/Cambodia/e0826360/2020,80
A/Nordrhein-Westfalen/2/2021,A/Cambodia/e0826360/2020,80
A/Berlin/5/2021,A/Cambodia/e0826360/2020,80
A/Baden-Wurttemberg/2/2021,A/Cambodia/e0826360/2020,160
A/Nordrhein-Westfalen/3/2021,A/Cambodia/e0826360/2020,80
A/Berlin/6/2021,A/Cambodia/e0826360/2020,80
A/Berlin/7/2021,A/Cambodia/e0826360/2020,80
A/Saarland/1/2022,A/Cambodia/e0826360/2020,80
A/Thuringen/1/2022,A/Cambodia/e0826360/2020,80
A/Kyiv/41/2022,A/Cambodia/e0826360/2020,320
A/Norway/409/2022,A/Cambodia/e0826360/2020,40
A/Hessen/1/2022,A/Cambodia/e0826360/2020,80
A/Kyiv/7/2022,A/Cambodia/e0826360/2020,160
A/Kyiv/5/2022,A/Cambodia/e0826360/2020,160
A/Kyiv/4/2022,A/Cambodia/e0826360/2020,80
A/Kyiv/3/2022,A/Cambodia/e0826360/2020,160
A/Kyiv/1/2022,A/Cambodia/e0826360/2020,160
A/Norway/530/2022,A/Cambodia/e0826360/2020,80
A/Norway/676/2022,A/Cambodia/e0826360/2020,320
A/Serbia/206/2022,A/Cambodia/e0826360/2020,160
A/Serbia/416478/2022,A/Cambodia/e0826360/2020,160
A/Serbia/416476/2022,A/Cambodia/e0826360/2020,160
A/Serbia/416473/2022,A/Cambodia/e0826360/2020,160
A/Serbia/336/2022,A/Cambodia/e0826360/2020,80
A/Denmark/3264/2019,A/Cambodia/925256/2020,1280
A/Hong Kong/2671/2019,A/Cambodia/925256/2020,640
A/Cambodia/e0826360/2020,A/Cambodia/925256/2020,160
A/Cambodia/925256/2020,A/Cambodia/925256/2020,1280
A/Bangladesh/4005/2020,A/Cambodia/925256/2020,320
A/Darwin/9/2021,A/Cambodia/925256/2020,160
A/Stockholm/5/2021,A/Cambodia/925256/2020,160
A/Kansas/14/2017,A/Cambodia/925256/2020,160
A/South Africa/R14962/2021,A/Cambodia/925256/2020,160
A/Ireland/92285/2021,A/Cambodia/925256/2020,160
A/Ireland/2707/2021,A/Cambodia/925256/2020,80
A/Berlin/4/2021,A/Cambodia/925256/2020,80
A/Ireland/6979/2021,A/Cambodia/925256/2020,80
A/Nordrhein-Westfalen/1/2021,A/Cambodia/925256/2020,320
A/Rheinland-Pfalz/2/2021,A/Cambodia/925256/2020,80
A/Nordrhein-Westfalen/2/2021,A/Cambodia/925256/2020,40
A/Berlin/5/2021,A/Cambodia/925256/2020,40
A/Baden-Wurttemberg/2/2021,A/Cambodia/925256/2020,160
A/Nordrhein-Westfalen/3/2021,A/Cambodia/925256/2020,80
A/Berlin/6/2021,A/Cambodia/925256/2020,80
A/Berlin/7/2021,A/Cambodia/925256/2020,80
A/Saarland/1/2022,A/Cambodia/925256/2020,80
A/Thuringen/1/2022,A/Cambodia/925256/2020,80
A/Kyiv/41/2022,A/Cambodia/925256/2020,160
A/Norway/409/2022,A/Cambodia/925256/2020,40
A/Hessen/1/2022,A/Cambodia/925256/2020,80
A/Kyiv/7/2022,A/Cambodia/925256/2020,80
A/Kyiv/5/2022,A/Cambodia/925256/2020,80
A/Kyiv/4/2022,A/Cambodia/925256/2020,80
A/Kyiv/3/2022,A/Cambodia/925256/2020,80
A/Kyiv/1/2022,A/Cambodia/925256/2020,80
A/Norway/530/2022,A/Cambodia/925256/2020,40
A/Norway/676/2022,A/Cambodia/925256/2020,160
A/Serbia/206/2022,A/Cambodia/925256/2020,80
A/Serbia/416478/2022,A/Cambodia/925256/2020,80
A/Serbia/416476/2022,A/Cambodia/925256/2020,80
A/Serbia/416473/2022,A/Cambodia/925256/2020,80
A/Serbia/336/2022,A/Cambodia/925256/2020,80
A/Denmark/3264/2019,A/Bangladesh/4005/2020,320
A/Hong Kong/2671/2019,A/Bangladesh/4005/2020,320
A/Cambodia/e0826360/2020,A/Bangladesh/4005/2020,320
A/Cambodia/925256/2020,A/Bangladesh/4005/2020,160
A/Bangladesh/4005/2020,A/Bangladesh/4005/2020,640
A/Darwin/9/2021,A/Bangladesh/4005/2020,640
A/Stockholm/5/2021,A/Bangladesh/4005/2020,320
A/Kansas/14/2017,A/Bangladesh/4005/2020,80
A/South Africa/R14962/2021,A/Bangladesh/4005/2020,320
A/Ireland/92285/2021,A/Bangladesh/4005/2020,640
A/Ireland/2707/2021,A/Bangladesh/4005/2020,160
A/Berlin/4/2021,A/Bangladesh/4005/2020,320
A/Ireland/6979/2021,A/Bangladesh/4005/2020,160
A/Nordrhein-Westfalen/1/2021,A/Bangladesh/4005/2020,640
A/Rheinland-Pfalz/2/2021,A/Bangladesh/4005/2020,320
A/Nordrhein-Westfalen/2/2021,A/Bangladesh/4005/2020,160
A/Berlin/5/2021,A/Bangladesh/4005/2020,160
A/Baden-Wurttemberg/2/2021,A/Bangladesh/4005/2020,320
A/Nordrhein-Westfalen/3/2021,A/Bangladesh/4005/2020,160
A/Berlin/6/2021,A/Bangladesh/4005/2020,160
A/Berlin/7/2021,A/Bangladesh/4005/2020,320
A/Saarland/1/2022,A/Bangladesh/4005/2020,160
A/Thuringen/1/2022,A/Bangladesh/4005/2020,320
A/Kyiv/41/2022,A/Bangladesh/4005/2020,640
A/Norway/409/2022,A/Bangladesh/4005/2020,80
A/Hessen/1/2022,A/Bangladesh/4005/2020,160
A/Kyiv/7/2022,A/Bangladesh/4005/2020,320
A/Kyiv/5/2022,A/Bangladesh/4005/2020,320
A/Kyiv/4/2022,A/Bangladesh/4005/2020,320
A/Kyiv/3/2022,A/Bangladesh/4005/2020,320
A/Kyiv/1/2022,A/Bangladesh/4005/2020,320
A/Norway/530/2022,A/Bangladesh/4005/2020,160
A/Norway/676/2022,A/Bangladesh/4005/2020,640
A/Serbia/206/2022,A/Bangladesh/4005/2020,320
A/Serbia/416478/2022,A/Bangladesh/4005/2020,320
A/Serbia/416476/2022,A/Bangladesh/4005/2020,320
A/Serbia/416473/2022,A/Bangladesh/4005/2020,320
A/Serbia/336/2022,A/Bangladesh/4005/2020,320
A/Denmark/3264/2019,A/Darwin/9/2021,640
A/Hong Kong/2671/2019,A/Darwin/9/2021,320
A/Cambodia/e0826360/2020,A/Darwin/9/2021,640
A/Cambodia/925256/2020,A/Darwin/9/2021,320
A/Bangladesh/4005/2020,A/Darwin/9/2021,1280
A/Darwin/9/2021,A/Darwin/9/2021,5120
A/Stockholm/5/2021,A/Darwin/9/2021,2560
A/Kansas/14/2017,A/Darwin/9/2021,160
A/South Africa/R14962/2021,A/Darwin/9/2021,640
A/Ireland/92285/2021,A/Darwin/9/2021,1280
A/Ireland/2707/2021,A/Darwin/9/2021,640
A/Berlin/4/2021,A/Darwin/9/2021,1280
A/Ireland/6979/2021,A/Darwin/9/2021,1280
A/Nordrhein-Westfalen/1/2021,A/Darwin/9/2021,2560
A/Rheinland-Pfalz/2/2021,A/Darwin/9/2021,1280
A/Nordrhein-Westfalen/2/2021,A/Darwin/9/2021,640
A/Berlin/5/2021,A/Darwin/9/2021,1280
A/Baden-Wurttemberg/2/2021,A/Darwin/9/2021,1280
A/Nordrhein-Westfalen/3/2021,A/Darwin/9/2021,1280
A/Berlin/6/2021,A/Darwin/9/2021,1280
A/Berlin/7/2021,A/Darwin/9/2021,1280
A/Saarland/1/2022,A/Darwin/9/2021,1280
A/Thuringen/1/2022,A/Darwin/9/2021,1280
A/Kyiv/41/2022,A/Darwin/9/2021,2560
A/Norway/409/2022,A/Darwin/9/2021,640
A/Hessen/1/2022,A/Darwin/9/2021,1280
A/Kyiv/7/2022,A/Darwin/9/2021,2560
A/Kyiv/5/2022,A/Darwin/9/2021,1280
A/Kyiv/4/2022,A/Darwin/9/2021,1280
A/Kyiv/3/2022,A/Darwin/9/2021,1280
A/Kyiv/1/2022,A/Darwin/9/2021,1280
A/Norway/530/2022,A/Darwin/9/2021,1280
A/Norway/676/2022,A/Darwin/9/2021,1280
A/Serbia/206/2022,A/Darwin/9/2021,1280
A/Serbia/416478/2022,A/Darwin/9/2021,1280
A/Serbia/416476/2022,A/Darwin/9/2021,1280
A/Serbia/416473/2022,A/Darwin/9/2021,1280
A/Serbia/336/2022,A/Darwin/9/2021,1280
A/Denmark/3264/2019,A/Stockholm/5/2021,320
A/Hong Kong/2671/2019,A/Stockholm/5/2021,160
A/Cambodia/e0826360/2020,A/Stockholm/5/2021,320
A/Cambodia/925256/2020,A/Stockholm/5/2021,160
A/Bangladesh/4005/2020,A/Stockholm/5/2021,640
A/Darwin/9/2021,A/Stockholm/5/2021,1280
A/Stockholm/5/2021,A/Stockholm/5/2021,1280
A/Kansas/14/2017,A/Stockholm/5/2021,160
A/South Africa/R14962/2021,A/Stockholm/5/2021,320
A/Ireland/92285/2021,A/Stockholm/5/2021,640
A/Ireland/2707/2021,A/Stockholm/5/2021,320
A/Berlin/4/2021,A/Stockholm/5/2021,640
A/Ireland/6979/2021,A/Stockholm/5/2021,640
A/Nordrhein-Westfalen/1/2021,A/Stockholm/5/2021,2560
A/Rheinland-Pfalz/2/2021,A/Stockholm/5/2021,640
A/Nordrhein-Westfalen/2/2021,A/Stockholm/5/2021,160
A/Berlin/5/2021,A/Stockholm/5/2021,320
A/Baden-Wurttemberg/2/2021,A/Stockholm/5/2021,640
A/Nordrhein-Westfalen/3/2021,A/Stockholm/5/2021,640
A/Berlin/6/2021,A/Stockholm/5/2021,640
A/Berlin/7/2021,A/Stockholm/5/2021,640
A/Saarland/1/2022,A/Stockholm/5/2021,640
A/Thuringen/1/2022,A/Stockholm/5/2021,640
A/Kyiv/41/2022,A/Stockholm/5/2021,640
A/Norway/409/2022,A/Stockholm/5/2021,320
A/Hessen/1/2022,A/Stockholm/5/2021,640
A/Kyiv/7/2022,A/Stockholm/5/2021,640
A/Kyiv/5/2022,A/Stockholm/5/2021,640
A/Kyiv/4/2022,A/Stockholm/5/2021,640
A/Kyiv/3/2022,A/Stockholm/5/2021,640
A/Kyiv/1/2022,A/Stockholm/5/2021,640
A/Norway/530/2022,A/Stockholm/5/2021,320
A/Norway/676/2022,A/Stockholm/5/2021,320
A/Serbia/206/2022,A/Stockholm/5/2021,640
A/Serbia/416478/2022,A/Stockholm/5/2021,640
A/Serbia/416476/2022,A/Stockholm/5/2021,640
A/Serbia/416473/2022,A/Stockholm/5/2021,640
A/Serbia/336/2022,A/Stockholm/5/2021,640
A/Denmark/3264/2019,A/Kansas/14/2017,160
A/Hong Kong/2671/2019,A/Kansas/14/2017,160
A/Cambodia/e0826360/2020,A/Kansas/14/2017,160
A/Cambodia/925256/2020,A/Kansas/14/2017,160
A/Bangladesh/4005/2020,A/Kansas/14/2017,320
A/Darwin/9/2021,A/Kansas/14/2017,160
A/Stockholm/5/2021,A/Kansas/14/2017,80
A/Kansas/14/2017,A/Kansas/14/2017,640
A/South Africa/R14962/2021,A/Kansas/14/2017,160
A/Ireland/92285/2021,A/Kansas/14/2017,320
A/Ireland/2707/2021,A/Kansas/14/2017,40
A/Berlin/4/2021,A/Kansas/14/2017,40
A/Ireland/6979/2021,A/Kansas/14/2017,40
A/Nordrhein-Westfalen/1/2021,A/Kansas/14/2017,320
A/Rheinland-Pfalz/2/2021,A/Kansas/14/2017,40
A/Nordrhein-Westfalen/2/2021,A/Kansas/14/2017,40
A/Berlin/5/2021,A/Kansas/14/2017,40
A/Baden-Wurttemberg/2/2021,A/Kansas/14/2017,160
A/Nordrhein-Westfalen/3/2021,A/Kansas/14/2017,40
A/Berlin/6/2021,A/Kansas/14/2017,40
A/Berlin/7/2021,A/Kansas/14/2017,40
A/Saarland/1/2022,A/Kansas/14/2017,40
A/Thuringen/1/2022,A/Kansas/14/2017,40
A/Kyiv/41/2022,A/Kansas/14/2017,160
A/Norway/409/2022,A/Kansas/14/2017,<40
A/Hessen/1/2022,A/Kansas/14/2017,40
A/Kyiv/7/2022,A/Kansas/14/2017,40
A/Kyiv/5/2022,A/Kansas/14/2017,40
A/Kyiv/4/2022,A/Kansas/14/2017,40
A/Kyiv/3/2022,A/Kansas/14/2017,40
A/Kyiv/1/2022,A/Kansas/14/2017,40
A/Norway/530/2022,A/Kansas/14/2017,<40
A/Norway/676/2022,A/Kansas/14/2017,320
A/Serbia/206/2022,A/Kansas/14/2017,40
A/Serbia/416478/2022,A/Kansas/14/2017,40
A/Serbia/416476/2022,A/Kansas/14/2017,40
A/Serbia/416473/2022,A/Kansas/14/2017,40
A/Serbia/336/2022,A/Kansas/14/2017,40
A/Denmark/3264/2019,A/Denmark/3264/2019,320
A/Hong Kong/2671/2019,A/Denmark/3264/2019,320
A/Cambodia/e0826360/2020,A/Denmark/3264/2019,160
A/Cambodia/925256/2020,A/Denmark/3264/2019,160
A/Bangladesh/4005/2020,A/Denmark/3264/2019,160
A/Darwin/9/2021,A/Denmark/3264/2019,160
A/Stockholm/5/2021,A/Denmark/3264/2019,80
A/Kansas/14/2017,A/Denmark/3264/2019,80
A/Denmark/3264/2019,A/Hong Kong/2671/2019,640
A/Hong Kong/2671/2019,A/Hong Kong/2671/2019,320
A/Cambodia/e0826360/2020,A/Hong Kong/2671/2019,<40
A/Cambodia/925256/2020,A/Hong Kong/2671/2019,160
A/Bangladesh/4005/2020,A/Hong Kong/2671/2019,80
A/Darwin/9/2021,A/Hong Kong/2671/2019,40
A/Stockholm/5/2021,A/Hong Kong/2671/2019,40
A/Kansas/14/2017,A/Hong Kong/2671/2019,40
A/Denmark/3264/2019,A/Cambodia/e0826360/2020,320
A/Hong Kong/2671/2019,A/Cambodia/e0826360/2020,160
A/Cambodia/e0826360/2020,A/Cambodia/e0826360/2020,2560
A/Cambodia/925256/2020,A/Cambodia/e0826360/2020,160
A/Bangladesh/4005/2020,A/Cambodia/e0826360/2020,320
A/Darwin/9/2021,A/Cambodia/e0826360/2020,320
A/Stockholm/5/2021,A/Cambodia/e0826360/2020,160
A/Kansas/14/2017,A/Cambodia/e0826360/2020,80
A/Denmark/3264/2019,A/Cambodia/925256/2020,1280
A/Hong Kong/2671/2019,A/Cambodia/925256/2020,640
A/Cambodia/e0826360/2020,A/Cambodia/925256/2020,160
A/Cambodia/925256/2020,A/Cambodia/925256/2020,1280
A/Bangladesh/4005/2020,A/Cambodia/925256/2020,320
A/Darwin/9/2021,A/Cambodia/925256/2020,160
A/Stockholm/5/2021,A/Cambodia/925256/2020,160
A/Kansas/14/2017,A/Cambodia/925256/2020,160
A/Denmark/3264/2019,A/Bangladesh/4005/2020,320
A/Hong Kong/2671/2019,A/Bangladesh/4005/2020,320
A/Cambodia/e0826360/2020,A/Bangladesh/4005/2020,320
A/Cambodia/925256/2020,A/Bangladesh/4005/2020,160
A/Bangladesh/4005/2020,A/Bangladesh/4005/2020,640
A/Darwin/9/2021,A/Bangladesh/4005/2020,640
A/Stockholm/5/2021,A/Bangladesh/4005/2020,320
A/Kansas/14/2017,A/Bangladesh/4005/2020,80
A/Denmark/3264/2019,A/Darwin/9/2021,640
A/Hong Kong/2671/2019,A/Darwin/9/2021,320
A/Cambodia/e0826360/2020,A/Darwin/9/2021,640
A/Cambodia/925256/2020,A/Darwin/9/2021,320
A/Bangladesh/4005/2020,A/Darwin/9/2021,1280
A/Darwin/9/2021,A/Darwin/9/2021,5120
A/Stockholm/5/2021,A/Darwin/9/2021,2560
A/Kansas/14/2017,A/Darwin/9/2021,160
A/Denmark/3264/2019,A/Stockholm/5/2021,320
A/Hong Kong/2671/2019,A/Stockholm/5/2021,160
A/Cambodia/e0826360/2020,A/Stockholm/5/2021,320
A/Cambodia/925256/2020,A/Stockholm/5/2021,160
A/Bangladesh/4005/2020,A/Stockholm/5/2021,640
A/Darwin/9/2021,A/Stockholm/5/2021,1280
A/Stockholm/5/2021,A/Stockholm/5/2021,1280
A/Kansas/14/2017,A/Stockholm/5/2021,160
A/Denmark/3264/2019,A/Kansas/14/2017,160
A/Hong Kong/2671/2019,A/Kansas/14/2017,160
A/Cambodia/e0826360/2020,A/Kansas/14/2017,160
A/Cambodia/925256/2020,A/Kansas/14/2017,160
A/Bangladesh/4005/2020,A/Kansas/14/2017,320
A/Darwin/9/2021,A/Kansas/14/2017,160
A/Stockholm/5/2021,A/Kansas/14/2017,80
A/Kansas/14/2017,A/Kansas/14/2017,640
