Test Virus,Reference Virus,Titre
A/Denmark/3264/2019,A/Denmark/3264/2019,320
A/Hong Kong/2671/2019,A/Denmark/3264/2019,320
A/Cambodia/925256/2020,A/Denmark/3264/2019,160
A/Cambodia/e0826360/2020,A/Denmark/3264/2019,80
A/Bangladesh/4005/2020,A/Denmark/3264/2019,160
A/Stockholm/5/2021,A/Denmark/3264/2019,80
A/Darwin/9/2021,A/Denmark/3264/2019,160
A/Kansas/14/2017,A/Denmark/3264/2019,80
A/Wisconsin/02/2021,A/Denmark/3264/2019,160
A/Delaware/01/2021,A/Denmark/3264/2019,80
A/Nepal/21FL2608/2021,A/Denmark/3264/2019,40
A/Nepal/21FL2699/2021,A/Denmark/3264/2019,80
A/Alaska/01/2021,A/Denmark/3264/2019,40
A/Belgium/H0007/2021,A/Denmark/3264/2019,80
A/Belgium/H0006/2021,A/Denmark/3264/2019,40
A/Yaroslavl/6/2021,A/Denmark/3264/2019,320
A/Vladivostok/1/2021,A/Denmark/3264/2019,160
A/Vladimir/9/2021,A/Denmark/3264/2019,160
A/Vladivostok/2/2021,A/Denmark/3264/2019,320
A/Yaroslavl/24/2021,A/Denmark/3264/2019,80
A/Yaroslavl/19/2021,A/Denmark/3264/2019,160
A/Uglich/22/2021,A/Denmark/3264/2019,160
A/Belgium/H0010/2021,A/Denmark/3264/2019,80
A/Vladivostok/11/2021,A/Denmark/3264/2019,160
A/Yaroslavl/32/2021,A/Denmark/3264/2019,160
A/Belgium/G0127/2021,A/Denmark/3264/2019,40
A/Vladivostok/12/2021,A/Denmark/3264/2019,160
A/Velikiy Novgorod/46/2021,A/Denmark/3264/2019,160
A/Orenburg/44/2021,A/Denmark/3264/2019,160
A/Vladivostok/14/2021,A/Denmark/3264/2019,160
A/Vladimir/40/2021,A/Denmark/3264/2019,160
A/Orenburg/41/2021,A/Denmark/3264/2019,160
A/Moscow/38/2021,A/Denmark/3264/2019,160
A/Orenburg/45/2021,A/Denmark/3264/2019,160
A/Moscow/43/2021,A/Denmark/3264/2019,160
A/Velikiy Novgorod/49/2021,A/Denmark/3264/2019,160
A/Mahajanga/13255/2021,A/Denmark/3264/2019,320
A/Spain/89/2021,A/Denmark/3264/2019,80
A/Spain/87/2021,A/Denmark/3264/2019,40
A/Spain/84/2021,A/Denmark/3264/2019,40
A/Spain/83/2021,A/Denmark/3264/2019,40
A/Spain/82/2021,A/Denmark/3264/2019,<40
A/Spain/81/2021,A/Denmark/3264/2019,<40
A/Lebanon/8515/2021,A/Denmark/3264/2019,80
A/Lebanon/8510/2021,A/Denmark/3264/2019,80
A/Lebanon/8505/2021,A/Denmark/3264/2019,80
A/Lebanon/8500/2021,A/Denmark/3264/2019,80
A/Lebanon/8497/2021,A/Denmark/3264/2019,80
A/Estonia/168139/2022,A/Denmark/3264/2019,160
A/Estonia/168142/2022,A/Denmark/3264/2019,80
A/Estonia/168141/2022,A/Denmark/3264/2019,80
A/Estonia/168131/2022,A/Denmark/3264/2019,80
A/Armenia/19/2022,A/Denmark/3264/2019,320
A/Denmark/3264/2019,A/Hong Kong/2671/2019,640
A/Hong Kong/2671/2019,A/Hong Kong/2671/2019,640
A/Cambodia/925256/2020,A/Hong Kong/2671/2019,160
A/Cambodia/e0826360/2020,A/Hong Kong/2671/2019,<40
A/Bangladesh/4005/2020,A/Hong Kong/2671/2019,80
A/Stockholm/5/2021,A/Hong Kong/2671/2019,40
A/Darwin/9/2021,A/Hong Kong/2671/2019,40
A/Kansas/14/2017,A/Hong Kong/2671/2019,40
A/Wisconsin/02/2021,A/Hong Kong/2671/2019,80
A/Delaware/01/2021,A/Hong Kong/2671/2019,40
A/Nepal/21FL2608/2021,A/Hong Kong/2671/2019,<40
A/Nepal/21FL2699/2021,A/Hong Kong/2671/2019,<40
A/Alaska/01/2021,A/Hong Kong/2671/2019,40
A/Belgium/H0007/2021,A/Hong Kong/2671/2019,40
A/Belgium/H0006/2021,A/Hong Kong/2671/2019,40
A/Yaroslavl/6/2021,A/Hong Kong/2671/2019,40
A/Vladivostok/1/2021,A/Hong Kong/2671/2019,80
A/Vladimir/9/2021,A/Hong Kong/2671/2019,40
A/Vladivostok/2/2021,A/Hong Kong/2671/2019,40
A/Yaroslavl/24/2021,A/Hong Kong/2671/2019,<40
A/Yaroslavl/19/2021,A/Hong Kong/2671/2019,40
A/Uglich/22/2021,A/Hong Kong/2671/2019,80
A/Belgium/H0010/2021,A/Hong Kong/2671/2019,40
A/Vladivostok/11/2021,A/Hong Kong/2671/2019,40
A/Yaroslavl/32/2021,A/Hong Kong/2671/2019,80
A/Belgium/G0127/2021,A/Hong Kong/2671/2019,<40
A/Vladivostok/12/2021,A/Hong Kong/2671/2019,40
A/Velikiy Novgorod/46/2021,A/Hong Kong/2671/2019,80
A/Orenburg/44/2021,A/Hong Kong/2671/2019,80
A/Vladivostok/14/2021,A/Hong Kong/2671/2019,40
A/Vladimir/40/2021,A/Hong Kong/2671/2019,80
A/Orenburg/41/2021,A/Hong Kong/2671/2019,40
A/Moscow/38/2021,A/Hong Kong/2671/2019,80
A/Orenburg/45/2021,A/Hong Kong/2671/2019,80
A/Moscow/43/2021,A/Hong Kong/2671/2019,80
A/Velikiy Novgorod/49/2021,A/Hong Kong/2671/2019,80
A/Mahajanga/13255/2021,A/Hong Kong/2671/2019,80
A/Spain/89/2021,A/Hong Kong/2671/2019,40
A/Spain/87/2021,A/Hong Kong/2671/2019,40
A/Spain/84/2021,A/Hong Kong/2671/2019,<40
A/Spain/83/2021,A/Hong Kong/2671/2019,<40
A/Spain/82/2021,A/Hong Kong/2671/2019,<40
A/Spain/81/2021,A/Hong Kong/2671/2019,40
A/Lebanon/8515/2021,A/Hong Kong/2671/2019,40
A/Lebanon/8510/2021,A/Hong Kong/2671/2019,40
A/Lebanon/8505/2021,A/Hong Kong/2671/2019,40
A/Lebanon/8500/2021,A/Hong Kong/2671/2019,40
A/Lebanon/8497/2021,A/Hong Kong/2671/2019,40
A/Estonia/168139/2022,A/Hong Kong/2671/2019,40
A/Estonia/168142/2022,A/Hong Kong/2671/2019,40
A/Estonia/168141/2022,A/Hong Kong/2671/2019,40
A/Estonia/168131/2022,A/Hong Kong/2671/2019,40
A/Armenia/19/2022,A/Hong Kong/2671/2019,640
A/Denmark/3264/2019,A/Cambodia/925256/2020,1280
A/Hong Kong/2671/2019,A/Cambodia/925256/2020,1280
A/Cambodia/925256/2020,A/Cambodia/925256/2020,1280
A/Cambodia/e0826360/2020,A/Cambodia/925256/2020,160
A/Bangladesh/4005/2020,A/Cambodia/925256/2020,320
A/Stockholm/5/2021,A/Cambodia/925256/2020,160
A/Darwin/9/2021,A/Cambodia/925256/2020,160
A/Kansas/14/2017,A/Cambodia/925256/2020,80
A/Wisconsin/02/2021,A/Cambodia/925256/2020,160
A/Delaware/01/2021,A/Cambodia/925256/2020,80
A/Nepal/21FL2608/2021,A/Cambodia/925256/2020,40
A/Nepal/21FL2699/2021,A/Cambodia/925256/2020,80
A/Alaska/01/2021,A/Cambodia/925256/2020,40
A/Belgium/H0007/2021,A/Cambodia/925256/2020,40
A/Belgium/H0006/2021,A/Cambodia/925256/2020,40
A/Yaroslavl/6/2021,A/Cambodia/925256/2020,160
A/Vladivostok/1/2021,A/Cambodia/925256/2020,320
A/Vladimir/9/2021,A/Cambodia/925256/2020,160
A/Vladivostok/2/2021,A/Cambodia/925256/2020,320
A/Yaroslavl/24/2021,A/Cambodia/925256/2020,40
A/Yaroslavl/19/2021,A/Cambodia/925256/2020,160
A/Uglich/22/2021,A/Cambodia/925256/2020,160
A/Belgium/H0010/2021,A/Cambodia/925256/2020,80
A/Vladivostok/11/2021,A/Cambodia/925256/2020,80
A/Yaroslavl/32/2021,A/Cambodia/925256/2020,640
A/Belgium/G0127/2021,A/Cambodia/925256/2020,80
A/Vladivostok/12/2021,A/Cambodia/925256/2020,80
A/Velikiy Novgorod/46/2021,A/Cambodia/925256/2020,160
A/Orenburg/44/2021,A/Cambodia/925256/2020,160
A/Vladivostok/14/2021,A/Cambodia/925256/2020,80
A/Vladimir/40/2021,A/Cambodia/925256/2020,160
A/Orenburg/41/2021,A/Cambodia/925256/2020,80
A/Moscow/38/2021,A/Cambodia/925256/2020,160
A/Orenburg/45/2021,A/Cambodia/925256/2020,160
A/Moscow/43/2021,A/Cambodia/925256/2020,160
A/Velikiy Novgorod/49/2021,A/Cambodia/925256/2020,160
A/Mahajanga/13255/2021,A/Cambodia/925256/2020,160
A/Spain/89/2021,A/Cambodia/925256/2020,80
A/Spain/87/2021,A/Cambodia/925256/2020,80
A/Spain/84/2021,A/Cambodia/925256/2020,80
A/Spain/83/2021,A/Cambodia/925256/2020,40
A/Spain/82/2021,A/Cambodia/925256/2020,80
A/Spain/81/2021,A/Cambodia/925256/2020,80
A/Lebanon/8515/2021,A/Cambodia/925256/2020,40
A/Lebanon/8510/2021,A/Cambodia/925256/2020,40
A/Lebanon/8505/2021,A/Cambodia/925256/2020,40
A/Lebanon/8500/2021,A/Cambodia/925256/2020,80
A/Lebanon/8497/2021,A/Cambodia/925256/2020,40
A/Estonia/168139/2022,A/Cambodia/925256/2020,80
A/Estonia/168142/2022,A/Cambodia/925256/2020,40
A/Estonia/168141/2022,A/Cambodia/925256/2020,40
A/Estonia/168131/2022,A/Cambodia/925256/2020,80
A/Armenia/19/2022,A/Cambodia/925256/2020,640
A/Denmark/3264/2019,A/Cambodia/e0826360/2020,320
A/Hong Kong/2671/2019,A/Cambodia/e0826360/2020,320
A/Cambodia/925256/2020,A/Cambodia/e0826360/2020,160
A/Cambodia/e0826360/2020,A/Cambodia/e0826360/2020,2560
A/Bangladesh/4005/2020,A/Cambodia/e0826360/2020,320
A/Stockholm/5/2021,A/Cambodia/e0826360/2020,160
A/Darwin/9/2021,A/Cambodia/e0826360/2020,640
A/Kansas/14/2017,A/Cambodia/e0826360/2020,80
A/Wisconsin/02/2021,A/Cambodia/e0826360/2020,320
A/Delaware/01/2021,A/Cambodia/e0826360/2020,160
A/Nepal/21FL2608/2021,A/Cambodia/e0826360/2020,80
A/Nepal/21FL2699/2021,A/Cambodia/e0826360/2020,80
A/Alaska/01/2021,A/Cambodia/e0826360/2020,80
A/Belgium/H0007/2021,A/Cambodia/e0826360/2020,80
A/Belgium/H0006/2021,A/Cambodia/e0826360/2020,40
A/Yaroslavl/6/2021,A/Cambodia/e0826360/2020,320
A/Vladivostok/1/2021,A/Cambodia/e0826360/2020,320
A/Vladimir/9/2021,A/Cambodia/e0826360/2020,320
A/Vladivostok/2/2021,A/Cambodia/e0826360/2020,320
A/Yaroslavl/24/2021,A/Cambodia/e0826360/2020,160
A/Yaroslavl/19/2021,A/Cambodia/e0826360/2020,320
A/Uglich/22/2021,A/Cambodia/e0826360/2020,320
A/Belgium/H0010/2021,A/Cambodia/e0826360/2020,160
A/Vladivostok/11/2021,A/Cambodia/e0826360/2020,320
A/Yaroslavl/32/2021,A/Cambodia/e0826360/2020,320
A/Belgium/G0127/2021,A/Cambodia/e0826360/2020,80
A/Vladivostok/12/2021,A/Cambodia/e0826360/2020,320
A/Velikiy Novgorod/46/2021,A/Cambodia/e0826360/2020,320
A/Orenburg/44/2021,A/Cambodia/e0826360/2020,320
A/Vladivostok/14/2021,A/Cambodia/e0826360/2020,320
A/Vladimir/40/2021,A/Cambodia/e0826360/2020,320
A/Orenburg/41/2021,A/Cambodia/e0826360/2020,320
A/Moscow/38/2021,A/Cambodia/e0826360/2020,320
A/Orenburg/45/2021,A/Cambodia/e0826360/2020,320
A/Moscow/43/2021,A/Cambodia/e0826360/2020,320
A/Velikiy Novgorod/49/2021,A/Cambodia/e0826360/2020,320
A/Mahajanga/13255/2021,A/Cambodia/e0826360/2020,640
A/Spain/89/2021,A/Cambodia/e0826360/2020,80
A/Spain/87/2021,A/Cambodia/e0826360/2020,80
A/Spain/84/2021,A/Cambodia/e0826360/2020,80
A/Spain/83/2021,A/Cambodia/e0826360/2020,80
A/Spain/82/2021,A/Cambodia/e0826360/2020,80
A/Spain/81/2021,A/Cambodia/e0826360/2020,80
A/Lebanon/8515/2021,A/Cambodia/e0826360/2020,80
A/Lebanon/8510/2021,A/Cambodia/e0826360/2020,80
A/Lebanon/8505/2021,A/Cambodia/e0826360/2020,80
A/Lebanon/8500/2021,A/Cambodia/e0826360/2020,80
A/Lebanon/8497/2021,A/Cambodia/e0826360/2020,80
A/Estonia/168139/2022,A/Cambodia/e0826360/2020,160
A/Estonia/168142/2022,A/Cambodia/e0826360/2020,80
A/Estonia/168141/2022,A/Cambodia/e0826360/2020,80
A/Estonia/168131/2022,A/Cambodia/e0826360/2020,160
A/Armenia/19/2022,A/Cambodia/e0826360/2020,80
A/Denmark/3264/2019,A/Bangladesh/4005/2020,320
A/Hong Kong/2671/2019,A/Bangladesh/4005/2020,160
A/Cambodia/925256/2020,A/Bangladesh/4005/2020,160
A/Cambodia/e0826360/2020,A/Bangladesh/4005/2020,160
A/Bangladesh/4005/2020,A/Bangladesh/4005/2020,640
A/Stockholm/5/2021,A/Bangladesh/4005/2020,320
A/Darwin/9/2021,A/Bangladesh/4005/2020,320
A/Kansas/14/2017,A/Bangladesh/4005/2020,40
A/Wisconsin/02/2021,A/Bangladesh/4005/2020,640
A/Delaware/01/2021,A/Bangladesh/4005/2020,320
A/Nepal/21FL2608/2021,A/Bangladesh/4005/2020,160
A/Nepal/21FL2699/2021,A/Bangladesh/4005/2020,160
A/Alaska/01/2021,A/Bangladesh/4005/2020,160
A/Belgium/H0007/2021,A/Bangladesh/4005/2020,160
A/Belgium/H0006/2021,A/Bangladesh/4005/2020,80
A/Yaroslavl/6/2021,A/Bangladesh/4005/2020,320
A/Vladivostok/1/2021,A/Bangladesh/4005/2020,320
A/Vladimir/9/2021,A/Bangladesh/4005/2020,320
A/Vladivostok/2/2021,A/Bangladesh/4005/2020,320
A/Yaroslavl/24/2021,A/Bangladesh/4005/2020,160
A/Yaroslavl/19/2021,A/Bangladesh/4005/2020,320
A/Uglich/22/2021,A/Bangladesh/4005/2020,320
A/Belgium/H0010/2021,A/Bangladesh/4005/2020,160
A/Vladivostok/11/2021,A/Bangladesh/4005/2020,320
A/Yaroslavl/32/2021,A/Bangladesh/4005/2020,320
A/Belgium/G0127/2021,A/Bangladesh/4005/2020,160
A/Vladivostok/12/2021,A/Bangladesh/4005/2020,320
A/Velikiy Novgorod/46/2021,A/Bangladesh/4005/2020,320
A/Orenburg/44/2021,A/Bangladesh/4005/2020,320
A/Vladivostok/14/2021,A/Bangladesh/4005/2020,320
A/Vladimir/40/2021,A/Bangladesh/4005/2020,320
A/Orenburg/41/2021,A/Bangladesh/4005/2020,320
A/Moscow/38/2021,A/Bangladesh/4005/2020,320
A/Orenburg/45/2021,A/Bangladesh/4005/2020,320
A/Moscow/43/2021,A/Bangladesh/4005/2020,320
A/Velikiy Novgorod/49/2021,A/Bangladesh/4005/2020,320
A/Mahajanga/13255/2021,A/Bangladesh/4005/2020,320
A/Spain/89/2021,A/Bangladesh/4005/2020,160
A/Spain/87/2021,A/Bangladesh/4005/2020,160
A/Spain/84/2021,A/Bangladesh/4005/2020,160
A/Spain/83/2021,A/Bangladesh/4005/2020,160
A/Spain/82/2021,A/Bangladesh/4005/2020,160
A/Spain/81/2021,A/Bangladesh/4005/2020,80
A/Lebanon/8515/2021,A/Bangladesh/4005/2020,160
A/Lebanon/8510/2021,A/Bangladesh/4005/2020,160
A/Lebanon/8505/2021,A/Bangladesh/4005/2020,160
A/Lebanon/8500/2021,A/Bangladesh/4005/2020,160
A/Lebanon/8497/2021,A/Bangladesh/4005/2020,160
A/Estonia/168139/2022,A/Bangladesh/4005/2020,320
A/Estonia/168142/2022,A/Bangladesh/4005/2020,160
A/Estonia/168141/2022,A/Bangladesh/4005/2020,160
A/Estonia/168131/2022,A/Bangladesh/4005/2020,160
A/Armenia/19/2022,A/Bangladesh/4005/2020,80
A/Denmark/3264/2019,A/Stockholm/5/2021,320
A/Hong Kong/2671/2019,A/Stockholm/5/2021,160
A/Cambodia/925256/2020,A/Stockholm/5/2021,160
A/Cambodia/e0826360/2020,A/Stockholm/5/2021,160
A/Bangladesh/4005/2020,A/Stockholm/5/2021,640
A/Stockholm/5/2021,A/Stockholm/5/2021,1280
A/Darwin/9/2021,A/Stockholm/5/2021,640
A/Kansas/14/2017,A/Stockholm/5/2021,80
A/Wisconsin/02/2021,A/Stockholm/5/2021,1280
A/Delaware/01/2021,A/Stockholm/5/2021,640
A/Nepal/21FL2608/2021,A/Stockholm/5/2021,320
A/Nepal/21FL2699/2021,A/Stockholm/5/2021,320
A/Alaska/01/2021,A/Stockholm/5/2021,160
A/Belgium/H0007/2021,A/Stockholm/5/2021,640
A/Belgium/H0006/2021,A/Stockholm/5/2021,160
A/Yaroslavl/6/2021,A/Stockholm/5/2021,640
A/Vladivostok/1/2021,A/Stockholm/5/2021,640
A/Vladimir/9/2021,A/Stockholm/5/2021,640
A/Vladivostok/2/2021,A/Stockholm/5/2021,640
A/Yaroslavl/24/2021,A/Stockholm/5/2021,160
A/Yaroslavl/19/2021,A/Stockholm/5/2021,640
A/Uglich/22/2021,A/Stockholm/5/2021,640
A/Belgium/H0010/2021,A/Stockholm/5/2021,640
A/Vladivostok/11/2021,A/Stockholm/5/2021,320
A/Yaroslavl/32/2021,A/Stockholm/5/2021,640
A/Belgium/G0127/2021,A/Stockholm/5/2021,160
A/Vladivostok/12/2021,A/Stockholm/5/2021,320
A/Velikiy Novgorod/46/2021,A/Stockholm/5/2021,640
A/Orenburg/44/2021,A/Stockholm/5/2021,640
A/Vladivostok/14/2021,A/Stockholm/5/2021,320
A/Vladimir/40/2021,A/Stockholm/5/2021,640
A/Orenburg/41/2021,A/Stockholm/5/2021,320
A/Moscow/38/2021,A/Stockholm/5/2021,640
A/Orenburg/45/2021,A/Stockholm/5/2021,640
A/Moscow/43/2021,A/Stockholm/5/2021,640
A/Velikiy Novgorod/49/2021,A/Stockholm/5/2021,640
A/Mahajanga/13255/2021,A/Stockholm/5/2021,1280
A/Spain/89/2021,A/Stockholm/5/2021,320
A/Spain/87/2021,A/Stockholm/5/2021,320
A/Spain/84/2021,A/Stockholm/5/2021,320
A/Spain/83/2021,A/Stockholm/5/2021,320
A/Spain/82/2021,A/Stockholm/5/2021,320
A/Spain/81/2021,A/Stockholm/5/2021,160
A/Lebanon/8515/2021,A/Stockholm/5/2021,320
A/Lebanon/8510/2021,A/Stockholm/5/2021,640
A/Lebanon/8505/2021,A/Stockholm/5/2021,640
A/Lebanon/8500/2021,A/Stockholm/5/2021,640
A/Lebanon/8497/2021,A/Stockholm/5/2021,320
A/Estonia/168139/2022,A/Stockholm/5/2021,640
A/Estonia/168142/2022,A/Stockholm/5/2021,320
A/Estonia/168141/2022,A/Stockholm/5/2021,320
A/Estonia/168131/2022,A/Stockholm/5/2021,320
A/Armenia/19/2022,A/Stockholm/5/2021,80
A/Denmark/3264/2019,A/Darwin/9/2021,640
A/Hong Kong/2671/2019,A/Darwin/9/2021,640
A/Cambodia/925256/2020,A/Darwin/9/2021,320
A/Cambodia/e0826360/2020,A/Darwin/9/2021,320
A/Bangladesh/4005/2020,A/Darwin/9/2021,1280
A/Stockholm/5/2021,A/Darwin/9/2021,2560
A/Darwin/9/2021,A/Darwin/9/2021,2560
A/Kansas/14/2017,A/Darwin/9/2021,160
A/Wisconsin/02/2021,A/Darwin/9/2021,2560
A/Delaware/01/2021,A/Darwin/9/2021,1280
A/Nepal/21FL2608/2021,A/Darwin/9/2021,640
A/Nepal/21FL2699/2021,A/Darwin/9/2021,1280
A/Alaska/01/2021,A/Darwin/9/2021,640
A/Belgium/H0007/2021,A/Darwin/9/2021,1280
A/Belgium/H0006/2021,A/Darwin/9/2021,640
A/Yaroslavl/6/2021,A/Darwin/9/2021,2560
A/Vladivostok/1/2021,A/Darwin/9/2021,1280
A/Vladimir/9/2021,A/Darwin/9/2021,1280
A/Vladivostok/2/2021,A/Darwin/9/2021,2560
A/Yaroslavl/24/2021,A/Darwin/9/2021,640
A/Yaroslavl/19/2021,A/Darwin/9/2021,1280
A/Uglich/22/2021,A/Darwin/9/2021,2560
A/Belgium/H0010/2021,A/Darwin/9/2021,1280
A/Vladivostok/11/2021,A/Darwin/9/2021,640
A/Yaroslavl/32/2021,A/Darwin/9/2021,1280
A/Belgium/G0127/2021,A/Darwin/9/2021,640
A/Vladivostok/12/2021,A/Darwin/9/2021,640
A/Velikiy Novgorod/46/2021,A/Darwin/9/2021,1280
A/Orenburg/44/2021,A/Darwin/9/2021,2560
A/Vladivostok/14/2021,A/Darwin/9/2021,640
A/Vladimir/40/2021,A/Darwin/9/2021,1280
A/Orenburg/41/2021,A/Darwin/9/2021,640
A/Moscow/38/2021,A/Darwin/9/2021,1280
A/Orenburg/45/2021,A/Darwin/9/2021,1280
A/Moscow/43/2021,A/Darwin/9/2021,1280
A/Velikiy Novgorod/49/2021,A/Darwin/9/2021,1280
A/Mahajanga/13255/2021,A/Darwin/9/2021,2560
A/Spain/89/2021,A/Darwin/9/2021,1280
A/Spain/87/2021,A/Darwin/9/2021,640
A/Spain/84/2021,A/Darwin/9/2021,640
A/Spain/83/2021,A/Darwin/9/2021,640
A/Spain/82/2021,A/Darwin/9/2021,1280
A/Spain/81/2021,A/Darwin/9/2021,640
A/Lebanon/8515/2021,A/Darwin/9/2021,1280
A/Lebanon/8510/2021,A/Darwin/9/2021,1280
A/Lebanon/8505/2021,A/Darwin/9/2021,1280
A/Lebanon/8500/2021,A/Darwin/9/2021,1280
A/Lebanon/8497/2021,A/Darwin/9/2021,1280
A/Estonia/168139/2022,A/Darwin/9/2021,1280
A/Estonia/168142/2022,A/Darwin/9/2021,1280
A/Estonia/168141/2022,A/Darwin/9/2021,640
A/Estonia/168131/2022,A/Darwin/9/2021,640
A/Armenia/19/2022,A/Darwin/9/2021,160
A/Denmark/3264/2019,A/Kansas/14/2017,160
A/Hong Kong/2671/2019,A/Kansas/14/2017,160
A/Cambodia/925256/2020,A/Kansas/14/2017,160
A/Cambodia/e0826360/2020,A/Kansas/14/2017,80
A/Bangladesh/4005/2020,A/Kansas/14/2017,320
A/Stockholm/5/2021,A/Kansas/14/2017,80
A/Darwin/9/2021,A/Kansas/14/2017,80
A/Kansas/14/2017,A/Kansas/14/2017,640
A/Wisconsin/02/2021,A/Kansas/14/2017,160
A/Delaware/01/2021,A/Kansas/14/2017,80
A/Nepal/21FL2608/2021,A/Kansas/14/2017,40
A/Nepal/21FL2699/2021,A/Kansas/14/2017,40
A/Alaska/01/2021,A/Kansas/14/2017,40
A/Belgium/H0007/2021,A/Kansas/14/2017,40
A/Belgium/H0006/2021,A/Kansas/14/2017,40
A/Yaroslavl/6/2021,A/Kansas/14/2017,80
A/Vladivostok/1/2021,A/Kansas/14/2017,160
A/Vladimir/9/2021,A/Kansas/14/2017,160
A/Vladivostok/2/2021,A/Kansas/14/2017,160
A/Yaroslavl/24/2021,A/Kansas/14/2017,80
A/Yaroslavl/19/2021,A/Kansas/14/2017,160
A/Uglich/22/2021,A/Kansas/14/2017,160
A/Belgium/H0010/2021,A/Kansas/14/2017,80
A/Vladivostok/11/2021,A/Kansas/14/2017,160
A/Yaroslavl/32/2021,A/Kansas/14/2017,320
A/Belgium/G0127/2021,A/Kansas/14/2017,40
A/Vladivostok/12/2021,A/Kansas/14/2017,80
A/Velikiy Novgorod/46/2021,A/Kansas/14/2017,80
A/Orenburg/44/2021,A/Kansas/14/2017,160
A/Vladivostok/14/2021,A/Kansas/14/2017,80
A/Vladimir/40/2021,A/Kansas/14/2017,160
A/Orenburg/41/2021,A/Kansas/14/2017,160
A/Moscow/38/2021,A/Kansas/14/2017,160
A/Orenburg/45/2021,A/Kansas/14/2017,160
A/Moscow/43/2021,A/Kansas/14/2017,160
A/Velikiy Novgorod/49/2021,A/Kansas/14/2017,80
A/Mahajanga/13255/2021,A/Kansas/14/2017,160
A/Spain/89/2021,A/Kansas/14/2017,40
A/Spain/87/2021,A/Kansas/14/2017,40
A/Spain/84/2021,A/Kansas/14/2017,40
A/Spain/83/2021,A/Kansas/14/2017,40
A/Spain/82/2021,A/Kansas/14/2017,40
A/Spain/81/2021,A/Kansas/14/2017,40
A/Lebanon/8515/2021,A/Kansas/14/2017,40
A/Lebanon/8510/2021,A/Kansas/14/2017,40
A/Lebanon/8505/2021,A/Kansas/14/2017,40
A/Lebanon/8500/2021,A/Kansas/14/2017,80
A/Lebanon/8497/2021,A/Kansas/14/2017,40
A/Estonia/168139/2022,A/Kansas/14/2017,80
A/Estonia/168142/2022,A/Kansas/14/2017,40
A/Estonia/168141/2022,A/Kansas/14/2017,40
A/Estonia/168131/2022,A/Kansas/14/2017,80
A/Armenia/19/2022,A/Kansas/14/2017,160
A/Denmark/3264/2019,A/Denmark/3264/2019,320
A/Hong Kong/2671/2019,A/Denmark/3264/2019,320
A/Cambodia/925256/2020,A/Denmark/3264/2019,160
A/Cambodia/e0826360/2020,A/Denmark/3264/2019,160
A/Bangladesh/4005/2020,A/Denmark/3264/2019,160
A/Stockholm/5/2021,A/Denmark/3264/2019,80
A/Darwin/9/2021,A/Denmark/3264/2019,160
A/Kansas/14/2017,A/Denmark/3264/2019,80
A/Ireland/92285/2021,A/Denmark/3264/2019,160
A/Ireland/2707/2021,A/Denmark/3264/2019,40
A/Berlin/4/2021,A/Denmark/3264/2019,160
A/Ireland/6979/2021,A/Denmark/3264/2019,80
A/Nordrhein-Westfalen/1/2021,A/Denmark/3264/2019,1280
A/Rheinland-Pfalz/2/2021,A/Denmark/3264/2019,160
A/Nordrhein-Westfalen/2/2021,A/Denmark/3264/2019,80
A/Berlin/5/2021,A/Denmark/3264/2019,80
A/Baden-Wurttemberg/2/2021,A/Denmark/3264/2019,160
A/Nordrhein-Westfalen/3/2021,A/Denmark/3264/2019,80
A/Berlin/6/2021,A/Denmark/3264/2019,80
A/Berlin/7/2021,A/Denmark/3264/2019,160
A/Saarland/1/2022,A/Denmark/3264/2019,80
A/Thuringen/1/2022,A/Denmark/3264/2019,160
A/Kyiv/41/2022,A/Denmark/3264/2019,160
A/Norway/409/2022,A/Denmark/3264/2019,40
A/Hessen/1/2022,A/Denmark/3264/2019,80
A/Kyiv/7/2022,A/Denmark/3264/2019,160
A/Kyiv/5/2022,A/Denmark/3264/2019,160
A/Kyiv/4/2022,A/Denmark/3264/2019,80
A/Kyiv/3/2022,A/Denmark/3264/2019,160
A/Kyiv/1/2022,A/Denmark/3264/2019,160
A/Norway/530/2022,A/Denmark/3264/2019,80
A/Norway/676/2022,A/Denmark/3264/2019,320
A/Serbia/206/2022,A/Denmark/3264/2019,160
A/Serbia/416478/2022,A/Denmark/3264/2019,160
A/Serbia/416476/2022,A/Denmark/3264/2019,160
A/Serbia/416473/2022,A/Denmark/3264/2019,80
A/Serbia/336/2022,A/Denmark/3264/2019,160
A/South Africa/R14962/2021,A/Denmark/3264/2019,320
A/Denmark/3264/2019,A/Hong Kong/2671/2019,640
A/Hong Kong/2671/2019,A/Hong Kong/2671/2019,320
A/Cambodia/925256/2020,A/Hong Kong/2671/2019,160
A/Cambodia/e0826360/2020,A/Hong Kong/2671/2019,<40
A/Bangladesh/4005/2020,A/Hong Kong/2671/2019,80
A/Stockholm/5/2021,A/Hong Kong/2671/2019,40
A/Darwin/9/2021,A/Hong Kong/2671/2019,40
A/Kansas/14/2017,A/Hong Kong/2671/2019,40
A/Ireland/92285/2021,A/Hong Kong/2671/2019,40
A/Ireland/2707/2021,A/Hong Kong/2671/2019,<40
A/Berlin/4/2021,A/Hong Kong/2671/2019,<40
A/Ireland/6979/2021,A/Hong Kong/2671/2019,<40
A/Nordrhein-Westfalen/1/2021,A/Hong Kong/2671/2019,320
A/Rheinland-Pfalz/2/2021,A/Hong Kong/2671/2019,<40
A/Nordrhein-Westfalen/2/2021,A/Hong Kong/2671/2019,<40
A/Berlin/5/2021,A/Hong Kong/2671/2019,<40
A/Baden-Wurttemberg/2/2021,A/Hong Kong/2671/2019,80
A/Nordrhein-Westfalen/3/2021,A/Hong Kong/2671/2019,<40
A/Berlin/6/2021,A/Hong Kong/2671/2019,<40
A/Berlin/7/2021,A/Hong Kong/2671/2019,40
A/Saarland/1/2022,A/Hong Kong/2671/2019,<40
A/Thuringen/1/2022,A/Hong Kong/2671/2019,40
A/Kyiv/41/2022,A/Hong Kong/2671/2019,80
A/Norway/409/2022,A/Hong Kong/2671/2019,<40
A/Hessen/1/2022,A/Hong Kong/2671/2019,<40
A/Kyiv/7/2022,A/Hong Kong/2671/2019,40
A/Kyiv/5/2022,A/Hong Kong/2671/2019,40
A/Kyiv/4/2022,A/Hong Kong/2671/2019,<40
A/Kyiv/3/2022,A/Hong Kong/2671/2019,<40
A/Kyiv/1/2022,A/Hong Kong/2671/2019,<40
A/Norway/530/2022,A/Hong Kong/2671/2019,<40
A/Norway/676/2022,A/Hong Kong/2671/2019,160
A/Serbia/206/2022,A/Hong Kong/2671/2019,40
A/Serbia/416478/2022,A/Hong Kong/2671/2019,40
A/Serbia/416476/2022,A/Hong Kong/2671/2019,40
A/Serbia/416473/2022,A/Hong Kong/2671/2019,<40
A/Serbia/336/2022,A/Hong Kong/2671/2019,40
A/South Africa/R14962/2021,A/Hong Kong/2671/2019,160
A/Denmark/3264/2019,A/Cambodia/925256/2020,1280
A/Hong Kong/2671/2019,A/Cambodia/925256/2020,640
A/Cambodia/925256/2020,A/Cambodia/925256/2020,1280
A/Cambodia/e0826360/2020,A/Cambodia/925256/2020,160
A/Bangladesh/4005/2020,A/Cambodia/925256/2020,320
A/Stockholm/5/2021,A/Cambodia/925256/2020,160
A/Darwin/9/2021,A/Cambodia/925256/2020,160
A/Kansas/14/2017,A/Cambodia/925256/2020,160
A/Ireland/92285/2021,A/Cambodia/925256/2020,160
A/Ireland/2707/2021,A/Cambodia/925256/2020,80
A/Berlin/4/2021,A/Cambodia/925256/2020,80
A/Ireland/6979/2021,A/Cambodia/925256/2020,80
A/Nordrhein-Westfalen/1/2021,A/Cambodia/925256/2020,320
A/Rheinland-Pfalz/2/2021,A/Cambodia/925256/2020,80
A/Nordrhein-Westfalen/2/2021,A/Cambodia/925256/2020,40
A/Berlin/5/2021,A/Cambodia/925256/2020,40
A/Baden-Wurttemberg/2/2021,A/Cambodia/925256/2020,160
A/Nordrhein-Westfalen/3/2021,A/Cambodia/925256/2020,80
A/Berlin/6/2021,A/Cambodia/925256/2020,80
A/Berlin/7/2021,A/Cambodia/925256/2020,80
A/Saarland/1/2022,A/Cambodia/925256/2020,80
A/Thuringen/1/2022,A/Cambodia/925256/2020,80
A/Kyiv/41/2022,A/Cambodia/925256/2020,160
A/Norway/409/2022,A/Cambodia/925256/2020,40
A/Hessen/1/2022,A/Cambodia/925256/2020,80
A/Kyiv/7/2022,A/Cambodia/925256/2020,80
A/Kyiv/5/2022,A/Cambodia/925256/2020,80
A/Kyiv/4/2022,A/Cambodia/925256/2020,80
A/Kyiv/3/2022,A/Cambodia/925256/2020,80
A/Kyiv/1/2022,A/Cambodia/925256/2020,80
A/Norway/530/2022,A/Cambodia/925256/2020,40
A/Norway/676/2022,A/Cambodia/925256/2020,160
A/Serbia/206/2022,A/Cambodia/925256/2020,80
A/Serbia/416478/2022,A/Cambodia/925256/2020,80
A/Serbia/416476/2022,A/Cambodia/925256/2020,80
A/Serbia/416473/2022,A/Cambodia/925256/2020,80
A/Serbia/336/2022,A/Cambodia/925256/2020,80
A/South Africa/R14962/2021,A/Cambodia/925256/2020,160
A/Denmark/3264/2019,A/Cambodia/e0826360/2020,320
A/Hong Kong/2671/2019,A/Cambodia/e0826360/2020,160
A/Cambodia/925256/2020,A/Cambodia/e0826360/2020,160
A/Cambodia/e0826360/2020,A/Cambodia/e0826360/2020,2560
A/Bangladesh/4005/2020,A/Cambodia/e0826360/2020,320
A/Stockholm/5/2021,A/Cambodia/e0826360/2020,160
A/Darwin/9/2021,A/Cambodia/e0826360/2020,320
A/Kansas/14/2017,A/Cambodia/e0826360/2020,80
A/Ireland/92285/2021,A/Cambodia/e0826360/2020,640
A/Ireland/2707/2021,A/Cambodia/e0826360/2020,80
A/Berlin/4/2021,A/Cambodia/e0826360/2020,80
A/Ireland/6979/2021,A/Cambodia/e0826360/2020,80
A/Nordrhein-Westfalen/1/2021,A/Cambodia/e0826360/2020,1280
A/Rheinland-Pfalz/2/2021,A/Cambodia/e0826360/2020,80
A/Nordrhein-Westfalen/2/2021,A/Cambodia/e0826360/2020,80
A/Berlin/5/2021,A/Cambodia/e0826360/2020,80
A/Baden-Wurttemberg/2/2021,A/Cambodia/e0826360/2020,160
A/Nordrhein-Westfalen/3/2021,A/Cambodia/e0826360/2020,80
A/Berlin/6/2021,A/Cambodia/e0826360/2020,80
A/Berlin/7/2021,A/Cambodia/e0826360/2020,80
A/Saarland/1/2022,A/Cambodia/e0826360/2020,80
A/Thuringen/1/2022,A/Cambodia/e0826360/2020,80
A/Kyiv/41/2022,A/Cambodia/e0826360/2020,320
A/Norway/409/2022,A/Cambodia/e0826360/2020,40
A/Hessen/1/2022,A/Cambodia/e0826360/2020,80
A/Kyiv/7/2022,A/Cambodia/e0826360/2020,160
A/Kyiv/5/2022,A/Cambodia/e0826360/2020,160
A/Kyiv/4/2022,A/Cambodia/e0826360/2020,80
A/Kyiv/3/2022,A/Cambodia/e0826360/2020,160
A/Kyiv/1/2022,A/Cambodia/e0826360/2020,160
A/Norway/530/2022,A/Cambodia/e0826360/2020,80
A/Norway/676/2022,A/Cambodia/e0826360/2020,320
A/Serbia/206/2022,A/Cambodia/e0826360/2020,160
A/Serbia/416478/2022,A/Cambodia/e0826360/2020,160
A/Serbia/416476/2022,A/Cambodia/e0826360/2020,160
A/Serbia/416473/2022,A/Cambodia/e0826360/2020,160
A/Serbia/336/2022,A/Cambodia/e0826360/2020,80
A/South Africa/R14962/2021,A/Cambodia/e0826360/2020,640
A/Denmark/3264/2019,A/Bangladesh/4005/2020,320
A/Hong Kong/2671/2019,A/Bangladesh/4005/2020,320
A/Cambodia/925256/2020,A/Bangladesh/4005/2020,160
A/Cambodia/e0826360/2020,A/Bangladesh/4005/2020,320
A/Bangladesh/4005/2020,A/Bangladesh/4005/2020,640
A/Stockholm/5/2021,A/Bangladesh/4005/2020,320
A/Darwin/9/2021,A/Bangladesh/4005/2020,640
A/Kansas/14/2017,A/Bangladesh/4005/2020,80
A/Ireland/92285/2021,A/Bangladesh/4005/2020,640
A/Ireland/2707/2021,A/Bangladesh/4005/2020,160
A/Berlin/4/2021,A/Bangladesh/4005/2020,320
A/Ireland/6979/2021,A/Bangladesh/4005/2020,160
A/Nordrhein-Westfalen/1/2021,A/Bangladesh/4005/2020,640
A/Rheinland-Pfalz/2/2021,A/Bangladesh/4005/2020,320
A/Nordrhein-Westfalen/2/2021,A/Bangladesh/4005/2020,160
A/Berlin/5/2021,A/Bangladesh/4005/2020,160
A/Baden-Wurttemberg/2/2021,A/Bangladesh/4005/2020,320
A/Nordrhein-Westfalen/3/2021,A/Bangladesh/4005/2020,160
A/Berlin/6/2021,A/Bangladesh/4005/2020,160
A/Berlin/7/2021,A/Bangladesh/4005/2020,320
A/Saarland/1/2022,A/Bangladesh/4005/2020,160
A/Thuringen/1/2022,A/Bangladesh/4005/2020,320
A/Kyiv/41/2022,A/Bangladesh/4005/2020,640
A/Norway/409/2022,A/Bangladesh/4005/2020,80
A/Hessen/1/2022,A/Bangladesh/4005/2020,160
A/Kyiv/7/2022,A/Bangladesh/4005/2020,320
A/Kyiv/5/2022,A/Bangladesh/4005/2020,320
A/Kyiv/4/2022,A/Bangladesh/4005/2020,320
A/Kyiv/3/2022,A/Bangladesh/4005/2020,320
A/Kyiv/1/2022,A/Bangladesh/4005/2020,320
A/Norway/530/2022,A/Bangladesh/4005/2020,160
A/Norway/676/2022,A/Bangladesh/4005/2020,640
A/Serbia/206/2022,A/Bangladesh/4005/2020,320
A/Serbia/416478/2022,A/Bangladesh/4005/2020,320
A/Serbia/416476/2022,A/Bangladesh/4005/2020,320
A/Serbia/416473/2022,A/Bangladesh/4005/2020,320
A/Serbia/336/2022,A/Bangladesh/4005/2020,320
A/South Africa/R14962/2021,A/Bangladesh/4005/2020,320
A/Denmark/3264/2019,A/Stockholm/5/2021,320
A/Hong Kong/2671/2019,A/Stockholm/5/2021,160
A/Cambodia/925256/2020,A/Stockholm/5/2021,160
A/Cambodia/e0826360/2020,A/Stockholm/5/2021,320
A/Bangladesh/4005/2020,A/Stockholm/5/2021,640
A/Stockholm/5/2021,A/Stockholm/5/2021,1280
A/Darwin/9/2021,A/Stockholm/5/2021,1280
A/Kansas/14/2017,A/Stockholm/5/2021,160
A/Ireland/92285/2021,A/Stockholm/5/2021,640
A/Ireland/2707/2021,A/Stockholm/5/2021,320
A/Berlin/4/2021,A/Stockholm/5/2021,640
A/Ireland/6979/2021,A/Stockholm/5/2021,640
A/Nordrhein-Westfalen/1/2021,A/Stockholm/5/2021,2560
A/Rheinland-Pfalz/2/2021,A/Stockholm/5/2021,640
A/Nordrhein-Westfalen/2/2021,A/Stockholm/5/2021,160
A/Berlin/5/2021,A/Stockholm/5/2021,320
A/Baden-Wurttemberg/2/2021,A/Stockholm/5/2021,640
A/Nordrhein-Westfalen/3/2021,A/Stockholm/5/2021,640
A/Berlin/6/2021,A/Stockholm/5/2021,640
A/Berlin/7/2021,A/Stockholm/5/2021,640
A/Saarland/1/2022,A/Stockholm/5/2021,640
A/Thuringen/1/2022,A/Stockholm/5/2021,640
A/Kyiv/41/2022,A/Stockholm/5/2021,640
A/Norway/409/2022,A/Stockholm/5/2021,320
A/Hessen/1/2022,A/Stockholm/5/2021,640
A/Kyiv/7/2022,A/Stockholm/5/2021,640
A/Kyiv/5/2022,A/Stockholm/5/2021,640
A/Kyiv/4/2022,A/Stockholm/5/2021,640
A/Kyiv/3/2022,A/Stockholm/5/2021,640
A/Kyiv/1/2022,A/Stockholm/5/2021,640
A/Norway/530/2022,A/Stockholm/5/2021,320
A/Norway/676/2022,A/Stockholm/5/2021,320
A/Serbia/206/2022,A/Stockholm/5/2021,640
A/Serbia/416478/2022,A/Stockholm/5/2021,640
A/Serbia/416476/2022,A/Stockholm/5/2021,640
A/Serbia/416473/2022,A/Stockholm/5/2021,640
A/Serbia/336/2022,A/Stockholm/5/2021,640
A/South Africa/R14962/2021,A/Stockholm/5/2021,320
A/Denmark/3264/2019,A/Darwin/9/2021,640
A/Hong Kong/2671/2019,A/Darwin/9/2021,320
A/Cambodia/925256/2020,A/Darwin/9/2021,320
A/Cambodia/e0826360/2020,A/Darwin/9/2021,640
A/Bangladesh/4005/2020,A/Darwin/9/2021,1280
A/Stockholm/5/2021,A/Darwin/9/2021,2560
A/Darwin/9/2021,A/Darwin/9/2021,5120
A/Kansas/14/2017,A/Darwin/9/2021,160
A/Ireland/92285/2021,A/Darwin/9/2021,1280
A/Ireland/2707/2021,A/Darwin/9/2021,640
A/Berlin/4/2021,A/Darwin/9/2021,1280
A/Ireland/6979/2021,A/Darwin/9/2021,1280
A/Nordrhein-Westfalen/1/2021,A/Darwin/9/2021,2560
A/Rheinland-Pfalz/2/2021,A/Darwin/9/2021,1280
A/Nordrhein-Westfalen/2/2021,A/Darwin/9/2021,640
A/Berlin/5/2021,A/Darwin/9/2021,1280
A/Baden-Wurttemberg/2/2021,A/Darwin/9/2021,1280
A/Nordrhein-Westfalen/3/2021,A/Darwin/9/2021,1280
A/Berlin/6/2021,A/Darwin/9/2021,1280
A/Berlin/7/2021,A/Darwin/9/2021,1280
A/Saarland/1/2022,A/Darwin/9/2021,1280
A/Thuringen/1/2022,A/Darwin/9/2021,1280
A/Kyiv/41/2022,A/Darwin/9/2021,2560
A/Norway/409/2022,A/Darwin/9/2021,640
A/Hessen/1/2022,A/Darwin/9/2021,1280
A/Kyiv/7/2022,A/Darwin/9/2021,2560
A/Kyiv/5/2022,A/Darwin/9/2021,1280
A/Kyiv/4/2022,A/Darwin/9/2021,1280
A/Kyiv/3/2022,A/Darwin/9/2021,1280
A/Kyiv/1/2022,A/Darwin/9/2021,1280
A/Norway/530/2022,A/Darwin/9/2021,1280
A/Norway/676/2022,A/Darwin/9/2021,1280
A/Serbia/206/2022,A/Darwin/9/2021,1280
A/Serbia/416478/2022,A/Darwin/9/2021,1280
A/Serbia/416476/2022,A/Darwin/9/2021,1280
A/Serbia/416473/2022,A/Darwin/9/2021,1280
A/Serbia/336/2022,A/Darwin/9/2021,1280
A/South Africa/R14962/2021,A/Darwin/9/2021,640
A/Denmark/3264/2019,A/Kansas/14/2017,160
A/Hong Kong/2671/2019,A/Kansas/14/2017,160
A/Cambodia/925256/2020,A/Kansas/14/2017,160
A/Cambodia/e0826360/2020,A/Kansas/14/2017,160
A/Bangladesh/4005/2020,A/Kansas/14/2017,320
A/Stockholm/5/2021,A/Kansas/14/2017,80
A/Darwin/9/2021,A/Kansas/14/2017,160
A/Kansas/14/2017,A/Kansas/14/2017,640
A/Ireland/92285/2021,A/Kansas/14/2017,320
A/Ireland/2707/2021,A/Kansas/14/2017,40
A/Berlin/4/2021,A/Kansas/14/2017,40
A/Ireland/6979/2021,A/Kansas/14/2017,40
A/Nordrhein-Westfalen/1/2021,A/Kansas/14/2017,320
A/Rheinland-Pfalz/2/2021,A/Kansas/14/2017,40
A/Nordrhein-Westfalen/2/2021,A/Kansas/14/2017,40
A/Berlin/5/2021,A/Kansas/14/2017,40
A/Baden-Wurttemberg/2/2021,A/Kansas/14/2017,160
A/Nordrhein-Westfalen/3/2021,A/Kansas/14/2017,40
A/Berlin/6/2021,A/Kansas/14/2017,40
A/Berlin/7/2021,A/Kansas/14/2017,40
A/Saarland/1/2022,A/Kansas/14/2017,40
A/Thuringen/1/2022,A/Kansas/14/2017,40
A/Kyiv/41/2022,A/Kansas/14/2017,160
A/Norway/409/2022,A/Kansas/14/2017,<40
A/Hessen/1/2022,A/Kansas/14/2017,40
A/Kyiv/7/2022,A/Kansas/14/2017,40
A/Kyiv/5/2022,A/Kansas/14/2017,40
A/Kyiv/4/2022,A/Kansas/14/2017,40
A/Kyiv/3/2022,A/Kansas/14/2017,40
A/Kyiv/1/2022,A/Kansas/14/2017,40
A/Norway/530/2022,A/Kansas/14/2017,<40
A/Norway/676/2022,A/Kansas/14/2017,320
A/Serbia/206/2022,A/Kansas/14/2017,40
A/Serbia/416478/2022,A/Kansas/14/2017,40
A/Serbia/416476/2022,A/Kansas/14/2017,40
A/Serbia/416473/2022,A/Kansas/14/2017,40
A/Serbia/336/2022,A/Kansas/14/2017,40
A/South Africa/R14962/2021,A/Kansas/14/2017,160
A/Denmark/3264/2019,A/Denmark/3264/2019,320
A/Hong Kong/2671/2019,A/Denmark/3264/2019,160
A/Cambodia/925256/2020,A/Denmark/3264/2019,160
A/Cambodia/e0826360/2020,A/Denmark/3264/2019,160
A/Bangladesh/4005/2020,A/Denmark/3264/2019,320
A/Stockholm/5/2021,A/Denmark/3264/2019,80
A/Darwin/9/2021,A/Denmark/3264/2019,160
A/Kansas/14/2017,A/Denmark/3264/2019,40
A/Akkar.LBN/6574/2021,A/Denmark/3264/2019,40
A/Zghorta.LBN/6633/2021,A/Denmark/3264/2019,40
A/Akkar.LBN/6728/2021,A/Denmark/3264/2019,80
A/Minieh Dinieh.LBN/6926/2021,A/Denmark/3264/2019,80
A/Zahleh.LBN/6895/2021,A/Denmark/3264/2019,80
A/Seeb/72128338/2021,A/Denmark/3264/2019,40
A/Bazoureyeh.LBN/7037/2021,A/Denmark/3264/2019,80
A/Zahleh.LBN/7063/2021,A/Denmark/3264/2019,80
A/Zahleh.LBN/7060/2021,A/Denmark/3264/2019,80
A/Zahleh.LBN/7292/2021,A/Denmark/3264/2019,40
A/Ireland/4594/2021,A/Denmark/3264/2019,40
A/BuenosAires/R1/2022,A/Denmark/3264/2019,40
A/Latvia/12-045953/2021,A/Denmark/3264/2019,40
A/Switzerland/98693/2021,A/Denmark/3264/2019,80
A/Latvia/12-091326/2021,A/Denmark/3264/2019,160
A/Latvia/12-091325/2021,A/Denmark/3264/2019,320
A/Latvia/12-091317/2021,A/Denmark/3264/2019,160
A/Latvia/12-097744/2021,A/Denmark/3264/2019,40
A/BuenosAires/R12/2022,A/Denmark/3264/2019,40
A/BuenosAires/R11/2022,A/Denmark/3264/2019,40
A/Latvia/01-036169/2022,A/Denmark/3264/2019,160
A/BuenosAires/R15/2022,A/Denmark/3264/2019,40
A/Norway/675/2022,A/Denmark/3264/2019,160
A/BuenosAires/R2/2022,A/Denmark/3264/2019,40
A/Latvia/01-089648/2022,A/Denmark/3264/2019,40
A/Norway/31262/2021,A/Denmark/3264/2019,160
A/Denmark/3264/2019,A/Hong Kong/2671/2019,320
A/Hong Kong/2671/2019,A/Hong Kong/2671/2019,320
A/Cambodia/925256/2020,A/Hong Kong/2671/2019,160
A/Cambodia/e0826360/2020,A/Hong Kong/2671/2019,40
A/Bangladesh/4005/2020,A/Hong Kong/2671/2019,80
A/Stockholm/5/2021,A/Hong Kong/2671/2019,<40
A/Darwin/9/2021,A/Hong Kong/2671/2019,<40
A/Kansas/14/2017,A/Hong Kong/2671/2019,<40
A/Akkar.LBN/6574/2021,A/Hong Kong/2671/2019,<40
A/Zghorta.LBN/6633/2021,A/Hong Kong/2671/2019,<40
A/Akkar.LBN/6728/2021,A/Hong Kong/2671/2019,<40
A/Minieh Dinieh.LBN/6926/2021,A/Hong Kong/2671/2019,<40
A/Zahleh.LBN/6895/2021,A/Hong Kong/2671/2019,<40
A/Seeb/72128338/2021,A/Hong Kong/2671/2019,<40
A/Bazoureyeh.LBN/7037/2021,A/Hong Kong/2671/2019,<40
A/Zahleh.LBN/7063/2021,A/Hong Kong/2671/2019,<40
A/Zahleh.LBN/7060/2021,A/Hong Kong/2671/2019,<40
A/Zahleh.LBN/7292/2021,A/Hong Kong/2671/2019,<40
A/Ireland/4594/2021,A/Hong Kong/2671/2019,<40
A/BuenosAires/R1/2022,A/Hong Kong/2671/2019,<40
A/Latvia/12-045953/2021,A/Hong Kong/2671/2019,<40
A/Switzerland/98693/2021,A/Hong Kong/2671/2019,<40
A/Latvia/12-091326/2021,A/Hong Kong/2671/2019,<40
A/Latvia/12-091325/2021,A/Hong Kong/2671/2019,40
A/Latvia/12-091317/2021,A/Hong Kong/2671/2019,<40
A/Latvia/12-097744/2021,A/Hong Kong/2671/2019,<40
A/BuenosAires/R12/2022,A/Hong Kong/2671/2019,<40
A/BuenosAires/R11/2022,A/Hong Kong/2671/2019,<40
A/Latvia/01-036169/2022,A/Hong Kong/2671/2019,<40
A/BuenosAires/R15/2022,A/Hong Kong/2671/2019,<40
A/Norway/675/2022,A/Hong Kong/2671/2019,<40
A/BuenosAires/R2/2022,A/Hong Kong/2671/2019,<40
A/Latvia/01-089648/2022,A/Hong Kong/2671/2019,<40
A/Norway/31262/2021,A/Hong Kong/2671/2019,80
A/Denmark/3264/2019,A/Cambodia/925256/2020,640
A/Hong Kong/2671/2019,A/Cambodia/925256/2020,640
A/Cambodia/925256/2020,A/Cambodia/925256/2020,1280
A/Cambodia/e0826360/2020,A/Cambodia/925256/2020,160
A/Bangladesh/4005/2020,A/Cambodia/925256/2020,160
A/Stockholm/5/2021,A/Cambodia/925256/2020,80
A/Darwin/9/2021,A/Cambodia/925256/2020,160
A/Kansas/14/2017,A/Cambodia/925256/2020,80
A/Akkar.LBN/6574/2021,A/Cambodia/925256/2020,40
A/Zghorta.LBN/6633/2021,A/Cambodia/925256/2020,40
A/Akkar.LBN/6728/2021,A/Cambodia/925256/2020,40
A/Minieh Dinieh.LBN/6926/2021,A/Cambodia/925256/2020,40
A/Zahleh.LBN/6895/2021,A/Cambodia/925256/2020,80
A/Seeb/72128338/2021,A/Cambodia/925256/2020,40
A/Bazoureyeh.LBN/7037/2021,A/Cambodia/925256/2020,40
A/Zahleh.LBN/7063/2021,A/Cambodia/925256/2020,40
A/Zahleh.LBN/7060/2021,A/Cambodia/925256/2020,40
A/Zahleh.LBN/7292/2021,A/Cambodia/925256/2020,40
A/Ireland/4594/2021,A/Cambodia/925256/2020,40
A/BuenosAires/R1/2022,A/Cambodia/925256/2020,40
A/Latvia/12-045953/2021,A/Cambodia/925256/2020,40
A/Switzerland/98693/2021,A/Cambodia/925256/2020,40
A/Latvia/12-091326/2021,A/Cambodia/925256/2020,80
A/Latvia/12-091325/2021,A/Cambodia/925256/2020,160
A/Latvia/12-091317/2021,A/Cambodia/925256/2020,40
A/Latvia/12-097744/2021,A/Cambodia/925256/2020,40
A/BuenosAires/R12/2022,A/Cambodia/925256/2020,40
A/BuenosAires/R11/2022,A/Cambodia/925256/2020,80
A/Latvia/01-036169/2022,A/Cambodia/925256/2020,160
A/BuenosAires/R15/2022,A/Cambodia/925256/2020,40
A/Norway/675/2022,A/Cambodia/925256/2020,80
A/BuenosAires/R2/2022,A/Cambodia/925256/2020,40
A/Latvia/01-089648/2022,A/Cambodia/925256/2020,40
A/Norway/31262/2021,A/Cambodia/925256/2020,320
A/Denmark/3264/2019,A/Cambodia/e0826360/2020,160
A/Hong Kong/2671/2019,A/Cambodia/e0826360/2020,160
A/Cambodia/925256/2020,A/Cambodia/e0826360/2020,320
A/Cambodia/e0826360/2020,A/Cambodia/e0826360/2020,1280
A/Bangladesh/4005/2020,A/Cambodia/e0826360/2020,320
A/Stockholm/5/2021,A/Cambodia/e0826360/2020,160
A/Darwin/9/2021,A/Cambodia/e0826360/2020,320
A/Kansas/14/2017,A/Cambodia/e0826360/2020,80
A/Akkar.LBN/6574/2021,A/Cambodia/e0826360/2020,40
A/Zghorta.LBN/6633/2021,A/Cambodia/e0826360/2020,80
A/Akkar.LBN/6728/2021,A/Cambodia/e0826360/2020,80
A/Minieh Dinieh.LBN/6926/2021,A/Cambodia/e0826360/2020,80
A/Zahleh.LBN/6895/2021,A/Cambodia/e0826360/2020,80
A/Seeb/72128338/2021,A/Cambodia/e0826360/2020,40
A/Bazoureyeh.LBN/7037/2021,A/Cambodia/e0826360/2020,80
A/Zahleh.LBN/7063/2021,A/Cambodia/e0826360/2020,40
A/Zahleh.LBN/7060/2021,A/Cambodia/e0826360/2020,40
A/Zahleh.LBN/7292/2021,A/Cambodia/e0826360/2020,40
A/Ireland/4594/2021,A/Cambodia/e0826360/2020,40
A/BuenosAires/R1/2022,A/Cambodia/e0826360/2020,80
A/Latvia/12-045953/2021,A/Cambodia/e0826360/2020,80
A/Switzerland/98693/2021,A/Cambodia/e0826360/2020,80
A/Latvia/12-091326/2021,A/Cambodia/e0826360/2020,160
A/Latvia/12-091325/2021,A/Cambodia/e0826360/2020,640
A/Latvia/12-091317/2021,A/Cambodia/e0826360/2020,160
A/Latvia/12-097744/2021,A/Cambodia/e0826360/2020,40
A/BuenosAires/R12/2022,A/Cambodia/e0826360/2020,40
A/BuenosAires/R11/2022,A/Cambodia/e0826360/2020,80
A/Latvia/01-036169/2022,A/Cambodia/e0826360/2020,320
A/BuenosAires/R15/2022,A/Cambodia/e0826360/2020,80
A/Norway/675/2022,A/Cambodia/e0826360/2020,320
A/BuenosAires/R2/2022,A/Cambodia/e0826360/2020,40
A/Latvia/01-089648/2022,A/Cambodia/e0826360/2020,40
A/Norway/31262/2021,A/Cambodia/e0826360/2020,80
A/Denmark/3264/2019,A/Bangladesh/4005/2020,320
A/Hong Kong/2671/2019,A/Bangladesh/4005/2020,320
A/Cambodia/925256/2020,A/Bangladesh/4005/2020,320
A/Cambodia/e0826360/2020,A/Bangladesh/4005/2020,160
A/Bangladesh/4005/2020,A/Bangladesh/4005/2020,640
A/Stockholm/5/2021,A/Bangladesh/4005/2020,320
A/Darwin/9/2021,A/Bangladesh/4005/2020,320
A/Kansas/14/2017,A/Bangladesh/4005/2020,80
A/Akkar.LBN/6574/2021,A/Bangladesh/4005/2020,160
A/Zghorta.LBN/6633/2021,A/Bangladesh/4005/2020,160
A/Akkar.LBN/6728/2021,A/Bangladesh/4005/2020,320
A/Minieh Dinieh.LBN/6926/2021,A/Bangladesh/4005/2020,320
A/Zahleh.LBN/6895/2021,A/Bangladesh/4005/2020,320
A/Seeb/72128338/2021,A/Bangladesh/4005/2020,320
A/Bazoureyeh.LBN/7037/2021,A/Bangladesh/4005/2020,160
A/Zahleh.LBN/7063/2021,A/Bangladesh/4005/2020,160
A/Zahleh.LBN/7060/2021,A/Bangladesh/4005/2020,160
A/Zahleh.LBN/7292/2021,A/Bangladesh/4005/2020,160
A/Ireland/4594/2021,A/Bangladesh/4005/2020,160
A/BuenosAires/R1/2022,A/Bangladesh/4005/2020,160
A/Latvia/12-045953/2021,A/Bangladesh/4005/2020,160
A/Switzerland/98693/2021,A/Bangladesh/4005/2020,320
A/Latvia/12-091326/2021,A/Bangladesh/4005/2020,320
A/Latvia/12-091325/2021,A/Bangladesh/4005/2020,640
A/Latvia/12-091317/2021,A/Bangladesh/4005/2020,320
A/Latvia/12-097744/2021,A/Bangladesh/4005/2020,80
A/BuenosAires/R12/2022,A/Bangladesh/4005/2020,160
A/BuenosAires/R11/2022,A/Bangladesh/4005/2020,160
A/Latvia/01-036169/2022,A/Bangladesh/4005/2020,320
A/BuenosAires/R15/2022,A/Bangladesh/4005/2020,160
A/Norway/675/2022,A/Bangladesh/4005/2020,320
A/BuenosAires/R2/2022,A/Bangladesh/4005/2020,160
A/Latvia/01-089648/2022,A/Bangladesh/4005/2020,160
A/Norway/31262/2021,A/Bangladesh/4005/2020,80
A/Denmark/3264/2019,A/Stockholm/5/2021,160
A/Hong Kong/2671/2019,A/Stockholm/5/2021,160
A/Cambodia/925256/2020,A/Stockholm/5/2021,320
A/Cambodia/e0826360/2020,A/Stockholm/5/2021,320
A/Bangladesh/4005/2020,A/Stockholm/5/2021,640
A/Stockholm/5/2021,A/Stockholm/5/2021,640
A/Darwin/9/2021,A/Stockholm/5/2021,640
A/Kansas/14/2017,A/Stockholm/5/2021,80
A/Akkar.LBN/6574/2021,A/Stockholm/5/2021,320
A/Zghorta.LBN/6633/2021,A/Stockholm/5/2021,320
A/Akkar.LBN/6728/2021,A/Stockholm/5/2021,640
A/Minieh Dinieh.LBN/6926/2021,A/Stockholm/5/2021,640
A/Zahleh.LBN/6895/2021,A/Stockholm/5/2021,640
A/Seeb/72128338/2021,A/Stockholm/5/2021,640
A/Bazoureyeh.LBN/7037/2021,A/Stockholm/5/2021,320
A/Zahleh.LBN/7063/2021,A/Stockholm/5/2021,640
A/Zahleh.LBN/7060/2021,A/Stockholm/5/2021,640
A/Zahleh.LBN/7292/2021,A/Stockholm/5/2021,320
A/Ireland/4594/2021,A/Stockholm/5/2021,320
A/BuenosAires/R1/2022,A/Stockholm/5/2021,320
A/Latvia/12-045953/2021,A/Stockholm/5/2021,320
A/Switzerland/98693/2021,A/Stockholm/5/2021,640
A/Latvia/12-091326/2021,A/Stockholm/5/2021,640
A/Latvia/12-091325/2021,A/Stockholm/5/2021,1280
A/Latvia/12-091317/2021,A/Stockholm/5/2021,320
A/Latvia/12-097744/2021,A/Stockholm/5/2021,160
A/BuenosAires/R12/2022,A/Stockholm/5/2021,320
A/BuenosAires/R11/2022,A/Stockholm/5/2021,320
A/Latvia/01-036169/2022,A/Stockholm/5/2021,640
A/BuenosAires/R15/2022,A/Stockholm/5/2021,320
A/Norway/675/2022,A/Stockholm/5/2021,640
A/BuenosAires/R2/2022,A/Stockholm/5/2021,320
A/Latvia/01-089648/2022,A/Stockholm/5/2021,320
A/Norway/31262/2021,A/Stockholm/5/2021,40
A/Denmark/3264/2019,A/Darwin/9/2021,320
A/Hong Kong/2671/2019,A/Darwin/9/2021,320
A/Cambodia/925256/2020,A/Darwin/9/2021,640
A/Cambodia/e0826360/2020,A/Darwin/9/2021,640
A/Bangladesh/4005/2020,A/Darwin/9/2021,1280
A/Stockholm/5/2021,A/Darwin/9/2021,2560
A/Darwin/9/2021,A/Darwin/9/2021,2560
A/Kansas/14/2017,A/Darwin/9/2021,160
A/Akkar.LBN/6574/2021,A/Darwin/9/2021,640
A/Zghorta.LBN/6633/2021,A/Darwin/9/2021,640
A/Akkar.LBN/6728/2021,A/Darwin/9/2021,1280
A/Minieh Dinieh.LBN/6926/2021,A/Darwin/9/2021,1280
A/Zahleh.LBN/6895/2021,A/Darwin/9/2021,1280
A/Seeb/72128338/2021,A/Darwin/9/2021,1280
A/Bazoureyeh.LBN/7037/2021,A/Darwin/9/2021,1280
A/Zahleh.LBN/7063/2021,A/Darwin/9/2021,1280
A/Zahleh.LBN/7060/2021,A/Darwin/9/2021,1280
A/Zahleh.LBN/7292/2021,A/Darwin/9/2021,640
A/Ireland/4594/2021,A/Darwin/9/2021,640
A/BuenosAires/R1/2022,A/Darwin/9/2021,640
A/Latvia/12-045953/2021,A/Darwin/9/2021,640
A/Switzerland/98693/2021,A/Darwin/9/2021,1280
A/Latvia/12-091326/2021,A/Darwin/9/2021,1280
A/Latvia/12-091325/2021,A/Darwin/9/2021,2560
A/Latvia/12-091317/2021,A/Darwin/9/2021,1280
A/Latvia/12-097744/2021,A/Darwin/9/2021,640
A/BuenosAires/R12/2022,A/Darwin/9/2021,640
A/BuenosAires/R11/2022,A/Darwin/9/2021,640
A/Latvia/01-036169/2022,A/Darwin/9/2021,1280
A/BuenosAires/R15/2022,A/Darwin/9/2021,640
A/Norway/675/2022,A/Darwin/9/2021,1280
A/BuenosAires/R2/2022,A/Darwin/9/2021,640
A/Latvia/01-089648/2022,A/Darwin/9/2021,640
A/Norway/31262/2021,A/Darwin/9/2021,80
A/Denmark/3264/2019,A/Kansas/14/2017,160
A/Hong Kong/2671/2019,A/Kansas/14/2017,160
A/Cambodia/925256/2020,A/Kansas/14/2017,160
A/Cambodia/e0826360/2020,A/Kansas/14/2017,80
A/Bangladesh/4005/2020,A/Kansas/14/2017,320
A/Stockholm/5/2021,A/Kansas/14/2017,80
A/Darwin/9/2021,A/Kansas/14/2017,80
A/Kansas/14/2017,A/Kansas/14/2017,320
A/Akkar.LBN/6574/2021,A/Kansas/14/2017,<40
A/Zghorta.LBN/6633/2021,A/Kansas/14/2017,40
A/Akkar.LBN/6728/2021,A/Kansas/14/2017,<40
A/Minieh Dinieh.LBN/6926/2021,A/Kansas/14/2017,<40
A/Zahleh.LBN/6895/2021,A/Kansas/14/2017,40
A/Seeb/72128338/2021,A/Kansas/14/2017,<40
A/Bazoureyeh.LBN/7037/2021,A/Kansas/14/2017,<40
A/Zahleh.LBN/7063/2021,A/Kansas/14/2017,<40
A/Zahleh.LBN/7060/2021,A/Kansas/14/2017,<40
A/Zahleh.LBN/7292/2021,A/Kansas/14/2017,<40
A/Ireland/4594/2021,A/Kansas/14/2017,<40
A/BuenosAires/R1/2022,A/Kansas/14/2017,<40
A/Latvia/12-045953/2021,A/Kansas/14/2017,<40
A/Switzerland/98693/2021,A/Kansas/14/2017,40
A/Latvia/12-091326/2021,A/Kansas/14/2017,40
A/Latvia/12-091325/2021,A/Kansas/14/2017,160
A/Latvia/12-091317/2021,A/Kansas/14/2017,40
A/Latvia/12-097744/2021,A/Kansas/14/2017,<40
A/BuenosAires/R12/2022,A/Kansas/14/2017,<40
A/BuenosAires/R11/2022,A/Kansas/14/2017,<40
A/Latvia/01-036169/2022,A/Kansas/14/2017,80
A/BuenosAires/R15/2022,A/Kansas/14/2017,<40
A/Norway/675/2022,A/Kansas/14/2017,80
A/BuenosAires/R2/2022,A/Kansas/14/2017,<40
A/Latvia/01-089648/2022,A/Kansas/14/2017,<40
A/Norway/31262/2021,A/Kansas/14/2017,40
A/Denmark/3264/2019,A/Denmark/3264/2019,640
A/Hong Kong/2671/2019,A/Denmark/3264/2019,320
A/Cambodia/925256/2020,A/Denmark/3264/2019,160
A/Cambodia/e0826360/2020,A/Denmark/3264/2019,320
A/Bangladesh/4005/2020,A/Denmark/3264/2019,320
A/Stockholm/5/2021,A/Denmark/3264/2019,160
A/England/214191723/2021,A/Denmark/3264/2019,40
A/Darwin/9/2021,A/Denmark/3264/2019,320
A/Kansas/14/2017,A/Denmark/3264/2019,80
A/Qatar/15-VI-21-4138232/2021,A/Denmark/3264/2019,160
A/Qatar/10-VI-21-4396149/2021,A/Denmark/3264/2019,160
A/Qatar/47-VI-21-4486313/2021,A/Denmark/3264/2019,160
A/Qatar/32-VI-21-4519262/2021,A/Denmark/3264/2019,160
A/Andalucia/9561/2021,A/Denmark/3264/2019,320
A/Norway/23748/2021,A/Denmark/3264/2019,160
A/Norway/23662/2021,A/Denmark/3264/2019,160
A/Norway/24121/2021,A/Denmark/3264/2019,160
A/Cameroon/7554/2021,A/Denmark/3264/2019,160
A/Norway/24931/2021,A/Denmark/3264/2019,40
A/Tajikistan/2/2021,A/Denmark/3264/2019,160
A/Nabatieh.LBN/6814/2021,A/Denmark/3264/2019,40
A/Cameroon/8639/2021,A/Denmark/3264/2019,320
A/Andalucia/9929/2021,A/Denmark/3264/2019,40
A/Tripoli.LBN/7180/2021,A/Denmark/3264/2019,80
A/Castilla La Mancha/9755/2021,A/Denmark/3264/2019,40
A/Ksara.LBN/7293/2021,A/Denmark/3264/2019,80
A/Baalbeck.LBN/7288/2021,A/Denmark/3264/2019,80
A/Andalucia/9928/2021,A/Denmark/3264/2019,40
A/Navarra/9875/2021,A/Denmark/3264/2019,40
A/Navarra/9843/2021,A/Denmark/3264/2019,80
A/Mahajanga/12570/2021,A/Denmark/3264/2019,320
A/Norway/29512/2021,A/Denmark/3264/2019,80
A/Mahajanga/12604/2021,A/Denmark/3264/2019,320
A/Moscow/53/2021,A/Denmark/3264/2019,160
A/Switzerland/02353/2021,A/Denmark/3264/2019,160
A/Spain/58/2021,A/Denmark/3264/2019,40
A/Belgium/H0024/2022,A/Denmark/3264/2019,160
A/Portugal/58/2021,A/Denmark/3264/2019,40
A/Portugal/57/2021,A/Denmark/3264/2019,160
A/Spain/90/2021,A/Denmark/3264/2019,80
A/Spain/88/2021,A/Denmark/3264/2019,40
A/Armenia/869/2021,A/Denmark/3264/2019,40
A/Switzerland/79079/2021,A/Denmark/3264/2019,40
A/Switzerland/87473/2021,A/Denmark/3264/2019,80
A/Switzerland/12229/2022,A/Denmark/3264/2019,80
A/Switzerland/42321/2021,A/Denmark/3264/2019,320
A/Switzerland/28536/2022,A/Denmark/3264/2019,160
A/Switzerland/44070/2022,A/Denmark/3264/2019,40
A/Belgium/H0026/2022,A/Denmark/3264/2019,40
A/Denmark/3264/2019,A/Hong Kong/2671/2019,640
A/Hong Kong/2671/2019,A/Hong Kong/2671/2019,640
A/Cambodia/925256/2020,A/Hong Kong/2671/2019,160
A/Cambodia/e0826360/2020,A/Hong Kong/2671/2019,40
A/Bangladesh/4005/2020,A/Hong Kong/2671/2019,80
A/Stockholm/5/2021,A/Hong Kong/2671/2019,40
A/England/214191723/2021,A/Hong Kong/2671/2019,<40
A/Darwin/9/2021,A/Hong Kong/2671/2019,40
A/Kansas/14/2017,A/Hong Kong/2671/2019,40
A/Qatar/15-VI-21-4138232/2021,A/Hong Kong/2671/2019,<40
A/Qatar/10-VI-21-4396149/2021,A/Hong Kong/2671/2019,<40
A/Qatar/47-VI-21-4486313/2021,A/Hong Kong/2671/2019,<40
A/Qatar/32-VI-21-4519262/2021,A/Hong Kong/2671/2019,<40
A/Andalucia/9561/2021,A/Hong Kong/2671/2019,40
A/Norway/23748/2021,A/Hong Kong/2671/2019,<40
A/Norway/23662/2021,A/Hong Kong/2671/2019,<40
A/Norway/24121/2021,A/Hong Kong/2671/2019,<40
A/Cameroon/7554/2021,A/Hong Kong/2671/2019,40
A/Norway/24931/2021,A/Hong Kong/2671/2019,<40
A/Tajikistan/2/2021,A/Hong Kong/2671/2019,<40
A/Nabatieh.LBN/6814/2021,A/Hong Kong/2671/2019,<40
A/Cameroon/8639/2021,A/Hong Kong/2671/2019,40
A/Andalucia/9929/2021,A/Hong Kong/2671/2019,<40
A/Tripoli.LBN/7180/2021,A/Hong Kong/2671/2019,<40
A/Castilla La Mancha/9755/2021,A/Hong Kong/2671/2019,<40
A/Ksara.LBN/7293/2021,A/Hong Kong/2671/2019,<40
A/Baalbeck.LBN/7288/2021,A/Hong Kong/2671/2019,<40
A/Andalucia/9928/2021,A/Hong Kong/2671/2019,<40
A/Navarra/9875/2021,A/Hong Kong/2671/2019,<40
A/Navarra/9843/2021,A/Hong Kong/2671/2019,<40
A/Mahajanga/12570/2021,A/Hong Kong/2671/2019,160
A/Norway/29512/2021,A/Hong Kong/2671/2019,<40
A/Mahajanga/12604/2021,A/Hong Kong/2671/2019,<40
A/Moscow/53/2021,A/Hong Kong/2671/2019,40
A/Switzerland/02353/2021,A/Hong Kong/2671/2019,<40
A/Spain/58/2021,A/Hong Kong/2671/2019,<40
A/Belgium/H0024/2022,A/Hong Kong/2671/2019,<40
A/Portugal/58/2021,A/Hong Kong/2671/2019,<40
A/Portugal/57/2021,A/Hong Kong/2671/2019,40
A/Spain/90/2021,A/Hong Kong/2671/2019,<40
A/Spain/88/2021,A/Hong Kong/2671/2019,<40
A/Armenia/869/2021,A/Hong Kong/2671/2019,40
A/Switzerland/79079/2021,A/Hong Kong/2671/2019,<40
A/Switzerland/87473/2021,A/Hong Kong/2671/2019,<40
A/Switzerland/12229/2022,A/Hong Kong/2671/2019,<40
A/Switzerland/42321/2021,A/Hong Kong/2671/2019,40
A/Switzerland/28536/2022,A/Hong Kong/2671/2019,40
A/Switzerland/44070/2022,A/Hong Kong/2671/2019,<40
A/Belgium/H0026/2022,A/Hong Kong/2671/2019,40
A/Denmark/3264/2019,A/Cambodia/925256/2020,640
A/Hong Kong/2671/2019,A/Cambodia/925256/2020,640
A/Cambodia/925256/2020,A/Cambodia/925256/2020,640
A/Cambodia/e0826360/2020,A/Cambodia/925256/2020,320
A/Bangladesh/4005/2020,A/Cambodia/925256/2020,320
A/Stockholm/5/2021,A/Cambodia/925256/2020,160
A/England/214191723/2021,A/Cambodia/925256/2020,80
A/Darwin/9/2021,A/Cambodia/925256/2020,160
A/Kansas/14/2017,A/Cambodia/925256/2020,80
A/Qatar/15-VI-21-4138232/2021,A/Cambodia/925256/2020,80
A/Qatar/10-VI-21-4396149/2021,A/Cambodia/925256/2020,80
A/Qatar/47-VI-21-4486313/2021,A/Cambodia/925256/2020,80
A/Qatar/32-VI-21-4519262/2021,A/Cambodia/925256/2020,80
A/Andalucia/9561/2021,A/Cambodia/925256/2020,160
A/Norway/23748/2021,A/Cambodia/925256/2020,80
A/Norway/23662/2021,A/Cambodia/925256/2020,80
A/Norway/24121/2021,A/Cambodia/925256/2020,80
A/Cameroon/7554/2021,A/Cambodia/925256/2020,160
A/Norway/24931/2021,A/Cambodia/925256/2020,40
A/Tajikistan/2/2021,A/Cambodia/925256/2020,80
A/Nabatieh.LBN/6814/2021,A/Cambodia/925256/2020,40
A/Cameroon/8639/2021,A/Cambodia/925256/2020,160
A/Andalucia/9929/2021,A/Cambodia/925256/2020,80
A/Tripoli.LBN/7180/2021,A/Cambodia/925256/2020,40
A/Castilla La Mancha/9755/2021,A/Cambodia/925256/2020,40
A/Ksara.LBN/7293/2021,A/Cambodia/925256/2020,80
A/Baalbeck.LBN/7288/2021,A/Cambodia/925256/2020,40
A/Andalucia/9928/2021,A/Cambodia/925256/2020,40
A/Navarra/9875/2021,A/Cambodia/925256/2020,40
A/Navarra/9843/2021,A/Cambodia/925256/2020,80
A/Mahajanga/12570/2021,A/Cambodia/925256/2020,640
A/Norway/29512/2021,A/Cambodia/925256/2020,80
A/Mahajanga/12604/2021,A/Cambodia/925256/2020,80
A/Moscow/53/2021,A/Cambodia/925256/2020,160
A/Switzerland/02353/2021,A/Cambodia/925256/2020,80
A/Spain/58/2021,A/Cambodia/925256/2020,40
A/Belgium/H0024/2022,A/Cambodia/925256/2020,80
A/Portugal/58/2021,A/Cambodia/925256/2020,40
A/Portugal/57/2021,A/Cambodia/925256/2020,80
A/Spain/90/2021,A/Cambodia/925256/2020,40
A/Spain/88/2021,A/Cambodia/925256/2020,40
A/Armenia/869/2021,A/Cambodia/925256/2020,80
A/Switzerland/79079/2021,A/Cambodia/925256/2020,40
A/Switzerland/87473/2021,A/Cambodia/925256/2020,40
A/Switzerland/12229/2022,A/Cambodia/925256/2020,40
A/Switzerland/42321/2021,A/Cambodia/925256/2020,160
A/Switzerland/28536/2022,A/Cambodia/925256/2020,80
A/Switzerland/44070/2022,A/Cambodia/925256/2020,40
A/Belgium/H0026/2022,A/Cambodia/925256/2020,160
A/Denmark/3264/2019,A/Cambodia/e0826360/2020,160
A/Hong Kong/2671/2019,A/Cambodia/e0826360/2020,160
A/Cambodia/925256/2020,A/Cambodia/e0826360/2020,160
A/Cambodia/e0826360/2020,A/Cambodia/e0826360/2020,2560
A/Bangladesh/4005/2020,A/Cambodia/e0826360/2020,320
A/Stockholm/5/2021,A/Cambodia/e0826360/2020,80
A/England/214191723/2021,A/Cambodia/e0826360/2020,40
A/Darwin/9/2021,A/Cambodia/e0826360/2020,320
A/Kansas/14/2017,A/Cambodia/e0826360/2020,80
A/Qatar/15-VI-21-4138232/2021,A/Cambodia/e0826360/2020,320
A/Qatar/10-VI-21-4396149/2021,A/Cambodia/e0826360/2020,160
A/Qatar/47-VI-21-4486313/2021,A/Cambodia/e0826360/2020,160
A/Qatar/32-VI-21-4519262/2021,A/Cambodia/e0826360/2020,320
A/Andalucia/9561/2021,A/Cambodia/e0826360/2020,320
A/Norway/23748/2021,A/Cambodia/e0826360/2020,320
A/Norway/23662/2021,A/Cambodia/e0826360/2020,320
A/Norway/24121/2021,A/Cambodia/e0826360/2020,320
A/Cameroon/7554/2021,A/Cambodia/e0826360/2020,320
A/Norway/24931/2021,A/Cambodia/e0826360/2020,<40
A/Tajikistan/2/2021,A/Cambodia/e0826360/2020,160
A/Nabatieh.LBN/6814/2021,A/Cambodia/e0826360/2020,40
A/Cameroon/8639/2021,A/Cambodia/e0826360/2020,640
A/Andalucia/9929/2021,A/Cambodia/e0826360/2020,80
A/Tripoli.LBN/7180/2021,A/Cambodia/e0826360/2020,40
A/Castilla La Mancha/9755/2021,A/Cambodia/e0826360/2020,40
A/Ksara.LBN/7293/2021,A/Cambodia/e0826360/2020,40
A/Baalbeck.LBN/7288/2021,A/Cambodia/e0826360/2020,40
A/Andalucia/9928/2021,A/Cambodia/e0826360/2020,40
A/Navarra/9875/2021,A/Cambodia/e0826360/2020,40
A/Navarra/9843/2021,A/Cambodia/e0826360/2020,80
A/Mahajanga/12570/2021,A/Cambodia/e0826360/2020,640
A/Norway/29512/2021,A/Cambodia/e0826360/2020,40
A/Mahajanga/12604/2021,A/Cambodia/e0826360/2020,320
A/Moscow/53/2021,A/Cambodia/e0826360/2020,320
A/Switzerland/02353/2021,A/Cambodia/e0826360/2020,320
A/Spain/58/2021,A/Cambodia/e0826360/2020,40
A/Belgium/H0024/2022,A/Cambodia/e0826360/2020,320
A/Portugal/58/2021,A/Cambodia/e0826360/2020,40
A/Portugal/57/2021,A/Cambodia/e0826360/2020,320
A/Spain/90/2021,A/Cambodia/e0826360/2020,40
A/Spain/88/2021,A/Cambodia/e0826360/2020,40
A/Armenia/869/2021,A/Cambodia/e0826360/2020,40
A/Switzerland/79079/2021,A/Cambodia/e0826360/2020,40
A/Switzerland/87473/2021,A/Cambodia/e0826360/2020,40
A/Switzerland/12229/2022,A/Cambodia/e0826360/2020,80
A/Switzerland/42321/2021,A/Cambodia/e0826360/2020,320
A/Switzerland/28536/2022,A/Cambodia/e0826360/2020,320
A/Switzerland/44070/2022,A/Cambodia/e0826360/2020,40
A/Belgium/H0026/2022,A/Cambodia/e0826360/2020,40
A/Denmark/3264/2019,A/Bangladesh/4005/2020,160
A/Hong Kong/2671/2019,A/Bangladesh/4005/2020,320
A/Cambodia/925256/2020,A/Bangladesh/4005/2020,160
A/Cambodia/e0826360/2020,A/Bangladesh/4005/2020,320
A/Bangladesh/4005/2020,A/Bangladesh/4005/2020,640
A/Stockholm/5/2021,A/Bangladesh/4005/2020,320
A/England/214191723/2021,A/Bangladesh/4005/2020,160
A/Darwin/9/2021,A/Bangladesh/4005/2020,320
A/Kansas/14/2017,A/Bangladesh/4005/2020,80
A/Qatar/15-VI-21-4138232/2021,A/Bangladesh/4005/2020,320
A/Qatar/10-VI-21-4396149/2021,A/Bangladesh/4005/2020,320
A/Qatar/47-VI-21-4486313/2021,A/Bangladesh/4005/2020,320
A/Qatar/32-VI-21-4519262/2021,A/Bangladesh/4005/2020,320
A/Andalucia/9561/2021,A/Bangladesh/4005/2020,640
A/Norway/23748/2021,A/Bangladesh/4005/2020,320
A/Norway/23662/2021,A/Bangladesh/4005/2020,320
A/Norway/24121/2021,A/Bangladesh/4005/2020,320
A/Cameroon/7554/2021,A/Bangladesh/4005/2020,640
A/Norway/24931/2021,A/Bangladesh/4005/2020,80
A/Tajikistan/2/2021,A/Bangladesh/4005/2020,320
A/Nabatieh.LBN/6814/2021,A/Bangladesh/4005/2020,160
A/Cameroon/8639/2021,A/Bangladesh/4005/2020,640
A/Andalucia/9929/2021,A/Bangladesh/4005/2020,160
A/Tripoli.LBN/7180/2021,A/Bangladesh/4005/2020,160
A/Castilla La Mancha/9755/2021,A/Bangladesh/4005/2020,80
A/Ksara.LBN/7293/2021,A/Bangladesh/4005/2020,160
A/Baalbeck.LBN/7288/2021,A/Bangladesh/4005/2020,160
A/Andalucia/9928/2021,A/Bangladesh/4005/2020,160
A/Navarra/9875/2021,A/Bangladesh/4005/2020,80
A/Navarra/9843/2021,A/Bangladesh/4005/2020,160
A/Mahajanga/12570/2021,A/Bangladesh/4005/2020,640
A/Norway/29512/2021,A/Bangladesh/4005/2020,160
A/Mahajanga/12604/2021,A/Bangladesh/4005/2020,640
A/Moscow/53/2021,A/Bangladesh/4005/2020,320
A/Switzerland/02353/2021,A/Bangladesh/4005/2020,320
A/Spain/58/2021,A/Bangladesh/4005/2020,160
A/Belgium/H0024/2022,A/Bangladesh/4005/2020,320
A/Portugal/58/2021,A/Bangladesh/4005/2020,160
A/Portugal/57/2021,A/Bangladesh/4005/2020,320
A/Spain/90/2021,A/Bangladesh/4005/2020,160
A/Spain/88/2021,A/Bangladesh/4005/2020,80
A/Armenia/869/2021,A/Bangladesh/4005/2020,160
A/Switzerland/79079/2021,A/Bangladesh/4005/2020,160
A/Switzerland/87473/2021,A/Bangladesh/4005/2020,160
A/Switzerland/12229/2022,A/Bangladesh/4005/2020,160
A/Switzerland/42321/2021,A/Bangladesh/4005/2020,320
A/Switzerland/28536/2022,A/Bangladesh/4005/2020,320
A/Switzerland/44070/2022,A/Bangladesh/4005/2020,160
A/Belgium/H0026/2022,A/Bangladesh/4005/2020,80
A/Denmark/3264/2019,A/Stockholm/5/2021,320
A/Hong Kong/2671/2019,A/Stockholm/5/2021,160
A/Cambodia/925256/2020,A/Stockholm/5/2021,160
A/Cambodia/e0826360/2020,A/Stockholm/5/2021,320
A/Bangladesh/4005/2020,A/Stockholm/5/2021,640
A/Stockholm/5/2021,A/Stockholm/5/2021,640
A/England/214191723/2021,A/Stockholm/5/2021,320
A/Darwin/9/2021,A/Stockholm/5/2021,640
A/Kansas/14/2017,A/Stockholm/5/2021,160
A/Qatar/15-VI-21-4138232/2021,A/Stockholm/5/2021,320
A/Qatar/10-VI-21-4396149/2021,A/Stockholm/5/2021,640
A/Qatar/47-VI-21-4486313/2021,A/Stockholm/5/2021,640
A/Qatar/32-VI-21-4519262/2021,A/Stockholm/5/2021,320
A/Andalucia/9561/2021,A/Stockholm/5/2021,320
A/Norway/23748/2021,A/Stockholm/5/2021,320
A/Norway/23662/2021,A/Stockholm/5/2021,320
A/Norway/24121/2021,A/Stockholm/5/2021,320
A/Cameroon/7554/2021,A/Stockholm/5/2021,320
A/Norway/24931/2021,A/Stockholm/5/2021,160
A/Tajikistan/2/2021,A/Stockholm/5/2021,640
A/Nabatieh.LBN/6814/2021,A/Stockholm/5/2021,320
A/Cameroon/8639/2021,A/Stockholm/5/2021,640
A/Andalucia/9929/2021,A/Stockholm/5/2021,320
A/Tripoli.LBN/7180/2021,A/Stockholm/5/2021,640
A/Castilla La Mancha/9755/2021,A/Stockholm/5/2021,160
A/Ksara.LBN/7293/2021,A/Stockholm/5/2021,320
A/Baalbeck.LBN/7288/2021,A/Stockholm/5/2021,320
A/Andalucia/9928/2021,A/Stockholm/5/2021,320
A/Navarra/9875/2021,A/Stockholm/5/2021,320
A/Navarra/9843/2021,A/Stockholm/5/2021,640
A/Mahajanga/12570/2021,A/Stockholm/5/2021,640
A/Norway/29512/2021,A/Stockholm/5/2021,320
A/Mahajanga/12604/2021,A/Stockholm/5/2021,320
A/Moscow/53/2021,A/Stockholm/5/2021,640
A/Switzerland/02353/2021,A/Stockholm/5/2021,320
A/Spain/58/2021,A/Stockholm/5/2021,160
A/Belgium/H0024/2022,A/Stockholm/5/2021,320
A/Portugal/58/2021,A/Stockholm/5/2021,160
A/Portugal/57/2021,A/Stockholm/5/2021,640
A/Spain/90/2021,A/Stockholm/5/2021,160
A/Spain/88/2021,A/Stockholm/5/2021,160
A/Armenia/869/2021,A/Stockholm/5/2021,160
A/Switzerland/79079/2021,A/Stockholm/5/2021,320
A/Switzerland/87473/2021,A/Stockholm/5/2021,640
A/Switzerland/12229/2022,A/Stockholm/5/2021,160
A/Switzerland/42321/2021,A/Stockholm/5/2021,1280
A/Switzerland/28536/2022,A/Stockholm/5/2021,320
A/Switzerland/44070/2022,A/Stockholm/5/2021,160
A/Belgium/H0026/2022,A/Stockholm/5/2021,40
A/Denmark/3264/2019,A/England/214191723/2021,40
A/Hong Kong/2671/2019,A/England/214191723/2021,40
A/Cambodia/925256/2020,A/England/214191723/2021,40
A/Cambodia/e0826360/2020,A/England/214191723/2021,640
A/Bangladesh/4005/2020,A/England/214191723/2021,640
A/Stockholm/5/2021,A/England/214191723/2021,640
A/England/214191723/2021,A/England/214191723/2021,640
A/Darwin/9/2021,A/England/214191723/2021,640
A/Kansas/14/2017,A/England/214191723/2021,80
A/Qatar/15-VI-21-4138232/2021,A/England/214191723/2021,320
A/Qatar/10-VI-21-4396149/2021,A/England/214191723/2021,1280
A/Qatar/47-VI-21-4486313/2021,A/England/214191723/2021,1280
A/Qatar/32-VI-21-4519262/2021,A/England/214191723/2021,320
A/Andalucia/9561/2021,A/England/214191723/2021,640
A/Norway/23748/2021,A/England/214191723/2021,320
A/Norway/23662/2021,A/England/214191723/2021,320
A/Norway/24121/2021,A/England/214191723/2021,320
A/Cameroon/7554/2021,A/England/214191723/2021,320
A/Norway/24931/2021,A/England/214191723/2021,320
A/Tajikistan/2/2021,A/England/214191723/2021,320
A/Nabatieh.LBN/6814/2021,A/England/214191723/2021,320
A/Cameroon/8639/2021,A/England/214191723/2021,640
A/Andalucia/9929/2021,A/England/214191723/2021,640
A/Tripoli.LBN/7180/2021,A/England/214191723/2021,320
A/Castilla La Mancha/9755/2021,A/England/214191723/2021,320
A/Ksara.LBN/7293/2021,A/England/214191723/2021,320
A/Baalbeck.LBN/7288/2021,A/England/214191723/2021,320
A/Andalucia/9928/2021,A/England/214191723/2021,640
A/Navarra/9875/2021,A/England/214191723/2021,640
A/Navarra/9843/2021,A/England/214191723/2021,640
A/Mahajanga/12570/2021,A/England/214191723/2021,640
A/Norway/29512/2021,A/England/214191723/2021,640
A/Mahajanga/12604/2021,A/England/214191723/2021,640
A/Moscow/53/2021,A/England/214191723/2021,640
A/Switzerland/02353/2021,A/England/214191723/2021,640
A/Spain/58/2021,A/England/214191723/2021,640
A/Belgium/H0024/2022,A/England/214191723/2021,160
A/Portugal/58/2021,A/England/214191723/2021,640
A/Portugal/57/2021,A/England/214191723/2021,640
A/Spain/90/2021,A/England/214191723/2021,160
A/Spain/88/2021,A/England/214191723/2021,320
A/Armenia/869/2021,A/England/214191723/2021,640
A/Switzerland/79079/2021,A/England/214191723/2021,640
A/Switzerland/87473/2021,A/England/214191723/2021,320
A/Switzerland/12229/2022,A/England/214191723/2021,320
A/Switzerland/42321/2021,A/England/214191723/2021,640
A/Switzerland/28536/2022,A/England/214191723/2021,320
A/Switzerland/44070/2022,A/England/214191723/2021,640
A/Belgium/H0026/2022,A/England/214191723/2021,<40
A/Denmark/3264/2019,A/Darwin/9/2021,320
A/Hong Kong/2671/2019,A/Darwin/9/2021,320
A/Cambodia/925256/2020,A/Darwin/9/2021,320
A/Cambodia/e0826360/2020,A/Darwin/9/2021,1280
A/Bangladesh/4005/2020,A/Darwin/9/2021,2560
A/Stockholm/5/2021,A/Darwin/9/2021,2560
A/England/214191723/2021,A/Darwin/9/2021,1280
A/Darwin/9/2021,A/Darwin/9/2021,5120
A/Kansas/14/2017,A/Darwin/9/2021,160
A/Qatar/15-VI-21-4138232/2021,A/Darwin/9/2021,640
A/Qatar/10-VI-21-4396149/2021,A/Darwin/9/2021,2560
A/Qatar/47-VI-21-4486313/2021,A/Darwin/9/2021,2560
A/Qatar/32-VI-21-4519262/2021,A/Darwin/9/2021,640
A/Andalucia/9561/2021,A/Darwin/9/2021,1280
A/Norway/23748/2021,A/Darwin/9/2021,640
A/Norway/23662/2021,A/Darwin/9/2021,640
A/Norway/24121/2021,A/Darwin/9/2021,640
A/Cameroon/7554/2021,A/Darwin/9/2021,640
A/Norway/24931/2021,A/Darwin/9/2021,320
A/Tajikistan/2/2021,A/Darwin/9/2021,1280
A/Nabatieh.LBN/6814/2021,A/Darwin/9/2021,1280
A/Cameroon/8639/2021,A/Darwin/9/2021,1280
A/Andalucia/9929/2021,A/Darwin/9/2021,640
A/Tripoli.LBN/7180/2021,A/Darwin/9/2021,1280
A/Castilla La Mancha/9755/2021,A/Darwin/9/2021,640
A/Ksara.LBN/7293/2021,A/Darwin/9/2021,1280
A/Baalbeck.LBN/7288/2021,A/Darwin/9/2021,1280
A/Andalucia/9928/2021,A/Darwin/9/2021,640
A/Navarra/9875/2021,A/Darwin/9/2021,640
A/Navarra/9843/2021,A/Darwin/9/2021,2560
A/Mahajanga/12570/2021,A/Darwin/9/2021,1280
A/Norway/29512/2021,A/Darwin/9/2021,1280
A/Mahajanga/12604/2021,A/Darwin/9/2021,640
A/Moscow/53/2021,A/Darwin/9/2021,2560
A/Switzerland/02353/2021,A/Darwin/9/2021,640
A/Spain/58/2021,A/Darwin/9/2021,640
A/Belgium/H0024/2022,A/Darwin/9/2021,640
A/Portugal/58/2021,A/Darwin/9/2021,640
A/Portugal/57/2021,A/Darwin/9/2021,1280
A/Spain/90/2021,A/Darwin/9/2021,640
A/Spain/88/2021,A/Darwin/9/2021,640
A/Armenia/869/2021,A/Darwin/9/2021,640
A/Switzerland/79079/2021,A/Darwin/9/2021,640
A/Switzerland/87473/2021,A/Darwin/9/2021,1280
A/Switzerland/12229/2022,A/Darwin/9/2021,640
A/Switzerland/42321/2021,A/Darwin/9/2021,2560
A/Switzerland/28536/2022,A/Darwin/9/2021,640
A/Switzerland/44070/2022,A/Darwin/9/2021,640
A/Belgium/H0026/2022,A/Darwin/9/2021,80
A/Denmark/3264/2019,A/Kansas/14/2017,80
A/Hong Kong/2671/2019,A/Kansas/14/2017,160
A/Cambodia/925256/2020,A/Kansas/14/2017,160
A/Cambodia/e0826360/2020,A/Kansas/14/2017,160
A/Bangladesh/4005/2020,A/Kansas/14/2017,320
A/Stockholm/5/2021,A/Kansas/14/2017,80
A/England/214191723/2021,A/Kansas/14/2017,<40
A/Darwin/9/2021,A/Kansas/14/2017,80
A/Kansas/14/2017,A/Kansas/14/2017,640
A/Qatar/15-VI-21-4138232/2021,A/Kansas/14/2017,80
A/Qatar/10-VI-21-4396149/2021,A/Kansas/14/2017,40
A/Qatar/47-VI-21-4486313/2021,A/Kansas/14/2017,40
A/Qatar/32-VI-21-4519262/2021,A/Kansas/14/2017,80
A/Andalucia/9561/2021,A/Kansas/14/2017,160
A/Norway/23748/2021,A/Kansas/14/2017,80
A/Norway/23662/2021,A/Kansas/14/2017,80
A/Norway/24121/2021,A/Kansas/14/2017,80
A/Cameroon/7554/2021,A/Kansas/14/2017,160
A/Norway/24931/2021,A/Kansas/14/2017,<40
A/Tajikistan/2/2021,A/Kansas/14/2017,40
A/Nabatieh.LBN/6814/2021,A/Kansas/14/2017,<40
A/Cameroon/8639/2021,A/Kansas/14/2017,320
A/Andalucia/9929/2021,A/Kansas/14/2017,<40
A/Tripoli.LBN/7180/2021,A/Kansas/14/2017,<40
A/Castilla La Mancha/9755/2021,A/Kansas/14/2017,<40
A/Ksara.LBN/7293/2021,A/Kansas/14/2017,<40
A/Baalbeck.LBN/7288/2021,A/Kansas/14/2017,<40
A/Andalucia/9928/2021,A/Kansas/14/2017,<40
A/Navarra/9875/2021,A/Kansas/14/2017,<40
A/Navarra/9843/2021,A/Kansas/14/2017,40
A/Mahajanga/12570/2021,A/Kansas/14/2017,320
A/Norway/29512/2021,A/Kansas/14/2017,<40
A/Mahajanga/12604/2021,A/Kansas/14/2017,80
A/Moscow/53/2021,A/Kansas/14/2017,80
A/Switzerland/02353/2021,A/Kansas/14/2017,80
A/Spain/58/2021,A/Kansas/14/2017,<40
A/Belgium/H0024/2022,A/Kansas/14/2017,80
A/Portugal/58/2021,A/Kansas/14/2017,<40
A/Portugal/57/2021,A/Kansas/14/2017,80
A/Spain/90/2021,A/Kansas/14/2017,<40
A/Spain/88/2021,A/Kansas/14/2017,<40
A/Armenia/869/2021,A/Kansas/14/2017,<40
A/Switzerland/79079/2021,A/Kansas/14/2017,<40
A/Switzerland/87473/2021,A/Kansas/14/2017,<40
A/Switzerland/12229/2022,A/Kansas/14/2017,<40
A/Switzerland/42321/2021,A/Kansas/14/2017,80
A/Switzerland/28536/2022,A/Kansas/14/2017,80
A/Switzerland/44070/2022,A/Kansas/14/2017,<40
A/Belgium/H0026/2022,A/Kansas/14/2017,<40
A/Denmark/3264/2019,A/Denmark/3264/2019,320
A/Hong Kong/2671/2019,A/Denmark/3264/2019,320
A/Cambodia/925256/2020,A/Denmark/3264/2019,160
A/Cambodia/e0826360/2020,A/Denmark/3264/2019,160
A/Bangladesh/4005/2020,A/Denmark/3264/2019,160
A/Stockholm/5/2021,A/Denmark/3264/2019,160
A/England/214191723/2021,A/Denmark/3264/2019,80
A/Darwin/9/2021,A/Denmark/3264/2019,160
A/Kansas/14/2017,A/Denmark/3264/2019,40
A/Estonia/167744/2021,A/Denmark/3264/2019,160
A/Lebanon/8137/2021,A/Denmark/3264/2019,40
A/Lebanon/8074/2021,A/Denmark/3264/2019,80
A/Israel/R-9278/2021,A/Denmark/3264/2019,80
A/Israel/R-9337/2021,A/Denmark/3264/2019,40
A/Israel/R-9526/2021,A/Denmark/3264/2019,320
A/Lebanon/8276/2021,A/Denmark/3264/2019,80
A/Israel/R-9603/2021,A/Denmark/3264/2019,80
A/Lebanon/8348/2021,A/Denmark/3264/2019,80
A/Lebanon/8325/2021,A/Denmark/3264/2019,80
A/Montenegro/5968412102/2021,A/Denmark/3264/2019,80
A/Israel/R-9997/2021,A/Denmark/3264/2019,40
A/Lebanon/8484/2021,A/Denmark/3264/2019,40
A/Montenegro/1082622202/2022,A/Denmark/3264/2019,80
A/Belgium/H0013/2022,A/Denmark/3264/2019,<40
A/Belgium/H0008/2022,A/Denmark/3264/2019,80
A/Rouen/41245/2021,A/Denmark/3264/2019,40
A/Denmark/3264/2019,A/Hong Kong/2671/2019,320
A/Hong Kong/2671/2019,A/Hong Kong/2671/2019,320
A/Cambodia/925256/2020,A/Hong Kong/2671/2019,160
A/Cambodia/e0826360/2020,A/Hong Kong/2671/2019,<40
A/Bangladesh/4005/2020,A/Hong Kong/2671/2019,160
A/Stockholm/5/2021,A/Hong Kong/2671/2019,<40
A/England/214191723/2021,A/Hong Kong/2671/2019,<40
A/Darwin/9/2021,A/Hong Kong/2671/2019,40
A/Kansas/14/2017,A/Hong Kong/2671/2019,40
A/Estonia/167744/2021,A/Hong Kong/2671/2019,<40
A/Lebanon/8137/2021,A/Hong Kong/2671/2019,<40
A/Lebanon/8074/2021,A/Hong Kong/2671/2019,<40
A/Israel/R-9278/2021,A/Hong Kong/2671/2019,<40
A/Israel/R-9337/2021,A/Hong Kong/2671/2019,<40
A/Israel/R-9526/2021,A/Hong Kong/2671/2019,40
A/Lebanon/8276/2021,A/Hong Kong/2671/2019,<40
A/Israel/R-9603/2021,A/Hong Kong/2671/2019,<40
A/Lebanon/8348/2021,A/Hong Kong/2671/2019,<40
A/Lebanon/8325/2021,A/Hong Kong/2671/2019,<40
A/Montenegro/5968412102/2021,A/Hong Kong/2671/2019,<40
A/Israel/R-9997/2021,A/Hong Kong/2671/2019,<40
A/Lebanon/8484/2021,A/Hong Kong/2671/2019,<40
A/Montenegro/1082622202/2022,A/Hong Kong/2671/2019,<40
A/Belgium/H0013/2022,A/Hong Kong/2671/2019,<40
A/Belgium/H0008/2022,A/Hong Kong/2671/2019,<40
A/Rouen/41245/2021,A/Hong Kong/2671/2019,80
A/Denmark/3264/2019,A/Cambodia/925256/2020,640
A/Hong Kong/2671/2019,A/Cambodia/925256/2020,640
A/Cambodia/925256/2020,A/Cambodia/925256/2020,640
A/Cambodia/e0826360/2020,A/Cambodia/925256/2020,320
A/Bangladesh/4005/2020,A/Cambodia/925256/2020,320
A/Stockholm/5/2021,A/Cambodia/925256/2020,80
A/England/214191723/2021,A/Cambodia/925256/2020,80
A/Darwin/9/2021,A/Cambodia/925256/2020,80
A/Kansas/14/2017,A/Cambodia/925256/2020,80
A/Estonia/167744/2021,A/Cambodia/925256/2020,80
A/Lebanon/8137/2021,A/Cambodia/925256/2020,40
A/Lebanon/8074/2021,A/Cambodia/925256/2020,40
A/Israel/R-9278/2021,A/Cambodia/925256/2020,40
A/Israel/R-9337/2021,A/Cambodia/925256/2020,40
A/Israel/R-9526/2021,A/Cambodia/925256/2020,160
A/Lebanon/8276/2021,A/Cambodia/925256/2020,40
A/Israel/R-9603/2021,A/Cambodia/925256/2020,40
A/Lebanon/8348/2021,A/Cambodia/925256/2020,40
A/Lebanon/8325/2021,A/Cambodia/925256/2020,40
A/Montenegro/5968412102/2021,A/Cambodia/925256/2020,40
A/Israel/R-9997/2021,A/Cambodia/925256/2020,40
A/Lebanon/8484/2021,A/Cambodia/925256/2020,40
A/Montenegro/1082622202/2022,A/Cambodia/925256/2020,40
A/Belgium/H0013/2022,A/Cambodia/925256/2020,40
A/Belgium/H0008/2022,A/Cambodia/925256/2020,40
A/Rouen/41245/2021,A/Cambodia/925256/2020,80
A/Denmark/3264/2019,A/Cambodia/e0826360/2020,160
A/Hong Kong/2671/2019,A/Cambodia/e0826360/2020,160
A/Cambodia/925256/2020,A/Cambodia/e0826360/2020,160
A/Cambodia/e0826360/2020,A/Cambodia/e0826360/2020,1280
A/Bangladesh/4005/2020,A/Cambodia/e0826360/2020,320
A/Stockholm/5/2021,A/Cambodia/e0826360/2020,160
A/England/214191723/2021,A/Cambodia/e0826360/2020,80
A/Darwin/9/2021,A/Cambodia/e0826360/2020,640
A/Kansas/14/2017,A/Cambodia/e0826360/2020,80
A/Estonia/167744/2021,A/Cambodia/e0826360/2020,320
A/Lebanon/8137/2021,A/Cambodia/e0826360/2020,80
A/Lebanon/8074/2021,A/Cambodia/e0826360/2020,80
A/Israel/R-9278/2021,A/Cambodia/e0826360/2020,80
A/Israel/R-9337/2021,A/Cambodia/e0826360/2020,80
A/Israel/R-9526/2021,A/Cambodia/e0826360/2020,320
A/Lebanon/8276/2021,A/Cambodia/e0826360/2020,80
A/Israel/R-9603/2021,A/Cambodia/e0826360/2020,80
A/Lebanon/8348/2021,A/Cambodia/e0826360/2020,80
A/Lebanon/8325/2021,A/Cambodia/e0826360/2020,80
A/Montenegro/5968412102/2021,A/Cambodia/e0826360/2020,160
A/Israel/R-9997/2021,A/Cambodia/e0826360/2020,80
A/Lebanon/8484/2021,A/Cambodia/e0826360/2020,80
A/Montenegro/1082622202/2022,A/Cambodia/e0826360/2020,160
A/Belgium/H0013/2022,A/Cambodia/e0826360/2020,80
A/Belgium/H0008/2022,A/Cambodia/e0826360/2020,80
A/Rouen/41245/2021,A/Cambodia/e0826360/2020,<40
A/Denmark/3264/2019,A/Bangladesh/4005/2020,160
A/Hong Kong/2671/2019,A/Bangladesh/4005/2020,160
A/Cambodia/925256/2020,A/Bangladesh/4005/2020,160
A/Cambodia/e0826360/2020,A/Bangladesh/4005/2020,320
A/Bangladesh/4005/2020,A/Bangladesh/4005/2020,640
A/Stockholm/5/2021,A/Bangladesh/4005/2020,320
A/England/214191723/2021,A/Bangladesh/4005/2020,160
A/Darwin/9/2021,A/Bangladesh/4005/2020,320
A/Kansas/14/2017,A/Bangladesh/4005/2020,40
A/Estonia/167744/2021,A/Bangladesh/4005/2020,160
A/Lebanon/8137/2021,A/Bangladesh/4005/2020,160
A/Lebanon/8074/2021,A/Bangladesh/4005/2020,160
A/Israel/R-9278/2021,A/Bangladesh/4005/2020,160
A/Israel/R-9337/2021,A/Bangladesh/4005/2020,160
A/Israel/R-9526/2021,A/Bangladesh/4005/2020,320
A/Lebanon/8276/2021,A/Bangladesh/4005/2020,160
A/Israel/R-9603/2021,A/Bangladesh/4005/2020,160
A/Lebanon/8348/2021,A/Bangladesh/4005/2020,160
A/Lebanon/8325/2021,A/Bangladesh/4005/2020,160
A/Montenegro/5968412102/2021,A/Bangladesh/4005/2020,160
A/Israel/R-9997/2021,A/Bangladesh/4005/2020,160
A/Lebanon/8484/2021,A/Bangladesh/4005/2020,160
A/Montenegro/1082622202/2022,A/Bangladesh/4005/2020,160
A/Belgium/H0013/2022,A/Bangladesh/4005/2020,160
A/Belgium/H0008/2022,A/Bangladesh/4005/2020,80
A/Rouen/41245/2021,A/Bangladesh/4005/2020,40
A/Denmark/3264/2019,A/Stockholm/5/2021,160
A/Hong Kong/2671/2019,A/Stockholm/5/2021,160
A/Cambodia/925256/2020,A/Stockholm/5/2021,160
A/Cambodia/e0826360/2020,A/Stockholm/5/2021,320
A/Bangladesh/4005/2020,A/Stockholm/5/2021,640
A/Stockholm/5/2021,A/Stockholm/5/2021,640
A/England/214191723/2021,A/Stockholm/5/2021,320
A/Darwin/9/2021,A/Stockholm/5/2021,640
A/Kansas/14/2017,A/Stockholm/5/2021,80
A/Estonia/167744/2021,A/Stockholm/5/2021,640
A/Lebanon/8137/2021,A/Stockholm/5/2021,320
A/Lebanon/8074/2021,A/Stockholm/5/2021,320
A/Israel/R-9278/2021,A/Stockholm/5/2021,320
A/Israel/R-9337/2021,A/Stockholm/5/2021,320
A/Israel/R-9526/2021,A/Stockholm/5/2021,640
A/Lebanon/8276/2021,A/Stockholm/5/2021,320
A/Israel/R-9603/2021,A/Stockholm/5/2021,320
A/Lebanon/8348/2021,A/Stockholm/5/2021,320
A/Lebanon/8325/2021,A/Stockholm/5/2021,320
A/Montenegro/5968412102/2021,A/Stockholm/5/2021,640
A/Israel/R-9997/2021,A/Stockholm/5/2021,160
A/Lebanon/8484/2021,A/Stockholm/5/2021,320
A/Montenegro/1082622202/2022,A/Stockholm/5/2021,640
A/Belgium/H0013/2022,A/Stockholm/5/2021,320
A/Belgium/H0008/2022,A/Stockholm/5/2021,160
A/Rouen/41245/2021,A/Stockholm/5/2021,<40
A/Denmark/3264/2019,A/England/214191723/2021,40
A/Hong Kong/2671/2019,A/England/214191723/2021,40
A/Cambodia/925256/2020,A/England/214191723/2021,<40
A/Cambodia/e0826360/2020,A/England/214191723/2021,320
A/Bangladesh/4005/2020,A/England/214191723/2021,640
A/Stockholm/5/2021,A/England/214191723/2021,320
A/England/214191723/2021,A/England/214191723/2021,640
A/Darwin/9/2021,A/England/214191723/2021,640
A/Kansas/14/2017,A/England/214191723/2021,80
A/Estonia/167744/2021,A/England/214191723/2021,640
A/Lebanon/8137/2021,A/England/214191723/2021,320
A/Lebanon/8074/2021,A/England/214191723/2021,320
A/Israel/R-9278/2021,A/England/214191723/2021,320
A/Israel/R-9337/2021,A/England/214191723/2021,320
A/Israel/R-9526/2021,A/England/214191723/2021,320
A/Lebanon/8276/2021,A/England/214191723/2021,320
A/Israel/R-9603/2021,A/England/214191723/2021,320
A/Lebanon/8348/2021,A/England/214191723/2021,320
A/Lebanon/8325/2021,A/England/214191723/2021,320
A/Montenegro/5968412102/2021,A/England/214191723/2021,320
A/Israel/R-9997/2021,A/England/214191723/2021,640
A/Lebanon/8484/2021,A/England/214191723/2021,320
A/Montenegro/1082622202/2022,A/England/214191723/2021,320
A/Belgium/H0013/2022,A/England/214191723/2021,640
A/Belgium/H0008/2022,A/England/214191723/2021,160
A/Rouen/41245/2021,A/England/214191723/2021,<40
A/Denmark/3264/2019,A/Darwin/9/2021,320
A/Hong Kong/2671/2019,A/Darwin/9/2021,320
A/Cambodia/925256/2020,A/Darwin/9/2021,320
A/Cambodia/e0826360/2020,A/Darwin/9/2021,640
A/Bangladesh/4005/2020,A/Darwin/9/2021,1280
A/Stockholm/5/2021,A/Darwin/9/2021,1280
A/England/214191723/2021,A/Darwin/9/2021,1280
A/Darwin/9/2021,A/Darwin/9/2021,2560
A/Kansas/14/2017,A/Darwin/9/2021,160
A/Estonia/167744/2021,A/Darwin/9/2021,1280
A/Lebanon/8137/2021,A/Darwin/9/2021,640
A/Lebanon/8074/2021,A/Darwin/9/2021,640
A/Israel/R-9278/2021,A/Darwin/9/2021,1280
A/Israel/R-9337/2021,A/Darwin/9/2021,640
A/Israel/R-9526/2021,A/Darwin/9/2021,1280
A/Lebanon/8276/2021,A/Darwin/9/2021,1280
A/Israel/R-9603/2021,A/Darwin/9/2021,1280
A/Lebanon/8348/2021,A/Darwin/9/2021,1280
A/Lebanon/8325/2021,A/Darwin/9/2021,1280
A/Montenegro/5968412102/2021,A/Darwin/9/2021,1280
A/Israel/R-9997/2021,A/Darwin/9/2021,640
A/Lebanon/8484/2021,A/Darwin/9/2021,640
A/Montenegro/1082622202/2022,A/Darwin/9/2021,1280
A/Belgium/H0013/2022,A/Darwin/9/2021,640
A/Belgium/H0008/2022,A/Darwin/9/2021,320
A/Rouen/41245/2021,A/Darwin/9/2021,40
A/Denmark/3264/2019,A/Kansas/14/2017,80
A/Hong Kong/2671/2019,A/Kansas/14/2017,160
A/Cambodia/925256/2020,A/Kansas/14/2017,160
A/Cambodia/e0826360/2020,A/Kansas/14/2017,160
A/Bangladesh/4005/2020,A/Kansas/14/2017,320
A/Stockholm/5/2021,A/Kansas/14/2017,80
A/England/214191723/2021,A/Kansas/14/2017,40
A/Darwin/9/2021,A/Kansas/14/2017,80
A/Kansas/14/2017,A/Kansas/14/2017,640
A/Estonia/167744/2021,A/Kansas/14/2017,80
A/Lebanon/8137/2021,A/Kansas/14/2017,40
A/Lebanon/8074/2021,A/Kansas/14/2017,40
A/Israel/R-9278/2021,A/Kansas/14/2017,40
A/Israel/R-9337/2021,A/Kansas/14/2017,40
A/Israel/R-9526/2021,A/Kansas/14/2017,160
A/Lebanon/8276/2021,A/Kansas/14/2017,40
A/Israel/R-9603/2021,A/Kansas/14/2017,40
A/Lebanon/8348/2021,A/Kansas/14/2017,40
A/Lebanon/8325/2021,A/Kansas/14/2017,40
A/Montenegro/5968412102/2021,A/Kansas/14/2017,40
A/Israel/R-9997/2021,A/Kansas/14/2017,40
A/Lebanon/8484/2021,A/Kansas/14/2017,40
A/Montenegro/1082622202/2022,A/Kansas/14/2017,80
A/Belgium/H0013/2022,A/Kansas/14/2017,40
A/Belgium/H0008/2022,A/Kansas/14/2017,40
A/Rouen/41245/2021,A/Kansas/14/2017,40
A/Denmark/3264/2019,A/Denmark/3264/2019,640
A/Hong Kong/2671/2019,A/Denmark/3264/2019,320
A/Cambodia/925256/2020,A/Denmark/3264/2019,160
A/Cambodia/e0826360/2020,A/Denmark/3264/2019,80
A/Bangladesh/4005/2020,A/Denmark/3264/2019,160
A/Stockholm/5/2021,A/Denmark/3264/2019,80
A/England/214191723/2021,A/Denmark/3264/2019,40
A/Darwin/9/2021,A/Denmark/3264/2019,160
A/Kansas/14/2017,A/Denmark/3264/2019,40
A/Netherlands/10018/2021,A/Denmark/3264/2019,40
A/Netherlands/10011/2021,A/Denmark/3264/2019,40
A/Netherlands/10012/2021,A/Denmark/3264/2019,40
A/Bremen/1/2021,A/Denmark/3264/2019,40
A/Netherlands/10062/2021,A/Denmark/3264/2019,160
A/Netherlands/10057/2021,A/Denmark/3264/2019,40
A/Netherlands/10063/2021,A/Denmark/3264/2019,40
A/Berlin/2/2021,A/Denmark/3264/2019,80
A/Schleswig-Holstein/1/2021,A/Denmark/3264/2019,160
A/Berlin/3/2021,A/Denmark/3264/2019,40
A/Hessen/1/2021,A/Denmark/3264/2019,40
A/Baden-Wurttemberg/1/2021,A/Denmark/3264/2019,40
A/Slovenia/19583/2021,A/Denmark/3264/2019,160
A/Kyiv/393/2021,A/Denmark/3264/2019,40
A/Rheinland-Pfalz/1/2021,A/Denmark/3264/2019,40
A/Slovenia/679/2022,A/Denmark/3264/2019,160
A/Slovenia/1054/2022,A/Denmark/3264/2019,160
A/Eph Blida/97875/2021,A/Denmark/3264/2019,80
A/Slovenia/8821/2022,A/Denmark/3264/2019,<40
A/Slovenia/8830/2022,A/Denmark/3264/2019,<40
A/Slovenia/8828/2022,A/Denmark/3264/2019,<40
A/Slovenia/8720/2022,A/Denmark/3264/2019,<40
A/Slovenia/8723/2022,A/Denmark/3264/2019,<40
A/Slovenia/8799/2022,A/Denmark/3264/2019,<40
A/Slovenia/9091/2022,A/Denmark/3264/2019,<40
A/Slovenia/9090/2022,A/Denmark/3264/2019,<40
A/Slovenia/9146/2022,A/Denmark/3264/2019,<40
A/Slovenia/9216/2022,A/Denmark/3264/2019,<40
A/Slovenia/9318/2022,A/Denmark/3264/2019,<40
A/Slovenia/9356/2022,A/Denmark/3264/2019,40
A/Slovenia/8965/2022,A/Denmark/3264/2019,80
A/Slovenia/9302/2022,A/Denmark/3264/2019,<40
A/Denmark/3264/2019,A/Hong Kong/2671/2019,640
A/Hong Kong/2671/2019,A/Hong Kong/2671/2019,320
A/Cambodia/925256/2020,A/Hong Kong/2671/2019,160
A/Cambodia/e0826360/2020,A/Hong Kong/2671/2019,<40
A/Bangladesh/4005/2020,A/Hong Kong/2671/2019,40
A/Stockholm/5/2021,A/Hong Kong/2671/2019,<40
A/England/214191723/2021,A/Hong Kong/2671/2019,<40
A/Darwin/9/2021,A/Hong Kong/2671/2019,<40
A/Kansas/14/2017,A/Hong Kong/2671/2019,<40
A/Netherlands/10018/2021,A/Hong Kong/2671/2019,<40
A/Netherlands/10011/2021,A/Hong Kong/2671/2019,<40
A/Netherlands/10012/2021,A/Hong Kong/2671/2019,<40
A/Bremen/1/2021,A/Hong Kong/2671/2019,160
A/Netherlands/10062/2021,A/Hong Kong/2671/2019,<40
A/Netherlands/10057/2021,A/Hong Kong/2671/2019,<40
A/Netherlands/10063/2021,A/Hong Kong/2671/2019,<40
A/Berlin/2/2021,A/Hong Kong/2671/2019,160
A/Schleswig-Holstein/1/2021,A/Hong Kong/2671/2019,160
A/Berlin/3/2021,A/Hong Kong/2671/2019,160
A/Hessen/1/2021,A/Hong Kong/2671/2019,160
A/Baden-Wurttemberg/1/2021,A/Hong Kong/2671/2019,160
A/Slovenia/19583/2021,A/Hong Kong/2671/2019,<40
A/Kyiv/393/2021,A/Hong Kong/2671/2019,160
A/Rheinland-Pfalz/1/2021,A/Hong Kong/2671/2019,160
A/Slovenia/679/2022,A/Hong Kong/2671/2019,<40
A/Slovenia/1054/2022,A/Hong Kong/2671/2019,<40
A/Eph Blida/97875/2021,A/Hong Kong/2671/2019,160
A/Slovenia/8821/2022,A/Hong Kong/2671/2019,<40
A/Slovenia/8830/2022,A/Hong Kong/2671/2019,<40
A/Slovenia/8828/2022,A/Hong Kong/2671/2019,<40
A/Slovenia/8720/2022,A/Hong Kong/2671/2019,<40
A/Slovenia/8723/2022,A/Hong Kong/2671/2019,<40
A/Slovenia/8799/2022,A/Hong Kong/2671/2019,<40
A/Slovenia/9091/2022,A/Hong Kong/2671/2019,<40
A/Slovenia/9090/2022,A/Hong Kong/2671/2019,<40
A/Slovenia/9146/2022,A/Hong Kong/2671/2019,<40
A/Slovenia/9216/2022,A/Hong Kong/2671/2019,<40
A/Slovenia/9318/2022,A/Hong Kong/2671/2019,<40
A/Slovenia/9356/2022,A/Hong Kong/2671/2019,160
A/Slovenia/8965/2022,A/Hong Kong/2671/2019,<40
A/Slovenia/9302/2022,A/Hong Kong/2671/2019,<40
A/Denmark/3264/2019,A/Cambodia/925256/2020,640
A/Hong Kong/2671/2019,A/Cambodia/925256/2020,640
A/Cambodia/925256/2020,A/Cambodia/925256/2020,640
A/Cambodia/e0826360/2020,A/Cambodia/925256/2020,80
A/Bangladesh/4005/2020,A/Cambodia/925256/2020,160
A/Stockholm/5/2021,A/Cambodia/925256/2020,80
A/England/214191723/2021,A/Cambodia/925256/2020,40
A/Darwin/9/2021,A/Cambodia/925256/2020,80
A/Kansas/14/2017,A/Cambodia/925256/2020,40
A/Netherlands/10018/2021,A/Cambodia/925256/2020,40
A/Netherlands/10011/2021,A/Cambodia/925256/2020,40
A/Netherlands/10012/2021,A/Cambodia/925256/2020,40
A/Bremen/1/2021,A/Cambodia/925256/2020,80
A/Netherlands/10062/2021,A/Cambodia/925256/2020,80
A/Netherlands/10057/2021,A/Cambodia/925256/2020,40
A/Netherlands/10063/2021,A/Cambodia/925256/2020,40
A/Berlin/2/2021,A/Cambodia/925256/2020,80
A/Schleswig-Holstein/1/2021,A/Cambodia/925256/2020,80
A/Berlin/3/2021,A/Cambodia/925256/2020,40
A/Hessen/1/2021,A/Cambodia/925256/2020,<40
A/Baden-Wurttemberg/1/2021,A/Cambodia/925256/2020,<40
A/Slovenia/19583/2021,A/Cambodia/925256/2020,80
A/Kyiv/393/2021,A/Cambodia/925256/2020,40
A/Rheinland-Pfalz/1/2021,A/Cambodia/925256/2020,<40
A/Slovenia/679/2022,A/Cambodia/925256/2020,80
A/Slovenia/1054/2022,A/Cambodia/925256/2020,80
A/Eph Blida/97875/2021,A/Cambodia/925256/2020,80
A/Slovenia/8821/2022,A/Cambodia/925256/2020,40
A/Slovenia/8830/2022,A/Cambodia/925256/2020,40
A/Slovenia/8828/2022,A/Cambodia/925256/2020,40
A/Slovenia/8720/2022,A/Cambodia/925256/2020,<40
A/Slovenia/8723/2022,A/Cambodia/925256/2020,<40
A/Slovenia/8799/2022,A/Cambodia/925256/2020,40
A/Slovenia/9091/2022,A/Cambodia/925256/2020,<40
A/Slovenia/9090/2022,A/Cambodia/925256/2020,<40
A/Slovenia/9146/2022,A/Cambodia/925256/2020,<40
A/Slovenia/9216/2022,A/Cambodia/925256/2020,40
A/Slovenia/9318/2022,A/Cambodia/925256/2020,40
A/Slovenia/9356/2022,A/Cambodia/925256/2020,40
A/Slovenia/8965/2022,A/Cambodia/925256/2020,40
A/Slovenia/9302/2022,A/Cambodia/925256/2020,40
A/Denmark/3264/2019,A/Cambodia/e0826360/2020,320
A/Hong Kong/2671/2019,A/Cambodia/e0826360/2020,160
A/Cambodia/925256/2020,A/Cambodia/e0826360/2020,160
A/Cambodia/e0826360/2020,A/Cambodia/e0826360/2020,1280
A/Bangladesh/4005/2020,A/Cambodia/e0826360/2020,160
A/Stockholm/5/2021,A/Cambodia/e0826360/2020,160
A/England/214191723/2021,A/Cambodia/e0826360/2020,440
A/Darwin/9/2021,A/Cambodia/e0826360/2020,320
A/Kansas/14/2017,A/Cambodia/e0826360/2020,40
A/Netherlands/10018/2021,A/Cambodia/e0826360/2020,80
A/Netherlands/10011/2021,A/Cambodia/e0826360/2020,40
A/Netherlands/10012/2021,A/Cambodia/e0826360/2020,80
A/Bremen/1/2021,A/Cambodia/e0826360/2020,80
A/Netherlands/10062/2021,A/Cambodia/e0826360/2020,160
A/Netherlands/10057/2021,A/Cambodia/e0826360/2020,80
A/Netherlands/10063/2021,A/Cambodia/e0826360/2020,40
A/Berlin/2/2021,A/Cambodia/e0826360/2020,160
A/Schleswig-Holstein/1/2021,A/Cambodia/e0826360/2020,320
A/Berlin/3/2021,A/Cambodia/e0826360/2020,80
A/Hessen/1/2021,A/Cambodia/e0826360/2020,40
A/Baden-Wurttemberg/1/2021,A/Cambodia/e0826360/2020,40
A/Slovenia/19583/2021,A/Cambodia/e0826360/2020,160
A/Kyiv/393/2021,A/Cambodia/e0826360/2020,80
A/Rheinland-Pfalz/1/2021,A/Cambodia/e0826360/2020,40
A/Slovenia/679/2022,A/Cambodia/e0826360/2020,160
A/Slovenia/1054/2022,A/Cambodia/e0826360/2020,320
A/Eph Blida/97875/2021,A/Cambodia/e0826360/2020,80
A/Slovenia/8821/2022,A/Cambodia/e0826360/2020,80
A/Slovenia/8830/2022,A/Cambodia/e0826360/2020,80
A/Slovenia/8828/2022,A/Cambodia/e0826360/2020,80
A/Slovenia/8720/2022,A/Cambodia/e0826360/2020,40
A/Slovenia/8723/2022,A/Cambodia/e0826360/2020,40
A/Slovenia/8799/2022,A/Cambodia/e0826360/2020,40
A/Slovenia/9091/2022,A/Cambodia/e0826360/2020,<40
A/Slovenia/9090/2022,A/Cambodia/e0826360/2020,40
A/Slovenia/9146/2022,A/Cambodia/e0826360/2020,40
A/Slovenia/9216/2022,A/Cambodia/e0826360/2020,80
A/Slovenia/9318/2022,A/Cambodia/e0826360/2020,40
A/Slovenia/9356/2022,A/Cambodia/e0826360/2020,40
A/Slovenia/8965/2022,A/Cambodia/e0826360/2020,160
A/Slovenia/9302/2022,A/Cambodia/e0826360/2020,160
A/Denmark/3264/2019,A/Bangladesh/4005/2020,160
A/Hong Kong/2671/2019,A/Bangladesh/4005/2020,160
A/Cambodia/925256/2020,A/Bangladesh/4005/2020,160
A/Cambodia/e0826360/2020,A/Bangladesh/4005/2020,80
A/Bangladesh/4005/2020,A/Bangladesh/4005/2020,320
A/Stockholm/5/2021,A/Bangladesh/4005/2020,160
A/England/214191723/2021,A/Bangladesh/4005/2020,80
A/Darwin/9/2021,A/Bangladesh/4005/2020,160
A/Kansas/14/2017,A/Bangladesh/4005/2020,40
A/Netherlands/10018/2021,A/Bangladesh/4005/2020,80
A/Netherlands/10011/2021,A/Bangladesh/4005/2020,80
A/Netherlands/10012/2021,A/Bangladesh/4005/2020,80
A/Bremen/1/2021,A/Bangladesh/4005/2020,80
A/Netherlands/10062/2021,A/Bangladesh/4005/2020,160
A/Netherlands/10057/2021,A/Bangladesh/4005/2020,80
A/Netherlands/10063/2021,A/Bangladesh/4005/2020,40
A/Berlin/2/2021,A/Bangladesh/4005/2020,160
A/Schleswig-Holstein/1/2021,A/Bangladesh/4005/2020,160
A/Berlin/3/2021,A/Bangladesh/4005/2020,80
A/Hessen/1/2021,A/Bangladesh/4005/2020,80
A/Baden-Wurttemberg/1/2021,A/Bangladesh/4005/2020,80
A/Slovenia/19583/2021,A/Bangladesh/4005/2020,320
A/Kyiv/393/2021,A/Bangladesh/4005/2020,160
A/Rheinland-Pfalz/1/2021,A/Bangladesh/4005/2020,80
A/Slovenia/679/2022,A/Bangladesh/4005/2020,160
A/Slovenia/1054/2022,A/Bangladesh/4005/2020,320
A/Eph Blida/97875/2021,A/Bangladesh/4005/2020,80
A/Slovenia/8821/2022,A/Bangladesh/4005/2020,160
A/Slovenia/8830/2022,A/Bangladesh/4005/2020,160
A/Slovenia/8828/2022,A/Bangladesh/4005/2020,80
A/Slovenia/8720/2022,A/Bangladesh/4005/2020,80
A/Slovenia/8723/2022,A/Bangladesh/4005/2020,80
A/Slovenia/8799/2022,A/Bangladesh/4005/2020,160
A/Slovenia/9091/2022,A/Bangladesh/4005/2020,80
A/Slovenia/9090/2022,A/Bangladesh/4005/2020,160
A/Slovenia/9146/2022,A/Bangladesh/4005/2020,160
A/Slovenia/9216/2022,A/Bangladesh/4005/2020,160
A/Slovenia/9318/2022,A/Bangladesh/4005/2020,160
A/Slovenia/9356/2022,A/Bangladesh/4005/2020,80
A/Slovenia/8965/2022,A/Bangladesh/4005/2020,160
A/Slovenia/9302/2022,A/Bangladesh/4005/2020,320
A/Denmark/3264/2019,A/Stockholm/5/2021,320
A/Hong Kong/2671/2019,A/Stockholm/5/2021,160
A/Cambodia/925256/2020,A/Stockholm/5/2021,160
A/Cambodia/e0826360/2020,A/Stockholm/5/2021,320
A/Bangladesh/4005/2020,A/Stockholm/5/2021,640
A/Stockholm/5/2021,A/Stockholm/5/2021,640
A/England/214191723/2021,A/Stockholm/5/2021,320
A/Darwin/9/2021,A/Stockholm/5/2021,640
A/Kansas/14/2017,A/Stockholm/5/2021,80
A/Netherlands/10018/2021,A/Stockholm/5/2021,160
A/Netherlands/10011/2021,A/Stockholm/5/2021,160
A/Netherlands/10012/2021,A/Stockholm/5/2021,320
A/Bremen/1/2021,A/Stockholm/5/2021,320
A/Netherlands/10062/2021,A/Stockholm/5/2021,320
A/Netherlands/10057/2021,A/Stockholm/5/2021,320
A/Netherlands/10063/2021,A/Stockholm/5/2021,160
A/Berlin/2/2021,A/Stockholm/5/2021,320
A/Schleswig-Holstein/1/2021,A/Stockholm/5/2021,320
A/Berlin/3/2021,A/Stockholm/5/2021,320
A/Hessen/1/2021,A/Stockholm/5/2021,320
A/Baden-Wurttemberg/1/2021,A/Stockholm/5/2021,160
A/Slovenia/19583/2021,A/Stockholm/5/2021,640
A/Kyiv/393/2021,A/Stockholm/5/2021,320
A/Rheinland-Pfalz/1/2021,A/Stockholm/5/2021,320
A/Slovenia/679/2022,A/Stockholm/5/2021,640
A/Slovenia/1054/2022,A/Stockholm/5/2021,640
A/Eph Blida/97875/2021,A/Stockholm/5/2021,160
A/Slovenia/8821/2022,A/Stockholm/5/2021,320
A/Slovenia/8830/2022,A/Stockholm/5/2021,320
A/Slovenia/8828/2022,A/Stockholm/5/2021,160
A/Slovenia/8720/2022,A/Stockholm/5/2021,320
A/Slovenia/8723/2022,A/Stockholm/5/2021,320
A/Slovenia/8799/2022,A/Stockholm/5/2021,320
A/Slovenia/9091/2022,A/Stockholm/5/2021,160
A/Slovenia/9090/2022,A/Stockholm/5/2021,320
A/Slovenia/9146/2022,A/Stockholm/5/2021,320
A/Slovenia/9216/2022,A/Stockholm/5/2021,320
A/Slovenia/9318/2022,A/Stockholm/5/2021,320
A/Slovenia/9356/2022,A/Stockholm/5/2021,320
A/Slovenia/8965/2022,A/Stockholm/5/2021,320
A/Slovenia/9302/2022,A/Stockholm/5/2021,640
A/Denmark/3264/2019,A/England/214191723/2021,80
A/Hong Kong/2671/2019,A/England/214191723/2021,40
A/Cambodia/925256/2020,A/England/214191723/2021,40
A/Cambodia/e0826360/2020,A/England/214191723/2021,160
A/Bangladesh/4005/2020,A/England/214191723/2021,320
A/Stockholm/5/2021,A/England/214191723/2021,320
A/England/214191723/2021,A/England/214191723/2021,320
A/Darwin/9/2021,A/England/214191723/2021,640
A/Kansas/14/2017,A/England/214191723/2021,40
A/Netherlands/10018/2021,A/England/214191723/2021,640
A/Netherlands/10011/2021,A/England/214191723/2021,320
A/Netherlands/10012/2021,A/England/214191723/2021,640
A/Bremen/1/2021,A/England/214191723/2021,640
A/Netherlands/10062/2021,A/England/214191723/2021,320
A/Netherlands/10057/2021,A/England/214191723/2021,640
A/Netherlands/10063/2021,A/England/214191723/2021,320
A/Berlin/2/2021,A/England/214191723/2021,640
A/Schleswig-Holstein/1/2021,A/England/214191723/2021,160
A/Berlin/3/2021,A/England/214191723/2021,640
A/Hessen/1/2021,A/England/214191723/2021,320
A/Baden-Wurttemberg/1/2021,A/England/214191723/2021,160
A/Slovenia/19583/2021,A/England/214191723/2021,640
A/Kyiv/393/2021,A/England/214191723/2021,640
A/Rheinland-Pfalz/1/2021,A/England/214191723/2021,320
A/Slovenia/679/2022,A/England/214191723/2021,640
A/Slovenia/1054/2022,A/England/214191723/2021,640
A/Eph Blida/97875/2021,A/England/214191723/2021,<40
A/Slovenia/8821/2022,A/England/214191723/2021,320
A/Slovenia/8830/2022,A/England/214191723/2021,320
A/Slovenia/8828/2022,A/England/214191723/2021,320
A/Slovenia/8720/2022,A/England/214191723/2021,320
A/Slovenia/8723/2022,A/England/214191723/2021,320
A/Slovenia/8799/2022,A/England/214191723/2021,320
A/Slovenia/9091/2022,A/England/214191723/2021,160
A/Slovenia/9090/2022,A/England/214191723/2021,320
A/Slovenia/9146/2022,A/England/214191723/2021,320
A/Slovenia/9216/2022,A/England/214191723/2021,320
A/Slovenia/9318/2022,A/England/214191723/2021,320
A/Slovenia/9356/2022,A/England/214191723/2021,320
A/Slovenia/8965/2022,A/England/214191723/2021,320
A/Slovenia/9302/2022,A/England/214191723/2021,640
A/Denmark/3264/2019,A/Darwin/9/2021,640
A/Hong Kong/2671/2019,A/Darwin/9/2021,320
A/Cambodia/925256/2020,A/Darwin/9/2021,160
A/Cambodia/e0826360/2020,A/Darwin/9/2021,320
A/Bangladesh/4005/2020,A/Darwin/9/2021,1280
A/Stockholm/5/2021,A/Darwin/9/2021,1280
A/England/214191723/2021,A/Darwin/9/2021,640
A/Darwin/9/2021,A/Darwin/9/2021,2560
A/Kansas/14/2017,A/Darwin/9/2021,160
A/Netherlands/10018/2021,A/Darwin/9/2021,640
A/Netherlands/10011/2021,A/Darwin/9/2021,640
A/Netherlands/10012/2021,A/Darwin/9/2021,1280
A/Bremen/1/2021,A/Darwin/9/2021,640
A/Netherlands/10062/2021,A/Darwin/9/2021,640
A/Netherlands/10057/2021,A/Darwin/9/2021,640
A/Netherlands/10063/2021,A/Darwin/9/2021,320
A/Berlin/2/2021,A/Darwin/9/2021,1280
A/Schleswig-Holstein/1/2021,A/Darwin/9/2021,640
A/Berlin/3/2021,A/Darwin/9/2021,640
A/Hessen/1/2021,A/Darwin/9/2021,1280
A/Baden-Wurttemberg/1/2021,A/Darwin/9/2021,640
A/Slovenia/19583/2021,A/Darwin/9/2021,1280
A/Kyiv/393/2021,A/Darwin/9/2021,640
A/Rheinland-Pfalz/1/2021,A/Darwin/9/2021,640
A/Slovenia/679/2022,A/Darwin/9/2021,1280
A/Slovenia/1054/2022,A/Darwin/9/2021,1280
A/Eph Blida/97875/2021,A/Darwin/9/2021,320
A/Slovenia/8821/2022,A/Darwin/9/2021,1280
A/Slovenia/8830/2022,A/Darwin/9/2021,640
A/Slovenia/8828/2022,A/Darwin/9/2021,640
A/Slovenia/8720/2022,A/Darwin/9/2021,640
A/Slovenia/8723/2022,A/Darwin/9/2021,640
A/Slovenia/8799/2022,A/Darwin/9/2021,1280
A/Slovenia/9091/2022,A/Darwin/9/2021,640
A/Slovenia/9090/2022,A/Darwin/9/2021,1280
A/Slovenia/9146/2022,A/Darwin/9/2021,640
A/Slovenia/9216/2022,A/Darwin/9/2021,640
A/Slovenia/9318/2022,A/Darwin/9/2021,1280
A/Slovenia/9356/2022,A/Darwin/9/2021,1280
A/Slovenia/8965/2022,A/Darwin/9/2021,640
A/Slovenia/9302/2022,A/Darwin/9/2021,1280
A/Denmark/3264/2019,A/Kansas/14/2017,320
A/Hong Kong/2671/2019,A/Kansas/14/2017,160
A/Cambodia/925256/2020,A/Kansas/14/2017,160
A/Cambodia/e0826360/2020,A/Kansas/14/2017,80
A/Bangladesh/4005/2020,A/Kansas/14/2017,160
A/Stockholm/5/2021,A/Kansas/14/2017,40
A/England/214191723/2021,A/Kansas/14/2017,<40
A/Darwin/9/2021,A/Kansas/14/2017,80
A/Kansas/14/2017,A/Kansas/14/2017,320
A/Netherlands/10018/2021,A/Kansas/14/2017,40
A/Netherlands/10011/2021,A/Kansas/14/2017,<40
A/Netherlands/10012/2021,A/Kansas/14/2017,<40
A/Bremen/1/2021,A/Kansas/14/2017,40
A/Netherlands/10062/2021,A/Kansas/14/2017,80
A/Netherlands/10057/2021,A/Kansas/14/2017,<40
A/Netherlands/10063/2021,A/Kansas/14/2017,<40
A/Berlin/2/2021,A/Kansas/14/2017,80
A/Schleswig-Holstein/1/2021,A/Kansas/14/2017,80
A/Berlin/3/2021,A/Kansas/14/2017,<40
A/Hessen/1/2021,A/Kansas/14/2017,<40
A/Baden-Wurttemberg/1/2021,A/Kansas/14/2017,<40
A/Slovenia/19583/2021,A/Kansas/14/2017,80
A/Kyiv/393/2021,A/Kansas/14/2017,40
A/Rheinland-Pfalz/1/2021,A/Kansas/14/2017,40
A/Slovenia/679/2022,A/Kansas/14/2017,80
A/Slovenia/1054/2022,A/Kansas/14/2017,80
A/Eph Blida/97875/2021,A/Kansas/14/2017,80
A/Slovenia/8821/2022,A/Kansas/14/2017,<40
A/Slovenia/8830/2022,A/Kansas/14/2017,40
A/Slovenia/8828/2022,A/Kansas/14/2017,<40
A/Slovenia/8720/2022,A/Kansas/14/2017,<40
A/Slovenia/8723/2022,A/Kansas/14/2017,<40
A/Slovenia/8799/2022,A/Kansas/14/2017,<40
A/Slovenia/9091/2022,A/Kansas/14/2017,<40
A/Slovenia/9090/2022,A/Kansas/14/2017,<40
A/Slovenia/9146/2022,A/Kansas/14/2017,<40
A/Slovenia/9216/2022,A/Kansas/14/2017,<40
A/Slovenia/9318/2022,A/Kansas/14/2017,<40
A/Slovenia/9356/2022,A/Kansas/14/2017,<40
A/Slovenia/8965/2022,A/Kansas/14/2017,<40
A/Slovenia/9302/2022,A/Kansas/14/2017,80
A/Denmark/3264/2019,A/Denmark/3264/2019,320
A/Hong Kong/2671/2019,A/Denmark/3264/2019,320
A/Cambodia/925256/2020,A/Denmark/3264/2019,160
A/Cambodia/e0826360/2020,A/Denmark/3264/2019,160
A/Bangladesh/4005/2020,A/Denmark/3264/2019,160
A/Stockholm/5/2021,A/Denmark/3264/2019,160
A/England/214191723/2021,A/Denmark/3264/2019,80
A/Darwin/9/2021,A/Denmark/3264/2019,160
A/Kansas/14/2017,A/Denmark/3264/2019,40
A/Serbia/5/2021,A/Denmark/3264/2019,80
A/Serbia/91/2022,A/Denmark/3264/2019,40
A/Serbia/112/2022,A/Denmark/3264/2019,80
A/Serbia/199/2022,A/Denmark/3264/2019,80
A/Denmark/3264/2019,A/Hong Kong/2671/2019,320
A/Hong Kong/2671/2019,A/Hong Kong/2671/2019,320
A/Cambodia/925256/2020,A/Hong Kong/2671/2019,160
A/Cambodia/e0826360/2020,A/Hong Kong/2671/2019,<40
A/Bangladesh/4005/2020,A/Hong Kong/2671/2019,160
A/Stockholm/5/2021,A/Hong Kong/2671/2019,<40
A/England/214191723/2021,A/Hong Kong/2671/2019,<40
A/Darwin/9/2021,A/Hong Kong/2671/2019,40
A/Kansas/14/2017,A/Hong Kong/2671/2019,40
A/Serbia/5/2021,A/Hong Kong/2671/2019,<40
A/Serbia/91/2022,A/Hong Kong/2671/2019,<40
A/Serbia/112/2022,A/Hong Kong/2671/2019,<40
A/Serbia/199/2022,A/Hong Kong/2671/2019,<40
A/Denmark/3264/2019,A/Cambodia/925256/2020,640
A/Hong Kong/2671/2019,A/Cambodia/925256/2020,640
A/Cambodia/925256/2020,A/Cambodia/925256/2020,320
A/Cambodia/e0826360/2020,A/Cambodia/925256/2020,320
A/Bangladesh/4005/2020,A/Cambodia/925256/2020,320
A/Stockholm/5/2021,A/Cambodia/925256/2020,80
A/England/214191723/2021,A/Cambodia/925256/2020,80
A/Darwin/9/2021,A/Cambodia/925256/2020,80
A/Kansas/14/2017,A/Cambodia/925256/2020,80
A/Serbia/5/2021,A/Cambodia/925256/2020,40
A/Serbia/91/2022,A/Cambodia/925256/2020,40
A/Serbia/112/2022,A/Cambodia/925256/2020,40
A/Serbia/199/2022,A/Cambodia/925256/2020,40
A/Denmark/3264/2019,A/Cambodia/e0826360/2020,160
A/Hong Kong/2671/2019,A/Cambodia/e0826360/2020,160
A/Cambodia/925256/2020,A/Cambodia/e0826360/2020,160
A/Cambodia/e0826360/2020,A/Cambodia/e0826360/2020,1280
A/Bangladesh/4005/2020,A/Cambodia/e0826360/2020,320
A/Stockholm/5/2021,A/Cambodia/e0826360/2020,160
A/England/214191723/2021,A/Cambodia/e0826360/2020,80
A/Darwin/9/2021,A/Cambodia/e0826360/2020,640
A/Kansas/14/2017,A/Cambodia/e0826360/2020,80
A/Serbia/5/2021,A/Cambodia/e0826360/2020,160
A/Serbia/91/2022,A/Cambodia/e0826360/2020,40
A/Serbia/112/2022,A/Cambodia/e0826360/2020,80
A/Serbia/199/2022,A/Cambodia/e0826360/2020,80
A/Denmark/3264/2019,A/Bangladesh/4005/2020,160
A/Hong Kong/2671/2019,A/Bangladesh/4005/2020,160
A/Cambodia/925256/2020,A/Bangladesh/4005/2020,160
A/Cambodia/e0826360/2020,A/Bangladesh/4005/2020,320
A/Bangladesh/4005/2020,A/Bangladesh/4005/2020,640
A/Stockholm/5/2021,A/Bangladesh/4005/2020,320
A/England/214191723/2021,A/Bangladesh/4005/2020,160
A/Darwin/9/2021,A/Bangladesh/4005/2020,320
A/Kansas/14/2017,A/Bangladesh/4005/2020,40
A/Serbia/5/2021,A/Bangladesh/4005/2020,160
A/Serbia/91/2022,A/Bangladesh/4005/2020,160
A/Serbia/112/2022,A/Bangladesh/4005/2020,160
A/Serbia/199/2022,A/Bangladesh/4005/2020,160
A/Denmark/3264/2019,A/Stockholm/5/2021,160
A/Hong Kong/2671/2019,A/Stockholm/5/2021,160
A/Cambodia/925256/2020,A/Stockholm/5/2021,160
A/Cambodia/e0826360/2020,A/Stockholm/5/2021,320
A/Bangladesh/4005/2020,A/Stockholm/5/2021,640
A/Stockholm/5/2021,A/Stockholm/5/2021,640
A/England/214191723/2021,A/Stockholm/5/2021,320
A/Darwin/9/2021,A/Stockholm/5/2021,640
A/Kansas/14/2017,A/Stockholm/5/2021,80
A/Serbia/5/2021,A/Stockholm/5/2021,320
A/Serbia/91/2022,A/Stockholm/5/2021,320
A/Serbia/112/2022,A/Stockholm/5/2021,320
A/Serbia/199/2022,A/Stockholm/5/2021,320
A/Denmark/3264/2019,A/England/214191723/2021,40
A/Hong Kong/2671/2019,A/England/214191723/2021,40
A/Cambodia/925256/2020,A/England/214191723/2021,<40
A/Cambodia/e0826360/2020,A/England/214191723/2021,320
A/Bangladesh/4005/2020,A/England/214191723/2021,640
A/Stockholm/5/2021,A/England/214191723/2021,320
A/England/214191723/2021,A/England/214191723/2021,640
A/Darwin/9/2021,A/England/214191723/2021,640
A/Kansas/14/2017,A/England/214191723/2021,80
A/Serbia/5/2021,A/England/214191723/2021,320
A/Serbia/91/2022,A/England/214191723/2021,320
A/Serbia/112/2022,A/England/214191723/2021,320
A/Serbia/199/2022,A/England/214191723/2021,320
A/Denmark/3264/2019,A/Darwin/9/2021,320
A/Hong Kong/2671/2019,A/Darwin/9/2021,320
A/Cambodia/925256/2020,A/Darwin/9/2021,320
A/Cambodia/e0826360/2020,A/Darwin/9/2021,640
A/Bangladesh/4005/2020,A/Darwin/9/2021,1280
A/Stockholm/5/2021,A/Darwin/9/2021,1280
A/England/214191723/2021,A/Darwin/9/2021,1280
A/Darwin/9/2021,A/Darwin/9/2021,2560
A/Kansas/14/2017,A/Darwin/9/2021,160
A/Serbia/5/2021,A/Darwin/9/2021,1280
A/Serbia/91/2022,A/Darwin/9/2021,1280
A/Serbia/112/2022,A/Darwin/9/2021,1280
A/Serbia/199/2022,A/Darwin/9/2021,1280
A/Denmark/3264/2019,A/Kansas/14/2017,80
A/Hong Kong/2671/2019,A/Kansas/14/2017,160
A/Cambodia/925256/2020,A/Kansas/14/2017,160
A/Cambodia/e0826360/2020,A/Kansas/14/2017,160
A/Bangladesh/4005/2020,A/Kansas/14/2017,320
A/Stockholm/5/2021,A/Kansas/14/2017,80
A/England/214191723/2021,A/Kansas/14/2017,40
A/Darwin/9/2021,A/Kansas/14/2017,80
A/Kansas/14/2017,A/Kansas/14/2017,640
A/Serbia/5/2021,A/Kansas/14/2017,<40
A/Serbia/91/2022,A/Kansas/14/2017,<40
A/Serbia/112/2022,A/Kansas/14/2017,<40
A/Serbia/199/2022,A/Kansas/14/2017,<40
A/Denmark/3264/2019,A/Denmark/3264/2019,320
A/Hong Kong/2671/2019,A/Denmark/3264/2019,160
A/Cambodia/925256/2020,A/Denmark/3264/2019,80
A/Cambodia/e0826360/2020,A/Denmark/3264/2019,80
A/Bangladesh/4005/2020,A/Denmark/3264/2019,160
A/Stockholm/5/2021,A/Denmark/3264/2019,80
A/England/214191723/2021,A/Denmark/3264/2019,80
A/Darwin/9/2021,A/Denmark/3264/2019,160
A/Kansas/14/2017,A/Denmark/3264/2019,40
A/Netherlands/10066/2021,A/Denmark/3264/2019,<40
A/Netherlands/10067/2021,A/Denmark/3264/2019,40
A/Netherlands/10122/2021,A/Denmark/3264/2019,80
A/Netherlands/10065/2021,A/Denmark/3264/2019,40
A/Netherlands/10121/2021,A/Denmark/3264/2019,40
A/Netherlands/10109/2021,A/Denmark/3264/2019,<40
A/Netherlands/10108/2021,A/Denmark/3264/2019,40
A/Netherlands/10128/2021,A/Denmark/3264/2019,<40
A/Netherlands/10119/2021,A/Denmark/3264/2019,<40
A/Netherlands/10114/2021,A/Denmark/3264/2019,40
A/Netherlands/10129/2021,A/Denmark/3264/2019,40
A/Netherlands/10138/2021,A/Denmark/3264/2019,80
A/Netherlands/10137/2021,A/Denmark/3264/2019,40
A/Netherlands/10132/2021,A/Denmark/3264/2019,40
A/Netherlands/10145/2021,A/Denmark/3264/2019,40
A/Netherlands/10144/2021,A/Denmark/3264/2019,40
A/Netherlands/10140/2021,A/Denmark/3264/2019,40
A/Netherlands/10148/2021,A/Denmark/3264/2019,40
A/Netherlands/10147/2021,A/Denmark/3264/2019,40
A/Netherlands/10150/2021,A/Denmark/3264/2019,40
A/Netherlands/10151/2021,A/Denmark/3264/2019,40
A/Netherlands/10154/2021,A/Denmark/3264/2019,<40
A/Kosova/78/2021,A/Denmark/3264/2019,160
A/Netherlands/10180/2021,A/Denmark/3264/2019,<40
A/Netherlands/10182/2021,A/Denmark/3264/2019,80
A/Kosova/114/2021,A/Denmark/3264/2019,80
A/Netherlands/10202/2021,A/Denmark/3264/2019,<40
A/Netherlands/10184/2021,A/Denmark/3264/2019,80
A/Albania/8441/2021,A/Denmark/3264/2019,<40
A/Albania/8322/2021,A/Denmark/3264/2019,80
A/Netherlands/10203/2021,A/Denmark/3264/2019,80
A/Albania/8614/2021,A/Denmark/3264/2019,80
A/Kosova/368/2021,A/Denmark/3264/2019,40
A/Netherlands/10193/2021,A/Denmark/3264/2019,160
A/Albania/9833/2021,A/Denmark/3264/2019,40
A/Albania/9725/2021,A/Denmark/3264/2019,160
A/Albania/78/2021,A/Denmark/3264/2019,80
A/Albania/31/2021,A/Denmark/3264/2019,160
A/Netherlands/10204/2021,A/Denmark/3264/2019,40
A/Netherlands/10205/2021,A/Denmark/3264/2019,160
A/Netherlands/10194/2021,A/Denmark/3264/2019,40
A/Netherlands/10197/2021,A/Denmark/3264/2019,40
A/Netherlands/10195/2021,A/Denmark/3264/2019,160
A/Albania/622/2021,A/Denmark/3264/2019,160
A/Kosova/587/2021,A/Denmark/3264/2019,80
A/Albania/890/2021,A/Denmark/3264/2019,40
A/Albania/862/2021,A/Denmark/3264/2019,40
A/Kosova/607/2021,A/Denmark/3264/2019,80
A/Kosova/618/2021,A/Denmark/3264/2019,<40
A/Netherlands/10215/2021,A/Denmark/3264/2019,80
A/Netherlands/10210/2021,A/Denmark/3264/2019,160
A/Netherlands/10208/2021,A/Denmark/3264/2019,40
A/Kosova/701/2021,A/Denmark/3264/2019,80
A/Kosova/710/2021,A/Denmark/3264/2019,80
A/Netherlands/10231/2021,A/Denmark/3264/2019,160
A/Netherlands/10230/2021,A/Denmark/3264/2019,160
A/Argentina/R21/2022,A/Denmark/3264/2019,<40
A/Netherlands/10206/2021,A/Denmark/3264/2019,160
A/Denmark/3264/2019,A/Hong Kong/2671/2019,160
A/Hong Kong/2671/2019,A/Hong Kong/2671/2019,320
A/Cambodia/925256/2020,A/Hong Kong/2671/2019,160
A/Cambodia/e0826360/2020,A/Hong Kong/2671/2019,<40
A/Bangladesh/4005/2020,A/Hong Kong/2671/2019,80
A/Stockholm/5/2021,A/Hong Kong/2671/2019,<40
A/England/214191723/2021,A/Hong Kong/2671/2019,<40
A/Darwin/9/2021,A/Hong Kong/2671/2019,<40
A/Kansas/14/2017,A/Hong Kong/2671/2019,40
A/Netherlands/10066/2021,A/Hong Kong/2671/2019,<40
A/Netherlands/10067/2021,A/Hong Kong/2671/2019,<40
A/Netherlands/10122/2021,A/Hong Kong/2671/2019,<40
A/Netherlands/10065/2021,A/Hong Kong/2671/2019,<40
A/Netherlands/10121/2021,A/Hong Kong/2671/2019,<40
A/Netherlands/10109/2021,A/Hong Kong/2671/2019,<40
A/Netherlands/10108/2021,A/Hong Kong/2671/2019,<40
A/Netherlands/10128/2021,A/Hong Kong/2671/2019,<40
A/Netherlands/10119/2021,A/Hong Kong/2671/2019,<40
A/Netherlands/10114/2021,A/Hong Kong/2671/2019,<40
A/Netherlands/10129/2021,A/Hong Kong/2671/2019,<40
A/Netherlands/10138/2021,A/Hong Kong/2671/2019,<40
A/Netherlands/10137/2021,A/Hong Kong/2671/2019,<40
A/Netherlands/10132/2021,A/Hong Kong/2671/2019,<40
A/Netherlands/10145/2021,A/Hong Kong/2671/2019,<40
A/Netherlands/10144/2021,A/Hong Kong/2671/2019,<40
A/Netherlands/10140/2021,A/Hong Kong/2671/2019,<40
A/Netherlands/10148/2021,A/Hong Kong/2671/2019,<40
A/Netherlands/10147/2021,A/Hong Kong/2671/2019,<40
A/Netherlands/10150/2021,A/Hong Kong/2671/2019,<40
A/Netherlands/10151/2021,A/Hong Kong/2671/2019,40
A/Netherlands/10154/2021,A/Hong Kong/2671/2019,<40
A/Kosova/78/2021,A/Hong Kong/2671/2019,<40
A/Netherlands/10180/2021,A/Hong Kong/2671/2019,<40
A/Netherlands/10182/2021,A/Hong Kong/2671/2019,<40
A/Kosova/114/2021,A/Hong Kong/2671/2019,<40
A/Netherlands/10202/2021,A/Hong Kong/2671/2019,<40
A/Netherlands/10184/2021,A/Hong Kong/2671/2019,<40
A/Albania/8441/2021,A/Hong Kong/2671/2019,<40
A/Albania/8322/2021,A/Hong Kong/2671/2019,<40
A/Netherlands/10203/2021,A/Hong Kong/2671/2019,<40
A/Albania/8614/2021,A/Hong Kong/2671/2019,<40
A/Kosova/368/2021,A/Hong Kong/2671/2019,<40
A/Netherlands/10193/2021,A/Hong Kong/2671/2019,<40
A/Albania/9833/2021,A/Hong Kong/2671/2019,<40
A/Albania/9725/2021,A/Hong Kong/2671/2019,<40
A/Albania/78/2021,A/Hong Kong/2671/2019,<40
A/Albania/31/2021,A/Hong Kong/2671/2019,<40
A/Netherlands/10204/2021,A/Hong Kong/2671/2019,<40
A/Netherlands/10205/2021,A/Hong Kong/2671/2019,<40
A/Netherlands/10194/2021,A/Hong Kong/2671/2019,<40
A/Netherlands/10197/2021,A/Hong Kong/2671/2019,<40
A/Netherlands/10195/2021,A/Hong Kong/2671/2019,<40
A/Albania/622/2021,A/Hong Kong/2671/2019,<40
A/Kosova/587/2021,A/Hong Kong/2671/2019,<40
A/Albania/890/2021,A/Hong Kong/2671/2019,<40
A/Albania/862/2021,A/Hong Kong/2671/2019,<40
A/Kosova/607/2021,A/Hong Kong/2671/2019,<40
A/Kosova/618/2021,A/Hong Kong/2671/2019,<40
A/Netherlands/10215/2021,A/Hong Kong/2671/2019,<40
A/Netherlands/10210/2021,A/Hong Kong/2671/2019,<40
A/Netherlands/10208/2021,A/Hong Kong/2671/2019,<40
A/Kosova/701/2021,A/Hong Kong/2671/2019,<40
A/Kosova/710/2021,A/Hong Kong/2671/2019,<40
A/Netherlands/10231/2021,A/Hong Kong/2671/2019,<40
A/Netherlands/10230/2021,A/Hong Kong/2671/2019,<40
A/Argentina/R21/2022,A/Hong Kong/2671/2019,<40
A/Netherlands/10206/2021,A/Hong Kong/2671/2019,160
A/Denmark/3264/2019,A/Cambodia/925256/2020,320
A/Hong Kong/2671/2019,A/Cambodia/925256/2020,640
A/Cambodia/925256/2020,A/Cambodia/925256/2020,640
A/Cambodia/e0826360/2020,A/Cambodia/925256/2020,160
A/Bangladesh/4005/2020,A/Cambodia/925256/2020,320
A/Stockholm/5/2021,A/Cambodia/925256/2020,80
A/England/214191723/2021,A/Cambodia/925256/2020,80
A/Darwin/9/2021,A/Cambodia/925256/2020,160
A/Kansas/14/2017,A/Cambodia/925256/2020,80
A/Netherlands/10066/2021,A/Cambodia/925256/2020,40
A/Netherlands/10067/2021,A/Cambodia/925256/2020,80
A/Netherlands/10122/2021,A/Cambodia/925256/2020,40
A/Netherlands/10065/2021,A/Cambodia/925256/2020,80
A/Netherlands/10121/2021,A/Cambodia/925256/2020,40
A/Netherlands/10109/2021,A/Cambodia/925256/2020,40
A/Netherlands/10108/2021,A/Cambodia/925256/2020,80
A/Netherlands/10128/2021,A/Cambodia/925256/2020,40
A/Netherlands/10119/2021,A/Cambodia/925256/2020,40
A/Netherlands/10114/2021,A/Cambodia/925256/2020,40
A/Netherlands/10129/2021,A/Cambodia/925256/2020,80
A/Netherlands/10138/2021,A/Cambodia/925256/2020,40
A/Netherlands/10137/2021,A/Cambodia/925256/2020,40
A/Netherlands/10132/2021,A/Cambodia/925256/2020,40
A/Netherlands/10145/2021,A/Cambodia/925256/2020,80
A/Netherlands/10144/2021,A/Cambodia/925256/2020,80
A/Netherlands/10140/2021,A/Cambodia/925256/2020,<40
A/Netherlands/10148/2021,A/Cambodia/925256/2020,80
A/Netherlands/10147/2021,A/Cambodia/925256/2020,80
A/Netherlands/10150/2021,A/Cambodia/925256/2020,80
A/Netherlands/10151/2021,A/Cambodia/925256/2020,80
A/Netherlands/10154/2021,A/Cambodia/925256/2020,40
A/Kosova/78/2021,A/Cambodia/925256/2020,80
A/Netherlands/10180/2021,A/Cambodia/925256/2020,<40
A/Netherlands/10182/2021,A/Cambodia/925256/2020,80
A/Kosova/114/2021,A/Cambodia/925256/2020,40
A/Netherlands/10202/2021,A/Cambodia/925256/2020,40
A/Netherlands/10184/2021,A/Cambodia/925256/2020,80
A/Albania/8441/2021,A/Cambodia/925256/2020,40
A/Albania/8322/2021,A/Cambodia/925256/2020,80
A/Netherlands/10203/2021,A/Cambodia/925256/2020,40
A/Albania/8614/2021,A/Cambodia/925256/2020,80
A/Kosova/368/2021,A/Cambodia/925256/2020,40
A/Netherlands/10193/2021,A/Cambodia/925256/2020,80
A/Albania/9833/2021,A/Cambodia/925256/2020,40
A/Albania/9725/2021,A/Cambodia/925256/2020,80
A/Albania/78/2021,A/Cambodia/925256/2020,40
A/Albania/31/2021,A/Cambodia/925256/2020,160
A/Netherlands/10204/2021,A/Cambodia/925256/2020,40
A/Netherlands/10205/2021,A/Cambodia/925256/2020,80
A/Netherlands/10194/2021,A/Cambodia/925256/2020,40
A/Netherlands/10197/2021,A/Cambodia/925256/2020,<40
A/Netherlands/10195/2021,A/Cambodia/925256/2020,80
A/Albania/622/2021,A/Cambodia/925256/2020,80
A/Kosova/587/2021,A/Cambodia/925256/2020,80
A/Albania/890/2021,A/Cambodia/925256/2020,40
A/Albania/862/2021,A/Cambodia/925256/2020,40
A/Kosova/607/2021,A/Cambodia/925256/2020,40
A/Kosova/618/2021,A/Cambodia/925256/2020,40
A/Netherlands/10215/2021,A/Cambodia/925256/2020,80
A/Netherlands/10210/2021,A/Cambodia/925256/2020,40
A/Netherlands/10208/2021,A/Cambodia/925256/2020,40
A/Kosova/701/2021,A/Cambodia/925256/2020,40
A/Kosova/710/2021,A/Cambodia/925256/2020,40
A/Netherlands/10231/2021,A/Cambodia/925256/2020,80
A/Netherlands/10230/2021,A/Cambodia/925256/2020,80
A/Argentina/R21/2022,A/Cambodia/925256/2020,<40
A/Netherlands/10206/2021,A/Cambodia/925256/2020,320
A/Denmark/3264/2019,A/Cambodia/e0826360/2020,160
A/Hong Kong/2671/2019,A/Cambodia/e0826360/2020,160
A/Cambodia/925256/2020,A/Cambodia/e0826360/2020,160
A/Cambodia/e0826360/2020,A/Cambodia/e0826360/2020,1280
A/Bangladesh/4005/2020,A/Cambodia/e0826360/2020,320
A/Stockholm/5/2021,A/Cambodia/e0826360/2020,160
A/England/214191723/2021,A/Cambodia/e0826360/2020,80
A/Darwin/9/2021,A/Cambodia/e0826360/2020,640
A/Kansas/14/2017,A/Cambodia/e0826360/2020,80
A/Netherlands/10066/2021,A/Cambodia/e0826360/2020,40
A/Netherlands/10067/2021,A/Cambodia/e0826360/2020,80
A/Netherlands/10122/2021,A/Cambodia/e0826360/2020,160
A/Netherlands/10065/2021,A/Cambodia/e0826360/2020,80
A/Netherlands/10121/2021,A/Cambodia/e0826360/2020,80
A/Netherlands/10109/2021,A/Cambodia/e0826360/2020,80
A/Netherlands/10108/2021,A/Cambodia/e0826360/2020,80
A/Netherlands/10128/2021,A/Cambodia/e0826360/2020,40
A/Netherlands/10119/2021,A/Cambodia/e0826360/2020,40
A/Netherlands/10114/2021,A/Cambodia/e0826360/2020,80
A/Netherlands/10129/2021,A/Cambodia/e0826360/2020,160
A/Netherlands/10138/2021,A/Cambodia/e0826360/2020,80
A/Netherlands/10137/2021,A/Cambodia/e0826360/2020,80
A/Netherlands/10132/2021,A/Cambodia/e0826360/2020,80
A/Netherlands/10145/2021,A/Cambodia/e0826360/2020,80
A/Netherlands/10144/2021,A/Cambodia/e0826360/2020,80
A/Netherlands/10140/2021,A/Cambodia/e0826360/2020,80
A/Netherlands/10148/2021,A/Cambodia/e0826360/2020,80
A/Netherlands/10147/2021,A/Cambodia/e0826360/2020,160
A/Netherlands/10150/2021,A/Cambodia/e0826360/2020,80
A/Netherlands/10151/2021,A/Cambodia/e0826360/2020,80
A/Netherlands/10154/2021,A/Cambodia/e0826360/2020,80
A/Kosova/78/2021,A/Cambodia/e0826360/2020,320
A/Netherlands/10180/2021,A/Cambodia/e0826360/2020,40
A/Netherlands/10182/2021,A/Cambodia/e0826360/2020,320
A/Kosova/114/2021,A/Cambodia/e0826360/2020,160
A/Netherlands/10202/2021,A/Cambodia/e0826360/2020,80
A/Netherlands/10184/2021,A/Cambodia/e0826360/2020,160
A/Albania/8441/2021,A/Cambodia/e0826360/2020,80
A/Albania/8322/2021,A/Cambodia/e0826360/2020,320
A/Netherlands/10203/2021,A/Cambodia/e0826360/2020,80
A/Albania/8614/2021,A/Cambodia/e0826360/2020,320
A/Kosova/368/2021,A/Cambodia/e0826360/2020,40
A/Netherlands/10193/2021,A/Cambodia/e0826360/2020,320
A/Albania/9833/2021,A/Cambodia/e0826360/2020,40
A/Albania/9725/2021,A/Cambodia/e0826360/2020,320
A/Albania/78/2021,A/Cambodia/e0826360/2020,160
A/Albania/31/2021,A/Cambodia/e0826360/2020,320
A/Netherlands/10204/2021,A/Cambodia/e0826360/2020,40
A/Netherlands/10205/2021,A/Cambodia/e0826360/2020,160
A/Netherlands/10194/2021,A/Cambodia/e0826360/2020,40
A/Netherlands/10197/2021,A/Cambodia/e0826360/2020,80
A/Netherlands/10195/2021,A/Cambodia/e0826360/2020,160
A/Albania/622/2021,A/Cambodia/e0826360/2020,320
A/Kosova/587/2021,A/Cambodia/e0826360/2020,320
A/Albania/890/2021,A/Cambodia/e0826360/2020,40
A/Albania/862/2021,A/Cambodia/e0826360/2020,80
A/Kosova/607/2021,A/Cambodia/e0826360/2020,160
A/Kosova/618/2021,A/Cambodia/e0826360/2020,80
A/Netherlands/10215/2021,A/Cambodia/e0826360/2020,320
A/Netherlands/10210/2021,A/Cambodia/e0826360/2020,320
A/Netherlands/10208/2021,A/Cambodia/e0826360/2020,40
A/Kosova/701/2021,A/Cambodia/e0826360/2020,160
A/Kosova/710/2021,A/Cambodia/e0826360/2020,320
A/Netherlands/10231/2021,A/Cambodia/e0826360/2020,320
A/Netherlands/10230/2021,A/Cambodia/e0826360/2020,320
A/Argentina/R21/2022,A/Cambodia/e0826360/2020,40
A/Netherlands/10206/2021,A/Cambodia/e0826360/2020,320
A/Denmark/3264/2019,A/Bangladesh/4005/2020,160
A/Hong Kong/2671/2019,A/Bangladesh/4005/2020,160
A/Cambodia/925256/2020,A/Bangladesh/4005/2020,160
A/Cambodia/e0826360/2020,A/Bangladesh/4005/2020,320
A/Bangladesh/4005/2020,A/Bangladesh/4005/2020,640
A/Stockholm/5/2021,A/Bangladesh/4005/2020,320
A/England/214191723/2021,A/Bangladesh/4005/2020,160
A/Darwin/9/2021,A/Bangladesh/4005/2020,640
A/Kansas/14/2017,A/Bangladesh/4005/2020,80
A/Netherlands/10066/2021,A/Bangladesh/4005/2020,80
A/Netherlands/10067/2021,A/Bangladesh/4005/2020,160
A/Netherlands/10122/2021,A/Bangladesh/4005/2020,160
A/Netherlands/10065/2021,A/Bangladesh/4005/2020,160
A/Netherlands/10121/2021,A/Bangladesh/4005/2020,160
A/Netherlands/10109/2021,A/Bangladesh/4005/2020,80
A/Netherlands/10108/2021,A/Bangladesh/4005/2020,160
A/Netherlands/10128/2021,A/Bangladesh/4005/2020,80
A/Netherlands/10119/2021,A/Bangladesh/4005/2020,80
A/Netherlands/10114/2021,A/Bangladesh/4005/2020,160
A/Netherlands/10129/2021,A/Bangladesh/4005/2020,160
A/Netherlands/10138/2021,A/Bangladesh/4005/2020,80
A/Netherlands/10137/2021,A/Bangladesh/4005/2020,160
A/Netherlands/10132/2021,A/Bangladesh/4005/2020,160
A/Netherlands/10145/2021,A/Bangladesh/4005/2020,160
A/Netherlands/10144/2021,A/Bangladesh/4005/2020,160
A/Netherlands/10140/2021,A/Bangladesh/4005/2020,160
A/Netherlands/10148/2021,A/Bangladesh/4005/2020,160
A/Netherlands/10147/2021,A/Bangladesh/4005/2020,320
A/Netherlands/10150/2021,A/Bangladesh/4005/2020,160
A/Netherlands/10151/2021,A/Bangladesh/4005/2020,160
A/Netherlands/10154/2021,A/Bangladesh/4005/2020,160
A/Kosova/78/2021,A/Bangladesh/4005/2020,320
A/Netherlands/10180/2021,A/Bangladesh/4005/2020,160
A/Netherlands/10182/2021,A/Bangladesh/4005/2020,160
A/Kosova/114/2021,A/Bangladesh/4005/2020,160
A/Netherlands/10202/2021,A/Bangladesh/4005/2020,160
A/Netherlands/10184/2021,A/Bangladesh/4005/2020,160
A/Albania/8441/2021,A/Bangladesh/4005/2020,80
A/Albania/8322/2021,A/Bangladesh/4005/2020,320
A/Netherlands/10203/2021,A/Bangladesh/4005/2020,160
A/Albania/8614/2021,A/Bangladesh/4005/2020,320
A/Kosova/368/2021,A/Bangladesh/4005/2020,160
A/Netherlands/10193/2021,A/Bangladesh/4005/2020,320
A/Albania/9833/2021,A/Bangladesh/4005/2020,160
A/Albania/9725/2021,A/Bangladesh/4005/2020,320
A/Albania/78/2021,A/Bangladesh/4005/2020,320
A/Albania/31/2021,A/Bangladesh/4005/2020,320
A/Netherlands/10204/2021,A/Bangladesh/4005/2020,160
A/Netherlands/10205/2021,A/Bangladesh/4005/2020,640
A/Netherlands/10194/2021,A/Bangladesh/4005/2020,80
A/Netherlands/10197/2021,A/Bangladesh/4005/2020,160
A/Netherlands/10195/2021,A/Bangladesh/4005/2020,640
A/Albania/622/2021,A/Bangladesh/4005/2020,320
A/Kosova/587/2021,A/Bangladesh/4005/2020,320
A/Albania/890/2021,A/Bangladesh/4005/2020,160
A/Albania/862/2021,A/Bangladesh/4005/2020,160
A/Kosova/607/2021,A/Bangladesh/4005/2020,160
A/Kosova/618/2021,A/Bangladesh/4005/2020,80
A/Netherlands/10215/2021,A/Bangladesh/4005/2020,320
A/Netherlands/10210/2021,A/Bangladesh/4005/2020,320
A/Netherlands/10208/2021,A/Bangladesh/4005/2020,80
A/Kosova/701/2021,A/Bangladesh/4005/2020,160
A/Kosova/710/2021,A/Bangladesh/4005/2020,320
A/Netherlands/10231/2021,A/Bangladesh/4005/2020,320
A/Netherlands/10230/2021,A/Bangladesh/4005/2020,320
A/Argentina/R21/2022,A/Bangladesh/4005/2020,80
A/Netherlands/10206/2021,A/Bangladesh/4005/2020,320
A/Denmark/3264/2019,A/Stockholm/5/2021,160
A/Hong Kong/2671/2019,A/Stockholm/5/2021,160
A/Cambodia/925256/2020,A/Stockholm/5/2021,160
A/Cambodia/e0826360/2020,A/Stockholm/5/2021,160
A/Bangladesh/4005/2020,A/Stockholm/5/2021,640
A/Stockholm/5/2021,A/Stockholm/5/2021,640
A/England/214191723/2021,A/Stockholm/5/2021,320
A/Darwin/9/2021,A/Stockholm/5/2021,640
A/Kansas/14/2017,A/Stockholm/5/2021,80
A/Netherlands/10066/2021,A/Stockholm/5/2021,80
A/Netherlands/10067/2021,A/Stockholm/5/2021,320
A/Netherlands/10122/2021,A/Stockholm/5/2021,160
A/Netherlands/10065/2021,A/Stockholm/5/2021,160
A/Netherlands/10121/2021,A/Stockholm/5/2021,160
A/Netherlands/10109/2021,A/Stockholm/5/2021,160
A/Netherlands/10108/2021,A/Stockholm/5/2021,320
A/Netherlands/10128/2021,A/Stockholm/5/2021,160
A/Netherlands/10119/2021,A/Stockholm/5/2021,160
A/Netherlands/10114/2021,A/Stockholm/5/2021,320
A/Netherlands/10129/2021,A/Stockholm/5/2021,320
A/Netherlands/10138/2021,A/Stockholm/5/2021,160
A/Netherlands/10137/2021,A/Stockholm/5/2021,160
A/Netherlands/10132/2021,A/Stockholm/5/2021,160
A/Netherlands/10145/2021,A/Stockholm/5/2021,160
A/Netherlands/10144/2021,A/Stockholm/5/2021,160
A/Netherlands/10140/2021,A/Stockholm/5/2021,160
A/Netherlands/10148/2021,A/Stockholm/5/2021,320
A/Netherlands/10147/2021,A/Stockholm/5/2021,320
A/Netherlands/10150/2021,A/Stockholm/5/2021,160
A/Netherlands/10151/2021,A/Stockholm/5/2021,160
A/Netherlands/10154/2021,A/Stockholm/5/2021,160
A/Kosova/78/2021,A/Stockholm/5/2021,640
A/Netherlands/10180/2021,A/Stockholm/5/2021,160
A/Netherlands/10182/2021,A/Stockholm/5/2021,320
A/Kosova/114/2021,A/Stockholm/5/2021,320
A/Netherlands/10202/2021,A/Stockholm/5/2021,160
A/Netherlands/10184/2021,A/Stockholm/5/2021,640
A/Albania/8441/2021,A/Stockholm/5/2021,160
A/Albania/8322/2021,A/Stockholm/5/2021,640
A/Netherlands/10203/2021,A/Stockholm/5/2021,320
A/Albania/8614/2021,A/Stockholm/5/2021,640
A/Kosova/368/2021,A/Stockholm/5/2021,320
A/Netherlands/10193/2021,A/Stockholm/5/2021,320
A/Albania/9833/2021,A/Stockholm/5/2021,320
A/Albania/9725/2021,A/Stockholm/5/2021,640
A/Albania/78/2021,A/Stockholm/5/2021,640
A/Albania/31/2021,A/Stockholm/5/2021,640
A/Netherlands/10204/2021,A/Stockholm/5/2021,160
A/Netherlands/10205/2021,A/Stockholm/5/2021,320
A/Netherlands/10194/2021,A/Stockholm/5/2021,160
A/Netherlands/10197/2021,A/Stockholm/5/2021,320
A/Netherlands/10195/2021,A/Stockholm/5/2021,640
A/Albania/622/2021,A/Stockholm/5/2021,640
A/Kosova/587/2021,A/Stockholm/5/2021,640
A/Albania/890/2021,A/Stockholm/5/2021,320
A/Albania/862/2021,A/Stockholm/5/2021,320
A/Kosova/607/2021,A/Stockholm/5/2021,320
A/Kosova/618/2021,A/Stockholm/5/2021,160
A/Netherlands/10215/2021,A/Stockholm/5/2021,320
A/Netherlands/10210/2021,A/Stockholm/5/2021,640
A/Netherlands/10208/2021,A/Stockholm/5/2021,160
A/Kosova/701/2021,A/Stockholm/5/2021,320
A/Kosova/710/2021,A/Stockholm/5/2021,320
A/Netherlands/10231/2021,A/Stockholm/5/2021,320
A/Netherlands/10230/2021,A/Stockholm/5/2021,320
A/Argentina/R21/2022,A/Stockholm/5/2021,160
A/Netherlands/10206/2021,A/Stockholm/5/2021,320
A/Denmark/3264/2019,A/England/214191723/2021,<40
A/Hong Kong/2671/2019,A/England/214191723/2021,<40
A/Cambodia/925256/2020,A/England/214191723/2021,<40
A/Cambodia/e0826360/2020,A/England/214191723/2021,320
A/Bangladesh/4005/2020,A/England/214191723/2021,640
A/Stockholm/5/2021,A/England/214191723/2021,320
A/England/214191723/2021,A/England/214191723/2021,640
A/Darwin/9/2021,A/England/214191723/2021,640
A/Kansas/14/2017,A/England/214191723/2021,80
A/Netherlands/10066/2021,A/England/214191723/2021,320
A/Netherlands/10067/2021,A/England/214191723/2021,640
A/Netherlands/10122/2021,A/England/214191723/2021,640
A/Netherlands/10065/2021,A/England/214191723/2021,640
A/Netherlands/10121/2021,A/England/214191723/2021,640
A/Netherlands/10109/2021,A/England/214191723/2021,320
A/Netherlands/10108/2021,A/England/214191723/2021,640
A/Netherlands/10128/2021,A/England/214191723/2021,640
A/Netherlands/10119/2021,A/England/214191723/2021,320
A/Netherlands/10114/2021,A/England/214191723/2021,640
A/Netherlands/10129/2021,A/England/214191723/2021,640
A/Netherlands/10138/2021,A/England/214191723/2021,640
A/Netherlands/10137/2021,A/England/214191723/2021,640
A/Netherlands/10132/2021,A/England/214191723/2021,640
A/Netherlands/10145/2021,A/England/214191723/2021,640
A/Netherlands/10144/2021,A/England/214191723/2021,640
A/Netherlands/10140/2021,A/England/214191723/2021,640
A/Netherlands/10148/2021,A/England/214191723/2021,640
A/Netherlands/10147/2021,A/England/214191723/2021,1280
A/Netherlands/10150/2021,A/England/214191723/2021,640
A/Netherlands/10151/2021,A/England/214191723/2021,640
A/Netherlands/10154/2021,A/England/214191723/2021,640
A/Kosova/78/2021,A/England/214191723/2021,640
A/Netherlands/10180/2021,A/England/214191723/2021,640
A/Netherlands/10182/2021,A/England/214191723/2021,320
A/Kosova/114/2021,A/England/214191723/2021,320
A/Netherlands/10202/2021,A/England/214191723/2021,320
A/Netherlands/10184/2021,A/England/214191723/2021,320
A/Albania/8441/2021,A/England/214191723/2021,320
A/Albania/8322/2021,A/England/214191723/2021,640
A/Netherlands/10203/2021,A/England/214191723/2021,320
A/Albania/8614/2021,A/England/214191723/2021,640
A/Kosova/368/2021,A/England/214191723/2021,320
A/Netherlands/10193/2021,A/England/214191723/2021,320
A/Albania/9833/2021,A/England/214191723/2021,320
A/Albania/9725/2021,A/England/214191723/2021,640
A/Albania/78/2021,A/England/214191723/2021,640
A/Albania/31/2021,A/England/214191723/2021,640
A/Netherlands/10204/2021,A/England/214191723/2021,320
A/Netherlands/10205/2021,A/England/214191723/2021,320
A/Netherlands/10194/2021,A/England/214191723/2021,1280
A/Netherlands/10197/2021,A/England/214191723/2021,320
A/Netherlands/10195/2021,A/England/214191723/2021,640
A/Albania/622/2021,A/England/214191723/2021,640
A/Kosova/587/2021,A/England/214191723/2021,640
A/Albania/890/2021,A/England/214191723/2021,320
A/Albania/862/2021,A/England/214191723/2021,640
A/Kosova/607/2021,A/England/214191723/2021,640
A/Kosova/618/2021,A/England/214191723/2021,640
A/Netherlands/10215/2021,A/England/214191723/2021,320
A/Netherlands/10210/2021,A/England/214191723/2021,640
A/Netherlands/10208/2021,A/England/214191723/2021,320
A/Kosova/701/2021,A/England/214191723/2021,320
A/Kosova/710/2021,A/England/214191723/2021,640
A/Netherlands/10231/2021,A/England/214191723/2021,160
A/Netherlands/10230/2021,A/England/214191723/2021,160
A/Argentina/R21/2022,A/England/214191723/2021,320
A/Netherlands/10206/2021,A/England/214191723/2021,40
A/Denmark/3264/2019,A/Darwin/9/2021,320
A/Hong Kong/2671/2019,A/Darwin/9/2021,160
A/Cambodia/925256/2020,A/Darwin/9/2021,320
A/Cambodia/e0826360/2020,A/Darwin/9/2021,320
A/Bangladesh/4005/2020,A/Darwin/9/2021,1280
A/Stockholm/5/2021,A/Darwin/9/2021,1280
A/England/214191723/2021,A/Darwin/9/2021,640
A/Darwin/9/2021,A/Darwin/9/2021,2560
A/Kansas/14/2017,A/Darwin/9/2021,160
A/Netherlands/10066/2021,A/Darwin/9/2021,320
A/Netherlands/10067/2021,A/Darwin/9/2021,640
A/Netherlands/10122/2021,A/Darwin/9/2021,640
A/Netherlands/10065/2021,A/Darwin/9/2021,640
A/Netherlands/10121/2021,A/Darwin/9/2021,640
A/Netherlands/10109/2021,A/Darwin/9/2021,320
A/Netherlands/10108/2021,A/Darwin/9/2021,640
A/Netherlands/10128/2021,A/Darwin/9/2021,640
A/Netherlands/10119/2021,A/Darwin/9/2021,640
A/Netherlands/10114/2021,A/Darwin/9/2021,1280
A/Netherlands/10129/2021,A/Darwin/9/2021,1280
A/Netherlands/10138/2021,A/Darwin/9/2021,640
A/Netherlands/10137/2021,A/Darwin/9/2021,640
A/Netherlands/10132/2021,A/Darwin/9/2021,640
A/Netherlands/10145/2021,A/Darwin/9/2021,640
A/Netherlands/10144/2021,A/Darwin/9/2021,640
A/Netherlands/10140/2021,A/Darwin/9/2021,640
A/Netherlands/10148/2021,A/Darwin/9/2021,640
A/Netherlands/10147/2021,A/Darwin/9/2021,1280
A/Netherlands/10150/2021,A/Darwin/9/2021,640
A/Netherlands/10151/2021,A/Darwin/9/2021,640
A/Netherlands/10154/2021,A/Darwin/9/2021,640
A/Kosova/78/2021,A/Darwin/9/2021,1280
A/Netherlands/10180/2021,A/Darwin/9/2021,640
A/Netherlands/10182/2021,A/Darwin/9/2021,640
A/Kosova/114/2021,A/Darwin/9/2021,640
A/Netherlands/10202/2021,A/Darwin/9/2021,640
A/Netherlands/10184/2021,A/Darwin/9/2021,640
A/Albania/8441/2021,A/Darwin/9/2021,640
A/Albania/8322/2021,A/Darwin/9/2021,1280
A/Netherlands/10203/2021,A/Darwin/9/2021,1280
A/Albania/8614/2021,A/Darwin/9/2021,1280
A/Kosova/368/2021,A/Darwin/9/2021,640
A/Netherlands/10193/2021,A/Darwin/9/2021,640
A/Albania/9833/2021,A/Darwin/9/2021,640
A/Albania/9725/2021,A/Darwin/9/2021,1280
A/Albania/78/2021,A/Darwin/9/2021,1280
A/Albania/31/2021,A/Darwin/9/2021,2560
A/Netherlands/10204/2021,A/Darwin/9/2021,640
A/Netherlands/10205/2021,A/Darwin/9/2021,640
A/Netherlands/10194/2021,A/Darwin/9/2021,640
A/Netherlands/10197/2021,A/Darwin/9/2021,640
A/Netherlands/10195/2021,A/Darwin/9/2021,1280
A/Albania/622/2021,A/Darwin/9/2021,1280
A/Kosova/587/2021,A/Darwin/9/2021,1280
A/Albania/890/2021,A/Darwin/9/2021,640
A/Albania/862/2021,A/Darwin/9/2021,640
A/Kosova/607/2021,A/Darwin/9/2021,1280
A/Kosova/618/2021,A/Darwin/9/2021,640
A/Netherlands/10215/2021,A/Darwin/9/2021,640
A/Netherlands/10210/2021,A/Darwin/9/2021,640
A/Netherlands/10208/2021,A/Darwin/9/2021,320
A/Kosova/701/2021,A/Darwin/9/2021,1280
A/Kosova/710/2021,A/Darwin/9/2021,1280
A/Netherlands/10231/2021,A/Darwin/9/2021,640
A/Netherlands/10230/2021,A/Darwin/9/2021,320
A/Argentina/R21/2022,A/Darwin/9/2021,320
A/Netherlands/10206/2021,A/Darwin/9/2021,640
A/Denmark/3264/2019,A/Kansas/14/2017,80
A/Hong Kong/2671/2019,A/Kansas/14/2017,160
A/Cambodia/925256/2020,A/Kansas/14/2017,160
A/Cambodia/e0826360/2020,A/Kansas/14/2017,80
A/Bangladesh/4005/2020,A/Kansas/14/2017,160
A/Stockholm/5/2021,A/Kansas/14/2017,40
A/England/214191723/2021,A/Kansas/14/2017,<40
A/Darwin/9/2021,A/Kansas/14/2017,80
A/Kansas/14/2017,A/Kansas/14/2017,320
A/Netherlands/10066/2021,A/Kansas/14/2017,<40
A/Netherlands/10067/2021,A/Kansas/14/2017,<40
A/Netherlands/10122/2021,A/Kansas/14/2017,40
A/Netherlands/10065/2021,A/Kansas/14/2017,<40
A/Netherlands/10121/2021,A/Kansas/14/2017,<40
A/Netherlands/10109/2021,A/Kansas/14/2017,<40
A/Netherlands/10108/2021,A/Kansas/14/2017,<40
A/Netherlands/10128/2021,A/Kansas/14/2017,<40
A/Netherlands/10119/2021,A/Kansas/14/2017,<40
A/Netherlands/10114/2021,A/Kansas/14/2017,<40
A/Netherlands/10129/2021,A/Kansas/14/2017,40
A/Netherlands/10138/2021,A/Kansas/14/2017,<40
A/Netherlands/10137/2021,A/Kansas/14/2017,<40
A/Netherlands/10132/2021,A/Kansas/14/2017,<40
A/Netherlands/10145/2021,A/Kansas/14/2017,40
A/Netherlands/10144/2021,A/Kansas/14/2017,<40
A/Netherlands/10140/2021,A/Kansas/14/2017,<40
A/Netherlands/10148/2021,A/Kansas/14/2017,<40
A/Netherlands/10147/2021,A/Kansas/14/2017,40
A/Netherlands/10150/2021,A/Kansas/14/2017,<40
A/Netherlands/10151/2021,A/Kansas/14/2017,<40
A/Netherlands/10154/2021,A/Kansas/14/2017,<40
A/Kosova/78/2021,A/Kansas/14/2017,80
A/Netherlands/10180/2021,A/Kansas/14/2017,<40
A/Netherlands/10182/2021,A/Kansas/14/2017,40
A/Kosova/114/2021,A/Kansas/14/2017,40
A/Netherlands/10202/2021,A/Kansas/14/2017,<40
A/Netherlands/10184/2021,A/Kansas/14/2017,40
A/Albania/8441/2021,A/Kansas/14/2017,<40
A/Albania/8322/2021,A/Kansas/14/2017,40
A/Netherlands/10203/2021,A/Kansas/14/2017,<40
A/Albania/8614/2021,A/Kansas/14/2017,40
A/Kosova/368/2021,A/Kansas/14/2017,<40
A/Netherlands/10193/2021,A/Kansas/14/2017,80
A/Albania/9833/2021,A/Kansas/14/2017,<40
A/Albania/9725/2021,A/Kansas/14/2017,80
A/Albania/78/2021,A/Kansas/14/2017,40
A/Albania/31/2021,A/Kansas/14/2017,80
A/Netherlands/10204/2021,A/Kansas/14/2017,<40
A/Netherlands/10205/2021,A/Kansas/14/2017,80
A/Netherlands/10194/2021,A/Kansas/14/2017,<40
A/Netherlands/10197/2021,A/Kansas/14/2017,<40
A/Netherlands/10195/2021,A/Kansas/14/2017,80
A/Albania/622/2021,A/Kansas/14/2017,80
A/Kosova/587/2021,A/Kansas/14/2017,40
A/Albania/890/2021,A/Kansas/14/2017,<40
A/Albania/862/2021,A/Kansas/14/2017,<40
A/Kosova/607/2021,A/Kansas/14/2017,40
A/Kosova/618/2021,A/Kansas/14/2017,<40
A/Netherlands/10215/2021,A/Kansas/14/2017,80
A/Netherlands/10210/2021,A/Kansas/14/2017,40
A/Netherlands/10208/2021,A/Kansas/14/2017,<40
A/Kosova/701/2021,A/Kansas/14/2017,40
A/Kosova/710/2021,A/Kansas/14/2017,40
A/Netherlands/10231/2021,A/Kansas/14/2017,80
A/Netherlands/10230/2021,A/Kansas/14/2017,80
A/Argentina/R21/2022,A/Kansas/14/2017,<40
A/Netherlands/10206/2021,A/Kansas/14/2017,80
A/Denmark/3264/2019,A/Denmark/3264/2019,320
A/Hong Kong/2671/2019,A/Denmark/3264/2019,160
A/Cambodia/925256/2020,A/Denmark/3264/2019,160
A/Cambodia/e0826360/2020,A/Denmark/3264/2019,160
A/Bangladesh/4005/2020,A/Denmark/3264/2019,160
A/Stockholm/5/2021,A/Denmark/3264/2019,160
A/England/214191723/2021,A/Denmark/3264/2019,40
A/Darwin/9/2021,A/Denmark/3264/2019,160
A/Kansas/14/2017,A/Denmark/3264/2019,80
A/Dakar/60/2021,A/Denmark/3264/2019,40
A/Dakar/63/2021,A/Denmark/3264/2019,40
A/Dakar/62/2021,A/Denmark/3264/2019,160
A/Georgia/2048/2021,A/Denmark/3264/2019,160
A/Georgia/2052/2021,A/Denmark/3264/2019,160
A/Georgia/2060/2021,A/Denmark/3264/2019,<40
A/Georgia/2063/2021,A/Denmark/3264/2019,320
A/Ghana/195/2022,A/Denmark/3264/2019,80
A/Georgia/87/2022,A/Denmark/3264/2019,160
A/Georgia/132/2022,A/Denmark/3264/2019,80
A/Dakar/61/2021,A/Denmark/3264/2019,80
A/Dakar/64/2021,A/Denmark/3264/2019,160
A/Denmark/3264/2019,A/Hong Kong/2671/2019,160
A/Hong Kong/2671/2019,A/Hong Kong/2671/2019,160
A/Cambodia/925256/2020,A/Hong Kong/2671/2019,160
A/Cambodia/e0826360/2020,A/Hong Kong/2671/2019,<40
A/Bangladesh/4005/2020,A/Hong Kong/2671/2019,40
A/Stockholm/5/2021,A/Hong Kong/2671/2019,<40
A/England/214191723/2021,A/Hong Kong/2671/2019,<40
A/Darwin/9/2021,A/Hong Kong/2671/2019,<40
A/Kansas/14/2017,A/Hong Kong/2671/2019,40
A/Dakar/60/2021,A/Hong Kong/2671/2019,<40
A/Dakar/63/2021,A/Hong Kong/2671/2019,<40
A/Dakar/62/2021,A/Hong Kong/2671/2019,<40
A/Georgia/2048/2021,A/Hong Kong/2671/2019,<40
A/Georgia/2052/2021,A/Hong Kong/2671/2019,40
A/Georgia/2060/2021,A/Hong Kong/2671/2019,<40
A/Georgia/2063/2021,A/Hong Kong/2671/2019,40
A/Ghana/195/2022,A/Hong Kong/2671/2019,<40
A/Georgia/87/2022,A/Hong Kong/2671/2019,<40
A/Georgia/132/2022,A/Hong Kong/2671/2019,<40
A/Dakar/61/2021,A/Hong Kong/2671/2019,80
A/Dakar/64/2021,A/Hong Kong/2671/2019,80
A/Denmark/3264/2019,A/Cambodia/925256/2020,640
A/Hong Kong/2671/2019,A/Cambodia/925256/2020,640
A/Cambodia/925256/2020,A/Cambodia/925256/2020,640
A/Cambodia/e0826360/2020,A/Cambodia/925256/2020,160
A/Bangladesh/4005/2020,A/Cambodia/925256/2020,320
A/Stockholm/5/2021,A/Cambodia/925256/2020,80
A/England/214191723/2021,A/Cambodia/925256/2020,80
A/Darwin/9/2021,A/Cambodia/925256/2020,80
A/Kansas/14/2017,A/Cambodia/925256/2020,80
A/Dakar/60/2021,A/Cambodia/925256/2020,80
A/Dakar/63/2021,A/Cambodia/925256/2020,40
A/Dakar/62/2021,A/Cambodia/925256/2020,40
A/Georgia/2048/2021,A/Cambodia/925256/2020,160
A/Georgia/2052/2021,A/Cambodia/925256/2020,80
A/Georgia/2060/2021,A/Cambodia/925256/2020,40
A/Georgia/2063/2021,A/Cambodia/925256/2020,80
A/Ghana/195/2022,A/Cambodia/925256/2020,80
A/Georgia/87/2022,A/Cambodia/925256/2020,160
A/Georgia/132/2022,A/Cambodia/925256/2020,80
A/Dakar/61/2021,A/Cambodia/925256/2020,80
A/Dakar/64/2021,A/Cambodia/925256/2020,160
A/Denmark/3264/2019,A/Cambodia/e0826360/2020,160
A/Hong Kong/2671/2019,A/Cambodia/e0826360/2020,160
A/Cambodia/925256/2020,A/Cambodia/e0826360/2020,160
A/Cambodia/e0826360/2020,A/Cambodia/e0826360/2020,1280
A/Bangladesh/4005/2020,A/Cambodia/e0826360/2020,320
A/Stockholm/5/2021,A/Cambodia/e0826360/2020,160
A/England/214191723/2021,A/Cambodia/e0826360/2020,80
A/Darwin/9/2021,A/Cambodia/e0826360/2020,640
A/Kansas/14/2017,A/Cambodia/e0826360/2020,80
A/Dakar/60/2021,A/Cambodia/e0826360/2020,80
A/Dakar/63/2021,A/Cambodia/e0826360/2020,80
A/Dakar/62/2021,A/Cambodia/e0826360/2020,160
A/Georgia/2048/2021,A/Cambodia/e0826360/2020,320
A/Georgia/2052/2021,A/Cambodia/e0826360/2020,320
A/Georgia/2060/2021,A/Cambodia/e0826360/2020,40
A/Georgia/2063/2021,A/Cambodia/e0826360/2020,640
A/Ghana/195/2022,A/Cambodia/e0826360/2020,80
A/Georgia/87/2022,A/Cambodia/e0826360/2020,320
A/Georgia/132/2022,A/Cambodia/e0826360/2020,80
A/Dakar/61/2021,A/Cambodia/e0826360/2020,<40
A/Dakar/64/2021,A/Cambodia/e0826360/2020,160
A/Denmark/3264/2019,A/Bangladesh/4005/2020,320
A/Hong Kong/2671/2019,A/Bangladesh/4005/2020,160
A/Cambodia/925256/2020,A/Bangladesh/4005/2020,320
A/Cambodia/e0826360/2020,A/Bangladesh/4005/2020,320
A/Bangladesh/4005/2020,A/Bangladesh/4005/2020,640
A/Stockholm/5/2021,A/Bangladesh/4005/2020,320
A/England/214191723/2021,A/Bangladesh/4005/2020,160
A/Darwin/9/2021,A/Bangladesh/4005/2020,320
A/Kansas/14/2017,A/Bangladesh/4005/2020,80
A/Dakar/60/2021,A/Bangladesh/4005/2020,160
A/Dakar/63/2021,A/Bangladesh/4005/2020,160
A/Dakar/62/2021,A/Bangladesh/4005/2020,320
A/Georgia/2048/2021,A/Bangladesh/4005/2020,320
A/Georgia/2052/2021,A/Bangladesh/4005/2020,320
A/Georgia/2060/2021,A/Bangladesh/4005/2020,80
A/Georgia/2063/2021,A/Bangladesh/4005/2020,320
A/Ghana/195/2022,A/Bangladesh/4005/2020,320
A/Georgia/87/2022,A/Bangladesh/4005/2020,320
A/Georgia/132/2022,A/Bangladesh/4005/2020,160
A/Dakar/61/2021,A/Bangladesh/4005/2020,80
A/Dakar/64/2021,A/Bangladesh/4005/2020,160
A/Denmark/3264/2019,A/Stockholm/5/2021,160
A/Hong Kong/2671/2019,A/Stockholm/5/2021,80
A/Cambodia/925256/2020,A/Stockholm/5/2021,160
A/Cambodia/e0826360/2020,A/Stockholm/5/2021,160
A/Bangladesh/4005/2020,A/Stockholm/5/2021,640
A/Stockholm/5/2021,A/Stockholm/5/2021,640
A/England/214191723/2021,A/Stockholm/5/2021,320
A/Darwin/9/2021,A/Stockholm/5/2021,640
A/Kansas/14/2017,A/Stockholm/5/2021,160
A/Dakar/60/2021,A/Stockholm/5/2021,320
A/Dakar/63/2021,A/Stockholm/5/2021,320
A/Dakar/62/2021,A/Stockholm/5/2021,640
A/Georgia/2048/2021,A/Stockholm/5/2021,640
A/Georgia/2052/2021,A/Stockholm/5/2021,640
A/Georgia/2060/2021,A/Stockholm/5/2021,160
A/Georgia/2063/2021,A/Stockholm/5/2021,320
A/Ghana/195/2022,A/Stockholm/5/2021,640
A/Georgia/87/2022,A/Stockholm/5/2021,640
A/Georgia/132/2022,A/Stockholm/5/2021,640
A/Dakar/61/2021,A/Stockholm/5/2021,40
A/Dakar/64/2021,A/Stockholm/5/2021,160
A/Denmark/3264/2019,A/England/214191723/2021,40
A/Hong Kong/2671/2019,A/England/214191723/2021,40
A/Cambodia/925256/2020,A/England/214191723/2021,40
A/Cambodia/e0826360/2020,A/England/214191723/2021,320
A/Bangladesh/4005/2020,A/England/214191723/2021,640
A/Stockholm/5/2021,A/England/214191723/2021,640
A/England/214191723/2021,A/England/214191723/2021,640
A/Darwin/9/2021,A/England/214191723/2021,640
A/Kansas/14/2017,A/England/214191723/2021,80
A/Dakar/60/2021,A/England/214191723/2021,1280
A/Dakar/63/2021,A/England/214191723/2021,1280
A/Dakar/62/2021,A/England/214191723/2021,1280
A/Georgia/2048/2021,A/England/214191723/2021,640
A/Georgia/2052/2021,A/England/214191723/2021,640
A/Georgia/2060/2021,A/England/214191723/2021,640
A/Georgia/2063/2021,A/England/214191723/2021,640
A/Ghana/195/2022,A/England/214191723/2021,1280
A/Georgia/87/2022,A/England/214191723/2021,640
A/Georgia/132/2022,A/England/214191723/2021,640
A/Dakar/61/2021,A/England/214191723/2021,<40
A/Dakar/64/2021,A/England/214191723/2021,<40
A/Denmark/3264/2019,A/Darwin/9/2021,320
A/Hong Kong/2671/2019,A/Darwin/9/2021,320
A/Cambodia/925256/2020,A/Darwin/9/2021,320
A/Cambodia/e0826360/2020,A/Darwin/9/2021,640
A/Bangladesh/4005/2020,A/Darwin/9/2021,1280
A/Stockholm/5/2021,A/Darwin/9/2021,1280
A/England/214191723/2021,A/Darwin/9/2021,640
A/Darwin/9/2021,A/Darwin/9/2021,2560
A/Kansas/14/2017,A/Darwin/9/2021,160
A/Dakar/60/2021,A/Darwin/9/2021,1280
A/Dakar/63/2021,A/Darwin/9/2021,640
A/Dakar/62/2021,A/Darwin/9/2021,1280
A/Georgia/2048/2021,A/Darwin/9/2021,1280
A/Georgia/2052/2021,A/Darwin/9/2021,1280
A/Georgia/2060/2021,A/Darwin/9/2021,640
A/Georgia/2063/2021,A/Darwin/9/2021,1280
A/Ghana/195/2022,A/Darwin/9/2021,1280
A/Georgia/87/2022,A/Darwin/9/2021,2560
A/Georgia/132/2022,A/Darwin/9/2021,1280
A/Dakar/61/2021,A/Darwin/9/2021,160
A/Dakar/64/2021,A/Darwin/9/2021,160
A/Denmark/3264/2019,A/Kansas/14/2017,160
A/Hong Kong/2671/2019,A/Kansas/14/2017,80
A/Cambodia/925256/2020,A/Kansas/14/2017,160
A/Cambodia/e0826360/2020,A/Kansas/14/2017,80
A/Bangladesh/4005/2020,A/Kansas/14/2017,160
A/Stockholm/5/2021,A/Kansas/14/2017,40
A/England/214191723/2021,A/Kansas/14/2017,40
A/Darwin/9/2021,A/Kansas/14/2017,80
A/Kansas/14/2017,A/Kansas/14/2017,640
A/Dakar/60/2021,A/Kansas/14/2017,40
A/Dakar/63/2021,A/Kansas/14/2017,40
A/Dakar/62/2021,A/Kansas/14/2017,40
A/Georgia/2048/2021,A/Kansas/14/2017,80
A/Georgia/2052/2021,A/Kansas/14/2017,80
A/Georgia/2060/2021,A/Kansas/14/2017,<40
A/Georgia/2063/2021,A/Kansas/14/2017,80
A/Ghana/195/2022,A/Kansas/14/2017,80
A/Georgia/87/2022,A/Kansas/14/2017,80
A/Georgia/132/2022,A/Kansas/14/2017,40
A/Dakar/61/2021,A/Kansas/14/2017,<40
A/Dakar/64/2021,A/Kansas/14/2017,40
A/Denmark/3264/2019,A/Denmark/3264/2019,640
A/Hong Kong/2671/2019,A/Denmark/3264/2019,320
A/Cambodia/925256/2020,A/Denmark/3264/2019,160
A/Cambodia/e0826360/2020,A/Denmark/3264/2019,80
A/Bangladesh/4005/2020,A/Denmark/3264/2019,320
A/Stockholm/5/2021,A/Denmark/3264/2019,160
A/England/214191723/2021,A/Denmark/3264/2019,80
A/Darwin/9/2021,A/Denmark/3264/2019,160
A/Kansas/14/2017,A/Denmark/3264/2019,40
A/Catalonia/800505/2021,A/Denmark/3264/2019,80
A/Catalonia/3551005/2021,A/Denmark/3264/2019,80
A/Thuringen/2/2022,A/Denmark/3264/2019,80
A/Catalonia/3556026/2022,A/Denmark/3264/2019,40
A/Berlin/5/2022,A/Denmark/3264/2019,40
A/Catalonia/13522/2022,A/Denmark/3264/2019,40
A/Catalonia/13520/2022,A/Denmark/3264/2019,80
A/Baden-Wurttemberg/8/2022,A/Denmark/3264/2019,160
A/Sachsen/1/2022,A/Denmark/3264/2019,40
A/Hessen/4/2022,A/Denmark/3264/2019,80
A/Berlin/10/2022,A/Denmark/3264/2019,80
A/Bremen/1/2022,A/Denmark/3264/2019,160
A/Hessen/6/2022,A/Denmark/3264/2019,80
A/Bayern/4/2022,A/Denmark/3264/2019,80
A/Niedersachsen/8/2022,A/Denmark/3264/2019,80
A/Thuringen/4/2022,A/Denmark/3264/2019,40
A/Catalonia/13756/2022,A/Denmark/3264/2019,80
A/Catalonia/13755/2022,A/Denmark/3264/2019,80
A/Bayern/7/2022,A/Denmark/3264/2019,40
A/Rheinland-Pfalz/1/2022,A/Denmark/3264/2019,80
A/Thuringen/6/2022,A/Denmark/3264/2019,80
A/Denmark/267/2022,A/Denmark/3264/2019,80
A/Catalonia/2081558/2022,A/Denmark/3264/2019,80
A/Denmark/294/2022,A/Denmark/3264/2019,80
A/Denmark/333/2022,A/Denmark/3264/2019,80
A/Denmark/320/2022,A/Denmark/3264/2019,80
A/Denmark/335/2022,A/Denmark/3264/2019,80
A/Thuringen/7/2022,A/Denmark/3264/2019,160
A/Bremen/4/2022,A/Denmark/3264/2019,80
A/Denmark/499/2022,A/Denmark/3264/2019,80
A/Catalonia/3565654/2022,A/Denmark/3264/2019,80
A/Denmark/558/2022,A/Denmark/3264/2019,80
A/Nordrhein-Westfalen/2/2022,A/Denmark/3264/2019,320
A/Denmark/1098/2022,A/Denmark/3264/2019,80
A/Denmark/602/2022,A/Denmark/3264/2019,80
A/Denmark/612/2022,A/Denmark/3264/2019,80
A/Denmark/922/2022,A/Denmark/3264/2019,80
A/Denmark/1253/2022,A/Denmark/3264/2019,80
A/Denmark/2031/2022,A/Denmark/3264/2019,80
A/Denmark/1836/2022,A/Denmark/3264/2019,80
A/Baden-Wurttemberg/5/2022,A/Denmark/3264/2019,160
A/Hessen/8/2022,A/Denmark/3264/2019,160
A/Bremen/2/2022,A/Denmark/3264/2019,160
A/Sachsen/2/2022,A/Denmark/3264/2019,160
A/Baden-Wurttemberg/6/2022,A/Denmark/3264/2019,40
A/Catalonia/13731/2022,A/Denmark/3264/2019,40
A/Catalonia/13738/2022,A/Denmark/3264/2019,80
A/Catalonia/13737/2022,A/Denmark/3264/2019,40
A/Catalonia/13758/2022,A/Denmark/3264/2019,<40
A/Catalonia/2076976/2022,A/Denmark/3264/2019,40
A/Catalonia/13775/2022,A/Denmark/3264/2019,40
A/Catalonia/13766/2022,A/Denmark/3264/2019,80
A/Thuringen/3/2022,A/Denmark/3264/2019,320
A/Catalonia/13692/2022,A/Denmark/3264/2019,40
A/Denmark/3264/2019,A/Hong Kong/2671/2019,320
A/Hong Kong/2671/2019,A/Hong Kong/2671/2019,320
A/Cambodia/925256/2020,A/Hong Kong/2671/2019,160
A/Cambodia/e0826360/2020,A/Hong Kong/2671/2019,<40
A/Bangladesh/4005/2020,A/Hong Kong/2671/2019,80
A/Stockholm/5/2021,A/Hong Kong/2671/2019,<40
A/England/214191723/2021,A/Hong Kong/2671/2019,<40
A/Darwin/9/2021,A/Hong Kong/2671/2019,<40
A/Kansas/14/2017,A/Hong Kong/2671/2019,40
A/Catalonia/800505/2021,A/Hong Kong/2671/2019,<40
A/Catalonia/3551005/2021,A/Hong Kong/2671/2019,<40
A/Thuringen/2/2022,A/Hong Kong/2671/2019,<40
A/Catalonia/3556026/2022,A/Hong Kong/2671/2019,<40
A/Berlin/5/2022,A/Hong Kong/2671/2019,<40
A/Catalonia/13522/2022,A/Hong Kong/2671/2019,<40
A/Catalonia/13520/2022,A/Hong Kong/2671/2019,<40
A/Baden-Wurttemberg/8/2022,A/Hong Kong/2671/2019,<40
A/Sachsen/1/2022,A/Hong Kong/2671/2019,<40
A/Hessen/4/2022,A/Hong Kong/2671/2019,<40
A/Berlin/10/2022,A/Hong Kong/2671/2019,<40
A/Bremen/1/2022,A/Hong Kong/2671/2019,40
A/Hessen/6/2022,A/Hong Kong/2671/2019,<40
A/Bayern/4/2022,A/Hong Kong/2671/2019,<40
A/Niedersachsen/8/2022,A/Hong Kong/2671/2019,<40
A/Thuringen/4/2022,A/Hong Kong/2671/2019,<40
A/Catalonia/13756/2022,A/Hong Kong/2671/2019,<40
A/Catalonia/13755/2022,A/Hong Kong/2671/2019,<40
A/Bayern/7/2022,A/Hong Kong/2671/2019,<40
A/Rheinland-Pfalz/1/2022,A/Hong Kong/2671/2019,80
A/Thuringen/6/2022,A/Hong Kong/2671/2019,<40
A/Denmark/267/2022,A/Hong Kong/2671/2019,<40
A/Catalonia/2081558/2022,A/Hong Kong/2671/2019,<40
A/Denmark/294/2022,A/Hong Kong/2671/2019,<40
A/Denmark/333/2022,A/Hong Kong/2671/2019,<40
A/Denmark/320/2022,A/Hong Kong/2671/2019,<40
A/Denmark/335/2022,A/Hong Kong/2671/2019,<40
A/Thuringen/7/2022,A/Hong Kong/2671/2019,40
A/Bremen/4/2022,A/Hong Kong/2671/2019,<40
A/Denmark/499/2022,A/Hong Kong/2671/2019,<40
A/Catalonia/3565654/2022,A/Hong Kong/2671/2019,<40
A/Denmark/558/2022,A/Hong Kong/2671/2019,<40
A/Nordrhein-Westfalen/2/2022,A/Hong Kong/2671/2019,80
A/Denmark/1098/2022,A/Hong Kong/2671/2019,<40
A/Denmark/602/2022,A/Hong Kong/2671/2019,<40
A/Denmark/612/2022,A/Hong Kong/2671/2019,<40
A/Denmark/922/2022,A/Hong Kong/2671/2019,<40
A/Denmark/1253/2022,A/Hong Kong/2671/2019,<40
A/Denmark/2031/2022,A/Hong Kong/2671/2019,<40
A/Denmark/1836/2022,A/Hong Kong/2671/2019,<40
A/Baden-Wurttemberg/5/2022,A/Hong Kong/2671/2019,<40
A/Hessen/8/2022,A/Hong Kong/2671/2019,40
A/Bremen/2/2022,A/Hong Kong/2671/2019,<40
A/Sachsen/2/2022,A/Hong Kong/2671/2019,<40
A/Baden-Wurttemberg/6/2022,A/Hong Kong/2671/2019,<40
A/Catalonia/13731/2022,A/Hong Kong/2671/2019,<40
A/Catalonia/13738/2022,A/Hong Kong/2671/2019,<40
A/Catalonia/13737/2022,A/Hong Kong/2671/2019,<40
A/Catalonia/13758/2022,A/Hong Kong/2671/2019,<40
A/Catalonia/2076976/2022,A/Hong Kong/2671/2019,<40
A/Catalonia/13775/2022,A/Hong Kong/2671/2019,<40
A/Catalonia/13766/2022,A/Hong Kong/2671/2019,<40
A/Thuringen/3/2022,A/Hong Kong/2671/2019,80
A/Catalonia/13692/2022,A/Hong Kong/2671/2019,<40
A/Denmark/3264/2019,A/Cambodia/925256/2020,640
A/Hong Kong/2671/2019,A/Cambodia/925256/2020,1280
A/Cambodia/925256/2020,A/Cambodia/925256/2020,1280
A/Cambodia/e0826360/2020,A/Cambodia/925256/2020,80
A/Bangladesh/4005/2020,A/Cambodia/925256/2020,320
A/Stockholm/5/2021,A/Cambodia/925256/2020,80
A/England/214191723/2021,A/Cambodia/925256/2020,80
A/Darwin/9/2021,A/Cambodia/925256/2020,160
A/Kansas/14/2017,A/Cambodia/925256/2020,80
A/Catalonia/800505/2021,A/Cambodia/925256/2020,80
A/Catalonia/3551005/2021,A/Cambodia/925256/2020,80
A/Thuringen/2/2022,A/Cambodia/925256/2020,40
A/Catalonia/3556026/2022,A/Cambodia/925256/2020,40
A/Berlin/5/2022,A/Cambodia/925256/2020,40
A/Catalonia/13522/2022,A/Cambodia/925256/2020,80
A/Catalonia/13520/2022,A/Cambodia/925256/2020,80
A/Baden-Wurttemberg/8/2022,A/Cambodia/925256/2020,80
A/Sachsen/1/2022,A/Cambodia/925256/2020,40
A/Hessen/4/2022,A/Cambodia/925256/2020,40
A/Berlin/10/2022,A/Cambodia/925256/2020,80
A/Bremen/1/2022,A/Cambodia/925256/2020,80
A/Hessen/6/2022,A/Cambodia/925256/2020,80
A/Bayern/4/2022,A/Cambodia/925256/2020,40
A/Niedersachsen/8/2022,A/Cambodia/925256/2020,40
A/Thuringen/4/2022,A/Cambodia/925256/2020,40
A/Catalonia/13756/2022,A/Cambodia/925256/2020,80
A/Catalonia/13755/2022,A/Cambodia/925256/2020,80
A/Bayern/7/2022,A/Cambodia/925256/2020,40
A/Rheinland-Pfalz/1/2022,A/Cambodia/925256/2020,80
A/Thuringen/6/2022,A/Cambodia/925256/2020,40
A/Denmark/267/2022,A/Cambodia/925256/2020,80
A/Catalonia/2081558/2022,A/Cambodia/925256/2020,40
A/Denmark/294/2022,A/Cambodia/925256/2020,80
A/Denmark/333/2022,A/Cambodia/925256/2020,40
A/Denmark/320/2022,A/Cambodia/925256/2020,80
A/Denmark/335/2022,A/Cambodia/925256/2020,40
A/Thuringen/7/2022,A/Cambodia/925256/2020,160
A/Bremen/4/2022,A/Cambodia/925256/2020,40
A/Denmark/499/2022,A/Cambodia/925256/2020,40
A/Catalonia/3565654/2022,A/Cambodia/925256/2020,40
A/Denmark/558/2022,A/Cambodia/925256/2020,80
A/Nordrhein-Westfalen/2/2022,A/Cambodia/925256/2020,320
A/Denmark/1098/2022,A/Cambodia/925256/2020,80
A/Denmark/602/2022,A/Cambodia/925256/2020,40
A/Denmark/612/2022,A/Cambodia/925256/2020,40
A/Denmark/922/2022,A/Cambodia/925256/2020,40
A/Denmark/1253/2022,A/Cambodia/925256/2020,40
A/Denmark/2031/2022,A/Cambodia/925256/2020,40
A/Denmark/1836/2022,A/Cambodia/925256/2020,40
A/Baden-Wurttemberg/5/2022,A/Cambodia/925256/2020,160
A/Hessen/8/2022,A/Cambodia/925256/2020,80
A/Bremen/2/2022,A/Cambodia/925256/2020,80
A/Sachsen/2/2022,A/Cambodia/925256/2020,80
A/Baden-Wurttemberg/6/2022,A/Cambodia/925256/2020,40
A/Catalonia/13731/2022,A/Cambodia/925256/2020,80
A/Catalonia/13738/2022,A/Cambodia/925256/2020,80
A/Catalonia/13737/2022,A/Cambodia/925256/2020,40
A/Catalonia/13758/2022,A/Cambodia/925256/2020,40
A/Catalonia/2076976/2022,A/Cambodia/925256/2020,80
A/Catalonia/13775/2022,A/Cambodia/925256/2020,80
A/Catalonia/13766/2022,A/Cambodia/925256/2020,80
A/Thuringen/3/2022,A/Cambodia/925256/2020,160
A/Catalonia/13692/2022,A/Cambodia/925256/2020,40
A/Denmark/3264/2019,A/Cambodia/e0826360/2020,320
A/Hong Kong/2671/2019,A/Cambodia/e0826360/2020,160
A/Cambodia/925256/2020,A/Cambodia/e0826360/2020,320
A/Cambodia/e0826360/2020,A/Cambodia/e0826360/2020,1280
A/Bangladesh/4005/2020,A/Cambodia/e0826360/2020,320
A/Stockholm/5/2021,A/Cambodia/e0826360/2020,160
A/England/214191723/2021,A/Cambodia/e0826360/2020,80
A/Darwin/9/2021,A/Cambodia/e0826360/2020,640
A/Kansas/14/2017,A/Cambodia/e0826360/2020,40
A/Catalonia/800505/2021,A/Cambodia/e0826360/2020,80
A/Catalonia/3551005/2021,A/Cambodia/e0826360/2020,80
A/Thuringen/2/2022,A/Cambodia/e0826360/2020,40
A/Catalonia/3556026/2022,A/Cambodia/e0826360/2020,80
A/Berlin/5/2022,A/Cambodia/e0826360/2020,80
A/Catalonia/13522/2022,A/Cambodia/e0826360/2020,80
A/Catalonia/13520/2022,A/Cambodia/e0826360/2020,80
A/Baden-Wurttemberg/8/2022,A/Cambodia/e0826360/2020,320
A/Sachsen/1/2022,A/Cambodia/e0826360/2020,40
A/Hessen/4/2022,A/Cambodia/e0826360/2020,80
A/Berlin/10/2022,A/Cambodia/e0826360/2020,40
A/Bremen/1/2022,A/Cambodia/e0826360/2020,160
A/Hessen/6/2022,A/Cambodia/e0826360/2020,80
A/Bayern/4/2022,A/Cambodia/e0826360/2020,40
A/Niedersachsen/8/2022,A/Cambodia/e0826360/2020,80
A/Thuringen/4/2022,A/Cambodia/e0826360/2020,40
A/Catalonia/13756/2022,A/Cambodia/e0826360/2020,80
A/Catalonia/13755/2022,A/Cambodia/e0826360/2020,80
A/Bayern/7/2022,A/Cambodia/e0826360/2020,40
A/Rheinland-Pfalz/1/2022,A/Cambodia/e0826360/2020,80
A/Thuringen/6/2022,A/Cambodia/e0826360/2020,80
A/Denmark/267/2022,A/Cambodia/e0826360/2020,80
A/Catalonia/2081558/2022,A/Cambodia/e0826360/2020,80
A/Denmark/294/2022,A/Cambodia/e0826360/2020,80
A/Denmark/333/2022,A/Cambodia/e0826360/2020,80
A/Denmark/320/2022,A/Cambodia/e0826360/2020,80
A/Denmark/335/2022,A/Cambodia/e0826360/2020,80
A/Thuringen/7/2022,A/Cambodia/e0826360/2020,160
A/Bremen/4/2022,A/Cambodia/e0826360/2020,40
A/Denmark/499/2022,A/Cambodia/e0826360/2020,40
A/Catalonia/3565654/2022,A/Cambodia/e0826360/2020,80
A/Denmark/558/2022,A/Cambodia/e0826360/2020,80
A/Nordrhein-Westfalen/2/2022,A/Cambodia/e0826360/2020,640
A/Denmark/1098/2022,A/Cambodia/e0826360/2020,80
A/Denmark/602/2022,A/Cambodia/e0826360/2020,40
A/Denmark/612/2022,A/Cambodia/e0826360/2020,80
A/Denmark/922/2022,A/Cambodia/e0826360/2020,40
A/Denmark/1253/2022,A/Cambodia/e0826360/2020,80
A/Denmark/2031/2022,A/Cambodia/e0826360/2020,80
A/Denmark/1836/2022,A/Cambodia/e0826360/2020,80
A/Baden-Wurttemberg/5/2022,A/Cambodia/e0826360/2020,320
A/Hessen/8/2022,A/Cambodia/e0826360/2020,320
A/Bremen/2/2022,A/Cambodia/e0826360/2020,320
A/Sachsen/2/2022,A/Cambodia/e0826360/2020,320
A/Baden-Wurttemberg/6/2022,A/Cambodia/e0826360/2020,40
A/Catalonia/13731/2022,A/Cambodia/e0826360/2020,80
A/Catalonia/13738/2022,A/Cambodia/e0826360/2020,160
A/Catalonia/13737/2022,A/Cambodia/e0826360/2020,<40
A/Catalonia/13758/2022,A/Cambodia/e0826360/2020,40
A/Catalonia/2076976/2022,A/Cambodia/e0826360/2020,80
A/Catalonia/13775/2022,A/Cambodia/e0826360/2020,80
A/Catalonia/13766/2022,A/Cambodia/e0826360/2020,160
A/Thuringen/3/2022,A/Cambodia/e0826360/2020,640
A/Catalonia/13692/2022,A/Cambodia/e0826360/2020,80
A/Denmark/3264/2019,A/Bangladesh/4005/2020,320
A/Hong Kong/2671/2019,A/Bangladesh/4005/2020,160
A/Cambodia/925256/2020,A/Bangladesh/4005/2020,320
A/Cambodia/e0826360/2020,A/Bangladesh/4005/2020,160
A/Bangladesh/4005/2020,A/Bangladesh/4005/2020,640
A/Stockholm/5/2021,A/Bangladesh/4005/2020,320
A/England/214191723/2021,A/Bangladesh/4005/2020,320
A/Darwin/9/2021,A/Bangladesh/4005/2020,320
A/Kansas/14/2017,A/Bangladesh/4005/2020,80
A/Catalonia/800505/2021,A/Bangladesh/4005/2020,160
A/Catalonia/3551005/2021,A/Bangladesh/4005/2020,320
A/Thuringen/2/2022,A/Bangladesh/4005/2020,160
A/Catalonia/3556026/2022,A/Bangladesh/4005/2020,160
A/Berlin/5/2022,A/Bangladesh/4005/2020,160
A/Catalonia/13522/2022,A/Bangladesh/4005/2020,160
A/Catalonia/13520/2022,A/Bangladesh/4005/2020,160
A/Baden-Wurttemberg/8/2022,A/Bangladesh/4005/2020,320
A/Sachsen/1/2022,A/Bangladesh/4005/2020,160
A/Hessen/4/2022,A/Bangladesh/4005/2020,160
A/Berlin/10/2022,A/Bangladesh/4005/2020,160
A/Bremen/1/2022,A/Bangladesh/4005/2020,320
A/Hessen/6/2022,A/Bangladesh/4005/2020,160
A/Bayern/4/2022,A/Bangladesh/4005/2020,160
A/Niedersachsen/8/2022,A/Bangladesh/4005/2020,160
A/Thuringen/4/2022,A/Bangladesh/4005/2020,160
A/Catalonia/13756/2022,A/Bangladesh/4005/2020,160
A/Catalonia/13755/2022,A/Bangladesh/4005/2020,160
A/Bayern/7/2022,A/Bangladesh/4005/2020,160
A/Rheinland-Pfalz/1/2022,A/Bangladesh/4005/2020,320
A/Thuringen/6/2022,A/Bangladesh/4005/2020,160
A/Denmark/267/2022,A/Bangladesh/4005/2020,160
A/Catalonia/2081558/2022,A/Bangladesh/4005/2020,160
A/Denmark/294/2022,A/Bangladesh/4005/2020,160
A/Denmark/333/2022,A/Bangladesh/4005/2020,160
A/Denmark/320/2022,A/Bangladesh/4005/2020,160
A/Denmark/335/2022,A/Bangladesh/4005/2020,160
A/Thuringen/7/2022,A/Bangladesh/4005/2020,320
A/Bremen/4/2022,A/Bangladesh/4005/2020,160
A/Denmark/499/2022,A/Bangladesh/4005/2020,160
A/Catalonia/3565654/2022,A/Bangladesh/4005/2020,160
A/Denmark/558/2022,A/Bangladesh/4005/2020,160
A/Nordrhein-Westfalen/2/2022,A/Bangladesh/4005/2020,640
A/Denmark/1098/2022,A/Bangladesh/4005/2020,160
A/Denmark/602/2022,A/Bangladesh/4005/2020,160
A/Denmark/612/2022,A/Bangladesh/4005/2020,320
A/Denmark/922/2022,A/Bangladesh/4005/2020,160
A/Denmark/1253/2022,A/Bangladesh/4005/2020,160
A/Denmark/2031/2022,A/Bangladesh/4005/2020,320
A/Denmark/1836/2022,A/Bangladesh/4005/2020,160
A/Baden-Wurttemberg/5/2022,A/Bangladesh/4005/2020,320
A/Hessen/8/2022,A/Bangladesh/4005/2020,320
A/Bremen/2/2022,A/Bangladesh/4005/2020,320
A/Sachsen/2/2022,A/Bangladesh/4005/2020,320
A/Baden-Wurttemberg/6/2022,A/Bangladesh/4005/2020,160
A/Catalonia/13731/2022,A/Bangladesh/4005/2020,160
A/Catalonia/13738/2022,A/Bangladesh/4005/2020,320
A/Catalonia/13737/2022,A/Bangladesh/4005/2020,40
A/Catalonia/13758/2022,A/Bangladesh/4005/2020,80
A/Catalonia/2076976/2022,A/Bangladesh/4005/2020,160
A/Catalonia/13775/2022,A/Bangladesh/4005/2020,160
A/Catalonia/13766/2022,A/Bangladesh/4005/2020,320
A/Thuringen/3/2022,A/Bangladesh/4005/2020,1280
A/Catalonia/13692/2022,A/Bangladesh/4005/2020,160
A/Denmark/3264/2019,A/Stockholm/5/2021,320
A/Hong Kong/2671/2019,A/Stockholm/5/2021,160
A/Cambodia/925256/2020,A/Stockholm/5/2021,160
A/Cambodia/e0826360/2020,A/Stockholm/5/2021,160
A/Bangladesh/4005/2020,A/Stockholm/5/2021,640
A/Stockholm/5/2021,A/Stockholm/5/2021,640
A/England/214191723/2021,A/Stockholm/5/2021,640
A/Darwin/9/2021,A/Stockholm/5/2021,640
A/Kansas/14/2017,A/Stockholm/5/2021,80
A/Catalonia/800505/2021,A/Stockholm/5/2021,320
A/Catalonia/3551005/2021,A/Stockholm/5/2021,640
A/Thuringen/2/2022,A/Stockholm/5/2021,320
A/Catalonia/3556026/2022,A/Stockholm/5/2021,320
A/Berlin/5/2022,A/Stockholm/5/2021,320
A/Catalonia/13522/2022,A/Stockholm/5/2021,320
A/Catalonia/13520/2022,A/Stockholm/5/2021,320
A/Baden-Wurttemberg/8/2022,A/Stockholm/5/2021,640
A/Sachsen/1/2022,A/Stockholm/5/2021,320
A/Hessen/4/2022,A/Stockholm/5/2021,320
A/Berlin/10/2022,A/Stockholm/5/2021,320
A/Bremen/1/2022,A/Stockholm/5/2021,1280
A/Hessen/6/2022,A/Stockholm/5/2021,640
A/Bayern/4/2022,A/Stockholm/5/2021,320
A/Niedersachsen/8/2022,A/Stockholm/5/2021,320
A/Thuringen/4/2022,A/Stockholm/5/2021,320
A/Catalonia/13756/2022,A/Stockholm/5/2021,640
A/Catalonia/13755/2022,A/Stockholm/5/2021,320
A/Bayern/7/2022,A/Stockholm/5/2021,320
A/Rheinland-Pfalz/1/2022,A/Stockholm/5/2021,640
A/Thuringen/6/2022,A/Stockholm/5/2021,320
A/Denmark/267/2022,A/Stockholm/5/2021,320
A/Catalonia/2081558/2022,A/Stockholm/5/2021,320
A/Denmark/294/2022,A/Stockholm/5/2021,640
A/Denmark/333/2022,A/Stockholm/5/2021,320
A/Denmark/320/2022,A/Stockholm/5/2021,640
A/Denmark/335/2022,A/Stockholm/5/2021,320
A/Thuringen/7/2022,A/Stockholm/5/2021,640
A/Bremen/4/2022,A/Stockholm/5/2021,320
A/Denmark/499/2022,A/Stockholm/5/2021,320
A/Catalonia/3565654/2022,A/Stockholm/5/2021,640
A/Denmark/558/2022,A/Stockholm/5/2021,320
A/Nordrhein-Westfalen/2/2022,A/Stockholm/5/2021,1280
A/Denmark/1098/2022,A/Stockholm/5/2021,320
A/Denmark/602/2022,A/Stockholm/5/2021,320
A/Denmark/612/2022,A/Stockholm/5/2021,320
A/Denmark/922/2022,A/Stockholm/5/2021,320
A/Denmark/1253/2022,A/Stockholm/5/2021,320
A/Denmark/2031/2022,A/Stockholm/5/2021,320
A/Denmark/1836/2022,A/Stockholm/5/2021,320
A/Baden-Wurttemberg/5/2022,A/Stockholm/5/2021,1280
A/Hessen/8/2022,A/Stockholm/5/2021,640
A/Bremen/2/2022,A/Stockholm/5/2021,640
A/Sachsen/2/2022,A/Stockholm/5/2021,640
A/Baden-Wurttemberg/6/2022,A/Stockholm/5/2021,320
A/Catalonia/13731/2022,A/Stockholm/5/2021,320
A/Catalonia/13738/2022,A/Stockholm/5/2021,640
A/Catalonia/13737/2022,A/Stockholm/5/2021,160
A/Catalonia/13758/2022,A/Stockholm/5/2021,160
A/Catalonia/2076976/2022,A/Stockholm/5/2021,320
A/Catalonia/13775/2022,A/Stockholm/5/2021,320
A/Catalonia/13766/2022,A/Stockholm/5/2021,640
A/Thuringen/3/2022,A/Stockholm/5/2021,1280
A/Catalonia/13692/2022,A/Stockholm/5/2021,320
A/Denmark/3264/2019,A/England/214191723/2021,80
A/Hong Kong/2671/2019,A/England/214191723/2021,80
A/Cambodia/925256/2020,A/England/214191723/2021,40
A/Cambodia/e0826360/2020,A/England/214191723/2021,160
A/Bangladesh/4005/2020,A/England/214191723/2021,640
A/Stockholm/5/2021,A/England/214191723/2021,640
A/England/214191723/2021,A/England/214191723/2021,1280
A/Darwin/9/2021,A/England/214191723/2021,640
A/Kansas/14/2017,A/England/214191723/2021,80
A/Catalonia/800505/2021,A/England/214191723/2021,640
A/Catalonia/3551005/2021,A/England/214191723/2021,640
A/Thuringen/2/2022,A/England/214191723/2021,320
A/Catalonia/3556026/2022,A/England/214191723/2021,640
A/Berlin/5/2022,A/England/214191723/2021,320
A/Catalonia/13522/2022,A/England/214191723/2021,640
A/Catalonia/13520/2022,A/England/214191723/2021,1280
A/Baden-Wurttemberg/8/2022,A/England/214191723/2021,640
A/Sachsen/1/2022,A/England/214191723/2021,320
A/Hessen/4/2022,A/England/214191723/2021,320
A/Berlin/10/2022,A/England/214191723/2021,320
A/Bremen/1/2022,A/England/214191723/2021,640
A/Hessen/6/2022,A/England/214191723/2021,640
A/Bayern/4/2022,A/England/214191723/2021,320
A/Niedersachsen/8/2022,A/England/214191723/2021,320
A/Thuringen/4/2022,A/England/214191723/2021,320
A/Catalonia/13756/2022,A/England/214191723/2021,320
A/Catalonia/13755/2022,A/England/214191723/2021,320
A/Bayern/7/2022,A/England/214191723/2021,160
A/Rheinland-Pfalz/1/2022,A/England/214191723/2021,640
A/Thuringen/6/2022,A/England/214191723/2021,320
A/Denmark/267/2022,A/England/214191723/2021,640
A/Catalonia/2081558/2022,A/England/214191723/2021,640
A/Denmark/294/2022,A/England/214191723/2021,640
A/Denmark/333/2022,A/England/214191723/2021,320
A/Denmark/320/2022,A/England/214191723/2021,320
A/Denmark/335/2022,A/England/214191723/2021,320
A/Thuringen/7/2022,A/England/214191723/2021,1280
A/Bremen/4/2022,A/England/214191723/2021,320
A/Denmark/499/2022,A/England/214191723/2021,320
A/Catalonia/3565654/2022,A/England/214191723/2021,640
A/Denmark/558/2022,A/England/214191723/2021,640
A/Nordrhein-Westfalen/2/2022,A/England/214191723/2021,1280
A/Denmark/1098/2022,A/England/214191723/2021,320
A/Denmark/602/2022,A/England/214191723/2021,320
A/Denmark/612/2022,A/England/214191723/2021,320
A/Denmark/922/2022,A/England/214191723/2021,320
A/Denmark/1253/2022,A/England/214191723/2021,320
A/Denmark/2031/2022,A/England/214191723/2021,320
A/Denmark/1836/2022,A/England/214191723/2021,320
A/Baden-Wurttemberg/5/2022,A/England/214191723/2021,640
A/Hessen/8/2022,A/England/214191723/2021,640
A/Bremen/2/2022,A/England/214191723/2021,640
A/Sachsen/2/2022,A/England/214191723/2021,640
A/Baden-Wurttemberg/6/2022,A/England/214191723/2021,1280
A/Catalonia/13731/2022,A/England/214191723/2021,640
A/Catalonia/13738/2022,A/England/214191723/2021,1280
A/Catalonia/13737/2022,A/England/214191723/2021,640
A/Catalonia/13758/2022,A/England/214191723/2021,320
A/Catalonia/2076976/2022,A/England/214191723/2021,640
A/Catalonia/13775/2022,A/England/214191723/2021,640
A/Catalonia/13766/2022,A/England/214191723/2021,1280
A/Thuringen/3/2022,A/England/214191723/2021,1280
A/Catalonia/13692/2022,A/England/214191723/2021,640
A/Denmark/3264/2019,A/Darwin/9/2021,320
A/Hong Kong/2671/2019,A/Darwin/9/2021,320
A/Cambodia/925256/2020,A/Darwin/9/2021,320
A/Cambodia/e0826360/2020,A/Darwin/9/2021,160
A/Bangladesh/4005/2020,A/Darwin/9/2021,1280
A/Stockholm/5/2021,A/Darwin/9/2021,1280
A/England/214191723/2021,A/Darwin/9/2021,640
A/Darwin/9/2021,A/Darwin/9/2021,1280
A/Kansas/14/2017,A/Darwin/9/2021,80
A/Catalonia/800505/2021,A/Darwin/9/2021,640
A/Catalonia/3551005/2021,A/Darwin/9/2021,640
A/Thuringen/2/2022,A/Darwin/9/2021,640
A/Catalonia/3556026/2022,A/Darwin/9/2021,640
A/Berlin/5/2022,A/Darwin/9/2021,640
A/Catalonia/13522/2022,A/Darwin/9/2021,640
A/Catalonia/13520/2022,A/Darwin/9/2021,640
A/Baden-Wurttemberg/8/2022,A/Darwin/9/2021,1280
A/Sachsen/1/2022,A/Darwin/9/2021,640
A/Hessen/4/2022,A/Darwin/9/2021,640
A/Berlin/10/2022,A/Darwin/9/2021,1280
A/Bremen/1/2022,A/Darwin/9/2021,1280
A/Hessen/6/2022,A/Darwin/9/2021,1280
A/Bayern/4/2022,A/Darwin/9/2021,640
A/Niedersachsen/8/2022,A/Darwin/9/2021,640
A/Thuringen/4/2022,A/Darwin/9/2021,640
A/Catalonia/13756/2022,A/Darwin/9/2021,640
A/Catalonia/13755/2022,A/Darwin/9/2021,640
A/Bayern/7/2022,A/Darwin/9/2021,640
A/Rheinland-Pfalz/1/2022,A/Darwin/9/2021,1280
A/Thuringen/6/2022,A/Darwin/9/2021,640
A/Denmark/267/2022,A/Darwin/9/2021,1280
A/Catalonia/2081558/2022,A/Darwin/9/2021,1280
A/Denmark/294/2022,A/Darwin/9/2021,1280
A/Denmark/333/2022,A/Darwin/9/2021,640
A/Denmark/320/2022,A/Darwin/9/2021,1280
A/Denmark/335/2022,A/Darwin/9/2021,1280
A/Thuringen/7/2022,A/Darwin/9/2021,1280
A/Bremen/4/2022,A/Darwin/9/2021,640
A/Denmark/499/2022,A/Darwin/9/2021,640
A/Catalonia/3565654/2022,A/Darwin/9/2021,1280
A/Denmark/558/2022,A/Darwin/9/2021,1280
A/Nordrhein-Westfalen/2/2022,A/Darwin/9/2021,5120
A/Denmark/1098/2022,A/Darwin/9/2021,640
A/Denmark/602/2022,A/Darwin/9/2021,640
A/Denmark/612/2022,A/Darwin/9/2021,1280
A/Denmark/922/2022,A/Darwin/9/2021,640
A/Denmark/1253/2022,A/Darwin/9/2021,640
A/Denmark/2031/2022,A/Darwin/9/2021,1280
A/Denmark/1836/2022,A/Darwin/9/2021,1280
A/Baden-Wurttemberg/5/2022,A/Darwin/9/2021,1280
A/Hessen/8/2022,A/Darwin/9/2021,1280
A/Bremen/2/2022,A/Darwin/9/2021,1280
A/Sachsen/2/2022,A/Darwin/9/2021,640
A/Baden-Wurttemberg/6/2022,A/Darwin/9/2021,640
A/Catalonia/13731/2022,A/Darwin/9/2021,640
A/Catalonia/13738/2022,A/Darwin/9/2021,640
A/Catalonia/13737/2022,A/Darwin/9/2021,640
A/Catalonia/13758/2022,A/Darwin/9/2021,320
A/Catalonia/2076976/2022,A/Darwin/9/2021,640
A/Catalonia/13775/2022,A/Darwin/9/2021,640
A/Catalonia/13766/2022,A/Darwin/9/2021,640
A/Thuringen/3/2022,A/Darwin/9/2021,1280
A/Catalonia/13692/2022,A/Darwin/9/2021,640
A/Denmark/3264/2019,A/Kansas/14/2017,320
A/Hong Kong/2671/2019,A/Kansas/14/2017,160
A/Cambodia/925256/2020,A/Kansas/14/2017,160
A/Cambodia/e0826360/2020,A/Kansas/14/2017,40
A/Bangladesh/4005/2020,A/Kansas/14/2017,320
A/Stockholm/5/2021,A/Kansas/14/2017,40
A/England/214191723/2021,A/Kansas/14/2017,40
A/Darwin/9/2021,A/Kansas/14/2017,80
A/Kansas/14/2017,A/Kansas/14/2017,320
A/Catalonia/800505/2021,A/Kansas/14/2017,40
A/Catalonia/3551005/2021,A/Kansas/14/2017,40
A/Thuringen/2/2022,A/Kansas/14/2017,<40
A/Catalonia/3556026/2022,A/Kansas/14/2017,40
A/Berlin/5/2022,A/Kansas/14/2017,<40
A/Catalonia/13522/2022,A/Kansas/14/2017,40
A/Catalonia/13520/2022,A/Kansas/14/2017,40
A/Baden-Wurttemberg/8/2022,A/Kansas/14/2017,80
A/Sachsen/1/2022,A/Kansas/14/2017,<40
A/Hessen/4/2022,A/Kansas/14/2017,<40
A/Berlin/10/2022,A/Kansas/14/2017,<40
A/Bremen/1/2022,A/Kansas/14/2017,40
A/Hessen/6/2022,A/Kansas/14/2017,40
A/Bayern/4/2022,A/Kansas/14/2017,<40
A/Niedersachsen/8/2022,A/Kansas/14/2017,<40
A/Thuringen/4/2022,A/Kansas/14/2017,<40
A/Catalonia/13756/2022,A/Kansas/14/2017,40
A/Catalonia/13755/2022,A/Kansas/14/2017,<40
A/Bayern/7/2022,A/Kansas/14/2017,<40
A/Rheinland-Pfalz/1/2022,A/Kansas/14/2017,40
A/Thuringen/6/2022,A/Kansas/14/2017,<40
A/Denmark/267/2022,A/Kansas/14/2017,<40
A/Catalonia/2081558/2022,A/Kansas/14/2017,40
A/Denmark/294/2022,A/Kansas/14/2017,<40
A/Denmark/333/2022,A/Kansas/14/2017,<40
A/Denmark/320/2022,A/Kansas/14/2017,<40
A/Denmark/335/2022,A/Kansas/14/2017,<40
A/Thuringen/7/2022,A/Kansas/14/2017,40
A/Bremen/4/2022,A/Kansas/14/2017,<40
A/Denmark/499/2022,A/Kansas/14/2017,<40
A/Catalonia/3565654/2022,A/Kansas/14/2017,40
A/Denmark/558/2022,A/Kansas/14/2017,40
A/Nordrhein-Westfalen/2/2022,A/Kansas/14/2017,80
A/Denmark/1098/2022,A/Kansas/14/2017,<40
A/Denmark/602/2022,A/Kansas/14/2017,40
A/Denmark/612/2022,A/Kansas/14/2017,<40
A/Denmark/922/2022,A/Kansas/14/2017,<40
A/Denmark/1253/2022,A/Kansas/14/2017,<40
A/Denmark/2031/2022,A/Kansas/14/2017,40
A/Denmark/1836/2022,A/Kansas/14/2017,<40
A/Baden-Wurttemberg/5/2022,A/Kansas/14/2017,80
A/Hessen/8/2022,A/Kansas/14/2017,80
A/Bremen/2/2022,A/Kansas/14/2017,80
A/Sachsen/2/2022,A/Kansas/14/2017,80
A/Baden-Wurttemberg/6/2022,A/Kansas/14/2017,<40
A/Catalonia/13731/2022,A/Kansas/14/2017,40
A/Catalonia/13738/2022,A/Kansas/14/2017,80
A/Catalonia/13737/2022,A/Kansas/14/2017,40
A/Catalonia/13758/2022,A/Kansas/14/2017,<40
A/Catalonia/2076976/2022,A/Kansas/14/2017,<40
A/Catalonia/13775/2022,A/Kansas/14/2017,40
A/Catalonia/13766/2022,A/Kansas/14/2017,80
A/Thuringen/3/2022,A/Kansas/14/2017,160
A/Catalonia/13692/2022,A/Kansas/14/2017,40
A/Denmark/3264/2019,A/Denmark/3264/2019,320
A/Hong Kong/2671/2019,A/Denmark/3264/2019,160
A/Cambodia/925256/2020,A/Denmark/3264/2019,160
A/Cambodia/e0826360/2020,A/Denmark/3264/2019,160
A/Bangladesh/4005/2020,A/Denmark/3264/2019,160
A/Stockholm/5/2021,A/Denmark/3264/2019,80
A/England/214191723/2021,A/Denmark/3264/2019,40
A/Darwin/9/2021,A/Denmark/3264/2019,160
A/Florida/02/2021,A/Denmark/3264/2019,80
A/Wyoming/01/2021,A/Denmark/3264/2019,160
A/Kansas/14/2017,A/Denmark/3264/2019,40
A/Poland/PL39/2022,A/Denmark/3264/2019,40
A/Poland/PL16/2022,A/Denmark/3264/2019,80
A/Poland/PL40/2022,A/Denmark/3264/2019,40
A/Poland/PL15/2022,A/Denmark/3264/2019,80
A/Poland/PL42/2022,A/Denmark/3264/2019,80
A/Poland/PL38/2022,A/Denmark/3264/2019,80
A/Poland/PL19/2022,A/Denmark/3264/2019,40
A/Poland/PL04/2022,A/Denmark/3264/2019,80
A/Poland/PL25/2022,A/Denmark/3264/2019,80
A/Poland/PL27/2022,A/Denmark/3264/2019,40
A/Poland/PL44/2022,A/Denmark/3264/2019,80
A/Poland/PL49/2022,A/Denmark/3264/2019,80
A/Poland/PL14/2022,A/Denmark/3264/2019,40
A/Poland/PL13/2022,A/Denmark/3264/2019,40
A/Poland/PL12/2022,A/Denmark/3264/2019,160
A/Poland/PL10/2022,A/Denmark/3264/2019,40
A/Poland/PL09/2022,A/Denmark/3264/2019,80
A/Poland/PL11/2022,A/Denmark/3264/2019,160
A/Poland/PL07/2022,A/Denmark/3264/2019,80
A/Poland/PL06/2022,A/Denmark/3264/2019,40
A/Poland/PL03/2022,A/Denmark/3264/2019,40
A/Poland/PL21/2022,A/Denmark/3264/2019,40
A/Poland/PL24/2022,A/Denmark/3264/2019,40
A/Poland/PL23/2022,A/Denmark/3264/2019,80
A/Poland/PL22/2022,A/Denmark/3264/2019,80
A/Poland/PL28/2022,A/Denmark/3264/2019,80
A/Poland/PL45/2022,A/Denmark/3264/2019,160
A/Poland/PL08/2022,A/Denmark/3264/2019,160
A/Denmark/3264/2019,A/Hong Kong/2671/2019,320
A/Hong Kong/2671/2019,A/Hong Kong/2671/2019,320
A/Cambodia/925256/2020,A/Hong Kong/2671/2019,80
A/Cambodia/e0826360/2020,A/Hong Kong/2671/2019,<40
A/Bangladesh/4005/2020,A/Hong Kong/2671/2019,40
A/Stockholm/5/2021,A/Hong Kong/2671/2019,<40
A/England/214191723/2021,A/Hong Kong/2671/2019,<40
A/Darwin/9/2021,A/Hong Kong/2671/2019,<40
A/Florida/02/2021,A/Hong Kong/2671/2019,<40
A/Wyoming/01/2021,A/Hong Kong/2671/2019,<40
A/Kansas/14/2017,A/Hong Kong/2671/2019,<40
A/Poland/PL39/2022,A/Hong Kong/2671/2019,<40
A/Poland/PL16/2022,A/Hong Kong/2671/2019,<40
A/Poland/PL40/2022,A/Hong Kong/2671/2019,<40
A/Poland/PL15/2022,A/Hong Kong/2671/2019,<40
A/Poland/PL42/2022,A/Hong Kong/2671/2019,<40
A/Poland/PL38/2022,A/Hong Kong/2671/2019,<40
A/Poland/PL19/2022,A/Hong Kong/2671/2019,<40
A/Poland/PL04/2022,A/Hong Kong/2671/2019,<40
A/Poland/PL25/2022,A/Hong Kong/2671/2019,<40
A/Poland/PL27/2022,A/Hong Kong/2671/2019,<40
A/Poland/PL44/2022,A/Hong Kong/2671/2019,<40
A/Poland/PL49/2022,A/Hong Kong/2671/2019,<40
A/Poland/PL14/2022,A/Hong Kong/2671/2019,<40
A/Poland/PL13/2022,A/Hong Kong/2671/2019,<40
A/Poland/PL12/2022,A/Hong Kong/2671/2019,<40
A/Poland/PL10/2022,A/Hong Kong/2671/2019,<40
A/Poland/PL09/2022,A/Hong Kong/2671/2019,<40
A/Poland/PL11/2022,A/Hong Kong/2671/2019,<40
A/Poland/PL07/2022,A/Hong Kong/2671/2019,<40
A/Poland/PL06/2022,A/Hong Kong/2671/2019,<40
A/Poland/PL03/2022,A/Hong Kong/2671/2019,<40
A/Poland/PL21/2022,A/Hong Kong/2671/2019,<40
A/Poland/PL24/2022,A/Hong Kong/2671/2019,<40
A/Poland/PL23/2022,A/Hong Kong/2671/2019,<40
A/Poland/PL22/2022,A/Hong Kong/2671/2019,<40
A/Poland/PL28/2022,A/Hong Kong/2671/2019,<40
A/Poland/PL45/2022,A/Hong Kong/2671/2019,<40
A/Poland/PL08/2022,A/Hong Kong/2671/2019,<40
A/Denmark/3264/2019,A/Cambodia/925256/2020,640
A/Hong Kong/2671/2019,A/Cambodia/925256/2020,320
A/Cambodia/925256/2020,A/Cambodia/925256/2020,640
A/Cambodia/e0826360/2020,A/Cambodia/925256/2020,160
A/Bangladesh/4005/2020,A/Cambodia/925256/2020,160
A/Stockholm/5/2021,A/Cambodia/925256/2020,80
A/England/214191723/2021,A/Cambodia/925256/2020,40
A/Darwin/9/2021,A/Cambodia/925256/2020,80
A/Florida/02/2021,A/Cambodia/925256/2020,80
A/Wyoming/01/2021,A/Cambodia/925256/2020,80
A/Kansas/14/2017,A/Cambodia/925256/2020,80
A/Poland/PL39/2022,A/Cambodia/925256/2020,40
A/Poland/PL16/2022,A/Cambodia/925256/2020,40
A/Poland/PL40/2022,A/Cambodia/925256/2020,40
A/Poland/PL15/2022,A/Cambodia/925256/2020,40
A/Poland/PL42/2022,A/Cambodia/925256/2020,40
A/Poland/PL38/2022,A/Cambodia/925256/2020,40
A/Poland/PL19/2022,A/Cambodia/925256/2020,40
A/Poland/PL04/2022,A/Cambodia/925256/2020,40
A/Poland/PL25/2022,A/Cambodia/925256/2020,40
A/Poland/PL27/2022,A/Cambodia/925256/2020,40
A/Poland/PL44/2022,A/Cambodia/925256/2020,40
A/Poland/PL49/2022,A/Cambodia/925256/2020,40
A/Poland/PL14/2022,A/Cambodia/925256/2020,40
A/Poland/PL13/2022,A/Cambodia/925256/2020,40
A/Poland/PL12/2022,A/Cambodia/925256/2020,80
A/Poland/PL10/2022,A/Cambodia/925256/2020,40
A/Poland/PL09/2022,A/Cambodia/925256/2020,80
A/Poland/PL11/2022,A/Cambodia/925256/2020,80
A/Poland/PL07/2022,A/Cambodia/925256/2020,40
A/Poland/PL06/2022,A/Cambodia/925256/2020,40
A/Poland/PL03/2022,A/Cambodia/925256/2020,<40
A/Poland/PL21/2022,A/Cambodia/925256/2020,40
A/Poland/PL24/2022,A/Cambodia/925256/2020,80
A/Poland/PL23/2022,A/Cambodia/925256/2020,40
A/Poland/PL22/2022,A/Cambodia/925256/2020,40
A/Poland/PL28/2022,A/Cambodia/925256/2020,40
A/Poland/PL45/2022,A/Cambodia/925256/2020,80
A/Poland/PL08/2022,A/Cambodia/925256/2020,80
A/Denmark/3264/2019,A/Cambodia/e0826360/2020,160
A/Hong Kong/2671/2019,A/Cambodia/e0826360/2020,160
A/Cambodia/925256/2020,A/Cambodia/e0826360/2020,160
A/Cambodia/e0826360/2020,A/Cambodia/e0826360/2020,1280
A/Bangladesh/4005/2020,A/Cambodia/e0826360/2020,160
A/Stockholm/5/2021,A/Cambodia/e0826360/2020,80
A/England/214191723/2021,A/Cambodia/e0826360/2020,80
A/Darwin/9/2021,A/Cambodia/e0826360/2020,640
A/Florida/02/2021,A/Cambodia/e0826360/2020,320
A/Wyoming/01/2021,A/Cambodia/e0826360/2020,320
A/Kansas/14/2017,A/Cambodia/e0826360/2020,40
A/Poland/PL39/2022,A/Cambodia/e0826360/2020,40
A/Poland/PL16/2022,A/Cambodia/e0826360/2020,40
A/Poland/PL40/2022,A/Cambodia/e0826360/2020,40
A/Poland/PL15/2022,A/Cambodia/e0826360/2020,40
A/Poland/PL42/2022,A/Cambodia/e0826360/2020,40
A/Poland/PL38/2022,A/Cambodia/e0826360/2020,40
A/Poland/PL19/2022,A/Cambodia/e0826360/2020,40
A/Poland/PL04/2022,A/Cambodia/e0826360/2020,80
A/Poland/PL25/2022,A/Cambodia/e0826360/2020,40
A/Poland/PL27/2022,A/Cambodia/e0826360/2020,40
A/Poland/PL44/2022,A/Cambodia/e0826360/2020,40
A/Poland/PL49/2022,A/Cambodia/e0826360/2020,40
A/Poland/PL14/2022,A/Cambodia/e0826360/2020,80
A/Poland/PL13/2022,A/Cambodia/e0826360/2020,80
A/Poland/PL12/2022,A/Cambodia/e0826360/2020,320
A/Poland/PL10/2022,A/Cambodia/e0826360/2020,80
A/Poland/PL09/2022,A/Cambodia/e0826360/2020,160
A/Poland/PL11/2022,A/Cambodia/e0826360/2020,160
A/Poland/PL07/2022,A/Cambodia/e0826360/2020,80
A/Poland/PL06/2022,A/Cambodia/e0826360/2020,160
A/Poland/PL03/2022,A/Cambodia/e0826360/2020,80
A/Poland/PL21/2022,A/Cambodia/e0826360/2020,80
A/Poland/PL24/2022,A/Cambodia/e0826360/2020,80
A/Poland/PL23/2022,A/Cambodia/e0826360/2020,160
A/Poland/PL22/2022,A/Cambodia/e0826360/2020,160
A/Poland/PL28/2022,A/Cambodia/e0826360/2020,160
A/Poland/PL45/2022,A/Cambodia/e0826360/2020,320
A/Poland/PL08/2022,A/Cambodia/e0826360/2020,320
A/Denmark/3264/2019,A/Bangladesh/4005/2020,320
A/Hong Kong/2671/2019,A/Bangladesh/4005/2020,160
A/Cambodia/925256/2020,A/Bangladesh/4005/2020,160
A/Cambodia/e0826360/2020,A/Bangladesh/4005/2020,320
A/Bangladesh/4005/2020,A/Bangladesh/4005/2020,640
A/Stockholm/5/2021,A/Bangladesh/4005/2020,320
A/England/214191723/2021,A/Bangladesh/4005/2020,160
A/Darwin/9/2021,A/Bangladesh/4005/2020,320
A/Florida/02/2021,A/Bangladesh/4005/2020,320
A/Wyoming/01/2021,A/Bangladesh/4005/2020,320
A/Kansas/14/2017,A/Bangladesh/4005/2020,80
A/Poland/PL39/2022,A/Bangladesh/4005/2020,160
A/Poland/PL16/2022,A/Bangladesh/4005/2020,160
A/Poland/PL40/2022,A/Bangladesh/4005/2020,160
A/Poland/PL15/2022,A/Bangladesh/4005/2020,160
A/Poland/PL42/2022,A/Bangladesh/4005/2020,160
A/Poland/PL38/2022,A/Bangladesh/4005/2020,160
A/Poland/PL19/2022,A/Bangladesh/4005/2020,160
A/Poland/PL04/2022,A/Bangladesh/4005/2020,160
A/Poland/PL25/2022,A/Bangladesh/4005/2020,160
A/Poland/PL27/2022,A/Bangladesh/4005/2020,160
A/Poland/PL44/2022,A/Bangladesh/4005/2020,160
A/Poland/PL49/2022,A/Bangladesh/4005/2020,160
A/Poland/PL14/2022,A/Bangladesh/4005/2020,160
A/Poland/PL13/2022,A/Bangladesh/4005/2020,160
A/Poland/PL12/2022,A/Bangladesh/4005/2020,320
A/Poland/PL10/2022,A/Bangladesh/4005/2020,160
A/Poland/PL09/2022,A/Bangladesh/4005/2020,320
A/Poland/PL11/2022,A/Bangladesh/4005/2020,160
A/Poland/PL07/2022,A/Bangladesh/4005/2020,320
A/Poland/PL06/2022,A/Bangladesh/4005/2020,160
A/Poland/PL03/2022,A/Bangladesh/4005/2020,160
A/Poland/PL21/2022,A/Bangladesh/4005/2020,320
A/Poland/PL24/2022,A/Bangladesh/4005/2020,320
A/Poland/PL23/2022,A/Bangladesh/4005/2020,160
A/Poland/PL22/2022,A/Bangladesh/4005/2020,320
A/Poland/PL28/2022,A/Bangladesh/4005/2020,320
A/Poland/PL45/2022,A/Bangladesh/4005/2020,320
A/Poland/PL08/2022,A/Bangladesh/4005/2020,320
A/Denmark/3264/2019,A/Stockholm/5/2021,320
A/Hong Kong/2671/2019,A/Stockholm/5/2021,160
A/Cambodia/925256/2020,A/Stockholm/5/2021,160
A/Cambodia/e0826360/2020,A/Stockholm/5/2021,160
A/Bangladesh/4005/2020,A/Stockholm/5/2021,640
A/Stockholm/5/2021,A/Stockholm/5/2021,640
A/England/214191723/2021,A/Stockholm/5/2021,320
A/Darwin/9/2021,A/Stockholm/5/2021,640
A/Florida/02/2021,A/Stockholm/5/2021,640
A/Wyoming/01/2021,A/Stockholm/5/2021,640
A/Kansas/14/2017,A/Stockholm/5/2021,80
A/Poland/PL39/2022,A/Stockholm/5/2021,320
A/Poland/PL16/2022,A/Stockholm/5/2021,640
A/Poland/PL40/2022,A/Stockholm/5/2021,320
A/Poland/PL15/2022,A/Stockholm/5/2021,320
A/Poland/PL42/2022,A/Stockholm/5/2021,320
A/Poland/PL38/2022,A/Stockholm/5/2021,320
A/Poland/PL19/2022,A/Stockholm/5/2021,320
A/Poland/PL04/2022,A/Stockholm/5/2021,320
A/Poland/PL25/2022,A/Stockholm/5/2021,320
A/Poland/PL27/2022,A/Stockholm/5/2021,320
A/Poland/PL44/2022,A/Stockholm/5/2021,320
A/Poland/PL49/2022,A/Stockholm/5/2021,320
A/Poland/PL14/2022,A/Stockholm/5/2021,320
A/Poland/PL13/2022,A/Stockholm/5/2021,640
A/Poland/PL12/2022,A/Stockholm/5/2021,640
A/Poland/PL10/2022,A/Stockholm/5/2021,320
A/Poland/PL09/2022,A/Stockholm/5/2021,640
A/Poland/PL11/2022,A/Stockholm/5/2021,640
A/Poland/PL07/2022,A/Stockholm/5/2021,640
A/Poland/PL06/2022,A/Stockholm/5/2021,640
A/Poland/PL03/2022,A/Stockholm/5/2021,640
A/Poland/PL21/2022,A/Stockholm/5/2021,640
A/Poland/PL24/2022,A/Stockholm/5/2021,640
A/Poland/PL23/2022,A/Stockholm/5/2021,640
A/Poland/PL22/2022,A/Stockholm/5/2021,640
A/Poland/PL28/2022,A/Stockholm/5/2021,640
A/Poland/PL45/2022,A/Stockholm/5/2021,640
A/Poland/PL08/2022,A/Stockholm/5/2021,320
A/Denmark/3264/2019,A/England/214191723/2021,40
A/Hong Kong/2671/2019,A/England/214191723/2021,40
A/Cambodia/925256/2020,A/England/214191723/2021,40
A/Cambodia/e0826360/2020,A/England/214191723/2021,160
A/Bangladesh/4005/2020,A/England/214191723/2021,160
A/Stockholm/5/2021,A/England/214191723/2021,160
A/England/214191723/2021,A/England/214191723/2021,160
A/Darwin/9/2021,A/England/214191723/2021,160
A/Florida/02/2021,A/England/214191723/2021,320
A/Wyoming/01/2021,A/England/214191723/2021,160
A/Kansas/14/2017,A/England/214191723/2021,40
A/Poland/PL39/2022,A/England/214191723/2021,160
A/Poland/PL16/2022,A/England/214191723/2021,320
A/Poland/PL40/2022,A/England/214191723/2021,320
A/Poland/PL15/2022,A/England/214191723/2021,320
A/Poland/PL42/2022,A/England/214191723/2021,320
A/Poland/PL38/2022,A/England/214191723/2021,320
A/Poland/PL19/2022,A/England/214191723/2021,160
A/Poland/PL04/2022,A/England/214191723/2021,320
A/Poland/PL25/2022,A/England/214191723/2021,160
A/Poland/PL27/2022,A/England/214191723/2021,160
A/Poland/PL44/2022,A/England/214191723/2021,320
A/Poland/PL49/2022,A/England/214191723/2021,320
A/Poland/PL14/2022,A/England/214191723/2021,320
A/Poland/PL13/2022,A/England/214191723/2021,320
A/Poland/PL12/2022,A/England/214191723/2021,640
A/Poland/PL10/2022,A/England/214191723/2021,320
A/Poland/PL09/2022,A/England/214191723/2021,640
A/Poland/PL11/2022,A/England/214191723/2021,320
A/Poland/PL07/2022,A/England/214191723/2021,640
A/Poland/PL06/2022,A/England/214191723/2021,320
A/Poland/PL03/2022,A/England/214191723/2021,320
A/Poland/PL21/2022,A/England/214191723/2021,320
A/Poland/PL24/2022,A/England/214191723/2021,320
A/Poland/PL23/2022,A/England/214191723/2021,320
A/Poland/PL22/2022,A/England/214191723/2021,640
A/Poland/PL28/2022,A/England/214191723/2021,320
A/Poland/PL45/2022,A/England/214191723/2021,640
A/Poland/PL08/2022,A/England/214191723/2021,160
A/Denmark/3264/2019,A/Darwin/9/2021,320
A/Hong Kong/2671/2019,A/Darwin/9/2021,160
A/Cambodia/925256/2020,A/Darwin/9/2021,320
A/Cambodia/e0826360/2020,A/Darwin/9/2021,320
A/Bangladesh/4005/2020,A/Darwin/9/2021,640
A/Stockholm/5/2021,A/Darwin/9/2021,1280
A/England/214191723/2021,A/Darwin/9/2021,640
A/Darwin/9/2021,A/Darwin/9/2021,2560
A/Florida/02/2021,A/Darwin/9/2021,1280
A/Wyoming/01/2021,A/Darwin/9/2021,1280
A/Kansas/14/2017,A/Darwin/9/2021,80
A/Poland/PL39/2022,A/Darwin/9/2021,640
A/Poland/PL16/2022,A/Darwin/9/2021,1280
A/Poland/PL40/2022,A/Darwin/9/2021,640
A/Poland/PL15/2022,A/Darwin/9/2021,640
A/Poland/PL42/2022,A/Darwin/9/2021,640
A/Poland/PL38/2022,A/Darwin/9/2021,640
A/Poland/PL19/2022,A/Darwin/9/2021,320
A/Poland/PL04/2022,A/Darwin/9/2021,640
A/Poland/PL25/2022,A/Darwin/9/2021,640
A/Poland/PL27/2022,A/Darwin/9/2021,640
A/Poland/PL44/2022,A/Darwin/9/2021,640
A/Poland/PL49/2022,A/Darwin/9/2021,640
A/Poland/PL14/2022,A/Darwin/9/2021,640
A/Poland/PL13/2022,A/Darwin/9/2021,640
A/Poland/PL12/2022,A/Darwin/9/2021,640
A/Poland/PL10/2022,A/Darwin/9/2021,640
A/Poland/PL09/2022,A/Darwin/9/2021,1280
A/Poland/PL11/2022,A/Darwin/9/2021,640
A/Poland/PL07/2022,A/Darwin/9/2021,640
A/Poland/PL06/2022,A/Darwin/9/2021,1280
A/Poland/PL03/2022,A/Darwin/9/2021,640
A/Poland/PL21/2022,A/Darwin/9/2021,640
A/Poland/PL24/2022,A/Darwin/9/2021,640
A/Poland/PL23/2022,A/Darwin/9/2021,640
A/Poland/PL22/2022,A/Darwin/9/2021,640
A/Poland/PL28/2022,A/Darwin/9/2021,640
A/Poland/PL45/2022,A/Darwin/9/2021,1280
A/Poland/PL08/2022,A/Darwin/9/2021,320
A/Denmark/3264/2019,A/Florida/02/2021,80
A/Hong Kong/2671/2019,A/Florida/02/2021,80
A/Cambodia/925256/2020,A/Florida/02/2021,40
A/Cambodia/e0826360/2020,A/Florida/02/2021,80
A/Bangladesh/4005/2020,A/Florida/02/2021,160
A/Stockholm/5/2021,A/Florida/02/2021,320
A/England/214191723/2021,A/Florida/02/2021,320
A/Darwin/9/2021,A/Florida/02/2021,320
A/Florida/02/2021,A/Florida/02/2021,1280
A/Wyoming/01/2021,A/Florida/02/2021,320
A/Kansas/14/2017,A/Florida/02/2021,40
A/Poland/PL39/2022,A/Florida/02/2021,160
A/Poland/PL16/2022,A/Florida/02/2021,320
A/Poland/PL40/2022,A/Florida/02/2021,160
A/Poland/PL15/2022,A/Florida/02/2021,160
A/Poland/PL42/2022,A/Florida/02/2021,160
A/Poland/PL38/2022,A/Florida/02/2021,160
A/Poland/PL19/2022,A/Florida/02/2021,160
A/Poland/PL04/2022,A/Florida/02/2021,160
A/Poland/PL25/2022,A/Florida/02/2021,160
A/Poland/PL27/2022,A/Florida/02/2021,160
A/Poland/PL44/2022,A/Florida/02/2021,160
A/Poland/PL49/2022,A/Florida/02/2021,160
A/Poland/PL14/2022,A/Florida/02/2021,160
A/Poland/PL13/2022,A/Florida/02/2021,160
A/Poland/PL12/2022,A/Florida/02/2021,320
A/Poland/PL10/2022,A/Florida/02/2021,160
A/Poland/PL09/2022,A/Florida/02/2021,320
A/Poland/PL11/2022,A/Florida/02/2021,160
A/Poland/PL07/2022,A/Florida/02/2021,320
A/Poland/PL06/2022,A/Florida/02/2021,320
A/Poland/PL03/2022,A/Florida/02/2021,160
A/Poland/PL21/2022,A/Florida/02/2021,320
A/Poland/PL24/2022,A/Florida/02/2021,320
A/Poland/PL23/2022,A/Florida/02/2021,320
A/Poland/PL22/2022,A/Florida/02/2021,320
A/Poland/PL28/2022,A/Florida/02/2021,320
A/Poland/PL45/2022,A/Florida/02/2021,320
A/Poland/PL08/2022,A/Florida/02/2021,80
A/Denmark/3264/2019,A/Wyoming/01/2021,<40
A/Hong Kong/2671/2019,A/Wyoming/01/2021,<40
A/Cambodia/925256/2020,A/Wyoming/01/2021,<40
A/Cambodia/e0826360/2020,A/Wyoming/01/2021,40
A/Bangladesh/4005/2020,A/Wyoming/01/2021,40
A/Stockholm/5/2021,A/Wyoming/01/2021,160
A/England/214191723/2021,A/Wyoming/01/2021,80
A/Darwin/9/2021,A/Wyoming/01/2021,640
A/Florida/02/2021,A/Wyoming/01/2021,320
A/Wyoming/01/2021,A/Wyoming/01/2021,2560
A/Kansas/14/2017,A/Wyoming/01/2021,<40
A/Poland/PL39/2022,A/Wyoming/01/2021,320
A/Poland/PL16/2022,A/Wyoming/01/2021,640
A/Poland/PL40/2022,A/Wyoming/01/2021,320
A/Poland/PL15/2022,A/Wyoming/01/2021,320
A/Poland/PL42/2022,A/Wyoming/01/2021,320
A/Poland/PL38/2022,A/Wyoming/01/2021,320
A/Poland/PL19/2022,A/Wyoming/01/2021,320
A/Poland/PL04/2022,A/Wyoming/01/2021,320
A/Poland/PL25/2022,A/Wyoming/01/2021,320
A/Poland/PL27/2022,A/Wyoming/01/2021,320
A/Poland/PL44/2022,A/Wyoming/01/2021,320
A/Poland/PL49/2022,A/Wyoming/01/2021,320
A/Poland/PL14/2022,A/Wyoming/01/2021,320
A/Poland/PL13/2022,A/Wyoming/01/2021,160
A/Poland/PL12/2022,A/Wyoming/01/2021,160
A/Poland/PL10/2022,A/Wyoming/01/2021,160
A/Poland/PL09/2022,A/Wyoming/01/2021,320
A/Poland/PL11/2022,A/Wyoming/01/2021,160
A/Poland/PL07/2022,A/Wyoming/01/2021,320
A/Poland/PL06/2022,A/Wyoming/01/2021,320
A/Poland/PL03/2022,A/Wyoming/01/2021,160
A/Poland/PL21/2022,A/Wyoming/01/2021,160
A/Poland/PL24/2022,A/Wyoming/01/2021,160
A/Poland/PL23/2022,A/Wyoming/01/2021,160
A/Poland/PL22/2022,A/Wyoming/01/2021,320
A/Poland/PL28/2022,A/Wyoming/01/2021,320
A/Poland/PL45/2022,A/Wyoming/01/2021,320
A/Poland/PL08/2022,A/Wyoming/01/2021,<40
A/Denmark/3264/2019,A/Kansas/14/2017,160
A/Hong Kong/2671/2019,A/Kansas/14/2017,80
A/Cambodia/925256/2020,A/Kansas/14/2017,80
A/Cambodia/e0826360/2020,A/Kansas/14/2017,80
A/Bangladesh/4005/2020,A/Kansas/14/2017,160
A/Stockholm/5/2021,A/Kansas/14/2017,40
A/England/214191723/2021,A/Kansas/14/2017,<40
A/Darwin/9/2021,A/Kansas/14/2017,80
A/Florida/02/2021,A/Kansas/14/2017,80
A/Wyoming/01/2021,A/Kansas/14/2017,80
A/Kansas/14/2017,A/Kansas/14/2017,320
A/Poland/PL39/2022,A/Kansas/14/2017,<40
A/Poland/PL16/2022,A/Kansas/14/2017,<40
A/Poland/PL40/2022,A/Kansas/14/2017,<40
A/Poland/PL15/2022,A/Kansas/14/2017,<40
A/Poland/PL42/2022,A/Kansas/14/2017,<40
A/Poland/PL38/2022,A/Kansas/14/2017,<40
A/Poland/PL19/2022,A/Kansas/14/2017,<40
A/Poland/PL04/2022,A/Kansas/14/2017,<40
A/Poland/PL25/2022,A/Kansas/14/2017,<40
A/Poland/PL27/2022,A/Kansas/14/2017,<40
A/Poland/PL44/2022,A/Kansas/14/2017,<40
A/Poland/PL49/2022,A/Kansas/14/2017,<40
A/Poland/PL14/2022,A/Kansas/14/2017,40
A/Poland/PL13/2022,A/Kansas/14/2017,40
A/Poland/PL12/2022,A/Kansas/14/2017,40
A/Poland/PL10/2022,A/Kansas/14/2017,40
A/Poland/PL09/2022,A/Kansas/14/2017,40
A/Poland/PL11/2022,A/Kansas/14/2017,40
A/Poland/PL07/2022,A/Kansas/14/2017,40
A/Poland/PL06/2022,A/Kansas/14/2017,40
A/Poland/PL03/2022,A/Kansas/14/2017,40
A/Poland/PL21/2022,A/Kansas/14/2017,40
A/Poland/PL24/2022,A/Kansas/14/2017,40
A/Poland/PL23/2022,A/Kansas/14/2017,40
A/Poland/PL22/2022,A/Kansas/14/2017,40
A/Poland/PL28/2022,A/Kansas/14/2017,40
A/Poland/PL45/2022,A/Kansas/14/2017,80
A/Poland/PL08/2022,A/Kansas/14/2017,80
A/Denmark/3264/2019,A/Denmark/3264/2019,320
A/Hong Kong/2671/2019,A/Denmark/3264/2019,320
A/Cambodia/925256/2020,A/Denmark/3264/2019,80
A/Cambodia/e0826360/2020,A/Denmark/3264/2019,160
A/Bangladesh/4005/2020,A/Denmark/3264/2019,320
A/Stockholm/5/2021,A/Denmark/3264/2019,160
A/England/214191723/2021,A/Denmark/3264/2019,80
A/Slovenia/8720/2022,A/Denmark/3264/2019,160
A/Norway/24873/2021,A/Denmark/3264/2019,80
A/Norway/24873/2021,A/Denmark/3264/2019,160
A/Darwin/9/2021,A/Denmark/3264/2019,160
A/Norway/29511/2021,A/Denmark/3264/2019,*
A/Kansas/14/2017,A/Denmark/3264/2019,80
A/Bulgaria/193/2022,A/Denmark/3264/2019,160
A/Bulgaria/142/2022,A/Denmark/3264/2019,160
A/Bulgaria/104/2022,A/Denmark/3264/2019,160
A/Bulgaria/75/2022,A/Denmark/3264/2019,160
A/Bulgaria/404/2022,A/Denmark/3264/2019,160
A/Bulgaria/648/2022,A/Denmark/3264/2019,160
A/Bulgaria/646/2022,A/Denmark/3264/2019,160
A/Bulgaria/644/2022,A/Denmark/3264/2019,160
A/Bulgaria/1057/2022,A/Denmark/3264/2019,160
A/Bulgaria/1127/2022,A/Denmark/3264/2019,160
A/Bulgaria/1195/2022,A/Denmark/3264/2019,160
A/Bulgaria/1273/2022,A/Denmark/3264/2019,160
A/Bulgaria/1473/2022,A/Denmark/3264/2019,80
A/Bulgaria/1616/2022,A/Denmark/3264/2019,160
A/Bulgaria/1611/2022,A/Denmark/3264/2019,160
A/Bulgaria/1537/2022,A/Denmark/3264/2019,160
A/Bulgaria/1536/2022,A/Denmark/3264/2019,160
A/Bulgaria/1582/2022,A/Denmark/3264/2019,160
A/Bulgaria/1581/2022,A/Denmark/3264/2019,160
A/Bulgaria/1579/2022,A/Denmark/3264/2019,160
A/Bulgaria/1588/2022,A/Denmark/3264/2019,160
A/Bulgaria/1666/2022,A/Denmark/3264/2019,160
A/Bulgaria/1665/2022,A/Denmark/3264/2019,80
A/Bulgaria/1660/2022,A/Denmark/3264/2019,160
A/Bulgaria/1659/2022,A/Denmark/3264/2019,80
A/Bulgaria/1646/2022,A/Denmark/3264/2019,160
A/Bulgaria/1763/2022,A/Denmark/3264/2019,160
A/Bulgaria/1726/2022,A/Denmark/3264/2019,160
A/Bulgaria/1813/2022,A/Denmark/3264/2019,80
A/Bulgaria/1827/2022,A/Denmark/3264/2019,80
A/Slovenia/9891/2022,A/Denmark/3264/2019,80
A/Slovenia/9967/2022,A/Denmark/3264/2019,160
A/Slovenia/10081/2022,A/Denmark/3264/2019,160
A/Slovenia/9905/2022,A/Denmark/3264/2019,640
A/Denmark/3264/2019,A/Hong Kong/2671/2019,160
A/Hong Kong/2671/2019,A/Hong Kong/2671/2019,640
A/Cambodia/925256/2020,A/Hong Kong/2671/2019,160
A/Cambodia/e0826360/2020,A/Hong Kong/2671/2019,<40
A/Bangladesh/4005/2020,A/Hong Kong/2671/2019,160
A/Stockholm/5/2021,A/Hong Kong/2671/2019,40
A/England/214191723/2021,A/Hong Kong/2671/2019,<40
A/Slovenia/8720/2022,A/Hong Kong/2671/2019,<40
A/Norway/24873/2021,A/Hong Kong/2671/2019,<40
A/Norway/24873/2021,A/Hong Kong/2671/2019,<40
A/Darwin/9/2021,A/Hong Kong/2671/2019,<40
A/Norway/29511/2021,A/Hong Kong/2671/2019,*
A/Kansas/14/2017,A/Hong Kong/2671/2019,40
A/Bulgaria/193/2022,A/Hong Kong/2671/2019,<40
A/Bulgaria/142/2022,A/Hong Kong/2671/2019,<40
A/Bulgaria/104/2022,A/Hong Kong/2671/2019,<40
A/Bulgaria/75/2022,A/Hong Kong/2671/2019,<40
A/Bulgaria/404/2022,A/Hong Kong/2671/2019,<40
A/Bulgaria/648/2022,A/Hong Kong/2671/2019,<40
A/Bulgaria/646/2022,A/Hong Kong/2671/2019,40
A/Bulgaria/644/2022,A/Hong Kong/2671/2019,<40
A/Bulgaria/1057/2022,A/Hong Kong/2671/2019,<40
A/Bulgaria/1127/2022,A/Hong Kong/2671/2019,<40
A/Bulgaria/1195/2022,A/Hong Kong/2671/2019,<40
A/Bulgaria/1273/2022,A/Hong Kong/2671/2019,<40
A/Bulgaria/1473/2022,A/Hong Kong/2671/2019,<40
A/Bulgaria/1616/2022,A/Hong Kong/2671/2019,<40
A/Bulgaria/1611/2022,A/Hong Kong/2671/2019,<40
A/Bulgaria/1537/2022,A/Hong Kong/2671/2019,40
A/Bulgaria/1536/2022,A/Hong Kong/2671/2019,<40
A/Bulgaria/1582/2022,A/Hong Kong/2671/2019,<40
A/Bulgaria/1581/2022,A/Hong Kong/2671/2019,<40
A/Bulgaria/1579/2022,A/Hong Kong/2671/2019,<40
A/Bulgaria/1588/2022,A/Hong Kong/2671/2019,<40
A/Bulgaria/1666/2022,A/Hong Kong/2671/2019,<40
A/Bulgaria/1665/2022,A/Hong Kong/2671/2019,<40
A/Bulgaria/1660/2022,A/Hong Kong/2671/2019,<40
A/Bulgaria/1659/2022,A/Hong Kong/2671/2019,<40
A/Bulgaria/1646/2022,A/Hong Kong/2671/2019,<40
A/Bulgaria/1763/2022,A/Hong Kong/2671/2019,<40
A/Bulgaria/1726/2022,A/Hong Kong/2671/2019,<40
A/Bulgaria/1813/2022,A/Hong Kong/2671/2019,<40
A/Bulgaria/1827/2022,A/Hong Kong/2671/2019,<40
A/Slovenia/9891/2022,A/Hong Kong/2671/2019,<40
A/Slovenia/9967/2022,A/Hong Kong/2671/2019,<40
A/Slovenia/10081/2022,A/Hong Kong/2671/2019,<40
A/Slovenia/9905/2022,A/Hong Kong/2671/2019,40
A/Denmark/3264/2019,A/Cambodia/925256/2020,320
A/Hong Kong/2671/2019,A/Cambodia/925256/2020,1280
A/Cambodia/925256/2020,A/Cambodia/925256/2020,640
A/Cambodia/e0826360/2020,A/Cambodia/925256/2020,160
A/Bangladesh/4005/2020,A/Cambodia/925256/2020,320
A/Stockholm/5/2021,A/Cambodia/925256/2020,160
A/England/214191723/2021,A/Cambodia/925256/2020,80
A/Slovenia/8720/2022,A/Cambodia/925256/2020,80
A/Norway/24873/2021,A/Cambodia/925256/2020,80
A/Norway/24873/2021,A/Cambodia/925256/2020,160
A/Darwin/9/2021,A/Cambodia/925256/2020,160
A/Norway/29511/2021,A/Cambodia/925256/2020,160
A/Kansas/14/2017,A/Cambodia/925256/2020,160
A/Bulgaria/193/2022,A/Cambodia/925256/2020,80
A/Bulgaria/142/2022,A/Cambodia/925256/2020,80
A/Bulgaria/104/2022,A/Cambodia/925256/2020,80
A/Bulgaria/75/2022,A/Cambodia/925256/2020,80
A/Bulgaria/404/2022,A/Cambodia/925256/2020,80
A/Bulgaria/648/2022,A/Cambodia/925256/2020,160
A/Bulgaria/646/2022,A/Cambodia/925256/2020,160
A/Bulgaria/644/2022,A/Cambodia/925256/2020,160
A/Bulgaria/1057/2022,A/Cambodia/925256/2020,80
A/Bulgaria/1127/2022,A/Cambodia/925256/2020,80
A/Bulgaria/1195/2022,A/Cambodia/925256/2020,80
A/Bulgaria/1273/2022,A/Cambodia/925256/2020,80
A/Bulgaria/1473/2022,A/Cambodia/925256/2020,40
A/Bulgaria/1616/2022,A/Cambodia/925256/2020,80
A/Bulgaria/1611/2022,A/Cambodia/925256/2020,80
A/Bulgaria/1537/2022,A/Cambodia/925256/2020,160
A/Bulgaria/1536/2022,A/Cambodia/925256/2020,80
A/Bulgaria/1582/2022,A/Cambodia/925256/2020,80
A/Bulgaria/1581/2022,A/Cambodia/925256/2020,80
A/Bulgaria/1579/2022,A/Cambodia/925256/2020,80
A/Bulgaria/1588/2022,A/Cambodia/925256/2020,80
A/Bulgaria/1666/2022,A/Cambodia/925256/2020,80
A/Bulgaria/1665/2022,A/Cambodia/925256/2020,40
A/Bulgaria/1660/2022,A/Cambodia/925256/2020,80
A/Bulgaria/1659/2022,A/Cambodia/925256/2020,80
A/Bulgaria/1646/2022,A/Cambodia/925256/2020,80
A/Bulgaria/1763/2022,A/Cambodia/925256/2020,80
A/Bulgaria/1726/2022,A/Cambodia/925256/2020,80
A/Bulgaria/1813/2022,A/Cambodia/925256/2020,80
A/Bulgaria/1827/2022,A/Cambodia/925256/2020,80
A/Slovenia/9891/2022,A/Cambodia/925256/2020,40
A/Slovenia/9967/2022,A/Cambodia/925256/2020,80
A/Slovenia/10081/2022,A/Cambodia/925256/2020,80
A/Slovenia/9905/2022,A/Cambodia/925256/2020,160
A/Denmark/3264/2019,A/Cambodia/e0826360/2020,160
A/Hong Kong/2671/2019,A/Cambodia/e0826360/2020,320
A/Cambodia/925256/2020,A/Cambodia/e0826360/2020,160
A/Cambodia/e0826360/2020,A/Cambodia/e0826360/2020,2560
A/Bangladesh/4005/2020,A/Cambodia/e0826360/2020,640
A/Stockholm/5/2021,A/Cambodia/e0826360/2020,320
A/England/214191723/2021,A/Cambodia/e0826360/2020,160
A/Slovenia/8720/2022,A/Cambodia/e0826360/2020,160
A/Norway/24873/2021,A/Cambodia/e0826360/2020,160
A/Norway/24873/2021,A/Cambodia/e0826360/2020,640
A/Darwin/9/2021,A/Cambodia/e0826360/2020,640
A/Norway/29511/2021,A/Cambodia/e0826360/2020,*
A/Kansas/14/2017,A/Cambodia/e0826360/2020,160
A/Bulgaria/193/2022,A/Cambodia/e0826360/2020,160
A/Bulgaria/142/2022,A/Cambodia/e0826360/2020,160
A/Bulgaria/104/2022,A/Cambodia/e0826360/2020,160
A/Bulgaria/75/2022,A/Cambodia/e0826360/2020,160
A/Bulgaria/404/2022,A/Cambodia/e0826360/2020,160
A/Bulgaria/648/2022,A/Cambodia/e0826360/2020,160
A/Bulgaria/646/2022,A/Cambodia/e0826360/2020,160
A/Bulgaria/644/2022,A/Cambodia/e0826360/2020,320
A/Bulgaria/1057/2022,A/Cambodia/e0826360/2020,160
A/Bulgaria/1127/2022,A/Cambodia/e0826360/2020,160
A/Bulgaria/1195/2022,A/Cambodia/e0826360/2020,160
A/Bulgaria/1273/2022,A/Cambodia/e0826360/2020,160
A/Bulgaria/1473/2022,A/Cambodia/e0826360/2020,160
A/Bulgaria/1616/2022,A/Cambodia/e0826360/2020,160
A/Bulgaria/1611/2022,A/Cambodia/e0826360/2020,160
A/Bulgaria/1537/2022,A/Cambodia/e0826360/2020,160
A/Bulgaria/1536/2022,A/Cambodia/e0826360/2020,160
A/Bulgaria/1582/2022,A/Cambodia/e0826360/2020,160
A/Bulgaria/1581/2022,A/Cambodia/e0826360/2020,320
A/Bulgaria/1579/2022,A/Cambodia/e0826360/2020,160
A/Bulgaria/1588/2022,A/Cambodia/e0826360/2020,160
A/Bulgaria/1666/2022,A/Cambodia/e0826360/2020,160
A/Bulgaria/1665/2022,A/Cambodia/e0826360/2020,160
A/Bulgaria/1660/2022,A/Cambodia/e0826360/2020,160
A/Bulgaria/1659/2022,A/Cambodia/e0826360/2020,160
A/Bulgaria/1646/2022,A/Cambodia/e0826360/2020,160
A/Bulgaria/1763/2022,A/Cambodia/e0826360/2020,160
A/Bulgaria/1726/2022,A/Cambodia/e0826360/2020,160
A/Bulgaria/1813/2022,A/Cambodia/e0826360/2020,160
A/Bulgaria/1827/2022,A/Cambodia/e0826360/2020,160
A/Slovenia/9891/2022,A/Cambodia/e0826360/2020,160
A/Slovenia/9967/2022,A/Cambodia/e0826360/2020,160
A/Slovenia/10081/2022,A/Cambodia/e0826360/2020,160
A/Slovenia/9905/2022,A/Cambodia/e0826360/2020,640
A/Denmark/3264/2019,A/Bangladesh/4005/2020,160
A/Hong Kong/2671/2019,A/Bangladesh/4005/2020,320
A/Cambodia/925256/2020,A/Bangladesh/4005/2020,160
A/Cambodia/e0826360/2020,A/Bangladesh/4005/2020,320
A/Bangladesh/4005/2020,A/Bangladesh/4005/2020,1280
A/Stockholm/5/2021,A/Bangladesh/4005/2020,640
A/England/214191723/2021,A/Bangladesh/4005/2020,320
A/Slovenia/8720/2022,A/Bangladesh/4005/2020,320
A/Norway/24873/2021,A/Bangladesh/4005/2020,320
A/Norway/24873/2021,A/Bangladesh/4005/2020,640
A/Darwin/9/2021,A/Bangladesh/4005/2020,640
A/Norway/29511/2021,A/Bangladesh/4005/2020,640
A/Kansas/14/2017,A/Bangladesh/4005/2020,80
A/Bulgaria/193/2022,A/Bangladesh/4005/2020,320
A/Bulgaria/142/2022,A/Bangladesh/4005/2020,320
A/Bulgaria/104/2022,A/Bangladesh/4005/2020,320
A/Bulgaria/75/2022,A/Bangladesh/4005/2020,320
A/Bulgaria/404/2022,A/Bangladesh/4005/2020,320
A/Bulgaria/648/2022,A/Bangladesh/4005/2020,320
A/Bulgaria/646/2022,A/Bangladesh/4005/2020,320
A/Bulgaria/644/2022,A/Bangladesh/4005/2020,320
A/Bulgaria/1057/2022,A/Bangladesh/4005/2020,320
A/Bulgaria/1127/2022,A/Bangladesh/4005/2020,320
A/Bulgaria/1195/2022,A/Bangladesh/4005/2020,320
A/Bulgaria/1273/2022,A/Bangladesh/4005/2020,320
A/Bulgaria/1473/2022,A/Bangladesh/4005/2020,320
A/Bulgaria/1616/2022,A/Bangladesh/4005/2020,320
A/Bulgaria/1611/2022,A/Bangladesh/4005/2020,320
A/Bulgaria/1537/2022,A/Bangladesh/4005/2020,320
A/Bulgaria/1536/2022,A/Bangladesh/4005/2020,320
A/Bulgaria/1582/2022,A/Bangladesh/4005/2020,320
A/Bulgaria/1581/2022,A/Bangladesh/4005/2020,320
A/Bulgaria/1579/2022,A/Bangladesh/4005/2020,320
A/Bulgaria/1588/2022,A/Bangladesh/4005/2020,320
A/Bulgaria/1666/2022,A/Bangladesh/4005/2020,320
A/Bulgaria/1665/2022,A/Bangladesh/4005/2020,320
A/Bulgaria/1660/2022,A/Bangladesh/4005/2020,320
A/Bulgaria/1659/2022,A/Bangladesh/4005/2020,320
A/Bulgaria/1646/2022,A/Bangladesh/4005/2020,320
A/Bulgaria/1763/2022,A/Bangladesh/4005/2020,320
A/Bulgaria/1726/2022,A/Bangladesh/4005/2020,320
A/Bulgaria/1813/2022,A/Bangladesh/4005/2020,320
A/Bulgaria/1827/2022,A/Bangladesh/4005/2020,320
A/Slovenia/9891/2022,A/Bangladesh/4005/2020,320
A/Slovenia/9967/2022,A/Bangladesh/4005/2020,320
A/Slovenia/10081/2022,A/Bangladesh/4005/2020,320
A/Slovenia/9905/2022,A/Bangladesh/4005/2020,640
A/Denmark/3264/2019,A/Stockholm/5/2021,160
A/Hong Kong/2671/2019,A/Stockholm/5/2021,320
A/Cambodia/925256/2020,A/Stockholm/5/2021,160
A/Cambodia/e0826360/2020,A/Stockholm/5/2021,160
A/Bangladesh/4005/2020,A/Stockholm/5/2021,640
A/Stockholm/5/2021,A/Stockholm/5/2021,1280
A/England/214191723/2021,A/Stockholm/5/2021,640
A/Slovenia/8720/2022,A/Stockholm/5/2021,1280
A/Norway/24873/2021,A/Stockholm/5/2021,640
A/Norway/24873/2021,A/Stockholm/5/2021,1280
A/Darwin/9/2021,A/Stockholm/5/2021,640
A/Norway/29511/2021,A/Stockholm/5/2021,320
A/Kansas/14/2017,A/Stockholm/5/2021,80
A/Bulgaria/193/2022,A/Stockholm/5/2021,640
A/Bulgaria/142/2022,A/Stockholm/5/2021,640
A/Bulgaria/104/2022,A/Stockholm/5/2021,640
A/Bulgaria/75/2022,A/Stockholm/5/2021,640
A/Bulgaria/404/2022,A/Stockholm/5/2021,640
A/Bulgaria/648/2022,A/Stockholm/5/2021,640
A/Bulgaria/646/2022,A/Stockholm/5/2021,640
A/Bulgaria/644/2022,A/Stockholm/5/2021,640
A/Bulgaria/1057/2022,A/Stockholm/5/2021,640
A/Bulgaria/1127/2022,A/Stockholm/5/2021,640
A/Bulgaria/1195/2022,A/Stockholm/5/2021,640
A/Bulgaria/1273/2022,A/Stockholm/5/2021,640
A/Bulgaria/1473/2022,A/Stockholm/5/2021,640
A/Bulgaria/1616/2022,A/Stockholm/5/2021,640
A/Bulgaria/1611/2022,A/Stockholm/5/2021,640
A/Bulgaria/1537/2022,A/Stockholm/5/2021,640
A/Bulgaria/1536/2022,A/Stockholm/5/2021,640
A/Bulgaria/1582/2022,A/Stockholm/5/2021,640
A/Bulgaria/1581/2022,A/Stockholm/5/2021,640
A/Bulgaria/1579/2022,A/Stockholm/5/2021,640
A/Bulgaria/1588/2022,A/Stockholm/5/2021,640
A/Bulgaria/1666/2022,A/Stockholm/5/2021,640
A/Bulgaria/1665/2022,A/Stockholm/5/2021,640
A/Bulgaria/1660/2022,A/Stockholm/5/2021,640
A/Bulgaria/1659/2022,A/Stockholm/5/2021,640
A/Bulgaria/1646/2022,A/Stockholm/5/2021,640
A/Bulgaria/1763/2022,A/Stockholm/5/2021,640
A/Bulgaria/1726/2022,A/Stockholm/5/2021,640
A/Bulgaria/1813/2022,A/Stockholm/5/2021,640
A/Bulgaria/1827/2022,A/Stockholm/5/2021,640
A/Slovenia/9891/2022,A/Stockholm/5/2021,640
A/Slovenia/9967/2022,A/Stockholm/5/2021,640
A/Slovenia/10081/2022,A/Stockholm/5/2021,640
A/Slovenia/9905/2022,A/Stockholm/5/2021,1280
A/Denmark/3264/2019,A/England/214191723/2021,<40
A/Hong Kong/2671/2019,A/England/214191723/2021,40
A/Cambodia/925256/2020,A/England/214191723/2021,<40
A/Cambodia/e0826360/2020,A/England/214191723/2021,320
A/Bangladesh/4005/2020,A/England/214191723/2021,1280
A/Stockholm/5/2021,A/England/214191723/2021,640
A/England/214191723/2021,A/England/214191723/2021,1280
A/Slovenia/8720/2022,A/England/214191723/2021,640
A/Norway/24873/2021,A/England/214191723/2021,1280
A/Norway/24873/2021,A/England/214191723/2021,1280
A/Darwin/9/2021,A/England/214191723/2021,640
A/Norway/29511/2021,A/England/214191723/2021,640
A/Kansas/14/2017,A/England/214191723/2021,80
A/Bulgaria/193/2022,A/England/214191723/2021,640
A/Bulgaria/142/2022,A/England/214191723/2021,640
A/Bulgaria/104/2022,A/England/214191723/2021,640
A/Bulgaria/75/2022,A/England/214191723/2021,640
A/Bulgaria/404/2022,A/England/214191723/2021,640
A/Bulgaria/648/2022,A/England/214191723/2021,640
A/Bulgaria/646/2022,A/England/214191723/2021,640
A/Bulgaria/644/2022,A/England/214191723/2021,640
A/Bulgaria/1057/2022,A/England/214191723/2021,640
A/Bulgaria/1127/2022,A/England/214191723/2021,640
A/Bulgaria/1195/2022,A/England/214191723/2021,640
A/Bulgaria/1273/2022,A/England/214191723/2021,640
A/Bulgaria/1473/2022,A/England/214191723/2021,320
A/Bulgaria/1616/2022,A/England/214191723/2021,640
A/Bulgaria/1611/2022,A/England/214191723/2021,320
A/Bulgaria/1537/2022,A/England/214191723/2021,640
A/Bulgaria/1536/2022,A/England/214191723/2021,640
A/Bulgaria/1582/2022,A/England/214191723/2021,640
A/Bulgaria/1581/2022,A/England/214191723/2021,640
A/Bulgaria/1579/2022,A/England/214191723/2021,320
A/Bulgaria/1588/2022,A/England/214191723/2021,640
A/Bulgaria/1666/2022,A/England/214191723/2021,640
A/Bulgaria/1665/2022,A/England/214191723/2021,640
A/Bulgaria/1660/2022,A/England/214191723/2021,640
A/Bulgaria/1659/2022,A/England/214191723/2021,640
A/Bulgaria/1646/2022,A/England/214191723/2021,640
A/Bulgaria/1763/2022,A/England/214191723/2021,640
A/Bulgaria/1726/2022,A/England/214191723/2021,640
A/Bulgaria/1813/2022,A/England/214191723/2021,640
A/Bulgaria/1827/2022,A/England/214191723/2021,640
A/Slovenia/9891/2022,A/England/214191723/2021,640
A/Slovenia/9967/2022,A/England/214191723/2021,640
A/Slovenia/10081/2022,A/England/214191723/2021,640
A/Slovenia/9905/2022,A/England/214191723/2021,640
A/Denmark/3264/2019,A/Slovenia/8720/2022,*
A/Hong Kong/2671/2019,A/Slovenia/8720/2022,<40
A/Cambodia/925256/2020,A/Slovenia/8720/2022,*
A/Cambodia/e0826360/2020,A/Slovenia/8720/2022,320
A/Bangladesh/4005/2020,A/Slovenia/8720/2022,1280
A/Stockholm/5/2021,A/Slovenia/8720/2022,1280
A/England/214191723/2021,A/Slovenia/8720/2022,640
A/Slovenia/8720/2022,A/Slovenia/8720/2022,1280
A/Norway/24873/2021,A/Slovenia/8720/2022,640
A/Norway/24873/2021,A/Slovenia/8720/2022,1280
A/Darwin/9/2021,A/Slovenia/8720/2022,1280
A/Norway/29511/2021,A/Slovenia/8720/2022,640
A/Kansas/14/2017,A/Slovenia/8720/2022,80
A/Bulgaria/193/2022,A/Slovenia/8720/2022,1280
A/Bulgaria/142/2022,A/Slovenia/8720/2022,640
A/Bulgaria/104/2022,A/Slovenia/8720/2022,640
A/Bulgaria/75/2022,A/Slovenia/8720/2022,1280
A/Bulgaria/404/2022,A/Slovenia/8720/2022,1280
A/Bulgaria/648/2022,A/Slovenia/8720/2022,640
A/Bulgaria/646/2022,A/Slovenia/8720/2022,1280
A/Bulgaria/644/2022,A/Slovenia/8720/2022,640
A/Bulgaria/1057/2022,A/Slovenia/8720/2022,1280
A/Bulgaria/1127/2022,A/Slovenia/8720/2022,640
A/Bulgaria/1195/2022,A/Slovenia/8720/2022,1280
A/Bulgaria/1273/2022,A/Slovenia/8720/2022,1280
A/Bulgaria/1473/2022,A/Slovenia/8720/2022,640
A/Bulgaria/1616/2022,A/Slovenia/8720/2022,1280
A/Bulgaria/1611/2022,A/Slovenia/8720/2022,1280
A/Bulgaria/1537/2022,A/Slovenia/8720/2022,1280
A/Bulgaria/1536/2022,A/Slovenia/8720/2022,1280
A/Bulgaria/1582/2022,A/Slovenia/8720/2022,1280
A/Bulgaria/1581/2022,A/Slovenia/8720/2022,1280
A/Bulgaria/1579/2022,A/Slovenia/8720/2022,1280
A/Bulgaria/1588/2022,A/Slovenia/8720/2022,1280
A/Bulgaria/1666/2022,A/Slovenia/8720/2022,1280
A/Bulgaria/1665/2022,A/Slovenia/8720/2022,640
A/Bulgaria/1660/2022,A/Slovenia/8720/2022,1280
A/Bulgaria/1659/2022,A/Slovenia/8720/2022,640
A/Bulgaria/1646/2022,A/Slovenia/8720/2022,1280
A/Bulgaria/1763/2022,A/Slovenia/8720/2022,1280
A/Bulgaria/1726/2022,A/Slovenia/8720/2022,1280
A/Bulgaria/1813/2022,A/Slovenia/8720/2022,1280
A/Bulgaria/1827/2022,A/Slovenia/8720/2022,640
A/Slovenia/9891/2022,A/Slovenia/8720/2022,1280
A/Slovenia/9967/2022,A/Slovenia/8720/2022,1280
A/Slovenia/10081/2022,A/Slovenia/8720/2022,1280
A/Slovenia/9905/2022,A/Slovenia/8720/2022,1280
A/Denmark/3264/2019,A/Norway/24873/2021,*
A/Hong Kong/2671/2019,A/Norway/24873/2021,160
A/Cambodia/925256/2020,A/Norway/24873/2021,*
A/Cambodia/e0826360/2020,A/Norway/24873/2021,80
A/Bangladesh/4005/2020,A/Norway/24873/2021,320
A/Stockholm/5/2021,A/Norway/24873/2021,160
A/England/214191723/2021,A/Norway/24873/2021,320
A/Slovenia/8720/2022,A/Norway/24873/2021,160
A/Norway/24873/2021,A/Norway/24873/2021,320
A/Norway/24873/2021,A/Norway/24873/2021,320
A/Darwin/9/2021,A/Norway/24873/2021,160
A/Norway/29511/2021,A/Norway/24873/2021,160
A/Kansas/14/2017,A/Norway/24873/2021,<40
A/Bulgaria/193/2022,A/Norway/24873/2021,*
A/Bulgaria/142/2022,A/Norway/24873/2021,*
A/Bulgaria/104/2022,A/Norway/24873/2021,*
A/Bulgaria/75/2022,A/Norway/24873/2021,*
A/Bulgaria/404/2022,A/Norway/24873/2021,*
A/Bulgaria/648/2022,A/Norway/24873/2021,*
A/Bulgaria/646/2022,A/Norway/24873/2021,*
A/Bulgaria/644/2022,A/Norway/24873/2021,*
A/Bulgaria/1057/2022,A/Norway/24873/2021,*
A/Bulgaria/1127/2022,A/Norway/24873/2021,*
A/Bulgaria/1195/2022,A/Norway/24873/2021,*
A/Bulgaria/1273/2022,A/Norway/24873/2021,80
A/Bulgaria/1473/2022,A/Norway/24873/2021,80
A/Bulgaria/1616/2022,A/Norway/24873/2021,*
A/Bulgaria/1611/2022,A/Norway/24873/2021,*
A/Bulgaria/1537/2022,A/Norway/24873/2021,*
A/Bulgaria/1536/2022,A/Norway/24873/2021,160
A/Bulgaria/1582/2022,A/Norway/24873/2021,*
A/Bulgaria/1581/2022,A/Norway/24873/2021,*
A/Bulgaria/1579/2022,A/Norway/24873/2021,*
A/Bulgaria/1588/2022,A/Norway/24873/2021,80
A/Bulgaria/1666/2022,A/Norway/24873/2021,80
A/Bulgaria/1665/2022,A/Norway/24873/2021,80
A/Bulgaria/1660/2022,A/Norway/24873/2021,80
A/Bulgaria/1659/2022,A/Norway/24873/2021,80
A/Bulgaria/1646/2022,A/Norway/24873/2021,80
A/Bulgaria/1763/2022,A/Norway/24873/2021,80
A/Bulgaria/1726/2022,A/Norway/24873/2021,80
A/Bulgaria/1813/2022,A/Norway/24873/2021,80
A/Bulgaria/1827/2022,A/Norway/24873/2021,80
A/Slovenia/9891/2022,A/Norway/24873/2021,*
A/Slovenia/9967/2022,A/Norway/24873/2021,80
A/Slovenia/10081/2022,A/Norway/24873/2021,160
A/Slovenia/9905/2022,A/Norway/24873/2021,*
A/Denmark/3264/2019,A/Norway/24873/2021,*
A/Hong Kong/2671/2019,A/Norway/24873/2021,80
A/Cambodia/925256/2020,A/Norway/24873/2021,*
A/Cambodia/e0826360/2020,A/Norway/24873/2021,160
A/Bangladesh/4005/2020,A/Norway/24873/2021,640
A/Stockholm/5/2021,A/Norway/24873/2021,320
A/England/214191723/2021,A/Norway/24873/2021,640
A/Slovenia/8720/2022,A/Norway/24873/2021,320
A/Norway/24873/2021,A/Norway/24873/2021,640
A/Norway/24873/2021,A/Norway/24873/2021,1280
A/Darwin/9/2021,A/Norway/24873/2021,320
A/Norway/29511/2021,A/Norway/24873/2021,160
A/Kansas/14/2017,A/Norway/24873/2021,<40
A/Bulgaria/193/2022,A/Norway/24873/2021,*
A/Bulgaria/142/2022,A/Norway/24873/2021,*
A/Bulgaria/104/2022,A/Norway/24873/2021,*
A/Bulgaria/75/2022,A/Norway/24873/2021,*
A/Bulgaria/404/2022,A/Norway/24873/2021,*
A/Bulgaria/648/2022,A/Norway/24873/2021,*
A/Bulgaria/646/2022,A/Norway/24873/2021,*
A/Bulgaria/644/2022,A/Norway/24873/2021,*
A/Bulgaria/1057/2022,A/Norway/24873/2021,*
A/Bulgaria/1127/2022,A/Norway/24873/2021,*
A/Bulgaria/1195/2022,A/Norway/24873/2021,*
A/Bulgaria/1273/2022,A/Norway/24873/2021,320
A/Bulgaria/1473/2022,A/Norway/24873/2021,160
A/Bulgaria/1616/2022,A/Norway/24873/2021,*
A/Bulgaria/1611/2022,A/Norway/24873/2021,*
A/Bulgaria/1537/2022,A/Norway/24873/2021,*
A/Bulgaria/1536/2022,A/Norway/24873/2021,320
A/Bulgaria/1582/2022,A/Norway/24873/2021,*
A/Bulgaria/1581/2022,A/Norway/24873/2021,*
A/Bulgaria/1579/2022,A/Norway/24873/2021,*
A/Bulgaria/1588/2022,A/Norway/24873/2021,320
A/Bulgaria/1666/2022,A/Norway/24873/2021,320
A/Bulgaria/1665/2022,A/Norway/24873/2021,320
A/Bulgaria/1660/2022,A/Norway/24873/2021,320
A/Bulgaria/1659/2022,A/Norway/24873/2021,320
A/Bulgaria/1646/2022,A/Norway/24873/2021,320
A/Bulgaria/1763/2022,A/Norway/24873/2021,320
A/Bulgaria/1726/2022,A/Norway/24873/2021,320
A/Bulgaria/1813/2022,A/Norway/24873/2021,320
A/Bulgaria/1827/2022,A/Norway/24873/2021,320
A/Slovenia/9891/2022,A/Norway/24873/2021,*
A/Slovenia/9967/2022,A/Norway/24873/2021,320
A/Slovenia/10081/2022,A/Norway/24873/2021,320
A/Slovenia/9905/2022,A/Norway/24873/2021,*
A/Denmark/3264/2019,A/Darwin/9/2021,320
A/Hong Kong/2671/2019,A/Darwin/9/2021,320
A/Cambodia/925256/2020,A/Darwin/9/2021,320
A/Cambodia/e0826360/2020,A/Darwin/9/2021,320
A/Bangladesh/4005/2020,A/Darwin/9/2021,2560
A/Stockholm/5/2021,A/Darwin/9/2021,1280
A/England/214191723/2021,A/Darwin/9/2021,1280
A/Slovenia/8720/2022,A/Darwin/9/2021,1280
A/Norway/24873/2021,A/Darwin/9/2021,1280
A/Norway/24873/2021,A/Darwin/9/2021,2560
A/Darwin/9/2021,A/Darwin/9/2021,2560
A/Norway/29511/2021,A/Darwin/9/2021,1280
A/Kansas/14/2017,A/Darwin/9/2021,160
A/Bulgaria/193/2022,A/Darwin/9/2021,1280
A/Bulgaria/142/2022,A/Darwin/9/2021,1280
A/Bulgaria/104/2022,A/Darwin/9/2021,1280
A/Bulgaria/75/2022,A/Darwin/9/2021,1280
A/Bulgaria/404/2022,A/Darwin/9/2021,1280
A/Bulgaria/648/2022,A/Darwin/9/2021,1280
A/Bulgaria/646/2022,A/Darwin/9/2021,1280
A/Bulgaria/644/2022,A/Darwin/9/2021,1280
A/Bulgaria/1057/2022,A/Darwin/9/2021,1280
A/Bulgaria/1127/2022,A/Darwin/9/2021,1280
A/Bulgaria/1195/2022,A/Darwin/9/2021,1280
A/Bulgaria/1273/2022,A/Darwin/9/2021,1280
A/Bulgaria/1473/2022,A/Darwin/9/2021,1280
A/Bulgaria/1616/2022,A/Darwin/9/2021,1280
A/Bulgaria/1611/2022,A/Darwin/9/2021,1280
A/Bulgaria/1537/2022,A/Darwin/9/2021,1280
A/Bulgaria/1536/2022,A/Darwin/9/2021,1280
A/Bulgaria/1582/2022,A/Darwin/9/2021,1280
A/Bulgaria/1581/2022,A/Darwin/9/2021,1280
A/Bulgaria/1579/2022,A/Darwin/9/2021,1280
A/Bulgaria/1588/2022,A/Darwin/9/2021,1280
A/Bulgaria/1666/2022,A/Darwin/9/2021,1280
A/Bulgaria/1665/2022,A/Darwin/9/2021,1280
A/Bulgaria/1660/2022,A/Darwin/9/2021,1280
A/Bulgaria/1659/2022,A/Darwin/9/2021,1280
A/Bulgaria/1646/2022,A/Darwin/9/2021,1280
A/Bulgaria/1763/2022,A/Darwin/9/2021,1280
A/Bulgaria/1726/2022,A/Darwin/9/2021,1280
A/Bulgaria/1813/2022,A/Darwin/9/2021,1280
A/Bulgaria/1827/2022,A/Darwin/9/2021,1280
A/Slovenia/9891/2022,A/Darwin/9/2021,1280
A/Slovenia/9967/2022,A/Darwin/9/2021,1280
A/Slovenia/10081/2022,A/Darwin/9/2021,1280
A/Slovenia/9905/2022,A/Darwin/9/2021,1280
A/Denmark/3264/2019,A/Norway/29511/2021,*
A/Hong Kong/2671/2019,A/Norway/29511/2021,40
A/Cambodia/925256/2020,A/Norway/29511/2021,*
A/Cambodia/e0826360/2020,A/Norway/29511/2021,320
A/Bangladesh/4005/2020,A/Norway/29511/2021,640
A/Stockholm/5/2021,A/Norway/29511/2021,320
A/England/214191723/2021,A/Norway/29511/2021,80
A/Slovenia/8720/2022,A/Norway/29511/2021,160
A/Norway/24873/2021,A/Norway/29511/2021,160
A/Norway/24873/2021,A/Norway/29511/2021,320
A/Darwin/9/2021,A/Norway/29511/2021,320
A/Norway/29511/2021,A/Norway/29511/2021,640
A/Kansas/14/2017,A/Norway/29511/2021,80
A/Bulgaria/193/2022,A/Norway/29511/2021,*
A/Bulgaria/142/2022,A/Norway/29511/2021,*
A/Bulgaria/104/2022,A/Norway/29511/2021,*
A/Bulgaria/75/2022,A/Norway/29511/2021,*
A/Bulgaria/404/2022,A/Norway/29511/2021,*
A/Bulgaria/648/2022,A/Norway/29511/2021,*
A/Bulgaria/646/2022,A/Norway/29511/2021,*
A/Bulgaria/644/2022,A/Norway/29511/2021,*
A/Bulgaria/1057/2022,A/Norway/29511/2021,*
A/Bulgaria/1127/2022,A/Norway/29511/2021,*
A/Bulgaria/1195/2022,A/Norway/29511/2021,*
A/Bulgaria/1273/2022,A/Norway/29511/2021,160
A/Bulgaria/1473/2022,A/Norway/29511/2021,80
A/Bulgaria/1616/2022,A/Norway/29511/2021,*
A/Bulgaria/1611/2022,A/Norway/29511/2021,*
A/Bulgaria/1537/2022,A/Norway/29511/2021,*
A/Bulgaria/1536/2022,A/Norway/29511/2021,160
A/Bulgaria/1582/2022,A/Norway/29511/2021,*
A/Bulgaria/1581/2022,A/Norway/29511/2021,*
A/Bulgaria/1579/2022,A/Norway/29511/2021,*
A/Bulgaria/1588/2022,A/Norway/29511/2021,160
A/Bulgaria/1666/2022,A/Norway/29511/2021,160
A/Bulgaria/1665/2022,A/Norway/29511/2021,160
A/Bulgaria/1660/2022,A/Norway/29511/2021,160
A/Bulgaria/1659/2022,A/Norway/29511/2021,160
A/Bulgaria/1646/2022,A/Norway/29511/2021,160
A/Bulgaria/1763/2022,A/Norway/29511/2021,160
A/Bulgaria/1726/2022,A/Norway/29511/2021,160
A/Bulgaria/1813/2022,A/Norway/29511/2021,160
A/Bulgaria/1827/2022,A/Norway/29511/2021,160
A/Slovenia/9891/2022,A/Norway/29511/2021,*
A/Slovenia/9967/2022,A/Norway/29511/2021,160
A/Slovenia/10081/2022,A/Norway/29511/2021,160
A/Slovenia/9905/2022,A/Norway/29511/2021,*
A/Denmark/3264/2019,A/Kansas/14/2017,80
A/Hong Kong/2671/2019,A/Kansas/14/2017,320
A/Cambodia/925256/2020,A/Kansas/14/2017,160
A/Cambodia/e0826360/2020,A/Kansas/14/2017,160
A/Bangladesh/4005/2020,A/Kansas/14/2017,160
A/Stockholm/5/2021,A/Kansas/14/2017,80
A/England/214191723/2021,A/Kansas/14/2017,40
A/Slovenia/8720/2022,A/Kansas/14/2017,40
A/Norway/24873/2021,A/Kansas/14/2017,40
A/Norway/24873/2021,A/Kansas/14/2017,160
A/Darwin/9/2021,A/Kansas/14/2017,80
A/Norway/29511/2021,A/Kansas/14/2017,*
A/Kansas/14/2017,A/Kansas/14/2017,640
A/Bulgaria/193/2022,A/Kansas/14/2017,40
A/Bulgaria/142/2022,A/Kansas/14/2017,40
A/Bulgaria/104/2022,A/Kansas/14/2017,40
A/Bulgaria/75/2022,A/Kansas/14/2017,40
A/Bulgaria/404/2022,A/Kansas/14/2017,40
A/Bulgaria/648/2022,A/Kansas/14/2017,80
A/Bulgaria/646/2022,A/Kansas/14/2017,80
A/Bulgaria/644/2022,A/Kansas/14/2017,80
A/Bulgaria/1057/2022,A/Kansas/14/2017,40
A/Bulgaria/1127/2022,A/Kansas/14/2017,40
A/Bulgaria/1195/2022,A/Kansas/14/2017,40
A/Bulgaria/1273/2022,A/Kansas/14/2017,40
A/Bulgaria/1473/2022,A/Kansas/14/2017,40
A/Bulgaria/1616/2022,A/Kansas/14/2017,40
A/Bulgaria/1611/2022,A/Kansas/14/2017,40
A/Bulgaria/1537/2022,A/Kansas/14/2017,80
A/Bulgaria/1536/2022,A/Kansas/14/2017,40
A/Bulgaria/1582/2022,A/Kansas/14/2017,40
A/Bulgaria/1581/2022,A/Kansas/14/2017,80
A/Bulgaria/1579/2022,A/Kansas/14/2017,40
A/Bulgaria/1588/2022,A/Kansas/14/2017,40
A/Bulgaria/1666/2022,A/Kansas/14/2017,40
A/Bulgaria/1665/2022,A/Kansas/14/2017,40
A/Bulgaria/1660/2022,A/Kansas/14/2017,40
A/Bulgaria/1659/2022,A/Kansas/14/2017,40
A/Bulgaria/1646/2022,A/Kansas/14/2017,40
A/Bulgaria/1763/2022,A/Kansas/14/2017,40
A/Bulgaria/1726/2022,A/Kansas/14/2017,40
A/Bulgaria/1813/2022,A/Kansas/14/2017,40
A/Bulgaria/1827/2022,A/Kansas/14/2017,40
A/Slovenia/9891/2022,A/Kansas/14/2017,40
A/Slovenia/9967/2022,A/Kansas/14/2017,40
A/Slovenia/10081/2022,A/Kansas/14/2017,40
A/Slovenia/9905/2022,A/Kansas/14/2017,160
A/Denmark/3264/2019,A/Denmark/3264/2019,320
A/Hong Kong/2671/2019,A/Denmark/3264/2019,320
A/Cambodia/925256/2020,A/Denmark/3264/2019,160
A/Cambodia/e0826360/2020,A/Denmark/3264/2019,80
A/Bangladesh/4005/2020,A/Denmark/3264/2019,160
A/Stockholm/5/2021,A/Denmark/3264/2019,160
A/England/214191723/2021,A/Denmark/3264/2019,80
A/Darwin/9/2021,A/Denmark/3264/2019,160
A/Kansas/14/2017,A/Denmark/3264/2019,40
A/Kazakhstan/583/2021,A/Denmark/3264/2019,160
A/Kazakhstan/586/2021,A/Denmark/3264/2019,160
A/Switzerland/12981/2022,A/Denmark/3264/2019,40
A/Switzerland/73028/2022,A/Denmark/3264/2019,40
A/Switzerland/18016/2022,A/Denmark/3264/2019,80
A/Switzerland/19130/2022,A/Denmark/3264/2019,40
A/Mecklenburg-Vorpommern/48/2022,A/Denmark/3264/2019,40
A/Switzerland/76393/2022,A/Denmark/3264/2019,80
A/Hessen/10/2022,A/Denmark/3264/2019,40
A/Berlin/40/2022,A/Denmark/3264/2019,80
A/Niedersachsen/9/2022,A/Denmark/3264/2019,40
A/Norway/18575/2022,A/Denmark/3264/2019,40
A/Sachsen/4/2022,A/Denmark/3264/2019,40
A/Norway/18894/2022,A/Denmark/3264/2019,40
A/Norway/18893/2022,A/Denmark/3264/2019,40
A/Norway/19252/2022,A/Denmark/3264/2019,40
A/Norway/19053/2022,A/Denmark/3264/2019,40
A/Norway/19865/2022,A/Denmark/3264/2019,40
A/Norway/19859/2022,A/Denmark/3264/2019,40
A/Norway/19259/2022,A/Denmark/3264/2019,40
A/Latvia/04-58697/2022,A/Denmark/3264/2019,40
A/Nordrhein-Westfalen/5/2022,A/Denmark/3264/2019,40
A/Latvia/04-78414/2022,A/Denmark/3264/2019,40
A/Latvia/04-78409/2022,A/Denmark/3264/2019,40
A/Latvia/04-78385/2022,A/Denmark/3264/2019,40
A/Latvia/04-78381/2022,A/Denmark/3264/2019,40
A/Latvia/04-82637/2022,A/Denmark/3264/2019,80
A/Latvia/04-82661/2022,A/Denmark/3264/2019,40
A/Hessen/18/2022,A/Denmark/3264/2019,40
A/Latvia/04-86299/2022,A/Denmark/3264/2019,40
A/Latvia/04-86261/2022,A/Denmark/3264/2019,80
A/Latvia/04-90221/2022,A/Denmark/3264/2019,80
A/Latvia/04-90145/2022,A/Denmark/3264/2019,40
A/Mecklenburg-Vorpommern/69/2022,A/Denmark/3264/2019,80
A/Bayern/16/2022,A/Denmark/3264/2019,80
A/Baden-Wurttemberg/27/2022,A/Denmark/3264/2019,80
A/Berlin/87/2022,A/Denmark/3264/2019,80
A/Bremen/17/2022,A/Denmark/3264/2019,80
A/Rheinland-Pfalz/8/2022,A/Denmark/3264/2019,40
A/Switzerland/18559/2022,A/Denmark/3264/2019,160
A/Switzerland/10871/2022,A/Denmark/3264/2019,80
A/Switzerland/09683/2022,A/Denmark/3264/2019,320
A/Switzerland/54637/2022,A/Denmark/3264/2019,320
A/Switzerland/89503/2022,A/Denmark/3264/2019,160
A/Norway/19419/2022,A/Denmark/3264/2019,160
A/Slovenia/9904/2022,A/Denmark/3264/2019,160
A/Switzerland/60042/2022,A/Denmark/3264/2019,40
A/Switzerland/45784/2022,A/Denmark/3264/2019,40
A/Norway/20047/2022,A/Denmark/3264/2019,160
A/Latvia/04-58975/2022,A/Denmark/3264/2019,40
A/Thuringen/10/2022,A/Denmark/3264/2019,160
A/Slovenia/9860/2022,A/Denmark/3264/2019,160
A/Norway/18896/2022,A/Denmark/3264/2019,160
A/Brandenburg/2/2022,A/Denmark/3264/2019,80
A/Sachsen/11/2022,A/Denmark/3264/2019,80
A/Denmark/3264/2019,A/Hong Kong/2671/2019,160
A/Hong Kong/2671/2019,A/Hong Kong/2671/2019,320
A/Cambodia/925256/2020,A/Hong Kong/2671/2019,160
A/Cambodia/e0826360/2020,A/Hong Kong/2671/2019,<40
A/Bangladesh/4005/2020,A/Hong Kong/2671/2019,40
A/Stockholm/5/2021,A/Hong Kong/2671/2019,<40
A/England/214191723/2021,A/Hong Kong/2671/2019,<40
A/Darwin/9/2021,A/Hong Kong/2671/2019,<40
A/Kansas/14/2017,A/Hong Kong/2671/2019,<40
A/Kazakhstan/583/2021,A/Hong Kong/2671/2019,40
A/Kazakhstan/586/2021,A/Hong Kong/2671/2019,<40
A/Switzerland/12981/2022,A/Hong Kong/2671/2019,<40
A/Switzerland/73028/2022,A/Hong Kong/2671/2019,<40
A/Switzerland/18016/2022,A/Hong Kong/2671/2019,<40
A/Switzerland/19130/2022,A/Hong Kong/2671/2019,<40
A/Mecklenburg-Vorpommern/48/2022,A/Hong Kong/2671/2019,<40
A/Switzerland/76393/2022,A/Hong Kong/2671/2019,<40
A/Hessen/10/2022,A/Hong Kong/2671/2019,<40
A/Berlin/40/2022,A/Hong Kong/2671/2019,<40
A/Niedersachsen/9/2022,A/Hong Kong/2671/2019,<40
A/Norway/18575/2022,A/Hong Kong/2671/2019,<40
A/Sachsen/4/2022,A/Hong Kong/2671/2019,<40
A/Norway/18894/2022,A/Hong Kong/2671/2019,<40
A/Norway/18893/2022,A/Hong Kong/2671/2019,<40
A/Norway/19252/2022,A/Hong Kong/2671/2019,<40
A/Norway/19053/2022,A/Hong Kong/2671/2019,<40
A/Norway/19865/2022,A/Hong Kong/2671/2019,<40
A/Norway/19859/2022,A/Hong Kong/2671/2019,<40
A/Norway/19259/2022,A/Hong Kong/2671/2019,<40
A/Latvia/04-58697/2022,A/Hong Kong/2671/2019,<40
A/Nordrhein-Westfalen/5/2022,A/Hong Kong/2671/2019,<40
A/Latvia/04-78414/2022,A/Hong Kong/2671/2019,<40
A/Latvia/04-78409/2022,A/Hong Kong/2671/2019,<40
A/Latvia/04-78385/2022,A/Hong Kong/2671/2019,<40
A/Latvia/04-78381/2022,A/Hong Kong/2671/2019,<40
A/Latvia/04-82637/2022,A/Hong Kong/2671/2019,<40
A/Latvia/04-82661/2022,A/Hong Kong/2671/2019,<40
A/Hessen/18/2022,A/Hong Kong/2671/2019,<40
A/Latvia/04-86299/2022,A/Hong Kong/2671/2019,<40
A/Latvia/04-86261/2022,A/Hong Kong/2671/2019,<40
A/Latvia/04-90221/2022,A/Hong Kong/2671/2019,<40
A/Latvia/04-90145/2022,A/Hong Kong/2671/2019,<40
A/Mecklenburg-Vorpommern/69/2022,A/Hong Kong/2671/2019,<40
A/Bayern/16/2022,A/Hong Kong/2671/2019,<40
A/Baden-Wurttemberg/27/2022,A/Hong Kong/2671/2019,<40
A/Berlin/87/2022,A/Hong Kong/2671/2019,<40
A/Bremen/17/2022,A/Hong Kong/2671/2019,<40
A/Rheinland-Pfalz/8/2022,A/Hong Kong/2671/2019,<40
A/Switzerland/18559/2022,A/Hong Kong/2671/2019,<40
A/Switzerland/10871/2022,A/Hong Kong/2671/2019,<40
A/Switzerland/09683/2022,A/Hong Kong/2671/2019,<40
A/Switzerland/54637/2022,A/Hong Kong/2671/2019,40
A/Switzerland/89503/2022,A/Hong Kong/2671/2019,<40
A/Norway/19419/2022,A/Hong Kong/2671/2019,<40
A/Slovenia/9904/2022,A/Hong Kong/2671/2019,<40
A/Switzerland/60042/2022,A/Hong Kong/2671/2019,<40
A/Switzerland/45784/2022,A/Hong Kong/2671/2019,<40
A/Norway/20047/2022,A/Hong Kong/2671/2019,<40
A/Latvia/04-58975/2022,A/Hong Kong/2671/2019,<40
A/Thuringen/10/2022,A/Hong Kong/2671/2019,<40
A/Slovenia/9860/2022,A/Hong Kong/2671/2019,40
A/Norway/18896/2022,A/Hong Kong/2671/2019,<40
A/Brandenburg/2/2022,A/Hong Kong/2671/2019,<40
A/Sachsen/11/2022,A/Hong Kong/2671/2019,<40
A/Denmark/3264/2019,A/Cambodia/925256/2020,640
A/Hong Kong/2671/2019,A/Cambodia/925256/2020,640
A/Cambodia/925256/2020,A/Cambodia/925256/2020,640
A/Cambodia/e0826360/2020,A/Cambodia/925256/2020,160
A/Bangladesh/4005/2020,A/Cambodia/925256/2020,320
A/Stockholm/5/2021,A/Cambodia/925256/2020,160
A/England/214191723/2021,A/Cambodia/925256/2020,80
A/Darwin/9/2021,A/Cambodia/925256/2020,160
A/Kansas/14/2017,A/Cambodia/925256/2020,80
A/Kazakhstan/583/2021,A/Cambodia/925256/2020,160
A/Kazakhstan/586/2021,A/Cambodia/925256/2020,160
A/Switzerland/12981/2022,A/Cambodia/925256/2020,40
A/Switzerland/73028/2022,A/Cambodia/925256/2020,40
A/Switzerland/18016/2022,A/Cambodia/925256/2020,40
A/Switzerland/19130/2022,A/Cambodia/925256/2020,40
A/Mecklenburg-Vorpommern/48/2022,A/Cambodia/925256/2020,40
A/Switzerland/76393/2022,A/Cambodia/925256/2020,40
A/Hessen/10/2022,A/Cambodia/925256/2020,40
A/Berlin/40/2022,A/Cambodia/925256/2020,40
A/Niedersachsen/9/2022,A/Cambodia/925256/2020,40
A/Norway/18575/2022,A/Cambodia/925256/2020,40
A/Sachsen/4/2022,A/Cambodia/925256/2020,40
A/Norway/18894/2022,A/Cambodia/925256/2020,80
A/Norway/18893/2022,A/Cambodia/925256/2020,40
A/Norway/19252/2022,A/Cambodia/925256/2020,40
A/Norway/19053/2022,A/Cambodia/925256/2020,40
A/Norway/19865/2022,A/Cambodia/925256/2020,40
A/Norway/19859/2022,A/Cambodia/925256/2020,40
A/Norway/19259/2022,A/Cambodia/925256/2020,40
A/Latvia/04-58697/2022,A/Cambodia/925256/2020,40
A/Nordrhein-Westfalen/5/2022,A/Cambodia/925256/2020,40
A/Latvia/04-78414/2022,A/Cambodia/925256/2020,40
A/Latvia/04-78409/2022,A/Cambodia/925256/2020,40
A/Latvia/04-78385/2022,A/Cambodia/925256/2020,40
A/Latvia/04-78381/2022,A/Cambodia/925256/2020,40
A/Latvia/04-82637/2022,A/Cambodia/925256/2020,40
A/Latvia/04-82661/2022,A/Cambodia/925256/2020,40
A/Hessen/18/2022,A/Cambodia/925256/2020,40
A/Latvia/04-86299/2022,A/Cambodia/925256/2020,40
A/Latvia/04-86261/2022,A/Cambodia/925256/2020,40
A/Latvia/04-90221/2022,A/Cambodia/925256/2020,40
A/Latvia/04-90145/2022,A/Cambodia/925256/2020,40
A/Mecklenburg-Vorpommern/69/2022,A/Cambodia/925256/2020,40
A/Bayern/16/2022,A/Cambodia/925256/2020,40
A/Baden-Wurttemberg/27/2022,A/Cambodia/925256/2020,40
A/Berlin/87/2022,A/Cambodia/925256/2020,40
A/Bremen/17/2022,A/Cambodia/925256/2020,40
A/Rheinland-Pfalz/8/2022,A/Cambodia/925256/2020,40
A/Switzerland/18559/2022,A/Cambodia/925256/2020,80
A/Switzerland/10871/2022,A/Cambodia/925256/2020,80
A/Switzerland/09683/2022,A/Cambodia/925256/2020,80
A/Switzerland/54637/2022,A/Cambodia/925256/2020,320
A/Switzerland/89503/2022,A/Cambodia/925256/2020,160
A/Norway/19419/2022,A/Cambodia/925256/2020,80
A/Slovenia/9904/2022,A/Cambodia/925256/2020,80
A/Switzerland/60042/2022,A/Cambodia/925256/2020,40
A/Switzerland/45784/2022,A/Cambodia/925256/2020,40
A/Norway/20047/2022,A/Cambodia/925256/2020,80
A/Latvia/04-58975/2022,A/Cambodia/925256/2020,40
A/Thuringen/10/2022,A/Cambodia/925256/2020,80
A/Slovenia/9860/2022,A/Cambodia/925256/2020,160
A/Norway/18896/2022,A/Cambodia/925256/2020,80
A/Brandenburg/2/2022,A/Cambodia/925256/2020,40
A/Sachsen/11/2022,A/Cambodia/925256/2020,40
A/Denmark/3264/2019,A/Cambodia/e0826360/2020,160
A/Hong Kong/2671/2019,A/Cambodia/e0826360/2020,160
A/Cambodia/925256/2020,A/Cambodia/e0826360/2020,320
A/Cambodia/e0826360/2020,A/Cambodia/e0826360/2020,1280
A/Bangladesh/4005/2020,A/Cambodia/e0826360/2020,320
A/Stockholm/5/2021,A/Cambodia/e0826360/2020,160
A/England/214191723/2021,A/Cambodia/e0826360/2020,80
A/Darwin/9/2021,A/Cambodia/e0826360/2020,640
A/Kansas/14/2017,A/Cambodia/e0826360/2020,80
A/Kazakhstan/583/2021,A/Cambodia/e0826360/2020,320
A/Kazakhstan/586/2021,A/Cambodia/e0826360/2020,320
A/Switzerland/12981/2022,A/Cambodia/e0826360/2020,80
A/Switzerland/73028/2022,A/Cambodia/e0826360/2020,80
A/Switzerland/18016/2022,A/Cambodia/e0826360/2020,160
A/Switzerland/19130/2022,A/Cambodia/e0826360/2020,80
A/Mecklenburg-Vorpommern/48/2022,A/Cambodia/e0826360/2020,80
A/Switzerland/76393/2022,A/Cambodia/e0826360/2020,80
A/Hessen/10/2022,A/Cambodia/e0826360/2020,80
A/Berlin/40/2022,A/Cambodia/e0826360/2020,160
A/Niedersachsen/9/2022,A/Cambodia/e0826360/2020,80
A/Norway/18575/2022,A/Cambodia/e0826360/2020,80
A/Sachsen/4/2022,A/Cambodia/e0826360/2020,80
A/Norway/18894/2022,A/Cambodia/e0826360/2020,160
A/Norway/18893/2022,A/Cambodia/e0826360/2020,80
A/Norway/19252/2022,A/Cambodia/e0826360/2020,80
A/Norway/19053/2022,A/Cambodia/e0826360/2020,80
A/Norway/19865/2022,A/Cambodia/e0826360/2020,40
A/Norway/19859/2022,A/Cambodia/e0826360/2020,80
A/Norway/19259/2022,A/Cambodia/e0826360/2020,80
A/Latvia/04-58697/2022,A/Cambodia/e0826360/2020,80
A/Nordrhein-Westfalen/5/2022,A/Cambodia/e0826360/2020,40
A/Latvia/04-78414/2022,A/Cambodia/e0826360/2020,80
A/Latvia/04-78409/2022,A/Cambodia/e0826360/2020,80
A/Latvia/04-78385/2022,A/Cambodia/e0826360/2020,80
A/Latvia/04-78381/2022,A/Cambodia/e0826360/2020,80
A/Latvia/04-82637/2022,A/Cambodia/e0826360/2020,80
A/Latvia/04-82661/2022,A/Cambodia/e0826360/2020,40
A/Hessen/18/2022,A/Cambodia/e0826360/2020,80
A/Latvia/04-86299/2022,A/Cambodia/e0826360/2020,80
A/Latvia/04-86261/2022,A/Cambodia/e0826360/2020,80
A/Latvia/04-90221/2022,A/Cambodia/e0826360/2020,80
A/Latvia/04-90145/2022,A/Cambodia/e0826360/2020,80
A/Mecklenburg-Vorpommern/69/2022,A/Cambodia/e0826360/2020,40
A/Bayern/16/2022,A/Cambodia/e0826360/2020,80
A/Baden-Wurttemberg/27/2022,A/Cambodia/e0826360/2020,80
A/Berlin/87/2022,A/Cambodia/e0826360/2020,80
A/Bremen/17/2022,A/Cambodia/e0826360/2020,80
A/Rheinland-Pfalz/8/2022,A/Cambodia/e0826360/2020,80
A/Switzerland/18559/2022,A/Cambodia/e0826360/2020,320
A/Switzerland/10871/2022,A/Cambodia/e0826360/2020,160
A/Switzerland/09683/2022,A/Cambodia/e0826360/2020,640
A/Switzerland/54637/2022,A/Cambodia/e0826360/2020,640
A/Switzerland/89503/2022,A/Cambodia/e0826360/2020,320
A/Norway/19419/2022,A/Cambodia/e0826360/2020,320
A/Slovenia/9904/2022,A/Cambodia/e0826360/2020,320
A/Switzerland/60042/2022,A/Cambodia/e0826360/2020,80
A/Switzerland/45784/2022,A/Cambodia/e0826360/2020,80
A/Norway/20047/2022,A/Cambodia/e0826360/2020,320
A/Latvia/04-58975/2022,A/Cambodia/e0826360/2020,80
A/Thuringen/10/2022,A/Cambodia/e0826360/2020,160
A/Slovenia/9860/2022,A/Cambodia/e0826360/2020,320
A/Norway/18896/2022,A/Cambodia/e0826360/2020,320
A/Brandenburg/2/2022,A/Cambodia/e0826360/2020,160
A/Sachsen/11/2022,A/Cambodia/e0826360/2020,80
A/Denmark/3264/2019,A/Bangladesh/4005/2020,160
A/Hong Kong/2671/2019,A/Bangladesh/4005/2020,160
A/Cambodia/925256/2020,A/Bangladesh/4005/2020,160
A/Cambodia/e0826360/2020,A/Bangladesh/4005/2020,160
A/Bangladesh/4005/2020,A/Bangladesh/4005/2020,640
A/Stockholm/5/2021,A/Bangladesh/4005/2020,320
A/England/214191723/2021,A/Bangladesh/4005/2020,320
A/Darwin/9/2021,A/Bangladesh/4005/2020,640
A/Kansas/14/2017,A/Bangladesh/4005/2020,40
A/Kazakhstan/583/2021,A/Bangladesh/4005/2020,640
A/Kazakhstan/586/2021,A/Bangladesh/4005/2020,320
A/Switzerland/12981/2022,A/Bangladesh/4005/2020,160
A/Switzerland/73028/2022,A/Bangladesh/4005/2020,160
A/Switzerland/18016/2022,A/Bangladesh/4005/2020,160
A/Switzerland/19130/2022,A/Bangladesh/4005/2020,320
A/Mecklenburg-Vorpommern/48/2022,A/Bangladesh/4005/2020,160
A/Switzerland/76393/2022,A/Bangladesh/4005/2020,160
A/Hessen/10/2022,A/Bangladesh/4005/2020,160
A/Berlin/40/2022,A/Bangladesh/4005/2020,320
A/Niedersachsen/9/2022,A/Bangladesh/4005/2020,160
A/Norway/18575/2022,A/Bangladesh/4005/2020,160
A/Sachsen/4/2022,A/Bangladesh/4005/2020,160
A/Norway/18894/2022,A/Bangladesh/4005/2020,320
A/Norway/18893/2022,A/Bangladesh/4005/2020,160
A/Norway/19252/2022,A/Bangladesh/4005/2020,160
A/Norway/19053/2022,A/Bangladesh/4005/2020,160
A/Norway/19865/2022,A/Bangladesh/4005/2020,160
A/Norway/19859/2022,A/Bangladesh/4005/2020,160
A/Norway/19259/2022,A/Bangladesh/4005/2020,160
A/Latvia/04-58697/2022,A/Bangladesh/4005/2020,160
A/Nordrhein-Westfalen/5/2022,A/Bangladesh/4005/2020,160
A/Latvia/04-78414/2022,A/Bangladesh/4005/2020,160
A/Latvia/04-78409/2022,A/Bangladesh/4005/2020,160
A/Latvia/04-78385/2022,A/Bangladesh/4005/2020,160
A/Latvia/04-78381/2022,A/Bangladesh/4005/2020,160
A/Latvia/04-82637/2022,A/Bangladesh/4005/2020,320
A/Latvia/04-82661/2022,A/Bangladesh/4005/2020,160
A/Hessen/18/2022,A/Bangladesh/4005/2020,160
A/Latvia/04-86299/2022,A/Bangladesh/4005/2020,160
A/Latvia/04-86261/2022,A/Bangladesh/4005/2020,160
A/Latvia/04-90221/2022,A/Bangladesh/4005/2020,320
A/Latvia/04-90145/2022,A/Bangladesh/4005/2020,160
A/Mecklenburg-Vorpommern/69/2022,A/Bangladesh/4005/2020,160
A/Bayern/16/2022,A/Bangladesh/4005/2020,160
A/Baden-Wurttemberg/27/2022,A/Bangladesh/4005/2020,160
A/Berlin/87/2022,A/Bangladesh/4005/2020,320
A/Bremen/17/2022,A/Bangladesh/4005/2020,160
A/Rheinland-Pfalz/8/2022,A/Bangladesh/4005/2020,160
A/Switzerland/18559/2022,A/Bangladesh/4005/2020,320
A/Switzerland/10871/2022,A/Bangladesh/4005/2020,320
A/Switzerland/09683/2022,A/Bangladesh/4005/2020,320
A/Switzerland/54637/2022,A/Bangladesh/4005/2020,640
A/Switzerland/89503/2022,A/Bangladesh/4005/2020,320
A/Norway/19419/2022,A/Bangladesh/4005/2020,320
A/Slovenia/9904/2022,A/Bangladesh/4005/2020,640
A/Switzerland/60042/2022,A/Bangladesh/4005/2020,160
A/Switzerland/45784/2022,A/Bangladesh/4005/2020,160
A/Norway/20047/2022,A/Bangladesh/4005/2020,320
A/Latvia/04-58975/2022,A/Bangladesh/4005/2020,160
A/Thuringen/10/2022,A/Bangladesh/4005/2020,320
A/Slovenia/9860/2022,A/Bangladesh/4005/2020,640
A/Norway/18896/2022,A/Bangladesh/4005/2020,320
A/Brandenburg/2/2022,A/Bangladesh/4005/2020,320
A/Sachsen/11/2022,A/Bangladesh/4005/2020,320
A/Denmark/3264/2019,A/Stockholm/5/2021,160
A/Hong Kong/2671/2019,A/Stockholm/5/2021,160
A/Cambodia/925256/2020,A/Stockholm/5/2021,160
A/Cambodia/e0826360/2020,A/Stockholm/5/2021,160
A/Bangladesh/4005/2020,A/Stockholm/5/2021,640
A/Stockholm/5/2021,A/Stockholm/5/2021,640
A/England/214191723/2021,A/Stockholm/5/2021,320
A/Darwin/9/2021,A/Stockholm/5/2021,1280
A/Kansas/14/2017,A/Stockholm/5/2021,80
A/Kazakhstan/583/2021,A/Stockholm/5/2021,320
A/Kazakhstan/586/2021,A/Stockholm/5/2021,320
A/Switzerland/12981/2022,A/Stockholm/5/2021,320
A/Switzerland/73028/2022,A/Stockholm/5/2021,160
A/Switzerland/18016/2022,A/Stockholm/5/2021,320
A/Switzerland/19130/2022,A/Stockholm/5/2021,320
A/Mecklenburg-Vorpommern/48/2022,A/Stockholm/5/2021,320
A/Switzerland/76393/2022,A/Stockholm/5/2021,320
A/Hessen/10/2022,A/Stockholm/5/2021,320
A/Berlin/40/2022,A/Stockholm/5/2021,640
A/Niedersachsen/9/2022,A/Stockholm/5/2021,320
A/Norway/18575/2022,A/Stockholm/5/2021,320
A/Sachsen/4/2022,A/Stockholm/5/2021,320
A/Norway/18894/2022,A/Stockholm/5/2021,640
A/Norway/18893/2022,A/Stockholm/5/2021,320
A/Norway/19252/2022,A/Stockholm/5/2021,320
A/Norway/19053/2022,A/Stockholm/5/2021,320
A/Norway/19865/2022,A/Stockholm/5/2021,320
A/Norway/19859/2022,A/Stockholm/5/2021,320
A/Norway/19259/2022,A/Stockholm/5/2021,320
A/Latvia/04-58697/2022,A/Stockholm/5/2021,320
A/Nordrhein-Westfalen/5/2022,A/Stockholm/5/2021,320
A/Latvia/04-78414/2022,A/Stockholm/5/2021,320
A/Latvia/04-78409/2022,A/Stockholm/5/2021,320
A/Latvia/04-78385/2022,A/Stockholm/5/2021,320
A/Latvia/04-78381/2022,A/Stockholm/5/2021,320
A/Latvia/04-82637/2022,A/Stockholm/5/2021,320
A/Latvia/04-82661/2022,A/Stockholm/5/2021,320
A/Hessen/18/2022,A/Stockholm/5/2021,320
A/Latvia/04-86299/2022,A/Stockholm/5/2021,320
A/Latvia/04-86261/2022,A/Stockholm/5/2021,320
A/Latvia/04-90221/2022,A/Stockholm/5/2021,320
A/Latvia/04-90145/2022,A/Stockholm/5/2021,320
A/Mecklenburg-Vorpommern/69/2022,A/Stockholm/5/2021,640
A/Bayern/16/2022,A/Stockholm/5/2021,640
A/Baden-Wurttemberg/27/2022,A/Stockholm/5/2021,640
A/Berlin/87/2022,A/Stockholm/5/2021,320
A/Bremen/17/2022,A/Stockholm/5/2021,320
A/Rheinland-Pfalz/8/2022,A/Stockholm/5/2021,320
A/Switzerland/18559/2022,A/Stockholm/5/2021,640
A/Switzerland/10871/2022,A/Stockholm/5/2021,640
A/Switzerland/09683/2022,A/Stockholm/5/2021,640
A/Switzerland/54637/2022,A/Stockholm/5/2021,1280
A/Switzerland/89503/2022,A/Stockholm/5/2021,1280
A/Norway/19419/2022,A/Stockholm/5/2021,640
A/Slovenia/9904/2022,A/Stockholm/5/2021,640
A/Switzerland/60042/2022,A/Stockholm/5/2021,160
A/Switzerland/45784/2022,A/Stockholm/5/2021,320
A/Norway/20047/2022,A/Stockholm/5/2021,320
A/Latvia/04-58975/2022,A/Stockholm/5/2021,320
A/Thuringen/10/2022,A/Stockholm/5/2021,640
A/Slovenia/9860/2022,A/Stockholm/5/2021,320
A/Norway/18896/2022,A/Stockholm/5/2021,320
A/Brandenburg/2/2022,A/Stockholm/5/2021,320
A/Sachsen/11/2022,A/Stockholm/5/2021,160
A/Denmark/3264/2019,A/England/214191723/2021,40
A/Hong Kong/2671/2019,A/England/214191723/2021,40
A/Cambodia/925256/2020,A/England/214191723/2021,40
A/Cambodia/e0826360/2020,A/England/214191723/2021,320
A/Bangladesh/4005/2020,A/England/214191723/2021,640
A/Stockholm/5/2021,A/England/214191723/2021,320
A/England/214191723/2021,A/England/214191723/2021,640
A/Darwin/9/2021,A/England/214191723/2021,640
A/Kansas/14/2017,A/England/214191723/2021,40
A/Kazakhstan/583/2021,A/England/214191723/2021,640
A/Kazakhstan/586/2021,A/England/214191723/2021,320
A/Switzerland/12981/2022,A/England/214191723/2021,320
A/Switzerland/73028/2022,A/England/214191723/2021,320
A/Switzerland/18016/2022,A/England/214191723/2021,320
A/Switzerland/19130/2022,A/England/214191723/2021,320
A/Mecklenburg-Vorpommern/48/2022,A/England/214191723/2021,320
A/Switzerland/76393/2022,A/England/214191723/2021,320
A/Hessen/10/2022,A/England/214191723/2021,320
A/Berlin/40/2022,A/England/214191723/2021,320
A/Niedersachsen/9/2022,A/England/214191723/2021,320
A/Norway/18575/2022,A/England/214191723/2021,320
A/Sachsen/4/2022,A/England/214191723/2021,320
A/Norway/18894/2022,A/England/214191723/2021,640
A/Norway/18893/2022,A/England/214191723/2021,320
A/Norway/19252/2022,A/England/214191723/2021,320
A/Norway/19053/2022,A/England/214191723/2021,320
A/Norway/19865/2022,A/England/214191723/2021,320
A/Norway/19859/2022,A/England/214191723/2021,320
A/Norway/19259/2022,A/England/214191723/2021,320
A/Latvia/04-58697/2022,A/England/214191723/2021,320
A/Nordrhein-Westfalen/5/2022,A/England/214191723/2021,320
A/Latvia/04-78414/2022,A/England/214191723/2021,320
A/Latvia/04-78409/2022,A/England/214191723/2021,320
A/Latvia/04-78385/2022,A/England/214191723/2021,320
A/Latvia/04-78381/2022,A/England/214191723/2021,320
A/Latvia/04-82637/2022,A/England/214191723/2021,320
A/Latvia/04-82661/2022,A/England/214191723/2021,320
A/Hessen/18/2022,A/England/214191723/2021,320
A/Latvia/04-86299/2022,A/England/214191723/2021,320
A/Latvia/04-86261/2022,A/England/214191723/2021,320
A/Latvia/04-90221/2022,A/England/214191723/2021,320
A/Latvia/04-90145/2022,A/England/214191723/2021,320
A/Mecklenburg-Vorpommern/69/2022,A/England/214191723/2021,320
A/Bayern/16/2022,A/England/214191723/2021,320
A/Baden-Wurttemberg/27/2022,A/England/214191723/2021,320
A/Berlin/87/2022,A/England/214191723/2021,320
A/Bremen/17/2022,A/England/214191723/2021,320
A/Rheinland-Pfalz/8/2022,A/England/214191723/2021,320
A/Switzerland/18559/2022,A/England/214191723/2021,640
A/Switzerland/10871/2022,A/England/214191723/2021,640
A/Switzerland/09683/2022,A/England/214191723/2021,640
A/Switzerland/54637/2022,A/England/214191723/2021,640
A/Switzerland/89503/2022,A/England/214191723/2021,640
A/Norway/19419/2022,A/England/214191723/2021,640
A/Slovenia/9904/2022,A/England/214191723/2021,640
A/Switzerland/60042/2022,A/England/214191723/2021,640
A/Switzerland/45784/2022,A/England/214191723/2021,640
A/Norway/20047/2022,A/England/214191723/2021,320
A/Latvia/04-58975/2022,A/England/214191723/2021,640
A/Thuringen/10/2022,A/England/214191723/2021,320
A/Slovenia/9860/2022,A/England/214191723/2021,320
A/Norway/18896/2022,A/England/214191723/2021,320
A/Brandenburg/2/2022,A/England/214191723/2021,320
A/Sachsen/11/2022,A/England/214191723/2021,320
A/Denmark/3264/2019,A/Darwin/9/2021,320
A/Hong Kong/2671/2019,A/Darwin/9/2021,160
A/Cambodia/925256/2020,A/Darwin/9/2021,320
A/Cambodia/e0826360/2020,A/Darwin/9/2021,320
A/Bangladesh/4005/2020,A/Darwin/9/2021,640
A/Stockholm/5/2021,A/Darwin/9/2021,1280
A/England/214191723/2021,A/Darwin/9/2021,640
A/Darwin/9/2021,A/Darwin/9/2021,2560
A/Kansas/14/2017,A/Darwin/9/2021,80
A/Kazakhstan/583/2021,A/Darwin/9/2021,640
A/Kazakhstan/586/2021,A/Darwin/9/2021,640
A/Switzerland/12981/2022,A/Darwin/9/2021,640
A/Switzerland/73028/2022,A/Darwin/9/2021,640
A/Switzerland/18016/2022,A/Darwin/9/2021,320
A/Switzerland/19130/2022,A/Darwin/9/2021,640
A/Mecklenburg-Vorpommern/48/2022,A/Darwin/9/2021,640
A/Switzerland/76393/2022,A/Darwin/9/2021,640
A/Hessen/10/2022,A/Darwin/9/2021,640
A/Berlin/40/2022,A/Darwin/9/2021,1280
A/Niedersachsen/9/2022,A/Darwin/9/2021,1280
A/Norway/18575/2022,A/Darwin/9/2021,640
A/Sachsen/4/2022,A/Darwin/9/2021,640
A/Norway/18894/2022,A/Darwin/9/2021,1280
A/Norway/18893/2022,A/Darwin/9/2021,640
A/Norway/19252/2022,A/Darwin/9/2021,640
A/Norway/19053/2022,A/Darwin/9/2021,640
A/Norway/19865/2022,A/Darwin/9/2021,640
A/Norway/19859/2022,A/Darwin/9/2021,640
A/Norway/19259/2022,A/Darwin/9/2021,320
A/Latvia/04-58697/2022,A/Darwin/9/2021,640
A/Nordrhein-Westfalen/5/2022,A/Darwin/9/2021,640
A/Latvia/04-78414/2022,A/Darwin/9/2021,640
A/Latvia/04-78409/2022,A/Darwin/9/2021,640
A/Latvia/04-78385/2022,A/Darwin/9/2021,640
A/Latvia/04-78381/2022,A/Darwin/9/2021,320
A/Latvia/04-82637/2022,A/Darwin/9/2021,640
A/Latvia/04-82661/2022,A/Darwin/9/2021,640
A/Hessen/18/2022,A/Darwin/9/2021,640
A/Latvia/04-86299/2022,A/Darwin/9/2021,640
A/Latvia/04-86261/2022,A/Darwin/9/2021,640
A/Latvia/04-90221/2022,A/Darwin/9/2021,640
A/Latvia/04-90145/2022,A/Darwin/9/2021,640
A/Mecklenburg-Vorpommern/69/2022,A/Darwin/9/2021,1280
A/Bayern/16/2022,A/Darwin/9/2021,1280
A/Baden-Wurttemberg/27/2022,A/Darwin/9/2021,640
A/Berlin/87/2022,A/Darwin/9/2021,1280
A/Bremen/17/2022,A/Darwin/9/2021,1280
A/Rheinland-Pfalz/8/2022,A/Darwin/9/2021,640
A/Switzerland/18559/2022,A/Darwin/9/2021,1280
A/Switzerland/10871/2022,A/Darwin/9/2021,640
A/Switzerland/09683/2022,A/Darwin/9/2021,1280
A/Switzerland/54637/2022,A/Darwin/9/2021,1280
A/Switzerland/89503/2022,A/Darwin/9/2021,1280
A/Norway/19419/2022,A/Darwin/9/2021,1280
A/Slovenia/9904/2022,A/Darwin/9/2021,640
A/Switzerland/60042/2022,A/Darwin/9/2021,640
A/Switzerland/45784/2022,A/Darwin/9/2021,640
A/Norway/20047/2022,A/Darwin/9/2021,320
A/Latvia/04-58975/2022,A/Darwin/9/2021,320
A/Thuringen/10/2022,A/Darwin/9/2021,640
A/Slovenia/9860/2022,A/Darwin/9/2021,640
A/Norway/18896/2022,A/Darwin/9/2021,640
A/Brandenburg/2/2022,A/Darwin/9/2021,640
A/Sachsen/11/2022,A/Darwin/9/2021,640
A/Denmark/3264/2019,A/Kansas/14/2017,80
A/Hong Kong/2671/2019,A/Kansas/14/2017,160
A/Cambodia/925256/2020,A/Kansas/14/2017,160
A/Cambodia/e0826360/2020,A/Kansas/14/2017,80
A/Bangladesh/4005/2020,A/Kansas/14/2017,320
A/Stockholm/5/2021,A/Kansas/14/2017,40
A/England/214191723/2021,A/Kansas/14/2017,40
A/Darwin/9/2021,A/Kansas/14/2017,80
A/Kansas/14/2017,A/Kansas/14/2017,320
A/Kazakhstan/583/2021,A/Kansas/14/2017,160
A/Kazakhstan/586/2021,A/Kansas/14/2017,160
A/Switzerland/12981/2022,A/Kansas/14/2017,<40
A/Switzerland/73028/2022,A/Kansas/14/2017,<40
A/Switzerland/18016/2022,A/Kansas/14/2017,40
A/Switzerland/19130/2022,A/Kansas/14/2017,<40
A/Mecklenburg-Vorpommern/48/2022,A/Kansas/14/2017,<40
A/Switzerland/76393/2022,A/Kansas/14/2017,<40
A/Hessen/10/2022,A/Kansas/14/2017,<40
A/Berlin/40/2022,A/Kansas/14/2017,40
A/Niedersachsen/9/2022,A/Kansas/14/2017,<40
A/Norway/18575/2022,A/Kansas/14/2017,<40
A/Sachsen/4/2022,A/Kansas/14/2017,<40
A/Norway/18894/2022,A/Kansas/14/2017,40
A/Norway/18893/2022,A/Kansas/14/2017,<40
A/Norway/19252/2022,A/Kansas/14/2017,<40
A/Norway/19053/2022,A/Kansas/14/2017,<40
A/Norway/19865/2022,A/Kansas/14/2017,<40
A/Norway/19859/2022,A/Kansas/14/2017,<40
A/Norway/19259/2022,A/Kansas/14/2017,<40
A/Latvia/04-58697/2022,A/Kansas/14/2017,<40
A/Nordrhein-Westfalen/5/2022,A/Kansas/14/2017,<40
A/Latvia/04-78414/2022,A/Kansas/14/2017,<40
A/Latvia/04-78409/2022,A/Kansas/14/2017,<40
A/Latvia/04-78385/2022,A/Kansas/14/2017,<40
A/Latvia/04-78381/2022,A/Kansas/14/2017,<40
A/Latvia/04-82637/2022,A/Kansas/14/2017,<40
A/Latvia/04-82661/2022,A/Kansas/14/2017,<40
A/Hessen/18/2022,A/Kansas/14/2017,<40
A/Latvia/04-86299/2022,A/Kansas/14/2017,<40
A/Latvia/04-86261/2022,A/Kansas/14/2017,<40
A/Latvia/04-90221/2022,A/Kansas/14/2017,<40
A/Latvia/04-90145/2022,A/Kansas/14/2017,<40
A/Mecklenburg-Vorpommern/69/2022,A/Kansas/14/2017,<40
A/Bayern/16/2022,A/Kansas/14/2017,<40
A/Baden-Wurttemberg/27/2022,A/Kansas/14/2017,<40
A/Berlin/87/2022,A/Kansas/14/2017,<40
A/Bremen/17/2022,A/Kansas/14/2017,<40
A/Rheinland-Pfalz/8/2022,A/Kansas/14/2017,<40
A/Switzerland/18559/2022,A/Kansas/14/2017,80
A/Switzerland/10871/2022,A/Kansas/14/2017,40
A/Switzerland/09683/2022,A/Kansas/14/2017,160
A/Switzerland/54637/2022,A/Kansas/14/2017,160
A/Switzerland/89503/2022,A/Kansas/14/2017,80
A/Norway/19419/2022,A/Kansas/14/2017,80
A/Slovenia/9904/2022,A/Kansas/14/2017,80
A/Switzerland/60042/2022,A/Kansas/14/2017,<40
A/Switzerland/45784/2022,A/Kansas/14/2017,<40
A/Norway/20047/2022,A/Kansas/14/2017,80
A/Latvia/04-58975/2022,A/Kansas/14/2017,<40
A/Thuringen/10/2022,A/Kansas/14/2017,80
A/Slovenia/9860/2022,A/Kansas/14/2017,160
A/Norway/18896/2022,A/Kansas/14/2017,160
A/Brandenburg/2/2022,A/Kansas/14/2017,80
A/Sachsen/11/2022,A/Kansas/14/2017,<40
A/Denmark/3264/2019,A/Denmark/3264/2019,320
A/Hong Kong/2671/2019,A/Denmark/3264/2019,160
A/Cambodia/925256/2020,A/Denmark/3264/2019,160
A/Cambodia/e0826360/2020,A/Denmark/3264/2019,80
A/Bangladesh/4005/2020,A/Denmark/3264/2019,160
A/Stockholm/5/2021,A/Denmark/3264/2019,80
A/England/214191723/2021,A/Denmark/3264/2019,40
A/Darwin/9/2021,A/Denmark/3264/2019,160
A/Kansas/14/2017,A/Denmark/3264/2019,40
A/Linkoping/3/2022,A/Denmark/3264/2019,80
A/Stockholm/9/2022,A/Denmark/3264/2019,40
A/Stockholm/10/2022,A/Denmark/3264/2019,80
A/Austria/1504938/2022,A/Denmark/3264/2019,80
A/Slovenia/9767/2022,A/Denmark/3264/2019,40
A/Austria/1505788/2022,A/Denmark/3264/2019,80
A/Austria/1505762/2022,A/Denmark/3264/2019,80
A/Slovenia/9768/2022,A/Denmark/3264/2019,80
A/Slovenia/9854/2022,A/Denmark/3264/2019,80
A/Austria/1506181/2022,A/Denmark/3264/2019,40
A/Slovenia/9806/2022,A/Denmark/3264/2019,40
A/Austria/1507395/2022,A/Denmark/3264/2019,40
A/Slovenia/9845/2022,A/Denmark/3264/2019,40
A/Stockholm/19/2022,A/Denmark/3264/2019,80
A/Sweden/3/2022,A/Denmark/3264/2019,40
A/Eskilstuna/1/2022,A/Denmark/3264/2019,80
A/Portugal/211329/2022,A/Denmark/3264/2019,80
A/Linkoping/5/2022,A/Denmark/3264/2019,80
A/Portugal/211317/2022,A/Denmark/3264/2019,80
A/Portugal/211412/2022,A/Denmark/3264/2019,40
A/Portugal/211439/2022,A/Denmark/3264/2019,40
A/Portugal/211442/2022,A/Denmark/3264/2019,40
A/Portugal/211459/2022,A/Denmark/3264/2019,80
A/Portugal/211462/2022,A/Denmark/3264/2019,40
A/Portugal/211456/2022,A/Denmark/3264/2019,80
A/Portugal/211458/2022,A/Denmark/3264/2019,40
A/Bayern/9/2022,A/Denmark/3264/2019,160
A/Austria/1505342/2022,A/Denmark/3264/2019,160
A/Austria/1504947/2022,A/Denmark/3264/2019,160
A/Slovenia/9861/2022,A/Denmark/3264/2019,160
A/Portugal/211330/2022,A/Denmark/3264/2019,80
A/Portugal/211338/2022,A/Denmark/3264/2019,160
A/Stockholm/21/2022,A/Denmark/3264/2019,40
A/Portugal/211316/2022,A/Denmark/3264/2019,<40
A/Austria/1504943/2022,A/Denmark/3264/2019,160
A/Halmstad/3/2022,A/Denmark/3264/2019,80
A/Stockholm/12/2022,A/Denmark/3264/2019,160
A/Austria/1507013/2022,A/Denmark/3264/2019,80
A/Austria/1506583/2022,A/Denmark/3264/2019,80
A/Austria/1506576/2022,A/Denmark/3264/2019,160
A/Halmstad/4/2022,A/Denmark/3264/2019,160
A/Eskilstuna/3/2022,A/Denmark/3264/2019,160
A/Denmark/3264/2019,A/Hong Kong/2671/2019,320
A/Hong Kong/2671/2019,A/Hong Kong/2671/2019,320
A/Cambodia/925256/2020,A/Hong Kong/2671/2019,160
A/Cambodia/e0826360/2020,A/Hong Kong/2671/2019,<40
A/Bangladesh/4005/2020,A/Hong Kong/2671/2019,40
A/Stockholm/5/2021,A/Hong Kong/2671/2019,<40
A/England/214191723/2021,A/Hong Kong/2671/2019,<40
A/Darwin/9/2021,A/Hong Kong/2671/2019,<40
A/Kansas/14/2017,A/Hong Kong/2671/2019,<40
A/Linkoping/3/2022,A/Hong Kong/2671/2019,<40
A/Stockholm/9/2022,A/Hong Kong/2671/2019,<40
A/Stockholm/10/2022,A/Hong Kong/2671/2019,<40
A/Austria/1504938/2022,A/Hong Kong/2671/2019,<40
A/Slovenia/9767/2022,A/Hong Kong/2671/2019,<40
A/Austria/1505788/2022,A/Hong Kong/2671/2019,<40
A/Austria/1505762/2022,A/Hong Kong/2671/2019,<40
A/Slovenia/9768/2022,A/Hong Kong/2671/2019,<40
A/Slovenia/9854/2022,A/Hong Kong/2671/2019,<40
A/Austria/1506181/2022,A/Hong Kong/2671/2019,<40
A/Slovenia/9806/2022,A/Hong Kong/2671/2019,<40
A/Austria/1507395/2022,A/Hong Kong/2671/2019,<40
A/Slovenia/9845/2022,A/Hong Kong/2671/2019,<40
A/Stockholm/19/2022,A/Hong Kong/2671/2019,<40
A/Sweden/3/2022,A/Hong Kong/2671/2019,<40
A/Eskilstuna/1/2022,A/Hong Kong/2671/2019,<40
A/Portugal/211329/2022,A/Hong Kong/2671/2019,<40
A/Linkoping/5/2022,A/Hong Kong/2671/2019,<40
A/Portugal/211317/2022,A/Hong Kong/2671/2019,<40
A/Portugal/211412/2022,A/Hong Kong/2671/2019,<40
A/Portugal/211439/2022,A/Hong Kong/2671/2019,<40
A/Portugal/211442/2022,A/Hong Kong/2671/2019,<40
A/Portugal/211459/2022,A/Hong Kong/2671/2019,<40
A/Portugal/211462/2022,A/Hong Kong/2671/2019,<40
A/Portugal/211456/2022,A/Hong Kong/2671/2019,<40
A/Portugal/211458/2022,A/Hong Kong/2671/2019,<40
A/Bayern/9/2022,A/Hong Kong/2671/2019,<40
A/Austria/1505342/2022,A/Hong Kong/2671/2019,<40
A/Austria/1504947/2022,A/Hong Kong/2671/2019,<40
A/Slovenia/9861/2022,A/Hong Kong/2671/2019,<40
A/Portugal/211330/2022,A/Hong Kong/2671/2019,<40
A/Portugal/211338/2022,A/Hong Kong/2671/2019,<40
A/Stockholm/21/2022,A/Hong Kong/2671/2019,<40
A/Portugal/211316/2022,A/Hong Kong/2671/2019,<40
A/Austria/1504943/2022,A/Hong Kong/2671/2019,<40
A/Halmstad/3/2022,A/Hong Kong/2671/2019,<40
A/Stockholm/12/2022,A/Hong Kong/2671/2019,<40
A/Austria/1507013/2022,A/Hong Kong/2671/2019,<40
A/Austria/1506583/2022,A/Hong Kong/2671/2019,<40
A/Austria/1506576/2022,A/Hong Kong/2671/2019,<40
A/Halmstad/4/2022,A/Hong Kong/2671/2019,160
A/Eskilstuna/3/2022,A/Hong Kong/2671/2019,160
A/Denmark/3264/2019,A/Cambodia/925256/2020,640
A/Hong Kong/2671/2019,A/Cambodia/925256/2020,640
A/Cambodia/925256/2020,A/Cambodia/925256/2020,640
A/Cambodia/e0826360/2020,A/Cambodia/925256/2020,80
A/Bangladesh/4005/2020,A/Cambodia/925256/2020,160
A/Stockholm/5/2021,A/Cambodia/925256/2020,80
A/England/214191723/2021,A/Cambodia/925256/2020,80
A/Darwin/9/2021,A/Cambodia/925256/2020,80
A/Kansas/14/2017,A/Cambodia/925256/2020,80
A/Linkoping/3/2022,A/Cambodia/925256/2020,40
A/Stockholm/9/2022,A/Cambodia/925256/2020,40
A/Stockholm/10/2022,A/Cambodia/925256/2020,40
A/Austria/1504938/2022,A/Cambodia/925256/2020,40
A/Slovenia/9767/2022,A/Cambodia/925256/2020,40
A/Austria/1505788/2022,A/Cambodia/925256/2020,40
A/Austria/1505762/2022,A/Cambodia/925256/2020,40
A/Slovenia/9768/2022,A/Cambodia/925256/2020,40
A/Slovenia/9854/2022,A/Cambodia/925256/2020,40
A/Austria/1506181/2022,A/Cambodia/925256/2020,40
A/Slovenia/9806/2022,A/Cambodia/925256/2020,40
A/Austria/1507395/2022,A/Cambodia/925256/2020,40
A/Slovenia/9845/2022,A/Cambodia/925256/2020,40
A/Stockholm/19/2022,A/Cambodia/925256/2020,40
A/Sweden/3/2022,A/Cambodia/925256/2020,<40
A/Eskilstuna/1/2022,A/Cambodia/925256/2020,40
A/Portugal/211329/2022,A/Cambodia/925256/2020,40
A/Linkoping/5/2022,A/Cambodia/925256/2020,40
A/Portugal/211317/2022,A/Cambodia/925256/2020,40
A/Portugal/211412/2022,A/Cambodia/925256/2020,40
A/Portugal/211439/2022,A/Cambodia/925256/2020,40
A/Portugal/211442/2022,A/Cambodia/925256/2020,40
A/Portugal/211459/2022,A/Cambodia/925256/2020,40
A/Portugal/211462/2022,A/Cambodia/925256/2020,40
A/Portugal/211456/2022,A/Cambodia/925256/2020,40
A/Portugal/211458/2022,A/Cambodia/925256/2020,40
A/Bayern/9/2022,A/Cambodia/925256/2020,160
A/Austria/1505342/2022,A/Cambodia/925256/2020,80
A/Austria/1504947/2022,A/Cambodia/925256/2020,80
A/Slovenia/9861/2022,A/Cambodia/925256/2020,160
A/Portugal/211330/2022,A/Cambodia/925256/2020,40
A/Portugal/211338/2022,A/Cambodia/925256/2020,80
A/Stockholm/21/2022,A/Cambodia/925256/2020,40
A/Portugal/211316/2022,A/Cambodia/925256/2020,<40
A/Austria/1504943/2022,A/Cambodia/925256/2020,80
A/Halmstad/3/2022,A/Cambodia/925256/2020,40
A/Stockholm/12/2022,A/Cambodia/925256/2020,40
A/Austria/1507013/2022,A/Cambodia/925256/2020,40
A/Austria/1506583/2022,A/Cambodia/925256/2020,40
A/Austria/1506576/2022,A/Cambodia/925256/2020,40
A/Halmstad/4/2022,A/Cambodia/925256/2020,320
A/Eskilstuna/3/2022,A/Cambodia/925256/2020,320
A/Denmark/3264/2019,A/Cambodia/e0826360/2020,160
A/Hong Kong/2671/2019,A/Cambodia/e0826360/2020,160
A/Cambodia/925256/2020,A/Cambodia/e0826360/2020,160
A/Cambodia/e0826360/2020,A/Cambodia/e0826360/2020,640
A/Bangladesh/4005/2020,A/Cambodia/e0826360/2020,320
A/Stockholm/5/2021,A/Cambodia/e0826360/2020,160
A/England/214191723/2021,A/Cambodia/e0826360/2020,80
A/Darwin/9/2021,A/Cambodia/e0826360/2020,320
A/Kansas/14/2017,A/Cambodia/e0826360/2020,80
A/Linkoping/3/2022,A/Cambodia/e0826360/2020,80
A/Stockholm/9/2022,A/Cambodia/e0826360/2020,80
A/Stockholm/10/2022,A/Cambodia/e0826360/2020,80
A/Austria/1504938/2022,A/Cambodia/e0826360/2020,160
A/Slovenia/9767/2022,A/Cambodia/e0826360/2020,80
A/Austria/1505788/2022,A/Cambodia/e0826360/2020,80
A/Austria/1505762/2022,A/Cambodia/e0826360/2020,80
A/Slovenia/9768/2022,A/Cambodia/e0826360/2020,160
A/Slovenia/9854/2022,A/Cambodia/e0826360/2020,80
A/Austria/1506181/2022,A/Cambodia/e0826360/2020,80
A/Slovenia/9806/2022,A/Cambodia/e0826360/2020,80
A/Austria/1507395/2022,A/Cambodia/e0826360/2020,80
A/Slovenia/9845/2022,A/Cambodia/e0826360/2020,80
A/Stockholm/19/2022,A/Cambodia/e0826360/2020,160
A/Sweden/3/2022,A/Cambodia/e0826360/2020,80
A/Eskilstuna/1/2022,A/Cambodia/e0826360/2020,80
A/Portugal/211329/2022,A/Cambodia/e0826360/2020,80
A/Linkoping/5/2022,A/Cambodia/e0826360/2020,160
A/Portugal/211317/2022,A/Cambodia/e0826360/2020,160
A/Portugal/211412/2022,A/Cambodia/e0826360/2020,80
A/Portugal/211439/2022,A/Cambodia/e0826360/2020,80
A/Portugal/211442/2022,A/Cambodia/e0826360/2020,80
A/Portugal/211459/2022,A/Cambodia/e0826360/2020,80
A/Portugal/211462/2022,A/Cambodia/e0826360/2020,80
A/Portugal/211456/2022,A/Cambodia/e0826360/2020,160
A/Portugal/211458/2022,A/Cambodia/e0826360/2020,80
A/Bayern/9/2022,A/Cambodia/e0826360/2020,320
A/Austria/1505342/2022,A/Cambodia/e0826360/2020,640
A/Austria/1504947/2022,A/Cambodia/e0826360/2020,640
A/Slovenia/9861/2022,A/Cambodia/e0826360/2020,320
A/Portugal/211330/2022,A/Cambodia/e0826360/2020,80
A/Portugal/211338/2022,A/Cambodia/e0826360/2020,160
A/Stockholm/21/2022,A/Cambodia/e0826360/2020,160
A/Portugal/211316/2022,A/Cambodia/e0826360/2020,80
A/Austria/1504943/2022,A/Cambodia/e0826360/2020,160
A/Halmstad/3/2022,A/Cambodia/e0826360/2020,160
A/Stockholm/12/2022,A/Cambodia/e0826360/2020,320
A/Austria/1507013/2022,A/Cambodia/e0826360/2020,80
A/Austria/1506583/2022,A/Cambodia/e0826360/2020,160
A/Austria/1506576/2022,A/Cambodia/e0826360/2020,160
A/Halmstad/4/2022,A/Cambodia/e0826360/2020,320
A/Eskilstuna/3/2022,A/Cambodia/e0826360/2020,320
A/Denmark/3264/2019,A/Bangladesh/4005/2020,320
A/Hong Kong/2671/2019,A/Bangladesh/4005/2020,160
A/Cambodia/925256/2020,A/Bangladesh/4005/2020,320
A/Cambodia/e0826360/2020,A/Bangladesh/4005/2020,160
A/Bangladesh/4005/2020,A/Bangladesh/4005/2020,640
A/Stockholm/5/2021,A/Bangladesh/4005/2020,320
A/England/214191723/2021,A/Bangladesh/4005/2020,160
A/Darwin/9/2021,A/Bangladesh/4005/2020,320
A/Kansas/14/2017,A/Bangladesh/4005/2020,80
A/Linkoping/3/2022,A/Bangladesh/4005/2020,320
A/Stockholm/9/2022,A/Bangladesh/4005/2020,160
A/Stockholm/10/2022,A/Bangladesh/4005/2020,320
A/Austria/1504938/2022,A/Bangladesh/4005/2020,160
A/Slovenia/9767/2022,A/Bangladesh/4005/2020,160
A/Austria/1505788/2022,A/Bangladesh/4005/2020,160
A/Austria/1505762/2022,A/Bangladesh/4005/2020,160
A/Slovenia/9768/2022,A/Bangladesh/4005/2020,320
A/Slovenia/9854/2022,A/Bangladesh/4005/2020,320
A/Austria/1506181/2022,A/Bangladesh/4005/2020,160
A/Slovenia/9806/2022,A/Bangladesh/4005/2020,160
A/Austria/1507395/2022,A/Bangladesh/4005/2020,160
A/Slovenia/9845/2022,A/Bangladesh/4005/2020,160
A/Stockholm/19/2022,A/Bangladesh/4005/2020,160
A/Sweden/3/2022,A/Bangladesh/4005/2020,80
A/Eskilstuna/1/2022,A/Bangladesh/4005/2020,160
A/Portugal/211329/2022,A/Bangladesh/4005/2020,160
A/Linkoping/5/2022,A/Bangladesh/4005/2020,160
A/Portugal/211317/2022,A/Bangladesh/4005/2020,160
A/Portugal/211412/2022,A/Bangladesh/4005/2020,160
A/Portugal/211439/2022,A/Bangladesh/4005/2020,160
A/Portugal/211442/2022,A/Bangladesh/4005/2020,160
A/Portugal/211459/2022,A/Bangladesh/4005/2020,160
A/Portugal/211462/2022,A/Bangladesh/4005/2020,160
A/Portugal/211456/2022,A/Bangladesh/4005/2020,320
A/Portugal/211458/2022,A/Bangladesh/4005/2020,160
A/Bayern/9/2022,A/Bangladesh/4005/2020,320
A/Austria/1505342/2022,A/Bangladesh/4005/2020,640
A/Austria/1504947/2022,A/Bangladesh/4005/2020,320
A/Slovenia/9861/2022,A/Bangladesh/4005/2020,640
A/Portugal/211330/2022,A/Bangladesh/4005/2020,320
A/Portugal/211338/2022,A/Bangladesh/4005/2020,320
A/Stockholm/21/2022,A/Bangladesh/4005/2020,160
A/Portugal/211316/2022,A/Bangladesh/4005/2020,320
A/Austria/1504943/2022,A/Bangladesh/4005/2020,640
A/Halmstad/3/2022,A/Bangladesh/4005/2020,320
A/Stockholm/12/2022,A/Bangladesh/4005/2020,320
A/Austria/1507013/2022,A/Bangladesh/4005/2020,320
A/Austria/1506583/2022,A/Bangladesh/4005/2020,320
A/Austria/1506576/2022,A/Bangladesh/4005/2020,320
A/Halmstad/4/2022,A/Bangladesh/4005/2020,320
A/Eskilstuna/3/2022,A/Bangladesh/4005/2020,320
A/Denmark/3264/2019,A/Stockholm/5/2021,160
A/Hong Kong/2671/2019,A/Stockholm/5/2021,80
A/Cambodia/925256/2020,A/Stockholm/5/2021,160
A/Cambodia/e0826360/2020,A/Stockholm/5/2021,80
A/Bangladesh/4005/2020,A/Stockholm/5/2021,640
A/Stockholm/5/2021,A/Stockholm/5/2021,640
A/England/214191723/2021,A/Stockholm/5/2021,320
A/Darwin/9/2021,A/Stockholm/5/2021,640
A/Kansas/14/2017,A/Stockholm/5/2021,80
A/Linkoping/3/2022,A/Stockholm/5/2021,640
A/Stockholm/9/2022,A/Stockholm/5/2021,320
A/Stockholm/10/2022,A/Stockholm/5/2021,640
A/Austria/1504938/2022,A/Stockholm/5/2021,640
A/Slovenia/9767/2022,A/Stockholm/5/2021,320
A/Austria/1505788/2022,A/Stockholm/5/2021,320
A/Austria/1505762/2022,A/Stockholm/5/2021,320
A/Slovenia/9768/2022,A/Stockholm/5/2021,320
A/Slovenia/9854/2022,A/Stockholm/5/2021,640
A/Austria/1506181/2022,A/Stockholm/5/2021,320
A/Slovenia/9806/2022,A/Stockholm/5/2021,320
A/Austria/1507395/2022,A/Stockholm/5/2021,320
A/Slovenia/9845/2022,A/Stockholm/5/2021,320
A/Stockholm/19/2022,A/Stockholm/5/2021,320
A/Sweden/3/2022,A/Stockholm/5/2021,160
A/Eskilstuna/1/2022,A/Stockholm/5/2021,160
A/Portugal/211329/2022,A/Stockholm/5/2021,320
A/Linkoping/5/2022,A/Stockholm/5/2021,320
A/Portugal/211317/2022,A/Stockholm/5/2021,320
A/Portugal/211412/2022,A/Stockholm/5/2021,320
A/Portugal/211439/2022,A/Stockholm/5/2021,320
A/Portugal/211442/2022,A/Stockholm/5/2021,320
A/Portugal/211459/2022,A/Stockholm/5/2021,640
A/Portugal/211462/2022,A/Stockholm/5/2021,320
A/Portugal/211456/2022,A/Stockholm/5/2021,640
A/Portugal/211458/2022,A/Stockholm/5/2021,320
A/Bayern/9/2022,A/Stockholm/5/2021,640
A/Austria/1505342/2022,A/Stockholm/5/2021,1280
A/Austria/1504947/2022,A/Stockholm/5/2021,640
A/Slovenia/9861/2022,A/Stockholm/5/2021,640
A/Portugal/211330/2022,A/Stockholm/5/2021,320
A/Portugal/211338/2022,A/Stockholm/5/2021,640
A/Stockholm/21/2022,A/Stockholm/5/2021,320
A/Portugal/211316/2022,A/Stockholm/5/2021,320
A/Austria/1504943/2022,A/Stockholm/5/2021,320
A/Halmstad/3/2022,A/Stockholm/5/2021,320
A/Stockholm/12/2022,A/Stockholm/5/2021,320
A/Austria/1507013/2022,A/Stockholm/5/2021,160
A/Austria/1506583/2022,A/Stockholm/5/2021,160
A/Austria/1506576/2022,A/Stockholm/5/2021,320
A/Halmstad/4/2022,A/Stockholm/5/2021,160
A/Eskilstuna/3/2022,A/Stockholm/5/2021,160
A/Denmark/3264/2019,A/England/214191723/2021,80
A/Hong Kong/2671/2019,A/England/214191723/2021,40
A/Cambodia/925256/2020,A/England/214191723/2021,40
A/Cambodia/e0826360/2020,A/England/214191723/2021,160
A/Bangladesh/4005/2020,A/England/214191723/2021,640
A/Stockholm/5/2021,A/England/214191723/2021,320
A/England/214191723/2021,A/England/214191723/2021,640
A/Darwin/9/2021,A/England/214191723/2021,640
A/Kansas/14/2017,A/England/214191723/2021,80
A/Linkoping/3/2022,A/England/214191723/2021,320
A/Stockholm/9/2022,A/England/214191723/2021,320
A/Stockholm/10/2022,A/England/214191723/2021,320
A/Austria/1504938/2022,A/England/214191723/2021,320
A/Slovenia/9767/2022,A/England/214191723/2021,320
A/Austria/1505788/2022,A/England/214191723/2021,320
A/Austria/1505762/2022,A/England/214191723/2021,320
A/Slovenia/9768/2022,A/England/214191723/2021,320
A/Slovenia/9854/2022,A/England/214191723/2021,320
A/Austria/1506181/2022,A/England/214191723/2021,320
A/Slovenia/9806/2022,A/England/214191723/2021,320
A/Austria/1507395/2022,A/England/214191723/2021,320
A/Slovenia/9845/2022,A/England/214191723/2021,320
A/Stockholm/19/2022,A/England/214191723/2021,320
A/Sweden/3/2022,A/England/214191723/2021,320
A/Eskilstuna/1/2022,A/England/214191723/2021,320
A/Portugal/211329/2022,A/England/214191723/2021,320
A/Linkoping/5/2022,A/England/214191723/2021,320
A/Portugal/211317/2022,A/England/214191723/2021,320
A/Portugal/211412/2022,A/England/214191723/2021,320
A/Portugal/211439/2022,A/England/214191723/2021,320
A/Portugal/211442/2022,A/England/214191723/2021,320
A/Portugal/211459/2022,A/England/214191723/2021,320
A/Portugal/211462/2022,A/England/214191723/2021,320
A/Portugal/211456/2022,A/England/214191723/2021,320
A/Portugal/211458/2022,A/England/214191723/2021,320
A/Bayern/9/2022,A/England/214191723/2021,640
A/Austria/1505342/2022,A/England/214191723/2021,640
A/Austria/1504947/2022,A/England/214191723/2021,640
A/Slovenia/9861/2022,A/England/214191723/2021,640
A/Portugal/211330/2022,A/England/214191723/2021,640
A/Portugal/211338/2022,A/England/214191723/2021,1280
A/Stockholm/21/2022,A/England/214191723/2021,640
A/Portugal/211316/2022,A/England/214191723/2021,640
A/Austria/1504943/2022,A/England/214191723/2021,320
A/Halmstad/3/2022,A/England/214191723/2021,320
A/Stockholm/12/2022,A/England/214191723/2021,320
A/Austria/1507013/2022,A/England/214191723/2021,320
A/Austria/1506583/2022,A/England/214191723/2021,320
A/Austria/1506576/2022,A/England/214191723/2021,320
A/Halmstad/4/2022,A/England/214191723/2021,40
A/Eskilstuna/3/2022,A/England/214191723/2021,40
A/Denmark/3264/2019,A/Darwin/9/2021,320
A/Hong Kong/2671/2019,A/Darwin/9/2021,160
A/Cambodia/925256/2020,A/Darwin/9/2021,320
A/Cambodia/e0826360/2020,A/Darwin/9/2021,160
A/Bangladesh/4005/2020,A/Darwin/9/2021,640
A/Stockholm/5/2021,A/Darwin/9/2021,640
A/England/214191723/2021,A/Darwin/9/2021,640
A/Darwin/9/2021,A/Darwin/9/2021,1280
A/Kansas/14/2017,A/Darwin/9/2021,80
A/Linkoping/3/2022,A/Darwin/9/2021,640
A/Stockholm/9/2022,A/Darwin/9/2021,640
A/Stockholm/10/2022,A/Darwin/9/2021,640
A/Austria/1504938/2022,A/Darwin/9/2021,640
A/Slovenia/9767/2022,A/Darwin/9/2021,640
A/Austria/1505788/2022,A/Darwin/9/2021,640
A/Austria/1505762/2022,A/Darwin/9/2021,640
A/Slovenia/9768/2022,A/Darwin/9/2021,640
A/Slovenia/9854/2022,A/Darwin/9/2021,640
A/Austria/1506181/2022,A/Darwin/9/2021,640
A/Slovenia/9806/2022,A/Darwin/9/2021,640
A/Austria/1507395/2022,A/Darwin/9/2021,640
A/Slovenia/9845/2022,A/Darwin/9/2021,640
A/Stockholm/19/2022,A/Darwin/9/2021,640
A/Sweden/3/2022,A/Darwin/9/2021,320
A/Eskilstuna/1/2022,A/Darwin/9/2021,320
A/Portugal/211329/2022,A/Darwin/9/2021,640
A/Linkoping/5/2022,A/Darwin/9/2021,640
A/Portugal/211317/2022,A/Darwin/9/2021,640
A/Portugal/211412/2022,A/Darwin/9/2021,640
A/Portugal/211439/2022,A/Darwin/9/2021,320
A/Portugal/211442/2022,A/Darwin/9/2021,640
A/Portugal/211459/2022,A/Darwin/9/2021,640
A/Portugal/211462/2022,A/Darwin/9/2021,640
A/Portugal/211456/2022,A/Darwin/9/2021,640
A/Portugal/211458/2022,A/Darwin/9/2021,640
A/Bayern/9/2022,A/Darwin/9/2021,640
A/Austria/1505342/2022,A/Darwin/9/2021,1280
A/Austria/1504947/2022,A/Darwin/9/2021,640
A/Slovenia/9861/2022,A/Darwin/9/2021,640
A/Portugal/211330/2022,A/Darwin/9/2021,320
A/Portugal/211338/2022,A/Darwin/9/2021,640
A/Stockholm/21/2022,A/Darwin/9/2021,320
A/Portugal/211316/2022,A/Darwin/9/2021,640
A/Austria/1504943/2022,A/Darwin/9/2021,640
A/Halmstad/3/2022,A/Darwin/9/2021,320
A/Stockholm/12/2022,A/Darwin/9/2021,640
A/Austria/1507013/2022,A/Darwin/9/2021,320
A/Austria/1506583/2022,A/Darwin/9/2021,320
A/Austria/1506576/2022,A/Darwin/9/2021,320
A/Halmstad/4/2022,A/Darwin/9/2021,160
A/Eskilstuna/3/2022,A/Darwin/9/2021,160
A/Denmark/3264/2019,A/Kansas/14/2017,160
A/Hong Kong/2671/2019,A/Kansas/14/2017,160
A/Cambodia/925256/2020,A/Kansas/14/2017,160
A/Cambodia/e0826360/2020,A/Kansas/14/2017,40
A/Bangladesh/4005/2020,A/Kansas/14/2017,160
A/Stockholm/5/2021,A/Kansas/14/2017,80
A/England/214191723/2021,A/Kansas/14/2017,40
A/Darwin/9/2021,A/Kansas/14/2017,80
A/Kansas/14/2017,A/Kansas/14/2017,640
A/Linkoping/3/2022,A/Kansas/14/2017,40
A/Stockholm/9/2022,A/Kansas/14/2017,40
A/Stockholm/10/2022,A/Kansas/14/2017,40
A/Austria/1504938/2022,A/Kansas/14/2017,40
A/Slovenia/9767/2022,A/Kansas/14/2017,40
A/Austria/1505788/2022,A/Kansas/14/2017,40
A/Austria/1505762/2022,A/Kansas/14/2017,40
A/Slovenia/9768/2022,A/Kansas/14/2017,40
A/Slovenia/9854/2022,A/Kansas/14/2017,40
A/Austria/1506181/2022,A/Kansas/14/2017,40
A/Slovenia/9806/2022,A/Kansas/14/2017,40
A/Austria/1507395/2022,A/Kansas/14/2017,40
A/Slovenia/9845/2022,A/Kansas/14/2017,40
A/Stockholm/19/2022,A/Kansas/14/2017,40
A/Sweden/3/2022,A/Kansas/14/2017,40
A/Eskilstuna/1/2022,A/Kansas/14/2017,40
A/Portugal/211329/2022,A/Kansas/14/2017,40
A/Linkoping/5/2022,A/Kansas/14/2017,40
A/Portugal/211317/2022,A/Kansas/14/2017,40
A/Portugal/211412/2022,A/Kansas/14/2017,40
A/Portugal/211439/2022,A/Kansas/14/2017,40
A/Portugal/211442/2022,A/Kansas/14/2017,40
A/Portugal/211459/2022,A/Kansas/14/2017,40
A/Portugal/211462/2022,A/Kansas/14/2017,40
A/Portugal/211456/2022,A/Kansas/14/2017,80
A/Portugal/211458/2022,A/Kansas/14/2017,40
A/Bayern/9/2022,A/Kansas/14/2017,80
A/Austria/1505342/2022,A/Kansas/14/2017,160
A/Austria/1504947/2022,A/Kansas/14/2017,160
A/Slovenia/9861/2022,A/Kansas/14/2017,160
A/Portugal/211330/2022,A/Kansas/14/2017,40
A/Portugal/211338/2022,A/Kansas/14/2017,80
A/Stockholm/21/2022,A/Kansas/14/2017,40
A/Portugal/211316/2022,A/Kansas/14/2017,40
A/Austria/1504943/2022,A/Kansas/14/2017,160
A/Halmstad/3/2022,A/Kansas/14/2017,80
A/Stockholm/12/2022,A/Kansas/14/2017,80
A/Austria/1507013/2022,A/Kansas/14/2017,80
A/Austria/1506583/2022,A/Kansas/14/2017,80
A/Austria/1506576/2022,A/Kansas/14/2017,80
A/Halmstad/4/2022,A/Kansas/14/2017,80
A/Eskilstuna/3/2022,A/Kansas/14/2017,80
A/Denmark/3264/2019,A/Denmark/3264/2019,320
A/Hong Kong/2671/2019,A/Denmark/3264/2019,320
A/Cambodia/925256/2020,A/Denmark/3264/2019,160
A/Cambodia/e0826360/2020,A/Denmark/3264/2019,160
A/Bangladesh/4005/2020,A/Denmark/3264/2019,320
A/Stockholm/5/2021,A/Denmark/3264/2019,160
A/England/214191723/2021,A/Denmark/3264/2019,80
A/Darwin/9/2021,A/Denmark/3264/2019,160
A/Kansas/14/2017,A/Denmark/3264/2019,40
A/Serbia/416495/2022,A/Denmark/3264/2019,80
A/Serbia/491/2022,A/Denmark/3264/2019,160
A/Serbia/422406/2022,A/Denmark/3264/2019,80
A/Hungary/39/2022,A/Denmark/3264/2019,80
A/Hungary/42/2022,A/Denmark/3264/2019,80
A/Norway/11716/2022,A/Denmark/3264/2019,80
A/Norway/12664/2022,A/Denmark/3264/2019,80
A/Norway/12392/2022,A/Denmark/3264/2019,80
A/Norway/13415/2022,A/Denmark/3264/2019,80
A/Norway/13992/2022,A/Denmark/3264/2019,160
A/Serbia/1172/2022,A/Denmark/3264/2019,80
A/Norway/15331/2022,A/Denmark/3264/2019,80
A/Hungary/60/2022,A/Denmark/3264/2019,80
A/Norway/16898/2022,A/Denmark/3264/2019,80
A/Serbia/1549/2022,A/Denmark/3264/2019,80
A/Norway/16929/2022,A/Denmark/3264/2019,80
A/Serbia/1732/2022,A/Denmark/3264/2019,80
A/Hungary/51/2022,A/Denmark/3264/2019,80
A/Serbia/452190/2022,A/Denmark/3264/2019,80
A/Hungary/52/2022,A/Denmark/3264/2019,80
A/Norway/18622/2022,A/Denmark/3264/2019,80
A/Norway/19137/2022,A/Denmark/3264/2019,80
A/Hungary/55/2022,A/Denmark/3264/2019,80
A/Norway/18088/2022,A/Denmark/3264/2019,80
A/Norway/18089/2022,A/Denmark/3264/2019,80
A/Norway/18090/2022,A/Denmark/3264/2019,80
A/Norway/18656/2022,A/Denmark/3264/2019,80
A/Norway/17599/2022,A/Denmark/3264/2019,80
A/Norway/17522/2022,A/Denmark/3264/2019,80
A/Norway/18641/2022,A/Denmark/3264/2019,80
A/Norway/18562/2022,A/Denmark/3264/2019,80
A/La Rioja/2092/2022,A/Denmark/3264/2019,80
A/Hungary/63/2022,A/Denmark/3264/2019,80
A/Hungary/64/2022,A/Denmark/3264/2019,40
A/Serbia/2230/2022,A/Denmark/3264/2019,80
A/Estonia/169422/2022,A/Denmark/3264/2019,80
A/Estonia/169416/2022,A/Denmark/3264/2019,80
A/Estonia/169371/2022,A/Denmark/3264/2019,80
A/Estonia/169440/2022,A/Denmark/3264/2019,80
A/Estonia/169485/2022,A/Denmark/3264/2019,80
A/Estonia/169484/2022,A/Denmark/3264/2019,80
A/Serbia/2489/2022,A/Denmark/3264/2019,80
A/Andalucia/2715/2022,A/Denmark/3264/2019,80
A/Serbia/2522/2022,A/Denmark/3264/2019,80
A/Andalucia/2717/2022,A/Denmark/3264/2019,80
A/Andalucia/2716/2022,A/Denmark/3264/2019,160
A/Andalucia/2723/2022,A/Denmark/3264/2019,320
A/Andalucia/2720/2022,A/Denmark/3264/2019,160
A/Andalucia/2718/2022,A/Denmark/3264/2019,160
A/Hungary/41/2022,A/Denmark/3264/2019,320
A/Norway/12650/2022,A/Denmark/3264/2019,160
A/Serbia/447250/2022,A/Denmark/3264/2019,40
A/Norway/15385/2022,A/Denmark/3264/2019,80
A/Norway/18657/2022,A/Denmark/3264/2019,40
A/Norway/18658/2022,A/Denmark/3264/2019,40
A/Serbia/2210/2022,A/Denmark/3264/2019,40
A/Norway/12245/2022,A/Denmark/3264/2019,160
A/Norway/13224/2022,A/Denmark/3264/2019,160
A/South Africa/R03557/2022,A/Denmark/3264/2019,160
A/Denmark/3264/2019,A/Hong Kong/2671/2019,160
A/Hong Kong/2671/2019,A/Hong Kong/2671/2019,320
A/Cambodia/925256/2020,A/Hong Kong/2671/2019,160
A/Cambodia/e0826360/2020,A/Hong Kong/2671/2019,<40
A/Bangladesh/4005/2020,A/Hong Kong/2671/2019,40
A/Stockholm/5/2021,A/Hong Kong/2671/2019,<40
A/England/214191723/2021,A/Hong Kong/2671/2019,<40
A/Darwin/9/2021,A/Hong Kong/2671/2019,<40
A/Kansas/14/2017,A/Hong Kong/2671/2019,<40
A/Serbia/416495/2022,A/Hong Kong/2671/2019,<40
A/Serbia/491/2022,A/Hong Kong/2671/2019,<40
A/Serbia/422406/2022,A/Hong Kong/2671/2019,<40
A/Hungary/39/2022,A/Hong Kong/2671/2019,<40
A/Hungary/42/2022,A/Hong Kong/2671/2019,<40
A/Norway/11716/2022,A/Hong Kong/2671/2019,<40
A/Norway/12664/2022,A/Hong Kong/2671/2019,<40
A/Norway/12392/2022,A/Hong Kong/2671/2019,<40
A/Norway/13415/2022,A/Hong Kong/2671/2019,<40
A/Norway/13992/2022,A/Hong Kong/2671/2019,<40
A/Serbia/1172/2022,A/Hong Kong/2671/2019,<40
A/Norway/15331/2022,A/Hong Kong/2671/2019,<40
A/Hungary/60/2022,A/Hong Kong/2671/2019,<40
A/Norway/16898/2022,A/Hong Kong/2671/2019,<40
A/Serbia/1549/2022,A/Hong Kong/2671/2019,<40
A/Norway/16929/2022,A/Hong Kong/2671/2019,<40
A/Serbia/1732/2022,A/Hong Kong/2671/2019,<40
A/Hungary/51/2022,A/Hong Kong/2671/2019,<40
A/Serbia/452190/2022,A/Hong Kong/2671/2019,<40
A/Hungary/52/2022,A/Hong Kong/2671/2019,<40
A/Norway/18622/2022,A/Hong Kong/2671/2019,<40
A/Norway/19137/2022,A/Hong Kong/2671/2019,<40
A/Hungary/55/2022,A/Hong Kong/2671/2019,<40
A/Norway/18088/2022,A/Hong Kong/2671/2019,<40
A/Norway/18089/2022,A/Hong Kong/2671/2019,<40
A/Norway/18090/2022,A/Hong Kong/2671/2019,<40
A/Norway/18656/2022,A/Hong Kong/2671/2019,<40
A/Norway/17599/2022,A/Hong Kong/2671/2019,<40
A/Norway/17522/2022,A/Hong Kong/2671/2019,<40
A/Norway/18641/2022,A/Hong Kong/2671/2019,<40
A/Norway/18562/2022,A/Hong Kong/2671/2019,<40
A/La Rioja/2092/2022,A/Hong Kong/2671/2019,<40
A/Hungary/63/2022,A/Hong Kong/2671/2019,<40
A/Hungary/64/2022,A/Hong Kong/2671/2019,<40
A/Serbia/2230/2022,A/Hong Kong/2671/2019,<40
A/Estonia/169422/2022,A/Hong Kong/2671/2019,<40
A/Estonia/169416/2022,A/Hong Kong/2671/2019,<40
A/Estonia/169371/2022,A/Hong Kong/2671/2019,<40
A/Estonia/169440/2022,A/Hong Kong/2671/2019,<40
A/Estonia/169485/2022,A/Hong Kong/2671/2019,<40
A/Estonia/169484/2022,A/Hong Kong/2671/2019,<40
A/Serbia/2489/2022,A/Hong Kong/2671/2019,<40
A/Andalucia/2715/2022,A/Hong Kong/2671/2019,<40
A/Serbia/2522/2022,A/Hong Kong/2671/2019,<40
A/Andalucia/2717/2022,A/Hong Kong/2671/2019,<40
A/Andalucia/2716/2022,A/Hong Kong/2671/2019,<40
A/Andalucia/2723/2022,A/Hong Kong/2671/2019,40
A/Andalucia/2720/2022,A/Hong Kong/2671/2019,<40
A/Andalucia/2718/2022,A/Hong Kong/2671/2019,<40
A/Hungary/41/2022,A/Hong Kong/2671/2019,<40
A/Norway/12650/2022,A/Hong Kong/2671/2019,40
A/Serbia/447250/2022,A/Hong Kong/2671/2019,<40
A/Norway/15385/2022,A/Hong Kong/2671/2019,<40
A/Norway/18657/2022,A/Hong Kong/2671/2019,<40
A/Norway/18658/2022,A/Hong Kong/2671/2019,<40
A/Serbia/2210/2022,A/Hong Kong/2671/2019,<40
A/Norway/12245/2022,A/Hong Kong/2671/2019,<40
A/Norway/13224/2022,A/Hong Kong/2671/2019,<40
A/South Africa/R03557/2022,A/Hong Kong/2671/2019,<40
A/Denmark/3264/2019,A/Cambodia/925256/2020,640
A/Hong Kong/2671/2019,A/Cambodia/925256/2020,1280
A/Cambodia/925256/2020,A/Cambodia/925256/2020,1280
A/Cambodia/e0826360/2020,A/Cambodia/925256/2020,160
A/Bangladesh/4005/2020,A/Cambodia/925256/2020,320
A/Stockholm/5/2021,A/Cambodia/925256/2020,160
A/England/214191723/2021,A/Cambodia/925256/2020,80
A/Darwin/9/2021,A/Cambodia/925256/2020,160
A/Kansas/14/2017,A/Cambodia/925256/2020,80
A/Serbia/416495/2022,A/Cambodia/925256/2020,160
A/Serbia/491/2022,A/Cambodia/925256/2020,160
A/Serbia/422406/2022,A/Cambodia/925256/2020,160
A/Hungary/39/2022,A/Cambodia/925256/2020,40
A/Hungary/42/2022,A/Cambodia/925256/2020,80
A/Norway/11716/2022,A/Cambodia/925256/2020,40
A/Norway/12664/2022,A/Cambodia/925256/2020,40
A/Norway/12392/2022,A/Cambodia/925256/2020,40
A/Norway/13415/2022,A/Cambodia/925256/2020,80
A/Norway/13992/2022,A/Cambodia/925256/2020,80
A/Serbia/1172/2022,A/Cambodia/925256/2020,160
A/Norway/15331/2022,A/Cambodia/925256/2020,80
A/Hungary/60/2022,A/Cambodia/925256/2020,40
A/Norway/16898/2022,A/Cambodia/925256/2020,40
A/Serbia/1549/2022,A/Cambodia/925256/2020,80
A/Norway/16929/2022,A/Cambodia/925256/2020,40
A/Serbia/1732/2022,A/Cambodia/925256/2020,80
A/Hungary/51/2022,A/Cambodia/925256/2020,40
A/Serbia/452190/2022,A/Cambodia/925256/2020,80
A/Hungary/52/2022,A/Cambodia/925256/2020,40
A/Norway/18622/2022,A/Cambodia/925256/2020,40
A/Norway/19137/2022,A/Cambodia/925256/2020,80
A/Hungary/55/2022,A/Cambodia/925256/2020,80
A/Norway/18088/2022,A/Cambodia/925256/2020,80
A/Norway/18089/2022,A/Cambodia/925256/2020,40
A/Norway/18090/2022,A/Cambodia/925256/2020,80
A/Norway/18656/2022,A/Cambodia/925256/2020,80
A/Norway/17599/2022,A/Cambodia/925256/2020,80
A/Norway/17522/2022,A/Cambodia/925256/2020,80
A/Norway/18641/2022,A/Cambodia/925256/2020,80
A/Norway/18562/2022,A/Cambodia/925256/2020,80
A/La Rioja/2092/2022,A/Cambodia/925256/2020,40
A/Hungary/63/2022,A/Cambodia/925256/2020,80
A/Hungary/64/2022,A/Cambodia/925256/2020,80
A/Serbia/2230/2022,A/Cambodia/925256/2020,40
A/Estonia/169422/2022,A/Cambodia/925256/2020,40
A/Estonia/169416/2022,A/Cambodia/925256/2020,40
A/Estonia/169371/2022,A/Cambodia/925256/2020,40
A/Estonia/169440/2022,A/Cambodia/925256/2020,40
A/Estonia/169485/2022,A/Cambodia/925256/2020,40
A/Estonia/169484/2022,A/Cambodia/925256/2020,40
A/Serbia/2489/2022,A/Cambodia/925256/2020,40
A/Andalucia/2715/2022,A/Cambodia/925256/2020,40
A/Serbia/2522/2022,A/Cambodia/925256/2020,40
A/Andalucia/2717/2022,A/Cambodia/925256/2020,40
A/Andalucia/2716/2022,A/Cambodia/925256/2020,40
A/Andalucia/2723/2022,A/Cambodia/925256/2020,160
A/Andalucia/2720/2022,A/Cambodia/925256/2020,80
A/Andalucia/2718/2022,A/Cambodia/925256/2020,80
A/Hungary/41/2022,A/Cambodia/925256/2020,80
A/Norway/12650/2022,A/Cambodia/925256/2020,80
A/Serbia/447250/2022,A/Cambodia/925256/2020,160
A/Norway/15385/2022,A/Cambodia/925256/2020,80
A/Norway/18657/2022,A/Cambodia/925256/2020,80
A/Norway/18658/2022,A/Cambodia/925256/2020,80
A/Serbia/2210/2022,A/Cambodia/925256/2020,80
A/Norway/12245/2022,A/Cambodia/925256/2020,80
A/Norway/13224/2022,A/Cambodia/925256/2020,80
A/South Africa/R03557/2022,A/Cambodia/925256/2020,80
A/Denmark/3264/2019,A/Cambodia/e0826360/2020,160
A/Hong Kong/2671/2019,A/Cambodia/e0826360/2020,160
A/Cambodia/925256/2020,A/Cambodia/e0826360/2020,160
A/Cambodia/e0826360/2020,A/Cambodia/e0826360/2020,2560
A/Bangladesh/4005/2020,A/Cambodia/e0826360/2020,320
A/Stockholm/5/2021,A/Cambodia/e0826360/2020,160
A/England/214191723/2021,A/Cambodia/e0826360/2020,160
A/Darwin/9/2021,A/Cambodia/e0826360/2020,640
A/Kansas/14/2017,A/Cambodia/e0826360/2020,80
A/Serbia/416495/2022,A/Cambodia/e0826360/2020,80
A/Serbia/491/2022,A/Cambodia/e0826360/2020,80
A/Serbia/422406/2022,A/Cambodia/e0826360/2020,80
A/Hungary/39/2022,A/Cambodia/e0826360/2020,160
A/Hungary/42/2022,A/Cambodia/e0826360/2020,160
A/Norway/11716/2022,A/Cambodia/e0826360/2020,80
A/Norway/12664/2022,A/Cambodia/e0826360/2020,80
A/Norway/12392/2022,A/Cambodia/e0826360/2020,80
A/Norway/13415/2022,A/Cambodia/e0826360/2020,160
A/Norway/13992/2022,A/Cambodia/e0826360/2020,160
A/Serbia/1172/2022,A/Cambodia/e0826360/2020,80
A/Norway/15331/2022,A/Cambodia/e0826360/2020,80
A/Hungary/60/2022,A/Cambodia/e0826360/2020,80
A/Norway/16898/2022,A/Cambodia/e0826360/2020,80
A/Serbia/1549/2022,A/Cambodia/e0826360/2020,40
A/Norway/16929/2022,A/Cambodia/e0826360/2020,80
A/Serbia/1732/2022,A/Cambodia/e0826360/2020,40
A/Hungary/51/2022,A/Cambodia/e0826360/2020,80
A/Serbia/452190/2022,A/Cambodia/e0826360/2020,40
A/Hungary/52/2022,A/Cambodia/e0826360/2020,80
A/Norway/18622/2022,A/Cambodia/e0826360/2020,80
A/Norway/19137/2022,A/Cambodia/e0826360/2020,80
A/Hungary/55/2022,A/Cambodia/e0826360/2020,40
A/Norway/18088/2022,A/Cambodia/e0826360/2020,80
A/Norway/18089/2022,A/Cambodia/e0826360/2020,80
A/Norway/18090/2022,A/Cambodia/e0826360/2020,80
A/Norway/18656/2022,A/Cambodia/e0826360/2020,80
A/Norway/17599/2022,A/Cambodia/e0826360/2020,80
A/Norway/17522/2022,A/Cambodia/e0826360/2020,80
A/Norway/18641/2022,A/Cambodia/e0826360/2020,80
A/Norway/18562/2022,A/Cambodia/e0826360/2020,80
A/La Rioja/2092/2022,A/Cambodia/e0826360/2020,80
A/Hungary/63/2022,A/Cambodia/e0826360/2020,40
A/Hungary/64/2022,A/Cambodia/e0826360/2020,40
A/Serbia/2230/2022,A/Cambodia/e0826360/2020,80
A/Estonia/169422/2022,A/Cambodia/e0826360/2020,80
A/Estonia/169416/2022,A/Cambodia/e0826360/2020,80
A/Estonia/169371/2022,A/Cambodia/e0826360/2020,80
A/Estonia/169440/2022,A/Cambodia/e0826360/2020,80
A/Estonia/169485/2022,A/Cambodia/e0826360/2020,80
A/Estonia/169484/2022,A/Cambodia/e0826360/2020,80
A/Serbia/2489/2022,A/Cambodia/e0826360/2020,80
A/Andalucia/2715/2022,A/Cambodia/e0826360/2020,80
A/Serbia/2522/2022,A/Cambodia/e0826360/2020,80
A/Andalucia/2717/2022,A/Cambodia/e0826360/2020,80
A/Andalucia/2716/2022,A/Cambodia/e0826360/2020,80
A/Andalucia/2723/2022,A/Cambodia/e0826360/2020,160
A/Andalucia/2720/2022,A/Cambodia/e0826360/2020,160
A/Andalucia/2718/2022,A/Cambodia/e0826360/2020,160
A/Hungary/41/2022,A/Cambodia/e0826360/2020,640
A/Norway/12650/2022,A/Cambodia/e0826360/2020,320
A/Serbia/447250/2022,A/Cambodia/e0826360/2020,40
A/Norway/15385/2022,A/Cambodia/e0826360/2020,80
A/Norway/18657/2022,A/Cambodia/e0826360/2020,80
A/Norway/18658/2022,A/Cambodia/e0826360/2020,80
A/Serbia/2210/2022,A/Cambodia/e0826360/2020,80
A/Norway/12245/2022,A/Cambodia/e0826360/2020,320
A/Norway/13224/2022,A/Cambodia/e0826360/2020,160
A/South Africa/R03557/2022,A/Cambodia/e0826360/2020,320
A/Denmark/3264/2019,A/Bangladesh/4005/2020,320
A/Hong Kong/2671/2019,A/Bangladesh/4005/2020,320
A/Cambodia/925256/2020,A/Bangladesh/4005/2020,320
A/Cambodia/e0826360/2020,A/Bangladesh/4005/2020,320
A/Bangladesh/4005/2020,A/Bangladesh/4005/2020,640
A/Stockholm/5/2021,A/Bangladesh/4005/2020,320
A/England/214191723/2021,A/Bangladesh/4005/2020,320
A/Darwin/9/2021,A/Bangladesh/4005/2020,640
A/Kansas/14/2017,A/Bangladesh/4005/2020,80
A/Serbia/416495/2022,A/Bangladesh/4005/2020,320
A/Serbia/491/2022,A/Bangladesh/4005/2020,320
A/Serbia/422406/2022,A/Bangladesh/4005/2020,320
A/Hungary/39/2022,A/Bangladesh/4005/2020,160
A/Hungary/42/2022,A/Bangladesh/4005/2020,160
A/Norway/11716/2022,A/Bangladesh/4005/2020,320
A/Norway/12664/2022,A/Bangladesh/4005/2020,160
A/Norway/12392/2022,A/Bangladesh/4005/2020,160
A/Norway/13415/2022,A/Bangladesh/4005/2020,320
A/Norway/13992/2022,A/Bangladesh/4005/2020,320
A/Serbia/1172/2022,A/Bangladesh/4005/2020,320
A/Norway/15331/2022,A/Bangladesh/4005/2020,160
A/Hungary/60/2022,A/Bangladesh/4005/2020,160
A/Norway/16898/2022,A/Bangladesh/4005/2020,320
A/Serbia/1549/2022,A/Bangladesh/4005/2020,160
A/Norway/16929/2022,A/Bangladesh/4005/2020,160
A/Serbia/1732/2022,A/Bangladesh/4005/2020,320
A/Hungary/51/2022,A/Bangladesh/4005/2020,160
A/Serbia/452190/2022,A/Bangladesh/4005/2020,160
A/Hungary/52/2022,A/Bangladesh/4005/2020,160
A/Norway/18622/2022,A/Bangladesh/4005/2020,320
A/Norway/19137/2022,A/Bangladesh/4005/2020,160
A/Hungary/55/2022,A/Bangladesh/4005/2020,160
A/Norway/18088/2022,A/Bangladesh/4005/2020,160
A/Norway/18089/2022,A/Bangladesh/4005/2020,320
A/Norway/18090/2022,A/Bangladesh/4005/2020,320
A/Norway/18656/2022,A/Bangladesh/4005/2020,320
A/Norway/17599/2022,A/Bangladesh/4005/2020,320
A/Norway/17522/2022,A/Bangladesh/4005/2020,320
A/Norway/18641/2022,A/Bangladesh/4005/2020,320
A/Norway/18562/2022,A/Bangladesh/4005/2020,160
A/La Rioja/2092/2022,A/Bangladesh/4005/2020,320
A/Hungary/63/2022,A/Bangladesh/4005/2020,160
A/Hungary/64/2022,A/Bangladesh/4005/2020,160
A/Serbia/2230/2022,A/Bangladesh/4005/2020,320
A/Estonia/169422/2022,A/Bangladesh/4005/2020,160
A/Estonia/169416/2022,A/Bangladesh/4005/2020,160
A/Estonia/169371/2022,A/Bangladesh/4005/2020,160
A/Estonia/169440/2022,A/Bangladesh/4005/2020,160
A/Estonia/169485/2022,A/Bangladesh/4005/2020,160
A/Estonia/169484/2022,A/Bangladesh/4005/2020,160
A/Serbia/2489/2022,A/Bangladesh/4005/2020,320
A/Andalucia/2715/2022,A/Bangladesh/4005/2020,320
A/Serbia/2522/2022,A/Bangladesh/4005/2020,320
A/Andalucia/2717/2022,A/Bangladesh/4005/2020,320
A/Andalucia/2716/2022,A/Bangladesh/4005/2020,320
A/Andalucia/2723/2022,A/Bangladesh/4005/2020,640
A/Andalucia/2720/2022,A/Bangladesh/4005/2020,320
A/Andalucia/2718/2022,A/Bangladesh/4005/2020,320
A/Hungary/41/2022,A/Bangladesh/4005/2020,320
A/Norway/12650/2022,A/Bangladesh/4005/2020,320
A/Serbia/447250/2022,A/Bangladesh/4005/2020,160
A/Norway/15385/2022,A/Bangladesh/4005/2020,320
A/Norway/18657/2022,A/Bangladesh/4005/2020,160
A/Norway/18658/2022,A/Bangladesh/4005/2020,160
A/Serbia/2210/2022,A/Bangladesh/4005/2020,160
A/Norway/12245/2022,A/Bangladesh/4005/2020,640
A/Norway/13224/2022,A/Bangladesh/4005/2020,640
A/South Africa/R03557/2022,A/Bangladesh/4005/2020,320
A/Denmark/3264/2019,A/Stockholm/5/2021,160
A/Hong Kong/2671/2019,A/Stockholm/5/2021,160
A/Cambodia/925256/2020,A/Stockholm/5/2021,160
A/Cambodia/e0826360/2020,A/Stockholm/5/2021,160
A/Bangladesh/4005/2020,A/Stockholm/5/2021,640
A/Stockholm/5/2021,A/Stockholm/5/2021,640
A/England/214191723/2021,A/Stockholm/5/2021,640
A/Darwin/9/2021,A/Stockholm/5/2021,640
A/Kansas/14/2017,A/Stockholm/5/2021,160
A/Serbia/416495/2022,A/Stockholm/5/2021,640
A/Serbia/491/2022,A/Stockholm/5/2021,640
A/Serbia/422406/2022,A/Stockholm/5/2021,320
A/Hungary/39/2022,A/Stockholm/5/2021,320
A/Hungary/42/2022,A/Stockholm/5/2021,320
A/Norway/11716/2022,A/Stockholm/5/2021,320
A/Norway/12664/2022,A/Stockholm/5/2021,320
A/Norway/12392/2022,A/Stockholm/5/2021,320
A/Norway/13415/2022,A/Stockholm/5/2021,640
A/Norway/13992/2022,A/Stockholm/5/2021,640
A/Serbia/1172/2022,A/Stockholm/5/2021,640
A/Norway/15331/2022,A/Stockholm/5/2021,320
A/Hungary/60/2022,A/Stockholm/5/2021,320
A/Norway/16898/2022,A/Stockholm/5/2021,320
A/Serbia/1549/2022,A/Stockholm/5/2021,320
A/Norway/16929/2022,A/Stockholm/5/2021,320
A/Serbia/1732/2022,A/Stockholm/5/2021,640
A/Hungary/51/2022,A/Stockholm/5/2021,320
A/Serbia/452190/2022,A/Stockholm/5/2021,320
A/Hungary/52/2022,A/Stockholm/5/2021,320
A/Norway/18622/2022,A/Stockholm/5/2021,320
A/Norway/19137/2022,A/Stockholm/5/2021,320
A/Hungary/55/2022,A/Stockholm/5/2021,320
A/Norway/18088/2022,A/Stockholm/5/2021,320
A/Norway/18089/2022,A/Stockholm/5/2021,320
A/Norway/18090/2022,A/Stockholm/5/2021,320
A/Norway/18656/2022,A/Stockholm/5/2021,640
A/Norway/17599/2022,A/Stockholm/5/2021,640
A/Norway/17522/2022,A/Stockholm/5/2021,320
A/Norway/18641/2022,A/Stockholm/5/2021,320
A/Norway/18562/2022,A/Stockholm/5/2021,320
A/La Rioja/2092/2022,A/Stockholm/5/2021,640
A/Hungary/63/2022,A/Stockholm/5/2021,320
A/Hungary/64/2022,A/Stockholm/5/2021,320
A/Serbia/2230/2022,A/Stockholm/5/2021,320
A/Estonia/169422/2022,A/Stockholm/5/2021,320
A/Estonia/169416/2022,A/Stockholm/5/2021,320
A/Estonia/169371/2022,A/Stockholm/5/2021,320
A/Estonia/169440/2022,A/Stockholm/5/2021,320
A/Estonia/169485/2022,A/Stockholm/5/2021,320
A/Estonia/169484/2022,A/Stockholm/5/2021,640
A/Serbia/2489/2022,A/Stockholm/5/2021,320
A/Andalucia/2715/2022,A/Stockholm/5/2021,640
A/Serbia/2522/2022,A/Stockholm/5/2021,320
A/Andalucia/2717/2022,A/Stockholm/5/2021,640
A/Andalucia/2716/2022,A/Stockholm/5/2021,640
A/Andalucia/2723/2022,A/Stockholm/5/2021,1280
A/Andalucia/2720/2022,A/Stockholm/5/2021,640
A/Andalucia/2718/2022,A/Stockholm/5/2021,640
A/Hungary/41/2022,A/Stockholm/5/2021,640
A/Norway/12650/2022,A/Stockholm/5/2021,640
A/Serbia/447250/2022,A/Stockholm/5/2021,320
A/Norway/15385/2022,A/Stockholm/5/2021,320
A/Norway/18657/2022,A/Stockholm/5/2021,320
A/Norway/18658/2022,A/Stockholm/5/2021,320
A/Serbia/2210/2022,A/Stockholm/5/2021,320
A/Norway/12245/2022,A/Stockholm/5/2021,320
A/Norway/13224/2022,A/Stockholm/5/2021,320
A/South Africa/R03557/2022,A/Stockholm/5/2021,320
A/Denmark/3264/2019,A/England/214191723/2021,80
A/Hong Kong/2671/2019,A/England/214191723/2021,40
A/Cambodia/925256/2020,A/England/214191723/2021,40
A/Cambodia/e0826360/2020,A/England/214191723/2021,320
A/Bangladesh/4005/2020,A/England/214191723/2021,640
A/Stockholm/5/2021,A/England/214191723/2021,320
A/England/214191723/2021,A/England/214191723/2021,1280
A/Darwin/9/2021,A/England/214191723/2021,640
A/Kansas/14/2017,A/England/214191723/2021,80
A/Serbia/416495/2022,A/England/214191723/2021,640
A/Serbia/491/2022,A/England/214191723/2021,640
A/Serbia/422406/2022,A/England/214191723/2021,1280
A/Hungary/39/2022,A/England/214191723/2021,320
A/Hungary/42/2022,A/England/214191723/2021,320
A/Norway/11716/2022,A/England/214191723/2021,320
A/Norway/12664/2022,A/England/214191723/2021,320
A/Norway/12392/2022,A/England/214191723/2021,320
A/Norway/13415/2022,A/England/214191723/2021,640
A/Norway/13992/2022,A/England/214191723/2021,640
A/Serbia/1172/2022,A/England/214191723/2021,320
A/Norway/15331/2022,A/England/214191723/2021,640
A/Hungary/60/2022,A/England/214191723/2021,640
A/Norway/16898/2022,A/England/214191723/2021,320
A/Serbia/1549/2022,A/England/214191723/2021,320
A/Norway/16929/2022,A/England/214191723/2021,320
A/Serbia/1732/2022,A/England/214191723/2021,320
A/Hungary/51/2022,A/England/214191723/2021,320
A/Serbia/452190/2022,A/England/214191723/2021,320
A/Hungary/52/2022,A/England/214191723/2021,320
A/Norway/18622/2022,A/England/214191723/2021,320
A/Norway/19137/2022,A/England/214191723/2021,320
A/Hungary/55/2022,A/England/214191723/2021,320
A/Norway/18088/2022,A/England/214191723/2021,320
A/Norway/18089/2022,A/England/214191723/2021,320
A/Norway/18090/2022,A/England/214191723/2021,320
A/Norway/18656/2022,A/England/214191723/2021,320
A/Norway/17599/2022,A/England/214191723/2021,640
A/Norway/17522/2022,A/England/214191723/2021,320
A/Norway/18641/2022,A/England/214191723/2021,320
A/Norway/18562/2022,A/England/214191723/2021,320
A/La Rioja/2092/2022,A/England/214191723/2021,640
A/Hungary/63/2022,A/England/214191723/2021,320
A/Hungary/64/2022,A/England/214191723/2021,320
A/Serbia/2230/2022,A/England/214191723/2021,320
A/Estonia/169422/2022,A/England/214191723/2021,640
A/Estonia/169416/2022,A/England/214191723/2021,320
A/Estonia/169371/2022,A/England/214191723/2021,320
A/Estonia/169440/2022,A/England/214191723/2021,320
A/Estonia/169485/2022,A/England/214191723/2021,320
A/Estonia/169484/2022,A/England/214191723/2021,320
A/Serbia/2489/2022,A/England/214191723/2021,160
A/Andalucia/2715/2022,A/England/214191723/2021,640
A/Serbia/2522/2022,A/England/214191723/2021,320
A/Andalucia/2717/2022,A/England/214191723/2021,640
A/Andalucia/2716/2022,A/England/214191723/2021,640
A/Andalucia/2723/2022,A/England/214191723/2021,1280
A/Andalucia/2720/2022,A/England/214191723/2021,1280
A/Andalucia/2718/2022,A/England/214191723/2021,640
A/Hungary/41/2022,A/England/214191723/2021,1280
A/Norway/12650/2022,A/England/214191723/2021,640
A/Serbia/447250/2022,A/England/214191723/2021,640
A/Norway/15385/2022,A/England/214191723/2021,640
A/Norway/18657/2022,A/England/214191723/2021,640
A/Norway/18658/2022,A/England/214191723/2021,640
A/Serbia/2210/2022,A/England/214191723/2021,640
A/Norway/12245/2022,A/England/214191723/2021,320
A/Norway/13224/2022,A/England/214191723/2021,640
A/South Africa/R03557/2022,A/England/214191723/2021,320
A/Denmark/3264/2019,A/Darwin/9/2021,320
A/Hong Kong/2671/2019,A/Darwin/9/2021,320
A/Cambodia/925256/2020,A/Darwin/9/2021,320
A/Cambodia/e0826360/2020,A/Darwin/9/2021,320
A/Bangladesh/4005/2020,A/Darwin/9/2021,1280
A/Stockholm/5/2021,A/Darwin/9/2021,1280
A/England/214191723/2021,A/Darwin/9/2021,640
A/Darwin/9/2021,A/Darwin/9/2021,1280
A/Kansas/14/2017,A/Darwin/9/2021,80
A/Serbia/416495/2022,A/Darwin/9/2021,1280
A/Serbia/491/2022,A/Darwin/9/2021,1280
A/Serbia/422406/2022,A/Darwin/9/2021,1280
A/Hungary/39/2022,A/Darwin/9/2021,640
A/Hungary/42/2022,A/Darwin/9/2021,640
A/Norway/11716/2022,A/Darwin/9/2021,640
A/Norway/12664/2022,A/Darwin/9/2021,640
A/Norway/12392/2022,A/Darwin/9/2021,640
A/Norway/13415/2022,A/Darwin/9/2021,1280
A/Norway/13992/2022,A/Darwin/9/2021,1280
A/Serbia/1172/2022,A/Darwin/9/2021,640
A/Norway/15331/2022,A/Darwin/9/2021,640
A/Hungary/60/2022,A/Darwin/9/2021,1280
A/Norway/16898/2022,A/Darwin/9/2021,640
A/Serbia/1549/2022,A/Darwin/9/2021,640
A/Norway/16929/2022,A/Darwin/9/2021,640
A/Serbia/1732/2022,A/Darwin/9/2021,640
A/Hungary/51/2022,A/Darwin/9/2021,640
A/Serbia/452190/2022,A/Darwin/9/2021,640
A/Hungary/52/2022,A/Darwin/9/2021,640
A/Norway/18622/2022,A/Darwin/9/2021,640
A/Norway/19137/2022,A/Darwin/9/2021,640
A/Hungary/55/2022,A/Darwin/9/2021,640
A/Norway/18088/2022,A/Darwin/9/2021,640
A/Norway/18089/2022,A/Darwin/9/2021,640
A/Norway/18090/2022,A/Darwin/9/2021,1280
A/Norway/18656/2022,A/Darwin/9/2021,640
A/Norway/17599/2022,A/Darwin/9/2021,1280
A/Norway/17522/2022,A/Darwin/9/2021,640
A/Norway/18641/2022,A/Darwin/9/2021,640
A/Norway/18562/2022,A/Darwin/9/2021,640
A/La Rioja/2092/2022,A/Darwin/9/2021,1280
A/Hungary/63/2022,A/Darwin/9/2021,640
A/Hungary/64/2022,A/Darwin/9/2021,320
A/Serbia/2230/2022,A/Darwin/9/2021,640
A/Estonia/169422/2022,A/Darwin/9/2021,640
A/Estonia/169416/2022,A/Darwin/9/2021,640
A/Estonia/169371/2022,A/Darwin/9/2021,640
A/Estonia/169440/2022,A/Darwin/9/2021,640
A/Estonia/169485/2022,A/Darwin/9/2021,640
A/Estonia/169484/2022,A/Darwin/9/2021,640
A/Serbia/2489/2022,A/Darwin/9/2021,640
A/Andalucia/2715/2022,A/Darwin/9/2021,640
A/Serbia/2522/2022,A/Darwin/9/2021,640
A/Andalucia/2717/2022,A/Darwin/9/2021,1280
A/Andalucia/2716/2022,A/Darwin/9/2021,640
A/Andalucia/2723/2022,A/Darwin/9/2021,1280
A/Andalucia/2720/2022,A/Darwin/9/2021,1280
A/Andalucia/2718/2022,A/Darwin/9/2021,1280
A/Hungary/41/2022,A/Darwin/9/2021,1280
A/Norway/12650/2022,A/Darwin/9/2021,640
A/Serbia/447250/2022,A/Darwin/9/2021,320
A/Norway/15385/2022,A/Darwin/9/2021,640
A/Norway/18657/2022,A/Darwin/9/2021,640
A/Norway/18658/2022,A/Darwin/9/2021,640
A/Serbia/2210/2022,A/Darwin/9/2021,640
A/Norway/12245/2022,A/Darwin/9/2021,640
A/Norway/13224/2022,A/Darwin/9/2021,640
A/South Africa/R03557/2022,A/Darwin/9/2021,320
A/Denmark/3264/2019,A/Kansas/14/2017,160
A/Hong Kong/2671/2019,A/Kansas/14/2017,160
A/Cambodia/925256/2020,A/Kansas/14/2017,160
A/Cambodia/e0826360/2020,A/Kansas/14/2017,80
A/Bangladesh/4005/2020,A/Kansas/14/2017,320
A/Stockholm/5/2021,A/Kansas/14/2017,80
A/England/214191723/2021,A/Kansas/14/2017,40
A/Darwin/9/2021,A/Kansas/14/2017,80
A/Kansas/14/2017,A/Kansas/14/2017,640
A/Serbia/416495/2022,A/Kansas/14/2017,40
A/Serbia/491/2022,A/Kansas/14/2017,40
A/Serbia/422406/2022,A/Kansas/14/2017,80
A/Hungary/39/2022,A/Kansas/14/2017,40
A/Hungary/42/2022,A/Kansas/14/2017,40
A/Norway/11716/2022,A/Kansas/14/2017,<40
A/Norway/12664/2022,A/Kansas/14/2017,<40
A/Norway/12392/2022,A/Kansas/14/2017,<40
A/Norway/13415/2022,A/Kansas/14/2017,160
A/Norway/13992/2022,A/Kansas/14/2017,80
A/Serbia/1172/2022,A/Kansas/14/2017,40
A/Norway/15331/2022,A/Kansas/14/2017,<40
A/Hungary/60/2022,A/Kansas/14/2017,40
A/Norway/16898/2022,A/Kansas/14/2017,<40
A/Serbia/1549/2022,A/Kansas/14/2017,<40
A/Norway/16929/2022,A/Kansas/14/2017,<40
A/Serbia/1732/2022,A/Kansas/14/2017,<40
A/Hungary/51/2022,A/Kansas/14/2017,40
A/Serbia/452190/2022,A/Kansas/14/2017,40
A/Hungary/52/2022,A/Kansas/14/2017,40
A/Norway/18622/2022,A/Kansas/14/2017,<40
A/Norway/19137/2022,A/Kansas/14/2017,40
A/Hungary/55/2022,A/Kansas/14/2017,<40
A/Norway/18088/2022,A/Kansas/14/2017,40
A/Norway/18089/2022,A/Kansas/14/2017,<40
A/Norway/18090/2022,A/Kansas/14/2017,40
A/Norway/18656/2022,A/Kansas/14/2017,40
A/Norway/17599/2022,A/Kansas/14/2017,40
A/Norway/17522/2022,A/Kansas/14/2017,40
A/Norway/18641/2022,A/Kansas/14/2017,40
A/Norway/18562/2022,A/Kansas/14/2017,40
A/La Rioja/2092/2022,A/Kansas/14/2017,40
A/Hungary/63/2022,A/Kansas/14/2017,40
A/Hungary/64/2022,A/Kansas/14/2017,<40
A/Serbia/2230/2022,A/Kansas/14/2017,40
A/Estonia/169422/2022,A/Kansas/14/2017,<40
A/Estonia/169416/2022,A/Kansas/14/2017,40
A/Estonia/169371/2022,A/Kansas/14/2017,40
A/Estonia/169440/2022,A/Kansas/14/2017,40
A/Estonia/169485/2022,A/Kansas/14/2017,<40
A/Estonia/169484/2022,A/Kansas/14/2017,40
A/Serbia/2489/2022,A/Kansas/14/2017,<40
A/Andalucia/2715/2022,A/Kansas/14/2017,<40
A/Serbia/2522/2022,A/Kansas/14/2017,<40
A/Andalucia/2717/2022,A/Kansas/14/2017,40
A/Andalucia/2716/2022,A/Kansas/14/2017,40
A/Andalucia/2723/2022,A/Kansas/14/2017,80
A/Andalucia/2720/2022,A/Kansas/14/2017,80
A/Andalucia/2718/2022,A/Kansas/14/2017,40
A/Hungary/41/2022,A/Kansas/14/2017,160
A/Norway/12650/2022,A/Kansas/14/2017,80
A/Serbia/447250/2022,A/Kansas/14/2017,40
A/Norway/15385/2022,A/Kansas/14/2017,40
A/Norway/18657/2022,A/Kansas/14/2017,<40
A/Norway/18658/2022,A/Kansas/14/2017,40
A/Serbia/2210/2022,A/Kansas/14/2017,40
A/Norway/12245/2022,A/Kansas/14/2017,160
A/Norway/13224/2022,A/Kansas/14/2017,160
A/South Africa/R03557/2022,A/Kansas/14/2017,160
A/Denmark/3264/2019,A/Denmark/3264/2019,320
A/Hong Kong/2671/2019,A/Denmark/3264/2019,160
A/Cambodia/925256/2020,A/Denmark/3264/2019,160
A/Cambodia/e0826360/2020,A/Denmark/3264/2019,80
A/Bangladesh/4005/2020,A/Denmark/3264/2019,160
A/Stockholm/5/2021,A/Denmark/3264/2019,80
A/England/214191723/2021,A/Denmark/3264/2019,40
A/Darwin/9/2021,A/Denmark/3264/2019,160
A/Kansas/14/2017,A/Denmark/3264/2019,40
A/Netherlands/00092/2021,A/Denmark/3264/2019,<40
A/Netherlands/00103/2021,A/Denmark/3264/2019,40
A/Netherlands/00001/2022,A/Denmark/3264/2019,160
A/Netherlands/00009/2022,A/Denmark/3264/2019,80
A/Netherlands/00110/2021,A/Denmark/3264/2019,320
A/Moldova/20837/2022,A/Denmark/3264/2019,40
A/Lithuania/33828/2022,A/Denmark/3264/2019,80
A/Norway/12347/2022,A/Denmark/3264/2019,80
A/Moldova/18402/2022,A/Denmark/3264/2019,40
A/Moldova/6662/2022,A/Denmark/3264/2019,160
A/Moldova/6649/2022,A/Denmark/3264/2019,160
A/Moldova/7267/2022,A/Denmark/3264/2019,160
A/Moldova/7273/2022,A/Denmark/3264/2019,160
A/Lithuania/33816/2022,A/Denmark/3264/2019,40
A/Lithuania/36119/2022,A/Denmark/3264/2019,160
A/Lithuania/36453/2022,A/Denmark/3264/2019,40
A/Lithuania/36696/2022,A/Denmark/3264/2019,160
A/Dakar/03/2022,A/Denmark/3264/2019,40
A/Moldova/20046/2022,A/Denmark/3264/2019,40
A/Moldova/20838/2022,A/Denmark/3264/2019,40
A/Moldova/7877/2022,A/Denmark/3264/2019,40
A/Moldova/7896/2022,A/Denmark/3264/2019,40
A/Dakar/10/2022,A/Denmark/3264/2019,80
A/Dakar/11/2022,A/Denmark/3264/2019,160
A/Dakar/20/2022,A/Denmark/3264/2019,80
A/Moldova/20035/2022,A/Denmark/3264/2019,80
A/Moldova/20813/2022,A/Denmark/3264/2019,160
A/Netherlands/10502/2022,A/Denmark/3264/2019,80
A/Netherlands/10884/2022,A/Denmark/3264/2019,160
A/Netherlands/10866/2022,A/Denmark/3264/2019,<40
A/Netherlands/11119/2022,A/Denmark/3264/2019,160
A/Netherlands/11201/2022,A/Denmark/3264/2019,160
A/Netherlands/00832/2022,A/Denmark/3264/2019,80
A/Denmark/3264/2019,A/Hong Kong/2671/2019,320
A/Hong Kong/2671/2019,A/Hong Kong/2671/2019,320
A/Cambodia/925256/2020,A/Hong Kong/2671/2019,160
A/Cambodia/e0826360/2020,A/Hong Kong/2671/2019,<40
A/Bangladesh/4005/2020,A/Hong Kong/2671/2019,40
A/Stockholm/5/2021,A/Hong Kong/2671/2019,<40
A/England/214191723/2021,A/Hong Kong/2671/2019,<40
A/Darwin/9/2021,A/Hong Kong/2671/2019,<40
A/Kansas/14/2017,A/Hong Kong/2671/2019,<40
A/Netherlands/00092/2021,A/Hong Kong/2671/2019,<40
A/Netherlands/00103/2021,A/Hong Kong/2671/2019,<40
A/Netherlands/00001/2022,A/Hong Kong/2671/2019,40
A/Netherlands/00009/2022,A/Hong Kong/2671/2019,<40
A/Netherlands/00110/2021,A/Hong Kong/2671/2019,160
A/Moldova/20837/2022,A/Hong Kong/2671/2019,<40
A/Lithuania/33828/2022,A/Hong Kong/2671/2019,<40
A/Norway/12347/2022,A/Hong Kong/2671/2019,<40
A/Moldova/18402/2022,A/Hong Kong/2671/2019,<40
A/Moldova/6662/2022,A/Hong Kong/2671/2019,<40
A/Moldova/6649/2022,A/Hong Kong/2671/2019,<40
A/Moldova/7267/2022,A/Hong Kong/2671/2019,<40
A/Moldova/7273/2022,A/Hong Kong/2671/2019,<40
A/Lithuania/33816/2022,A/Hong Kong/2671/2019,<40
A/Lithuania/36119/2022,A/Hong Kong/2671/2019,<40
A/Lithuania/36453/2022,A/Hong Kong/2671/2019,<40
A/Lithuania/36696/2022,A/Hong Kong/2671/2019,<40
A/Dakar/03/2022,A/Hong Kong/2671/2019,<40
A/Moldova/20046/2022,A/Hong Kong/2671/2019,<40
A/Moldova/20838/2022,A/Hong Kong/2671/2019,<40
A/Moldova/7877/2022,A/Hong Kong/2671/2019,<40
A/Moldova/7896/2022,A/Hong Kong/2671/2019,<40
A/Dakar/10/2022,A/Hong Kong/2671/2019,<40
A/Dakar/11/2022,A/Hong Kong/2671/2019,<40
A/Dakar/20/2022,A/Hong Kong/2671/2019,<40
A/Moldova/20035/2022,A/Hong Kong/2671/2019,<40
A/Moldova/20813/2022,A/Hong Kong/2671/2019,<40
A/Netherlands/10502/2022,A/Hong Kong/2671/2019,<40
A/Netherlands/10884/2022,A/Hong Kong/2671/2019,<40
A/Netherlands/10866/2022,A/Hong Kong/2671/2019,<40
A/Netherlands/11119/2022,A/Hong Kong/2671/2019,<40
A/Netherlands/11201/2022,A/Hong Kong/2671/2019,<40
A/Netherlands/00832/2022,A/Hong Kong/2671/2019,<40
A/Denmark/3264/2019,A/Cambodia/925256/2020,640
A/Hong Kong/2671/2019,A/Cambodia/925256/2020,640
A/Cambodia/925256/2020,A/Cambodia/925256/2020,640
A/Cambodia/e0826360/2020,A/Cambodia/925256/2020,160
A/Bangladesh/4005/2020,A/Cambodia/925256/2020,320
A/Stockholm/5/2021,A/Cambodia/925256/2020,80
A/England/214191723/2021,A/Cambodia/925256/2020,80
A/Darwin/9/2021,A/Cambodia/925256/2020,80
A/Kansas/14/2017,A/Cambodia/925256/2020,80
A/Netherlands/00092/2021,A/Cambodia/925256/2020,40
A/Netherlands/00103/2021,A/Cambodia/925256/2020,40
A/Netherlands/00001/2022,A/Cambodia/925256/2020,160
A/Netherlands/00009/2022,A/Cambodia/925256/2020,80
A/Netherlands/00110/2021,A/Cambodia/925256/2020,320
A/Moldova/20837/2022,A/Cambodia/925256/2020,<40
A/Lithuania/33828/2022,A/Cambodia/925256/2020,40
A/Norway/12347/2022,A/Cambodia/925256/2020,40
A/Moldova/18402/2022,A/Cambodia/925256/2020,40
A/Moldova/6662/2022,A/Cambodia/925256/2020,80
A/Moldova/6649/2022,A/Cambodia/925256/2020,80
A/Moldova/7267/2022,A/Cambodia/925256/2020,80
A/Moldova/7273/2022,A/Cambodia/925256/2020,80
A/Lithuania/33816/2022,A/Cambodia/925256/2020,40
A/Lithuania/36119/2022,A/Cambodia/925256/2020,80
A/Lithuania/36453/2022,A/Cambodia/925256/2020,40
A/Lithuania/36696/2022,A/Cambodia/925256/2020,80
A/Dakar/03/2022,A/Cambodia/925256/2020,40
A/Moldova/20046/2022,A/Cambodia/925256/2020,40
A/Moldova/20838/2022,A/Cambodia/925256/2020,40
A/Moldova/7877/2022,A/Cambodia/925256/2020,40
A/Moldova/7896/2022,A/Cambodia/925256/2020,40
A/Dakar/10/2022,A/Cambodia/925256/2020,40
A/Dakar/11/2022,A/Cambodia/925256/2020,40
A/Dakar/20/2022,A/Cambodia/925256/2020,40
A/Moldova/20035/2022,A/Cambodia/925256/2020,40
A/Moldova/20813/2022,A/Cambodia/925256/2020,80
A/Netherlands/10502/2022,A/Cambodia/925256/2020,40
A/Netherlands/10884/2022,A/Cambodia/925256/2020,80
A/Netherlands/10866/2022,A/Cambodia/925256/2020,<40
A/Netherlands/11119/2022,A/Cambodia/925256/2020,80
A/Netherlands/11201/2022,A/Cambodia/925256/2020,80
A/Netherlands/00832/2022,A/Cambodia/925256/2020,40
A/Denmark/3264/2019,A/Cambodia/e0826360/2020,320
A/Hong Kong/2671/2019,A/Cambodia/e0826360/2020,160
A/Cambodia/925256/2020,A/Cambodia/e0826360/2020,320
A/Cambodia/e0826360/2020,A/Cambodia/e0826360/2020,1280
A/Bangladesh/4005/2020,A/Cambodia/e0826360/2020,320
A/Stockholm/5/2021,A/Cambodia/e0826360/2020,160
A/England/214191723/2021,A/Cambodia/e0826360/2020,160
A/Darwin/9/2021,A/Cambodia/e0826360/2020,640
A/Kansas/14/2017,A/Cambodia/e0826360/2020,80
A/Netherlands/00092/2021,A/Cambodia/e0826360/2020,40
A/Netherlands/00103/2021,A/Cambodia/e0826360/2020,80
A/Netherlands/00001/2022,A/Cambodia/e0826360/2020,160
A/Netherlands/00009/2022,A/Cambodia/e0826360/2020,320
A/Netherlands/00110/2021,A/Cambodia/e0826360/2020,180
A/Moldova/20837/2022,A/Cambodia/e0826360/2020,80
A/Lithuania/33828/2022,A/Cambodia/e0826360/2020,80
A/Norway/12347/2022,A/Cambodia/e0826360/2020,320
A/Moldova/18402/2022,A/Cambodia/e0826360/2020,80
A/Moldova/6662/2022,A/Cambodia/e0826360/2020,320
A/Moldova/6649/2022,A/Cambodia/e0826360/2020,320
A/Moldova/7267/2022,A/Cambodia/e0826360/2020,320
A/Moldova/7273/2022,A/Cambodia/e0826360/2020,320
A/Lithuania/33816/2022,A/Cambodia/e0826360/2020,80
A/Lithuania/36119/2022,A/Cambodia/e0826360/2020,320
A/Lithuania/36453/2022,A/Cambodia/e0826360/2020,80
A/Lithuania/36696/2022,A/Cambodia/e0826360/2020,320
A/Dakar/03/2022,A/Cambodia/e0826360/2020,80
A/Moldova/20046/2022,A/Cambodia/e0826360/2020,80
A/Moldova/20838/2022,A/Cambodia/e0826360/2020,80
A/Moldova/7877/2022,A/Cambodia/e0826360/2020,80
A/Moldova/7896/2022,A/Cambodia/e0826360/2020,80
A/Dakar/10/2022,A/Cambodia/e0826360/2020,80
A/Dakar/11/2022,A/Cambodia/e0826360/2020,160
A/Dakar/20/2022,A/Cambodia/e0826360/2020,80
A/Moldova/20035/2022,A/Cambodia/e0826360/2020,320
A/Moldova/20813/2022,A/Cambodia/e0826360/2020,320
A/Netherlands/10502/2022,A/Cambodia/e0826360/2020,80
A/Netherlands/10884/2022,A/Cambodia/e0826360/2020,320
A/Netherlands/10866/2022,A/Cambodia/e0826360/2020,<40
A/Netherlands/11119/2022,A/Cambodia/e0826360/2020,160
A/Netherlands/11201/2022,A/Cambodia/e0826360/2020,320
A/Netherlands/00832/2022,A/Cambodia/e0826360/2020,80
A/Denmark/3264/2019,A/Bangladesh/4005/2020,320
A/Hong Kong/2671/2019,A/Bangladesh/4005/2020,160
A/Cambodia/925256/2020,A/Bangladesh/4005/2020,320
A/Cambodia/e0826360/2020,A/Bangladesh/4005/2020,320
A/Bangladesh/4005/2020,A/Bangladesh/4005/2020,640
A/Stockholm/5/2021,A/Bangladesh/4005/2020,320
A/England/214191723/2021,A/Bangladesh/4005/2020,160
A/Darwin/9/2021,A/Bangladesh/4005/2020,320
A/Kansas/14/2017,A/Bangladesh/4005/2020,80
A/Netherlands/00092/2021,A/Bangladesh/4005/2020,80
A/Netherlands/00103/2021,A/Bangladesh/4005/2020,160
A/Netherlands/00001/2022,A/Bangladesh/4005/2020,640
A/Netherlands/00009/2022,A/Bangladesh/4005/2020,320
A/Netherlands/00110/2021,A/Bangladesh/4005/2020,160
A/Moldova/20837/2022,A/Bangladesh/4005/2020,160
A/Lithuania/33828/2022,A/Bangladesh/4005/2020,160
A/Norway/12347/2022,A/Bangladesh/4005/2020,320
A/Moldova/18402/2022,A/Bangladesh/4005/2020,320
A/Moldova/6662/2022,A/Bangladesh/4005/2020,320
A/Moldova/6649/2022,A/Bangladesh/4005/2020,320
A/Moldova/7267/2022,A/Bangladesh/4005/2020,320
A/Moldova/7273/2022,A/Bangladesh/4005/2020,320
A/Lithuania/33816/2022,A/Bangladesh/4005/2020,160
A/Lithuania/36119/2022,A/Bangladesh/4005/2020,320
A/Lithuania/36453/2022,A/Bangladesh/4005/2020,160
A/Lithuania/36696/2022,A/Bangladesh/4005/2020,320
A/Dakar/03/2022,A/Bangladesh/4005/2020,160
A/Moldova/20046/2022,A/Bangladesh/4005/2020,160
A/Moldova/20838/2022,A/Bangladesh/4005/2020,160
A/Moldova/7877/2022,A/Bangladesh/4005/2020,160
A/Moldova/7896/2022,A/Bangladesh/4005/2020,160
A/Dakar/10/2022,A/Bangladesh/4005/2020,160
A/Dakar/11/2022,A/Bangladesh/4005/2020,320
A/Dakar/20/2022,A/Bangladesh/4005/2020,160
A/Moldova/20035/2022,A/Bangladesh/4005/2020,320
A/Moldova/20813/2022,A/Bangladesh/4005/2020,320
A/Netherlands/10502/2022,A/Bangladesh/4005/2020,320
A/Netherlands/10884/2022,A/Bangladesh/4005/2020,320
A/Netherlands/10866/2022,A/Bangladesh/4005/2020,160
A/Netherlands/11119/2022,A/Bangladesh/4005/2020,320
A/Netherlands/11201/2022,A/Bangladesh/4005/2020,320
A/Netherlands/00832/2022,A/Bangladesh/4005/2020,160
A/Denmark/3264/2019,A/Stockholm/5/2021,320
A/Hong Kong/2671/2019,A/Stockholm/5/2021,160
A/Cambodia/925256/2020,A/Stockholm/5/2021,160
A/Cambodia/e0826360/2020,A/Stockholm/5/2021,160
A/Bangladesh/4005/2020,A/Stockholm/5/2021,640
A/Stockholm/5/2021,A/Stockholm/5/2021,640
A/England/214191723/2021,A/Stockholm/5/2021,320
A/Darwin/9/2021,A/Stockholm/5/2021,640
A/Kansas/14/2017,A/Stockholm/5/2021,160
A/Netherlands/00092/2021,A/Stockholm/5/2021,160
A/Netherlands/00103/2021,A/Stockholm/5/2021,160
A/Netherlands/00001/2022,A/Stockholm/5/2021,640
A/Netherlands/00009/2022,A/Stockholm/5/2021,320
A/Netherlands/00110/2021,A/Stockholm/5/2021,160
A/Moldova/20837/2022,A/Stockholm/5/2021,320
A/Lithuania/33828/2022,A/Stockholm/5/2021,320
A/Norway/12347/2022,A/Stockholm/5/2021,640
A/Moldova/18402/2022,A/Stockholm/5/2021,640
A/Moldova/6662/2022,A/Stockholm/5/2021,640
A/Moldova/6649/2022,A/Stockholm/5/2021,640
A/Moldova/7267/2022,A/Stockholm/5/2021,640
A/Moldova/7273/2022,A/Stockholm/5/2021,640
A/Lithuania/33816/2022,A/Stockholm/5/2021,320
A/Lithuania/36119/2022,A/Stockholm/5/2021,640
A/Lithuania/36453/2022,A/Stockholm/5/2021,320
A/Lithuania/36696/2022,A/Stockholm/5/2021,640
A/Dakar/03/2022,A/Stockholm/5/2021,320
A/Moldova/20046/2022,A/Stockholm/5/2021,320
A/Moldova/20838/2022,A/Stockholm/5/2021,160
A/Moldova/7877/2022,A/Stockholm/5/2021,320
A/Moldova/7896/2022,A/Stockholm/5/2021,320
A/Dakar/10/2022,A/Stockholm/5/2021,320
A/Dakar/11/2022,A/Stockholm/5/2021,1280
A/Dakar/20/2022,A/Stockholm/5/2021,160
A/Moldova/20035/2022,A/Stockholm/5/2021,160
A/Moldova/20813/2022,A/Stockholm/5/2021,320
A/Netherlands/10502/2022,A/Stockholm/5/2021,320
A/Netherlands/10884/2022,A/Stockholm/5/2021,320
A/Netherlands/10866/2022,A/Stockholm/5/2021,160
A/Netherlands/11119/2022,A/Stockholm/5/2021,320
A/Netherlands/11201/2022,A/Stockholm/5/2021,320
A/Netherlands/00832/2022,A/Stockholm/5/2021,160
A/Denmark/3264/2019,A/England/214191723/2021,80
A/Hong Kong/2671/2019,A/England/214191723/2021,40
A/Cambodia/925256/2020,A/England/214191723/2021,40
A/Cambodia/e0826360/2020,A/England/214191723/2021,320
A/Bangladesh/4005/2020,A/England/214191723/2021,640
A/Stockholm/5/2021,A/England/214191723/2021,320
A/England/214191723/2021,A/England/214191723/2021,640
A/Darwin/9/2021,A/England/214191723/2021,640
A/Kansas/14/2017,A/England/214191723/2021,80
A/Netherlands/00092/2021,A/England/214191723/2021,320
A/Netherlands/00103/2021,A/England/214191723/2021,320
A/Netherlands/00001/2022,A/England/214191723/2021,320
A/Netherlands/00009/2022,A/England/214191723/2021,160
A/Netherlands/00110/2021,A/England/214191723/2021,<40
A/Moldova/20837/2022,A/England/214191723/2021,320
A/Lithuania/33828/2022,A/England/214191723/2021,320
A/Norway/12347/2022,A/England/214191723/2021,320
A/Moldova/18402/2022,A/England/214191723/2021,320
A/Moldova/6662/2022,A/England/214191723/2021,640
A/Moldova/6649/2022,A/England/214191723/2021,640
A/Moldova/7267/2022,A/England/214191723/2021,640
A/Moldova/7273/2022,A/England/214191723/2021,640
A/Lithuania/33816/2022,A/England/214191723/2021,320
A/Lithuania/36119/2022,A/England/214191723/2021,640
A/Lithuania/36453/2022,A/England/214191723/2021,320
A/Lithuania/36696/2022,A/England/214191723/2021,640
A/Dakar/03/2022,A/England/214191723/2021,640
A/Moldova/20046/2022,A/England/214191723/2021,640
A/Moldova/20838/2022,A/England/214191723/2021,640
A/Moldova/7877/2022,A/England/214191723/2021,640
A/Moldova/7896/2022,A/England/214191723/2021,640
A/Dakar/10/2022,A/England/214191723/2021,640
A/Dakar/11/2022,A/England/214191723/2021,1280
A/Dakar/20/2022,A/England/214191723/2021,640
A/Moldova/20035/2022,A/England/214191723/2021,160
A/Moldova/20813/2022,A/England/214191723/2021,160
A/Netherlands/10502/2022,A/England/214191723/2021,320
A/Netherlands/10884/2022,A/England/214191723/2021,320
A/Netherlands/10866/2022,A/England/214191723/2021,80
A/Netherlands/11119/2022,A/England/214191723/2021,320
A/Netherlands/11201/2022,A/England/214191723/2021,320
A/Netherlands/00832/2022,A/England/214191723/2021,160
A/Denmark/3264/2019,A/Darwin/9/2021,320
A/Hong Kong/2671/2019,A/Darwin/9/2021,160
A/Cambodia/925256/2020,A/Darwin/9/2021,320
A/Cambodia/e0826360/2020,A/Darwin/9/2021,160
A/Bangladesh/4005/2020,A/Darwin/9/2021,640
A/Stockholm/5/2021,A/Darwin/9/2021,640
A/England/214191723/2021,A/Darwin/9/2021,640
A/Darwin/9/2021,A/Darwin/9/2021,1280
A/Kansas/14/2017,A/Darwin/9/2021,80
A/Netherlands/00092/2021,A/Darwin/9/2021,320
A/Netherlands/00103/2021,A/Darwin/9/2021,320
A/Netherlands/00001/2022,A/Darwin/9/2021,640
A/Netherlands/00009/2022,A/Darwin/9/2021,320
A/Netherlands/00110/2021,A/Darwin/9/2021,80
A/Moldova/20837/2022,A/Darwin/9/2021,640
A/Lithuania/33828/2022,A/Darwin/9/2021,640
A/Norway/12347/2022,A/Darwin/9/2021,640
A/Moldova/18402/2022,A/Darwin/9/2021,640
A/Moldova/6662/2022,A/Darwin/9/2021,640
A/Moldova/6649/2022,A/Darwin/9/2021,640
A/Moldova/7267/2022,A/Darwin/9/2021,640
A/Moldova/7273/2022,A/Darwin/9/2021,640
A/Lithuania/33816/2022,A/Darwin/9/2021,640
A/Lithuania/36119/2022,A/Darwin/9/2021,640
A/Lithuania/36453/2022,A/Darwin/9/2021,640
A/Lithuania/36696/2022,A/Darwin/9/2021,1280
A/Dakar/03/2022,A/Darwin/9/2021,320
A/Moldova/20046/2022,A/Darwin/9/2021,640
A/Moldova/20838/2022,A/Darwin/9/2021,320
A/Moldova/7877/2022,A/Darwin/9/2021,320
A/Moldova/7896/2022,A/Darwin/9/2021,320
A/Dakar/10/2022,A/Darwin/9/2021,320
A/Dakar/11/2022,A/Darwin/9/2021,1280
A/Dakar/20/2022,A/Darwin/9/2021,320
A/Moldova/20035/2022,A/Darwin/9/2021,320
A/Moldova/20813/2022,A/Darwin/9/2021,320
A/Netherlands/10502/2022,A/Darwin/9/2021,320
A/Netherlands/10884/2022,A/Darwin/9/2021,320
A/Netherlands/10866/2022,A/Darwin/9/2021,160
A/Netherlands/11119/2022,A/Darwin/9/2021,640
A/Netherlands/11201/2022,A/Darwin/9/2021,640
A/Netherlands/00832/2022,A/Darwin/9/2021,160
A/Denmark/3264/2019,A/Kansas/14/2017,160
A/Hong Kong/2671/2019,A/Kansas/14/2017,160
A/Cambodia/925256/2020,A/Kansas/14/2017,160
A/Cambodia/e0826360/2020,A/Kansas/14/2017,80
A/Bangladesh/4005/2020,A/Kansas/14/2017,320
A/Stockholm/5/2021,A/Kansas/14/2017,40
A/England/214191723/2021,A/Kansas/14/2017,40
A/Darwin/9/2021,A/Kansas/14/2017,80
A/Kansas/14/2017,A/Kansas/14/2017,640
A/Netherlands/00092/2021,A/Kansas/14/2017,<40
A/Netherlands/00103/2021,A/Kansas/14/2017,<40
A/Netherlands/00001/2022,A/Kansas/14/2017,160
A/Netherlands/00009/2022,A/Kansas/14/2017,80
A/Netherlands/00110/2021,A/Kansas/14/2017,80
A/Moldova/20837/2022,A/Kansas/14/2017,<40
A/Lithuania/33828/2022,A/Kansas/14/2017,<40
A/Norway/12347/2022,A/Kansas/14/2017,80
A/Moldova/18402/2022,A/Kansas/14/2017,40
A/Moldova/6662/2022,A/Kansas/14/2017,80
A/Moldova/6649/2022,A/Kansas/14/2017,80
A/Moldova/7267/2022,A/Kansas/14/2017,80
A/Moldova/7273/2022,A/Kansas/14/2017,80
A/Lithuania/33816/2022,A/Kansas/14/2017,<40
A/Lithuania/36119/2022,A/Kansas/14/2017,80
A/Lithuania/36453/2022,A/Kansas/14/2017,<40
A/Lithuania/36696/2022,A/Kansas/14/2017,80
A/Dakar/03/2022,A/Kansas/14/2017,40
A/Moldova/20046/2022,A/Kansas/14/2017,40
A/Moldova/20838/2022,A/Kansas/14/2017,<40
A/Moldova/7877/2022,A/Kansas/14/2017,<40
A/Moldova/7896/2022,A/Kansas/14/2017,<40
A/Dakar/10/2022,A/Kansas/14/2017,40
A/Dakar/11/2022,A/Kansas/14/2017,80
A/Dakar/20/2022,A/Kansas/14/2017,40
A/Moldova/20035/2022,A/Kansas/14/2017,80
A/Moldova/20813/2022,A/Kansas/14/2017,80
A/Netherlands/10502/2022,A/Kansas/14/2017,80
A/Netherlands/10884/2022,A/Kansas/14/2017,160
A/Netherlands/10866/2022,A/Kansas/14/2017,<40
A/Netherlands/11119/2022,A/Kansas/14/2017,160
A/Netherlands/11201/2022,A/Kansas/14/2017,160
A/Netherlands/00832/2022,A/Kansas/14/2017,80
A/Denmark/3264/2019,A/Denmark/3264/2019,320
A/Hong Kong/2671/2019,A/Denmark/3264/2019,320
A/Cambodia/925256/2020,A/Denmark/3264/2019,160
A/Cambodia/e0826360/2020,A/Denmark/3264/2019,160
A/Bangladesh/4005/2020,A/Denmark/3264/2019,160
A/Stockholm/5/2021,A/Denmark/3264/2019,80
A/England/214191723/2021,A/Denmark/3264/2019,40
A/Darwin/9/2021,A/Denmark/3264/2019,160
A/Kansas/14/2017,A/Denmark/3264/2019,40
A/Orenburg/5/2022,A/Denmark/3264/2019,160
A/Dakar/02/2022,A/Denmark/3264/2019,80
A/Birobidjan/12/2022,A/Denmark/3264/2019,160
A/FVG-Trieste/05/2022,A/Denmark/3264/2019,80
A/Parma/2/2022,A/Denmark/3264/2019,40
A/FVG-Trieste/13/2022,A/Denmark/3264/2019,40
A/FVG-Trieste/16/2022,A/Denmark/3264/2019,80
A/Milano/30/2022,A/Denmark/3264/2019,80
A/Sassari/2/2022,A/Denmark/3264/2019,80
A/Sassari/4/2022,A/Denmark/3264/2019,80
A/Sassari/7/2022,A/Denmark/3264/2019,40
A/Sassari/9/2022,A/Denmark/3264/2019,80
A/Perugia/23/2022,A/Denmark/3264/2019,40
A/Bolzano/21/2022,A/Denmark/3264/2019,80
A/FVG-Trieste/366/2022,A/Denmark/3264/2019,40
A/Milano/112/2022,A/Denmark/3264/2019,80
A/Milano/37/2022,A/Denmark/3264/2019,160
A/Parma/51/2022,A/Denmark/3264/2019,160
A/Bolzano/16/2022,A/Denmark/3264/2019,80
A/Milano/32/2022,A/Denmark/3264/2019,40
A/FVG-Trieste/385/2022,A/Denmark/3264/2019,40
A/FVG-Trieste/381/2022,A/Denmark/3264/2019,40
A/Bolzano/24/2022,A/Denmark/3264/2019,80
A/Dakar/05/2022,A/Denmark/3264/2019,80
A/Dakar/23/2022,A/Denmark/3264/2019,80
A/Dakar/15/2022,A/Denmark/3264/2019,80
A/Dakar/06/2022,A/Denmark/3264/2019,80
A/Dakar/08/2022,A/Denmark/3264/2019,40
A/Dakar/21/2022,A/Denmark/3264/2019,80
A/Dakar/25/2022,A/Denmark/3264/2019,80
A/Dakar/24/2022,A/Denmark/3264/2019,80
A/Dakar/22/2022,A/Denmark/3264/2019,80
A/Denmark/3264/2019,A/Hong Kong/2671/2019,160
A/Hong Kong/2671/2019,A/Hong Kong/2671/2019,160
A/Cambodia/925256/2020,A/Hong Kong/2671/2019,160
A/Cambodia/e0826360/2020,A/Hong Kong/2671/2019,<40
A/Bangladesh/4005/2020,A/Hong Kong/2671/2019,40
A/Stockholm/5/2021,A/Hong Kong/2671/2019,<40
A/England/214191723/2021,A/Hong Kong/2671/2019,<40
A/Darwin/9/2021,A/Hong Kong/2671/2019,<40
A/Kansas/14/2017,A/Hong Kong/2671/2019,<40
A/Orenburg/5/2022,A/Hong Kong/2671/2019,<40
A/Dakar/02/2022,A/Hong Kong/2671/2019,<40
A/Birobidjan/12/2022,A/Hong Kong/2671/2019,<40
A/FVG-Trieste/05/2022,A/Hong Kong/2671/2019,<40
A/Parma/2/2022,A/Hong Kong/2671/2019,<40
A/FVG-Trieste/13/2022,A/Hong Kong/2671/2019,<40
A/FVG-Trieste/16/2022,A/Hong Kong/2671/2019,<40
A/Milano/30/2022,A/Hong Kong/2671/2019,<40
A/Sassari/2/2022,A/Hong Kong/2671/2019,<40
A/Sassari/4/2022,A/Hong Kong/2671/2019,<40
A/Sassari/7/2022,A/Hong Kong/2671/2019,<40
A/Sassari/9/2022,A/Hong Kong/2671/2019,<40
A/Perugia/23/2022,A/Hong Kong/2671/2019,<40
A/Bolzano/21/2022,A/Hong Kong/2671/2019,<40
A/FVG-Trieste/366/2022,A/Hong Kong/2671/2019,<40
A/Milano/112/2022,A/Hong Kong/2671/2019,<40
A/Milano/37/2022,A/Hong Kong/2671/2019,<40
A/Parma/51/2022,A/Hong Kong/2671/2019,<40
A/Bolzano/16/2022,A/Hong Kong/2671/2019,<40
A/Milano/32/2022,A/Hong Kong/2671/2019,<40
A/FVG-Trieste/385/2022,A/Hong Kong/2671/2019,<40
A/FVG-Trieste/381/2022,A/Hong Kong/2671/2019,<40
A/Bolzano/24/2022,A/Hong Kong/2671/2019,<40
A/Dakar/05/2022,A/Hong Kong/2671/2019,<40
A/Dakar/23/2022,A/Hong Kong/2671/2019,<40
A/Dakar/15/2022,A/Hong Kong/2671/2019,<40
A/Dakar/06/2022,A/Hong Kong/2671/2019,<40
A/Dakar/08/2022,A/Hong Kong/2671/2019,<40
A/Dakar/21/2022,A/Hong Kong/2671/2019,<40
A/Dakar/25/2022,A/Hong Kong/2671/2019,<40
A/Dakar/24/2022,A/Hong Kong/2671/2019,<40
A/Dakar/22/2022,A/Hong Kong/2671/2019,<40
A/Denmark/3264/2019,A/Cambodia/925256/2020,640
A/Hong Kong/2671/2019,A/Cambodia/925256/2020,640
A/Cambodia/925256/2020,A/Cambodia/925256/2020,640
A/Cambodia/e0826360/2020,A/Cambodia/925256/2020,80
A/Bangladesh/4005/2020,A/Cambodia/925256/2020,160
A/Stockholm/5/2021,A/Cambodia/925256/2020,80
A/England/214191723/2021,A/Cambodia/925256/2020,80
A/Darwin/9/2021,A/Cambodia/925256/2020,80
A/Kansas/14/2017,A/Cambodia/925256/2020,80
A/Orenburg/5/2022,A/Cambodia/925256/2020,80
A/Dakar/02/2022,A/Cambodia/925256/2020,80
A/Birobidjan/12/2022,A/Cambodia/925256/2020,80
A/FVG-Trieste/05/2022,A/Cambodia/925256/2020,40
A/Parma/2/2022,A/Cambodia/925256/2020,40
A/FVG-Trieste/13/2022,A/Cambodia/925256/2020,40
A/FVG-Trieste/16/2022,A/Cambodia/925256/2020,40
A/Milano/30/2022,A/Cambodia/925256/2020,40
A/Sassari/2/2022,A/Cambodia/925256/2020,40
A/Sassari/4/2022,A/Cambodia/925256/2020,40
A/Sassari/7/2022,A/Cambodia/925256/2020,40
A/Sassari/9/2022,A/Cambodia/925256/2020,40
A/Perugia/23/2022,A/Cambodia/925256/2020,40
A/Bolzano/21/2022,A/Cambodia/925256/2020,40
A/FVG-Trieste/366/2022,A/Cambodia/925256/2020,40
A/Milano/112/2022,A/Cambodia/925256/2020,40
A/Milano/37/2022,A/Cambodia/925256/2020,80
A/Parma/51/2022,A/Cambodia/925256/2020,80
A/Bolzano/16/2022,A/Cambodia/925256/2020,40
A/Milano/32/2022,A/Cambodia/925256/2020,40
A/FVG-Trieste/385/2022,A/Cambodia/925256/2020,40
A/FVG-Trieste/381/2022,A/Cambodia/925256/2020,80
A/Bolzano/24/2022,A/Cambodia/925256/2020,40
A/Dakar/05/2022,A/Cambodia/925256/2020,40
A/Dakar/23/2022,A/Cambodia/925256/2020,80
A/Dakar/15/2022,A/Cambodia/925256/2020,40
A/Dakar/06/2022,A/Cambodia/925256/2020,80
A/Dakar/08/2022,A/Cambodia/925256/2020,40
A/Dakar/21/2022,A/Cambodia/925256/2020,80
A/Dakar/25/2022,A/Cambodia/925256/2020,80
A/Dakar/24/2022,A/Cambodia/925256/2020,80
A/Dakar/22/2022,A/Cambodia/925256/2020,40
A/Denmark/3264/2019,A/Cambodia/e0826360/2020,320
A/Hong Kong/2671/2019,A/Cambodia/e0826360/2020,160
A/Cambodia/925256/2020,A/Cambodia/e0826360/2020,320
A/Cambodia/e0826360/2020,A/Cambodia/e0826360/2020,1280
A/Bangladesh/4005/2020,A/Cambodia/e0826360/2020,320
A/Stockholm/5/2021,A/Cambodia/e0826360/2020,160
A/England/214191723/2021,A/Cambodia/e0826360/2020,160
A/Darwin/9/2021,A/Cambodia/e0826360/2020,640
A/Kansas/14/2017,A/Cambodia/e0826360/2020,80
A/Orenburg/5/2022,A/Cambodia/e0826360/2020,320
A/Dakar/02/2022,A/Cambodia/e0826360/2020,160
A/Birobidjan/12/2022,A/Cambodia/e0826360/2020,640
A/FVG-Trieste/05/2022,A/Cambodia/e0826360/2020,80
A/Parma/2/2022,A/Cambodia/e0826360/2020,160
A/FVG-Trieste/13/2022,A/Cambodia/e0826360/2020,80
A/FVG-Trieste/16/2022,A/Cambodia/e0826360/2020,80
A/Milano/30/2022,A/Cambodia/e0826360/2020,80
A/Sassari/2/2022,A/Cambodia/e0826360/2020,80
A/Sassari/4/2022,A/Cambodia/e0826360/2020,80
A/Sassari/7/2022,A/Cambodia/e0826360/2020,80
A/Sassari/9/2022,A/Cambodia/e0826360/2020,80
A/Perugia/23/2022,A/Cambodia/e0826360/2020,80
A/Bolzano/21/2022,A/Cambodia/e0826360/2020,160
A/FVG-Trieste/366/2022,A/Cambodia/e0826360/2020,80
A/Milano/112/2022,A/Cambodia/e0826360/2020,160
A/Milano/37/2022,A/Cambodia/e0826360/2020,320
A/Parma/51/2022,A/Cambodia/e0826360/2020,640
A/Bolzano/16/2022,A/Cambodia/e0826360/2020,160
A/Milano/32/2022,A/Cambodia/e0826360/2020,160
A/FVG-Trieste/385/2022,A/Cambodia/e0826360/2020,80
A/FVG-Trieste/381/2022,A/Cambodia/e0826360/2020,80
A/Bolzano/24/2022,A/Cambodia/e0826360/2020,160
A/Dakar/05/2022,A/Cambodia/e0826360/2020,80
A/Dakar/23/2022,A/Cambodia/e0826360/2020,160
A/Dakar/15/2022,A/Cambodia/e0826360/2020,160
A/Dakar/06/2022,A/Cambodia/e0826360/2020,320
A/Dakar/08/2022,A/Cambodia/e0826360/2020,160
A/Dakar/21/2022,A/Cambodia/e0826360/2020,160
A/Dakar/25/2022,A/Cambodia/e0826360/2020,160
A/Dakar/24/2022,A/Cambodia/e0826360/2020,160
A/Dakar/22/2022,A/Cambodia/e0826360/2020,160
A/Denmark/3264/2019,A/Bangladesh/4005/2020,320
A/Hong Kong/2671/2019,A/Bangladesh/4005/2020,320
A/Cambodia/925256/2020,A/Bangladesh/4005/2020,320
A/Cambodia/e0826360/2020,A/Bangladesh/4005/2020,320
A/Bangladesh/4005/2020,A/Bangladesh/4005/2020,640
A/Stockholm/5/2021,A/Bangladesh/4005/2020,320
A/England/214191723/2021,A/Bangladesh/4005/2020,160
A/Darwin/9/2021,A/Bangladesh/4005/2020,640
A/Kansas/14/2017,A/Bangladesh/4005/2020,80
A/Orenburg/5/2022,A/Bangladesh/4005/2020,320
A/Dakar/02/2022,A/Bangladesh/4005/2020,320
A/Birobidjan/12/2022,A/Bangladesh/4005/2020,320
A/FVG-Trieste/05/2022,A/Bangladesh/4005/2020,160
A/Parma/2/2022,A/Bangladesh/4005/2020,320
A/FVG-Trieste/13/2022,A/Bangladesh/4005/2020,160
A/FVG-Trieste/16/2022,A/Bangladesh/4005/2020,160
A/Milano/30/2022,A/Bangladesh/4005/2020,320
A/Sassari/2/2022,A/Bangladesh/4005/2020,320
A/Sassari/4/2022,A/Bangladesh/4005/2020,160
A/Sassari/7/2022,A/Bangladesh/4005/2020,160
A/Sassari/9/2022,A/Bangladesh/4005/2020,160
A/Perugia/23/2022,A/Bangladesh/4005/2020,160
A/Bolzano/21/2022,A/Bangladesh/4005/2020,320
A/FVG-Trieste/366/2022,A/Bangladesh/4005/2020,160
A/Milano/112/2022,A/Bangladesh/4005/2020,320
A/Milano/37/2022,A/Bangladesh/4005/2020,320
A/Parma/51/2022,A/Bangladesh/4005/2020,320
A/Bolzano/16/2022,A/Bangladesh/4005/2020,320
A/Milano/32/2022,A/Bangladesh/4005/2020,160
A/FVG-Trieste/385/2022,A/Bangladesh/4005/2020,160
A/FVG-Trieste/381/2022,A/Bangladesh/4005/2020,160
A/Bolzano/24/2022,A/Bangladesh/4005/2020,320
A/Dakar/05/2022,A/Bangladesh/4005/2020,320
A/Dakar/23/2022,A/Bangladesh/4005/2020,320
A/Dakar/15/2022,A/Bangladesh/4005/2020,320
A/Dakar/06/2022,A/Bangladesh/4005/2020,320
A/Dakar/08/2022,A/Bangladesh/4005/2020,320
A/Dakar/21/2022,A/Bangladesh/4005/2020,320
A/Dakar/25/2022,A/Bangladesh/4005/2020,320
A/Dakar/24/2022,A/Bangladesh/4005/2020,320
A/Dakar/22/2022,A/Bangladesh/4005/2020,320
A/Denmark/3264/2019,A/Stockholm/5/2021,160
A/Hong Kong/2671/2019,A/Stockholm/5/2021,80
A/Cambodia/925256/2020,A/Stockholm/5/2021,160
A/Cambodia/e0826360/2020,A/Stockholm/5/2021,160
A/Bangladesh/4005/2020,A/Stockholm/5/2021,640
A/Stockholm/5/2021,A/Stockholm/5/2021,640
A/England/214191723/2021,A/Stockholm/5/2021,320
A/Darwin/9/2021,A/Stockholm/5/2021,1280
A/Kansas/14/2017,A/Stockholm/5/2021,80
A/Orenburg/5/2022,A/Stockholm/5/2021,320
A/Dakar/02/2022,A/Stockholm/5/2021,320
A/Birobidjan/12/2022,A/Stockholm/5/2021,640
A/FVG-Trieste/05/2022,A/Stockholm/5/2021,320
A/Parma/2/2022,A/Stockholm/5/2021,640
A/FVG-Trieste/13/2022,A/Stockholm/5/2021,320
A/FVG-Trieste/16/2022,A/Stockholm/5/2021,640
A/Milano/30/2022,A/Stockholm/5/2021,640
A/Sassari/2/2022,A/Stockholm/5/2021,640
A/Sassari/4/2022,A/Stockholm/5/2021,320
A/Sassari/7/2022,A/Stockholm/5/2021,320
A/Sassari/9/2022,A/Stockholm/5/2021,320
A/Perugia/23/2022,A/Stockholm/5/2021,320
A/Bolzano/21/2022,A/Stockholm/5/2021,320
A/FVG-Trieste/366/2022,A/Stockholm/5/2021,320
A/Milano/112/2022,A/Stockholm/5/2021,320
A/Milano/37/2022,A/Stockholm/5/2021,640
A/Parma/51/2022,A/Stockholm/5/2021,320
A/Bolzano/16/2022,A/Stockholm/5/2021,320
A/Milano/32/2022,A/Stockholm/5/2021,320
A/FVG-Trieste/385/2022,A/Stockholm/5/2021,160
A/FVG-Trieste/381/2022,A/Stockholm/5/2021,320
A/Bolzano/24/2022,A/Stockholm/5/2021,320
A/Dakar/05/2022,A/Stockholm/5/2021,320
A/Dakar/23/2022,A/Stockholm/5/2021,640
A/Dakar/15/2022,A/Stockholm/5/2021,320
A/Dakar/06/2022,A/Stockholm/5/2021,640
A/Dakar/08/2022,A/Stockholm/5/2021,320
A/Dakar/21/2022,A/Stockholm/5/2021,320
A/Dakar/25/2022,A/Stockholm/5/2021,640
A/Dakar/24/2022,A/Stockholm/5/2021,320
A/Dakar/22/2022,A/Stockholm/5/2021,320
A/Denmark/3264/2019,A/England/214191723/2021,40
A/Hong Kong/2671/2019,A/England/214191723/2021,40
A/Cambodia/925256/2020,A/England/214191723/2021,40
A/Cambodia/e0826360/2020,A/England/214191723/2021,160
A/Bangladesh/4005/2020,A/England/214191723/2021,640
A/Stockholm/5/2021,A/England/214191723/2021,320
A/England/214191723/2021,A/England/214191723/2021,640
A/Darwin/9/2021,A/England/214191723/2021,640
A/Kansas/14/2017,A/England/214191723/2021,80
A/Orenburg/5/2022,A/England/214191723/2021,160
A/Dakar/02/2022,A/England/214191723/2021,640
A/Birobidjan/12/2022,A/England/214191723/2021,640
A/FVG-Trieste/05/2022,A/England/214191723/2021,320
A/Parma/2/2022,A/England/214191723/2021,320
A/FVG-Trieste/13/2022,A/England/214191723/2021,320
A/FVG-Trieste/16/2022,A/England/214191723/2021,320
A/Milano/30/2022,A/England/214191723/2021,640
A/Sassari/2/2022,A/England/214191723/2021,640
A/Sassari/4/2022,A/England/214191723/2021,320
A/Sassari/7/2022,A/England/214191723/2021,320
A/Sassari/9/2022,A/England/214191723/2021,320
A/Perugia/23/2022,A/England/214191723/2021,320
A/Bolzano/21/2022,A/England/214191723/2021,320
A/FVG-Trieste/366/2022,A/England/214191723/2021,160
A/Milano/112/2022,A/England/214191723/2021,320
A/Milano/37/2022,A/England/214191723/2021,640
A/Parma/51/2022,A/England/214191723/2021,320
A/Bolzano/16/2022,A/England/214191723/2021,320
A/Milano/32/2022,A/England/214191723/2021,640
A/FVG-Trieste/385/2022,A/England/214191723/2021,640
A/FVG-Trieste/381/2022,A/England/214191723/2021,640
A/Bolzano/24/2022,A/England/214191723/2021,320
A/Dakar/05/2022,A/England/214191723/2021,1280
A/Dakar/23/2022,A/England/214191723/2021,1280
A/Dakar/15/2022,A/England/214191723/2021,1280
A/Dakar/06/2022,A/England/214191723/2021,640
A/Dakar/08/2022,A/England/214191723/2021,640
A/Dakar/21/2022,A/England/214191723/2021,1280
A/Dakar/25/2022,A/England/214191723/2021,1280
A/Dakar/24/2022,A/England/214191723/2021,1280
A/Dakar/22/2022,A/England/214191723/2021,640
A/Denmark/3264/2019,A/Darwin/9/2021,320
A/Hong Kong/2671/2019,A/Darwin/9/2021,160
A/Cambodia/925256/2020,A/Darwin/9/2021,320
A/Cambodia/e0826360/2020,A/Darwin/9/2021,160
A/Bangladesh/4005/2020,A/Darwin/9/2021,640
A/Stockholm/5/2021,A/Darwin/9/2021,640
A/England/214191723/2021,A/Darwin/9/2021,640
A/Darwin/9/2021,A/Darwin/9/2021,1280
A/Kansas/14/2017,A/Darwin/9/2021,80
A/Orenburg/5/2022,A/Darwin/9/2021,320
A/Dakar/02/2022,A/Darwin/9/2021,640
A/Birobidjan/12/2022,A/Darwin/9/2021,1280
A/FVG-Trieste/05/2022,A/Darwin/9/2021,640
A/Parma/2/2022,A/Darwin/9/2021,640
A/FVG-Trieste/13/2022,A/Darwin/9/2021,640
A/FVG-Trieste/16/2022,A/Darwin/9/2021,640
A/Milano/30/2022,A/Darwin/9/2021,1280
A/Sassari/2/2022,A/Darwin/9/2021,640
A/Sassari/4/2022,A/Darwin/9/2021,640
A/Sassari/7/2022,A/Darwin/9/2021,640
A/Sassari/9/2022,A/Darwin/9/2021,640
A/Perugia/23/2022,A/Darwin/9/2021,640
A/Bolzano/21/2022,A/Darwin/9/2021,640
A/FVG-Trieste/366/2022,A/Darwin/9/2021,320
A/Milano/112/2022,A/Darwin/9/2021,640
A/Milano/37/2022,A/Darwin/9/2021,640
A/Parma/51/2022,A/Darwin/9/2021,320
A/Bolzano/16/2022,A/Darwin/9/2021,320
A/Milano/32/2022,A/Darwin/9/2021,640
A/FVG-Trieste/385/2022,A/Darwin/9/2021,320
A/FVG-Trieste/381/2022,A/Darwin/9/2021,640
A/Bolzano/24/2022,A/Darwin/9/2021,320
A/Dakar/05/2022,A/Darwin/9/2021,640
A/Dakar/23/2022,A/Darwin/9/2021,640
A/Dakar/15/2022,A/Darwin/9/2021,640
A/Dakar/06/2022,A/Darwin/9/2021,1280
A/Dakar/08/2022,A/Darwin/9/2021,640
A/Dakar/21/2022,A/Darwin/9/2021,640
A/Dakar/25/2022,A/Darwin/9/2021,640
A/Dakar/24/2022,A/Darwin/9/2021,320
A/Dakar/22/2022,A/Darwin/9/2021,320
A/Denmark/3264/2019,A/Kansas/14/2017,160
A/Hong Kong/2671/2019,A/Kansas/14/2017,160
A/Cambodia/925256/2020,A/Kansas/14/2017,160
A/Cambodia/e0826360/2020,A/Kansas/14/2017,80
A/Bangladesh/4005/2020,A/Kansas/14/2017,160
A/Stockholm/5/2021,A/Kansas/14/2017,80
A/England/214191723/2021,A/Kansas/14/2017,40
A/Darwin/9/2021,A/Kansas/14/2017,160
A/Kansas/14/2017,A/Kansas/14/2017,640
A/Orenburg/5/2022,A/Kansas/14/2017,80
A/Dakar/02/2022,A/Kansas/14/2017,40
A/Birobidjan/12/2022,A/Kansas/14/2017,160
A/FVG-Trieste/05/2022,A/Kansas/14/2017,40
A/Parma/2/2022,A/Kansas/14/2017,40
A/FVG-Trieste/13/2022,A/Kansas/14/2017,40
A/FVG-Trieste/16/2022,A/Kansas/14/2017,40
A/Milano/30/2022,A/Kansas/14/2017,40
A/Sassari/2/2022,A/Kansas/14/2017,40
A/Sassari/4/2022,A/Kansas/14/2017,40
A/Sassari/7/2022,A/Kansas/14/2017,40
A/Sassari/9/2022,A/Kansas/14/2017,40
A/Perugia/23/2022,A/Kansas/14/2017,40
A/Bolzano/21/2022,A/Kansas/14/2017,40
A/FVG-Trieste/366/2022,A/Kansas/14/2017,40
A/Milano/112/2022,A/Kansas/14/2017,40
A/Milano/37/2022,A/Kansas/14/2017,80
A/Parma/51/2022,A/Kansas/14/2017,160
A/Bolzano/16/2022,A/Kansas/14/2017,160
A/Milano/32/2022,A/Kansas/14/2017,40
A/FVG-Trieste/385/2022,A/Kansas/14/2017,40
A/FVG-Trieste/381/2022,A/Kansas/14/2017,40
A/Bolzano/24/2022,A/Kansas/14/2017,80
A/Dakar/05/2022,A/Kansas/14/2017,40
A/Dakar/23/2022,A/Kansas/14/2017,80
A/Dakar/15/2022,A/Kansas/14/2017,80
A/Dakar/06/2022,A/Kansas/14/2017,80
A/Dakar/08/2022,A/Kansas/14/2017,80
A/Dakar/21/2022,A/Kansas/14/2017,40
A/Dakar/25/2022,A/Kansas/14/2017,80
A/Dakar/24/2022,A/Kansas/14/2017,80
A/Dakar/22/2022,A/Kansas/14/2017,80
A/Denmark/3264/2019,A/Denmark/3264/2019,320
A/Hong Kong/2671/2019,A/Denmark/3264/2019,320
A/Cambodia/925256/2020,A/Denmark/3264/2019,160
A/Cambodia/e0826360/2020,A/Denmark/3264/2019,160
A/Bangladesh/4005/2020,A/Denmark/3264/2019,160
A/Stockholm/5/2021,A/Denmark/3264/2019,80
A/England/214191723/2021,A/Denmark/3264/2019,40
A/Darwin/9/2021,A/Denmark/3264/2019,160
A/Kansas/14/2017,A/Denmark/3264/2019,40
A/Netherlands/10222/2021,A/Denmark/3264/2019,80
A/Netherlands/10025/2022,A/Denmark/3264/2019,80
A/Dakar/01/2022,A/Denmark/3264/2019,80
A/Bolzano/3/2022,A/Denmark/3264/2019,80
A/Romania/516033/2022,A/Denmark/3264/2019,40
A/Romania/516038/2022,A/Denmark/3264/2019,160
A/Romania/515116/2022,A/Denmark/3264/2019,80
A/Romania/516030/2022,A/Denmark/3264/2019,80
A/Romania/515290/2022,A/Denmark/3264/2019,80
A/Romania/515274/2022,A/Denmark/3264/2019,80
A/Perugia/26/2022,A/Denmark/3264/2019,80
A/Romania/515894/2022,A/Denmark/3264/2019,80
A/Romania/516042/2022,A/Denmark/3264/2019,40
A/Romania/516041/2022,A/Denmark/3264/2019,40
A/Romania/516036/2022,A/Denmark/3264/2019,80
A/Romania/516032/2022,A/Denmark/3264/2019,40
A/Romania/518145/2022,A/Denmark/3264/2019,80
A/Bolzano/22/2022,A/Denmark/3264/2019,40
A/Poland/76/2022,A/Denmark/3264/2019,80
A/Poland/75/2022,A/Denmark/3264/2019,80
A/Romania/516351/2022,A/Denmark/3264/2019,40
A/Romania/516348/2022,A/Denmark/3264/2019,80
A/Perugia/35/2022,A/Denmark/3264/2019,80
A/Romania/516460/2022,A/Denmark/3264/2019,80
A/Romania/516376/2022,A/Denmark/3264/2019,80
A/Romania/516374/2022,A/Denmark/3264/2019,80
A/Poland/78/2022,A/Denmark/3264/2019,80
A/Poland/77/2022,A/Denmark/3264/2019,40
A/Romania/516540/2022,A/Denmark/3264/2019,40
A/Romania/518135/2022,A/Denmark/3264/2019,40
A/Romania/516884/2022,A/Denmark/3264/2019,80
A/Romania/516962/2022,A/Denmark/3264/2019,40
A/Romania/516961/2022,A/Denmark/3264/2019,80
A/Poland/96/2022,A/Denmark/3264/2019,40
A/Poland/98/2022,A/Denmark/3264/2019,80
A/Poland/99/2022,A/Denmark/3264/2019,40
A/Poland/101/2022,A/Denmark/3264/2019,80
A/Romania/521767/2022,A/Denmark/3264/2019,80
A/Parma/5/2022,A/Denmark/3264/2019,320
A/Romania/518147/2022,A/Denmark/3264/2019,160
A/Poland/97/2022,A/Denmark/3264/2019,40
A/Poland/100/2022,A/Denmark/3264/2019,40
A/FVG-Trieste/28/2022,A/Denmark/3264/2019,40
A/Bolzano/4/2022,A/Denmark/3264/2019,<40
A/Romania/515331/2022,A/Denmark/3264/2019,40
A/Romania/515280/2022,A/Denmark/3264/2019,80
A/FVG-Trieste/391/2022,A/Denmark/3264/2019,40
A/Romania/516980/2022,A/Denmark/3264/2019,40
A/Romania/517370/2022,A/Denmark/3264/2019,80
A/Togo/1122/2022,A/Denmark/3264/2019,80
A/Togo/1126/2022,A/Denmark/3264/2019,80
A/Togo/1132/2022,A/Denmark/3264/2019,160
A/Togo/1129/2022,A/Denmark/3264/2019,40
A/Romania/518142/2022,A/Denmark/3264/2019,40
A/Togo/1153/2022,A/Denmark/3264/2019,160
A/Togo/1165/2022,A/Denmark/3264/2019,80
A/Togo/1184/2022,A/Denmark/3264/2019,80
A/Togo/1063/2022,A/Denmark/3264/2019,80
A/Dakar/14/2022,A/Denmark/3264/2019,80
A/Netherlands/10253/2022,A/Denmark/3264/2019,160
A/Netherlands/10182/2022,A/Denmark/3264/2019,80
A/Netherlands/10595/2022,A/Denmark/3264/2019,160
A/Milano/60/2022,A/Denmark/3264/2019,160
A/Romania/521422/2022,A/Denmark/3264/2019,80
A/Denmark/3264/2019,A/Hong Kong/2671/2019,160
A/Hong Kong/2671/2019,A/Hong Kong/2671/2019,160
A/Cambodia/925256/2020,A/Hong Kong/2671/2019,160
A/Cambodia/e0826360/2020,A/Hong Kong/2671/2019,<40
A/Bangladesh/4005/2020,A/Hong Kong/2671/2019,40
A/Stockholm/5/2021,A/Hong Kong/2671/2019,<40
A/England/214191723/2021,A/Hong Kong/2671/2019,<40
A/Darwin/9/2021,A/Hong Kong/2671/2019,<40
A/Kansas/14/2017,A/Hong Kong/2671/2019,<40
A/Netherlands/10222/2021,A/Hong Kong/2671/2019,<40
A/Netherlands/10025/2022,A/Hong Kong/2671/2019,<40
A/Dakar/01/2022,A/Hong Kong/2671/2019,<40
A/Bolzano/3/2022,A/Hong Kong/2671/2019,<40
A/Romania/516033/2022,A/Hong Kong/2671/2019,<40
A/Romania/516038/2022,A/Hong Kong/2671/2019,<40
A/Romania/515116/2022,A/Hong Kong/2671/2019,<40
A/Romania/516030/2022,A/Hong Kong/2671/2019,<40
A/Romania/515290/2022,A/Hong Kong/2671/2019,<40
A/Romania/515274/2022,A/Hong Kong/2671/2019,<40
A/Perugia/26/2022,A/Hong Kong/2671/2019,<40
A/Romania/515894/2022,A/Hong Kong/2671/2019,<40
A/Romania/516042/2022,A/Hong Kong/2671/2019,<40
A/Romania/516041/2022,A/Hong Kong/2671/2019,<40
A/Romania/516036/2022,A/Hong Kong/2671/2019,<40
A/Romania/516032/2022,A/Hong Kong/2671/2019,<40
A/Romania/518145/2022,A/Hong Kong/2671/2019,<40
A/Bolzano/22/2022,A/Hong Kong/2671/2019,<40
A/Poland/76/2022,A/Hong Kong/2671/2019,<40
A/Poland/75/2022,A/Hong Kong/2671/2019,<40
A/Romania/516351/2022,A/Hong Kong/2671/2019,<40
A/Romania/516348/2022,A/Hong Kong/2671/2019,<40
A/Perugia/35/2022,A/Hong Kong/2671/2019,<40
A/Romania/516460/2022,A/Hong Kong/2671/2019,<40
A/Romania/516376/2022,A/Hong Kong/2671/2019,<40
A/Romania/516374/2022,A/Hong Kong/2671/2019,<40
A/Poland/78/2022,A/Hong Kong/2671/2019,<40
A/Poland/77/2022,A/Hong Kong/2671/2019,<40
A/Romania/516540/2022,A/Hong Kong/2671/2019,<40
A/Romania/518135/2022,A/Hong Kong/2671/2019,<40
A/Romania/516884/2022,A/Hong Kong/2671/2019,<40
A/Romania/516962/2022,A/Hong Kong/2671/2019,<40
A/Romania/516961/2022,A/Hong Kong/2671/2019,<40
A/Poland/96/2022,A/Hong Kong/2671/2019,<40
A/Poland/98/2022,A/Hong Kong/2671/2019,<40
A/Poland/99/2022,A/Hong Kong/2671/2019,<40
A/Poland/101/2022,A/Hong Kong/2671/2019,<40
A/Romania/521767/2022,A/Hong Kong/2671/2019,<40
A/Parma/5/2022,A/Hong Kong/2671/2019,<40
A/Romania/518147/2022,A/Hong Kong/2671/2019,<40
A/Poland/97/2022,A/Hong Kong/2671/2019,<40
A/Poland/100/2022,A/Hong Kong/2671/2019,<40
A/FVG-Trieste/28/2022,A/Hong Kong/2671/2019,<40
A/Bolzano/4/2022,A/Hong Kong/2671/2019,<40
A/Romania/515331/2022,A/Hong Kong/2671/2019,<40
A/Romania/515280/2022,A/Hong Kong/2671/2019,<40
A/FVG-Trieste/391/2022,A/Hong Kong/2671/2019,<40
A/Romania/516980/2022,A/Hong Kong/2671/2019,<40
A/Romania/517370/2022,A/Hong Kong/2671/2019,<40
A/Togo/1122/2022,A/Hong Kong/2671/2019,<40
A/Togo/1126/2022,A/Hong Kong/2671/2019,<40
A/Togo/1132/2022,A/Hong Kong/2671/2019,<40
A/Togo/1129/2022,A/Hong Kong/2671/2019,<40
A/Romania/518142/2022,A/Hong Kong/2671/2019,<40
A/Togo/1153/2022,A/Hong Kong/2671/2019,<40
A/Togo/1165/2022,A/Hong Kong/2671/2019,<40
A/Togo/1184/2022,A/Hong Kong/2671/2019,<40
A/Togo/1063/2022,A/Hong Kong/2671/2019,<40
A/Dakar/14/2022,A/Hong Kong/2671/2019,<40
A/Netherlands/10253/2022,A/Hong Kong/2671/2019,<40
A/Netherlands/10182/2022,A/Hong Kong/2671/2019,<40
A/Netherlands/10595/2022,A/Hong Kong/2671/2019,<40
A/Milano/60/2022,A/Hong Kong/2671/2019,<40
A/Romania/521422/2022,A/Hong Kong/2671/2019,<40
A/Denmark/3264/2019,A/Cambodia/925256/2020,640
A/Hong Kong/2671/2019,A/Cambodia/925256/2020,640
A/Cambodia/925256/2020,A/Cambodia/925256/2020,640
A/Cambodia/e0826360/2020,A/Cambodia/925256/2020,80
A/Bangladesh/4005/2020,A/Cambodia/925256/2020,160
A/Stockholm/5/2021,A/Cambodia/925256/2020,80
A/England/214191723/2021,A/Cambodia/925256/2020,80
A/Darwin/9/2021,A/Cambodia/925256/2020,80
A/Kansas/14/2017,A/Cambodia/925256/2020,80
A/Netherlands/10222/2021,A/Cambodia/925256/2020,40
A/Netherlands/10025/2022,A/Cambodia/925256/2020,80
A/Dakar/01/2022,A/Cambodia/925256/2020,80
A/Bolzano/3/2022,A/Cambodia/925256/2020,40
A/Romania/516033/2022,A/Cambodia/925256/2020,40
A/Romania/516038/2022,A/Cambodia/925256/2020,80
A/Romania/515116/2022,A/Cambodia/925256/2020,40
A/Romania/516030/2022,A/Cambodia/925256/2020,40
A/Romania/515290/2022,A/Cambodia/925256/2020,40
A/Romania/515274/2022,A/Cambodia/925256/2020,40
A/Perugia/26/2022,A/Cambodia/925256/2020,40
A/Romania/515894/2022,A/Cambodia/925256/2020,40
A/Romania/516042/2022,A/Cambodia/925256/2020,40
A/Romania/516041/2022,A/Cambodia/925256/2020,40
A/Romania/516036/2022,A/Cambodia/925256/2020,40
A/Romania/516032/2022,A/Cambodia/925256/2020,40
A/Romania/518145/2022,A/Cambodia/925256/2020,80
A/Bolzano/22/2022,A/Cambodia/925256/2020,40
A/Poland/76/2022,A/Cambodia/925256/2020,40
A/Poland/75/2022,A/Cambodia/925256/2020,40
A/Romania/516351/2022,A/Cambodia/925256/2020,40
A/Romania/516348/2022,A/Cambodia/925256/2020,40
A/Perugia/35/2022,A/Cambodia/925256/2020,40
A/Romania/516460/2022,A/Cambodia/925256/2020,40
A/Romania/516376/2022,A/Cambodia/925256/2020,40
A/Romania/516374/2022,A/Cambodia/925256/2020,40
A/Poland/78/2022,A/Cambodia/925256/2020,40
A/Poland/77/2022,A/Cambodia/925256/2020,40
A/Romania/516540/2022,A/Cambodia/925256/2020,40
A/Romania/518135/2022,A/Cambodia/925256/2020,40
A/Romania/516884/2022,A/Cambodia/925256/2020,80
A/Romania/516962/2022,A/Cambodia/925256/2020,40
A/Romania/516961/2022,A/Cambodia/925256/2020,40
A/Poland/96/2022,A/Cambodia/925256/2020,40
A/Poland/98/2022,A/Cambodia/925256/2020,40
A/Poland/99/2022,A/Cambodia/925256/2020,40
A/Poland/101/2022,A/Cambodia/925256/2020,40
A/Romania/521767/2022,A/Cambodia/925256/2020,40
A/Parma/5/2022,A/Cambodia/925256/2020,80
A/Romania/518147/2022,A/Cambodia/925256/2020,80
A/Poland/97/2022,A/Cambodia/925256/2020,<40
A/Poland/100/2022,A/Cambodia/925256/2020,80
A/FVG-Trieste/28/2022,A/Cambodia/925256/2020,40
A/Bolzano/4/2022,A/Cambodia/925256/2020,40
A/Romania/515331/2022,A/Cambodia/925256/2020,40
A/Romania/515280/2022,A/Cambodia/925256/2020,40
A/FVG-Trieste/391/2022,A/Cambodia/925256/2020,40
A/Romania/516980/2022,A/Cambodia/925256/2020,40
A/Romania/517370/2022,A/Cambodia/925256/2020,40
A/Togo/1122/2022,A/Cambodia/925256/2020,40
A/Togo/1126/2022,A/Cambodia/925256/2020,80
A/Togo/1132/2022,A/Cambodia/925256/2020,40
A/Togo/1129/2022,A/Cambodia/925256/2020,40
A/Romania/518142/2022,A/Cambodia/925256/2020,40
A/Togo/1153/2022,A/Cambodia/925256/2020,80
A/Togo/1165/2022,A/Cambodia/925256/2020,40
A/Togo/1184/2022,A/Cambodia/925256/2020,40
A/Togo/1063/2022,A/Cambodia/925256/2020,40
A/Dakar/14/2022,A/Cambodia/925256/2020,80
A/Netherlands/10253/2022,A/Cambodia/925256/2020,80
A/Netherlands/10182/2022,A/Cambodia/925256/2020,40
A/Netherlands/10595/2022,A/Cambodia/925256/2020,80
A/Milano/60/2022,A/Cambodia/925256/2020,80
A/Romania/521422/2022,A/Cambodia/925256/2020,80
A/Denmark/3264/2019,A/Cambodia/e0826360/2020,320
A/Hong Kong/2671/2019,A/Cambodia/e0826360/2020,160
A/Cambodia/925256/2020,A/Cambodia/e0826360/2020,320
A/Cambodia/e0826360/2020,A/Cambodia/e0826360/2020,1280
A/Bangladesh/4005/2020,A/Cambodia/e0826360/2020,320
A/Stockholm/5/2021,A/Cambodia/e0826360/2020,160
A/England/214191723/2021,A/Cambodia/e0826360/2020,160
A/Darwin/9/2021,A/Cambodia/e0826360/2020,640
A/Kansas/14/2017,A/Cambodia/e0826360/2020,80
A/Netherlands/10222/2021,A/Cambodia/e0826360/2020,80
A/Netherlands/10025/2022,A/Cambodia/e0826360/2020,320
A/Dakar/01/2022,A/Cambodia/e0826360/2020,40
A/Bolzano/3/2022,A/Cambodia/e0826360/2020,80
A/Romania/516033/2022,A/Cambodia/e0826360/2020,80
A/Romania/516038/2022,A/Cambodia/e0826360/2020,320
A/Romania/515116/2022,A/Cambodia/e0826360/2020,80
A/Romania/516030/2022,A/Cambodia/e0826360/2020,80
A/Romania/515290/2022,A/Cambodia/e0826360/2020,80
A/Romania/515274/2022,A/Cambodia/e0826360/2020,80
A/Perugia/26/2022,A/Cambodia/e0826360/2020,80
A/Romania/515894/2022,A/Cambodia/e0826360/2020,80
A/Romania/516042/2022,A/Cambodia/e0826360/2020,80
A/Romania/516041/2022,A/Cambodia/e0826360/2020,80
A/Romania/516036/2022,A/Cambodia/e0826360/2020,80
A/Romania/516032/2022,A/Cambodia/e0826360/2020,80
A/Romania/518145/2022,A/Cambodia/e0826360/2020,80
A/Bolzano/22/2022,A/Cambodia/e0826360/2020,80
A/Poland/76/2022,A/Cambodia/e0826360/2020,80
A/Poland/75/2022,A/Cambodia/e0826360/2020,80
A/Romania/516351/2022,A/Cambodia/e0826360/2020,80
A/Romania/516348/2022,A/Cambodia/e0826360/2020,80
A/Perugia/35/2022,A/Cambodia/e0826360/2020,80
A/Romania/516460/2022,A/Cambodia/e0826360/2020,80
A/Romania/516376/2022,A/Cambodia/e0826360/2020,80
A/Romania/516374/2022,A/Cambodia/e0826360/2020,160
A/Poland/78/2022,A/Cambodia/e0826360/2020,80
A/Poland/77/2022,A/Cambodia/e0826360/2020,80
A/Romania/516540/2022,A/Cambodia/e0826360/2020,80
A/Romania/518135/2022,A/Cambodia/e0826360/2020,80
A/Romania/516884/2022,A/Cambodia/e0826360/2020,80
A/Romania/516962/2022,A/Cambodia/e0826360/2020,80
A/Romania/516961/2022,A/Cambodia/e0826360/2020,80
A/Poland/96/2022,A/Cambodia/e0826360/2020,80
A/Poland/98/2022,A/Cambodia/e0826360/2020,80
A/Poland/99/2022,A/Cambodia/e0826360/2020,80
A/Poland/101/2022,A/Cambodia/e0826360/2020,80
A/Romania/521767/2022,A/Cambodia/e0826360/2020,160
A/Parma/5/2022,A/Cambodia/e0826360/2020,160
A/Romania/518147/2022,A/Cambodia/e0826360/2020,640
A/Poland/97/2022,A/Cambodia/e0826360/2020,80
A/Poland/100/2022,A/Cambodia/e0826360/2020,160
A/FVG-Trieste/28/2022,A/Cambodia/e0826360/2020,80
A/Bolzano/4/2022,A/Cambodia/e0826360/2020,80
A/Romania/515331/2022,A/Cambodia/e0826360/2020,80
A/Romania/515280/2022,A/Cambodia/e0826360/2020,160
A/FVG-Trieste/391/2022,A/Cambodia/e0826360/2020,80
A/Romania/516980/2022,A/Cambodia/e0826360/2020,80
A/Romania/517370/2022,A/Cambodia/e0826360/2020,80
A/Togo/1122/2022,A/Cambodia/e0826360/2020,160
A/Togo/1126/2022,A/Cambodia/e0826360/2020,160
A/Togo/1132/2022,A/Cambodia/e0826360/2020,160
A/Togo/1129/2022,A/Cambodia/e0826360/2020,80
A/Romania/518142/2022,A/Cambodia/e0826360/2020,160
A/Togo/1153/2022,A/Cambodia/e0826360/2020,160
A/Togo/1165/2022,A/Cambodia/e0826360/2020,160
A/Togo/1184/2022,A/Cambodia/e0826360/2020,160
A/Togo/1063/2022,A/Cambodia/e0826360/2020,160
A/Dakar/14/2022,A/Cambodia/e0826360/2020,80
A/Netherlands/10253/2022,A/Cambodia/e0826360/2020,160
A/Netherlands/10182/2022,A/Cambodia/e0826360/2020,160
A/Netherlands/10595/2022,A/Cambodia/e0826360/2020,160
A/Milano/60/2022,A/Cambodia/e0826360/2020,320
A/Romania/521422/2022,A/Cambodia/e0826360/2020,160
A/Denmark/3264/2019,A/Bangladesh/4005/2020,320
A/Hong Kong/2671/2019,A/Bangladesh/4005/2020,320
A/Cambodia/925256/2020,A/Bangladesh/4005/2020,320
A/Cambodia/e0826360/2020,A/Bangladesh/4005/2020,320
A/Bangladesh/4005/2020,A/Bangladesh/4005/2020,640
A/Stockholm/5/2021,A/Bangladesh/4005/2020,320
A/England/214191723/2021,A/Bangladesh/4005/2020,160
A/Darwin/9/2021,A/Bangladesh/4005/2020,640
A/Kansas/14/2017,A/Bangladesh/4005/2020,80
A/Netherlands/10222/2021,A/Bangladesh/4005/2020,160
A/Netherlands/10025/2022,A/Bangladesh/4005/2020,320
A/Dakar/01/2022,A/Bangladesh/4005/2020,160
A/Bolzano/3/2022,A/Bangladesh/4005/2020,160
A/Romania/516033/2022,A/Bangladesh/4005/2020,160
A/Romania/516038/2022,A/Bangladesh/4005/2020,640
A/Romania/515116/2022,A/Bangladesh/4005/2020,160
A/Romania/516030/2022,A/Bangladesh/4005/2020,160
A/Romania/515290/2022,A/Bangladesh/4005/2020,160
A/Romania/515274/2022,A/Bangladesh/4005/2020,160
A/Perugia/26/2022,A/Bangladesh/4005/2020,160
A/Romania/515894/2022,A/Bangladesh/4005/2020,160
A/Romania/516042/2022,A/Bangladesh/4005/2020,160
A/Romania/516041/2022,A/Bangladesh/4005/2020,160
A/Romania/516036/2022,A/Bangladesh/4005/2020,160
A/Romania/516032/2022,A/Bangladesh/4005/2020,160
A/Romania/518145/2022,A/Bangladesh/4005/2020,160
A/Bolzano/22/2022,A/Bangladesh/4005/2020,160
A/Poland/76/2022,A/Bangladesh/4005/2020,160
A/Poland/75/2022,A/Bangladesh/4005/2020,160
A/Romania/516351/2022,A/Bangladesh/4005/2020,160
A/Romania/516348/2022,A/Bangladesh/4005/2020,160
A/Perugia/35/2022,A/Bangladesh/4005/2020,160
A/Romania/516460/2022,A/Bangladesh/4005/2020,320
A/Romania/516376/2022,A/Bangladesh/4005/2020,160
A/Romania/516374/2022,A/Bangladesh/4005/2020,160
A/Poland/78/2022,A/Bangladesh/4005/2020,160
A/Poland/77/2022,A/Bangladesh/4005/2020,160
A/Romania/516540/2022,A/Bangladesh/4005/2020,160
A/Romania/518135/2022,A/Bangladesh/4005/2020,160
A/Romania/516884/2022,A/Bangladesh/4005/2020,320
A/Romania/516962/2022,A/Bangladesh/4005/2020,160
A/Romania/516961/2022,A/Bangladesh/4005/2020,160
A/Poland/96/2022,A/Bangladesh/4005/2020,160
A/Poland/98/2022,A/Bangladesh/4005/2020,160
A/Poland/99/2022,A/Bangladesh/4005/2020,160
A/Poland/101/2022,A/Bangladesh/4005/2020,160
A/Romania/521767/2022,A/Bangladesh/4005/2020,320
A/Parma/5/2022,A/Bangladesh/4005/2020,320
A/Romania/518147/2022,A/Bangladesh/4005/2020,320
A/Poland/97/2022,A/Bangladesh/4005/2020,160
A/Poland/100/2022,A/Bangladesh/4005/2020,320
A/FVG-Trieste/28/2022,A/Bangladesh/4005/2020,160
A/Bolzano/4/2022,A/Bangladesh/4005/2020,160
A/Romania/515331/2022,A/Bangladesh/4005/2020,160
A/Romania/515280/2022,A/Bangladesh/4005/2020,160
A/FVG-Trieste/391/2022,A/Bangladesh/4005/2020,160
A/Romania/516980/2022,A/Bangladesh/4005/2020,160
A/Romania/517370/2022,A/Bangladesh/4005/2020,160
A/Togo/1122/2022,A/Bangladesh/4005/2020,320
A/Togo/1126/2022,A/Bangladesh/4005/2020,320
A/Togo/1132/2022,A/Bangladesh/4005/2020,320
A/Togo/1129/2022,A/Bangladesh/4005/2020,160
A/Romania/518142/2022,A/Bangladesh/4005/2020,160
A/Togo/1153/2022,A/Bangladesh/4005/2020,320
A/Togo/1165/2022,A/Bangladesh/4005/2020,160
A/Togo/1184/2022,A/Bangladesh/4005/2020,320
A/Togo/1063/2022,A/Bangladesh/4005/2020,160
A/Dakar/14/2022,A/Bangladesh/4005/2020,160
A/Netherlands/10253/2022,A/Bangladesh/4005/2020,320
A/Netherlands/10182/2022,A/Bangladesh/4005/2020,320
A/Netherlands/10595/2022,A/Bangladesh/4005/2020,320
A/Milano/60/2022,A/Bangladesh/4005/2020,320
A/Romania/521422/2022,A/Bangladesh/4005/2020,640
A/Denmark/3264/2019,A/Stockholm/5/2021,160
A/Hong Kong/2671/2019,A/Stockholm/5/2021,80
A/Cambodia/925256/2020,A/Stockholm/5/2021,160
A/Cambodia/e0826360/2020,A/Stockholm/5/2021,160
A/Bangladesh/4005/2020,A/Stockholm/5/2021,640
A/Stockholm/5/2021,A/Stockholm/5/2021,1280
A/England/214191723/2021,A/Stockholm/5/2021,320
A/Darwin/9/2021,A/Stockholm/5/2021,1280
A/Kansas/14/2017,A/Stockholm/5/2021,80
A/Netherlands/10222/2021,A/Stockholm/5/2021,320
A/Netherlands/10025/2022,A/Stockholm/5/2021,640
A/Dakar/01/2022,A/Stockholm/5/2021,80
A/Bolzano/3/2022,A/Stockholm/5/2021,320
A/Romania/516033/2022,A/Stockholm/5/2021,320
A/Romania/516038/2022,A/Stockholm/5/2021,1280
A/Romania/515116/2022,A/Stockholm/5/2021,640
A/Romania/516030/2022,A/Stockholm/5/2021,320
A/Romania/515290/2022,A/Stockholm/5/2021,320
A/Romania/515274/2022,A/Stockholm/5/2021,320
A/Perugia/26/2022,A/Stockholm/5/2021,320
A/Romania/515894/2022,A/Stockholm/5/2021,640
A/Romania/516042/2022,A/Stockholm/5/2021,320
A/Romania/516041/2022,A/Stockholm/5/2021,320
A/Romania/516036/2022,A/Stockholm/5/2021,640
A/Romania/516032/2022,A/Stockholm/5/2021,320
A/Romania/518145/2022,A/Stockholm/5/2021,640
A/Bolzano/22/2022,A/Stockholm/5/2021,320
A/Poland/76/2022,A/Stockholm/5/2021,320
A/Poland/75/2022,A/Stockholm/5/2021,640
A/Romania/516351/2022,A/Stockholm/5/2021,320
A/Romania/516348/2022,A/Stockholm/5/2021,320
A/Perugia/35/2022,A/Stockholm/5/2021,320
A/Romania/516460/2022,A/Stockholm/5/2021,640
A/Romania/516376/2022,A/Stockholm/5/2021,320
A/Romania/516374/2022,A/Stockholm/5/2021,640
A/Poland/78/2022,A/Stockholm/5/2021,320
A/Poland/77/2022,A/Stockholm/5/2021,320
A/Romania/516540/2022,A/Stockholm/5/2021,320
A/Romania/518135/2022,A/Stockholm/5/2021,320
A/Romania/516884/2022,A/Stockholm/5/2021,320
A/Romania/516962/2022,A/Stockholm/5/2021,320
A/Romania/516961/2022,A/Stockholm/5/2021,320
A/Poland/96/2022,A/Stockholm/5/2021,320
A/Poland/98/2022,A/Stockholm/5/2021,320
A/Poland/99/2022,A/Stockholm/5/2021,320
A/Poland/101/2022,A/Stockholm/5/2021,640
A/Romania/521767/2022,A/Stockholm/5/2021,640
A/Parma/5/2022,A/Stockholm/5/2021,640
A/Romania/518147/2022,A/Stockholm/5/2021,1280
A/Poland/97/2022,A/Stockholm/5/2021,640
A/Poland/100/2022,A/Stockholm/5/2021,640
A/FVG-Trieste/28/2022,A/Stockholm/5/2021,320
A/Bolzano/4/2022,A/Stockholm/5/2021,160
A/Romania/515331/2022,A/Stockholm/5/2021,320
A/Romania/515280/2022,A/Stockholm/5/2021,320
A/FVG-Trieste/391/2022,A/Stockholm/5/2021,320
A/Romania/516980/2022,A/Stockholm/5/2021,320
A/Romania/517370/2022,A/Stockholm/5/2021,320
A/Togo/1122/2022,A/Stockholm/5/2021,320
A/Togo/1126/2022,A/Stockholm/5/2021,640
A/Togo/1132/2022,A/Stockholm/5/2021,640
A/Togo/1129/2022,A/Stockholm/5/2021,320
A/Romania/518142/2022,A/Stockholm/5/2021,320
A/Togo/1153/2022,A/Stockholm/5/2021,640
A/Togo/1165/2022,A/Stockholm/5/2021,320
A/Togo/1184/2022,A/Stockholm/5/2021,320
A/Togo/1063/2022,A/Stockholm/5/2021,320
A/Dakar/14/2022,A/Stockholm/5/2021,320
A/Netherlands/10253/2022,A/Stockholm/5/2021,320
A/Netherlands/10182/2022,A/Stockholm/5/2021,320
A/Netherlands/10595/2022,A/Stockholm/5/2021,320
A/Milano/60/2022,A/Stockholm/5/2021,320
A/Romania/521422/2022,A/Stockholm/5/2021,320
A/Denmark/3264/2019,A/England/214191723/2021,40
A/Hong Kong/2671/2019,A/England/214191723/2021,40
A/Cambodia/925256/2020,A/England/214191723/2021,40
A/Cambodia/e0826360/2020,A/England/214191723/2021,160
A/Bangladesh/4005/2020,A/England/214191723/2021,640
A/Stockholm/5/2021,A/England/214191723/2021,320
A/England/214191723/2021,A/England/214191723/2021,1280
A/Darwin/9/2021,A/England/214191723/2021,640
A/Kansas/14/2017,A/England/214191723/2021,80
A/Netherlands/10222/2021,A/England/214191723/2021,160
A/Netherlands/10025/2022,A/England/214191723/2021,640
A/Dakar/01/2022,A/England/214191723/2021,<40
A/Bolzano/3/2022,A/England/214191723/2021,160
A/Romania/516033/2022,A/England/214191723/2021,320
A/Romania/516038/2022,A/England/214191723/2021,1280
A/Romania/515116/2022,A/England/214191723/2021,320
A/Romania/516030/2022,A/England/214191723/2021,320
A/Romania/515290/2022,A/England/214191723/2021,320
A/Romania/515274/2022,A/England/214191723/2021,320
A/Perugia/26/2022,A/England/214191723/2021,320
A/Romania/515894/2022,A/England/214191723/2021,320
A/Romania/516042/2022,A/England/214191723/2021,320
A/Romania/516041/2022,A/England/214191723/2021,320
A/Romania/516036/2022,A/England/214191723/2021,320
A/Romania/516032/2022,A/England/214191723/2021,320
A/Romania/518145/2022,A/England/214191723/2021,320
A/Bolzano/22/2022,A/England/214191723/2021,320
A/Poland/76/2022,A/England/214191723/2021,320
A/Poland/75/2022,A/England/214191723/2021,320
A/Romania/516351/2022,A/England/214191723/2021,320
A/Romania/516348/2022,A/England/214191723/2021,320
A/Perugia/35/2022,A/England/214191723/2021,320
A/Romania/516460/2022,A/England/214191723/2021,320
A/Romania/516376/2022,A/England/214191723/2021,320
A/Romania/516374/2022,A/England/214191723/2021,640
A/Poland/78/2022,A/England/214191723/2021,320
A/Poland/77/2022,A/England/214191723/2021,320
A/Romania/516540/2022,A/England/214191723/2021,320
A/Romania/518135/2022,A/England/214191723/2021,320
A/Romania/516884/2022,A/England/214191723/2021,320
A/Romania/516962/2022,A/England/214191723/2021,320
A/Romania/516961/2022,A/England/214191723/2021,320
A/Poland/96/2022,A/England/214191723/2021,320
A/Poland/98/2022,A/England/214191723/2021,320
A/Poland/99/2022,A/England/214191723/2021,320
A/Poland/101/2022,A/England/214191723/2021,320
A/Romania/521767/2022,A/England/214191723/2021,320
A/Parma/5/2022,A/England/214191723/2021,640
A/Romania/518147/2022,A/England/214191723/2021,640
A/Poland/97/2022,A/England/214191723/2021,320
A/Poland/100/2022,A/England/214191723/2021,640
A/FVG-Trieste/28/2022,A/England/214191723/2021,640
A/Bolzano/4/2022,A/England/214191723/2021,640
A/Romania/515331/2022,A/England/214191723/2021,640
A/Romania/515280/2022,A/England/214191723/2021,640
A/FVG-Trieste/391/2022,A/England/214191723/2021,320
A/Romania/516980/2022,A/England/214191723/2021,640
A/Romania/517370/2022,A/England/214191723/2021,640
A/Togo/1122/2022,A/England/214191723/2021,640
A/Togo/1126/2022,A/England/214191723/2021,1280
A/Togo/1132/2022,A/England/214191723/2021,1280
A/Togo/1129/2022,A/England/214191723/2021,640
A/Romania/518142/2022,A/England/214191723/2021,640
A/Togo/1153/2022,A/England/214191723/2021,1280
A/Togo/1165/2022,A/England/214191723/2021,640
A/Togo/1184/2022,A/England/214191723/2021,1280
A/Togo/1063/2022,A/England/214191723/2021,640
A/Dakar/14/2022,A/England/214191723/2021,320
A/Netherlands/10253/2022,A/England/214191723/2021,320
A/Netherlands/10182/2022,A/England/214191723/2021,320
A/Netherlands/10595/2022,A/England/214191723/2021,320
A/Milano/60/2022,A/England/214191723/2021,320
A/Romania/521422/2022,A/England/214191723/2021,320
A/Denmark/3264/2019,A/Darwin/9/2021,320
A/Hong Kong/2671/2019,A/Darwin/9/2021,160
A/Cambodia/925256/2020,A/Darwin/9/2021,320
A/Cambodia/e0826360/2020,A/Darwin/9/2021,160
A/Bangladesh/4005/2020,A/Darwin/9/2021,640
A/Stockholm/5/2021,A/Darwin/9/2021,640
A/England/214191723/2021,A/Darwin/9/2021,640
A/Darwin/9/2021,A/Darwin/9/2021,1280
A/Kansas/14/2017,A/Darwin/9/2021,80
A/Netherlands/10222/2021,A/Darwin/9/2021,320
A/Netherlands/10025/2022,A/Darwin/9/2021,1280
A/Dakar/01/2022,A/Darwin/9/2021,80
A/Bolzano/3/2022,A/Darwin/9/2021,640
A/Romania/516033/2022,A/Darwin/9/2021,640
A/Romania/516038/2022,A/Darwin/9/2021,1280
A/Romania/515116/2022,A/Darwin/9/2021,640
A/Romania/516030/2022,A/Darwin/9/2021,640
A/Romania/515290/2022,A/Darwin/9/2021,640
A/Romania/515274/2022,A/Darwin/9/2021,640
A/Perugia/26/2022,A/Darwin/9/2021,640
A/Romania/515894/2022,A/Darwin/9/2021,640
A/Romania/516042/2022,A/Darwin/9/2021,640
A/Romania/516041/2022,A/Darwin/9/2021,640
A/Romania/516036/2022,A/Darwin/9/2021,640
A/Romania/516032/2022,A/Darwin/9/2021,640
A/Romania/518145/2022,A/Darwin/9/2021,640
A/Bolzano/22/2022,A/Darwin/9/2021,640
A/Poland/76/2022,A/Darwin/9/2021,640
A/Poland/75/2022,A/Darwin/9/2021,640
A/Romania/516351/2022,A/Darwin/9/2021,640
A/Romania/516348/2022,A/Darwin/9/2021,640
A/Perugia/35/2022,A/Darwin/9/2021,640
A/Romania/516460/2022,A/Darwin/9/2021,640
A/Romania/516376/2022,A/Darwin/9/2021,640
A/Romania/516374/2022,A/Darwin/9/2021,640
A/Poland/78/2022,A/Darwin/9/2021,640
A/Poland/77/2022,A/Darwin/9/2021,640
A/Romania/516540/2022,A/Darwin/9/2021,640
A/Romania/518135/2022,A/Darwin/9/2021,640
A/Romania/516884/2022,A/Darwin/9/2021,1280
A/Romania/516962/2022,A/Darwin/9/2021,320
A/Romania/516961/2022,A/Darwin/9/2021,640
A/Poland/96/2022,A/Darwin/9/2021,640
A/Poland/98/2022,A/Darwin/9/2021,640
A/Poland/99/2022,A/Darwin/9/2021,640
A/Poland/101/2022,A/Darwin/9/2021,640
A/Romania/521767/2022,A/Darwin/9/2021,1280
A/Parma/5/2022,A/Darwin/9/2021,1280
A/Romania/518147/2022,A/Darwin/9/2021,1280
A/Poland/97/2022,A/Darwin/9/2021,640
A/Poland/100/2022,A/Darwin/9/2021,640
A/FVG-Trieste/28/2022,A/Darwin/9/2021,640
A/Bolzano/4/2022,A/Darwin/9/2021,320
A/Romania/515331/2022,A/Darwin/9/2021,320
A/Romania/515280/2022,A/Darwin/9/2021,640
A/FVG-Trieste/391/2022,A/Darwin/9/2021,320
A/Romania/516980/2022,A/Darwin/9/2021,640
A/Romania/517370/2022,A/Darwin/9/2021,320
A/Togo/1122/2022,A/Darwin/9/2021,640
A/Togo/1126/2022,A/Darwin/9/2021,640
A/Togo/1132/2022,A/Darwin/9/2021,320
A/Togo/1129/2022,A/Darwin/9/2021,640
A/Romania/518142/2022,A/Darwin/9/2021,640
A/Togo/1153/2022,A/Darwin/9/2021,640
A/Togo/1165/2022,A/Darwin/9/2021,640
A/Togo/1184/2022,A/Darwin/9/2021,640
A/Togo/1063/2022,A/Darwin/9/2021,640
A/Dakar/14/2022,A/Darwin/9/2021,640
A/Netherlands/10253/2022,A/Darwin/9/2021,640
A/Netherlands/10182/2022,A/Darwin/9/2021,320
A/Netherlands/10595/2022,A/Darwin/9/2021,320
A/Milano/60/2022,A/Darwin/9/2021,320
A/Romania/521422/2022,A/Darwin/9/2021,640
A/Denmark/3264/2019,A/Kansas/14/2017,160
A/Hong Kong/2671/2019,A/Kansas/14/2017,160
A/Cambodia/925256/2020,A/Kansas/14/2017,160
A/Cambodia/e0826360/2020,A/Kansas/14/2017,80
A/Bangladesh/4005/2020,A/Kansas/14/2017,160
A/Stockholm/5/2021,A/Kansas/14/2017,80
A/England/214191723/2021,A/Kansas/14/2017,40
A/Darwin/9/2021,A/Kansas/14/2017,160
A/Kansas/14/2017,A/Kansas/14/2017,640
A/Netherlands/10222/2021,A/Kansas/14/2017,40
A/Netherlands/10025/2022,A/Kansas/14/2017,80
A/Dakar/01/2022,A/Kansas/14/2017,40
A/Bolzano/3/2022,A/Kansas/14/2017,<40
A/Romania/516033/2022,A/Kansas/14/2017,<40
A/Romania/516038/2022,A/Kansas/14/2017,80
A/Romania/515116/2022,A/Kansas/14/2017,40
A/Romania/516030/2022,A/Kansas/14/2017,40
A/Romania/515290/2022,A/Kansas/14/2017,<40
A/Romania/515274/2022,A/Kansas/14/2017,<40
A/Perugia/26/2022,A/Kansas/14/2017,<40
A/Romania/515894/2022,A/Kansas/14/2017,<40
A/Romania/516042/2022,A/Kansas/14/2017,<40
A/Romania/516041/2022,A/Kansas/14/2017,<40
A/Romania/516036/2022,A/Kansas/14/2017,<40
A/Romania/516032/2022,A/Kansas/14/2017,<40
A/Romania/518145/2022,A/Kansas/14/2017,40
A/Bolzano/22/2022,A/Kansas/14/2017,<40
A/Poland/76/2022,A/Kansas/14/2017,<40
A/Poland/75/2022,A/Kansas/14/2017,40
A/Romania/516351/2022,A/Kansas/14/2017,<40
A/Romania/516348/2022,A/Kansas/14/2017,40
A/Perugia/35/2022,A/Kansas/14/2017,<40
A/Romania/516460/2022,A/Kansas/14/2017,<40
A/Romania/516376/2022,A/Kansas/14/2017,<40
A/Romania/516374/2022,A/Kansas/14/2017,40
A/Poland/78/2022,A/Kansas/14/2017,<40
A/Poland/77/2022,A/Kansas/14/2017,<40
A/Romania/516540/2022,A/Kansas/14/2017,<40
A/Romania/518135/2022,A/Kansas/14/2017,<40
A/Romania/516884/2022,A/Kansas/14/2017,40
A/Romania/516962/2022,A/Kansas/14/2017,<40
A/Romania/516961/2022,A/Kansas/14/2017,<40
A/Poland/96/2022,A/Kansas/14/2017,<40
A/Poland/98/2022,A/Kansas/14/2017,<40
A/Poland/99/2022,A/Kansas/14/2017,<40
A/Poland/101/2022,A/Kansas/14/2017,40
A/Romania/521767/2022,A/Kansas/14/2017,40
A/Parma/5/2022,A/Kansas/14/2017,80
A/Romania/518147/2022,A/Kansas/14/2017,80
A/Poland/97/2022,A/Kansas/14/2017,40
A/Poland/100/2022,A/Kansas/14/2017,40
A/FVG-Trieste/28/2022,A/Kansas/14/2017,<40
A/Bolzano/4/2022,A/Kansas/14/2017,<40
A/Romania/515331/2022,A/Kansas/14/2017,<40
A/Romania/515280/2022,A/Kansas/14/2017,40
A/FVG-Trieste/391/2022,A/Kansas/14/2017,<40
A/Romania/516980/2022,A/Kansas/14/2017,40
A/Romania/517370/2022,A/Kansas/14/2017,40
A/Togo/1122/2022,A/Kansas/14/2017,80
A/Togo/1126/2022,A/Kansas/14/2017,80
A/Togo/1132/2022,A/Kansas/14/2017,80
A/Togo/1129/2022,A/Kansas/14/2017,40
A/Romania/518142/2022,A/Kansas/14/2017,40
A/Togo/1153/2022,A/Kansas/14/2017,80
A/Togo/1165/2022,A/Kansas/14/2017,40
A/Togo/1184/2022,A/Kansas/14/2017,40
A/Togo/1063/2022,A/Kansas/14/2017,40
A/Dakar/14/2022,A/Kansas/14/2017,40
A/Netherlands/10253/2022,A/Kansas/14/2017,80
A/Netherlands/10182/2022,A/Kansas/14/2017,80
A/Netherlands/10595/2022,A/Kansas/14/2017,80
A/Milano/60/2022,A/Kansas/14/2017,160
A/Romania/521422/2022,A/Kansas/14/2017,80
A/Denmark/3264/2019,A/Denmark/3264/2019,320
A/Hong Kong/2671/2019,A/Denmark/3264/2019,320
A/Cambodia/925256/2020,A/Denmark/3264/2019,160
A/Cambodia/e0826360/2020,A/Denmark/3264/2019,160
A/Bangladesh/4005/2020,A/Denmark/3264/2019,160
A/Stockholm/5/2021,A/Denmark/3264/2019,80
A/England/214191723/2021,A/Denmark/3264/2019,40
A/Darwin/9/2021,A/Denmark/3264/2019,160
A/Slovenia/8720/2022,A/Denmark/3264/2019,160
A/Slovenia/9216/2022,A/Denmark/3264/2019,80
A/Slovenia/9318/2022,A/Denmark/3264/2019,160
A/Kansas/14/2017,A/Denmark/3264/2019,40
A/Estonia/168577/2022,A/Denmark/3264/2019,80
A/Austria/1491740/2022,A/Denmark/3264/2019,40
A/Austria/1494246/2022,A/Denmark/3264/2019,80
A/Austria/1496862/2022,A/Denmark/3264/2019,40
A/Austria/1503342/2022,A/Denmark/3264/2019,40
A/Austria/1504561/2022,A/Denmark/3264/2019,40
A/Austria/1504529/2022,A/Denmark/3264/2019,40
A/Belgium/G0197/2022,A/Denmark/3264/2019,80
A/Belgium/S1049/2022,A/Denmark/3264/2019,80
A/Estonia/KL4914/2022,A/Denmark/3264/2019,40
A/Estonia/KL4911/2022,A/Denmark/3264/2019,40
A/Estonia/KL4967/2022,A/Denmark/3264/2019,40
A/Austria/1510167/2022,A/Denmark/3264/2019,80
A/Estonia/169447/2022,A/Denmark/3264/2019,40
A/Estonia/169303/2022,A/Denmark/3264/2019,40
A/Estonia/169446/2022,A/Denmark/3264/2019,80
A/Belgium/S1030/2022,A/Denmark/3264/2019,80
A/Belgium/S1027/2022,A/Denmark/3264/2019,40
A/Estonia/KL4992/2022,A/Denmark/3264/2019,40
A/Estonia/169344/2022,A/Denmark/3264/2019,40
A/Estonia/169343/2022,A/Denmark/3264/2019,80
A/Austria/1510472/2022,A/Denmark/3264/2019,80
A/Estonia/169374/2022,A/Denmark/3264/2019,80
A/Austria/1510800/2022,A/Denmark/3264/2019,80
A/Estonia/KL4998/2022,A/Denmark/3264/2019,40
A/Estonia/169390/2022,A/Denmark/3264/2019,40
A/Estonia/169421/2022,A/Denmark/3264/2019,80
A/Estonia/169420/2022,A/Denmark/3264/2019,80
A/Estonia/169386/2022,A/Denmark/3264/2019,80
A/Estonia/169385/2022,A/Denmark/3264/2019,40
A/Estonia/169384/2022,A/Denmark/3264/2019,40
A/Austria/1512885/2022,A/Denmark/3264/2019,80
A/Austria/1513777/2022,A/Denmark/3264/2019,80
A/Austria/1513868/2022,A/Denmark/3264/2019,80
A/Austria/1502410/2022,A/Denmark/3264/2019,160
A/Estonia/169301/2022,A/Denmark/3264/2019,160
A/Austria/1497981/2022,A/Denmark/3264/2019,40
A/Austria/1499572/2022,A/Denmark/3264/2019,80
A/Austria/1501955/2022,A/Denmark/3264/2019,80
A/Austria/1502449/2022,A/Denmark/3264/2019,160
A/Austria/1503824/2022,A/Denmark/3264/2019,160
A/Austria/1503368/2022,A/Denmark/3264/2019,80
A/Austria/1503854/2022,A/Denmark/3264/2019,80
A/Austria/1503823/2022,A/Denmark/3264/2019,160
A/Austria/1504127/2022,A/Denmark/3264/2019,160
A/Austria/1504562/2022,A/Denmark/3264/2019,80
A/Austria/1508277/2022,A/Denmark/3264/2019,160
A/Austria/1509468/2022,A/Denmark/3264/2019,80
A/Austria/1514532/2022,A/Denmark/3264/2019,80
A/Belgium/S1074/2022,A/Denmark/3264/2019,80
A/Denmark/3264/2019,A/Hong Kong/2671/2019,160
A/Hong Kong/2671/2019,A/Hong Kong/2671/2019,320
A/Cambodia/925256/2020,A/Hong Kong/2671/2019,160
A/Cambodia/e0826360/2020,A/Hong Kong/2671/2019,<40
A/Bangladesh/4005/2020,A/Hong Kong/2671/2019,40
A/Stockholm/5/2021,A/Hong Kong/2671/2019,<40
A/England/214191723/2021,A/Hong Kong/2671/2019,<40
A/Darwin/9/2021,A/Hong Kong/2671/2019,<40
A/Slovenia/8720/2022,A/Hong Kong/2671/2019,<40
A/Slovenia/9216/2022,A/Hong Kong/2671/2019,<40
A/Slovenia/9318/2022,A/Hong Kong/2671/2019,<40
A/Kansas/14/2017,A/Hong Kong/2671/2019,<40
A/Estonia/168577/2022,A/Hong Kong/2671/2019,<40
A/Austria/1491740/2022,A/Hong Kong/2671/2019,<40
A/Austria/1494246/2022,A/Hong Kong/2671/2019,<40
A/Austria/1496862/2022,A/Hong Kong/2671/2019,<40
A/Austria/1503342/2022,A/Hong Kong/2671/2019,<40
A/Austria/1504561/2022,A/Hong Kong/2671/2019,<40
A/Austria/1504529/2022,A/Hong Kong/2671/2019,<40
A/Belgium/G0197/2022,A/Hong Kong/2671/2019,<40
A/Belgium/S1049/2022,A/Hong Kong/2671/2019,<40
A/Estonia/KL4914/2022,A/Hong Kong/2671/2019,<40
A/Estonia/KL4911/2022,A/Hong Kong/2671/2019,<40
A/Estonia/KL4967/2022,A/Hong Kong/2671/2019,<40
A/Austria/1510167/2022,A/Hong Kong/2671/2019,<40
A/Estonia/169447/2022,A/Hong Kong/2671/2019,<40
A/Estonia/169303/2022,A/Hong Kong/2671/2019,<40
A/Estonia/169446/2022,A/Hong Kong/2671/2019,<40
A/Belgium/S1030/2022,A/Hong Kong/2671/2019,<40
A/Belgium/S1027/2022,A/Hong Kong/2671/2019,<40
A/Estonia/KL4992/2022,A/Hong Kong/2671/2019,<40
A/Estonia/169344/2022,A/Hong Kong/2671/2019,<40
A/Estonia/169343/2022,A/Hong Kong/2671/2019,<40
A/Austria/1510472/2022,A/Hong Kong/2671/2019,<40
A/Estonia/169374/2022,A/Hong Kong/2671/2019,<40
A/Austria/1510800/2022,A/Hong Kong/2671/2019,<40
A/Estonia/KL4998/2022,A/Hong Kong/2671/2019,<40
A/Estonia/169390/2022,A/Hong Kong/2671/2019,<40
A/Estonia/169421/2022,A/Hong Kong/2671/2019,<40
A/Estonia/169420/2022,A/Hong Kong/2671/2019,<40
A/Estonia/169386/2022,A/Hong Kong/2671/2019,<40
A/Estonia/169385/2022,A/Hong Kong/2671/2019,<40
A/Estonia/169384/2022,A/Hong Kong/2671/2019,<40
A/Austria/1512885/2022,A/Hong Kong/2671/2019,<40
A/Austria/1513777/2022,A/Hong Kong/2671/2019,<40
A/Austria/1513868/2022,A/Hong Kong/2671/2019,<40
A/Austria/1502410/2022,A/Hong Kong/2671/2019,<40
A/Estonia/169301/2022,A/Hong Kong/2671/2019,<40
A/Austria/1497981/2022,A/Hong Kong/2671/2019,<40
A/Austria/1499572/2022,A/Hong Kong/2671/2019,<40
A/Austria/1501955/2022,A/Hong Kong/2671/2019,<40
A/Austria/1502449/2022,A/Hong Kong/2671/2019,<40
A/Austria/1503824/2022,A/Hong Kong/2671/2019,<40
A/Austria/1503368/2022,A/Hong Kong/2671/2019,<40
A/Austria/1503854/2022,A/Hong Kong/2671/2019,<40
A/Austria/1503823/2022,A/Hong Kong/2671/2019,<40
A/Austria/1504127/2022,A/Hong Kong/2671/2019,<40
A/Austria/1504562/2022,A/Hong Kong/2671/2019,<40
A/Austria/1508277/2022,A/Hong Kong/2671/2019,<40
A/Austria/1509468/2022,A/Hong Kong/2671/2019,<40
A/Austria/1514532/2022,A/Hong Kong/2671/2019,<40
A/Belgium/S1074/2022,A/Hong Kong/2671/2019,<40
A/Denmark/3264/2019,A/Cambodia/925256/2020,640
A/Hong Kong/2671/2019,A/Cambodia/925256/2020,640
A/Cambodia/925256/2020,A/Cambodia/925256/2020,1280
A/Cambodia/e0826360/2020,A/Cambodia/925256/2020,80
A/Bangladesh/4005/2020,A/Cambodia/925256/2020,160
A/Stockholm/5/2021,A/Cambodia/925256/2020,80
A/England/214191723/2021,A/Cambodia/925256/2020,80
A/Darwin/9/2021,A/Cambodia/925256/2020,80
A/Slovenia/8720/2022,A/Cambodia/925256/2020,80
A/Slovenia/9216/2022,A/Cambodia/925256/2020,40
A/Slovenia/9318/2022,A/Cambodia/925256/2020,80
A/Kansas/14/2017,A/Cambodia/925256/2020,80
A/Estonia/168577/2022,A/Cambodia/925256/2020,40
A/Austria/1491740/2022,A/Cambodia/925256/2020,40
A/Austria/1494246/2022,A/Cambodia/925256/2020,40
A/Austria/1496862/2022,A/Cambodia/925256/2020,40
A/Austria/1503342/2022,A/Cambodia/925256/2020,40
A/Austria/1504561/2022,A/Cambodia/925256/2020,40
A/Austria/1504529/2022,A/Cambodia/925256/2020,40
A/Belgium/G0197/2022,A/Cambodia/925256/2020,40
A/Belgium/S1049/2022,A/Cambodia/925256/2020,40
A/Estonia/KL4914/2022,A/Cambodia/925256/2020,40
A/Estonia/KL4911/2022,A/Cambodia/925256/2020,<40
A/Estonia/KL4967/2022,A/Cambodia/925256/2020,<40
A/Austria/1510167/2022,A/Cambodia/925256/2020,40
A/Estonia/169447/2022,A/Cambodia/925256/2020,<40
A/Estonia/169303/2022,A/Cambodia/925256/2020,40
A/Estonia/169446/2022,A/Cambodia/925256/2020,40
A/Belgium/S1030/2022,A/Cambodia/925256/2020,40
A/Belgium/S1027/2022,A/Cambodia/925256/2020,40
A/Estonia/KL4992/2022,A/Cambodia/925256/2020,40
A/Estonia/169344/2022,A/Cambodia/925256/2020,40
A/Estonia/169343/2022,A/Cambodia/925256/2020,40
A/Austria/1510472/2022,A/Cambodia/925256/2020,40
A/Estonia/169374/2022,A/Cambodia/925256/2020,40
A/Austria/1510800/2022,A/Cambodia/925256/2020,40
A/Estonia/KL4998/2022,A/Cambodia/925256/2020,40
A/Estonia/169390/2022,A/Cambodia/925256/2020,40
A/Estonia/169421/2022,A/Cambodia/925256/2020,40
A/Estonia/169420/2022,A/Cambodia/925256/2020,40
A/Estonia/169386/2022,A/Cambodia/925256/2020,40
A/Estonia/169385/2022,A/Cambodia/925256/2020,40
A/Estonia/169384/2022,A/Cambodia/925256/2020,40
A/Austria/1512885/2022,A/Cambodia/925256/2020,40
A/Austria/1513777/2022,A/Cambodia/925256/2020,40
A/Austria/1513868/2022,A/Cambodia/925256/2020,40
A/Austria/1502410/2022,A/Cambodia/925256/2020,80
A/Estonia/169301/2022,A/Cambodia/925256/2020,80
A/Austria/1497981/2022,A/Cambodia/925256/2020,40
A/Austria/1499572/2022,A/Cambodia/925256/2020,40
A/Austria/1501955/2022,A/Cambodia/925256/2020,40
A/Austria/1502449/2022,A/Cambodia/925256/2020,40
A/Austria/1503824/2022,A/Cambodia/925256/2020,40
A/Austria/1503368/2022,A/Cambodia/925256/2020,40
A/Austria/1503854/2022,A/Cambodia/925256/2020,40
A/Austria/1503823/2022,A/Cambodia/925256/2020,40
A/Austria/1504127/2022,A/Cambodia/925256/2020,40
A/Austria/1504562/2022,A/Cambodia/925256/2020,40
A/Austria/1508277/2022,A/Cambodia/925256/2020,40
A/Austria/1509468/2022,A/Cambodia/925256/2020,40
A/Austria/1514532/2022,A/Cambodia/925256/2020,40
A/Belgium/S1074/2022,A/Cambodia/925256/2020,40
A/Denmark/3264/2019,A/Cambodia/e0826360/2020,320
A/Hong Kong/2671/2019,A/Cambodia/e0826360/2020,160
A/Cambodia/925256/2020,A/Cambodia/e0826360/2020,320
A/Cambodia/e0826360/2020,A/Cambodia/e0826360/2020,1280
A/Bangladesh/4005/2020,A/Cambodia/e0826360/2020,320
A/Stockholm/5/2021,A/Cambodia/e0826360/2020,160
A/England/214191723/2021,A/Cambodia/e0826360/2020,160
A/Darwin/9/2021,A/Cambodia/e0826360/2020,640
A/Slovenia/8720/2022,A/Cambodia/e0826360/2020,320
A/Slovenia/9216/2022,A/Cambodia/e0826360/2020,320
A/Slovenia/9318/2022,A/Cambodia/e0826360/2020,640
A/Kansas/14/2017,A/Cambodia/e0826360/2020,80
A/Estonia/168577/2022,A/Cambodia/e0826360/2020,80
A/Austria/1491740/2022,A/Cambodia/e0826360/2020,80
A/Austria/1494246/2022,A/Cambodia/e0826360/2020,80
A/Austria/1496862/2022,A/Cambodia/e0826360/2020,80
A/Austria/1503342/2022,A/Cambodia/e0826360/2020,80
A/Austria/1504561/2022,A/Cambodia/e0826360/2020,80
A/Austria/1504529/2022,A/Cambodia/e0826360/2020,40
A/Belgium/G0197/2022,A/Cambodia/e0826360/2020,80
A/Belgium/S1049/2022,A/Cambodia/e0826360/2020,160
A/Estonia/KL4914/2022,A/Cambodia/e0826360/2020,80
A/Estonia/KL4911/2022,A/Cambodia/e0826360/2020,80
A/Estonia/KL4967/2022,A/Cambodia/e0826360/2020,80
A/Austria/1510167/2022,A/Cambodia/e0826360/2020,80
A/Estonia/169447/2022,A/Cambodia/e0826360/2020,80
A/Estonia/169303/2022,A/Cambodia/e0826360/2020,80
A/Estonia/169446/2022,A/Cambodia/e0826360/2020,80
A/Belgium/S1030/2022,A/Cambodia/e0826360/2020,80
A/Belgium/S1027/2022,A/Cambodia/e0826360/2020,80
A/Estonia/KL4992/2022,A/Cambodia/e0826360/2020,80
A/Estonia/169344/2022,A/Cambodia/e0826360/2020,80
A/Estonia/169343/2022,A/Cambodia/e0826360/2020,80
A/Austria/1510472/2022,A/Cambodia/e0826360/2020,160
A/Estonia/169374/2022,A/Cambodia/e0826360/2020,80
A/Austria/1510800/2022,A/Cambodia/e0826360/2020,80
A/Estonia/KL4998/2022,A/Cambodia/e0826360/2020,80
A/Estonia/169390/2022,A/Cambodia/e0826360/2020,80
A/Estonia/169421/2022,A/Cambodia/e0826360/2020,160
A/Estonia/169420/2022,A/Cambodia/e0826360/2020,80
A/Estonia/169386/2022,A/Cambodia/e0826360/2020,160
A/Estonia/169385/2022,A/Cambodia/e0826360/2020,80
A/Estonia/169384/2022,A/Cambodia/e0826360/2020,80
A/Austria/1512885/2022,A/Cambodia/e0826360/2020,80
A/Austria/1513777/2022,A/Cambodia/e0826360/2020,80
A/Austria/1513868/2022,A/Cambodia/e0826360/2020,80
A/Austria/1502410/2022,A/Cambodia/e0826360/2020,320
A/Estonia/169301/2022,A/Cambodia/e0826360/2020,320
A/Austria/1497981/2022,A/Cambodia/e0826360/2020,160
A/Austria/1499572/2022,A/Cambodia/e0826360/2020,160
A/Austria/1501955/2022,A/Cambodia/e0826360/2020,160
A/Austria/1502449/2022,A/Cambodia/e0826360/2020,160
A/Austria/1503824/2022,A/Cambodia/e0826360/2020,160
A/Austria/1503368/2022,A/Cambodia/e0826360/2020,160
A/Austria/1503854/2022,A/Cambodia/e0826360/2020,160
A/Austria/1503823/2022,A/Cambodia/e0826360/2020,160
A/Austria/1504127/2022,A/Cambodia/e0826360/2020,160
A/Austria/1504562/2022,A/Cambodia/e0826360/2020,160
A/Austria/1508277/2022,A/Cambodia/e0826360/2020,160
A/Austria/1509468/2022,A/Cambodia/e0826360/2020,160
A/Austria/1514532/2022,A/Cambodia/e0826360/2020,160
A/Belgium/S1074/2022,A/Cambodia/e0826360/2020,160
A/Denmark/3264/2019,A/Bangladesh/4005/2020,320
A/Hong Kong/2671/2019,A/Bangladesh/4005/2020,320
A/Cambodia/925256/2020,A/Bangladesh/4005/2020,320
A/Cambodia/e0826360/2020,A/Bangladesh/4005/2020,320
A/Bangladesh/4005/2020,A/Bangladesh/4005/2020,640
A/Stockholm/5/2021,A/Bangladesh/4005/2020,320
A/England/214191723/2021,A/Bangladesh/4005/2020,160
A/Darwin/9/2021,A/Bangladesh/4005/2020,640
A/Slovenia/8720/2022,A/Bangladesh/4005/2020,320
A/Slovenia/9216/2022,A/Bangladesh/4005/2020,320
A/Slovenia/9318/2022,A/Bangladesh/4005/2020,320
A/Kansas/14/2017,A/Bangladesh/4005/2020,80
A/Estonia/168577/2022,A/Bangladesh/4005/2020,320
A/Austria/1491740/2022,A/Bangladesh/4005/2020,160
A/Austria/1494246/2022,A/Bangladesh/4005/2020,160
A/Austria/1496862/2022,A/Bangladesh/4005/2020,160
A/Austria/1503342/2022,A/Bangladesh/4005/2020,160
A/Austria/1504561/2022,A/Bangladesh/4005/2020,160
A/Austria/1504529/2022,A/Bangladesh/4005/2020,160
A/Belgium/G0197/2022,A/Bangladesh/4005/2020,160
A/Belgium/S1049/2022,A/Bangladesh/4005/2020,160
A/Estonia/KL4914/2022,A/Bangladesh/4005/2020,160
A/Estonia/KL4911/2022,A/Bangladesh/4005/2020,160
A/Estonia/KL4967/2022,A/Bangladesh/4005/2020,160
A/Austria/1510167/2022,A/Bangladesh/4005/2020,160
A/Estonia/169447/2022,A/Bangladesh/4005/2020,160
A/Estonia/169303/2022,A/Bangladesh/4005/2020,160
A/Estonia/169446/2022,A/Bangladesh/4005/2020,160
A/Belgium/S1030/2022,A/Bangladesh/4005/2020,160
A/Belgium/S1027/2022,A/Bangladesh/4005/2020,160
A/Estonia/KL4992/2022,A/Bangladesh/4005/2020,160
A/Estonia/169344/2022,A/Bangladesh/4005/2020,160
A/Estonia/169343/2022,A/Bangladesh/4005/2020,320
A/Austria/1510472/2022,A/Bangladesh/4005/2020,320
A/Estonia/169374/2022,A/Bangladesh/4005/2020,320
A/Austria/1510800/2022,A/Bangladesh/4005/2020,160
A/Estonia/KL4998/2022,A/Bangladesh/4005/2020,160
A/Estonia/169390/2022,A/Bangladesh/4005/2020,160
A/Estonia/169421/2022,A/Bangladesh/4005/2020,160
A/Estonia/169420/2022,A/Bangladesh/4005/2020,160
A/Estonia/169386/2022,A/Bangladesh/4005/2020,160
A/Estonia/169385/2022,A/Bangladesh/4005/2020,160
A/Estonia/169384/2022,A/Bangladesh/4005/2020,160
A/Austria/1512885/2022,A/Bangladesh/4005/2020,320
A/Austria/1513777/2022,A/Bangladesh/4005/2020,320
A/Austria/1513868/2022,A/Bangladesh/4005/2020,160
A/Austria/1502410/2022,A/Bangladesh/4005/2020,320
A/Estonia/169301/2022,A/Bangladesh/4005/2020,320
A/Austria/1497981/2022,A/Bangladesh/4005/2020,160
A/Austria/1499572/2022,A/Bangladesh/4005/2020,320
A/Austria/1501955/2022,A/Bangladesh/4005/2020,320
A/Austria/1502449/2022,A/Bangladesh/4005/2020,320
A/Austria/1503824/2022,A/Bangladesh/4005/2020,320
A/Austria/1503368/2022,A/Bangladesh/4005/2020,320
A/Austria/1503854/2022,A/Bangladesh/4005/2020,320
A/Austria/1503823/2022,A/Bangladesh/4005/2020,320
A/Austria/1504127/2022,A/Bangladesh/4005/2020,320
A/Austria/1504562/2022,A/Bangladesh/4005/2020,320
A/Austria/1508277/2022,A/Bangladesh/4005/2020,320
A/Austria/1509468/2022,A/Bangladesh/4005/2020,320
A/Austria/1514532/2022,A/Bangladesh/4005/2020,320
A/Belgium/S1074/2022,A/Bangladesh/4005/2020,320
A/Denmark/3264/2019,A/Stockholm/5/2021,160
A/Hong Kong/2671/2019,A/Stockholm/5/2021,80
A/Cambodia/925256/2020,A/Stockholm/5/2021,160
A/Cambodia/e0826360/2020,A/Stockholm/5/2021,160
A/Bangladesh/4005/2020,A/Stockholm/5/2021,640
A/Stockholm/5/2021,A/Stockholm/5/2021,640
A/England/214191723/2021,A/Stockholm/5/2021,320
A/Darwin/9/2021,A/Stockholm/5/2021,1280
A/Slovenia/8720/2022,A/Stockholm/5/2021,640
A/Slovenia/9216/2022,A/Stockholm/5/2021,320
A/Slovenia/9318/2022,A/Stockholm/5/2021,640
A/Kansas/14/2017,A/Stockholm/5/2021,80
A/Estonia/168577/2022,A/Stockholm/5/2021,640
A/Austria/1491740/2022,A/Stockholm/5/2021,320
A/Austria/1494246/2022,A/Stockholm/5/2021,640
A/Austria/1496862/2022,A/Stockholm/5/2021,320
A/Austria/1503342/2022,A/Stockholm/5/2021,320
A/Austria/1504561/2022,A/Stockholm/5/2021,320
A/Austria/1504529/2022,A/Stockholm/5/2021,320
A/Belgium/G0197/2022,A/Stockholm/5/2021,320
A/Belgium/S1049/2022,A/Stockholm/5/2021,160
A/Estonia/KL4914/2022,A/Stockholm/5/2021,320
A/Estonia/KL4911/2022,A/Stockholm/5/2021,320
A/Estonia/KL4967/2022,A/Stockholm/5/2021,320
A/Austria/1510167/2022,A/Stockholm/5/2021,320
A/Estonia/169447/2022,A/Stockholm/5/2021,320
A/Estonia/169303/2022,A/Stockholm/5/2021,320
A/Estonia/169446/2022,A/Stockholm/5/2021,320
A/Belgium/S1030/2022,A/Stockholm/5/2021,320
A/Belgium/S1027/2022,A/Stockholm/5/2021,320
A/Estonia/KL4992/2022,A/Stockholm/5/2021,320
A/Estonia/169344/2022,A/Stockholm/5/2021,320
A/Estonia/169343/2022,A/Stockholm/5/2021,640
A/Austria/1510472/2022,A/Stockholm/5/2021,640
A/Estonia/169374/2022,A/Stockholm/5/2021,640
A/Austria/1510800/2022,A/Stockholm/5/2021,320
A/Estonia/KL4998/2022,A/Stockholm/5/2021,320
A/Estonia/169390/2022,A/Stockholm/5/2021,320
A/Estonia/169421/2022,A/Stockholm/5/2021,640
A/Estonia/169420/2022,A/Stockholm/5/2021,320
A/Estonia/169386/2022,A/Stockholm/5/2021,640
A/Estonia/169385/2022,A/Stockholm/5/2021,320
A/Estonia/169384/2022,A/Stockholm/5/2021,320
A/Austria/1512885/2022,A/Stockholm/5/2021,640
A/Austria/1513777/2022,A/Stockholm/5/2021,320
A/Austria/1513868/2022,A/Stockholm/5/2021,320
A/Austria/1502410/2022,A/Stockholm/5/2021,640
A/Estonia/169301/2022,A/Stockholm/5/2021,640
A/Austria/1497981/2022,A/Stockholm/5/2021,320
A/Austria/1499572/2022,A/Stockholm/5/2021,320
A/Austria/1501955/2022,A/Stockholm/5/2021,320
A/Austria/1502449/2022,A/Stockholm/5/2021,320
A/Austria/1503824/2022,A/Stockholm/5/2021,320
A/Austria/1503368/2022,A/Stockholm/5/2021,320
A/Austria/1503854/2022,A/Stockholm/5/2021,320
A/Austria/1503823/2022,A/Stockholm/5/2021,320
A/Austria/1504127/2022,A/Stockholm/5/2021,320
A/Austria/1504562/2022,A/Stockholm/5/2021,320
A/Austria/1508277/2022,A/Stockholm/5/2021,320
A/Austria/1509468/2022,A/Stockholm/5/2021,320
A/Austria/1514532/2022,A/Stockholm/5/2021,320
A/Belgium/S1074/2022,A/Stockholm/5/2021,320
A/Denmark/3264/2019,A/England/214191723/2021,40
A/Hong Kong/2671/2019,A/England/214191723/2021,40
A/Cambodia/925256/2020,A/England/214191723/2021,40
A/Cambodia/e0826360/2020,A/England/214191723/2021,160
A/Bangladesh/4005/2020,A/England/214191723/2021,640
A/Stockholm/5/2021,A/England/214191723/2021,320
A/England/214191723/2021,A/England/214191723/2021,640
A/Darwin/9/2021,A/England/214191723/2021,640
A/Slovenia/8720/2022,A/England/214191723/2021,640
A/Slovenia/9216/2022,A/England/214191723/2021,320
A/Slovenia/9318/2022,A/England/214191723/2021,640
A/Kansas/14/2017,A/England/214191723/2021,80
A/Estonia/168577/2022,A/England/214191723/2021,320
A/Austria/1491740/2022,A/England/214191723/2021,160
A/Austria/1494246/2022,A/England/214191723/2021,320
A/Austria/1496862/2022,A/England/214191723/2021,320
A/Austria/1503342/2022,A/England/214191723/2021,320
A/Austria/1504561/2022,A/England/214191723/2021,320
A/Austria/1504529/2022,A/England/214191723/2021,320
A/Belgium/G0197/2022,A/England/214191723/2021,320
A/Belgium/S1049/2022,A/England/214191723/2021,160
A/Estonia/KL4914/2022,A/England/214191723/2021,320
A/Estonia/KL4911/2022,A/England/214191723/2021,320
A/Estonia/KL4967/2022,A/England/214191723/2021,160
A/Austria/1510167/2022,A/England/214191723/2021,320
A/Estonia/169447/2022,A/England/214191723/2021,320
A/Estonia/169303/2022,A/England/214191723/2021,320
A/Estonia/169446/2022,A/England/214191723/2021,320
A/Belgium/S1030/2022,A/England/214191723/2021,320
A/Belgium/S1027/2022,A/England/214191723/2021,320
A/Estonia/KL4992/2022,A/England/214191723/2021,320
A/Estonia/169344/2022,A/England/214191723/2021,320
A/Estonia/169343/2022,A/England/214191723/2021,320
A/Austria/1510472/2022,A/England/214191723/2021,320
A/Estonia/169374/2022,A/England/214191723/2021,320
A/Austria/1510800/2022,A/England/214191723/2021,320
A/Estonia/KL4998/2022,A/England/214191723/2021,320
A/Estonia/169390/2022,A/England/214191723/2021,160
A/Estonia/169421/2022,A/England/214191723/2021,320
A/Estonia/169420/2022,A/England/214191723/2021,320
A/Estonia/169386/2022,A/England/214191723/2021,320
A/Estonia/169385/2022,A/England/214191723/2021,320
A/Estonia/169384/2022,A/England/214191723/2021,160
A/Austria/1512885/2022,A/England/214191723/2021,320
A/Austria/1513777/2022,A/England/214191723/2021,320
A/Austria/1513868/2022,A/England/214191723/2021,320
A/Austria/1502410/2022,A/England/214191723/2021,640
A/Estonia/169301/2022,A/England/214191723/2021,640
A/Austria/1497981/2022,A/England/214191723/2021,640
A/Austria/1499572/2022,A/England/214191723/2021,320
A/Austria/1501955/2022,A/England/214191723/2021,320
A/Austria/1502449/2022,A/England/214191723/2021,320
A/Austria/1503824/2022,A/England/214191723/2021,320
A/Austria/1503368/2022,A/England/214191723/2021,160
A/Austria/1503854/2022,A/England/214191723/2021,320
A/Austria/1503823/2022,A/England/214191723/2021,320
A/Austria/1504127/2022,A/England/214191723/2021,320
A/Austria/1504562/2022,A/England/214191723/2021,320
A/Austria/1508277/2022,A/England/214191723/2021,320
A/Austria/1509468/2022,A/England/214191723/2021,160
A/Austria/1514532/2022,A/England/214191723/2021,320
A/Belgium/S1074/2022,A/England/214191723/2021,160
A/Denmark/3264/2019,A/Darwin/9/2021,320
A/Hong Kong/2671/2019,A/Darwin/9/2021,160
A/Cambodia/925256/2020,A/Darwin/9/2021,320
A/Cambodia/e0826360/2020,A/Darwin/9/2021,160
A/Bangladesh/4005/2020,A/Darwin/9/2021,640
A/Stockholm/5/2021,A/Darwin/9/2021,640
A/England/214191723/2021,A/Darwin/9/2021,640
A/Darwin/9/2021,A/Darwin/9/2021,1280
A/Slovenia/8720/2022,A/Darwin/9/2021,640
A/Slovenia/9216/2022,A/Darwin/9/2021,640
A/Slovenia/9318/2022,A/Darwin/9/2021,640
A/Kansas/14/2017,A/Darwin/9/2021,80
A/Estonia/168577/2022,A/Darwin/9/2021,320
A/Austria/1491740/2022,A/Darwin/9/2021,320
A/Austria/1494246/2022,A/Darwin/9/2021,320
A/Austria/1496862/2022,A/Darwin/9/2021,320
A/Austria/1503342/2022,A/Darwin/9/2021,320
A/Austria/1504561/2022,A/Darwin/9/2021,320
A/Austria/1504529/2022,A/Darwin/9/2021,320
A/Belgium/G0197/2022,A/Darwin/9/2021,320
A/Belgium/S1049/2022,A/Darwin/9/2021,320
A/Estonia/KL4914/2022,A/Darwin/9/2021,320
A/Estonia/KL4911/2022,A/Darwin/9/2021,320
A/Estonia/KL4967/2022,A/Darwin/9/2021,320
A/Austria/1510167/2022,A/Darwin/9/2021,320
A/Estonia/169447/2022,A/Darwin/9/2021,320
A/Estonia/169303/2022,A/Darwin/9/2021,320
A/Estonia/169446/2022,A/Darwin/9/2021,640
A/Belgium/S1030/2022,A/Darwin/9/2021,320
A/Belgium/S1027/2022,A/Darwin/9/2021,320
A/Estonia/KL4992/2022,A/Darwin/9/2021,320
A/Estonia/169344/2022,A/Darwin/9/2021,160
A/Estonia/169343/2022,A/Darwin/9/2021,320
A/Austria/1510472/2022,A/Darwin/9/2021,640
A/Estonia/169374/2022,A/Darwin/9/2021,320
A/Austria/1510800/2022,A/Darwin/9/2021,320
A/Estonia/KL4998/2022,A/Darwin/9/2021,160
A/Estonia/169390/2022,A/Darwin/9/2021,320
A/Estonia/169421/2022,A/Darwin/9/2021,320
A/Estonia/169420/2022,A/Darwin/9/2021,320
A/Estonia/169386/2022,A/Darwin/9/2021,320
A/Estonia/169385/2022,A/Darwin/9/2021,320
A/Estonia/169384/2022,A/Darwin/9/2021,320
A/Austria/1512885/2022,A/Darwin/9/2021,320
A/Austria/1513777/2022,A/Darwin/9/2021,320
A/Austria/1513868/2022,A/Darwin/9/2021,320
A/Austria/1502410/2022,A/Darwin/9/2021,640
A/Estonia/169301/2022,A/Darwin/9/2021,640
A/Austria/1497981/2022,A/Darwin/9/2021,320
A/Austria/1499572/2022,A/Darwin/9/2021,160
A/Austria/1501955/2022,A/Darwin/9/2021,160
A/Austria/1502449/2022,A/Darwin/9/2021,160
A/Austria/1503824/2022,A/Darwin/9/2021,160
A/Austria/1503368/2022,A/Darwin/9/2021,160
A/Austria/1503854/2022,A/Darwin/9/2021,160
A/Austria/1503823/2022,A/Darwin/9/2021,160
A/Austria/1504127/2022,A/Darwin/9/2021,160
A/Austria/1504562/2022,A/Darwin/9/2021,160
A/Austria/1508277/2022,A/Darwin/9/2021,160
A/Austria/1509468/2022,A/Darwin/9/2021,160
A/Austria/1514532/2022,A/Darwin/9/2021,160
A/Belgium/S1074/2022,A/Darwin/9/2021,160
A/Denmark/3264/2019,A/Slovenia/8720/2022,40
A/Hong Kong/2671/2019,A/Slovenia/8720/2022,40
A/Cambodia/925256/2020,A/Slovenia/8720/2022,40
A/Cambodia/e0826360/2020,A/Slovenia/8720/2022,80
A/Bangladesh/4005/2020,A/Slovenia/8720/2022,320
A/Stockholm/5/2021,A/Slovenia/8720/2022,320
A/England/214191723/2021,A/Slovenia/8720/2022,320
A/Darwin/9/2021,A/Slovenia/8720/2022,1280
A/Slovenia/8720/2022,A/Slovenia/8720/2022,640
A/Slovenia/9216/2022,A/Slovenia/8720/2022,640
A/Slovenia/9318/2022,A/Slovenia/8720/2022,1280
A/Kansas/14/2017,A/Slovenia/8720/2022,<40
A/Estonia/168577/2022,A/Slovenia/8720/2022,*
A/Austria/1491740/2022,A/Slovenia/8720/2022,*
A/Austria/1494246/2022,A/Slovenia/8720/2022,*
A/Austria/1496862/2022,A/Slovenia/8720/2022,*
A/Austria/1503342/2022,A/Slovenia/8720/2022,*
A/Austria/1504561/2022,A/Slovenia/8720/2022,*
A/Austria/1504529/2022,A/Slovenia/8720/2022,*
A/Belgium/G0197/2022,A/Slovenia/8720/2022,*
A/Belgium/S1049/2022,A/Slovenia/8720/2022,*
A/Estonia/KL4914/2022,A/Slovenia/8720/2022,*
A/Estonia/KL4911/2022,A/Slovenia/8720/2022,*
A/Estonia/KL4967/2022,A/Slovenia/8720/2022,*
A/Austria/1510167/2022,A/Slovenia/8720/2022,*
A/Estonia/169447/2022,A/Slovenia/8720/2022,*
A/Estonia/169303/2022,A/Slovenia/8720/2022,*
A/Estonia/169446/2022,A/Slovenia/8720/2022,*
A/Belgium/S1030/2022,A/Slovenia/8720/2022,640
A/Belgium/S1027/2022,A/Slovenia/8720/2022,320
A/Estonia/KL4992/2022,A/Slovenia/8720/2022,*
A/Estonia/169344/2022,A/Slovenia/8720/2022,*
A/Estonia/169343/2022,A/Slovenia/8720/2022,*
A/Austria/1510472/2022,A/Slovenia/8720/2022,*
A/Estonia/169374/2022,A/Slovenia/8720/2022,*
A/Austria/1510800/2022,A/Slovenia/8720/2022,640
A/Estonia/KL4998/2022,A/Slovenia/8720/2022,*
A/Estonia/169390/2022,A/Slovenia/8720/2022,*
A/Estonia/169421/2022,A/Slovenia/8720/2022,640
A/Estonia/169420/2022,A/Slovenia/8720/2022,320
A/Estonia/169386/2022,A/Slovenia/8720/2022,640
A/Estonia/169385/2022,A/Slovenia/8720/2022,640
A/Estonia/169384/2022,A/Slovenia/8720/2022,*
A/Austria/1512885/2022,A/Slovenia/8720/2022,640
A/Austria/1513777/2022,A/Slovenia/8720/2022,640
A/Austria/1513868/2022,A/Slovenia/8720/2022,160
A/Austria/1502410/2022,A/Slovenia/8720/2022,*
A/Estonia/169301/2022,A/Slovenia/8720/2022,*
A/Austria/1497981/2022,A/Slovenia/8720/2022,*
A/Austria/1499572/2022,A/Slovenia/8720/2022,*
A/Austria/1501955/2022,A/Slovenia/8720/2022,*
A/Austria/1502449/2022,A/Slovenia/8720/2022,*
A/Austria/1503824/2022,A/Slovenia/8720/2022,*
A/Austria/1503368/2022,A/Slovenia/8720/2022,*
A/Austria/1503854/2022,A/Slovenia/8720/2022,*
A/Austria/1503823/2022,A/Slovenia/8720/2022,*
A/Austria/1504127/2022,A/Slovenia/8720/2022,*
A/Austria/1504562/2022,A/Slovenia/8720/2022,*
A/Austria/1508277/2022,A/Slovenia/8720/2022,*
A/Austria/1509468/2022,A/Slovenia/8720/2022,*
A/Austria/1514532/2022,A/Slovenia/8720/2022,*
A/Belgium/S1074/2022,A/Slovenia/8720/2022,80
A/Denmark/3264/2019,A/Slovenia/9216/2022,<40
A/Hong Kong/2671/2019,A/Slovenia/9216/2022,<40
A/Cambodia/925256/2020,A/Slovenia/9216/2022,<40
A/Cambodia/e0826360/2020,A/Slovenia/9216/2022,80
A/Bangladesh/4005/2020,A/Slovenia/9216/2022,160
A/Stockholm/5/2021,A/Slovenia/9216/2022,160
A/England/214191723/2021,A/Slovenia/9216/2022,160
A/Darwin/9/2021,A/Slovenia/9216/2022,320
A/Slovenia/8720/2022,A/Slovenia/9216/2022,320
A/Slovenia/9216/2022,A/Slovenia/9216/2022,320
A/Slovenia/9318/2022,A/Slovenia/9216/2022,640
A/Kansas/14/2017,A/Slovenia/9216/2022,<40
A/Estonia/168577/2022,A/Slovenia/9216/2022,*
A/Austria/1491740/2022,A/Slovenia/9216/2022,*
A/Austria/1494246/2022,A/Slovenia/9216/2022,*
A/Austria/1496862/2022,A/Slovenia/9216/2022,*
A/Austria/1503342/2022,A/Slovenia/9216/2022,*
A/Austria/1504561/2022,A/Slovenia/9216/2022,*
A/Austria/1504529/2022,A/Slovenia/9216/2022,*
A/Belgium/G0197/2022,A/Slovenia/9216/2022,*
A/Belgium/S1049/2022,A/Slovenia/9216/2022,*
A/Estonia/KL4914/2022,A/Slovenia/9216/2022,*
A/Estonia/KL4911/2022,A/Slovenia/9216/2022,*
A/Estonia/KL4967/2022,A/Slovenia/9216/2022,*
A/Austria/1510167/2022,A/Slovenia/9216/2022,*
A/Estonia/169447/2022,A/Slovenia/9216/2022,*
A/Estonia/169303/2022,A/Slovenia/9216/2022,*
A/Estonia/169446/2022,A/Slovenia/9216/2022,*
A/Belgium/S1030/2022,A/Slovenia/9216/2022,320
A/Belgium/S1027/2022,A/Slovenia/9216/2022,160
A/Estonia/KL4992/2022,A/Slovenia/9216/2022,*
A/Estonia/169344/2022,A/Slovenia/9216/2022,*
A/Estonia/169343/2022,A/Slovenia/9216/2022,*
A/Austria/1510472/2022,A/Slovenia/9216/2022,*
A/Estonia/169374/2022,A/Slovenia/9216/2022,*
A/Austria/1510800/2022,A/Slovenia/9216/2022,320
A/Estonia/KL4998/2022,A/Slovenia/9216/2022,*
A/Estonia/169390/2022,A/Slovenia/9216/2022,*
A/Estonia/169421/2022,A/Slovenia/9216/2022,320
A/Estonia/169420/2022,A/Slovenia/9216/2022,320
A/Estonia/169386/2022,A/Slovenia/9216/2022,320
A/Estonia/169385/2022,A/Slovenia/9216/2022,320
A/Estonia/169384/2022,A/Slovenia/9216/2022,*
A/Austria/1512885/2022,A/Slovenia/9216/2022,640
A/Austria/1513777/2022,A/Slovenia/9216/2022,640
A/Austria/1513868/2022,A/Slovenia/9216/2022,80
A/Austria/1502410/2022,A/Slovenia/9216/2022,*
A/Estonia/169301/2022,A/Slovenia/9216/2022,*
A/Austria/1497981/2022,A/Slovenia/9216/2022,*
A/Austria/1499572/2022,A/Slovenia/9216/2022,*
A/Austria/1501955/2022,A/Slovenia/9216/2022,*
A/Austria/1502449/2022,A/Slovenia/9216/2022,*
A/Austria/1503824/2022,A/Slovenia/9216/2022,*
A/Austria/1503368/2022,A/Slovenia/9216/2022,*
A/Austria/1503854/2022,A/Slovenia/9216/2022,*
A/Austria/1503823/2022,A/Slovenia/9216/2022,*
A/Austria/1504127/2022,A/Slovenia/9216/2022,*
A/Austria/1504562/2022,A/Slovenia/9216/2022,*
A/Austria/1508277/2022,A/Slovenia/9216/2022,*
A/Austria/1509468/2022,A/Slovenia/9216/2022,*
A/Austria/1514532/2022,A/Slovenia/9216/2022,*
A/Belgium/S1074/2022,A/Slovenia/9216/2022,40
A/Denmark/3264/2019,A/Slovenia/9318/2022,<40
A/Hong Kong/2671/2019,A/Slovenia/9318/2022,<40
A/Cambodia/925256/2020,A/Slovenia/9318/2022,<40
A/Cambodia/e0826360/2020,A/Slovenia/9318/2022,80
A/Bangladesh/4005/2020,A/Slovenia/9318/2022,160
A/Stockholm/5/2021,A/Slovenia/9318/2022,320
A/England/214191723/2021,A/Slovenia/9318/2022,160
A/Darwin/9/2021,A/Slovenia/9318/2022,640
A/Slovenia/8720/2022,A/Slovenia/9318/2022,640
A/Slovenia/9216/2022,A/Slovenia/9318/2022,640
A/Slovenia/9318/2022,A/Slovenia/9318/2022,640
A/Kansas/14/2017,A/Slovenia/9318/2022,80
A/Estonia/168577/2022,A/Slovenia/9318/2022,*
A/Austria/1491740/2022,A/Slovenia/9318/2022,*
A/Austria/1494246/2022,A/Slovenia/9318/2022,*
A/Austria/1496862/2022,A/Slovenia/9318/2022,*
A/Austria/1503342/2022,A/Slovenia/9318/2022,*
A/Austria/1504561/2022,A/Slovenia/9318/2022,*
A/Austria/1504529/2022,A/Slovenia/9318/2022,*
A/Belgium/G0197/2022,A/Slovenia/9318/2022,*
A/Belgium/S1049/2022,A/Slovenia/9318/2022,*
A/Estonia/KL4914/2022,A/Slovenia/9318/2022,*
A/Estonia/KL4911/2022,A/Slovenia/9318/2022,*
A/Estonia/KL4967/2022,A/Slovenia/9318/2022,*
A/Austria/1510167/2022,A/Slovenia/9318/2022,*
A/Estonia/169447/2022,A/Slovenia/9318/2022,*
A/Estonia/169303/2022,A/Slovenia/9318/2022,*
A/Estonia/169446/2022,A/Slovenia/9318/2022,*
A/Belgium/S1030/2022,A/Slovenia/9318/2022,320
A/Belgium/S1027/2022,A/Slovenia/9318/2022,160
A/Estonia/KL4992/2022,A/Slovenia/9318/2022,*
A/Estonia/169344/2022,A/Slovenia/9318/2022,*
A/Estonia/169343/2022,A/Slovenia/9318/2022,*
A/Austria/1510472/2022,A/Slovenia/9318/2022,*
A/Estonia/169374/2022,A/Slovenia/9318/2022,*
A/Austria/1510800/2022,A/Slovenia/9318/2022,320
A/Estonia/KL4998/2022,A/Slovenia/9318/2022,*
A/Estonia/169390/2022,A/Slovenia/9318/2022,*
A/Estonia/169421/2022,A/Slovenia/9318/2022,320
A/Estonia/169420/2022,A/Slovenia/9318/2022,320
A/Estonia/169386/2022,A/Slovenia/9318/2022,320
A/Estonia/169385/2022,A/Slovenia/9318/2022,320
A/Estonia/169384/2022,A/Slovenia/9318/2022,*
A/Austria/1512885/2022,A/Slovenia/9318/2022,640
A/Austria/1513777/2022,A/Slovenia/9318/2022,640
A/Austria/1513868/2022,A/Slovenia/9318/2022,80
A/Austria/1502410/2022,A/Slovenia/9318/2022,*
A/Estonia/169301/2022,A/Slovenia/9318/2022,*
A/Austria/1497981/2022,A/Slovenia/9318/2022,*
A/Austria/1499572/2022,A/Slovenia/9318/2022,*
A/Austria/1501955/2022,A/Slovenia/9318/2022,*
A/Austria/1502449/2022,A/Slovenia/9318/2022,*
A/Austria/1503824/2022,A/Slovenia/9318/2022,*
A/Austria/1503368/2022,A/Slovenia/9318/2022,*
A/Austria/1503854/2022,A/Slovenia/9318/2022,*
A/Austria/1503823/2022,A/Slovenia/9318/2022,*
A/Austria/1504127/2022,A/Slovenia/9318/2022,*
A/Austria/1504562/2022,A/Slovenia/9318/2022,*
A/Austria/1508277/2022,A/Slovenia/9318/2022,*
A/Austria/1509468/2022,A/Slovenia/9318/2022,*
A/Austria/1514532/2022,A/Slovenia/9318/2022,*
A/Belgium/S1074/2022,A/Slovenia/9318/2022,40
A/Denmark/3264/2019,A/Kansas/14/2017,160
A/Hong Kong/2671/2019,A/Kansas/14/2017,160
A/Cambodia/925256/2020,A/Kansas/14/2017,160
A/Cambodia/e0826360/2020,A/Kansas/14/2017,80
A/Bangladesh/4005/2020,A/Kansas/14/2017,160
A/Stockholm/5/2021,A/Kansas/14/2017,80
A/England/214191723/2021,A/Kansas/14/2017,40
A/Darwin/9/2021,A/Kansas/14/2017,160
A/Slovenia/8720/2022,A/Kansas/14/2017,80
A/Slovenia/9216/2022,A/Kansas/14/2017,80
A/Slovenia/9318/2022,A/Kansas/14/2017,80
A/Kansas/14/2017,A/Kansas/14/2017,640
A/Estonia/168577/2022,A/Kansas/14/2017,40
A/Austria/1491740/2022,A/Kansas/14/2017,<40
A/Austria/1494246/2022,A/Kansas/14/2017,40
A/Austria/1496862/2022,A/Kansas/14/2017,<40
A/Austria/1503342/2022,A/Kansas/14/2017,40
A/Austria/1504561/2022,A/Kansas/14/2017,40
A/Austria/1504529/2022,A/Kansas/14/2017,<40
A/Belgium/G0197/2022,A/Kansas/14/2017,40
A/Belgium/S1049/2022,A/Kansas/14/2017,40
A/Estonia/KL4914/2022,A/Kansas/14/2017,<40
A/Estonia/KL4911/2022,A/Kansas/14/2017,<40
A/Estonia/KL4967/2022,A/Kansas/14/2017,<40
A/Austria/1510167/2022,A/Kansas/14/2017,40
A/Estonia/169447/2022,A/Kansas/14/2017,<40
A/Estonia/169303/2022,A/Kansas/14/2017,40
A/Estonia/169446/2022,A/Kansas/14/2017,40
A/Belgium/S1030/2022,A/Kansas/14/2017,40
A/Belgium/S1027/2022,A/Kansas/14/2017,40
A/Estonia/KL4992/2022,A/Kansas/14/2017,<40
A/Estonia/169344/2022,A/Kansas/14/2017,<40
A/Estonia/169343/2022,A/Kansas/14/2017,<40
A/Austria/1510472/2022,A/Kansas/14/2017,40
A/Estonia/169374/2022,A/Kansas/14/2017,40
A/Austria/1510800/2022,A/Kansas/14/2017,40
A/Estonia/KL4998/2022,A/Kansas/14/2017,<40
A/Estonia/169390/2022,A/Kansas/14/2017,<40
A/Estonia/169421/2022,A/Kansas/14/2017,40
A/Estonia/169420/2022,A/Kansas/14/2017,40
A/Estonia/169386/2022,A/Kansas/14/2017,40
A/Estonia/169385/2022,A/Kansas/14/2017,<40
A/Estonia/169384/2022,A/Kansas/14/2017,<40
A/Austria/1512885/2022,A/Kansas/14/2017,40
A/Austria/1513777/2022,A/Kansas/14/2017,40
A/Austria/1513868/2022,A/Kansas/14/2017,40
A/Austria/1502410/2022,A/Kansas/14/2017,80
A/Estonia/169301/2022,A/Kansas/14/2017,80
A/Austria/1497981/2022,A/Kansas/14/2017,40
A/Austria/1499572/2022,A/Kansas/14/2017,80
A/Austria/1501955/2022,A/Kansas/14/2017,80
A/Austria/1502449/2022,A/Kansas/14/2017,80
A/Austria/1503824/2022,A/Kansas/14/2017,160
A/Austria/1503368/2022,A/Kansas/14/2017,80
A/Austria/1503854/2022,A/Kansas/14/2017,80
A/Austria/1503823/2022,A/Kansas/14/2017,80
A/Austria/1504127/2022,A/Kansas/14/2017,80
A/Austria/1504562/2022,A/Kansas/14/2017,80
A/Austria/1508277/2022,A/Kansas/14/2017,80
A/Austria/1509468/2022,A/Kansas/14/2017,80
A/Austria/1514532/2022,A/Kansas/14/2017,80
A/Belgium/S1074/2022,A/Kansas/14/2017,80
A/Denmark/3264/2019,A/Denmark/3264/2019,320
A/Hong Kong/2671/2019,A/Denmark/3264/2019,320
A/Cambodia/925256/2020,A/Denmark/3264/2019,160
A/Cambodia/e0826360/2020,A/Denmark/3264/2019,160
A/Bangladesh/4005/2020,A/Denmark/3264/2019,160
A/Stockholm/5/2021,A/Denmark/3264/2019,80
A/England/214191723/2021,A/Denmark/3264/2019,40
A/Darwin/9/2021,A/Denmark/3264/2019,160
A/Kansas/14/2017,A/Denmark/3264/2019,40
A/Saudi Arabia/22-28/2021,A/Denmark/3264/2019,160
A/Saudi Arabia/22-35/2021,A/Denmark/3264/2019,80
A/Saudi Arabia/6/2021,A/Denmark/3264/2019,80
A/Saudi Arabia/22-21/2021,A/Denmark/3264/2019,80
A/Saudi Arabia/5/2021,A/Denmark/3264/2019,160
A/Saudi Arabia/22-23/2021,A/Denmark/3264/2019,80
A/Saudi Arabia/11/2021,A/Denmark/3264/2019,40
A/Saudi Arabia/18/2021,A/Denmark/3264/2019,40
A/Saudi Arabia/17/2021,A/Denmark/3264/2019,40
A/Slovenia/9449/2022,A/Denmark/3264/2019,80
A/Slovenia/9450/2022,A/Denmark/3264/2019,80
A/Slovenia/9454/2022,A/Denmark/3264/2019,40
A/Slovenia/9456/2022,A/Denmark/3264/2019,80
A/Slovenia/9448/2022,A/Denmark/3264/2019,80
A/Slovenia/9558/2022,A/Denmark/3264/2019,40
A/Slovenia/9565/2022,A/Denmark/3264/2019,80
A/Slovenia/9560/2022,A/Denmark/3264/2019,80
A/Slovenia/9599/2022,A/Denmark/3264/2019,80
A/Slovenia/9614/2022,A/Denmark/3264/2019,80
A/Slovenia/9623/2022,A/Denmark/3264/2019,40
A/Slovenia/9624/2022,A/Denmark/3264/2019,80
A/Slovenia/9626/2022,A/Denmark/3264/2019,40
A/Slovenia/9633/2022,A/Denmark/3264/2019,40
A/Slovenia/9644/2022,A/Denmark/3264/2019,40
A/Slovenia/9641/2022,A/Denmark/3264/2019,40
A/Slovenia/9670/2022,A/Denmark/3264/2019,40
A/Slovenia/9659/2022,A/Denmark/3264/2019,80
A/Slovenia/9668/2022,A/Denmark/3264/2019,80
A/Slovenia/9706/2022,A/Denmark/3264/2019,40
A/Slovenia/9707/2022,A/Denmark/3264/2019,40
A/Slovenia/9671/2022,A/Denmark/3264/2019,40
A/Slovenia/9676/2022,A/Denmark/3264/2019,40
A/Slovenia/9705/2022,A/Denmark/3264/2019,40
A/Slovenia/9708/2022,A/Denmark/3264/2019,80
A/Slovenia/9726/2022,A/Denmark/3264/2019,40
A/Slovenia/9728/2022,A/Denmark/3264/2019,40
A/Slovenia/9736/2022,A/Denmark/3264/2019,40
A/Slovenia/9737/2022,A/Denmark/3264/2019,40
A/Slovenia/9739/2022,A/Denmark/3264/2019,80
A/Spain/1127/2022,A/Denmark/3264/2019,40
A/Spain/1097/2022,A/Denmark/3264/2019,40
A/Spain/1126/2022,A/Denmark/3264/2019,40
A/Spain/1105/2022,A/Denmark/3264/2019,80
A/Spain/1100/2022,A/Denmark/3264/2019,40
A/Spain/1099/2022,A/Denmark/3264/2019,80
A/Spain/1098/2022,A/Denmark/3264/2019,40
A/Spain/1091/2022,A/Denmark/3264/2019,40
A/Spain/1109/2022,A/Denmark/3264/2019,80
A/Spain/1108/2022,A/Denmark/3264/2019,80
A/Slovenia/9362/2022,A/Denmark/3264/2019,160
A/Slovenia/9528/2022,A/Denmark/3264/2019,160
A/Slovenia/9562/2022,A/Denmark/3264/2019,160
A/Slovenia/9579/2022,A/Denmark/3264/2019,160
A/Slovenia/9675/2022,A/Denmark/3264/2019,160
A/Slovenia/9740/2022,A/Denmark/3264/2019,160
A/Spain/1059/2022,A/Denmark/3264/2019,40
A/Denmark/3264/2019,A/Hong Kong/2671/2019,160
A/Hong Kong/2671/2019,A/Hong Kong/2671/2019,320
A/Cambodia/925256/2020,A/Hong Kong/2671/2019,160
A/Cambodia/e0826360/2020,A/Hong Kong/2671/2019,<40
A/Bangladesh/4005/2020,A/Hong Kong/2671/2019,40
A/Stockholm/5/2021,A/Hong Kong/2671/2019,<40
A/England/214191723/2021,A/Hong Kong/2671/2019,<40
A/Darwin/9/2021,A/Hong Kong/2671/2019,<40
A/Kansas/14/2017,A/Hong Kong/2671/2019,<40
A/Saudi Arabia/22-28/2021,A/Hong Kong/2671/2019,<40
A/Saudi Arabia/22-35/2021,A/Hong Kong/2671/2019,<40
A/Saudi Arabia/6/2021,A/Hong Kong/2671/2019,<40
A/Saudi Arabia/22-21/2021,A/Hong Kong/2671/2019,<40
A/Saudi Arabia/5/2021,A/Hong Kong/2671/2019,<40
A/Saudi Arabia/22-23/2021,A/Hong Kong/2671/2019,<40
A/Saudi Arabia/11/2021,A/Hong Kong/2671/2019,<40
A/Saudi Arabia/18/2021,A/Hong Kong/2671/2019,<40
A/Saudi Arabia/17/2021,A/Hong Kong/2671/2019,<40
A/Slovenia/9449/2022,A/Hong Kong/2671/2019,<40
A/Slovenia/9450/2022,A/Hong Kong/2671/2019,<40
A/Slovenia/9454/2022,A/Hong Kong/2671/2019,<40
A/Slovenia/9456/2022,A/Hong Kong/2671/2019,<40
A/Slovenia/9448/2022,A/Hong Kong/2671/2019,<40
A/Slovenia/9558/2022,A/Hong Kong/2671/2019,<40
A/Slovenia/9565/2022,A/Hong Kong/2671/2019,<40
A/Slovenia/9560/2022,A/Hong Kong/2671/2019,<40
A/Slovenia/9599/2022,A/Hong Kong/2671/2019,<40
A/Slovenia/9614/2022,A/Hong Kong/2671/2019,<40
A/Slovenia/9623/2022,A/Hong Kong/2671/2019,<40
A/Slovenia/9624/2022,A/Hong Kong/2671/2019,<40
A/Slovenia/9626/2022,A/Hong Kong/2671/2019,<40
A/Slovenia/9633/2022,A/Hong Kong/2671/2019,<40
A/Slovenia/9644/2022,A/Hong Kong/2671/2019,<40
A/Slovenia/9641/2022,A/Hong Kong/2671/2019,<40
A/Slovenia/9670/2022,A/Hong Kong/2671/2019,<40
A/Slovenia/9659/2022,A/Hong Kong/2671/2019,<40
A/Slovenia/9668/2022,A/Hong Kong/2671/2019,<40
A/Slovenia/9706/2022,A/Hong Kong/2671/2019,<40
A/Slovenia/9707/2022,A/Hong Kong/2671/2019,<40
A/Slovenia/9671/2022,A/Hong Kong/2671/2019,<40
A/Slovenia/9676/2022,A/Hong Kong/2671/2019,<40
A/Slovenia/9705/2022,A/Hong Kong/2671/2019,<40
A/Slovenia/9708/2022,A/Hong Kong/2671/2019,<40
A/Slovenia/9726/2022,A/Hong Kong/2671/2019,<40
A/Slovenia/9728/2022,A/Hong Kong/2671/2019,<40
A/Slovenia/9736/2022,A/Hong Kong/2671/2019,<40
A/Slovenia/9737/2022,A/Hong Kong/2671/2019,<40
A/Slovenia/9739/2022,A/Hong Kong/2671/2019,<40
A/Spain/1127/2022,A/Hong Kong/2671/2019,<40
A/Spain/1097/2022,A/Hong Kong/2671/2019,<40
A/Spain/1126/2022,A/Hong Kong/2671/2019,<40
A/Spain/1105/2022,A/Hong Kong/2671/2019,<40
A/Spain/1100/2022,A/Hong Kong/2671/2019,<40
A/Spain/1099/2022,A/Hong Kong/2671/2019,<40
A/Spain/1098/2022,A/Hong Kong/2671/2019,<40
A/Spain/1091/2022,A/Hong Kong/2671/2019,<40
A/Spain/1109/2022,A/Hong Kong/2671/2019,<40
A/Spain/1108/2022,A/Hong Kong/2671/2019,<40
A/Slovenia/9362/2022,A/Hong Kong/2671/2019,<40
A/Slovenia/9528/2022,A/Hong Kong/2671/2019,<40
A/Slovenia/9562/2022,A/Hong Kong/2671/2019,<40
A/Slovenia/9579/2022,A/Hong Kong/2671/2019,<40
A/Slovenia/9675/2022,A/Hong Kong/2671/2019,<40
A/Slovenia/9740/2022,A/Hong Kong/2671/2019,<40
A/Spain/1059/2022,A/Hong Kong/2671/2019,<40
A/Denmark/3264/2019,A/Cambodia/925256/2020,640
A/Hong Kong/2671/2019,A/Cambodia/925256/2020,640
A/Cambodia/925256/2020,A/Cambodia/925256/2020,640
A/Cambodia/e0826360/2020,A/Cambodia/925256/2020,80
A/Bangladesh/4005/2020,A/Cambodia/925256/2020,160
A/Stockholm/5/2021,A/Cambodia/925256/2020,80
A/England/214191723/2021,A/Cambodia/925256/2020,80
A/Darwin/9/2021,A/Cambodia/925256/2020,80
A/Kansas/14/2017,A/Cambodia/925256/2020,80
A/Saudi Arabia/22-28/2021,A/Cambodia/925256/2020,80
A/Saudi Arabia/22-35/2021,A/Cambodia/925256/2020,80
A/Saudi Arabia/6/2021,A/Cambodia/925256/2020,80
A/Saudi Arabia/22-21/2021,A/Cambodia/925256/2020,80
A/Saudi Arabia/5/2021,A/Cambodia/925256/2020,80
A/Saudi Arabia/22-23/2021,A/Cambodia/925256/2020,80
A/Saudi Arabia/11/2021,A/Cambodia/925256/2020,40
A/Saudi Arabia/18/2021,A/Cambodia/925256/2020,40
A/Saudi Arabia/17/2021,A/Cambodia/925256/2020,40
A/Slovenia/9449/2022,A/Cambodia/925256/2020,40
A/Slovenia/9450/2022,A/Cambodia/925256/2020,40
A/Slovenia/9454/2022,A/Cambodia/925256/2020,40
A/Slovenia/9456/2022,A/Cambodia/925256/2020,40
A/Slovenia/9448/2022,A/Cambodia/925256/2020,40
A/Slovenia/9558/2022,A/Cambodia/925256/2020,40
A/Slovenia/9565/2022,A/Cambodia/925256/2020,40
A/Slovenia/9560/2022,A/Cambodia/925256/2020,40
A/Slovenia/9599/2022,A/Cambodia/925256/2020,40
A/Slovenia/9614/2022,A/Cambodia/925256/2020,40
A/Slovenia/9623/2022,A/Cambodia/925256/2020,40
A/Slovenia/9624/2022,A/Cambodia/925256/2020,40
A/Slovenia/9626/2022,A/Cambodia/925256/2020,40
A/Slovenia/9633/2022,A/Cambodia/925256/2020,40
A/Slovenia/9644/2022,A/Cambodia/925256/2020,40
A/Slovenia/9641/2022,A/Cambodia/925256/2020,40
A/Slovenia/9670/2022,A/Cambodia/925256/2020,40
A/Slovenia/9659/2022,A/Cambodia/925256/2020,40
A/Slovenia/9668/2022,A/Cambodia/925256/2020,40
A/Slovenia/9706/2022,A/Cambodia/925256/2020,40
A/Slovenia/9707/2022,A/Cambodia/925256/2020,40
A/Slovenia/9671/2022,A/Cambodia/925256/2020,40
A/Slovenia/9676/2022,A/Cambodia/925256/2020,40
A/Slovenia/9705/2022,A/Cambodia/925256/2020,40
A/Slovenia/9708/2022,A/Cambodia/925256/2020,40
A/Slovenia/9726/2022,A/Cambodia/925256/2020,40
A/Slovenia/9728/2022,A/Cambodia/925256/2020,40
A/Slovenia/9736/2022,A/Cambodia/925256/2020,40
A/Slovenia/9737/2022,A/Cambodia/925256/2020,40
A/Slovenia/9739/2022,A/Cambodia/925256/2020,40
A/Spain/1127/2022,A/Cambodia/925256/2020,40
A/Spain/1097/2022,A/Cambodia/925256/2020,40
A/Spain/1126/2022,A/Cambodia/925256/2020,40
A/Spain/1105/2022,A/Cambodia/925256/2020,40
A/Spain/1100/2022,A/Cambodia/925256/2020,40
A/Spain/1099/2022,A/Cambodia/925256/2020,40
A/Spain/1098/2022,A/Cambodia/925256/2020,40
A/Spain/1091/2022,A/Cambodia/925256/2020,40
A/Spain/1109/2022,A/Cambodia/925256/2020,40
A/Spain/1108/2022,A/Cambodia/925256/2020,40
A/Slovenia/9362/2022,A/Cambodia/925256/2020,80
A/Slovenia/9528/2022,A/Cambodia/925256/2020,80
A/Slovenia/9562/2022,A/Cambodia/925256/2020,80
A/Slovenia/9579/2022,A/Cambodia/925256/2020,80
A/Slovenia/9675/2022,A/Cambodia/925256/2020,80
A/Slovenia/9740/2022,A/Cambodia/925256/2020,80
A/Spain/1059/2022,A/Cambodia/925256/2020,40
A/Denmark/3264/2019,A/Cambodia/e0826360/2020,320
A/Hong Kong/2671/2019,A/Cambodia/e0826360/2020,160
A/Cambodia/925256/2020,A/Cambodia/e0826360/2020,320
A/Cambodia/e0826360/2020,A/Cambodia/e0826360/2020,1280
A/Bangladesh/4005/2020,A/Cambodia/e0826360/2020,320
A/Stockholm/5/2021,A/Cambodia/e0826360/2020,160
A/England/214191723/2021,A/Cambodia/e0826360/2020,160
A/Darwin/9/2021,A/Cambodia/e0826360/2020,640
A/Kansas/14/2017,A/Cambodia/e0826360/2020,80
A/Saudi Arabia/22-28/2021,A/Cambodia/e0826360/2020,160
A/Saudi Arabia/22-35/2021,A/Cambodia/e0826360/2020,80
A/Saudi Arabia/6/2021,A/Cambodia/e0826360/2020,160
A/Saudi Arabia/22-21/2021,A/Cambodia/e0826360/2020,80
A/Saudi Arabia/5/2021,A/Cambodia/e0826360/2020,160
A/Saudi Arabia/22-23/2021,A/Cambodia/e0826360/2020,160
A/Saudi Arabia/11/2021,A/Cambodia/e0826360/2020,40
A/Saudi Arabia/18/2021,A/Cambodia/e0826360/2020,80
A/Saudi Arabia/17/2021,A/Cambodia/e0826360/2020,80
A/Slovenia/9449/2022,A/Cambodia/e0826360/2020,80
A/Slovenia/9450/2022,A/Cambodia/e0826360/2020,80
A/Slovenia/9454/2022,A/Cambodia/e0826360/2020,40
A/Slovenia/9456/2022,A/Cambodia/e0826360/2020,80
A/Slovenia/9448/2022,A/Cambodia/e0826360/2020,80
A/Slovenia/9558/2022,A/Cambodia/e0826360/2020,40
A/Slovenia/9565/2022,A/Cambodia/e0826360/2020,80
A/Slovenia/9560/2022,A/Cambodia/e0826360/2020,80
A/Slovenia/9599/2022,A/Cambodia/e0826360/2020,80
A/Slovenia/9614/2022,A/Cambodia/e0826360/2020,40
A/Slovenia/9623/2022,A/Cambodia/e0826360/2020,40
A/Slovenia/9624/2022,A/Cambodia/e0826360/2020,80
A/Slovenia/9626/2022,A/Cambodia/e0826360/2020,40
A/Slovenia/9633/2022,A/Cambodia/e0826360/2020,80
A/Slovenia/9644/2022,A/Cambodia/e0826360/2020,40
A/Slovenia/9641/2022,A/Cambodia/e0826360/2020,40
A/Slovenia/9670/2022,A/Cambodia/e0826360/2020,40
A/Slovenia/9659/2022,A/Cambodia/e0826360/2020,80
A/Slovenia/9668/2022,A/Cambodia/e0826360/2020,80
A/Slovenia/9706/2022,A/Cambodia/e0826360/2020,40
A/Slovenia/9707/2022,A/Cambodia/e0826360/2020,80
A/Slovenia/9671/2022,A/Cambodia/e0826360/2020,80
A/Slovenia/9676/2022,A/Cambodia/e0826360/2020,40
A/Slovenia/9705/2022,A/Cambodia/e0826360/2020,40
A/Slovenia/9708/2022,A/Cambodia/e0826360/2020,80
A/Slovenia/9726/2022,A/Cambodia/e0826360/2020,80
A/Slovenia/9728/2022,A/Cambodia/e0826360/2020,80
A/Slovenia/9736/2022,A/Cambodia/e0826360/2020,80
A/Slovenia/9737/2022,A/Cambodia/e0826360/2020,40
A/Slovenia/9739/2022,A/Cambodia/e0826360/2020,80
A/Spain/1127/2022,A/Cambodia/e0826360/2020,40
A/Spain/1097/2022,A/Cambodia/e0826360/2020,40
A/Spain/1126/2022,A/Cambodia/e0826360/2020,80
A/Spain/1105/2022,A/Cambodia/e0826360/2020,80
A/Spain/1100/2022,A/Cambodia/e0826360/2020,80
A/Spain/1099/2022,A/Cambodia/e0826360/2020,80
A/Spain/1098/2022,A/Cambodia/e0826360/2020,80
A/Spain/1091/2022,A/Cambodia/e0826360/2020,80
A/Spain/1109/2022,A/Cambodia/e0826360/2020,80
A/Spain/1108/2022,A/Cambodia/e0826360/2020,80
A/Slovenia/9362/2022,A/Cambodia/e0826360/2020,320
A/Slovenia/9528/2022,A/Cambodia/e0826360/2020,320
A/Slovenia/9562/2022,A/Cambodia/e0826360/2020,320
A/Slovenia/9579/2022,A/Cambodia/e0826360/2020,320
A/Slovenia/9675/2022,A/Cambodia/e0826360/2020,160
A/Slovenia/9740/2022,A/Cambodia/e0826360/2020,320
A/Spain/1059/2022,A/Cambodia/e0826360/2020,40
A/Denmark/3264/2019,A/Bangladesh/4005/2020,320
A/Hong Kong/2671/2019,A/Bangladesh/4005/2020,320
A/Cambodia/925256/2020,A/Bangladesh/4005/2020,320
A/Cambodia/e0826360/2020,A/Bangladesh/4005/2020,320
A/Bangladesh/4005/2020,A/Bangladesh/4005/2020,640
A/Stockholm/5/2021,A/Bangladesh/4005/2020,320
A/England/214191723/2021,A/Bangladesh/4005/2020,160
A/Darwin/9/2021,A/Bangladesh/4005/2020,640
A/Kansas/14/2017,A/Bangladesh/4005/2020,80
A/Saudi Arabia/22-28/2021,A/Bangladesh/4005/2020,320
A/Saudi Arabia/22-35/2021,A/Bangladesh/4005/2020,160
A/Saudi Arabia/6/2021,A/Bangladesh/4005/2020,320
A/Saudi Arabia/22-21/2021,A/Bangladesh/4005/2020,160
A/Saudi Arabia/5/2021,A/Bangladesh/4005/2020,320
A/Saudi Arabia/22-23/2021,A/Bangladesh/4005/2020,320
A/Saudi Arabia/11/2021,A/Bangladesh/4005/2020,160
A/Saudi Arabia/18/2021,A/Bangladesh/4005/2020,160
A/Saudi Arabia/17/2021,A/Bangladesh/4005/2020,160
A/Slovenia/9449/2022,A/Bangladesh/4005/2020,160
A/Slovenia/9450/2022,A/Bangladesh/4005/2020,160
A/Slovenia/9454/2022,A/Bangladesh/4005/2020,160
A/Slovenia/9456/2022,A/Bangladesh/4005/2020,160
A/Slovenia/9448/2022,A/Bangladesh/4005/2020,160
A/Slovenia/9558/2022,A/Bangladesh/4005/2020,160
A/Slovenia/9565/2022,A/Bangladesh/4005/2020,320
A/Slovenia/9560/2022,A/Bangladesh/4005/2020,160
A/Slovenia/9599/2022,A/Bangladesh/4005/2020,160
A/Slovenia/9614/2022,A/Bangladesh/4005/2020,160
A/Slovenia/9623/2022,A/Bangladesh/4005/2020,160
A/Slovenia/9624/2022,A/Bangladesh/4005/2020,160
A/Slovenia/9626/2022,A/Bangladesh/4005/2020,160
A/Slovenia/9633/2022,A/Bangladesh/4005/2020,320
A/Slovenia/9644/2022,A/Bangladesh/4005/2020,160
A/Slovenia/9641/2022,A/Bangladesh/4005/2020,160
A/Slovenia/9670/2022,A/Bangladesh/4005/2020,160
A/Slovenia/9659/2022,A/Bangladesh/4005/2020,160
A/Slovenia/9668/2022,A/Bangladesh/4005/2020,160
A/Slovenia/9706/2022,A/Bangladesh/4005/2020,160
A/Slovenia/9707/2022,A/Bangladesh/4005/2020,160
A/Slovenia/9671/2022,A/Bangladesh/4005/2020,160
A/Slovenia/9676/2022,A/Bangladesh/4005/2020,160
A/Slovenia/9705/2022,A/Bangladesh/4005/2020,160
A/Slovenia/9708/2022,A/Bangladesh/4005/2020,160
A/Slovenia/9726/2022,A/Bangladesh/4005/2020,160
A/Slovenia/9728/2022,A/Bangladesh/4005/2020,160
A/Slovenia/9736/2022,A/Bangladesh/4005/2020,160
A/Slovenia/9737/2022,A/Bangladesh/4005/2020,160
A/Slovenia/9739/2022,A/Bangladesh/4005/2020,160
A/Spain/1127/2022,A/Bangladesh/4005/2020,160
A/Spain/1097/2022,A/Bangladesh/4005/2020,160
A/Spain/1126/2022,A/Bangladesh/4005/2020,160
A/Spain/1105/2022,A/Bangladesh/4005/2020,160
A/Spain/1100/2022,A/Bangladesh/4005/2020,160
A/Spain/1099/2022,A/Bangladesh/4005/2020,160
A/Spain/1098/2022,A/Bangladesh/4005/2020,160
A/Spain/1091/2022,A/Bangladesh/4005/2020,160
A/Spain/1109/2022,A/Bangladesh/4005/2020,160
A/Spain/1108/2022,A/Bangladesh/4005/2020,160
A/Slovenia/9362/2022,A/Bangladesh/4005/2020,320
A/Slovenia/9528/2022,A/Bangladesh/4005/2020,320
A/Slovenia/9562/2022,A/Bangladesh/4005/2020,320
A/Slovenia/9579/2022,A/Bangladesh/4005/2020,320
A/Slovenia/9675/2022,A/Bangladesh/4005/2020,320
A/Slovenia/9740/2022,A/Bangladesh/4005/2020,320
A/Spain/1059/2022,A/Bangladesh/4005/2020,80
A/Denmark/3264/2019,A/Stockholm/5/2021,160
A/Hong Kong/2671/2019,A/Stockholm/5/2021,80
A/Cambodia/925256/2020,A/Stockholm/5/2021,160
A/Cambodia/e0826360/2020,A/Stockholm/5/2021,160
A/Bangladesh/4005/2020,A/Stockholm/5/2021,640
A/Stockholm/5/2021,A/Stockholm/5/2021,640
A/England/214191723/2021,A/Stockholm/5/2021,320
A/Darwin/9/2021,A/Stockholm/5/2021,1280
A/Kansas/14/2017,A/Stockholm/5/2021,80
A/Saudi Arabia/22-28/2021,A/Stockholm/5/2021,320
A/Saudi Arabia/22-35/2021,A/Stockholm/5/2021,320
A/Saudi Arabia/6/2021,A/Stockholm/5/2021,640
A/Saudi Arabia/22-21/2021,A/Stockholm/5/2021,320
A/Saudi Arabia/5/2021,A/Stockholm/5/2021,320
A/Saudi Arabia/22-23/2021,A/Stockholm/5/2021,320
A/Saudi Arabia/11/2021,A/Stockholm/5/2021,160
A/Saudi Arabia/18/2021,A/Stockholm/5/2021,160
A/Saudi Arabia/17/2021,A/Stockholm/5/2021,160
A/Slovenia/9449/2022,A/Stockholm/5/2021,320
A/Slovenia/9450/2022,A/Stockholm/5/2021,320
A/Slovenia/9454/2022,A/Stockholm/5/2021,160
A/Slovenia/9456/2022,A/Stockholm/5/2021,320
A/Slovenia/9448/2022,A/Stockholm/5/2021,320
A/Slovenia/9558/2022,A/Stockholm/5/2021,160
A/Slovenia/9565/2022,A/Stockholm/5/2021,320
A/Slovenia/9560/2022,A/Stockholm/5/2021,320
A/Slovenia/9599/2022,A/Stockholm/5/2021,320
A/Slovenia/9614/2022,A/Stockholm/5/2021,320
A/Slovenia/9623/2022,A/Stockholm/5/2021,320
A/Slovenia/9624/2022,A/Stockholm/5/2021,320
A/Slovenia/9626/2022,A/Stockholm/5/2021,320
A/Slovenia/9633/2022,A/Stockholm/5/2021,320
A/Slovenia/9644/2022,A/Stockholm/5/2021,320
A/Slovenia/9641/2022,A/Stockholm/5/2021,320
A/Slovenia/9670/2022,A/Stockholm/5/2021,320
A/Slovenia/9659/2022,A/Stockholm/5/2021,320
A/Slovenia/9668/2022,A/Stockholm/5/2021,320
A/Slovenia/9706/2022,A/Stockholm/5/2021,320
A/Slovenia/9707/2022,A/Stockholm/5/2021,320
A/Slovenia/9671/2022,A/Stockholm/5/2021,320
A/Slovenia/9676/2022,A/Stockholm/5/2021,320
A/Slovenia/9705/2022,A/Stockholm/5/2021,320
A/Slovenia/9708/2022,A/Stockholm/5/2021,320
A/Slovenia/9726/2022,A/Stockholm/5/2021,320
A/Slovenia/9728/2022,A/Stockholm/5/2021,320
A/Slovenia/9736/2022,A/Stockholm/5/2021,320
A/Slovenia/9737/2022,A/Stockholm/5/2021,160
A/Slovenia/9739/2022,A/Stockholm/5/2021,320
A/Spain/1127/2022,A/Stockholm/5/2021,320
A/Spain/1097/2022,A/Stockholm/5/2021,320
A/Spain/1126/2022,A/Stockholm/5/2021,320
A/Spain/1105/2022,A/Stockholm/5/2021,320
A/Spain/1100/2022,A/Stockholm/5/2021,320
A/Spain/1099/2022,A/Stockholm/5/2021,320
A/Spain/1098/2022,A/Stockholm/5/2021,320
A/Spain/1091/2022,A/Stockholm/5/2021,320
A/Spain/1109/2022,A/Stockholm/5/2021,320
A/Spain/1108/2022,A/Stockholm/5/2021,320
A/Slovenia/9362/2022,A/Stockholm/5/2021,640
A/Slovenia/9528/2022,A/Stockholm/5/2021,640
A/Slovenia/9562/2022,A/Stockholm/5/2021,640
A/Slovenia/9579/2022,A/Stockholm/5/2021,640
A/Slovenia/9675/2022,A/Stockholm/5/2021,640
A/Slovenia/9740/2022,A/Stockholm/5/2021,640
A/Spain/1059/2022,A/Stockholm/5/2021,160
A/Denmark/3264/2019,A/England/214191723/2021,40
A/Hong Kong/2671/2019,A/England/214191723/2021,40
A/Cambodia/925256/2020,A/England/214191723/2021,40
A/Cambodia/e0826360/2020,A/England/214191723/2021,160
A/Bangladesh/4005/2020,A/England/214191723/2021,640
A/Stockholm/5/2021,A/England/214191723/2021,320
A/England/214191723/2021,A/England/214191723/2021,1280
A/Darwin/9/2021,A/England/214191723/2021,640
A/Kansas/14/2017,A/England/214191723/2021,80
A/Saudi Arabia/22-28/2021,A/England/214191723/2021,320
A/Saudi Arabia/22-35/2021,A/England/214191723/2021,320
A/Saudi Arabia/6/2021,A/England/214191723/2021,320
A/Saudi Arabia/22-21/2021,A/England/214191723/2021,320
A/Saudi Arabia/5/2021,A/England/214191723/2021,320
A/Saudi Arabia/22-23/2021,A/England/214191723/2021,320
A/Saudi Arabia/11/2021,A/England/214191723/2021,160
A/Saudi Arabia/18/2021,A/England/214191723/2021,640
A/Saudi Arabia/17/2021,A/England/214191723/2021,640
A/Slovenia/9449/2022,A/England/214191723/2021,320
A/Slovenia/9450/2022,A/England/214191723/2021,320
A/Slovenia/9454/2022,A/England/214191723/2021,160
A/Slovenia/9456/2022,A/England/214191723/2021,320
A/Slovenia/9448/2022,A/England/214191723/2021,320
A/Slovenia/9558/2022,A/England/214191723/2021,160
A/Slovenia/9565/2022,A/England/214191723/2021,320
A/Slovenia/9560/2022,A/England/214191723/2021,320
A/Slovenia/9599/2022,A/England/214191723/2021,320
A/Slovenia/9614/2022,A/England/214191723/2021,320
A/Slovenia/9623/2022,A/England/214191723/2021,320
A/Slovenia/9624/2022,A/England/214191723/2021,320
A/Slovenia/9626/2022,A/England/214191723/2021,160
A/Slovenia/9633/2022,A/England/214191723/2021,320
A/Slovenia/9644/2022,A/England/214191723/2021,160
A/Slovenia/9641/2022,A/England/214191723/2021,320
A/Slovenia/9670/2022,A/England/214191723/2021,160
A/Slovenia/9659/2022,A/England/214191723/2021,320
A/Slovenia/9668/2022,A/England/214191723/2021,320
A/Slovenia/9706/2022,A/England/214191723/2021,160
A/Slovenia/9707/2022,A/England/214191723/2021,320
A/Slovenia/9671/2022,A/England/214191723/2021,160
A/Slovenia/9676/2022,A/England/214191723/2021,320
A/Slovenia/9705/2022,A/England/214191723/2021,320
A/Slovenia/9708/2022,A/England/214191723/2021,320
A/Slovenia/9726/2022,A/England/214191723/2021,320
A/Slovenia/9728/2022,A/England/214191723/2021,320
A/Slovenia/9736/2022,A/England/214191723/2021,320
A/Slovenia/9737/2022,A/England/214191723/2021,320
A/Slovenia/9739/2022,A/England/214191723/2021,320
A/Spain/1127/2022,A/England/214191723/2021,320
A/Spain/1097/2022,A/England/214191723/2021,320
A/Spain/1126/2022,A/England/214191723/2021,320
A/Spain/1105/2022,A/England/214191723/2021,320
A/Spain/1100/2022,A/England/214191723/2021,320
A/Spain/1099/2022,A/England/214191723/2021,320
A/Spain/1098/2022,A/England/214191723/2021,320
A/Spain/1091/2022,A/England/214191723/2021,320
A/Spain/1109/2022,A/England/214191723/2021,320
A/Spain/1108/2022,A/England/214191723/2021,320
A/Slovenia/9362/2022,A/England/214191723/2021,640
A/Slovenia/9528/2022,A/England/214191723/2021,640
A/Slovenia/9562/2022,A/England/214191723/2021,640
A/Slovenia/9579/2022,A/England/214191723/2021,640
A/Slovenia/9675/2022,A/England/214191723/2021,640
A/Slovenia/9740/2022,A/England/214191723/2021,640
A/Spain/1059/2022,A/England/214191723/2021,320
A/Denmark/3264/2019,A/Darwin/9/2021,320
A/Hong Kong/2671/2019,A/Darwin/9/2021,160
A/Cambodia/925256/2020,A/Darwin/9/2021,320
A/Cambodia/e0826360/2020,A/Darwin/9/2021,160
A/Bangladesh/4005/2020,A/Darwin/9/2021,640
A/Stockholm/5/2021,A/Darwin/9/2021,640
A/England/214191723/2021,A/Darwin/9/2021,640
A/Darwin/9/2021,A/Darwin/9/2021,1280
A/Kansas/14/2017,A/Darwin/9/2021,80
A/Saudi Arabia/22-28/2021,A/Darwin/9/2021,320
A/Saudi Arabia/22-35/2021,A/Darwin/9/2021,320
A/Saudi Arabia/6/2021,A/Darwin/9/2021,640
A/Saudi Arabia/22-21/2021,A/Darwin/9/2021,320
A/Saudi Arabia/5/2021,A/Darwin/9/2021,320
A/Saudi Arabia/22-23/2021,A/Darwin/9/2021,640
A/Saudi Arabia/11/2021,A/Darwin/9/2021,320
A/Saudi Arabia/18/2021,A/Darwin/9/2021,320
A/Saudi Arabia/17/2021,A/Darwin/9/2021,320
A/Slovenia/9449/2022,A/Darwin/9/2021,320
A/Slovenia/9450/2022,A/Darwin/9/2021,320
A/Slovenia/9454/2022,A/Darwin/9/2021,160
A/Slovenia/9456/2022,A/Darwin/9/2021,320
A/Slovenia/9448/2022,A/Darwin/9/2021,320
A/Slovenia/9558/2022,A/Darwin/9/2021,320
A/Slovenia/9565/2022,A/Darwin/9/2021,320
A/Slovenia/9560/2022,A/Darwin/9/2021,320
A/Slovenia/9599/2022,A/Darwin/9/2021,320
A/Slovenia/9614/2022,A/Darwin/9/2021,320
A/Slovenia/9623/2022,A/Darwin/9/2021,320
A/Slovenia/9624/2022,A/Darwin/9/2021,320
A/Slovenia/9626/2022,A/Darwin/9/2021,320
A/Slovenia/9633/2022,A/Darwin/9/2021,320
A/Slovenia/9644/2022,A/Darwin/9/2021,320
A/Slovenia/9641/2022,A/Darwin/9/2021,320
A/Slovenia/9670/2022,A/Darwin/9/2021,160
A/Slovenia/9659/2022,A/Darwin/9/2021,640
A/Slovenia/9668/2022,A/Darwin/9/2021,320
A/Slovenia/9706/2022,A/Darwin/9/2021,320
A/Slovenia/9707/2022,A/Darwin/9/2021,320
A/Slovenia/9671/2022,A/Darwin/9/2021,320
A/Slovenia/9676/2022,A/Darwin/9/2021,320
A/Slovenia/9705/2022,A/Darwin/9/2021,320
A/Slovenia/9708/2022,A/Darwin/9/2021,320
A/Slovenia/9726/2022,A/Darwin/9/2021,320
A/Slovenia/9728/2022,A/Darwin/9/2021,320
A/Slovenia/9736/2022,A/Darwin/9/2021,320
A/Slovenia/9737/2022,A/Darwin/9/2021,320
A/Slovenia/9739/2022,A/Darwin/9/2021,320
A/Spain/1127/2022,A/Darwin/9/2021,320
A/Spain/1097/2022,A/Darwin/9/2021,320
A/Spain/1126/2022,A/Darwin/9/2021,320
A/Spain/1105/2022,A/Darwin/9/2021,320
A/Spain/1100/2022,A/Darwin/9/2021,320
A/Spain/1099/2022,A/Darwin/9/2021,320
A/Spain/1098/2022,A/Darwin/9/2021,320
A/Spain/1091/2022,A/Darwin/9/2021,320
A/Spain/1109/2022,A/Darwin/9/2021,320
A/Spain/1108/2022,A/Darwin/9/2021,320
A/Slovenia/9362/2022,A/Darwin/9/2021,640
A/Slovenia/9528/2022,A/Darwin/9/2021,640
A/Slovenia/9562/2022,A/Darwin/9/2021,640
A/Slovenia/9579/2022,A/Darwin/9/2021,640
A/Slovenia/9675/2022,A/Darwin/9/2021,640
A/Slovenia/9740/2022,A/Darwin/9/2021,640
A/Spain/1059/2022,A/Darwin/9/2021,160
A/Denmark/3264/2019,A/Kansas/14/2017,160
A/Hong Kong/2671/2019,A/Kansas/14/2017,160
A/Cambodia/925256/2020,A/Kansas/14/2017,160
A/Cambodia/e0826360/2020,A/Kansas/14/2017,80
A/Bangladesh/4005/2020,A/Kansas/14/2017,160
A/Stockholm/5/2021,A/Kansas/14/2017,80
A/England/214191723/2021,A/Kansas/14/2017,40
A/Darwin/9/2021,A/Kansas/14/2017,160
A/Kansas/14/2017,A/Kansas/14/2017,640
A/Saudi Arabia/22-28/2021,A/Kansas/14/2017,160
A/Saudi Arabia/22-35/2021,A/Kansas/14/2017,40
A/Saudi Arabia/6/2021,A/Kansas/14/2017,80
A/Saudi Arabia/22-21/2021,A/Kansas/14/2017,40
A/Saudi Arabia/5/2021,A/Kansas/14/2017,160
A/Saudi Arabia/22-23/2021,A/Kansas/14/2017,40
A/Saudi Arabia/11/2021,A/Kansas/14/2017,40
A/Saudi Arabia/18/2021,A/Kansas/14/2017,40
A/Saudi Arabia/17/2021,A/Kansas/14/2017,40
A/Slovenia/9449/2022,A/Kansas/14/2017,<40
A/Slovenia/9450/2022,A/Kansas/14/2017,40
A/Slovenia/9454/2022,A/Kansas/14/2017,<40
A/Slovenia/9456/2022,A/Kansas/14/2017,40
A/Slovenia/9448/2022,A/Kansas/14/2017,40
A/Slovenia/9558/2022,A/Kansas/14/2017,<40
A/Slovenia/9565/2022,A/Kansas/14/2017,40
A/Slovenia/9560/2022,A/Kansas/14/2017,40
A/Slovenia/9599/2022,A/Kansas/14/2017,40
A/Slovenia/9614/2022,A/Kansas/14/2017,<40
A/Slovenia/9623/2022,A/Kansas/14/2017,<40
A/Slovenia/9624/2022,A/Kansas/14/2017,40
A/Slovenia/9626/2022,A/Kansas/14/2017,<40
A/Slovenia/9633/2022,A/Kansas/14/2017,40
A/Slovenia/9644/2022,A/Kansas/14/2017,40
A/Slovenia/9641/2022,A/Kansas/14/2017,40
A/Slovenia/9670/2022,A/Kansas/14/2017,40
A/Slovenia/9659/2022,A/Kansas/14/2017,40
A/Slovenia/9668/2022,A/Kansas/14/2017,40
A/Slovenia/9706/2022,A/Kansas/14/2017,40
A/Slovenia/9707/2022,A/Kansas/14/2017,40
A/Slovenia/9671/2022,A/Kansas/14/2017,40
A/Slovenia/9676/2022,A/Kansas/14/2017,40
A/Slovenia/9705/2022,A/Kansas/14/2017,40
A/Slovenia/9708/2022,A/Kansas/14/2017,40
A/Slovenia/9726/2022,A/Kansas/14/2017,40
A/Slovenia/9728/2022,A/Kansas/14/2017,40
A/Slovenia/9736/2022,A/Kansas/14/2017,40
A/Slovenia/9737/2022,A/Kansas/14/2017,40
A/Slovenia/9739/2022,A/Kansas/14/2017,40
A/Spain/1127/2022,A/Kansas/14/2017,40
A/Spain/1097/2022,A/Kansas/14/2017,40
A/Spain/1126/2022,A/Kansas/14/2017,40
A/Spain/1105/2022,A/Kansas/14/2017,40
A/Spain/1100/2022,A/Kansas/14/2017,40
A/Spain/1099/2022,A/Kansas/14/2017,40
A/Spain/1098/2022,A/Kansas/14/2017,40
A/Spain/1091/2022,A/Kansas/14/2017,40
A/Spain/1109/2022,A/Kansas/14/2017,40
A/Spain/1108/2022,A/Kansas/14/2017,40
A/Slovenia/9362/2022,A/Kansas/14/2017,80
A/Slovenia/9528/2022,A/Kansas/14/2017,80
A/Slovenia/9562/2022,A/Kansas/14/2017,80
A/Slovenia/9579/2022,A/Kansas/14/2017,80
A/Slovenia/9675/2022,A/Kansas/14/2017,80
A/Slovenia/9740/2022,A/Kansas/14/2017,80
A/Spain/1059/2022,A/Kansas/14/2017,40
A/Denmark/3264/2019,A/Denmark/3264/2019,320
A/Hong Kong/2671/2019,A/Denmark/3264/2019,320
A/Cambodia/925256/2020,A/Denmark/3264/2019,160
A/Cambodia/e0826360/2020,A/Denmark/3264/2019,160
A/Bangladesh/4005/2020,A/Denmark/3264/2019,160
A/Stockholm/5/2021,A/Denmark/3264/2019,80
A/England/214191723/2021,A/Denmark/3264/2019,40
A/Darwin/9/2021,A/Denmark/3264/2019,160
A/Wyoming/01/2021,A/Denmark/3264/2019,160
A/Kansas/14/2017,A/Denmark/3264/2019,40
A/Ukraine/348/2022,A/Denmark/3264/2019,80
A/Ukraine/360/2022,A/Denmark/3264/2019,40
A/Ukraine/358/2022,A/Denmark/3264/2019,80
A/Tunisia/7467/2022,A/Denmark/3264/2019,80
A/Estonia/168777/2022,A/Denmark/3264/2019,80
A/La Rioja/2087/2022,A/Denmark/3264/2019,80
A/Castilla La Mancha/1374/2022,A/Denmark/3264/2019,80
A/Ukraine/372/2022,A/Denmark/3264/2019,40
A/La Rioja/2099/2022,A/Denmark/3264/2019,80
A/Castilla La Mancha/1376/2022,A/Denmark/3264/2019,80
A/La Rioja/2097/2022,A/Denmark/3264/2019,80
A/Madrid/1436/2022,A/Denmark/3264/2019,80
A/Andalucia/2706/2022,A/Denmark/3264/2019,80
A/Galicia/1451/2022,A/Denmark/3264/2019,80
A/Madrid/1445/2022,A/Denmark/3264/2019,40
A/Andalucia/2708/2022,A/Denmark/3264/2019,80
A/Navarra/1477/2022,A/Denmark/3264/2019,80
A/Andalucia/2709/2022,A/Denmark/3264/2019,80
A/Andalucia/2714/2022,A/Denmark/3264/2019,80
A/La Rioja/2090/2022,A/Denmark/3264/2019,80
A/Switzerland/64395/2022,A/Denmark/3264/2019,80
A/La Rioja/2088/2022,A/Denmark/3264/2019,80
A/Switzerland/83625/2022,A/Denmark/3264/2019,40
A/La Rioja/2094/2022,A/Denmark/3264/2019,40
A/La Rioja/2093/2022,A/Denmark/3264/2019,40
A/Switzerland/83466/2022,A/Denmark/3264/2019,40
A/Iceland/32842/2022,A/Denmark/3264/2019,80
A/Switzerland/84156/2022,A/Denmark/3264/2019,80
A/Ukraine/406/2022,A/Denmark/3264/2019,80
A/Ukraine/405/2022,A/Denmark/3264/2019,80
A/Switzerland/67859/2022,A/Denmark/3264/2019,40
A/Austria/1513783/2022,A/Denmark/3264/2019,80
A/Castilla La Mancha/2231/2022,A/Denmark/3264/2019,40
A/Castilla La Mancha/2513/2022,A/Denmark/3264/2019,80
A/Castilla La Mancha/2511/2022,A/Denmark/3264/2019,80
A/Iceland/37144/2022,A/Denmark/3264/2019,40
A/Castilla La Mancha/2550/2022,A/Denmark/3264/2019,80
A/Castilla La Mancha/2508/2022,A/Denmark/3264/2019,80
A/Castilla La Mancha/2643/2022,A/Denmark/3264/2019,160
A/Castilla La Mancha/2505/2022,A/Denmark/3264/2019,80
A/Castilla La Mancha/2656/2022,A/Denmark/3264/2019,80
A/Castilla La Mancha/2637/2022,A/Denmark/3264/2019,80
A/Castilla La Mancha/2697/2022,A/Denmark/3264/2019,80
A/Castilla La Mancha/2770/2022,A/Denmark/3264/2019,80
A/Switzerland/03092/2022,A/Denmark/3264/2019,160
A/Andalucia/2703/2022,A/Denmark/3264/2019,40
A/La Rioja/2089/2022,A/Denmark/3264/2019,40
A/Denmark/3264/2019,A/Hong Kong/2671/2019,160
A/Hong Kong/2671/2019,A/Hong Kong/2671/2019,320
A/Cambodia/925256/2020,A/Hong Kong/2671/2019,160
A/Cambodia/e0826360/2020,A/Hong Kong/2671/2019,<40
A/Bangladesh/4005/2020,A/Hong Kong/2671/2019,40
A/Stockholm/5/2021,A/Hong Kong/2671/2019,<40
A/England/214191723/2021,A/Hong Kong/2671/2019,<40
A/Darwin/9/2021,A/Hong Kong/2671/2019,<40
A/Wyoming/01/2021,A/Hong Kong/2671/2019,<40
A/Kansas/14/2017,A/Hong Kong/2671/2019,<40
A/Ukraine/348/2022,A/Hong Kong/2671/2019,40
A/Ukraine/360/2022,A/Hong Kong/2671/2019,<40
A/Ukraine/358/2022,A/Hong Kong/2671/2019,<40
A/Tunisia/7467/2022,A/Hong Kong/2671/2019,<40
A/Estonia/168777/2022,A/Hong Kong/2671/2019,<40
A/La Rioja/2087/2022,A/Hong Kong/2671/2019,<40
A/Castilla La Mancha/1374/2022,A/Hong Kong/2671/2019,<40
A/Ukraine/372/2022,A/Hong Kong/2671/2019,<40
A/La Rioja/2099/2022,A/Hong Kong/2671/2019,<40
A/Castilla La Mancha/1376/2022,A/Hong Kong/2671/2019,<40
A/La Rioja/2097/2022,A/Hong Kong/2671/2019,<40
A/Madrid/1436/2022,A/Hong Kong/2671/2019,<40
A/Andalucia/2706/2022,A/Hong Kong/2671/2019,<40
A/Galicia/1451/2022,A/Hong Kong/2671/2019,<40
A/Madrid/1445/2022,A/Hong Kong/2671/2019,<40
A/Andalucia/2708/2022,A/Hong Kong/2671/2019,<40
A/Navarra/1477/2022,A/Hong Kong/2671/2019,<40
A/Andalucia/2709/2022,A/Hong Kong/2671/2019,<40
A/Andalucia/2714/2022,A/Hong Kong/2671/2019,<40
A/La Rioja/2090/2022,A/Hong Kong/2671/2019,<40
A/Switzerland/64395/2022,A/Hong Kong/2671/2019,<40
A/La Rioja/2088/2022,A/Hong Kong/2671/2019,<40
A/Switzerland/83625/2022,A/Hong Kong/2671/2019,<40
A/La Rioja/2094/2022,A/Hong Kong/2671/2019,<40
A/La Rioja/2093/2022,A/Hong Kong/2671/2019,<40
A/Switzerland/83466/2022,A/Hong Kong/2671/2019,<40
A/Iceland/32842/2022,A/Hong Kong/2671/2019,<40
A/Switzerland/84156/2022,A/Hong Kong/2671/2019,<40
A/Ukraine/406/2022,A/Hong Kong/2671/2019,<40
A/Ukraine/405/2022,A/Hong Kong/2671/2019,<40
A/Switzerland/67859/2022,A/Hong Kong/2671/2019,<40
A/Austria/1513783/2022,A/Hong Kong/2671/2019,<40
A/Castilla La Mancha/2231/2022,A/Hong Kong/2671/2019,<40
A/Castilla La Mancha/2513/2022,A/Hong Kong/2671/2019,<40
A/Castilla La Mancha/2511/2022,A/Hong Kong/2671/2019,<40
A/Iceland/37144/2022,A/Hong Kong/2671/2019,<40
A/Castilla La Mancha/2550/2022,A/Hong Kong/2671/2019,<40
A/Castilla La Mancha/2508/2022,A/Hong Kong/2671/2019,<40
A/Castilla La Mancha/2643/2022,A/Hong Kong/2671/2019,<40
A/Castilla La Mancha/2505/2022,A/Hong Kong/2671/2019,<40
A/Castilla La Mancha/2656/2022,A/Hong Kong/2671/2019,<40
A/Castilla La Mancha/2637/2022,A/Hong Kong/2671/2019,<40
A/Castilla La Mancha/2697/2022,A/Hong Kong/2671/2019,<40
A/Castilla La Mancha/2770/2022,A/Hong Kong/2671/2019,<40
A/Switzerland/03092/2022,A/Hong Kong/2671/2019,<40
A/Andalucia/2703/2022,A/Hong Kong/2671/2019,<40
A/La Rioja/2089/2022,A/Hong Kong/2671/2019,<40
A/Denmark/3264/2019,A/Cambodia/925256/2020,640
A/Hong Kong/2671/2019,A/Cambodia/925256/2020,640
A/Cambodia/925256/2020,A/Cambodia/925256/2020,640
A/Cambodia/e0826360/2020,A/Cambodia/925256/2020,80
A/Bangladesh/4005/2020,A/Cambodia/925256/2020,160
A/Stockholm/5/2021,A/Cambodia/925256/2020,80
A/England/214191723/2021,A/Cambodia/925256/2020,80
A/Darwin/9/2021,A/Cambodia/925256/2020,80
A/Wyoming/01/2021,A/Cambodia/925256/2020,80
A/Kansas/14/2017,A/Cambodia/925256/2020,80
A/Ukraine/348/2022,A/Cambodia/925256/2020,160
A/Ukraine/360/2022,A/Cambodia/925256/2020,40
A/Ukraine/358/2022,A/Cambodia/925256/2020,<40
A/Tunisia/7467/2022,A/Cambodia/925256/2020,40
A/Estonia/168777/2022,A/Cambodia/925256/2020,40
A/La Rioja/2087/2022,A/Cambodia/925256/2020,40
A/Castilla La Mancha/1374/2022,A/Cambodia/925256/2020,40
A/Ukraine/372/2022,A/Cambodia/925256/2020,40
A/La Rioja/2099/2022,A/Cambodia/925256/2020,40
A/Castilla La Mancha/1376/2022,A/Cambodia/925256/2020,40
A/La Rioja/2097/2022,A/Cambodia/925256/2020,40
A/Madrid/1436/2022,A/Cambodia/925256/2020,40
A/Andalucia/2706/2022,A/Cambodia/925256/2020,40
A/Galicia/1451/2022,A/Cambodia/925256/2020,40
A/Madrid/1445/2022,A/Cambodia/925256/2020,<40
A/Andalucia/2708/2022,A/Cambodia/925256/2020,40
A/Navarra/1477/2022,A/Cambodia/925256/2020,40
A/Andalucia/2709/2022,A/Cambodia/925256/2020,40
A/Andalucia/2714/2022,A/Cambodia/925256/2020,40
A/La Rioja/2090/2022,A/Cambodia/925256/2020,40
A/Switzerland/64395/2022,A/Cambodia/925256/2020,40
A/La Rioja/2088/2022,A/Cambodia/925256/2020,40
A/Switzerland/83625/2022,A/Cambodia/925256/2020,40
A/La Rioja/2094/2022,A/Cambodia/925256/2020,40
A/La Rioja/2093/2022,A/Cambodia/925256/2020,40
A/Switzerland/83466/2022,A/Cambodia/925256/2020,40
A/Iceland/32842/2022,A/Cambodia/925256/2020,40
A/Switzerland/84156/2022,A/Cambodia/925256/2020,40
A/Ukraine/406/2022,A/Cambodia/925256/2020,40
A/Ukraine/405/2022,A/Cambodia/925256/2020,40
A/Switzerland/67859/2022,A/Cambodia/925256/2020,40
A/Austria/1513783/2022,A/Cambodia/925256/2020,40
A/Castilla La Mancha/2231/2022,A/Cambodia/925256/2020,40
A/Castilla La Mancha/2513/2022,A/Cambodia/925256/2020,40
A/Castilla La Mancha/2511/2022,A/Cambodia/925256/2020,40
A/Iceland/37144/2022,A/Cambodia/925256/2020,40
A/Castilla La Mancha/2550/2022,A/Cambodia/925256/2020,40
A/Castilla La Mancha/2508/2022,A/Cambodia/925256/2020,40
A/Castilla La Mancha/2643/2022,A/Cambodia/925256/2020,40
A/Castilla La Mancha/2505/2022,A/Cambodia/925256/2020,40
A/Castilla La Mancha/2656/2022,A/Cambodia/925256/2020,40
A/Castilla La Mancha/2637/2022,A/Cambodia/925256/2020,40
A/Castilla La Mancha/2697/2022,A/Cambodia/925256/2020,40
A/Castilla La Mancha/2770/2022,A/Cambodia/925256/2020,<40
A/Switzerland/03092/2022,A/Cambodia/925256/2020,160
A/Andalucia/2703/2022,A/Cambodia/925256/2020,<40
A/La Rioja/2089/2022,A/Cambodia/925256/2020,80
A/Denmark/3264/2019,A/Cambodia/e0826360/2020,320
A/Hong Kong/2671/2019,A/Cambodia/e0826360/2020,160
A/Cambodia/925256/2020,A/Cambodia/e0826360/2020,320
A/Cambodia/e0826360/2020,A/Cambodia/e0826360/2020,2560
A/Bangladesh/4005/2020,A/Cambodia/e0826360/2020,320
A/Stockholm/5/2021,A/Cambodia/e0826360/2020,160
A/England/214191723/2021,A/Cambodia/e0826360/2020,160
A/Darwin/9/2021,A/Cambodia/e0826360/2020,640
A/Wyoming/01/2021,A/Cambodia/e0826360/2020,320
A/Kansas/14/2017,A/Cambodia/e0826360/2020,80
A/Ukraine/348/2022,A/Cambodia/e0826360/2020,320
A/Ukraine/360/2022,A/Cambodia/e0826360/2020,80
A/Ukraine/358/2022,A/Cambodia/e0826360/2020,80
A/Tunisia/7467/2022,A/Cambodia/e0826360/2020,80
A/Estonia/168777/2022,A/Cambodia/e0826360/2020,40
A/La Rioja/2087/2022,A/Cambodia/e0826360/2020,80
A/Castilla La Mancha/1374/2022,A/Cambodia/e0826360/2020,80
A/Ukraine/372/2022,A/Cambodia/e0826360/2020,80
A/La Rioja/2099/2022,A/Cambodia/e0826360/2020,80
A/Castilla La Mancha/1376/2022,A/Cambodia/e0826360/2020,80
A/La Rioja/2097/2022,A/Cambodia/e0826360/2020,80
A/Madrid/1436/2022,A/Cambodia/e0826360/2020,80
A/Andalucia/2706/2022,A/Cambodia/e0826360/2020,80
A/Galicia/1451/2022,A/Cambodia/e0826360/2020,80
A/Madrid/1445/2022,A/Cambodia/e0826360/2020,40
A/Andalucia/2708/2022,A/Cambodia/e0826360/2020,80
A/Navarra/1477/2022,A/Cambodia/e0826360/2020,80
A/Andalucia/2709/2022,A/Cambodia/e0826360/2020,80
A/Andalucia/2714/2022,A/Cambodia/e0826360/2020,80
A/La Rioja/2090/2022,A/Cambodia/e0826360/2020,80
A/Switzerland/64395/2022,A/Cambodia/e0826360/2020,80
A/La Rioja/2088/2022,A/Cambodia/e0826360/2020,80
A/Switzerland/83625/2022,A/Cambodia/e0826360/2020,80
A/La Rioja/2094/2022,A/Cambodia/e0826360/2020,80
A/La Rioja/2093/2022,A/Cambodia/e0826360/2020,80
A/Switzerland/83466/2022,A/Cambodia/e0826360/2020,80
A/Iceland/32842/2022,A/Cambodia/e0826360/2020,80
A/Switzerland/84156/2022,A/Cambodia/e0826360/2020,80
A/Ukraine/406/2022,A/Cambodia/e0826360/2020,80
A/Ukraine/405/2022,A/Cambodia/e0826360/2020,80
A/Switzerland/67859/2022,A/Cambodia/e0826360/2020,40
A/Austria/1513783/2022,A/Cambodia/e0826360/2020,80
A/Castilla La Mancha/2231/2022,A/Cambodia/e0826360/2020,80
A/Castilla La Mancha/2513/2022,A/Cambodia/e0826360/2020,80
A/Castilla La Mancha/2511/2022,A/Cambodia/e0826360/2020,80
A/Iceland/37144/2022,A/Cambodia/e0826360/2020,40
A/Castilla La Mancha/2550/2022,A/Cambodia/e0826360/2020,80
A/Castilla La Mancha/2508/2022,A/Cambodia/e0826360/2020,80
A/Castilla La Mancha/2643/2022,A/Cambodia/e0826360/2020,320
A/Castilla La Mancha/2505/2022,A/Cambodia/e0826360/2020,80
A/Castilla La Mancha/2656/2022,A/Cambodia/e0826360/2020,80
A/Castilla La Mancha/2637/2022,A/Cambodia/e0826360/2020,80
A/Castilla La Mancha/2697/2022,A/Cambodia/e0826360/2020,80
A/Castilla La Mancha/2770/2022,A/Cambodia/e0826360/2020,80
A/Switzerland/03092/2022,A/Cambodia/e0826360/2020,320
A/Andalucia/2703/2022,A/Cambodia/e0826360/2020,40
A/La Rioja/2089/2022,A/Cambodia/e0826360/2020,160
A/Denmark/3264/2019,A/Bangladesh/4005/2020,320
A/Hong Kong/2671/2019,A/Bangladesh/4005/2020,320
A/Cambodia/925256/2020,A/Bangladesh/4005/2020,320
A/Cambodia/e0826360/2020,A/Bangladesh/4005/2020,320
A/Bangladesh/4005/2020,A/Bangladesh/4005/2020,640
A/Stockholm/5/2021,A/Bangladesh/4005/2020,320
A/England/214191723/2021,A/Bangladesh/4005/2020,160
A/Darwin/9/2021,A/Bangladesh/4005/2020,640
A/Wyoming/01/2021,A/Bangladesh/4005/2020,320
A/Kansas/14/2017,A/Bangladesh/4005/2020,80
A/Ukraine/348/2022,A/Bangladesh/4005/2020,320
A/Ukraine/360/2022,A/Bangladesh/4005/2020,160
A/Ukraine/358/2022,A/Bangladesh/4005/2020,160
A/Tunisia/7467/2022,A/Bangladesh/4005/2020,160
A/Estonia/168777/2022,A/Bangladesh/4005/2020,160
A/La Rioja/2087/2022,A/Bangladesh/4005/2020,160
A/Castilla La Mancha/1374/2022,A/Bangladesh/4005/2020,160
A/Ukraine/372/2022,A/Bangladesh/4005/2020,160
A/La Rioja/2099/2022,A/Bangladesh/4005/2020,320
A/Castilla La Mancha/1376/2022,A/Bangladesh/4005/2020,<40
A/La Rioja/2097/2022,A/Bangladesh/4005/2020,320
A/Madrid/1436/2022,A/Bangladesh/4005/2020,160
A/Andalucia/2706/2022,A/Bangladesh/4005/2020,320
A/Galicia/1451/2022,A/Bangladesh/4005/2020,320
A/Madrid/1445/2022,A/Bangladesh/4005/2020,160
A/Andalucia/2708/2022,A/Bangladesh/4005/2020,160
A/Navarra/1477/2022,A/Bangladesh/4005/2020,320
A/Andalucia/2709/2022,A/Bangladesh/4005/2020,160
A/Andalucia/2714/2022,A/Bangladesh/4005/2020,160
A/La Rioja/2090/2022,A/Bangladesh/4005/2020,320
A/Switzerland/64395/2022,A/Bangladesh/4005/2020,160
A/La Rioja/2088/2022,A/Bangladesh/4005/2020,160
A/Switzerland/83625/2022,A/Bangladesh/4005/2020,160
A/La Rioja/2094/2022,A/Bangladesh/4005/2020,160
A/La Rioja/2093/2022,A/Bangladesh/4005/2020,160
A/Switzerland/83466/2022,A/Bangladesh/4005/2020,160
A/Iceland/32842/2022,A/Bangladesh/4005/2020,160
A/Switzerland/84156/2022,A/Bangladesh/4005/2020,160
A/Ukraine/406/2022,A/Bangladesh/4005/2020,160
A/Ukraine/405/2022,A/Bangladesh/4005/2020,160
A/Switzerland/67859/2022,A/Bangladesh/4005/2020,160
A/Austria/1513783/2022,A/Bangladesh/4005/2020,160
A/Castilla La Mancha/2231/2022,A/Bangladesh/4005/2020,160
A/Castilla La Mancha/2513/2022,A/Bangladesh/4005/2020,160
A/Castilla La Mancha/2511/2022,A/Bangladesh/4005/2020,160
A/Iceland/37144/2022,A/Bangladesh/4005/2020,320
A/Castilla La Mancha/2550/2022,A/Bangladesh/4005/2020,160
A/Castilla La Mancha/2508/2022,A/Bangladesh/4005/2020,160
A/Castilla La Mancha/2643/2022,A/Bangladesh/4005/2020,320
A/Castilla La Mancha/2505/2022,A/Bangladesh/4005/2020,160
A/Castilla La Mancha/2656/2022,A/Bangladesh/4005/2020,160
A/Castilla La Mancha/2637/2022,A/Bangladesh/4005/2020,160
A/Castilla La Mancha/2697/2022,A/Bangladesh/4005/2020,160
A/Castilla La Mancha/2770/2022,A/Bangladesh/4005/2020,160
A/Switzerland/03092/2022,A/Bangladesh/4005/2020,640
A/Andalucia/2703/2022,A/Bangladesh/4005/2020,160
A/La Rioja/2089/2022,A/Bangladesh/4005/2020,160
A/Denmark/3264/2019,A/Stockholm/5/2021,160
A/Hong Kong/2671/2019,A/Stockholm/5/2021,80
A/Cambodia/925256/2020,A/Stockholm/5/2021,160
A/Cambodia/e0826360/2020,A/Stockholm/5/2021,160
A/Bangladesh/4005/2020,A/Stockholm/5/2021,640
A/Stockholm/5/2021,A/Stockholm/5/2021,640
A/England/214191723/2021,A/Stockholm/5/2021,320
A/Darwin/9/2021,A/Stockholm/5/2021,1280
A/Wyoming/01/2021,A/Stockholm/5/2021,640
A/Kansas/14/2017,A/Stockholm/5/2021,80
A/Ukraine/348/2022,A/Stockholm/5/2021,1280
A/Ukraine/360/2022,A/Stockholm/5/2021,320
A/Ukraine/358/2022,A/Stockholm/5/2021,320
A/Tunisia/7467/2022,A/Stockholm/5/2021,320
A/Estonia/168777/2022,A/Stockholm/5/2021,320
A/La Rioja/2087/2022,A/Stockholm/5/2021,320
A/Castilla La Mancha/1374/2022,A/Stockholm/5/2021,320
A/Ukraine/372/2022,A/Stockholm/5/2021,320
A/La Rioja/2099/2022,A/Stockholm/5/2021,640
A/Castilla La Mancha/1376/2022,A/Stockholm/5/2021,320
A/La Rioja/2097/2022,A/Stockholm/5/2021,640
A/Madrid/1436/2022,A/Stockholm/5/2021,320
A/Andalucia/2706/2022,A/Stockholm/5/2021,320
A/Galicia/1451/2022,A/Stockholm/5/2021,320
A/Madrid/1445/2022,A/Stockholm/5/2021,320
A/Andalucia/2708/2022,A/Stockholm/5/2021,320
A/Navarra/1477/2022,A/Stockholm/5/2021,640
A/Andalucia/2709/2022,A/Stockholm/5/2021,320
A/Andalucia/2714/2022,A/Stockholm/5/2021,320
A/La Rioja/2090/2022,A/Stockholm/5/2021,320
A/Switzerland/64395/2022,A/Stockholm/5/2021,320
A/La Rioja/2088/2022,A/Stockholm/5/2021,320
A/Switzerland/83625/2022,A/Stockholm/5/2021,320
A/La Rioja/2094/2022,A/Stockholm/5/2021,320
A/La Rioja/2093/2022,A/Stockholm/5/2021,320
A/Switzerland/83466/2022,A/Stockholm/5/2021,320
A/Iceland/32842/2022,A/Stockholm/5/2021,320
A/Switzerland/84156/2022,A/Stockholm/5/2021,320
A/Ukraine/406/2022,A/Stockholm/5/2021,320
A/Ukraine/405/2022,A/Stockholm/5/2021,640
A/Switzerland/67859/2022,A/Stockholm/5/2021,320
A/Austria/1513783/2022,A/Stockholm/5/2021,640
A/Castilla La Mancha/2231/2022,A/Stockholm/5/2021,320
A/Castilla La Mancha/2513/2022,A/Stockholm/5/2021,320
A/Castilla La Mancha/2511/2022,A/Stockholm/5/2021,320
A/Iceland/37144/2022,A/Stockholm/5/2021,320
A/Castilla La Mancha/2550/2022,A/Stockholm/5/2021,320
A/Castilla La Mancha/2508/2022,A/Stockholm/5/2021,320
A/Castilla La Mancha/2643/2022,A/Stockholm/5/2021,640
A/Castilla La Mancha/2505/2022,A/Stockholm/5/2021,320
A/Castilla La Mancha/2656/2022,A/Stockholm/5/2021,320
A/Castilla La Mancha/2637/2022,A/Stockholm/5/2021,320
A/Castilla La Mancha/2697/2022,A/Stockholm/5/2021,320
A/Castilla La Mancha/2770/2022,A/Stockholm/5/2021,160
A/Switzerland/03092/2022,A/Stockholm/5/2021,640
A/Andalucia/2703/2022,A/Stockholm/5/2021,320
A/La Rioja/2089/2022,A/Stockholm/5/2021,320
A/Denmark/3264/2019,A/England/214191723/2021,40
A/Hong Kong/2671/2019,A/England/214191723/2021,40
A/Cambodia/925256/2020,A/England/214191723/2021,40
A/Cambodia/e0826360/2020,A/England/214191723/2021,160
A/Bangladesh/4005/2020,A/England/214191723/2021,640
A/Stockholm/5/2021,A/England/214191723/2021,320
A/England/214191723/2021,A/England/214191723/2021,640
A/Darwin/9/2021,A/England/214191723/2021,640
A/Wyoming/01/2021,A/England/214191723/2021,160
A/Kansas/14/2017,A/England/214191723/2021,80
A/Ukraine/348/2022,A/England/214191723/2021,640
A/Ukraine/360/2022,A/England/214191723/2021,320
A/Ukraine/358/2022,A/England/214191723/2021,320
A/Tunisia/7467/2022,A/England/214191723/2021,320
A/Estonia/168777/2022,A/England/214191723/2021,320
A/La Rioja/2087/2022,A/England/214191723/2021,320
A/Castilla La Mancha/1374/2022,A/England/214191723/2021,320
A/Ukraine/372/2022,A/England/214191723/2021,320
A/La Rioja/2099/2022,A/England/214191723/2021,320
A/Castilla La Mancha/1376/2022,A/England/214191723/2021,320
A/La Rioja/2097/2022,A/England/214191723/2021,640
A/Madrid/1436/2022,A/England/214191723/2021,320
A/Andalucia/2706/2022,A/England/214191723/2021,320
A/Galicia/1451/2022,A/England/214191723/2021,320
A/Madrid/1445/2022,A/England/214191723/2021,160
A/Andalucia/2708/2022,A/England/214191723/2021,320
A/Navarra/1477/2022,A/England/214191723/2021,320
A/Andalucia/2709/2022,A/England/214191723/2021,320
A/Andalucia/2714/2022,A/England/214191723/2021,320
A/La Rioja/2090/2022,A/England/214191723/2021,320
A/Switzerland/64395/2022,A/England/214191723/2021,320
A/La Rioja/2088/2022,A/England/214191723/2021,320
A/Switzerland/83625/2022,A/England/214191723/2021,320
A/La Rioja/2094/2022,A/England/214191723/2021,320
A/La Rioja/2093/2022,A/England/214191723/2021,320
A/Switzerland/83466/2022,A/England/214191723/2021,320
A/Iceland/32842/2022,A/England/214191723/2021,320
A/Switzerland/84156/2022,A/England/214191723/2021,320
A/Ukraine/406/2022,A/England/214191723/2021,320
A/Ukraine/405/2022,A/England/214191723/2021,320
A/Switzerland/67859/2022,A/England/214191723/2021,320
A/Austria/1513783/2022,A/England/214191723/2021,320
A/Castilla La Mancha/2231/2022,A/England/214191723/2021,320
A/Castilla La Mancha/2513/2022,A/England/214191723/2021,320
A/Castilla La Mancha/2511/2022,A/England/214191723/2021,320
A/Iceland/37144/2022,A/England/214191723/2021,160
A/Castilla La Mancha/2550/2022,A/England/214191723/2021,320
A/Castilla La Mancha/2508/2022,A/England/214191723/2021,320
A/Castilla La Mancha/2643/2022,A/England/214191723/2021,320
A/Castilla La Mancha/2505/2022,A/England/214191723/2021,320
A/Castilla La Mancha/2656/2022,A/England/214191723/2021,320
A/Castilla La Mancha/2637/2022,A/England/214191723/2021,320
A/Castilla La Mancha/2697/2022,A/England/214191723/2021,320
A/Castilla La Mancha/2770/2022,A/England/214191723/2021,160
A/Switzerland/03092/2022,A/England/214191723/2021,640
A/Andalucia/2703/2022,A/England/214191723/2021,320
A/La Rioja/2089/2022,A/England/214191723/2021,320
A/Denmark/3264/2019,A/Darwin/9/2021,320
A/Hong Kong/2671/2019,A/Darwin/9/2021,160
A/Cambodia/925256/2020,A/Darwin/9/2021,320
A/Cambodia/e0826360/2020,A/Darwin/9/2021,160
A/Bangladesh/4005/2020,A/Darwin/9/2021,640
A/Stockholm/5/2021,A/Darwin/9/2021,640
A/England/214191723/2021,A/Darwin/9/2021,640
A/Darwin/9/2021,A/Darwin/9/2021,2560
A/Wyoming/01/2021,A/Darwin/9/2021,1280
A/Kansas/14/2017,A/Darwin/9/2021,80
A/Ukraine/348/2022,A/Darwin/9/2021,640
A/Ukraine/360/2022,A/Darwin/9/2021,320
A/Ukraine/358/2022,A/Darwin/9/2021,320
A/Tunisia/7467/2022,A/Darwin/9/2021,320
A/Estonia/168777/2022,A/Darwin/9/2021,320
A/La Rioja/2087/2022,A/Darwin/9/2021,320
A/Castilla La Mancha/1374/2022,A/Darwin/9/2021,320
A/Ukraine/372/2022,A/Darwin/9/2021,320
A/La Rioja/2099/2022,A/Darwin/9/2021,640
A/Castilla La Mancha/1376/2022,A/Darwin/9/2021,640
A/La Rioja/2097/2022,A/Darwin/9/2021,640
A/Madrid/1436/2022,A/Darwin/9/2021,320
A/Andalucia/2706/2022,A/Darwin/9/2021,320
A/Galicia/1451/2022,A/Darwin/9/2021,640
A/Madrid/1445/2022,A/Darwin/9/2021,320
A/Andalucia/2708/2022,A/Darwin/9/2021,320
A/Navarra/1477/2022,A/Darwin/9/2021,320
A/Andalucia/2709/2022,A/Darwin/9/2021,320
A/Andalucia/2714/2022,A/Darwin/9/2021,320
A/La Rioja/2090/2022,A/Darwin/9/2021,320
A/Switzerland/64395/2022,A/Darwin/9/2021,320
A/La Rioja/2088/2022,A/Darwin/9/2021,320
A/Switzerland/83625/2022,A/Darwin/9/2021,320
A/La Rioja/2094/2022,A/Darwin/9/2021,320
A/La Rioja/2093/2022,A/Darwin/9/2021,320
A/Switzerland/83466/2022,A/Darwin/9/2021,320
A/Iceland/32842/2022,A/Darwin/9/2021,320
A/Switzerland/84156/2022,A/Darwin/9/2021,320
A/Ukraine/406/2022,A/Darwin/9/2021,320
A/Ukraine/405/2022,A/Darwin/9/2021,640
A/Switzerland/67859/2022,A/Darwin/9/2021,320
A/Austria/1513783/2022,A/Darwin/9/2021,640
A/Castilla La Mancha/2231/2022,A/Darwin/9/2021,320
A/Castilla La Mancha/2513/2022,A/Darwin/9/2021,320
A/Castilla La Mancha/2511/2022,A/Darwin/9/2021,320
A/Iceland/37144/2022,A/Darwin/9/2021,160
A/Castilla La Mancha/2550/2022,A/Darwin/9/2021,320
A/Castilla La Mancha/2508/2022,A/Darwin/9/2021,320
A/Castilla La Mancha/2643/2022,A/Darwin/9/2021,320
A/Castilla La Mancha/2505/2022,A/Darwin/9/2021,320
A/Castilla La Mancha/2656/2022,A/Darwin/9/2021,320
A/Castilla La Mancha/2637/2022,A/Darwin/9/2021,320
A/Castilla La Mancha/2697/2022,A/Darwin/9/2021,320
A/Castilla La Mancha/2770/2022,A/Darwin/9/2021,160
A/Switzerland/03092/2022,A/Darwin/9/2021,1280
A/Andalucia/2703/2022,A/Darwin/9/2021,320
A/La Rioja/2089/2022,A/Darwin/9/2021,320
A/Denmark/3264/2019,A/Wyoming/01/2021,<40
A/Hong Kong/2671/2019,A/Wyoming/01/2021,<40
A/Cambodia/925256/2020,A/Wyoming/01/2021,<40
A/Cambodia/e0826360/2020,A/Wyoming/01/2021,40
A/Bangladesh/4005/2020,A/Wyoming/01/2021,80
A/Stockholm/5/2021,A/Wyoming/01/2021,320
A/England/214191723/2021,A/Wyoming/01/2021,160
A/Darwin/9/2021,A/Wyoming/01/2021,640
A/Wyoming/01/2021,A/Wyoming/01/2021,1280
A/Kansas/14/2017,A/Wyoming/01/2021,<40
A/Ukraine/348/2022,A/Wyoming/01/2021,*
A/Ukraine/360/2022,A/Wyoming/01/2021,*
A/Ukraine/358/2022,A/Wyoming/01/2021,*
A/Tunisia/7467/2022,A/Wyoming/01/2021,320
A/Estonia/168777/2022,A/Wyoming/01/2021,320
A/La Rioja/2087/2022,A/Wyoming/01/2021,*
A/Castilla La Mancha/1374/2022,A/Wyoming/01/2021,*
A/Ukraine/372/2022,A/Wyoming/01/2021,*
A/La Rioja/2099/2022,A/Wyoming/01/2021,*
A/Castilla La Mancha/1376/2022,A/Wyoming/01/2021,*
A/La Rioja/2097/2022,A/Wyoming/01/2021,*
A/Madrid/1436/2022,A/Wyoming/01/2021,*
A/Andalucia/2706/2022,A/Wyoming/01/2021,*
A/Galicia/1451/2022,A/Wyoming/01/2021,*
A/Madrid/1445/2022,A/Wyoming/01/2021,*
A/Andalucia/2708/2022,A/Wyoming/01/2021,*
A/Navarra/1477/2022,A/Wyoming/01/2021,*
A/Andalucia/2709/2022,A/Wyoming/01/2021,*
A/Andalucia/2714/2022,A/Wyoming/01/2021,*
A/La Rioja/2090/2022,A/Wyoming/01/2021,*
A/Switzerland/64395/2022,A/Wyoming/01/2021,320
A/La Rioja/2088/2022,A/Wyoming/01/2021,*
A/Switzerland/83625/2022,A/Wyoming/01/2021,320
A/La Rioja/2094/2022,A/Wyoming/01/2021,*
A/La Rioja/2093/2022,A/Wyoming/01/2021,*
A/Switzerland/83466/2022,A/Wyoming/01/2021,*
A/Iceland/32842/2022,A/Wyoming/01/2021,*
A/Switzerland/84156/2022,A/Wyoming/01/2021,*
A/Ukraine/406/2022,A/Wyoming/01/2021,320
A/Ukraine/405/2022,A/Wyoming/01/2021,320
A/Switzerland/67859/2022,A/Wyoming/01/2021,*
A/Austria/1513783/2022,A/Wyoming/01/2021,640
A/Castilla La Mancha/2231/2022,A/Wyoming/01/2021,*
A/Castilla La Mancha/2513/2022,A/Wyoming/01/2021,*
A/Castilla La Mancha/2511/2022,A/Wyoming/01/2021,*
A/Iceland/37144/2022,A/Wyoming/01/2021,320
A/Castilla La Mancha/2550/2022,A/Wyoming/01/2021,*
A/Castilla La Mancha/2508/2022,A/Wyoming/01/2021,*
A/Castilla La Mancha/2643/2022,A/Wyoming/01/2021,*
A/Castilla La Mancha/2505/2022,A/Wyoming/01/2021,*
A/Castilla La Mancha/2656/2022,A/Wyoming/01/2021,*
A/Castilla La Mancha/2637/2022,A/Wyoming/01/2021,320
A/Castilla La Mancha/2697/2022,A/Wyoming/01/2021,640
A/Castilla La Mancha/2770/2022,A/Wyoming/01/2021,320
A/Switzerland/03092/2022,A/Wyoming/01/2021,*
A/Andalucia/2703/2022,A/Wyoming/01/2021,*
A/La Rioja/2089/2022,A/Wyoming/01/2021,*
A/Denmark/3264/2019,A/Kansas/14/2017,160
A/Hong Kong/2671/2019,A/Kansas/14/2017,160
A/Cambodia/925256/2020,A/Kansas/14/2017,160
A/Cambodia/e0826360/2020,A/Kansas/14/2017,80
A/Bangladesh/4005/2020,A/Kansas/14/2017,160
A/Stockholm/5/2021,A/Kansas/14/2017,80
A/England/214191723/2021,A/Kansas/14/2017,40
A/Darwin/9/2021,A/Kansas/14/2017,160
A/Wyoming/01/2021,A/Kansas/14/2017,80
A/Kansas/14/2017,A/Kansas/14/2017,640
A/Ukraine/348/2022,A/Kansas/14/2017,80
A/Ukraine/360/2022,A/Kansas/14/2017,40
A/Ukraine/358/2022,A/Kansas/14/2017,40
A/Tunisia/7467/2022,A/Kansas/14/2017,40
A/Estonia/168777/2022,A/Kansas/14/2017,40
A/La Rioja/2087/2022,A/Kansas/14/2017,40
A/Castilla La Mancha/1374/2022,A/Kansas/14/2017,40
A/Ukraine/372/2022,A/Kansas/14/2017,40
A/La Rioja/2099/2022,A/Kansas/14/2017,40
A/Castilla La Mancha/1376/2022,A/Kansas/14/2017,40
A/La Rioja/2097/2022,A/Kansas/14/2017,40
A/Madrid/1436/2022,A/Kansas/14/2017,40
A/Andalucia/2706/2022,A/Kansas/14/2017,40
A/Galicia/1451/2022,A/Kansas/14/2017,40
A/Madrid/1445/2022,A/Kansas/14/2017,40
A/Andalucia/2708/2022,A/Kansas/14/2017,40
A/Navarra/1477/2022,A/Kansas/14/2017,40
A/Andalucia/2709/2022,A/Kansas/14/2017,40
A/Andalucia/2714/2022,A/Kansas/14/2017,40
A/La Rioja/2090/2022,A/Kansas/14/2017,40
A/Switzerland/64395/2022,A/Kansas/14/2017,40
A/La Rioja/2088/2022,A/Kansas/14/2017,40
A/Switzerland/83625/2022,A/Kansas/14/2017,40
A/La Rioja/2094/2022,A/Kansas/14/2017,40
A/La Rioja/2093/2022,A/Kansas/14/2017,40
A/Switzerland/83466/2022,A/Kansas/14/2017,40
A/Iceland/32842/2022,A/Kansas/14/2017,40
A/Switzerland/84156/2022,A/Kansas/14/2017,40
A/Ukraine/406/2022,A/Kansas/14/2017,40
A/Ukraine/405/2022,A/Kansas/14/2017,40
A/Switzerland/67859/2022,A/Kansas/14/2017,40
A/Austria/1513783/2022,A/Kansas/14/2017,40
A/Castilla La Mancha/2231/2022,A/Kansas/14/2017,40
A/Castilla La Mancha/2513/2022,A/Kansas/14/2017,40
A/Castilla La Mancha/2511/2022,A/Kansas/14/2017,40
A/Iceland/37144/2022,A/Kansas/14/2017,40
A/Castilla La Mancha/2550/2022,A/Kansas/14/2017,40
A/Castilla La Mancha/2508/2022,A/Kansas/14/2017,40
A/Castilla La Mancha/2643/2022,A/Kansas/14/2017,80
A/Castilla La Mancha/2505/2022,A/Kansas/14/2017,40
A/Castilla La Mancha/2656/2022,A/Kansas/14/2017,40
A/Castilla La Mancha/2637/2022,A/Kansas/14/2017,40
A/Castilla La Mancha/2697/2022,A/Kansas/14/2017,40
A/Castilla La Mancha/2770/2022,A/Kansas/14/2017,40
A/Switzerland/03092/2022,A/Kansas/14/2017,80
A/Andalucia/2703/2022,A/Kansas/14/2017,<40
A/La Rioja/2089/2022,A/Kansas/14/2017,40
A/Denmark/3264/2019,A/Denmark/3264/2019,640
A/Hong Kong/2671/2019,A/Denmark/3264/2019,320
A/Cambodia/925256/2020,A/Denmark/3264/2019,160
A/Cambodia/e0826360/2020,A/Denmark/3264/2019,160
A/Bangladesh/4005/2020,A/Denmark/3264/2019,160
A/Stockholm/5/2021,A/Denmark/3264/2019,80
A/England/214191723/2021,A/Denmark/3264/2019,40
A/Darwin/9/2021,A/Denmark/3264/2019,160
A/Kansas/14/2017,A/Denmark/3264/2019,40
A/Ukraine/354/2021,A/Denmark/3264/2019,80
A/Tunisia/7468/2022,A/Denmark/3264/2019,80
A/Tunisia/8259/2022,A/Denmark/3264/2019,80
A/Andalucia/2702/2022,A/Denmark/3264/2019,80
A/Andalucia/2701/2022,A/Denmark/3264/2019,40
A/Ireland/14993/2022,A/Denmark/3264/2019,80
A/Ireland/15242/2022,A/Denmark/3264/2019,40
A/Castilla La Mancha/1384/2022,A/Denmark/3264/2019,80
A/Castilla La Mancha/1383/2022,A/Denmark/3264/2019,40
A/La Rioja/2098/2022,A/Denmark/3264/2019,80
A/La Rioja/2096/2022,A/Denmark/3264/2019,40
A/La Rioja/2095/2022,A/Denmark/3264/2019,80
A/Ireland/16348/2022,A/Denmark/3264/2019,80
A/Andalucia/2705/2022,A/Denmark/3264/2019,80
A/Madrid/1413/2022,A/Denmark/3264/2019,80
A/Belgium/W0019/2022,A/Denmark/3264/2019,80
A/Belgium/S0814/2022,A/Denmark/3264/2019,80
A/Belgium/S0740/2022,A/Denmark/3264/2019,40
A/Belgium/S0834/2022,A/Denmark/3264/2019,80
A/Belgium/G0162/2022,A/Denmark/3264/2019,40
A/Serbia/2007/2022,A/Denmark/3264/2019,80
A/Belgium/S0761/2022,A/Denmark/3264/2019,40
A/Andalucia/2713/2022,A/Denmark/3264/2019,40
A/Belgium/S0747/2022,A/Denmark/3264/2019,40
A/Belgium/S1045/2022,A/Denmark/3264/2019,40
A/Belgium/G0186/2022,A/Denmark/3264/2019,40
A/Belgium/G0188/2022,A/Denmark/3264/2019,80
A/Portugal/211230/2022,A/Denmark/3264/2019,40
A/La Rioja/2091/2022,A/Denmark/3264/2019,40
A/Belgium/S1065/2022,A/Denmark/3264/2019,80
A/Belgium/S0757/2022,A/Denmark/3264/2019,40
A/Belgium/G0201/2022,A/Denmark/3264/2019,80
A/Lithuania/33830/2022,A/Denmark/3264/2019,40
A/Portugal/211242/2022,A/Denmark/3264/2019,80
A/Portugal/211249/2022,A/Denmark/3264/2019,40
A/Ireland/23694/2022,A/Denmark/3264/2019,80
A/Ukraine/371/2022,A/Denmark/3264/2019,80
A/Belgium/G0182/2022,A/Denmark/3264/2019,160
A/Lithuania/30885/2022,A/Denmark/3264/2019,160
A/Belgium/S0772/2022,A/Denmark/3264/2019,80
A/Lithuania/33225/2022,A/Denmark/3264/2019,160
A/Lithuania/33224/2022,A/Denmark/3264/2019,40
A/Portugal/210648/2022,A/Denmark/3264/2019,40
A/Serbia/1550/2022,A/Denmark/3264/2019,40
A/Belgium/S0894/2022,A/Denmark/3264/2019,40
A/Belgium/G0163/2022,A/Denmark/3264/2019,<40
A/Ireland/02000/2022,A/Denmark/3264/2019,<40
A/Portugal/210508/2022,A/Denmark/3264/2019,40
A/Ghana/1115/2022,A/Denmark/3264/2019,40
A/Ghana/1724/2022,A/Denmark/3264/2019,80
A/Ghana/1654/2022,A/Denmark/3264/2019,40
A/Ghana/1836/2022,A/Denmark/3264/2019,<40
A/Ghana/2123/2022,A/Denmark/3264/2019,80
A/Belgium/G0159/2022,A/Denmark/3264/2019,160
A/Belgium/G0151/2022,A/Denmark/3264/2019,80
A/Belgium/G0164/2022,A/Denmark/3264/2019,80
A/Belgium/G0183/2022,A/Denmark/3264/2019,80
A/Belgium/S1128/2022,A/Denmark/3264/2019,80
A/Denmark/3264/2019,A/Hong Kong/2671/2019,160
A/Hong Kong/2671/2019,A/Hong Kong/2671/2019,640
A/Cambodia/925256/2020,A/Hong Kong/2671/2019,160
A/Cambodia/e0826360/2020,A/Hong Kong/2671/2019,<40
A/Bangladesh/4005/2020,A/Hong Kong/2671/2019,40
A/Stockholm/5/2021,A/Hong Kong/2671/2019,<40
A/England/214191723/2021,A/Hong Kong/2671/2019,<40
A/Darwin/9/2021,A/Hong Kong/2671/2019,<40
A/Kansas/14/2017,A/Hong Kong/2671/2019,<40
A/Ukraine/354/2021,A/Hong Kong/2671/2019,<40
A/Tunisia/7468/2022,A/Hong Kong/2671/2019,80
A/Tunisia/8259/2022,A/Hong Kong/2671/2019,<40
A/Andalucia/2702/2022,A/Hong Kong/2671/2019,80
A/Andalucia/2701/2022,A/Hong Kong/2671/2019,<40
A/Ireland/14993/2022,A/Hong Kong/2671/2019,<40
A/Ireland/15242/2022,A/Hong Kong/2671/2019,<40
A/Castilla La Mancha/1384/2022,A/Hong Kong/2671/2019,<40
A/Castilla La Mancha/1383/2022,A/Hong Kong/2671/2019,<40
A/La Rioja/2098/2022,A/Hong Kong/2671/2019,<40
A/La Rioja/2096/2022,A/Hong Kong/2671/2019,<40
A/La Rioja/2095/2022,A/Hong Kong/2671/2019,<40
A/Ireland/16348/2022,A/Hong Kong/2671/2019,<40
A/Andalucia/2705/2022,A/Hong Kong/2671/2019,<40
A/Madrid/1413/2022,A/Hong Kong/2671/2019,<40
A/Belgium/W0019/2022,A/Hong Kong/2671/2019,<40
A/Belgium/S0814/2022,A/Hong Kong/2671/2019,<40
A/Belgium/S0740/2022,A/Hong Kong/2671/2019,<40
A/Belgium/S0834/2022,A/Hong Kong/2671/2019,<40
A/Belgium/G0162/2022,A/Hong Kong/2671/2019,<40
A/Serbia/2007/2022,A/Hong Kong/2671/2019,<40
A/Belgium/S0761/2022,A/Hong Kong/2671/2019,<40
A/Andalucia/2713/2022,A/Hong Kong/2671/2019,<40
A/Belgium/S0747/2022,A/Hong Kong/2671/2019,<40
A/Belgium/S1045/2022,A/Hong Kong/2671/2019,<40
A/Belgium/G0186/2022,A/Hong Kong/2671/2019,<40
A/Belgium/G0188/2022,A/Hong Kong/2671/2019,<40
A/Portugal/211230/2022,A/Hong Kong/2671/2019,<40
A/La Rioja/2091/2022,A/Hong Kong/2671/2019,<40
A/Belgium/S1065/2022,A/Hong Kong/2671/2019,<40
A/Belgium/S0757/2022,A/Hong Kong/2671/2019,<40
A/Belgium/G0201/2022,A/Hong Kong/2671/2019,<40
A/Lithuania/33830/2022,A/Hong Kong/2671/2019,<40
A/Portugal/211242/2022,A/Hong Kong/2671/2019,<40
A/Portugal/211249/2022,A/Hong Kong/2671/2019,<40
A/Ireland/23694/2022,A/Hong Kong/2671/2019,<40
A/Ukraine/371/2022,A/Hong Kong/2671/2019,<40
A/Belgium/G0182/2022,A/Hong Kong/2671/2019,<40
A/Lithuania/30885/2022,A/Hong Kong/2671/2019,<40
A/Belgium/S0772/2022,A/Hong Kong/2671/2019,<40
A/Lithuania/33225/2022,A/Hong Kong/2671/2019,<40
A/Lithuania/33224/2022,A/Hong Kong/2671/2019,<40
A/Portugal/210648/2022,A/Hong Kong/2671/2019,<40
A/Serbia/1550/2022,A/Hong Kong/2671/2019,<40
A/Belgium/S0894/2022,A/Hong Kong/2671/2019,<40
A/Belgium/G0163/2022,A/Hong Kong/2671/2019,<40
A/Ireland/02000/2022,A/Hong Kong/2671/2019,<40
A/Portugal/210508/2022,A/Hong Kong/2671/2019,<40
A/Ghana/1115/2022,A/Hong Kong/2671/2019,<40
A/Ghana/1724/2022,A/Hong Kong/2671/2019,<40
A/Ghana/1654/2022,A/Hong Kong/2671/2019,<40
A/Ghana/1836/2022,A/Hong Kong/2671/2019,<40
A/Ghana/2123/2022,A/Hong Kong/2671/2019,<40
A/Belgium/G0159/2022,A/Hong Kong/2671/2019,<40
A/Belgium/G0151/2022,A/Hong Kong/2671/2019,<40
A/Belgium/G0164/2022,A/Hong Kong/2671/2019,<40
A/Belgium/G0183/2022,A/Hong Kong/2671/2019,<40
A/Belgium/S1128/2022,A/Hong Kong/2671/2019,<40
A/Denmark/3264/2019,A/Cambodia/925256/2020,640
A/Hong Kong/2671/2019,A/Cambodia/925256/2020,640
A/Cambodia/925256/2020,A/Cambodia/925256/2020,640
A/Cambodia/e0826360/2020,A/Cambodia/925256/2020,80
A/Bangladesh/4005/2020,A/Cambodia/925256/2020,160
A/Stockholm/5/2021,A/Cambodia/925256/2020,80
A/England/214191723/2021,A/Cambodia/925256/2020,80
A/Darwin/9/2021,A/Cambodia/925256/2020,80
A/Kansas/14/2017,A/Cambodia/925256/2020,80
A/Ukraine/354/2021,A/Cambodia/925256/2020,<40
A/Tunisia/7468/2022,A/Cambodia/925256/2020,320
A/Tunisia/8259/2022,A/Cambodia/925256/2020,40
A/Andalucia/2702/2022,A/Cambodia/925256/2020,80
A/Andalucia/2701/2022,A/Cambodia/925256/2020,40
A/Ireland/14993/2022,A/Cambodia/925256/2020,40
A/Ireland/15242/2022,A/Cambodia/925256/2020,40
A/Castilla La Mancha/1384/2022,A/Cambodia/925256/2020,40
A/Castilla La Mancha/1383/2022,A/Cambodia/925256/2020,40
A/La Rioja/2098/2022,A/Cambodia/925256/2020,40
A/La Rioja/2096/2022,A/Cambodia/925256/2020,40
A/La Rioja/2095/2022,A/Cambodia/925256/2020,40
A/Ireland/16348/2022,A/Cambodia/925256/2020,40
A/Andalucia/2705/2022,A/Cambodia/925256/2020,40
A/Madrid/1413/2022,A/Cambodia/925256/2020,40
A/Belgium/W0019/2022,A/Cambodia/925256/2020,40
A/Belgium/S0814/2022,A/Cambodia/925256/2020,40
A/Belgium/S0740/2022,A/Cambodia/925256/2020,40
A/Belgium/S0834/2022,A/Cambodia/925256/2020,40
A/Belgium/G0162/2022,A/Cambodia/925256/2020,40
A/Serbia/2007/2022,A/Cambodia/925256/2020,40
A/Belgium/S0761/2022,A/Cambodia/925256/2020,40
A/Andalucia/2713/2022,A/Cambodia/925256/2020,40
A/Belgium/S0747/2022,A/Cambodia/925256/2020,40
A/Belgium/S1045/2022,A/Cambodia/925256/2020,40
A/Belgium/G0186/2022,A/Cambodia/925256/2020,40
A/Belgium/G0188/2022,A/Cambodia/925256/2020,40
A/Portugal/211230/2022,A/Cambodia/925256/2020,40
A/La Rioja/2091/2022,A/Cambodia/925256/2020,40
A/Belgium/S1065/2022,A/Cambodia/925256/2020,40
A/Belgium/S0757/2022,A/Cambodia/925256/2020,40
A/Belgium/G0201/2022,A/Cambodia/925256/2020,40
A/Lithuania/33830/2022,A/Cambodia/925256/2020,40
A/Portugal/211242/2022,A/Cambodia/925256/2020,40
A/Portugal/211249/2022,A/Cambodia/925256/2020,40
A/Ireland/23694/2022,A/Cambodia/925256/2020,40
A/Ukraine/371/2022,A/Cambodia/925256/2020,40
A/Belgium/G0182/2022,A/Cambodia/925256/2020,40
A/Lithuania/30885/2022,A/Cambodia/925256/2020,80
A/Belgium/S0772/2022,A/Cambodia/925256/2020,40
A/Lithuania/33225/2022,A/Cambodia/925256/2020,80
A/Lithuania/33224/2022,A/Cambodia/925256/2020,40
A/Portugal/210648/2022,A/Cambodia/925256/2020,40
A/Serbia/1550/2022,A/Cambodia/925256/2020,40
A/Belgium/S0894/2022,A/Cambodia/925256/2020,40
A/Belgium/G0163/2022,A/Cambodia/925256/2020,40
A/Ireland/02000/2022,A/Cambodia/925256/2020,40
A/Portugal/210508/2022,A/Cambodia/925256/2020,40
A/Ghana/1115/2022,A/Cambodia/925256/2020,80
A/Ghana/1724/2022,A/Cambodia/925256/2020,40
A/Ghana/1654/2022,A/Cambodia/925256/2020,40
A/Ghana/1836/2022,A/Cambodia/925256/2020,<40
A/Ghana/2123/2022,A/Cambodia/925256/2020,40
A/Belgium/G0159/2022,A/Cambodia/925256/2020,80
A/Belgium/G0151/2022,A/Cambodia/925256/2020,40
A/Belgium/G0164/2022,A/Cambodia/925256/2020,40
A/Belgium/G0183/2022,A/Cambodia/925256/2020,40
A/Belgium/S1128/2022,A/Cambodia/925256/2020,40
A/Denmark/3264/2019,A/Cambodia/e0826360/2020,320
A/Hong Kong/2671/2019,A/Cambodia/e0826360/2020,160
A/Cambodia/925256/2020,A/Cambodia/e0826360/2020,320
A/Cambodia/e0826360/2020,A/Cambodia/e0826360/2020,2560
A/Bangladesh/4005/2020,A/Cambodia/e0826360/2020,320
A/Stockholm/5/2021,A/Cambodia/e0826360/2020,160
A/England/214191723/2021,A/Cambodia/e0826360/2020,160
A/Darwin/9/2021,A/Cambodia/e0826360/2020,640
A/Kansas/14/2017,A/Cambodia/e0826360/2020,80
A/Ukraine/354/2021,A/Cambodia/e0826360/2020,160
A/Tunisia/7468/2022,A/Cambodia/e0826360/2020,160
A/Tunisia/8259/2022,A/Cambodia/e0826360/2020,320
A/Andalucia/2702/2022,A/Cambodia/e0826360/2020,80
A/Andalucia/2701/2022,A/Cambodia/e0826360/2020,80
A/Ireland/14993/2022,A/Cambodia/e0826360/2020,80
A/Ireland/15242/2022,A/Cambodia/e0826360/2020,80
A/Castilla La Mancha/1384/2022,A/Cambodia/e0826360/2020,80
A/Castilla La Mancha/1383/2022,A/Cambodia/e0826360/2020,80
A/La Rioja/2098/2022,A/Cambodia/e0826360/2020,80
A/La Rioja/2096/2022,A/Cambodia/e0826360/2020,80
A/La Rioja/2095/2022,A/Cambodia/e0826360/2020,80
A/Ireland/16348/2022,A/Cambodia/e0826360/2020,80
A/Andalucia/2705/2022,A/Cambodia/e0826360/2020,80
A/Madrid/1413/2022,A/Cambodia/e0826360/2020,80
A/Belgium/W0019/2022,A/Cambodia/e0826360/2020,80
A/Belgium/S0814/2022,A/Cambodia/e0826360/2020,160
A/Belgium/S0740/2022,A/Cambodia/e0826360/2020,40
A/Belgium/S0834/2022,A/Cambodia/e0826360/2020,80
A/Belgium/G0162/2022,A/Cambodia/e0826360/2020,40
A/Serbia/2007/2022,A/Cambodia/e0826360/2020,80
A/Belgium/S0761/2022,A/Cambodia/e0826360/2020,80
A/Andalucia/2713/2022,A/Cambodia/e0826360/2020,80
A/Belgium/S0747/2022,A/Cambodia/e0826360/2020,80
A/Belgium/S1045/2022,A/Cambodia/e0826360/2020,80
A/Belgium/G0186/2022,A/Cambodia/e0826360/2020,80
A/Belgium/G0188/2022,A/Cambodia/e0826360/2020,80
A/Portugal/211230/2022,A/Cambodia/e0826360/2020,80
A/La Rioja/2091/2022,A/Cambodia/e0826360/2020,80
A/Belgium/S1065/2022,A/Cambodia/e0826360/2020,80
A/Belgium/S0757/2022,A/Cambodia/e0826360/2020,80
A/Belgium/G0201/2022,A/Cambodia/e0826360/2020,80
A/Lithuania/33830/2022,A/Cambodia/e0826360/2020,40
A/Portugal/211242/2022,A/Cambodia/e0826360/2020,80
A/Portugal/211249/2022,A/Cambodia/e0826360/2020,80
A/Ireland/23694/2022,A/Cambodia/e0826360/2020,80
A/Ukraine/371/2022,A/Cambodia/e0826360/2020,160
A/Belgium/G0182/2022,A/Cambodia/e0826360/2020,320
A/Lithuania/30885/2022,A/Cambodia/e0826360/2020,320
A/Belgium/S0772/2022,A/Cambodia/e0826360/2020,160
A/Lithuania/33225/2022,A/Cambodia/e0826360/2020,320
A/Lithuania/33224/2022,A/Cambodia/e0826360/2020,40
A/Portugal/210648/2022,A/Cambodia/e0826360/2020,80
A/Serbia/1550/2022,A/Cambodia/e0826360/2020,160
A/Belgium/S0894/2022,A/Cambodia/e0826360/2020,80
A/Belgium/G0163/2022,A/Cambodia/e0826360/2020,40
A/Ireland/02000/2022,A/Cambodia/e0826360/2020,80
A/Portugal/210508/2022,A/Cambodia/e0826360/2020,40
A/Ghana/1115/2022,A/Cambodia/e0826360/2020,80
A/Ghana/1724/2022,A/Cambodia/e0826360/2020,160
A/Ghana/1654/2022,A/Cambodia/e0826360/2020,80
A/Ghana/1836/2022,A/Cambodia/e0826360/2020,40
A/Ghana/2123/2022,A/Cambodia/e0826360/2020,80
A/Belgium/G0159/2022,A/Cambodia/e0826360/2020,160
A/Belgium/G0151/2022,A/Cambodia/e0826360/2020,80
A/Belgium/G0164/2022,A/Cambodia/e0826360/2020,80
A/Belgium/G0183/2022,A/Cambodia/e0826360/2020,160
A/Belgium/S1128/2022,A/Cambodia/e0826360/2020,320
A/Denmark/3264/2019,A/Bangladesh/4005/2020,320
A/Hong Kong/2671/2019,A/Bangladesh/4005/2020,320
A/Cambodia/925256/2020,A/Bangladesh/4005/2020,320
A/Cambodia/e0826360/2020,A/Bangladesh/4005/2020,320
A/Bangladesh/4005/2020,A/Bangladesh/4005/2020,640
A/Stockholm/5/2021,A/Bangladesh/4005/2020,320
A/England/214191723/2021,A/Bangladesh/4005/2020,160
A/Darwin/9/2021,A/Bangladesh/4005/2020,640
A/Kansas/14/2017,A/Bangladesh/4005/2020,80
A/Ukraine/354/2021,A/Bangladesh/4005/2020,320
A/Tunisia/7468/2022,A/Bangladesh/4005/2020,160
A/Tunisia/8259/2022,A/Bangladesh/4005/2020,160
A/Andalucia/2702/2022,A/Bangladesh/4005/2020,160
A/Andalucia/2701/2022,A/Bangladesh/4005/2020,160
A/Ireland/14993/2022,A/Bangladesh/4005/2020,320
A/Ireland/15242/2022,A/Bangladesh/4005/2020,320
A/Castilla La Mancha/1384/2022,A/Bangladesh/4005/2020,160
A/Castilla La Mancha/1383/2022,A/Bangladesh/4005/2020,160
A/La Rioja/2098/2022,A/Bangladesh/4005/2020,320
A/La Rioja/2096/2022,A/Bangladesh/4005/2020,160
A/La Rioja/2095/2022,A/Bangladesh/4005/2020,160
A/Ireland/16348/2022,A/Bangladesh/4005/2020,320
A/Andalucia/2705/2022,A/Bangladesh/4005/2020,160
A/Madrid/1413/2022,A/Bangladesh/4005/2020,160
A/Belgium/W0019/2022,A/Bangladesh/4005/2020,160
A/Belgium/S0814/2022,A/Bangladesh/4005/2020,160
A/Belgium/S0740/2022,A/Bangladesh/4005/2020,160
A/Belgium/S0834/2022,A/Bangladesh/4005/2020,160
A/Belgium/G0162/2022,A/Bangladesh/4005/2020,160
A/Serbia/2007/2022,A/Bangladesh/4005/2020,160
A/Belgium/S0761/2022,A/Bangladesh/4005/2020,160
A/Andalucia/2713/2022,A/Bangladesh/4005/2020,160
A/Belgium/S0747/2022,A/Bangladesh/4005/2020,160
A/Belgium/S1045/2022,A/Bangladesh/4005/2020,160
A/Belgium/G0186/2022,A/Bangladesh/4005/2020,160
A/Belgium/G0188/2022,A/Bangladesh/4005/2020,160
A/Portugal/211230/2022,A/Bangladesh/4005/2020,160
A/La Rioja/2091/2022,A/Bangladesh/4005/2020,160
A/Belgium/S1065/2022,A/Bangladesh/4005/2020,160
A/Belgium/S0757/2022,A/Bangladesh/4005/2020,160
A/Belgium/G0201/2022,A/Bangladesh/4005/2020,160
A/Lithuania/33830/2022,A/Bangladesh/4005/2020,160
A/Portugal/211242/2022,A/Bangladesh/4005/2020,160
A/Portugal/211249/2022,A/Bangladesh/4005/2020,160
A/Ireland/23694/2022,A/Bangladesh/4005/2020,160
A/Ukraine/371/2022,A/Bangladesh/4005/2020,320
A/Belgium/G0182/2022,A/Bangladesh/4005/2020,320
A/Lithuania/30885/2022,A/Bangladesh/4005/2020,320
A/Belgium/S0772/2022,A/Bangladesh/4005/2020,320
A/Lithuania/33225/2022,A/Bangladesh/4005/2020,320
A/Lithuania/33224/2022,A/Bangladesh/4005/2020,160
A/Portugal/210648/2022,A/Bangladesh/4005/2020,160
A/Serbia/1550/2022,A/Bangladesh/4005/2020,160
A/Belgium/S0894/2022,A/Bangladesh/4005/2020,80
A/Belgium/G0163/2022,A/Bangladesh/4005/2020,80
A/Ireland/02000/2022,A/Bangladesh/4005/2020,160
A/Portugal/210508/2022,A/Bangladesh/4005/2020,160
A/Ghana/1115/2022,A/Bangladesh/4005/2020,160
A/Ghana/1724/2022,A/Bangladesh/4005/2020,320
A/Ghana/1654/2022,A/Bangladesh/4005/2020,160
A/Ghana/1836/2022,A/Bangladesh/4005/2020,80
A/Ghana/2123/2022,A/Bangladesh/4005/2020,320
A/Belgium/G0159/2022,A/Bangladesh/4005/2020,320
A/Belgium/G0151/2022,A/Bangladesh/4005/2020,320
A/Belgium/G0164/2022,A/Bangladesh/4005/2020,320
A/Belgium/G0183/2022,A/Bangladesh/4005/2020,320
A/Belgium/S1128/2022,A/Bangladesh/4005/2020,320
A/Denmark/3264/2019,A/Stockholm/5/2021,160
A/Hong Kong/2671/2019,A/Stockholm/5/2021,80
A/Cambodia/925256/2020,A/Stockholm/5/2021,160
A/Cambodia/e0826360/2020,A/Stockholm/5/2021,160
A/Bangladesh/4005/2020,A/Stockholm/5/2021,640
A/Stockholm/5/2021,A/Stockholm/5/2021,640
A/England/214191723/2021,A/Stockholm/5/2021,320
A/Darwin/9/2021,A/Stockholm/5/2021,1280
A/Kansas/14/2017,A/Stockholm/5/2021,80
A/Ukraine/354/2021,A/Stockholm/5/2021,640
A/Tunisia/7468/2022,A/Stockholm/5/2021,160
A/Tunisia/8259/2022,A/Stockholm/5/2021,160
A/Andalucia/2702/2022,A/Stockholm/5/2021,320
A/Andalucia/2701/2022,A/Stockholm/5/2021,320
A/Ireland/14993/2022,A/Stockholm/5/2021,320
A/Ireland/15242/2022,A/Stockholm/5/2021,320
A/Castilla La Mancha/1384/2022,A/Stockholm/5/2021,320
A/Castilla La Mancha/1383/2022,A/Stockholm/5/2021,320
A/La Rioja/2098/2022,A/Stockholm/5/2021,320
A/La Rioja/2096/2022,A/Stockholm/5/2021,320
A/La Rioja/2095/2022,A/Stockholm/5/2021,320
A/Ireland/16348/2022,A/Stockholm/5/2021,640
A/Andalucia/2705/2022,A/Stockholm/5/2021,320
A/Madrid/1413/2022,A/Stockholm/5/2021,320
A/Belgium/W0019/2022,A/Stockholm/5/2021,320
A/Belgium/S0814/2022,A/Stockholm/5/2021,160
A/Belgium/S0740/2022,A/Stockholm/5/2021,320
A/Belgium/S0834/2022,A/Stockholm/5/2021,160
A/Belgium/G0162/2022,A/Stockholm/5/2021,320
A/Serbia/2007/2022,A/Stockholm/5/2021,320
A/Belgium/S0761/2022,A/Stockholm/5/2021,320
A/Andalucia/2713/2022,A/Stockholm/5/2021,320
A/Belgium/S0747/2022,A/Stockholm/5/2021,320
A/Belgium/S1045/2022,A/Stockholm/5/2021,320
A/Belgium/G0186/2022,A/Stockholm/5/2021,320
A/Belgium/G0188/2022,A/Stockholm/5/2021,320
A/Portugal/211230/2022,A/Stockholm/5/2021,320
A/La Rioja/2091/2022,A/Stockholm/5/2021,320
A/Belgium/S1065/2022,A/Stockholm/5/2021,320
A/Belgium/S0757/2022,A/Stockholm/5/2021,320
A/Belgium/G0201/2022,A/Stockholm/5/2021,160
A/Lithuania/33830/2022,A/Stockholm/5/2021,160
A/Portugal/211242/2022,A/Stockholm/5/2021,640
A/Portugal/211249/2022,A/Stockholm/5/2021,320
A/Ireland/23694/2022,A/Stockholm/5/2021,320
A/Ukraine/371/2022,A/Stockholm/5/2021,640
A/Belgium/G0182/2022,A/Stockholm/5/2021,640
A/Lithuania/30885/2022,A/Stockholm/5/2021,640
A/Belgium/S0772/2022,A/Stockholm/5/2021,640
A/Lithuania/33225/2022,A/Stockholm/5/2021,320
A/Lithuania/33224/2022,A/Stockholm/5/2021,160
A/Portugal/210648/2022,A/Stockholm/5/2021,320
A/Serbia/1550/2022,A/Stockholm/5/2021,320
A/Belgium/S0894/2022,A/Stockholm/5/2021,160
A/Belgium/G0163/2022,A/Stockholm/5/2021,160
A/Ireland/02000/2022,A/Stockholm/5/2021,160
A/Portugal/210508/2022,A/Stockholm/5/2021,160
A/Ghana/1115/2022,A/Stockholm/5/2021,320
A/Ghana/1724/2022,A/Stockholm/5/2021,320
A/Ghana/1654/2022,A/Stockholm/5/2021,160
A/Ghana/1836/2022,A/Stockholm/5/2021,160
A/Ghana/2123/2022,A/Stockholm/5/2021,320
A/Belgium/G0159/2022,A/Stockholm/5/2021,320
A/Belgium/G0151/2022,A/Stockholm/5/2021,160
A/Belgium/G0164/2022,A/Stockholm/5/2021,320
A/Belgium/G0183/2022,A/Stockholm/5/2021,320
A/Belgium/S1128/2022,A/Stockholm/5/2021,160
A/Denmark/3264/2019,A/England/214191723/2021,40
A/Hong Kong/2671/2019,A/England/214191723/2021,40
A/Cambodia/925256/2020,A/England/214191723/2021,40
A/Cambodia/e0826360/2020,A/England/214191723/2021,160
A/Bangladesh/4005/2020,A/England/214191723/2021,640
A/Stockholm/5/2021,A/England/214191723/2021,320
A/England/214191723/2021,A/England/214191723/2021,640
A/Darwin/9/2021,A/England/214191723/2021,640
A/Kansas/14/2017,A/England/214191723/2021,80
A/Ukraine/354/2021,A/England/214191723/2021,640
A/Tunisia/7468/2022,A/England/214191723/2021,40
A/Tunisia/8259/2022,A/England/214191723/2021,320
A/Andalucia/2702/2022,A/England/214191723/2021,320
A/Andalucia/2701/2022,A/England/214191723/2021,320
A/Ireland/14993/2022,A/England/214191723/2021,320
A/Ireland/15242/2022,A/England/214191723/2021,320
A/Castilla La Mancha/1384/2022,A/England/214191723/2021,320
A/Castilla La Mancha/1383/2022,A/England/214191723/2021,320
A/La Rioja/2098/2022,A/England/214191723/2021,320
A/La Rioja/2096/2022,A/England/214191723/2021,320
A/La Rioja/2095/2022,A/England/214191723/2021,320
A/Ireland/16348/2022,A/England/214191723/2021,640
A/Andalucia/2705/2022,A/England/214191723/2021,320
A/Madrid/1413/2022,A/England/214191723/2021,320
A/Belgium/W0019/2022,A/England/214191723/2021,320
A/Belgium/S0814/2022,A/England/214191723/2021,320
A/Belgium/S0740/2022,A/England/214191723/2021,160
A/Belgium/S0834/2022,A/England/214191723/2021,160
A/Belgium/G0162/2022,A/England/214191723/2021,320
A/Serbia/2007/2022,A/England/214191723/2021,320
A/Belgium/S0761/2022,A/England/214191723/2021,320
A/Andalucia/2713/2022,A/England/214191723/2021,320
A/Belgium/S0747/2022,A/England/214191723/2021,320
A/Belgium/S1045/2022,A/England/214191723/2021,320
A/Belgium/G0186/2022,A/England/214191723/2021,320
A/Belgium/G0188/2022,A/England/214191723/2021,320
A/Portugal/211230/2022,A/England/214191723/2021,320
A/La Rioja/2091/2022,A/England/214191723/2021,320
A/Belgium/S1065/2022,A/England/214191723/2021,320
A/Belgium/S0757/2022,A/England/214191723/2021,320
A/Belgium/G0201/2022,A/England/214191723/2021,160
A/Lithuania/33830/2022,A/England/214191723/2021,320
A/Portugal/211242/2022,A/England/214191723/2021,320
A/Portugal/211249/2022,A/England/214191723/2021,320
A/Ireland/23694/2022,A/England/214191723/2021,320
A/Ukraine/371/2022,A/England/214191723/2021,320
A/Belgium/G0182/2022,A/England/214191723/2021,640
A/Lithuania/30885/2022,A/England/214191723/2021,640
A/Belgium/S0772/2022,A/England/214191723/2021,320
A/Lithuania/33225/2022,A/England/214191723/2021,640
A/Lithuania/33224/2022,A/England/214191723/2021,320
A/Portugal/210648/2022,A/England/214191723/2021,640
A/Serbia/1550/2022,A/England/214191723/2021,640
A/Belgium/S0894/2022,A/England/214191723/2021,320
A/Belgium/G0163/2022,A/England/214191723/2021,320
A/Ireland/02000/2022,A/England/214191723/2021,640
A/Portugal/210508/2022,A/England/214191723/2021,640
A/Ghana/1115/2022,A/England/214191723/2021,640
A/Ghana/1724/2022,A/England/214191723/2021,640
A/Ghana/1654/2022,A/England/214191723/2021,320
A/Ghana/1836/2022,A/England/214191723/2021,160
A/Ghana/2123/2022,A/England/214191723/2021,640
A/Belgium/G0159/2022,A/England/214191723/2021,320
A/Belgium/G0151/2022,A/England/214191723/2021,160
A/Belgium/G0164/2022,A/England/214191723/2021,160
A/Belgium/G0183/2022,A/England/214191723/2021,320
A/Belgium/S1128/2022,A/England/214191723/2021,160
A/Denmark/3264/2019,A/Darwin/9/2021,320
A/Hong Kong/2671/2019,A/Darwin/9/2021,160
A/Cambodia/925256/2020,A/Darwin/9/2021,320
A/Cambodia/e0826360/2020,A/Darwin/9/2021,160
A/Bangladesh/4005/2020,A/Darwin/9/2021,640
A/Stockholm/5/2021,A/Darwin/9/2021,640
A/England/214191723/2021,A/Darwin/9/2021,640
A/Darwin/9/2021,A/Darwin/9/2021,2560
A/Kansas/14/2017,A/Darwin/9/2021,80
A/Ukraine/354/2021,A/Darwin/9/2021,640
A/Tunisia/7468/2022,A/Darwin/9/2021,320
A/Tunisia/8259/2022,A/Darwin/9/2021,640
A/Andalucia/2702/2022,A/Darwin/9/2021,640
A/Andalucia/2701/2022,A/Darwin/9/2021,320
A/Ireland/14993/2022,A/Darwin/9/2021,320
A/Ireland/15242/2022,A/Darwin/9/2021,320
A/Castilla La Mancha/1384/2022,A/Darwin/9/2021,640
A/Castilla La Mancha/1383/2022,A/Darwin/9/2021,320
A/La Rioja/2098/2022,A/Darwin/9/2021,640
A/La Rioja/2096/2022,A/Darwin/9/2021,320
A/La Rioja/2095/2022,A/Darwin/9/2021,320
A/Ireland/16348/2022,A/Darwin/9/2021,640
A/Andalucia/2705/2022,A/Darwin/9/2021,640
A/Madrid/1413/2022,A/Darwin/9/2021,320
A/Belgium/W0019/2022,A/Darwin/9/2021,320
A/Belgium/S0814/2022,A/Darwin/9/2021,320
A/Belgium/S0740/2022,A/Darwin/9/2021,320
A/Belgium/S0834/2022,A/Darwin/9/2021,320
A/Belgium/G0162/2022,A/Darwin/9/2021,320
A/Serbia/2007/2022,A/Darwin/9/2021,320
A/Belgium/S0761/2022,A/Darwin/9/2021,320
A/Andalucia/2713/2022,A/Darwin/9/2021,320
A/Belgium/S0747/2022,A/Darwin/9/2021,320
A/Belgium/S1045/2022,A/Darwin/9/2021,640
A/Belgium/G0186/2022,A/Darwin/9/2021,320
A/Belgium/G0188/2022,A/Darwin/9/2021,320
A/Portugal/211230/2022,A/Darwin/9/2021,320
A/La Rioja/2091/2022,A/Darwin/9/2021,320
A/Belgium/S1065/2022,A/Darwin/9/2021,320
A/Belgium/S0757/2022,A/Darwin/9/2021,640
A/Belgium/G0201/2022,A/Darwin/9/2021,320
A/Lithuania/33830/2022,A/Darwin/9/2021,320
A/Portugal/211242/2022,A/Darwin/9/2021,640
A/Portugal/211249/2022,A/Darwin/9/2021,320
A/Ireland/23694/2022,A/Darwin/9/2021,320
A/Ukraine/371/2022,A/Darwin/9/2021,640
A/Belgium/G0182/2022,A/Darwin/9/2021,640
A/Lithuania/30885/2022,A/Darwin/9/2021,640
A/Belgium/S0772/2022,A/Darwin/9/2021,640
A/Lithuania/33225/2022,A/Darwin/9/2021,640
A/Lithuania/33224/2022,A/Darwin/9/2021,320
A/Portugal/210648/2022,A/Darwin/9/2021,320
A/Serbia/1550/2022,A/Darwin/9/2021,320
A/Belgium/S0894/2022,A/Darwin/9/2021,320
A/Belgium/G0163/2022,A/Darwin/9/2021,320
A/Ireland/02000/2022,A/Darwin/9/2021,640
A/Portugal/210508/2022,A/Darwin/9/2021,320
A/Ghana/1115/2022,A/Darwin/9/2021,640
A/Ghana/1724/2022,A/Darwin/9/2021,320
A/Ghana/1654/2022,A/Darwin/9/2021,320
A/Ghana/1836/2022,A/Darwin/9/2021,320
A/Ghana/2123/2022,A/Darwin/9/2021,320
A/Belgium/G0159/2022,A/Darwin/9/2021,320
A/Belgium/G0151/2022,A/Darwin/9/2021,160
A/Belgium/G0164/2022,A/Darwin/9/2021,160
A/Belgium/G0183/2022,A/Darwin/9/2021,160
A/Belgium/S1128/2022,A/Darwin/9/2021,160
A/Denmark/3264/2019,A/Kansas/14/2017,160
A/Hong Kong/2671/2019,A/Kansas/14/2017,160
A/Cambodia/925256/2020,A/Kansas/14/2017,160
A/Cambodia/e0826360/2020,A/Kansas/14/2017,80
A/Bangladesh/4005/2020,A/Kansas/14/2017,160
A/Stockholm/5/2021,A/Kansas/14/2017,80
A/England/214191723/2021,A/Kansas/14/2017,40
A/Darwin/9/2021,A/Kansas/14/2017,160
A/Kansas/14/2017,A/Kansas/14/2017,320
A/Ukraine/354/2021,A/Kansas/14/2017,40
A/Tunisia/7468/2022,A/Kansas/14/2017,160
A/Tunisia/8259/2022,A/Kansas/14/2017,80
A/Andalucia/2702/2022,A/Kansas/14/2017,40
A/Andalucia/2701/2022,A/Kansas/14/2017,<40
A/Ireland/14993/2022,A/Kansas/14/2017,<40
A/Ireland/15242/2022,A/Kansas/14/2017,<40
A/Castilla La Mancha/1384/2022,A/Kansas/14/2017,<40
A/Castilla La Mancha/1383/2022,A/Kansas/14/2017,<40
A/La Rioja/2098/2022,A/Kansas/14/2017,<40
A/La Rioja/2096/2022,A/Kansas/14/2017,<40
A/La Rioja/2095/2022,A/Kansas/14/2017,<40
A/Ireland/16348/2022,A/Kansas/14/2017,<40
A/Andalucia/2705/2022,A/Kansas/14/2017,<40
A/Madrid/1413/2022,A/Kansas/14/2017,<40
A/Belgium/W0019/2022,A/Kansas/14/2017,<40
A/Belgium/S0814/2022,A/Kansas/14/2017,40
A/Belgium/S0740/2022,A/Kansas/14/2017,<40
A/Belgium/S0834/2022,A/Kansas/14/2017,40
A/Belgium/G0162/2022,A/Kansas/14/2017,<40
A/Serbia/2007/2022,A/Kansas/14/2017,<40
A/Belgium/S0761/2022,A/Kansas/14/2017,<40
A/Andalucia/2713/2022,A/Kansas/14/2017,<40
A/Belgium/S0747/2022,A/Kansas/14/2017,<40
A/Belgium/S1045/2022,A/Kansas/14/2017,40
A/Belgium/G0186/2022,A/Kansas/14/2017,<40
A/Belgium/G0188/2022,A/Kansas/14/2017,<40
A/Portugal/211230/2022,A/Kansas/14/2017,<40
A/La Rioja/2091/2022,A/Kansas/14/2017,<40
A/Belgium/S1065/2022,A/Kansas/14/2017,<40
A/Belgium/S0757/2022,A/Kansas/14/2017,<40
A/Belgium/G0201/2022,A/Kansas/14/2017,<40
A/Lithuania/33830/2022,A/Kansas/14/2017,<40
A/Portugal/211242/2022,A/Kansas/14/2017,40
A/Portugal/211249/2022,A/Kansas/14/2017,<40
A/Ireland/23694/2022,A/Kansas/14/2017,<40
A/Ukraine/371/2022,A/Kansas/14/2017,40
A/Belgium/G0182/2022,A/Kansas/14/2017,80
A/Lithuania/30885/2022,A/Kansas/14/2017,80
A/Belgium/S0772/2022,A/Kansas/14/2017,40
A/Lithuania/33225/2022,A/Kansas/14/2017,80
A/Lithuania/33224/2022,A/Kansas/14/2017,<40
A/Portugal/210648/2022,A/Kansas/14/2017,<40
A/Serbia/1550/2022,A/Kansas/14/2017,40
A/Belgium/S0894/2022,A/Kansas/14/2017,<40
A/Belgium/G0163/2022,A/Kansas/14/2017,<40
A/Ireland/02000/2022,A/Kansas/14/2017,<40
A/Portugal/210508/2022,A/Kansas/14/2017,<40
A/Ghana/1115/2022,A/Kansas/14/2017,40
A/Ghana/1724/2022,A/Kansas/14/2017,40
A/Ghana/1654/2022,A/Kansas/14/2017,<40
A/Ghana/1836/2022,A/Kansas/14/2017,<40
A/Ghana/2123/2022,A/Kansas/14/2017,40
A/Belgium/G0159/2022,A/Kansas/14/2017,80
A/Belgium/G0151/2022,A/Kansas/14/2017,40
A/Belgium/G0164/2022,A/Kansas/14/2017,80
A/Belgium/G0183/2022,A/Kansas/14/2017,80
A/Belgium/S1128/2022,A/Kansas/14/2017,80
A/Denmark/3264/2019,A/Denmark/3264/2019,320
A/Hong Kong/2671/2019,A/Denmark/3264/2019,320
A/Cambodia/925256/2020,A/Denmark/3264/2019,160
A/Cambodia/e0826360/2020,A/Denmark/3264/2019,160
A/Bangladesh/4005/2020,A/Denmark/3264/2019,160
A/Stockholm/5/2021,A/Denmark/3264/2019,80
A/England/214191723/2021,A/Denmark/3264/2019,40
A/Darwin/9/2021,A/Denmark/3264/2019,160
A/Kansas/14/2017,A/Denmark/3264/2019,40
A/Portugal/210273/2022,A/Denmark/3264/2019,40
A/Portugal/210274/2022,A/Denmark/3264/2019,80
A/Portugal/210372/2022,A/Denmark/3264/2019,80
A/Portugal/210588/2022,A/Denmark/3264/2019,40
A/Portugal/210592/2022,A/Denmark/3264/2019,80
A/Portugal/210603/2022,A/Denmark/3264/2019,80
A/Portugal/210611/2022,A/Denmark/3264/2019,80
A/Ireland/16347/2022,A/Denmark/3264/2019,80
A/Ireland/24347/2022,A/Denmark/3264/2019,80
A/Castilla La Mancha/2234/2022,A/Denmark/3264/2019,80
A/Castilla La Mancha/2224/2022,A/Denmark/3264/2019,80
A/Castilla La Mancha/2333/2022,A/Denmark/3264/2019,40
A/Castilla La Mancha/2358/2022,A/Denmark/3264/2019,40
A/Castilla La Mancha/2356/2022,A/Denmark/3264/2019,80
A/Portugal/210269/2022,A/Denmark/3264/2019,80
A/Portugal/210307/2022,A/Denmark/3264/2019,80
A/Portugal/210312/2022,A/Denmark/3264/2019,80
A/Portugal/210366/2022,A/Denmark/3264/2019,40
A/Denmark/3264/2019,A/Hong Kong/2671/2019,160
A/Hong Kong/2671/2019,A/Hong Kong/2671/2019,320
A/Cambodia/925256/2020,A/Hong Kong/2671/2019,160
A/Cambodia/e0826360/2020,A/Hong Kong/2671/2019,<40
A/Bangladesh/4005/2020,A/Hong Kong/2671/2019,40
A/Stockholm/5/2021,A/Hong Kong/2671/2019,<40
A/England/214191723/2021,A/Hong Kong/2671/2019,<40
A/Darwin/9/2021,A/Hong Kong/2671/2019,<40
A/Kansas/14/2017,A/Hong Kong/2671/2019,<40
A/Portugal/210273/2022,A/Hong Kong/2671/2019,<40
A/Portugal/210274/2022,A/Hong Kong/2671/2019,<40
A/Portugal/210372/2022,A/Hong Kong/2671/2019,<40
A/Portugal/210588/2022,A/Hong Kong/2671/2019,<40
A/Portugal/210592/2022,A/Hong Kong/2671/2019,<40
A/Portugal/210603/2022,A/Hong Kong/2671/2019,<40
A/Portugal/210611/2022,A/Hong Kong/2671/2019,<40
A/Ireland/16347/2022,A/Hong Kong/2671/2019,<40
A/Ireland/24347/2022,A/Hong Kong/2671/2019,<40
A/Castilla La Mancha/2234/2022,A/Hong Kong/2671/2019,<40
A/Castilla La Mancha/2224/2022,A/Hong Kong/2671/2019,<40
A/Castilla La Mancha/2333/2022,A/Hong Kong/2671/2019,<40
A/Castilla La Mancha/2358/2022,A/Hong Kong/2671/2019,<40
A/Castilla La Mancha/2356/2022,A/Hong Kong/2671/2019,<40
A/Portugal/210269/2022,A/Hong Kong/2671/2019,<40
A/Portugal/210307/2022,A/Hong Kong/2671/2019,<40
A/Portugal/210312/2022,A/Hong Kong/2671/2019,<40
A/Portugal/210366/2022,A/Hong Kong/2671/2019,<40
A/Denmark/3264/2019,A/Cambodia/925256/2020,640
A/Hong Kong/2671/2019,A/Cambodia/925256/2020,640
A/Cambodia/925256/2020,A/Cambodia/925256/2020,320
A/Cambodia/e0826360/2020,A/Cambodia/925256/2020,80
A/Bangladesh/4005/2020,A/Cambodia/925256/2020,160
A/Stockholm/5/2021,A/Cambodia/925256/2020,80
A/England/214191723/2021,A/Cambodia/925256/2020,80
A/Darwin/9/2021,A/Cambodia/925256/2020,80
A/Kansas/14/2017,A/Cambodia/925256/2020,80
A/Portugal/210273/2022,A/Cambodia/925256/2020,40
A/Portugal/210274/2022,A/Cambodia/925256/2020,40
A/Portugal/210372/2022,A/Cambodia/925256/2020,40
A/Portugal/210588/2022,A/Cambodia/925256/2020,40
A/Portugal/210592/2022,A/Cambodia/925256/2020,40
A/Portugal/210603/2022,A/Cambodia/925256/2020,40
A/Portugal/210611/2022,A/Cambodia/925256/2020,40
A/Ireland/16347/2022,A/Cambodia/925256/2020,40
A/Ireland/24347/2022,A/Cambodia/925256/2020,40
A/Castilla La Mancha/2234/2022,A/Cambodia/925256/2020,40
A/Castilla La Mancha/2224/2022,A/Cambodia/925256/2020,40
A/Castilla La Mancha/2333/2022,A/Cambodia/925256/2020,40
A/Castilla La Mancha/2358/2022,A/Cambodia/925256/2020,40
A/Castilla La Mancha/2356/2022,A/Cambodia/925256/2020,40
A/Portugal/210269/2022,A/Cambodia/925256/2020,80
A/Portugal/210307/2022,A/Cambodia/925256/2020,40
A/Portugal/210312/2022,A/Cambodia/925256/2020,80
A/Portugal/210366/2022,A/Cambodia/925256/2020,40
A/Denmark/3264/2019,A/Cambodia/e0826360/2020,320
A/Hong Kong/2671/2019,A/Cambodia/e0826360/2020,160
A/Cambodia/925256/2020,A/Cambodia/e0826360/2020,320
A/Cambodia/e0826360/2020,A/Cambodia/e0826360/2020,1280
A/Bangladesh/4005/2020,A/Cambodia/e0826360/2020,320
A/Stockholm/5/2021,A/Cambodia/e0826360/2020,160
A/England/214191723/2021,A/Cambodia/e0826360/2020,160
A/Darwin/9/2021,A/Cambodia/e0826360/2020,640
A/Kansas/14/2017,A/Cambodia/e0826360/2020,80
A/Portugal/210273/2022,A/Cambodia/e0826360/2020,40
A/Portugal/210274/2022,A/Cambodia/e0826360/2020,80
A/Portugal/210372/2022,A/Cambodia/e0826360/2020,80
A/Portugal/210588/2022,A/Cambodia/e0826360/2020,80
A/Portugal/210592/2022,A/Cambodia/e0826360/2020,80
A/Portugal/210603/2022,A/Cambodia/e0826360/2020,80
A/Portugal/210611/2022,A/Cambodia/e0826360/2020,80
A/Ireland/16347/2022,A/Cambodia/e0826360/2020,80
A/Ireland/24347/2022,A/Cambodia/e0826360/2020,80
A/Castilla La Mancha/2234/2022,A/Cambodia/e0826360/2020,80
A/Castilla La Mancha/2224/2022,A/Cambodia/e0826360/2020,80
A/Castilla La Mancha/2333/2022,A/Cambodia/e0826360/2020,40
A/Castilla La Mancha/2358/2022,A/Cambodia/e0826360/2020,40
A/Castilla La Mancha/2356/2022,A/Cambodia/e0826360/2020,40
A/Portugal/210269/2022,A/Cambodia/e0826360/2020,160
A/Portugal/210307/2022,A/Cambodia/e0826360/2020,80
A/Portugal/210312/2022,A/Cambodia/e0826360/2020,80
A/Portugal/210366/2022,A/Cambodia/e0826360/2020,80
A/Denmark/3264/2019,A/Bangladesh/4005/2020,320
A/Hong Kong/2671/2019,A/Bangladesh/4005/2020,320
A/Cambodia/925256/2020,A/Bangladesh/4005/2020,320
A/Cambodia/e0826360/2020,A/Bangladesh/4005/2020,320
A/Bangladesh/4005/2020,A/Bangladesh/4005/2020,640
A/Stockholm/5/2021,A/Bangladesh/4005/2020,320
A/England/214191723/2021,A/Bangladesh/4005/2020,160
A/Darwin/9/2021,A/Bangladesh/4005/2020,640
A/Kansas/14/2017,A/Bangladesh/4005/2020,80
A/Portugal/210273/2022,A/Bangladesh/4005/2020,160
A/Portugal/210274/2022,A/Bangladesh/4005/2020,320
A/Portugal/210372/2022,A/Bangladesh/4005/2020,160
A/Portugal/210588/2022,A/Bangladesh/4005/2020,160
A/Portugal/210592/2022,A/Bangladesh/4005/2020,160
A/Portugal/210603/2022,A/Bangladesh/4005/2020,160
A/Portugal/210611/2022,A/Bangladesh/4005/2020,160
A/Ireland/16347/2022,A/Bangladesh/4005/2020,160
A/Ireland/24347/2022,A/Bangladesh/4005/2020,320
A/Castilla La Mancha/2234/2022,A/Bangladesh/4005/2020,160
A/Castilla La Mancha/2224/2022,A/Bangladesh/4005/2020,160
A/Castilla La Mancha/2333/2022,A/Bangladesh/4005/2020,160
A/Castilla La Mancha/2358/2022,A/Bangladesh/4005/2020,160
A/Castilla La Mancha/2356/2022,A/Bangladesh/4005/2020,160
A/Portugal/210269/2022,A/Bangladesh/4005/2020,320
A/Portugal/210307/2022,A/Bangladesh/4005/2020,320
A/Portugal/210312/2022,A/Bangladesh/4005/2020,320
A/Portugal/210366/2022,A/Bangladesh/4005/2020,160
A/Denmark/3264/2019,A/Stockholm/5/2021,160
A/Hong Kong/2671/2019,A/Stockholm/5/2021,80
A/Cambodia/925256/2020,A/Stockholm/5/2021,160
A/Cambodia/e0826360/2020,A/Stockholm/5/2021,160
A/Bangladesh/4005/2020,A/Stockholm/5/2021,640
A/Stockholm/5/2021,A/Stockholm/5/2021,640
A/England/214191723/2021,A/Stockholm/5/2021,320
A/Darwin/9/2021,A/Stockholm/5/2021,1280
A/Kansas/14/2017,A/Stockholm/5/2021,80
A/Portugal/210273/2022,A/Stockholm/5/2021,320
A/Portugal/210274/2022,A/Stockholm/5/2021,640
A/Portugal/210372/2022,A/Stockholm/5/2021,640
A/Portugal/210588/2022,A/Stockholm/5/2021,640
A/Portugal/210592/2022,A/Stockholm/5/2021,640
A/Portugal/210603/2022,A/Stockholm/5/2021,640
A/Portugal/210611/2022,A/Stockholm/5/2021,640
A/Ireland/16347/2022,A/Stockholm/5/2021,640
A/Ireland/24347/2022,A/Stockholm/5/2021,640
A/Castilla La Mancha/2234/2022,A/Stockholm/5/2021,640
A/Castilla La Mancha/2224/2022,A/Stockholm/5/2021,320
A/Castilla La Mancha/2333/2022,A/Stockholm/5/2021,320
A/Castilla La Mancha/2358/2022,A/Stockholm/5/2021,320
A/Castilla La Mancha/2356/2022,A/Stockholm/5/2021,320
A/Portugal/210269/2022,A/Stockholm/5/2021,640
A/Portugal/210307/2022,A/Stockholm/5/2021,320
A/Portugal/210312/2022,A/Stockholm/5/2021,640
A/Portugal/210366/2022,A/Stockholm/5/2021,320
A/Denmark/3264/2019,A/England/214191723/2021,40
A/Hong Kong/2671/2019,A/England/214191723/2021,40
A/Cambodia/925256/2020,A/England/214191723/2021,40
A/Cambodia/e0826360/2020,A/England/214191723/2021,160
A/Bangladesh/4005/2020,A/England/214191723/2021,640
A/Stockholm/5/2021,A/England/214191723/2021,320
A/England/214191723/2021,A/England/214191723/2021,640
A/Darwin/9/2021,A/England/214191723/2021,640
A/Kansas/14/2017,A/England/214191723/2021,80
A/Portugal/210273/2022,A/England/214191723/2021,320
A/Portugal/210274/2022,A/England/214191723/2021,320
A/Portugal/210372/2022,A/England/214191723/2021,320
A/Portugal/210588/2022,A/England/214191723/2021,320
A/Portugal/210592/2022,A/England/214191723/2021,320
A/Portugal/210603/2022,A/England/214191723/2021,320
A/Portugal/210611/2022,A/England/214191723/2021,320
A/Ireland/16347/2022,A/England/214191723/2021,320
A/Ireland/24347/2022,A/England/214191723/2021,320
A/Castilla La Mancha/2234/2022,A/England/214191723/2021,320
A/Castilla La Mancha/2224/2022,A/England/214191723/2021,320
A/Castilla La Mancha/2333/2022,A/England/214191723/2021,320
A/Castilla La Mancha/2358/2022,A/England/214191723/2021,320
A/Castilla La Mancha/2356/2022,A/England/214191723/2021,320
A/Portugal/210269/2022,A/England/214191723/2021,1280
A/Portugal/210307/2022,A/England/214191723/2021,640
A/Portugal/210312/2022,A/England/214191723/2021,1280
A/Portugal/210366/2022,A/England/214191723/2021,640
A/Denmark/3264/2019,A/Darwin/9/2021,320
A/Hong Kong/2671/2019,A/Darwin/9/2021,160
A/Cambodia/925256/2020,A/Darwin/9/2021,320
A/Cambodia/e0826360/2020,A/Darwin/9/2021,160
A/Bangladesh/4005/2020,A/Darwin/9/2021,640
A/Stockholm/5/2021,A/Darwin/9/2021,640
A/England/214191723/2021,A/Darwin/9/2021,640
A/Darwin/9/2021,A/Darwin/9/2021,2560
A/Kansas/14/2017,A/Darwin/9/2021,80
A/Portugal/210273/2022,A/Darwin/9/2021,320
A/Portugal/210274/2022,A/Darwin/9/2021,640
A/Portugal/210372/2022,A/Darwin/9/2021,640
A/Portugal/210588/2022,A/Darwin/9/2021,640
A/Portugal/210592/2022,A/Darwin/9/2021,640
A/Portugal/210603/2022,A/Darwin/9/2021,320
A/Portugal/210611/2022,A/Darwin/9/2021,320
A/Ireland/16347/2022,A/Darwin/9/2021,640
A/Ireland/24347/2022,A/Darwin/9/2021,640
A/Castilla La Mancha/2234/2022,A/Darwin/9/2021,640
A/Castilla La Mancha/2224/2022,A/Darwin/9/2021,320
A/Castilla La Mancha/2333/2022,A/Darwin/9/2021,320
A/Castilla La Mancha/2358/2022,A/Darwin/9/2021,320
A/Castilla La Mancha/2356/2022,A/Darwin/9/2021,320
A/Portugal/210269/2022,A/Darwin/9/2021,640
A/Portugal/210307/2022,A/Darwin/9/2021,640
A/Portugal/210312/2022,A/Darwin/9/2021,640
A/Portugal/210366/2022,A/Darwin/9/2021,320
A/Denmark/3264/2019,A/Kansas/14/2017,160
A/Hong Kong/2671/2019,A/Kansas/14/2017,160
A/Cambodia/925256/2020,A/Kansas/14/2017,160
A/Cambodia/e0826360/2020,A/Kansas/14/2017,80
A/Bangladesh/4005/2020,A/Kansas/14/2017,160
A/Stockholm/5/2021,A/Kansas/14/2017,80
A/England/214191723/2021,A/Kansas/14/2017,40
A/Darwin/9/2021,A/Kansas/14/2017,160
A/Kansas/14/2017,A/Kansas/14/2017,320
A/Portugal/210273/2022,A/Kansas/14/2017,<40
A/Portugal/210274/2022,A/Kansas/14/2017,<40
A/Portugal/210372/2022,A/Kansas/14/2017,<40
A/Portugal/210588/2022,A/Kansas/14/2017,<40
A/Portugal/210592/2022,A/Kansas/14/2017,<40
A/Portugal/210603/2022,A/Kansas/14/2017,<40
A/Portugal/210611/2022,A/Kansas/14/2017,<40
A/Ireland/16347/2022,A/Kansas/14/2017,<40
A/Ireland/24347/2022,A/Kansas/14/2017,<40
A/Castilla La Mancha/2234/2022,A/Kansas/14/2017,<40
A/Castilla La Mancha/2224/2022,A/Kansas/14/2017,<40
A/Castilla La Mancha/2333/2022,A/Kansas/14/2017,<40
A/Castilla La Mancha/2358/2022,A/Kansas/14/2017,<40
A/Castilla La Mancha/2356/2022,A/Kansas/14/2017,<40
A/Portugal/210269/2022,A/Kansas/14/2017,<40
A/Portugal/210307/2022,A/Kansas/14/2017,<40
A/Portugal/210312/2022,A/Kansas/14/2017,<40
A/Portugal/210366/2022,A/Kansas/14/2017,<40
A/Denmark/3264/2019,A/Denmark/3264/2019,640
A/Hong Kong/2671/2019,A/Denmark/3264/2019,320
A/Cambodia/925256/2020,A/Denmark/3264/2019,160
A/Cambodia/e0826360/2020,A/Denmark/3264/2019,160
A/Bangladesh/4005/2020,A/Denmark/3264/2019,160
A/Stockholm/5/2021,A/Denmark/3264/2019,80
A/England/214191723/2021,A/Denmark/3264/2019,40
A/Darwin/9/2021,A/Denmark/3264/2019,160
A/Kansas/14/2017,A/Denmark/3264/2019,40
A/Saint-Denis/48407/2021,A/Denmark/3264/2019,<40
A/Dunkerque/51979/2021,A/Denmark/3264/2019,40
A/Portugal/210259/2022,A/Denmark/3264/2019,80
A/Nord Pas de Calais/11659/2022,A/Denmark/3264/2019,80
A/Portugal/210266/2022,A/Denmark/3264/2019,40
A/Dunkerque/16908/2022,A/Denmark/3264/2019,80
A/Portugal/210597/2022,A/Denmark/3264/2019,80
A/Montenegro/1557212202/2022,A/Denmark/3264/2019,80
A/Montenegro/1614822202/2022,A/Denmark/3264/2019,40
A/Montenegro/1651632202/2022,A/Denmark/3264/2019,40
A/Montenegro/1651692202/2022,A/Denmark/3264/2019,80
A/Pays de Loire/22333/2022,A/Denmark/3264/2019,80
A/Montenegro/1714472202/2022,A/Denmark/3264/2019,80
A/Garches/28367/2022,A/Denmark/3264/2019,80
A/Alsace/28544/2022,A/Denmark/3264/2019,80
A/Picardie/29331/2022,A/Denmark/3264/2019,40
A/Sarajevo/192G/2022,A/Denmark/3264/2019,80
A/Qatar/10-VI-22-1634794/2022,A/Denmark/3264/2019,40
A/Portugal/210192/2022,A/Denmark/3264/2019,80
A/Portugal/210210/2022,A/Denmark/3264/2019,80
A/Portugal/210214/2022,A/Denmark/3264/2019,80
A/Portugal/210212/2022,A/Denmark/3264/2019,80
A/Portugal/210220/2022,A/Denmark/3264/2019,80
A/Portugal/210218/2022,A/Denmark/3264/2019,80
A/Portugal/210219/2022,A/Denmark/3264/2019,80
A/Portugal/210224/2022,A/Denmark/3264/2019,80
A/Portugal/210255/2022,A/Denmark/3264/2019,80
A/Portugal/210256/2022,A/Denmark/3264/2019,80
A/Portugal/210257/2022,A/Denmark/3264/2019,80
A/Portugal/210258/2022,A/Denmark/3264/2019,80
A/Portugal/210270/2022,A/Denmark/3264/2019,80
A/Portugal/210271/2022,A/Denmark/3264/2019,80
A/Le Mans/16907/2022,A/Denmark/3264/2019,40
A/Qatar/15-VI-22-1525855/2022,A/Denmark/3264/2019,40
A/Qatar/10-VI-22-1499678/2022,A/Denmark/3264/2019,160
A/Qatar/15-VI-22-1520419/2022,A/Denmark/3264/2019,160
A/Qatar/16-VI-22-1526775/2022,A/Denmark/3264/2019,320
A/Denmark/3264/2019,A/Hong Kong/2671/2019,160
A/Hong Kong/2671/2019,A/Hong Kong/2671/2019,640
A/Cambodia/925256/2020,A/Hong Kong/2671/2019,160
A/Cambodia/e0826360/2020,A/Hong Kong/2671/2019,<40
A/Bangladesh/4005/2020,A/Hong Kong/2671/2019,40
A/Stockholm/5/2021,A/Hong Kong/2671/2019,<40
A/England/214191723/2021,A/Hong Kong/2671/2019,<40
A/Darwin/9/2021,A/Hong Kong/2671/2019,<40
A/Kansas/14/2017,A/Hong Kong/2671/2019,<40
A/Saint-Denis/48407/2021,A/Hong Kong/2671/2019,<40
A/Dunkerque/51979/2021,A/Hong Kong/2671/2019,<40
A/Portugal/210259/2022,A/Hong Kong/2671/2019,<40
A/Nord Pas de Calais/11659/2022,A/Hong Kong/2671/2019,<40
A/Portugal/210266/2022,A/Hong Kong/2671/2019,<40
A/Dunkerque/16908/2022,A/Hong Kong/2671/2019,<40
A/Portugal/210597/2022,A/Hong Kong/2671/2019,<40
A/Montenegro/1557212202/2022,A/Hong Kong/2671/2019,<40
A/Montenegro/1614822202/2022,A/Hong Kong/2671/2019,<40
A/Montenegro/1651632202/2022,A/Hong Kong/2671/2019,<40
A/Montenegro/1651692202/2022,A/Hong Kong/2671/2019,<40
A/Pays de Loire/22333/2022,A/Hong Kong/2671/2019,<40
A/Montenegro/1714472202/2022,A/Hong Kong/2671/2019,<40
A/Garches/28367/2022,A/Hong Kong/2671/2019,<40
A/Alsace/28544/2022,A/Hong Kong/2671/2019,<40
A/Picardie/29331/2022,A/Hong Kong/2671/2019,<40
A/Sarajevo/192G/2022,A/Hong Kong/2671/2019,<40
A/Qatar/10-VI-22-1634794/2022,A/Hong Kong/2671/2019,<40
A/Portugal/210192/2022,A/Hong Kong/2671/2019,<40
A/Portugal/210210/2022,A/Hong Kong/2671/2019,<40
A/Portugal/210214/2022,A/Hong Kong/2671/2019,<40
A/Portugal/210212/2022,A/Hong Kong/2671/2019,<40
A/Portugal/210220/2022,A/Hong Kong/2671/2019,<40
A/Portugal/210218/2022,A/Hong Kong/2671/2019,<40
A/Portugal/210219/2022,A/Hong Kong/2671/2019,<40
A/Portugal/210224/2022,A/Hong Kong/2671/2019,<40
A/Portugal/210255/2022,A/Hong Kong/2671/2019,<40
A/Portugal/210256/2022,A/Hong Kong/2671/2019,<40
A/Portugal/210257/2022,A/Hong Kong/2671/2019,<40
A/Portugal/210258/2022,A/Hong Kong/2671/2019,<40
A/Portugal/210270/2022,A/Hong Kong/2671/2019,<40
A/Portugal/210271/2022,A/Hong Kong/2671/2019,<40
A/Le Mans/16907/2022,A/Hong Kong/2671/2019,<40
A/Qatar/15-VI-22-1525855/2022,A/Hong Kong/2671/2019,<40
A/Qatar/10-VI-22-1499678/2022,A/Hong Kong/2671/2019,<40
A/Qatar/15-VI-22-1520419/2022,A/Hong Kong/2671/2019,<40
A/Qatar/16-VI-22-1526775/2022,A/Hong Kong/2671/2019,320
A/Denmark/3264/2019,A/Cambodia/925256/2020,640
A/Hong Kong/2671/2019,A/Cambodia/925256/2020,640
A/Cambodia/925256/2020,A/Cambodia/925256/2020,640
A/Cambodia/e0826360/2020,A/Cambodia/925256/2020,80
A/Bangladesh/4005/2020,A/Cambodia/925256/2020,160
A/Stockholm/5/2021,A/Cambodia/925256/2020,80
A/England/214191723/2021,A/Cambodia/925256/2020,80
A/Darwin/9/2021,A/Cambodia/925256/2020,80
A/Kansas/14/2017,A/Cambodia/925256/2020,80
A/Saint-Denis/48407/2021,A/Cambodia/925256/2020,80
A/Dunkerque/51979/2021,A/Cambodia/925256/2020,40
A/Portugal/210259/2022,A/Cambodia/925256/2020,80
A/Nord Pas de Calais/11659/2022,A/Cambodia/925256/2020,80
A/Portugal/210266/2022,A/Cambodia/925256/2020,40
A/Dunkerque/16908/2022,A/Cambodia/925256/2020,40
A/Portugal/210597/2022,A/Cambodia/925256/2020,40
A/Montenegro/1557212202/2022,A/Cambodia/925256/2020,80
A/Montenegro/1614822202/2022,A/Cambodia/925256/2020,40
A/Montenegro/1651632202/2022,A/Cambodia/925256/2020,40
A/Montenegro/1651692202/2022,A/Cambodia/925256/2020,160
A/Pays de Loire/22333/2022,A/Cambodia/925256/2020,40
A/Montenegro/1714472202/2022,A/Cambodia/925256/2020,40
A/Garches/28367/2022,A/Cambodia/925256/2020,40
A/Alsace/28544/2022,A/Cambodia/925256/2020,80
A/Picardie/29331/2022,A/Cambodia/925256/2020,40
A/Sarajevo/192G/2022,A/Cambodia/925256/2020,40
A/Qatar/10-VI-22-1634794/2022,A/Cambodia/925256/2020,40
A/Portugal/210192/2022,A/Cambodia/925256/2020,40
A/Portugal/210210/2022,A/Cambodia/925256/2020,80
A/Portugal/210214/2022,A/Cambodia/925256/2020,80
A/Portugal/210212/2022,A/Cambodia/925256/2020,80
A/Portugal/210220/2022,A/Cambodia/925256/2020,80
A/Portugal/210218/2022,A/Cambodia/925256/2020,80
A/Portugal/210219/2022,A/Cambodia/925256/2020,40
A/Portugal/210224/2022,A/Cambodia/925256/2020,40
A/Portugal/210255/2022,A/Cambodia/925256/2020,80
A/Portugal/210256/2022,A/Cambodia/925256/2020,80
A/Portugal/210257/2022,A/Cambodia/925256/2020,80
A/Portugal/210258/2022,A/Cambodia/925256/2020,80
A/Portugal/210270/2022,A/Cambodia/925256/2020,80
A/Portugal/210271/2022,A/Cambodia/925256/2020,80
A/Le Mans/16907/2022,A/Cambodia/925256/2020,40
A/Qatar/15-VI-22-1525855/2022,A/Cambodia/925256/2020,80
A/Qatar/10-VI-22-1499678/2022,A/Cambodia/925256/2020,80
A/Qatar/15-VI-22-1520419/2022,A/Cambodia/925256/2020,80
A/Qatar/16-VI-22-1526775/2022,A/Cambodia/925256/2020,640
A/Denmark/3264/2019,A/Cambodia/e0826360/2020,320
A/Hong Kong/2671/2019,A/Cambodia/e0826360/2020,160
A/Cambodia/925256/2020,A/Cambodia/e0826360/2020,320
A/Cambodia/e0826360/2020,A/Cambodia/e0826360/2020,1280
A/Bangladesh/4005/2020,A/Cambodia/e0826360/2020,320
A/Stockholm/5/2021,A/Cambodia/e0826360/2020,160
A/England/214191723/2021,A/Cambodia/e0826360/2020,160
A/Darwin/9/2021,A/Cambodia/e0826360/2020,640
A/Kansas/14/2017,A/Cambodia/e0826360/2020,80
A/Saint-Denis/48407/2021,A/Cambodia/e0826360/2020,80
A/Dunkerque/51979/2021,A/Cambodia/e0826360/2020,40
A/Portugal/210259/2022,A/Cambodia/e0826360/2020,80
A/Nord Pas de Calais/11659/2022,A/Cambodia/e0826360/2020,80
A/Portugal/210266/2022,A/Cambodia/e0826360/2020,40
A/Dunkerque/16908/2022,A/Cambodia/e0826360/2020,160
A/Portugal/210597/2022,A/Cambodia/e0826360/2020,40
A/Montenegro/1557212202/2022,A/Cambodia/e0826360/2020,80
A/Montenegro/1614822202/2022,A/Cambodia/e0826360/2020,40
A/Montenegro/1651632202/2022,A/Cambodia/e0826360/2020,40
A/Montenegro/1651692202/2022,A/Cambodia/e0826360/2020,160
A/Pays de Loire/22333/2022,A/Cambodia/e0826360/2020,80
A/Montenegro/1714472202/2022,A/Cambodia/e0826360/2020,80
A/Garches/28367/2022,A/Cambodia/e0826360/2020,80
A/Alsace/28544/2022,A/Cambodia/e0826360/2020,80
A/Picardie/29331/2022,A/Cambodia/e0826360/2020,40
A/Sarajevo/192G/2022,A/Cambodia/e0826360/2020,80
A/Qatar/10-VI-22-1634794/2022,A/Cambodia/e0826360/2020,40
A/Portugal/210192/2022,A/Cambodia/e0826360/2020,80
A/Portugal/210210/2022,A/Cambodia/e0826360/2020,160
A/Portugal/210214/2022,A/Cambodia/e0826360/2020,160
A/Portugal/210212/2022,A/Cambodia/e0826360/2020,160
A/Portugal/210220/2022,A/Cambodia/e0826360/2020,160
A/Portugal/210218/2022,A/Cambodia/e0826360/2020,80
A/Portugal/210219/2022,A/Cambodia/e0826360/2020,40
A/Portugal/210224/2022,A/Cambodia/e0826360/2020,80
A/Portugal/210255/2022,A/Cambodia/e0826360/2020,160
A/Portugal/210256/2022,A/Cambodia/e0826360/2020,80
A/Portugal/210257/2022,A/Cambodia/e0826360/2020,160
A/Portugal/210258/2022,A/Cambodia/e0826360/2020,80
A/Portugal/210270/2022,A/Cambodia/e0826360/2020,160
A/Portugal/210271/2022,A/Cambodia/e0826360/2020,80
A/Le Mans/16907/2022,A/Cambodia/e0826360/2020,80
A/Qatar/15-VI-22-1525855/2022,A/Cambodia/e0826360/2020,80
A/Qatar/10-VI-22-1499678/2022,A/Cambodia/e0826360/2020,320
A/Qatar/15-VI-22-1520419/2022,A/Cambodia/e0826360/2020,80
A/Qatar/16-VI-22-1526775/2022,A/Cambodia/e0826360/2020,320
A/Denmark/3264/2019,A/Bangladesh/4005/2020,320
A/Hong Kong/2671/2019,A/Bangladesh/4005/2020,320
A/Cambodia/925256/2020,A/Bangladesh/4005/2020,320
A/Cambodia/e0826360/2020,A/Bangladesh/4005/2020,320
A/Bangladesh/4005/2020,A/Bangladesh/4005/2020,640
A/Stockholm/5/2021,A/Bangladesh/4005/2020,320
A/England/214191723/2021,A/Bangladesh/4005/2020,160
A/Darwin/9/2021,A/Bangladesh/4005/2020,640
A/Kansas/14/2017,A/Bangladesh/4005/2020,80
A/Saint-Denis/48407/2021,A/Bangladesh/4005/2020,80
A/Dunkerque/51979/2021,A/Bangladesh/4005/2020,160
A/Portugal/210259/2022,A/Bangladesh/4005/2020,160
A/Nord Pas de Calais/11659/2022,A/Bangladesh/4005/2020,160
A/Portugal/210266/2022,A/Bangladesh/4005/2020,160
A/Dunkerque/16908/2022,A/Bangladesh/4005/2020,160
A/Portugal/210597/2022,A/Bangladesh/4005/2020,160
A/Montenegro/1557212202/2022,A/Bangladesh/4005/2020,160
A/Montenegro/1614822202/2022,A/Bangladesh/4005/2020,160
A/Montenegro/1651632202/2022,A/Bangladesh/4005/2020,160
A/Montenegro/1651692202/2022,A/Bangladesh/4005/2020,320
A/Pays de Loire/22333/2022,A/Bangladesh/4005/2020,160
A/Montenegro/1714472202/2022,A/Bangladesh/4005/2020,160
A/Garches/28367/2022,A/Bangladesh/4005/2020,160
A/Alsace/28544/2022,A/Bangladesh/4005/2020,160
A/Picardie/29331/2022,A/Bangladesh/4005/2020,80
A/Sarajevo/192G/2022,A/Bangladesh/4005/2020,160
A/Qatar/10-VI-22-1634794/2022,A/Bangladesh/4005/2020,160
A/Portugal/210192/2022,A/Bangladesh/4005/2020,160
A/Portugal/210210/2022,A/Bangladesh/4005/2020,160
A/Portugal/210214/2022,A/Bangladesh/4005/2020,320
A/Portugal/210212/2022,A/Bangladesh/4005/2020,320
A/Portugal/210220/2022,A/Bangladesh/4005/2020,320
A/Portugal/210218/2022,A/Bangladesh/4005/2020,320
A/Portugal/210219/2022,A/Bangladesh/4005/2020,160
A/Portugal/210224/2022,A/Bangladesh/4005/2020,320
A/Portugal/210255/2022,A/Bangladesh/4005/2020,320
A/Portugal/210256/2022,A/Bangladesh/4005/2020,320
A/Portugal/210257/2022,A/Bangladesh/4005/2020,320
A/Portugal/210258/2022,A/Bangladesh/4005/2020,320
A/Portugal/210270/2022,A/Bangladesh/4005/2020,320
A/Portugal/210271/2022,A/Bangladesh/4005/2020,160
A/Le Mans/16907/2022,A/Bangladesh/4005/2020,160
A/Qatar/15-VI-22-1525855/2022,A/Bangladesh/4005/2020,160
A/Qatar/10-VI-22-1499678/2022,A/Bangladesh/4005/2020,320
A/Qatar/15-VI-22-1520419/2022,A/Bangladesh/4005/2020,320
A/Qatar/16-VI-22-1526775/2022,A/Bangladesh/4005/2020,640
A/Denmark/3264/2019,A/Stockholm/5/2021,160
A/Hong Kong/2671/2019,A/Stockholm/5/2021,80
A/Cambodia/925256/2020,A/Stockholm/5/2021,160
A/Cambodia/e0826360/2020,A/Stockholm/5/2021,160
A/Bangladesh/4005/2020,A/Stockholm/5/2021,640
A/Stockholm/5/2021,A/Stockholm/5/2021,320
A/England/214191723/2021,A/Stockholm/5/2021,320
A/Darwin/9/2021,A/Stockholm/5/2021,1280
A/Kansas/14/2017,A/Stockholm/5/2021,80
A/Saint-Denis/48407/2021,A/Stockholm/5/2021,160
A/Dunkerque/51979/2021,A/Stockholm/5/2021,320
A/Portugal/210259/2022,A/Stockholm/5/2021,640
A/Nord Pas de Calais/11659/2022,A/Stockholm/5/2021,320
A/Portugal/210266/2022,A/Stockholm/5/2021,320
A/Dunkerque/16908/2022,A/Stockholm/5/2021,320
A/Portugal/210597/2022,A/Stockholm/5/2021,640
A/Montenegro/1557212202/2022,A/Stockholm/5/2021,320
A/Montenegro/1614822202/2022,A/Stockholm/5/2021,320
A/Montenegro/1651632202/2022,A/Stockholm/5/2021,320
A/Montenegro/1651692202/2022,A/Stockholm/5/2021,640
A/Pays de Loire/22333/2022,A/Stockholm/5/2021,640
A/Montenegro/1714472202/2022,A/Stockholm/5/2021,320
A/Garches/28367/2022,A/Stockholm/5/2021,320
A/Alsace/28544/2022,A/Stockholm/5/2021,640
A/Picardie/29331/2022,A/Stockholm/5/2021,320
A/Sarajevo/192G/2022,A/Stockholm/5/2021,320
A/Qatar/10-VI-22-1634794/2022,A/Stockholm/5/2021,320
A/Portugal/210192/2022,A/Stockholm/5/2021,320
A/Portugal/210210/2022,A/Stockholm/5/2021,320
A/Portugal/210214/2022,A/Stockholm/5/2021,320
A/Portugal/210212/2022,A/Stockholm/5/2021,640
A/Portugal/210220/2022,A/Stockholm/5/2021,640
A/Portugal/210218/2022,A/Stockholm/5/2021,320
A/Portugal/210219/2022,A/Stockholm/5/2021,320
A/Portugal/210224/2022,A/Stockholm/5/2021,320
A/Portugal/210255/2022,A/Stockholm/5/2021,640
A/Portugal/210256/2022,A/Stockholm/5/2021,640
A/Portugal/210257/2022,A/Stockholm/5/2021,640
A/Portugal/210258/2022,A/Stockholm/5/2021,640
A/Portugal/210270/2022,A/Stockholm/5/2021,640
A/Portugal/210271/2022,A/Stockholm/5/2021,320
A/Le Mans/16907/2022,A/Stockholm/5/2021,320
A/Qatar/15-VI-22-1525855/2022,A/Stockholm/5/2021,320
A/Qatar/10-VI-22-1499678/2022,A/Stockholm/5/2021,320
A/Qatar/15-VI-22-1520419/2022,A/Stockholm/5/2021,320
A/Qatar/16-VI-22-1526775/2022,A/Stockholm/5/2021,640
A/Denmark/3264/2019,A/England/214191723/2021,40
A/Hong Kong/2671/2019,A/England/214191723/2021,40
A/Cambodia/925256/2020,A/England/214191723/2021,40
A/Cambodia/e0826360/2020,A/England/214191723/2021,160
A/Bangladesh/4005/2020,A/England/214191723/2021,640
A/Stockholm/5/2021,A/England/214191723/2021,320
A/England/214191723/2021,A/England/214191723/2021,640
A/Darwin/9/2021,A/England/214191723/2021,640
A/Kansas/14/2017,A/England/214191723/2021,80
A/Saint-Denis/48407/2021,A/England/214191723/2021,320
A/Dunkerque/51979/2021,A/England/214191723/2021,320
A/Portugal/210259/2022,A/England/214191723/2021,320
A/Nord Pas de Calais/11659/2022,A/England/214191723/2021,320
A/Portugal/210266/2022,A/England/214191723/2021,320
A/Dunkerque/16908/2022,A/England/214191723/2021,320
A/Portugal/210597/2022,A/England/214191723/2021,320
A/Montenegro/1557212202/2022,A/England/214191723/2021,320
A/Montenegro/1614822202/2022,A/England/214191723/2021,320
A/Montenegro/1651632202/2022,A/England/214191723/2021,320
A/Montenegro/1651692202/2022,A/England/214191723/2021,640
A/Pays de Loire/22333/2022,A/England/214191723/2021,320
A/Montenegro/1714472202/2022,A/England/214191723/2021,320
A/Garches/28367/2022,A/England/214191723/2021,320
A/Alsace/28544/2022,A/England/214191723/2021,320
A/Picardie/29331/2022,A/England/214191723/2021,320
A/Sarajevo/192G/2022,A/England/214191723/2021,320
A/Qatar/10-VI-22-1634794/2022,A/England/214191723/2021,320
A/Portugal/210192/2022,A/England/214191723/2021,640
A/Portugal/210210/2022,A/England/214191723/2021,640
A/Portugal/210214/2022,A/England/214191723/2021,640
A/Portugal/210212/2022,A/England/214191723/2021,1280
A/Portugal/210220/2022,A/England/214191723/2021,1280
A/Portugal/210218/2022,A/England/214191723/2021,640
A/Portugal/210219/2022,A/England/214191723/2021,640
A/Portugal/210224/2022,A/England/214191723/2021,640
A/Portugal/210255/2022,A/England/214191723/2021,1280
A/Portugal/210256/2022,A/England/214191723/2021,640
A/Portugal/210257/2022,A/England/214191723/2021,1280
A/Portugal/210258/2022,A/England/214191723/2021,1280
A/Portugal/210270/2022,A/England/214191723/2021,1280
A/Portugal/210271/2022,A/England/214191723/2021,640
A/Le Mans/16907/2022,A/England/214191723/2021,640
A/Qatar/15-VI-22-1525855/2022,A/England/214191723/2021,640
A/Qatar/10-VI-22-1499678/2022,A/England/214191723/2021,160
A/Qatar/15-VI-22-1520419/2022,A/England/214191723/2021,320
A/Qatar/16-VI-22-1526775/2022,A/England/214191723/2021,40
A/Denmark/3264/2019,A/Darwin/9/2021,320
A/Hong Kong/2671/2019,A/Darwin/9/2021,160
A/Cambodia/925256/2020,A/Darwin/9/2021,320
A/Cambodia/e0826360/2020,A/Darwin/9/2021,160
A/Bangladesh/4005/2020,A/Darwin/9/2021,640
A/Stockholm/5/2021,A/Darwin/9/2021,640
A/England/214191723/2021,A/Darwin/9/2021,640
A/Darwin/9/2021,A/Darwin/9/2021,1280
A/Kansas/14/2017,A/Darwin/9/2021,80
A/Saint-Denis/48407/2021,A/Darwin/9/2021,320
A/Dunkerque/51979/2021,A/Darwin/9/2021,320
A/Portugal/210259/2022,A/Darwin/9/2021,640
A/Nord Pas de Calais/11659/2022,A/Darwin/9/2021,320
A/Portugal/210266/2022,A/Darwin/9/2021,320
A/Dunkerque/16908/2022,A/Darwin/9/2021,320
A/Portugal/210597/2022,A/Darwin/9/2021,640
A/Montenegro/1557212202/2022,A/Darwin/9/2021,640
A/Montenegro/1614822202/2022,A/Darwin/9/2021,320
A/Montenegro/1651632202/2022,A/Darwin/9/2021,320
A/Montenegro/1651692202/2022,A/Darwin/9/2021,640
A/Pays de Loire/22333/2022,A/Darwin/9/2021,640
A/Montenegro/1714472202/2022,A/Darwin/9/2021,640
A/Garches/28367/2022,A/Darwin/9/2021,320
A/Alsace/28544/2022,A/Darwin/9/2021,640
A/Picardie/29331/2022,A/Darwin/9/2021,320
A/Sarajevo/192G/2022,A/Darwin/9/2021,640
A/Qatar/10-VI-22-1634794/2022,A/Darwin/9/2021,320
A/Portugal/210192/2022,A/Darwin/9/2021,320
A/Portugal/210210/2022,A/Darwin/9/2021,320
A/Portugal/210214/2022,A/Darwin/9/2021,640
A/Portugal/210212/2022,A/Darwin/9/2021,640
A/Portugal/210220/2022,A/Darwin/9/2021,640
A/Portugal/210218/2022,A/Darwin/9/2021,640
A/Portugal/210219/2022,A/Darwin/9/2021,320
A/Portugal/210224/2022,A/Darwin/9/2021,640
A/Portugal/210255/2022,A/Darwin/9/2021,640
A/Portugal/210256/2022,A/Darwin/9/2021,640
A/Portugal/210257/2022,A/Darwin/9/2021,640
A/Portugal/210258/2022,A/Darwin/9/2021,640
A/Portugal/210270/2022,A/Darwin/9/2021,640
A/Portugal/210271/2022,A/Darwin/9/2021,640
A/Le Mans/16907/2022,A/Darwin/9/2021,320
A/Qatar/15-VI-22-1525855/2022,A/Darwin/9/2021,320
A/Qatar/10-VI-22-1499678/2022,A/Darwin/9/2021,320
A/Qatar/15-VI-22-1520419/2022,A/Darwin/9/2021,160
A/Qatar/16-VI-22-1526775/2022,A/Darwin/9/2021,640
A/Denmark/3264/2019,A/Kansas/14/2017,160
A/Hong Kong/2671/2019,A/Kansas/14/2017,160
A/Cambodia/925256/2020,A/Kansas/14/2017,160
A/Cambodia/e0826360/2020,A/Kansas/14/2017,80
A/Bangladesh/4005/2020,A/Kansas/14/2017,160
A/Stockholm/5/2021,A/Kansas/14/2017,80
A/England/214191723/2021,A/Kansas/14/2017,40
A/Darwin/9/2021,A/Kansas/14/2017,160
A/Kansas/14/2017,A/Kansas/14/2017,160
A/Saint-Denis/48407/2021,A/Kansas/14/2017,<40
A/Dunkerque/51979/2021,A/Kansas/14/2017,40
A/Portugal/210259/2022,A/Kansas/14/2017,40
A/Nord Pas de Calais/11659/2022,A/Kansas/14/2017,40
A/Portugal/210266/2022,A/Kansas/14/2017,40
A/Dunkerque/16908/2022,A/Kansas/14/2017,40
A/Portugal/210597/2022,A/Kansas/14/2017,40
A/Montenegro/1557212202/2022,A/Kansas/14/2017,40
A/Montenegro/1614822202/2022,A/Kansas/14/2017,40
A/Montenegro/1651632202/2022,A/Kansas/14/2017,40
A/Montenegro/1651692202/2022,A/Kansas/14/2017,80
A/Pays de Loire/22333/2022,A/Kansas/14/2017,40
A/Montenegro/1714472202/2022,A/Kansas/14/2017,40
A/Garches/28367/2022,A/Kansas/14/2017,40
A/Alsace/28544/2022,A/Kansas/14/2017,40
A/Picardie/29331/2022,A/Kansas/14/2017,40
A/Sarajevo/192G/2022,A/Kansas/14/2017,40
A/Qatar/10-VI-22-1634794/2022,A/Kansas/14/2017,40
A/Portugal/210192/2022,A/Kansas/14/2017,40
A/Portugal/210210/2022,A/Kansas/14/2017,40
A/Portugal/210214/2022,A/Kansas/14/2017,40
A/Portugal/210212/2022,A/Kansas/14/2017,40
A/Portugal/210220/2022,A/Kansas/14/2017,40
A/Portugal/210218/2022,A/Kansas/14/2017,40
A/Portugal/210219/2022,A/Kansas/14/2017,40
A/Portugal/210224/2022,A/Kansas/14/2017,40
A/Portugal/210255/2022,A/Kansas/14/2017,40
A/Portugal/210256/2022,A/Kansas/14/2017,40
A/Portugal/210257/2022,A/Kansas/14/2017,80
A/Portugal/210258/2022,A/Kansas/14/2017,40
A/Portugal/210270/2022,A/Kansas/14/2017,40
A/Portugal/210271/2022,A/Kansas/14/2017,40
A/Le Mans/16907/2022,A/Kansas/14/2017,40
A/Qatar/15-VI-22-1525855/2022,A/Kansas/14/2017,40
A/Qatar/10-VI-22-1499678/2022,A/Kansas/14/2017,80
A/Qatar/15-VI-22-1520419/2022,A/Kansas/14/2017,80
A/Qatar/16-VI-22-1526775/2022,A/Kansas/14/2017,160
A/Denmark/3264/2019,A/Denmark/3264/2019,320
A/Hong Kong/2671/2019,A/Denmark/3264/2019,320
A/Cambodia/925256/2020,A/Denmark/3264/2019,160
A/Cambodia/e0826360/2020,A/Denmark/3264/2019,160
A/Bangladesh/4005/2020,A/Denmark/3264/2019,160
A/Stockholm/5/2021,A/Denmark/3264/2019,80
A/England/214191723/2021,A/Denmark/3264/2019,40
A/Slovenia/8720/2022,A/Denmark/3264/2019,160
A/Darwin/9/2021,A/Denmark/3264/2019,160
A/Slovenia/8720/2022,A/Denmark/3264/2019,160
A/Kansas/14/2017,A/Denmark/3264/2019,40
A/Croatia/66213/2022,A/Denmark/3264/2019,80
A/Croatia/70723/2022,A/Denmark/3264/2019,40
A/Croatia/70708/2022,A/Denmark/3264/2019,40
A/Croatia/70697/2022,A/Denmark/3264/2019,40
A/Croatia/70654/2022,A/Denmark/3264/2019,40
A/Croatia/70648/2022,A/Denmark/3264/2019,80
A/Croatia/70645/2022,A/Denmark/3264/2019,80
A/Sarajevo/186G/2022,A/Denmark/3264/2019,40
A/Qatar/10-VI-22-1463000/2022,A/Denmark/3264/2019,40
A/Sarajevo/189G/2022,A/Denmark/3264/2019,40
A/Croatia/77372/2022,A/Denmark/3264/2019,80
A/Croatia/79486/2022,A/Denmark/3264/2019,40
A/Portugal/210209/2022,A/Denmark/3264/2019,40
A/Portugal/210207/2022,A/Denmark/3264/2019,80
A/Hong Kong/3/2022,A/Denmark/3264/2019,80
A/Hong Kong/5/2022,A/Denmark/3264/2019,40
A/Hong Kong/8/2022,A/Denmark/3264/2019,40
A/Ile de France/08440/2022,A/Denmark/3264/2019,40
A/Pays de Loire/13561/2022,A/Denmark/3264/2019,80
A/Qatar/15-VI-22-1438736/2022,A/Denmark/3264/2019,80
A/Denmark/3264/2019,A/Hong Kong/2671/2019,160
A/Hong Kong/2671/2019,A/Hong Kong/2671/2019,320
A/Cambodia/925256/2020,A/Hong Kong/2671/2019,160
A/Cambodia/e0826360/2020,A/Hong Kong/2671/2019,<40
A/Bangladesh/4005/2020,A/Hong Kong/2671/2019,40
A/Stockholm/5/2021,A/Hong Kong/2671/2019,<40
A/England/214191723/2021,A/Hong Kong/2671/2019,<40
A/Slovenia/8720/2022,A/Hong Kong/2671/2019,<40
A/Darwin/9/2021,A/Hong Kong/2671/2019,<40
A/Slovenia/8720/2022,A/Hong Kong/2671/2019,<40
A/Kansas/14/2017,A/Hong Kong/2671/2019,<40
A/Croatia/66213/2022,A/Hong Kong/2671/2019,<40
A/Croatia/70723/2022,A/Hong Kong/2671/2019,<40
A/Croatia/70708/2022,A/Hong Kong/2671/2019,<40
A/Croatia/70697/2022,A/Hong Kong/2671/2019,<40
A/Croatia/70654/2022,A/Hong Kong/2671/2019,<40
A/Croatia/70648/2022,A/Hong Kong/2671/2019,<40
A/Croatia/70645/2022,A/Hong Kong/2671/2019,<40
A/Sarajevo/186G/2022,A/Hong Kong/2671/2019,<40
A/Qatar/10-VI-22-1463000/2022,A/Hong Kong/2671/2019,<40
A/Sarajevo/189G/2022,A/Hong Kong/2671/2019,<40
A/Croatia/77372/2022,A/Hong Kong/2671/2019,<40
A/Croatia/79486/2022,A/Hong Kong/2671/2019,<40
A/Portugal/210209/2022,A/Hong Kong/2671/2019,<40
A/Portugal/210207/2022,A/Hong Kong/2671/2019,<40
A/Hong Kong/3/2022,A/Hong Kong/2671/2019,<40
A/Hong Kong/5/2022,A/Hong Kong/2671/2019,<40
A/Hong Kong/8/2022,A/Hong Kong/2671/2019,<40
A/Ile de France/08440/2022,A/Hong Kong/2671/2019,<40
A/Pays de Loire/13561/2022,A/Hong Kong/2671/2019,<40
A/Qatar/15-VI-22-1438736/2022,A/Hong Kong/2671/2019,<40
A/Denmark/3264/2019,A/Cambodia/925256/2020,640
A/Hong Kong/2671/2019,A/Cambodia/925256/2020,640
A/Cambodia/925256/2020,A/Cambodia/925256/2020,1280
A/Cambodia/e0826360/2020,A/Cambodia/925256/2020,80
A/Bangladesh/4005/2020,A/Cambodia/925256/2020,160
A/Stockholm/5/2021,A/Cambodia/925256/2020,80
A/England/214191723/2021,A/Cambodia/925256/2020,80
A/Slovenia/8720/2022,A/Cambodia/925256/2020,160
A/Darwin/9/2021,A/Cambodia/925256/2020,80
A/Slovenia/8720/2022,A/Cambodia/925256/2020,80
A/Kansas/14/2017,A/Cambodia/925256/2020,80
A/Croatia/66213/2022,A/Cambodia/925256/2020,40
A/Croatia/70723/2022,A/Cambodia/925256/2020,40
A/Croatia/70708/2022,A/Cambodia/925256/2020,40
A/Croatia/70697/2022,A/Cambodia/925256/2020,40
A/Croatia/70654/2022,A/Cambodia/925256/2020,40
A/Croatia/70648/2022,A/Cambodia/925256/2020,40
A/Croatia/70645/2022,A/Cambodia/925256/2020,40
A/Sarajevo/186G/2022,A/Cambodia/925256/2020,40
A/Qatar/10-VI-22-1463000/2022,A/Cambodia/925256/2020,<40
A/Sarajevo/189G/2022,A/Cambodia/925256/2020,<40
A/Croatia/77372/2022,A/Cambodia/925256/2020,40
A/Croatia/79486/2022,A/Cambodia/925256/2020,<40
A/Portugal/210209/2022,A/Cambodia/925256/2020,40
A/Portugal/210207/2022,A/Cambodia/925256/2020,40
A/Hong Kong/3/2022,A/Cambodia/925256/2020,40
A/Hong Kong/5/2022,A/Cambodia/925256/2020,40
A/Hong Kong/8/2022,A/Cambodia/925256/2020,40
A/Ile de France/08440/2022,A/Cambodia/925256/2020,40
A/Pays de Loire/13561/2022,A/Cambodia/925256/2020,40
A/Qatar/15-VI-22-1438736/2022,A/Cambodia/925256/2020,40
A/Denmark/3264/2019,A/Cambodia/e0826360/2020,320
A/Hong Kong/2671/2019,A/Cambodia/e0826360/2020,160
A/Cambodia/925256/2020,A/Cambodia/e0826360/2020,320
A/Cambodia/e0826360/2020,A/Cambodia/e0826360/2020,2560
A/Bangladesh/4005/2020,A/Cambodia/e0826360/2020,320
A/Stockholm/5/2021,A/Cambodia/e0826360/2020,160
A/England/214191723/2021,A/Cambodia/e0826360/2020,160
A/Slovenia/8720/2022,A/Cambodia/e0826360/2020,80
A/Darwin/9/2021,A/Cambodia/e0826360/2020,640
A/Slovenia/8720/2022,A/Cambodia/e0826360/2020,320
A/Kansas/14/2017,A/Cambodia/e0826360/2020,80
A/Croatia/66213/2022,A/Cambodia/e0826360/2020,80
A/Croatia/70723/2022,A/Cambodia/e0826360/2020,80
A/Croatia/70708/2022,A/Cambodia/e0826360/2020,80
A/Croatia/70697/2022,A/Cambodia/e0826360/2020,80
A/Croatia/70654/2022,A/Cambodia/e0826360/2020,40
A/Croatia/70648/2022,A/Cambodia/e0826360/2020,80
A/Croatia/70645/2022,A/Cambodia/e0826360/2020,160
A/Sarajevo/186G/2022,A/Cambodia/e0826360/2020,80
A/Qatar/10-VI-22-1463000/2022,A/Cambodia/e0826360/2020,80
A/Sarajevo/189G/2022,A/Cambodia/e0826360/2020,80
A/Croatia/77372/2022,A/Cambodia/e0826360/2020,80
A/Croatia/79486/2022,A/Cambodia/e0826360/2020,80
A/Portugal/210209/2022,A/Cambodia/e0826360/2020,80
A/Portugal/210207/2022,A/Cambodia/e0826360/2020,80
A/Hong Kong/3/2022,A/Cambodia/e0826360/2020,80
A/Hong Kong/5/2022,A/Cambodia/e0826360/2020,80
A/Hong Kong/8/2022,A/Cambodia/e0826360/2020,80
A/Ile de France/08440/2022,A/Cambodia/e0826360/2020,80
A/Pays de Loire/13561/2022,A/Cambodia/e0826360/2020,80
A/Qatar/15-VI-22-1438736/2022,A/Cambodia/e0826360/2020,160
A/Denmark/3264/2019,A/Bangladesh/4005/2020,320
A/Hong Kong/2671/2019,A/Bangladesh/4005/2020,320
A/Cambodia/925256/2020,A/Bangladesh/4005/2020,320
A/Cambodia/e0826360/2020,A/Bangladesh/4005/2020,320
A/Bangladesh/4005/2020,A/Bangladesh/4005/2020,640
A/Stockholm/5/2021,A/Bangladesh/4005/2020,320
A/England/214191723/2021,A/Bangladesh/4005/2020,160
A/Slovenia/8720/2022,A/Bangladesh/4005/2020,320
A/Darwin/9/2021,A/Bangladesh/4005/2020,640
A/Slovenia/8720/2022,A/Bangladesh/4005/2020,320
A/Kansas/14/2017,A/Bangladesh/4005/2020,80
A/Croatia/66213/2022,A/Bangladesh/4005/2020,160
A/Croatia/70723/2022,A/Bangladesh/4005/2020,160
A/Croatia/70708/2022,A/Bangladesh/4005/2020,160
A/Croatia/70697/2022,A/Bangladesh/4005/2020,160
A/Croatia/70654/2022,A/Bangladesh/4005/2020,160
A/Croatia/70648/2022,A/Bangladesh/4005/2020,160
A/Croatia/70645/2022,A/Bangladesh/4005/2020,160
A/Sarajevo/186G/2022,A/Bangladesh/4005/2020,160
A/Qatar/10-VI-22-1463000/2022,A/Bangladesh/4005/2020,160
A/Sarajevo/189G/2022,A/Bangladesh/4005/2020,160
A/Croatia/77372/2022,A/Bangladesh/4005/2020,160
A/Croatia/79486/2022,A/Bangladesh/4005/2020,160
A/Portugal/210209/2022,A/Bangladesh/4005/2020,160
A/Portugal/210207/2022,A/Bangladesh/4005/2020,160
A/Hong Kong/3/2022,A/Bangladesh/4005/2020,160
A/Hong Kong/5/2022,A/Bangladesh/4005/2020,160
A/Hong Kong/8/2022,A/Bangladesh/4005/2020,160
A/Ile de France/08440/2022,A/Bangladesh/4005/2020,160
A/Pays de Loire/13561/2022,A/Bangladesh/4005/2020,320
A/Qatar/15-VI-22-1438736/2022,A/Bangladesh/4005/2020,320
A/Denmark/3264/2019,A/Bangladesh/4005/2020,320
A/Hong Kong/2671/2019,A/Bangladesh/4005/2020,320
A/Cambodia/925256/2020,A/Bangladesh/4005/2020,640
A/Cambodia/e0826360/2020,A/Bangladesh/4005/2020,640
A/Bangladesh/4005/2020,A/Bangladesh/4005/2020,640
A/Stockholm/5/2021,A/Bangladesh/4005/2020,160
A/England/214191723/2021,A/Bangladesh/4005/2020,160
A/Slovenia/8720/2022,A/Bangladesh/4005/2020,*
A/Darwin/9/2021,A/Bangladesh/4005/2020,320
A/Slovenia/8720/2022,A/Bangladesh/4005/2020,*
A/Kansas/14/2017,A/Bangladesh/4005/2020,80
A/Croatia/66213/2022,A/Bangladesh/4005/2020,*
A/Croatia/70723/2022,A/Bangladesh/4005/2020,*
A/Croatia/70708/2022,A/Bangladesh/4005/2020,*
A/Croatia/70697/2022,A/Bangladesh/4005/2020,*
A/Croatia/70654/2022,A/Bangladesh/4005/2020,*
A/Croatia/70648/2022,A/Bangladesh/4005/2020,*
A/Croatia/70645/2022,A/Bangladesh/4005/2020,*
A/Sarajevo/186G/2022,A/Bangladesh/4005/2020,*
A/Qatar/10-VI-22-1463000/2022,A/Bangladesh/4005/2020,*
A/Sarajevo/189G/2022,A/Bangladesh/4005/2020,*
A/Croatia/77372/2022,A/Bangladesh/4005/2020,*
A/Croatia/79486/2022,A/Bangladesh/4005/2020,*
A/Portugal/210209/2022,A/Bangladesh/4005/2020,*
A/Portugal/210207/2022,A/Bangladesh/4005/2020,*
A/Hong Kong/3/2022,A/Bangladesh/4005/2020,*
A/Hong Kong/5/2022,A/Bangladesh/4005/2020,*
A/Hong Kong/8/2022,A/Bangladesh/4005/2020,*
A/Ile de France/08440/2022,A/Bangladesh/4005/2020,*
A/Pays de Loire/13561/2022,A/Bangladesh/4005/2020,*
A/Qatar/15-VI-22-1438736/2022,A/Bangladesh/4005/2020,*
A/Denmark/3264/2019,A/Stockholm/5/2021,160
A/Hong Kong/2671/2019,A/Stockholm/5/2021,80
A/Cambodia/925256/2020,A/Stockholm/5/2021,160
A/Cambodia/e0826360/2020,A/Stockholm/5/2021,160
A/Bangladesh/4005/2020,A/Stockholm/5/2021,640
A/Stockholm/5/2021,A/Stockholm/5/2021,640
A/England/214191723/2021,A/Stockholm/5/2021,320
A/Slovenia/8720/2022,A/Stockholm/5/2021,1280
A/Darwin/9/2021,A/Stockholm/5/2021,1280
A/Slovenia/8720/2022,A/Stockholm/5/2021,640
A/Kansas/14/2017,A/Stockholm/5/2021,80
A/Croatia/66213/2022,A/Stockholm/5/2021,320
A/Croatia/70723/2022,A/Stockholm/5/2021,640
A/Croatia/70708/2022,A/Stockholm/5/2021,640
A/Croatia/70697/2022,A/Stockholm/5/2021,640
A/Croatia/70654/2022,A/Stockholm/5/2021,80
A/Croatia/70648/2022,A/Stockholm/5/2021,160
A/Croatia/70645/2022,A/Stockholm/5/2021,160
A/Sarajevo/186G/2022,A/Stockholm/5/2021,640
A/Qatar/10-VI-22-1463000/2022,A/Stockholm/5/2021,640
A/Sarajevo/189G/2022,A/Stockholm/5/2021,320
A/Croatia/77372/2022,A/Stockholm/5/2021,640
A/Croatia/79486/2022,A/Stockholm/5/2021,320
A/Portugal/210209/2022,A/Stockholm/5/2021,320
A/Portugal/210207/2022,A/Stockholm/5/2021,320
A/Hong Kong/3/2022,A/Stockholm/5/2021,80
A/Hong Kong/5/2022,A/Stockholm/5/2021,80
A/Hong Kong/8/2022,A/Stockholm/5/2021,80
A/Ile de France/08440/2022,A/Stockholm/5/2021,160
A/Pays de Loire/13561/2022,A/Stockholm/5/2021,160
A/Qatar/15-VI-22-1438736/2022,A/Stockholm/5/2021,160
A/Denmark/3264/2019,A/England/214191723/2021,40
A/Hong Kong/2671/2019,A/England/214191723/2021,40
A/Cambodia/925256/2020,A/England/214191723/2021,40
A/Cambodia/e0826360/2020,A/England/214191723/2021,160
A/Bangladesh/4005/2020,A/England/214191723/2021,640
A/Stockholm/5/2021,A/England/214191723/2021,320
A/England/214191723/2021,A/England/214191723/2021,640
A/Slovenia/8720/2022,A/England/214191723/2021,1280
A/Darwin/9/2021,A/England/214191723/2021,640
A/Slovenia/8720/2022,A/England/214191723/2021,640
A/Kansas/14/2017,A/England/214191723/2021,80
A/Croatia/66213/2022,A/England/214191723/2021,320
A/Croatia/70723/2022,A/England/214191723/2021,640
A/Croatia/70708/2022,A/England/214191723/2021,320
A/Croatia/70697/2022,A/England/214191723/2021,320
A/Croatia/70654/2022,A/England/214191723/2021,160
A/Croatia/70648/2022,A/England/214191723/2021,160
A/Croatia/70645/2022,A/England/214191723/2021,320
A/Sarajevo/186G/2022,A/England/214191723/2021,320
A/Qatar/10-VI-22-1463000/2022,A/England/214191723/2021,320
A/Sarajevo/189G/2022,A/England/214191723/2021,320
A/Croatia/77372/2022,A/England/214191723/2021,320
A/Croatia/79486/2022,A/England/214191723/2021,320
A/Portugal/210209/2022,A/England/214191723/2021,640
A/Portugal/210207/2022,A/England/214191723/2021,1280
A/Hong Kong/3/2022,A/England/214191723/2021,<40
A/Hong Kong/5/2022,A/England/214191723/2021,<40
A/Hong Kong/8/2022,A/England/214191723/2021,<40
A/Ile de France/08440/2022,A/England/214191723/2021,40
A/Pays de Loire/13561/2022,A/England/214191723/2021,<40
A/Qatar/15-VI-22-1438736/2022,A/England/214191723/2021,<40
A/Denmark/3264/2019,A/England/214191723/2021,<40
A/Hong Kong/2671/2019,A/England/214191723/2021,40
A/Cambodia/925256/2020,A/England/214191723/2021,<40
A/Cambodia/e0826360/2020,A/England/214191723/2021,160
A/Bangladesh/4005/2020,A/England/214191723/2021,160
A/Stockholm/5/2021,A/England/214191723/2021,160
A/England/214191723/2021,A/England/214191723/2021,320
A/Slovenia/8720/2022,A/England/214191723/2021,*
A/Darwin/9/2021,A/England/214191723/2021,320
A/Slovenia/8720/2022,A/England/214191723/2021,*
A/Kansas/14/2017,A/England/214191723/2021,<40
A/Croatia/66213/2022,A/England/214191723/2021,*
A/Croatia/70723/2022,A/England/214191723/2021,*
A/Croatia/70708/2022,A/England/214191723/2021,*
A/Croatia/70697/2022,A/England/214191723/2021,*
A/Croatia/70654/2022,A/England/214191723/2021,*
A/Croatia/70648/2022,A/England/214191723/2021,*
A/Croatia/70645/2022,A/England/214191723/2021,*
A/Sarajevo/186G/2022,A/England/214191723/2021,*
A/Qatar/10-VI-22-1463000/2022,A/England/214191723/2021,*
A/Sarajevo/189G/2022,A/England/214191723/2021,*
A/Croatia/77372/2022,A/England/214191723/2021,*
A/Croatia/79486/2022,A/England/214191723/2021,*
A/Portugal/210209/2022,A/England/214191723/2021,*
A/Portugal/210207/2022,A/England/214191723/2021,*
A/Hong Kong/3/2022,A/England/214191723/2021,*
A/Hong Kong/5/2022,A/England/214191723/2021,*
A/Hong Kong/8/2022,A/England/214191723/2021,*
A/Ile de France/08440/2022,A/England/214191723/2021,*
A/Pays de Loire/13561/2022,A/England/214191723/2021,*
A/Qatar/15-VI-22-1438736/2022,A/England/214191723/2021,*
A/Denmark/3264/2019,A/Slovenia/8720/2022,*
A/Hong Kong/2671/2019,A/Slovenia/8720/2022,<40
A/Cambodia/925256/2020,A/Slovenia/8720/2022,*
A/Cambodia/e0826360/2020,A/Slovenia/8720/2022,320
A/Bangladesh/4005/2020,A/Slovenia/8720/2022,1280
A/Stockholm/5/2021,A/Slovenia/8720/2022,1280
A/England/214191723/2021,A/Slovenia/8720/2022,1280
A/Slovenia/8720/2022,A/Slovenia/8720/2022,320
A/Darwin/9/2021,A/Slovenia/8720/2022,640
A/Slovenia/8720/2022,A/Slovenia/8720/2022,320
A/Kansas/14/2017,A/Slovenia/8720/2022,80
A/Croatia/66213/2022,A/Slovenia/8720/2022,160
A/Croatia/70723/2022,A/Slovenia/8720/2022,640
A/Croatia/70708/2022,A/Slovenia/8720/2022,320
A/Croatia/70697/2022,A/Slovenia/8720/2022,320
A/Croatia/70654/2022,A/Slovenia/8720/2022,40
A/Croatia/70648/2022,A/Slovenia/8720/2022,320
A/Croatia/70645/2022,A/Slovenia/8720/2022,160
A/Sarajevo/186G/2022,A/Slovenia/8720/2022,320
A/Qatar/10-VI-22-1463000/2022,A/Slovenia/8720/2022,320
A/Sarajevo/189G/2022,A/Slovenia/8720/2022,320
A/Croatia/77372/2022,A/Slovenia/8720/2022,320
A/Croatia/79486/2022,A/Slovenia/8720/2022,320
A/Portugal/210209/2022,A/Slovenia/8720/2022,80
A/Portugal/210207/2022,A/Slovenia/8720/2022,320
A/Hong Kong/3/2022,A/Slovenia/8720/2022,<40
A/Hong Kong/5/2022,A/Slovenia/8720/2022,<40
A/Hong Kong/8/2022,A/Slovenia/8720/2022,<40
A/Ile de France/08440/2022,A/Slovenia/8720/2022,<40
A/Pays de Loire/13561/2022,A/Slovenia/8720/2022,<40
A/Qatar/15-VI-22-1438736/2022,A/Slovenia/8720/2022,<40
A/Denmark/3264/2019,A/Darwin/9/2021,320
A/Hong Kong/2671/2019,A/Darwin/9/2021,160
A/Cambodia/925256/2020,A/Darwin/9/2021,320
A/Cambodia/e0826360/2020,A/Darwin/9/2021,160
A/Bangladesh/4005/2020,A/Darwin/9/2021,640
A/Stockholm/5/2021,A/Darwin/9/2021,640
A/England/214191723/2021,A/Darwin/9/2021,640
A/Slovenia/8720/2022,A/Darwin/9/2021,640
A/Darwin/9/2021,A/Darwin/9/2021,640
A/Slovenia/8720/2022,A/Darwin/9/2021,640
A/Kansas/14/2017,A/Darwin/9/2021,80
A/Croatia/66213/2022,A/Darwin/9/2021,320
A/Croatia/70723/2022,A/Darwin/9/2021,640
A/Croatia/70708/2022,A/Darwin/9/2021,640
A/Croatia/70697/2022,A/Darwin/9/2021,320
A/Croatia/70654/2022,A/Darwin/9/2021,160
A/Croatia/70648/2022,A/Darwin/9/2021,160
A/Croatia/70645/2022,A/Darwin/9/2021,320
A/Sarajevo/186G/2022,A/Darwin/9/2021,640
A/Qatar/10-VI-22-1463000/2022,A/Darwin/9/2021,640
A/Sarajevo/189G/2022,A/Darwin/9/2021,320
A/Croatia/77372/2022,A/Darwin/9/2021,320
A/Croatia/79486/2022,A/Darwin/9/2021,320
A/Portugal/210209/2022,A/Darwin/9/2021,320
A/Portugal/210207/2022,A/Darwin/9/2021,320
A/Hong Kong/3/2022,A/Darwin/9/2021,160
A/Hong Kong/5/2022,A/Darwin/9/2021,160
A/Hong Kong/8/2022,A/Darwin/9/2021,160
A/Ile de France/08440/2022,A/Darwin/9/2021,160
A/Pays de Loire/13561/2022,A/Darwin/9/2021,160
A/Qatar/15-VI-22-1438736/2022,A/Darwin/9/2021,160
A/Denmark/3264/2019,A/Slovenia/8720/2022,40
A/Hong Kong/2671/2019,A/Slovenia/8720/2022,40
A/Cambodia/925256/2020,A/Slovenia/8720/2022,40
A/Cambodia/e0826360/2020,A/Slovenia/8720/2022,80
A/Bangladesh/4005/2020,A/Slovenia/8720/2022,320
A/Stockholm/5/2021,A/Slovenia/8720/2022,320
A/England/214191723/2021,A/Slovenia/8720/2022,320
A/Slovenia/8720/2022,A/Slovenia/8720/2022,*
A/Darwin/9/2021,A/Slovenia/8720/2022,1280
A/Slovenia/8720/2022,A/Slovenia/8720/2022,640
A/Kansas/14/2017,A/Slovenia/8720/2022,<40
A/Croatia/66213/2022,A/Slovenia/8720/2022,320
A/Croatia/70723/2022,A/Slovenia/8720/2022,1280
A/Croatia/70708/2022,A/Slovenia/8720/2022,640
A/Croatia/70697/2022,A/Slovenia/8720/2022,640
A/Croatia/70654/2022,A/Slovenia/8720/2022,160
A/Croatia/70648/2022,A/Slovenia/8720/2022,640
A/Croatia/70645/2022,A/Slovenia/8720/2022,320
A/Sarajevo/186G/2022,A/Slovenia/8720/2022,640
A/Qatar/10-VI-22-1463000/2022,A/Slovenia/8720/2022,640
A/Sarajevo/189G/2022,A/Slovenia/8720/2022,320
A/Croatia/77372/2022,A/Slovenia/8720/2022,640
A/Croatia/79486/2022,A/Slovenia/8720/2022,640
A/Portugal/210209/2022,A/Slovenia/8720/2022,320
A/Portugal/210207/2022,A/Slovenia/8720/2022,640
A/Hong Kong/3/2022,A/Slovenia/8720/2022,<40
A/Hong Kong/5/2022,A/Slovenia/8720/2022,<40
A/Hong Kong/8/2022,A/Slovenia/8720/2022,<40
A/Ile de France/08440/2022,A/Slovenia/8720/2022,40
A/Pays de Loire/13561/2022,A/Slovenia/8720/2022,<40
A/Qatar/15-VI-22-1438736/2022,A/Slovenia/8720/2022,<40
A/Denmark/3264/2019,A/Kansas/14/2017,160
A/Hong Kong/2671/2019,A/Kansas/14/2017,160
A/Cambodia/925256/2020,A/Kansas/14/2017,160
A/Cambodia/e0826360/2020,A/Kansas/14/2017,80
A/Bangladesh/4005/2020,A/Kansas/14/2017,160
A/Stockholm/5/2021,A/Kansas/14/2017,80
A/England/214191723/2021,A/Kansas/14/2017,40
A/Slovenia/8720/2022,A/Kansas/14/2017,40
A/Darwin/9/2021,A/Kansas/14/2017,160
A/Slovenia/8720/2022,A/Kansas/14/2017,80
A/Kansas/14/2017,A/Kansas/14/2017,640
A/Croatia/66213/2022,A/Kansas/14/2017,80
A/Croatia/70723/2022,A/Kansas/14/2017,<40
A/Croatia/70708/2022,A/Kansas/14/2017,<40
A/Croatia/70697/2022,A/Kansas/14/2017,<40
A/Croatia/70654/2022,A/Kansas/14/2017,<40
A/Croatia/70648/2022,A/Kansas/14/2017,<40
A/Croatia/70645/2022,A/Kansas/14/2017,<40
A/Sarajevo/186G/2022,A/Kansas/14/2017,<40
A/Qatar/10-VI-22-1463000/2022,A/Kansas/14/2017,40
A/Sarajevo/189G/2022,A/Kansas/14/2017,<40
A/Croatia/77372/2022,A/Kansas/14/2017,<40
A/Croatia/79486/2022,A/Kansas/14/2017,<40
A/Portugal/210209/2022,A/Kansas/14/2017,40
A/Portugal/210207/2022,A/Kansas/14/2017,40
A/Hong Kong/3/2022,A/Kansas/14/2017,80
A/Hong Kong/5/2022,A/Kansas/14/2017,80
A/Hong Kong/8/2022,A/Kansas/14/2017,80
A/Ile de France/08440/2022,A/Kansas/14/2017,80
A/Pays de Loire/13561/2022,A/Kansas/14/2017,80
A/Qatar/15-VI-22-1438736/2022,A/Kansas/14/2017,80
A/Denmark/3264/2019,A/Denmark/3264/2019,320
A/Hong Kong/2671/2019,A/Denmark/3264/2019,320
A/Cambodia/925256/2020,A/Denmark/3264/2019,160
A/Cambodia/e0826360/2020,A/Denmark/3264/2019,160
A/Bangladesh/4005/2020,A/Denmark/3264/2019,160
A/Stockholm/5/2021,A/Denmark/3264/2019,80
A/England/214191723/2021,A/Denmark/3264/2019,40
A/Slovenia/8720/2022,A/Denmark/3264/2019,80
A/Darwin/9/2021,A/Denmark/3264/2019,160
A/Slovenia/8720/2022,A/Denmark/3264/2019,160
A/Kansas/14/2017,A/Denmark/3264/2019,40
A/Belgium/S0446/2022,A/Denmark/3264/2019,40
A/Brest/932/2022,A/Denmark/3264/2019,40
A/Toulon/760/2022,A/Denmark/3264/2019,80
A/Lyon/808/2022,A/Denmark/3264/2019,80
A/Lyon/854/2022,A/Denmark/3264/2019,40
A/Norway/25483/2022,A/Denmark/3264/2019,80
A/Norway/26959/2022,A/Denmark/3264/2019,80
A/Norway/27942/2022,A/Denmark/3264/2019,80
A/Norway/27459/2022,A/Denmark/3264/2019,40
A/Norway/28542/2022,A/Denmark/3264/2019,40
A/Norway/27849/2022,A/Denmark/3264/2019,40
A/Belgium/S0891/2022,A/Denmark/3264/2019,160
A/Belgium/G0116/2022,A/Denmark/3264/2019,40
A/Nosy Be/03427/2022,A/Denmark/3264/2019,80
A/Antananarivo/03601/2022,A/Denmark/3264/2019,80
A/Antsirabe/03799/2022,A/Denmark/3264/2019,80
A/Antananarivo/04020/2022,A/Denmark/3264/2019,80
A/Antananarivo/04650/2022,A/Denmark/3264/2019,80
A/Antananarivo/05015/2022,A/Denmark/3264/2019,40
A/Bourgoin/758/2022,A/Denmark/3264/2019,160
A/Lyon/271/2022,A/Denmark/3264/2019,320
A/Antsirabe/03366/2022,A/Denmark/3264/2019,80
A/Denmark/3264/2019,A/Hong Kong/2671/2019,320
A/Hong Kong/2671/2019,A/Hong Kong/2671/2019,320
A/Cambodia/925256/2020,A/Hong Kong/2671/2019,160
A/Cambodia/e0826360/2020,A/Hong Kong/2671/2019,<40
A/Bangladesh/4005/2020,A/Hong Kong/2671/2019,40
A/Stockholm/5/2021,A/Hong Kong/2671/2019,<40
A/England/214191723/2021,A/Hong Kong/2671/2019,<40
A/Slovenia/8720/2022,A/Hong Kong/2671/2019,<40
A/Darwin/9/2021,A/Hong Kong/2671/2019,<40
A/Slovenia/8720/2022,A/Hong Kong/2671/2019,<40
A/Kansas/14/2017,A/Hong Kong/2671/2019,40
A/Belgium/S0446/2022,A/Hong Kong/2671/2019,<40
A/Brest/932/2022,A/Hong Kong/2671/2019,<40
A/Toulon/760/2022,A/Hong Kong/2671/2019,<40
A/Lyon/808/2022,A/Hong Kong/2671/2019,<40
A/Lyon/854/2022,A/Hong Kong/2671/2019,<40
A/Norway/25483/2022,A/Hong Kong/2671/2019,<40
A/Norway/26959/2022,A/Hong Kong/2671/2019,<40
A/Norway/27942/2022,A/Hong Kong/2671/2019,<40
A/Norway/27459/2022,A/Hong Kong/2671/2019,<40
A/Norway/28542/2022,A/Hong Kong/2671/2019,<40
A/Norway/27849/2022,A/Hong Kong/2671/2019,<40
A/Belgium/S0891/2022,A/Hong Kong/2671/2019,<40
A/Belgium/G0116/2022,A/Hong Kong/2671/2019,<40
A/Nosy Be/03427/2022,A/Hong Kong/2671/2019,<40
A/Antananarivo/03601/2022,A/Hong Kong/2671/2019,<40
A/Antsirabe/03799/2022,A/Hong Kong/2671/2019,<40
A/Antananarivo/04020/2022,A/Hong Kong/2671/2019,<40
A/Antananarivo/04650/2022,A/Hong Kong/2671/2019,<40
A/Antananarivo/05015/2022,A/Hong Kong/2671/2019,<40
A/Bourgoin/758/2022,A/Hong Kong/2671/2019,<40
A/Lyon/271/2022,A/Hong Kong/2671/2019,320
A/Antsirabe/03366/2022,A/Hong Kong/2671/2019,80
A/Denmark/3264/2019,A/Cambodia/925256/2020,640
A/Hong Kong/2671/2019,A/Cambodia/925256/2020,640
A/Cambodia/925256/2020,A/Cambodia/925256/2020,1280
A/Cambodia/e0826360/2020,A/Cambodia/925256/2020,160
A/Bangladesh/4005/2020,A/Cambodia/925256/2020,320
A/Stockholm/5/2021,A/Cambodia/925256/2020,80
A/England/214191723/2021,A/Cambodia/925256/2020,80
A/Slovenia/8720/2022,A/Cambodia/925256/2020,80
A/Darwin/9/2021,A/Cambodia/925256/2020,80
A/Slovenia/8720/2022,A/Cambodia/925256/2020,80
A/Kansas/14/2017,A/Cambodia/925256/2020,80
A/Belgium/S0446/2022,A/Cambodia/925256/2020,40
A/Brest/932/2022,A/Cambodia/925256/2020,40
A/Toulon/760/2022,A/Cambodia/925256/2020,80
A/Lyon/808/2022,A/Cambodia/925256/2020,40
A/Lyon/854/2022,A/Cambodia/925256/2020,40
A/Norway/25483/2022,A/Cambodia/925256/2020,40
A/Norway/26959/2022,A/Cambodia/925256/2020,40
A/Norway/27942/2022,A/Cambodia/925256/2020,40
A/Norway/27459/2022,A/Cambodia/925256/2020,<40
A/Norway/28542/2022,A/Cambodia/925256/2020,40
A/Norway/27849/2022,A/Cambodia/925256/2020,<40
A/Belgium/S0891/2022,A/Cambodia/925256/2020,160
A/Belgium/G0116/2022,A/Cambodia/925256/2020,80
A/Nosy Be/03427/2022,A/Cambodia/925256/2020,80
A/Antananarivo/03601/2022,A/Cambodia/925256/2020,80
A/Antsirabe/03799/2022,A/Cambodia/925256/2020,40
A/Antananarivo/04020/2022,A/Cambodia/925256/2020,40
A/Antananarivo/04650/2022,A/Cambodia/925256/2020,80
A/Antananarivo/05015/2022,A/Cambodia/925256/2020,80
A/Bourgoin/758/2022,A/Cambodia/925256/2020,160
A/Lyon/271/2022,A/Cambodia/925256/2020,640
A/Antsirabe/03366/2022,A/Cambodia/925256/2020,160
A/Denmark/3264/2019,A/Cambodia/e0826360/2020,320
A/Hong Kong/2671/2019,A/Cambodia/e0826360/2020,160
A/Cambodia/925256/2020,A/Cambodia/e0826360/2020,320
A/Cambodia/e0826360/2020,A/Cambodia/e0826360/2020,1280
A/Bangladesh/4005/2020,A/Cambodia/e0826360/2020,320
A/Stockholm/5/2021,A/Cambodia/e0826360/2020,160
A/England/214191723/2021,A/Cambodia/e0826360/2020,160
A/Slovenia/8720/2022,A/Cambodia/e0826360/2020,80
A/Darwin/9/2021,A/Cambodia/e0826360/2020,640
A/Slovenia/8720/2022,A/Cambodia/e0826360/2020,320
A/Kansas/14/2017,A/Cambodia/e0826360/2020,80
A/Belgium/S0446/2022,A/Cambodia/e0826360/2020,80
A/Brest/932/2022,A/Cambodia/e0826360/2020,80
A/Toulon/760/2022,A/Cambodia/e0826360/2020,160
A/Lyon/808/2022,A/Cambodia/e0826360/2020,80
A/Lyon/854/2022,A/Cambodia/e0826360/2020,80
A/Norway/25483/2022,A/Cambodia/e0826360/2020,80
A/Norway/26959/2022,A/Cambodia/e0826360/2020,80
A/Norway/27942/2022,A/Cambodia/e0826360/2020,80
A/Norway/27459/2022,A/Cambodia/e0826360/2020,40
A/Norway/28542/2022,A/Cambodia/e0826360/2020,80
A/Norway/27849/2022,A/Cambodia/e0826360/2020,40
A/Belgium/S0891/2022,A/Cambodia/e0826360/2020,320
A/Belgium/G0116/2022,A/Cambodia/e0826360/2020,80
A/Nosy Be/03427/2022,A/Cambodia/e0826360/2020,80
A/Antananarivo/03601/2022,A/Cambodia/e0826360/2020,80
A/Antsirabe/03799/2022,A/Cambodia/e0826360/2020,80
A/Antananarivo/04020/2022,A/Cambodia/e0826360/2020,80
A/Antananarivo/04650/2022,A/Cambodia/e0826360/2020,80
A/Antananarivo/05015/2022,A/Cambodia/e0826360/2020,80
A/Bourgoin/758/2022,A/Cambodia/e0826360/2020,320
A/Lyon/271/2022,A/Cambodia/e0826360/2020,<40
A/Antsirabe/03366/2022,A/Cambodia/e0826360/2020,<40
A/Denmark/3264/2019,A/Bangladesh/4005/2020,320
A/Hong Kong/2671/2019,A/Bangladesh/4005/2020,320
A/Cambodia/925256/2020,A/Bangladesh/4005/2020,320
A/Cambodia/e0826360/2020,A/Bangladesh/4005/2020,320
A/Bangladesh/4005/2020,A/Bangladesh/4005/2020,640
A/Stockholm/5/2021,A/Bangladesh/4005/2020,320
A/England/214191723/2021,A/Bangladesh/4005/2020,160
A/Slovenia/8720/2022,A/Bangladesh/4005/2020,160
A/Darwin/9/2021,A/Bangladesh/4005/2020,320
A/Slovenia/8720/2022,A/Bangladesh/4005/2020,320
A/Kansas/14/2017,A/Bangladesh/4005/2020,80
A/Belgium/S0446/2022,A/Bangladesh/4005/2020,160
A/Brest/932/2022,A/Bangladesh/4005/2020,160
A/Toulon/760/2022,A/Bangladesh/4005/2020,320
A/Lyon/808/2022,A/Bangladesh/4005/2020,160
A/Lyon/854/2022,A/Bangladesh/4005/2020,160
A/Norway/25483/2022,A/Bangladesh/4005/2020,160
A/Norway/26959/2022,A/Bangladesh/4005/2020,320
A/Norway/27942/2022,A/Bangladesh/4005/2020,320
A/Norway/27459/2022,A/Bangladesh/4005/2020,160
A/Norway/28542/2022,A/Bangladesh/4005/2020,160
A/Norway/27849/2022,A/Bangladesh/4005/2020,160
A/Belgium/S0891/2022,A/Bangladesh/4005/2020,640
A/Belgium/G0116/2022,A/Bangladesh/4005/2020,160
A/Nosy Be/03427/2022,A/Bangladesh/4005/2020,160
A/Antananarivo/03601/2022,A/Bangladesh/4005/2020,160
A/Antsirabe/03799/2022,A/Bangladesh/4005/2020,160
A/Antananarivo/04020/2022,A/Bangladesh/4005/2020,160
A/Antananarivo/04650/2022,A/Bangladesh/4005/2020,160
A/Antananarivo/05015/2022,A/Bangladesh/4005/2020,160
A/Bourgoin/758/2022,A/Bangladesh/4005/2020,640
A/Lyon/271/2022,A/Bangladesh/4005/2020,80
A/Antsirabe/03366/2022,A/Bangladesh/4005/2020,40
A/Denmark/3264/2019,A/Stockholm/5/2021,160
A/Hong Kong/2671/2019,A/Stockholm/5/2021,160
A/Cambodia/925256/2020,A/Stockholm/5/2021,160
A/Cambodia/e0826360/2020,A/Stockholm/5/2021,160
A/Bangladesh/4005/2020,A/Stockholm/5/2021,640
A/Stockholm/5/2021,A/Stockholm/5/2021,640
A/England/214191723/2021,A/Stockholm/5/2021,320
A/Slovenia/8720/2022,A/Stockholm/5/2021,640
A/Darwin/9/2021,A/Stockholm/5/2021,640
A/Slovenia/8720/2022,A/Stockholm/5/2021,640
A/Kansas/14/2017,A/Stockholm/5/2021,160
A/Belgium/S0446/2022,A/Stockholm/5/2021,320
A/Brest/932/2022,A/Stockholm/5/2021,320
A/Toulon/760/2022,A/Stockholm/5/2021,320
A/Lyon/808/2022,A/Stockholm/5/2021,320
A/Lyon/854/2022,A/Stockholm/5/2021,320
A/Norway/25483/2022,A/Stockholm/5/2021,320
A/Norway/26959/2022,A/Stockholm/5/2021,640
A/Norway/27942/2022,A/Stockholm/5/2021,640
A/Norway/27459/2022,A/Stockholm/5/2021,320
A/Norway/28542/2022,A/Stockholm/5/2021,320
A/Norway/27849/2022,A/Stockholm/5/2021,160
A/Belgium/S0891/2022,A/Stockholm/5/2021,1280
A/Belgium/G0116/2022,A/Stockholm/5/2021,640
A/Nosy Be/03427/2022,A/Stockholm/5/2021,320
A/Antananarivo/03601/2022,A/Stockholm/5/2021,320
A/Antsirabe/03799/2022,A/Stockholm/5/2021,320
A/Antananarivo/04020/2022,A/Stockholm/5/2021,320
A/Antananarivo/04650/2022,A/Stockholm/5/2021,320
A/Antananarivo/05015/2022,A/Stockholm/5/2021,320
A/Bourgoin/758/2022,A/Stockholm/5/2021,320
A/Lyon/271/2022,A/Stockholm/5/2021,80
A/Antsirabe/03366/2022,A/Stockholm/5/2021,<40
A/Denmark/3264/2019,A/England/214191723/2021,40
A/Hong Kong/2671/2019,A/England/214191723/2021,80
A/Cambodia/925256/2020,A/England/214191723/2021,80
A/Cambodia/e0826360/2020,A/England/214191723/2021,320
A/Bangladesh/4005/2020,A/England/214191723/2021,640
A/Stockholm/5/2021,A/England/214191723/2021,320
A/England/214191723/2021,A/England/214191723/2021,640
A/Slovenia/8720/2022,A/England/214191723/2021,640
A/Darwin/9/2021,A/England/214191723/2021,640
A/Slovenia/8720/2022,A/England/214191723/2021,640
A/Kansas/14/2017,A/England/214191723/2021,80
A/Belgium/S0446/2022,A/England/214191723/2021,320
A/Brest/932/2022,A/England/214191723/2021,320
A/Toulon/760/2022,A/England/214191723/2021,320
A/Lyon/808/2022,A/England/214191723/2021,320
A/Lyon/854/2022,A/England/214191723/2021,320
A/Norway/25483/2022,A/England/214191723/2021,320
A/Norway/26959/2022,A/England/214191723/2021,640
A/Norway/27942/2022,A/England/214191723/2021,320
A/Norway/27459/2022,A/England/214191723/2021,320
A/Norway/28542/2022,A/England/214191723/2021,320
A/Norway/27849/2022,A/England/214191723/2021,160
A/Belgium/S0891/2022,A/England/214191723/2021,640
A/Belgium/G0116/2022,A/England/214191723/2021,640
A/Nosy Be/03427/2022,A/England/214191723/2021,640
A/Antananarivo/03601/2022,A/England/214191723/2021,640
A/Antsirabe/03799/2022,A/England/214191723/2021,320
A/Antananarivo/04020/2022,A/England/214191723/2021,320
A/Antananarivo/04650/2022,A/England/214191723/2021,640
A/Antananarivo/05015/2022,A/England/214191723/2021,640
A/Bourgoin/758/2022,A/England/214191723/2021,320
A/Lyon/271/2022,A/England/214191723/2021,<40
A/Antsirabe/03366/2022,A/England/214191723/2021,<40
A/Denmark/3264/2019,A/Slovenia/8720/2022,*
A/Hong Kong/2671/2019,A/Slovenia/8720/2022,<40
A/Cambodia/925256/2020,A/Slovenia/8720/2022,*
A/Cambodia/e0826360/2020,A/Slovenia/8720/2022,320
A/Bangladesh/4005/2020,A/Slovenia/8720/2022,1280
A/Stockholm/5/2021,A/Slovenia/8720/2022,1280
A/England/214191723/2021,A/Slovenia/8720/2022,1280
A/Slovenia/8720/2022,A/Slovenia/8720/2022,640
A/Darwin/9/2021,A/Slovenia/8720/2022,640
A/Slovenia/8720/2022,A/Slovenia/8720/2022,320
A/Kansas/14/2017,A/Slovenia/8720/2022,80
A/Belgium/S0446/2022,A/Slovenia/8720/2022,*
A/Brest/932/2022,A/Slovenia/8720/2022,*
A/Toulon/760/2022,A/Slovenia/8720/2022,*
A/Lyon/808/2022,A/Slovenia/8720/2022,*
A/Lyon/854/2022,A/Slovenia/8720/2022,*
A/Norway/25483/2022,A/Slovenia/8720/2022,*
A/Norway/26959/2022,A/Slovenia/8720/2022,*
A/Norway/27942/2022,A/Slovenia/8720/2022,*
A/Norway/27459/2022,A/Slovenia/8720/2022,320
A/Norway/28542/2022,A/Slovenia/8720/2022,320
A/Norway/27849/2022,A/Slovenia/8720/2022,320
A/Belgium/S0891/2022,A/Slovenia/8720/2022,640
A/Belgium/G0116/2022,A/Slovenia/8720/2022,*
A/Nosy Be/03427/2022,A/Slovenia/8720/2022,*
A/Antananarivo/03601/2022,A/Slovenia/8720/2022,*
A/Antsirabe/03799/2022,A/Slovenia/8720/2022,*
A/Antananarivo/04020/2022,A/Slovenia/8720/2022,*
A/Antananarivo/04650/2022,A/Slovenia/8720/2022,160
A/Antananarivo/05015/2022,A/Slovenia/8720/2022,160
A/Bourgoin/758/2022,A/Slovenia/8720/2022,*
A/Lyon/271/2022,A/Slovenia/8720/2022,*
A/Antsirabe/03366/2022,A/Slovenia/8720/2022,*
A/Denmark/3264/2019,A/Darwin/9/2021,320
A/Hong Kong/2671/2019,A/Darwin/9/2021,160
A/Cambodia/925256/2020,A/Darwin/9/2021,640
A/Cambodia/e0826360/2020,A/Darwin/9/2021,320
A/Bangladesh/4005/2020,A/Darwin/9/2021,640
A/Stockholm/5/2021,A/Darwin/9/2021,640
A/England/214191723/2021,A/Darwin/9/2021,640
A/Slovenia/8720/2022,A/Darwin/9/2021,640
A/Darwin/9/2021,A/Darwin/9/2021,1280
A/Slovenia/8720/2022,A/Darwin/9/2021,640
A/Kansas/14/2017,A/Darwin/9/2021,320
A/Belgium/S0446/2022,A/Darwin/9/2021,320
A/Brest/932/2022,A/Darwin/9/2021,320
A/Toulon/760/2022,A/Darwin/9/2021,320
A/Lyon/808/2022,A/Darwin/9/2021,320
A/Lyon/854/2022,A/Darwin/9/2021,320
A/Norway/25483/2022,A/Darwin/9/2021,640
A/Norway/26959/2022,A/Darwin/9/2021,640
A/Norway/27942/2022,A/Darwin/9/2021,640
A/Norway/27459/2022,A/Darwin/9/2021,320
A/Norway/28542/2022,A/Darwin/9/2021,320
A/Norway/27849/2022,A/Darwin/9/2021,320
A/Belgium/S0891/2022,A/Darwin/9/2021,1280
A/Belgium/G0116/2022,A/Darwin/9/2021,640
A/Nosy Be/03427/2022,A/Darwin/9/2021,640
A/Antananarivo/03601/2022,A/Darwin/9/2021,640
A/Antsirabe/03799/2022,A/Darwin/9/2021,320
A/Antananarivo/04020/2022,A/Darwin/9/2021,320
A/Antananarivo/04650/2022,A/Darwin/9/2021,320
A/Antananarivo/05015/2022,A/Darwin/9/2021,320
A/Bourgoin/758/2022,A/Darwin/9/2021,320
A/Lyon/271/2022,A/Darwin/9/2021,80
A/Antsirabe/03366/2022,A/Darwin/9/2021,40
A/Denmark/3264/2019,A/Slovenia/8720/2022,40
A/Hong Kong/2671/2019,A/Slovenia/8720/2022,40
A/Cambodia/925256/2020,A/Slovenia/8720/2022,40
A/Cambodia/e0826360/2020,A/Slovenia/8720/2022,160
A/Bangladesh/4005/2020,A/Slovenia/8720/2022,320
A/Stockholm/5/2021,A/Slovenia/8720/2022,320
A/England/214191723/2021,A/Slovenia/8720/2022,320
A/Slovenia/8720/2022,A/Slovenia/8720/2022,1280
A/Darwin/9/2021,A/Slovenia/8720/2022,1280
A/Slovenia/8720/2022,A/Slovenia/8720/2022,1280
A/Kansas/14/2017,A/Slovenia/8720/2022,<40
A/Belgium/S0446/2022,A/Slovenia/8720/2022,640
A/Brest/932/2022,A/Slovenia/8720/2022,640
A/Toulon/760/2022,A/Slovenia/8720/2022,1280
A/Lyon/808/2022,A/Slovenia/8720/2022,640
A/Lyon/854/2022,A/Slovenia/8720/2022,640
A/Norway/25483/2022,A/Slovenia/8720/2022,1280
A/Norway/26959/2022,A/Slovenia/8720/2022,1280
A/Norway/27942/2022,A/Slovenia/8720/2022,640
A/Norway/27459/2022,A/Slovenia/8720/2022,640
A/Norway/28542/2022,A/Slovenia/8720/2022,640
A/Norway/27849/2022,A/Slovenia/8720/2022,640
A/Belgium/S0891/2022,A/Slovenia/8720/2022,1280
A/Belgium/G0116/2022,A/Slovenia/8720/2022,320
A/Nosy Be/03427/2022,A/Slovenia/8720/2022,320
A/Antananarivo/03601/2022,A/Slovenia/8720/2022,320
A/Antsirabe/03799/2022,A/Slovenia/8720/2022,320
A/Antananarivo/04020/2022,A/Slovenia/8720/2022,320
A/Antananarivo/04650/2022,A/Slovenia/8720/2022,320
A/Antananarivo/05015/2022,A/Slovenia/8720/2022,320
A/Bourgoin/758/2022,A/Slovenia/8720/2022,160
A/Lyon/271/2022,A/Slovenia/8720/2022,<40
A/Antsirabe/03366/2022,A/Slovenia/8720/2022,<40
A/Denmark/3264/2019,A/Kansas/14/2017,160
A/Hong Kong/2671/2019,A/Kansas/14/2017,160
A/Cambodia/925256/2020,A/Kansas/14/2017,160
A/Cambodia/e0826360/2020,A/Kansas/14/2017,80
A/Bangladesh/4005/2020,A/Kansas/14/2017,160
A/Stockholm/5/2021,A/Kansas/14/2017,40
A/England/214191723/2021,A/Kansas/14/2017,<40
A/Slovenia/8720/2022,A/Kansas/14/2017,<40
A/Darwin/9/2021,A/Kansas/14/2017,80
A/Slovenia/8720/2022,A/Kansas/14/2017,40
A/Kansas/14/2017,A/Kansas/14/2017,640
A/Belgium/S0446/2022,A/Kansas/14/2017,<40
A/Brest/932/2022,A/Kansas/14/2017,<40
A/Toulon/760/2022,A/Kansas/14/2017,<40
A/Lyon/808/2022,A/Kansas/14/2017,<40
A/Lyon/854/2022,A/Kansas/14/2017,<40
A/Norway/25483/2022,A/Kansas/14/2017,<40
A/Norway/26959/2022,A/Kansas/14/2017,<40
A/Norway/27942/2022,A/Kansas/14/2017,<40
A/Norway/27459/2022,A/Kansas/14/2017,<40
A/Norway/28542/2022,A/Kansas/14/2017,<40
A/Norway/27849/2022,A/Kansas/14/2017,<40
A/Belgium/S0891/2022,A/Kansas/14/2017,80
A/Belgium/G0116/2022,A/Kansas/14/2017,40
A/Nosy Be/03427/2022,A/Kansas/14/2017,<40
A/Antananarivo/03601/2022,A/Kansas/14/2017,40
A/Antsirabe/03799/2022,A/Kansas/14/2017,<40
A/Antananarivo/04020/2022,A/Kansas/14/2017,<40
A/Antananarivo/04650/2022,A/Kansas/14/2017,<40
A/Antananarivo/05015/2022,A/Kansas/14/2017,<40
A/Bourgoin/758/2022,A/Kansas/14/2017,80
A/Lyon/271/2022,A/Kansas/14/2017,40
A/Antsirabe/03366/2022,A/Kansas/14/2017,<40
