Test Virus,Reference Virus,Titre
A/Denmark/3264/2019,A/Denmark/3264/2019,320
A/Hong Kong/2671/2019,A/Denmark/3264/2019,320
A/Cambodia/925256/2020,A/Denmark/3264/2019,160
A/Cambodia/e0826360/2020,A/Denmark/3264/2019,80
A/Bangladesh/4005/2020,A/Denmark/3264/2019,160
A/Thuringen/10/2022,A/Denmark/3264/2019,80
A/Stockholm/5/2021,A/Denmark/3264/2019,80
A/Darwin/9/2021,A/Denmark/3264/2019,160
A/England/214191723/2021,A/Denmark/3264/2019,80
A/Kansas/14/2017,A/Denmark/3264/2019,40
A/Belgium/G0096/2022,A/Denmark/3264/2019,40
A/Belgium/S0822/2022,A/Denmark/3264/2019,40
A/Belgium/S0826/2022,A/Denmark/3264/2019,80
A/Belgium/G0153/2022,A/Denmark/3264/2019,40
A/Poland/52/2022,A/Denmark/3264/2019,80
A/Poland/58/2022,A/Denmark/3264/2019,80
A/Poland/65/2022,A/Denmark/3264/2019,80
A/Argentina/2745/2022,A/Denmark/3264/2019,<40
A/Togo/1112/2022,A/Denmark/3264/2019,80
A/Argentina/2784/2022,A/Denmark/3264/2019,80
A/Argentina/2863/2022,A/Denmark/3264/2019,40
A/Argentina/2822/2022,A/Denmark/3264/2019,40
A/Ghana/341/2022,A/Denmark/3264/2019,160
A/Ghana/3122/2022,A/Denmark/3264/2019,80
A/Ghana/330/2022,A/Denmark/3264/2019,80
A/Argentina/2894/2022,A/Denmark/3264/2019,40
A/Ghana/3353/2022,A/Denmark/3264/2019,80
A/Argentina/2959/2022,A/Denmark/3264/2019,40
A/Ghana/365/2022,A/Denmark/3264/2019,160
A/Argentina/2953/2022,A/Denmark/3264/2019,40
A/Ghana/390/2022,A/Denmark/3264/2019,160
A/Argentina/3023/2022,A/Denmark/3264/2019,40
A/Argentina/2973/2022,A/Denmark/3264/2019,80
A/Norway/27853/2022,A/Denmark/3264/2019,80
A/Norway/28394/2022,A/Denmark/3264/2019,80
A/Norway/28359/2022,A/Denmark/3264/2019,80
A/Norway/29040/2022,A/Denmark/3264/2019,80
A/Denmark/3264/2019,A/Hong Kong/2671/2019,320
A/Hong Kong/2671/2019,A/Hong Kong/2671/2019,320
A/Cambodia/925256/2020,A/Hong Kong/2671/2019,160
A/Cambodia/e0826360/2020,A/Hong Kong/2671/2019,<40
A/Bangladesh/4005/2020,A/Hong Kong/2671/2019,40
A/Thuringen/10/2022,A/Hong Kong/2671/2019,<40
A/Stockholm/5/2021,A/Hong Kong/2671/2019,<40
A/Darwin/9/2021,A/Hong Kong/2671/2019,<40
A/England/214191723/2021,A/Hong Kong/2671/2019,<40
A/Kansas/14/2017,A/Hong Kong/2671/2019,40
A/Belgium/G0096/2022,A/Hong Kong/2671/2019,<40
A/Belgium/S0822/2022,A/Hong Kong/2671/2019,<40
A/Belgium/S0826/2022,A/Hong Kong/2671/2019,<40
A/Belgium/G0153/2022,A/Hong Kong/2671/2019,<40
A/Poland/52/2022,A/Hong Kong/2671/2019,<40
A/Poland/58/2022,A/Hong Kong/2671/2019,<40
A/Poland/65/2022,A/Hong Kong/2671/2019,<40
A/Argentina/2745/2022,A/Hong Kong/2671/2019,<40
A/Togo/1112/2022,A/Hong Kong/2671/2019,<40
A/Argentina/2784/2022,A/Hong Kong/2671/2019,<40
A/Argentina/2863/2022,A/Hong Kong/2671/2019,<40
A/Argentina/2822/2022,A/Hong Kong/2671/2019,<40
A/Ghana/341/2022,A/Hong Kong/2671/2019,<40
A/Ghana/3122/2022,A/Hong Kong/2671/2019,<40
A/Ghana/330/2022,A/Hong Kong/2671/2019,<40
A/Argentina/2894/2022,A/Hong Kong/2671/2019,<40
A/Ghana/3353/2022,A/Hong Kong/2671/2019,<40
A/Argentina/2959/2022,A/Hong Kong/2671/2019,<40
A/Ghana/365/2022,A/Hong Kong/2671/2019,<40
A/Argentina/2953/2022,A/Hong Kong/2671/2019,<40
A/Ghana/390/2022,A/Hong Kong/2671/2019,<40
A/Argentina/3023/2022,A/Hong Kong/2671/2019,<40
A/Argentina/2973/2022,A/Hong Kong/2671/2019,<40
A/Norway/27853/2022,A/Hong Kong/2671/2019,<40
A/Norway/28394/2022,A/Hong Kong/2671/2019,<40
A/Norway/28359/2022,A/Hong Kong/2671/2019,<40
A/Norway/29040/2022,A/Hong Kong/2671/2019,<40
A/Denmark/3264/2019,A/Cambodia/925256/2020,640
A/Hong Kong/2671/2019,A/Cambodia/925256/2020,640
A/Cambodia/925256/2020,A/Cambodia/925256/2020,1280
A/Cambodia/e0826360/2020,A/Cambodia/925256/2020,80
A/Bangladesh/4005/2020,A/Cambodia/925256/2020,160
A/Thuringen/10/2022,A/Cambodia/925256/2020,160
A/Stockholm/5/2021,A/Cambodia/925256/2020,80
A/Darwin/9/2021,A/Cambodia/925256/2020,80
A/England/214191723/2021,A/Cambodia/925256/2020,80
A/Kansas/14/2017,A/Cambodia/925256/2020,160
A/Belgium/G0096/2022,A/Cambodia/925256/2020,80
A/Belgium/S0822/2022,A/Cambodia/925256/2020,80
A/Belgium/S0826/2022,A/Cambodia/925256/2020,80
A/Belgium/G0153/2022,A/Cambodia/925256/2020,80
A/Poland/52/2022,A/Cambodia/925256/2020,40
A/Poland/58/2022,A/Cambodia/925256/2020,40
A/Poland/65/2022,A/Cambodia/925256/2020,80
A/Argentina/2745/2022,A/Cambodia/925256/2020,<40
A/Togo/1112/2022,A/Cambodia/925256/2020,40
A/Argentina/2784/2022,A/Cambodia/925256/2020,80
A/Argentina/2863/2022,A/Cambodia/925256/2020,80
A/Argentina/2822/2022,A/Cambodia/925256/2020,80
A/Ghana/341/2022,A/Cambodia/925256/2020,80
A/Ghana/3122/2022,A/Cambodia/925256/2020,80
A/Ghana/330/2022,A/Cambodia/925256/2020,80
A/Argentina/2894/2022,A/Cambodia/925256/2020,160
A/Ghana/3353/2022,A/Cambodia/925256/2020,160
A/Argentina/2959/2022,A/Cambodia/925256/2020,80
A/Ghana/365/2022,A/Cambodia/925256/2020,80
A/Argentina/2953/2022,A/Cambodia/925256/2020,80
A/Ghana/390/2022,A/Cambodia/925256/2020,160
A/Argentina/3023/2022,A/Cambodia/925256/2020,80
A/Argentina/2973/2022,A/Cambodia/925256/2020,80
A/Norway/27853/2022,A/Cambodia/925256/2020,160
A/Norway/28394/2022,A/Cambodia/925256/2020,40
A/Norway/28359/2022,A/Cambodia/925256/2020,80
A/Norway/29040/2022,A/Cambodia/925256/2020,160
A/Denmark/3264/2019,A/Cambodia/e0826360/2020,320
A/Hong Kong/2671/2019,A/Cambodia/e0826360/2020,160
A/Cambodia/925256/2020,A/Cambodia/e0826360/2020,320
A/Cambodia/e0826360/2020,A/Cambodia/e0826360/2020,1280
A/Bangladesh/4005/2020,A/Cambodia/e0826360/2020,160
A/Thuringen/10/2022,A/Cambodia/e0826360/2020,160
A/Stockholm/5/2021,A/Cambodia/e0826360/2020,160
A/Darwin/9/2021,A/Cambodia/e0826360/2020,640
A/England/214191723/2021,A/Cambodia/e0826360/2020,80
A/Kansas/14/2017,A/Cambodia/e0826360/2020,160
A/Belgium/G0096/2022,A/Cambodia/e0826360/2020,80
A/Belgium/S0822/2022,A/Cambodia/e0826360/2020,160
A/Belgium/S0826/2022,A/Cambodia/e0826360/2020,160
A/Belgium/G0153/2022,A/Cambodia/e0826360/2020,160
A/Poland/52/2022,A/Cambodia/e0826360/2020,80
A/Poland/58/2022,A/Cambodia/e0826360/2020,80
A/Poland/65/2022,A/Cambodia/e0826360/2020,80
A/Argentina/2745/2022,A/Cambodia/e0826360/2020,80
A/Togo/1112/2022,A/Cambodia/e0826360/2020,160
A/Argentina/2784/2022,A/Cambodia/e0826360/2020,160
A/Argentina/2863/2022,A/Cambodia/e0826360/2020,80
A/Argentina/2822/2022,A/Cambodia/e0826360/2020,80
A/Ghana/341/2022,A/Cambodia/e0826360/2020,160
A/Ghana/3122/2022,A/Cambodia/e0826360/2020,160
A/Ghana/330/2022,A/Cambodia/e0826360/2020,160
A/Argentina/2894/2022,A/Cambodia/e0826360/2020,80
A/Ghana/3353/2022,A/Cambodia/e0826360/2020,160
A/Argentina/2959/2022,A/Cambodia/e0826360/2020,80
A/Ghana/365/2022,A/Cambodia/e0826360/2020,320
A/Argentina/2953/2022,A/Cambodia/e0826360/2020,80
A/Ghana/390/2022,A/Cambodia/e0826360/2020,320
A/Argentina/3023/2022,A/Cambodia/e0826360/2020,80
A/Argentina/2973/2022,A/Cambodia/e0826360/2020,80
A/Norway/27853/2022,A/Cambodia/e0826360/2020,320
A/Norway/28394/2022,A/Cambodia/e0826360/2020,80
A/Norway/28359/2022,A/Cambodia/e0826360/2020,80
A/Norway/29040/2022,A/Cambodia/e0826360/2020,160
A/Denmark/3264/2019,A/Bangladesh/4005/2020,320
A/Hong Kong/2671/2019,A/Bangladesh/4005/2020,320
A/Cambodia/925256/2020,A/Bangladesh/4005/2020,320
A/Cambodia/e0826360/2020,A/Bangladesh/4005/2020,160
A/Bangladesh/4005/2020,A/Bangladesh/4005/2020,640
A/Thuringen/10/2022,A/Bangladesh/4005/2020,320
A/Stockholm/5/2021,A/Bangladesh/4005/2020,320
A/Darwin/9/2021,A/Bangladesh/4005/2020,320
A/England/214191723/2021,A/Bangladesh/4005/2020,320
A/Kansas/14/2017,A/Bangladesh/4005/2020,80
A/Belgium/G0096/2022,A/Bangladesh/4005/2020,160
A/Belgium/S0822/2022,A/Bangladesh/4005/2020,160
A/Belgium/S0826/2022,A/Bangladesh/4005/2020,320
A/Belgium/G0153/2022,A/Bangladesh/4005/2020,320
A/Poland/52/2022,A/Bangladesh/4005/2020,320
A/Poland/58/2022,A/Bangladesh/4005/2020,160
A/Poland/65/2022,A/Bangladesh/4005/2020,320
A/Argentina/2745/2022,A/Bangladesh/4005/2020,160
A/Togo/1112/2022,A/Bangladesh/4005/2020,320
A/Argentina/2784/2022,A/Bangladesh/4005/2020,320
A/Argentina/2863/2022,A/Bangladesh/4005/2020,160
A/Argentina/2822/2022,A/Bangladesh/4005/2020,320
A/Ghana/341/2022,A/Bangladesh/4005/2020,320
A/Ghana/3122/2022,A/Bangladesh/4005/2020,320
A/Ghana/330/2022,A/Bangladesh/4005/2020,320
A/Argentina/2894/2022,A/Bangladesh/4005/2020,160
A/Ghana/3353/2022,A/Bangladesh/4005/2020,320
A/Argentina/2959/2022,A/Bangladesh/4005/2020,160
A/Ghana/365/2022,A/Bangladesh/4005/2020,320
A/Argentina/2953/2022,A/Bangladesh/4005/2020,160
A/Ghana/390/2022,A/Bangladesh/4005/2020,640
A/Argentina/3023/2022,A/Bangladesh/4005/2020,160
A/Argentina/2973/2022,A/Bangladesh/4005/2020,320
A/Norway/27853/2022,A/Bangladesh/4005/2020,320
A/Norway/28394/2022,A/Bangladesh/4005/2020,320
A/Norway/28359/2022,A/Bangladesh/4005/2020,320
A/Norway/29040/2022,A/Bangladesh/4005/2020,320
A/Denmark/3264/2019,A/Thuringen/10/2022,*
A/Hong Kong/2671/2019,A/Thuringen/10/2022,<40
A/Cambodia/925256/2020,A/Thuringen/10/2022,*
A/Cambodia/e0826360/2020,A/Thuringen/10/2022,80
A/Bangladesh/4005/2020,A/Thuringen/10/2022,320
A/Thuringen/10/2022,A/Thuringen/10/2022,320
A/Stockholm/5/2021,A/Thuringen/10/2022,160
A/Darwin/9/2021,A/Thuringen/10/2022,320
A/England/214191723/2021,A/Thuringen/10/2022,160
A/Kansas/14/2017,A/Thuringen/10/2022,40
A/Belgium/G0096/2022,A/Thuringen/10/2022,160
A/Belgium/S0822/2022,A/Thuringen/10/2022,160
A/Belgium/S0826/2022,A/Thuringen/10/2022,160
A/Belgium/G0153/2022,A/Thuringen/10/2022,160
A/Poland/52/2022,A/Thuringen/10/2022,80
A/Poland/58/2022,A/Thuringen/10/2022,80
A/Poland/65/2022,A/Thuringen/10/2022,160
A/Argentina/2745/2022,A/Thuringen/10/2022,40
A/Togo/1112/2022,A/Thuringen/10/2022,160
A/Argentina/2784/2022,A/Thuringen/10/2022,160
A/Argentina/2863/2022,A/Thuringen/10/2022,80
A/Argentina/2822/2022,A/Thuringen/10/2022,80
A/Ghana/341/2022,A/Thuringen/10/2022,160
A/Ghana/3122/2022,A/Thuringen/10/2022,160
A/Ghana/330/2022,A/Thuringen/10/2022,160
A/Argentina/2894/2022,A/Thuringen/10/2022,160
A/Ghana/3353/2022,A/Thuringen/10/2022,160
A/Argentina/2959/2022,A/Thuringen/10/2022,80
A/Ghana/365/2022,A/Thuringen/10/2022,160
A/Argentina/2953/2022,A/Thuringen/10/2022,80
A/Ghana/390/2022,A/Thuringen/10/2022,320
A/Argentina/3023/2022,A/Thuringen/10/2022,80
A/Argentina/2973/2022,A/Thuringen/10/2022,80
A/Norway/27853/2022,A/Thuringen/10/2022,160
A/Norway/28394/2022,A/Thuringen/10/2022,80
A/Norway/28359/2022,A/Thuringen/10/2022,160
A/Norway/29040/2022,A/Thuringen/10/2022,160
A/Denmark/3264/2019,A/Stockholm/5/2021,160
A/Hong Kong/2671/2019,A/Stockholm/5/2021,160
A/Cambodia/925256/2020,A/Stockholm/5/2021,160
A/Cambodia/e0826360/2020,A/Stockholm/5/2021,160
A/Bangladesh/4005/2020,A/Stockholm/5/2021,640
A/Thuringen/10/2022,A/Stockholm/5/2021,640
A/Stockholm/5/2021,A/Stockholm/5/2021,640
A/Darwin/9/2021,A/Stockholm/5/2021,640
A/England/214191723/2021,A/Stockholm/5/2021,640
A/Kansas/14/2017,A/Stockholm/5/2021,160
A/Belgium/G0096/2022,A/Stockholm/5/2021,320
A/Belgium/S0822/2022,A/Stockholm/5/2021,320
A/Belgium/S0826/2022,A/Stockholm/5/2021,320
A/Belgium/G0153/2022,A/Stockholm/5/2021,320
A/Poland/52/2022,A/Stockholm/5/2021,640
A/Poland/58/2022,A/Stockholm/5/2021,640
A/Poland/65/2022,A/Stockholm/5/2021,640
A/Argentina/2745/2022,A/Stockholm/5/2021,320
A/Togo/1112/2022,A/Stockholm/5/2021,640
A/Argentina/2784/2022,A/Stockholm/5/2021,320
A/Argentina/2863/2022,A/Stockholm/5/2021,320
A/Argentina/2822/2022,A/Stockholm/5/2021,320
A/Ghana/341/2022,A/Stockholm/5/2021,640
A/Ghana/3122/2022,A/Stockholm/5/2021,640
A/Ghana/330/2022,A/Stockholm/5/2021,640
A/Argentina/2894/2022,A/Stockholm/5/2021,640
A/Ghana/3353/2022,A/Stockholm/5/2021,640
A/Argentina/2959/2022,A/Stockholm/5/2021,320
A/Ghana/365/2022,A/Stockholm/5/2021,640
A/Argentina/2953/2022,A/Stockholm/5/2021,320
A/Ghana/390/2022,A/Stockholm/5/2021,1280
A/Argentina/3023/2022,A/Stockholm/5/2021,320
A/Argentina/2973/2022,A/Stockholm/5/2021,640
A/Norway/27853/2022,A/Stockholm/5/2021,640
A/Norway/28394/2022,A/Stockholm/5/2021,640
A/Norway/28359/2022,A/Stockholm/5/2021,640
A/Norway/29040/2022,A/Stockholm/5/2021,640
A/Denmark/3264/2019,A/Darwin/9/2021,320
A/Hong Kong/2671/2019,A/Darwin/9/2021,320
A/Cambodia/925256/2020,A/Darwin/9/2021,640
A/Cambodia/e0826360/2020,A/Darwin/9/2021,320
A/Bangladesh/4005/2020,A/Darwin/9/2021,640
A/Thuringen/10/2022,A/Darwin/9/2021,320
A/Stockholm/5/2021,A/Darwin/9/2021,640
A/Darwin/9/2021,A/Darwin/9/2021,1280
A/England/214191723/2021,A/Darwin/9/2021,640
A/Kansas/14/2017,A/Darwin/9/2021,320
A/Belgium/G0096/2022,A/Darwin/9/2021,320
A/Belgium/S0822/2022,A/Darwin/9/2021,320
A/Belgium/S0826/2022,A/Darwin/9/2021,640
A/Belgium/G0153/2022,A/Darwin/9/2021,640
A/Poland/52/2022,A/Darwin/9/2021,640
A/Poland/58/2022,A/Darwin/9/2021,640
A/Poland/65/2022,A/Darwin/9/2021,640
A/Argentina/2745/2022,A/Darwin/9/2021,640
A/Togo/1112/2022,A/Darwin/9/2021,640
A/Argentina/2784/2022,A/Darwin/9/2021,640
A/Argentina/2863/2022,A/Darwin/9/2021,640
A/Argentina/2822/2022,A/Darwin/9/2021,640
A/Ghana/341/2022,A/Darwin/9/2021,640
A/Ghana/3122/2022,A/Darwin/9/2021,640
A/Ghana/330/2022,A/Darwin/9/2021,640
A/Argentina/2894/2022,A/Darwin/9/2021,640
A/Ghana/3353/2022,A/Darwin/9/2021,640
A/Argentina/2959/2022,A/Darwin/9/2021,640
A/Ghana/365/2022,A/Darwin/9/2021,640
A/Argentina/2953/2022,A/Darwin/9/2021,320
A/Ghana/390/2022,A/Darwin/9/2021,1280
A/Argentina/3023/2022,A/Darwin/9/2021,320
A/Argentina/2973/2022,A/Darwin/9/2021,640
A/Norway/27853/2022,A/Darwin/9/2021,640
A/Norway/28394/2022,A/Darwin/9/2021,640
A/Norway/28359/2022,A/Darwin/9/2021,640
A/Norway/29040/2022,A/Darwin/9/2021,1280
A/Denmark/3264/2019,A/England/214191723/2021,40
A/Hong Kong/2671/2019,A/England/214191723/2021,40
A/Cambodia/925256/2020,A/England/214191723/2021,80
A/Cambodia/e0826360/2020,A/England/214191723/2021,320
A/Bangladesh/4005/2020,A/England/214191723/2021,640
A/Thuringen/10/2022,A/England/214191723/2021,640
A/Stockholm/5/2021,A/England/214191723/2021,320
A/Darwin/9/2021,A/England/214191723/2021,640
A/England/214191723/2021,A/England/214191723/2021,640
A/Kansas/14/2017,A/England/214191723/2021,80
A/Belgium/G0096/2022,A/England/214191723/2021,640
A/Belgium/S0822/2022,A/England/214191723/2021,640
A/Belgium/S0826/2022,A/England/214191723/2021,640
A/Belgium/G0153/2022,A/England/214191723/2021,640
A/Poland/52/2022,A/England/214191723/2021,320
A/Poland/58/2022,A/England/214191723/2021,320
A/Poland/65/2022,A/England/214191723/2021,640
A/Argentina/2745/2022,A/England/214191723/2021,640
A/Togo/1112/2022,A/England/214191723/2021,640
A/Argentina/2784/2022,A/England/214191723/2021,640
A/Argentina/2863/2022,A/England/214191723/2021,640
A/Argentina/2822/2022,A/England/214191723/2021,640
A/Ghana/341/2022,A/England/214191723/2021,640
A/Ghana/3122/2022,A/England/214191723/2021,640
A/Ghana/330/2022,A/England/214191723/2021,640
A/Argentina/2894/2022,A/England/214191723/2021,640
A/Ghana/3353/2022,A/England/214191723/2021,1280
A/Argentina/2959/2022,A/England/214191723/2021,640
A/Ghana/365/2022,A/England/214191723/2021,1280
A/Argentina/2953/2022,A/England/214191723/2021,640
A/Ghana/390/2022,A/England/214191723/2021,2560
A/Argentina/3023/2022,A/England/214191723/2021,640
A/Argentina/2973/2022,A/England/214191723/2021,640
A/Norway/27853/2022,A/England/214191723/2021,640
A/Norway/28394/2022,A/England/214191723/2021,640
A/Norway/28359/2022,A/England/214191723/2021,640
A/Norway/29040/2022,A/England/214191723/2021,640
A/Denmark/3264/2019,A/Kansas/14/2017,160
A/Hong Kong/2671/2019,A/Kansas/14/2017,160
A/Cambodia/925256/2020,A/Kansas/14/2017,160
A/Cambodia/e0826360/2020,A/Kansas/14/2017,80
A/Bangladesh/4005/2020,A/Kansas/14/2017,160
A/Thuringen/10/2022,A/Kansas/14/2017,<40
A/Stockholm/5/2021,A/Kansas/14/2017,40
A/Darwin/9/2021,A/Kansas/14/2017,80
A/England/214191723/2021,A/Kansas/14/2017,<40
A/Kansas/14/2017,A/Kansas/14/2017,640
A/Belgium/G0096/2022,A/Kansas/14/2017,<40
A/Belgium/S0822/2022,A/Kansas/14/2017,40
A/Belgium/S0826/2022,A/Kansas/14/2017,40
A/Belgium/G0153/2022,A/Kansas/14/2017,40
A/Poland/52/2022,A/Kansas/14/2017,<40
A/Poland/58/2022,A/Kansas/14/2017,<40
A/Poland/65/2022,A/Kansas/14/2017,<40
A/Argentina/2745/2022,A/Kansas/14/2017,<40
A/Togo/1112/2022,A/Kansas/14/2017,40
A/Argentina/2784/2022,A/Kansas/14/2017,40
A/Argentina/2863/2022,A/Kansas/14/2017,<40
A/Argentina/2822/2022,A/Kansas/14/2017,40
A/Ghana/341/2022,A/Kansas/14/2017,40
A/Ghana/3122/2022,A/Kansas/14/2017,40
A/Ghana/330/2022,A/Kansas/14/2017,40
A/Argentina/2894/2022,A/Kansas/14/2017,40
A/Ghana/3353/2022,A/Kansas/14/2017,40
A/Argentina/2959/2022,A/Kansas/14/2017,40
A/Ghana/365/2022,A/Kansas/14/2017,40
A/Argentina/2953/2022,A/Kansas/14/2017,<40
A/Ghana/390/2022,A/Kansas/14/2017,80
A/Argentina/3023/2022,A/Kansas/14/2017,<40
A/Argentina/2973/2022,A/Kansas/14/2017,40
A/Norway/27853/2022,A/Kansas/14/2017,40
A/Norway/28394/2022,A/Kansas/14/2017,<40
A/Norway/28359/2022,A/Kansas/14/2017,40
A/Norway/29040/2022,A/Kansas/14/2017,40
A/Denmark/3264/2019,A/Denmark/3264/2019,320
A/Hong Kong/2671/2019,A/Denmark/3264/2019,320
A/Cambodia/925256/2020,A/Denmark/3264/2019,160
A/Cambodia/e0826360/2020,A/Denmark/3264/2019,80
A/Bangladesh/4005/2020,A/Denmark/3264/2019,160
A/Stockholm/5/2021,A/Denmark/3264/2019,80
A/Darwin/9/2021,A/Denmark/3264/2019,160
A/England/214191723/2021,A/Denmark/3264/2019,80
A/Kansas/14/2017,A/Denmark/3264/2019,40
A/Croatia/77367/2022,A/Denmark/3264/2019,40
A/Argentina/2995/2022,A/Denmark/3264/2019,40
A/Ghana/392/2022,A/Denmark/3264/2019,40
A/Denmark/3264/2019,A/Hong Kong/2671/2019,320
A/Hong Kong/2671/2019,A/Hong Kong/2671/2019,160
A/Cambodia/925256/2020,A/Hong Kong/2671/2019,160
A/Cambodia/e0826360/2020,A/Hong Kong/2671/2019,<40
A/Bangladesh/4005/2020,A/Hong Kong/2671/2019,40
A/Stockholm/5/2021,A/Hong Kong/2671/2019,<40
A/Darwin/9/2021,A/Hong Kong/2671/2019,<40
A/England/214191723/2021,A/Hong Kong/2671/2019,<40
A/Kansas/14/2017,A/Hong Kong/2671/2019,40
A/Croatia/77367/2022,A/Hong Kong/2671/2019,<40
A/Argentina/2995/2022,A/Hong Kong/2671/2019,<40
A/Ghana/392/2022,A/Hong Kong/2671/2019,<40
A/Denmark/3264/2019,A/Cambodia/925256/2020,640
A/Hong Kong/2671/2019,A/Cambodia/925256/2020,640
A/Cambodia/925256/2020,A/Cambodia/925256/2020,640
A/Cambodia/e0826360/2020,A/Cambodia/925256/2020,80
A/Bangladesh/4005/2020,A/Cambodia/925256/2020,160
A/Stockholm/5/2021,A/Cambodia/925256/2020,80
A/Darwin/9/2021,A/Cambodia/925256/2020,80
A/England/214191723/2021,A/Cambodia/925256/2020,80
A/Kansas/14/2017,A/Cambodia/925256/2020,160
A/Croatia/77367/2022,A/Cambodia/925256/2020,40
A/Argentina/2995/2022,A/Cambodia/925256/2020,40
A/Ghana/392/2022,A/Cambodia/925256/2020,40
A/Denmark/3264/2019,A/Cambodia/e0826360/2020,320
A/Hong Kong/2671/2019,A/Cambodia/e0826360/2020,160
A/Cambodia/925256/2020,A/Cambodia/e0826360/2020,320
A/Cambodia/e0826360/2020,A/Cambodia/e0826360/2020,2560
A/Bangladesh/4005/2020,A/Cambodia/e0826360/2020,160
A/Stockholm/5/2021,A/Cambodia/e0826360/2020,160
A/Darwin/9/2021,A/Cambodia/e0826360/2020,640
A/England/214191723/2021,A/Cambodia/e0826360/2020,80
A/Kansas/14/2017,A/Cambodia/e0826360/2020,160
A/Croatia/77367/2022,A/Cambodia/e0826360/2020,40
A/Argentina/2995/2022,A/Cambodia/e0826360/2020,80
A/Ghana/392/2022,A/Cambodia/e0826360/2020,40
A/Denmark/3264/2019,A/Bangladesh/4005/2020,320
A/Hong Kong/2671/2019,A/Bangladesh/4005/2020,320
A/Cambodia/925256/2020,A/Bangladesh/4005/2020,320
A/Cambodia/e0826360/2020,A/Bangladesh/4005/2020,160
A/Bangladesh/4005/2020,A/Bangladesh/4005/2020,640
A/Stockholm/5/2021,A/Bangladesh/4005/2020,320
A/Darwin/9/2021,A/Bangladesh/4005/2020,320
A/England/214191723/2021,A/Bangladesh/4005/2020,320
A/Kansas/14/2017,A/Bangladesh/4005/2020,80
A/Croatia/77367/2022,A/Bangladesh/4005/2020,160
A/Argentina/2995/2022,A/Bangladesh/4005/2020,160
A/Ghana/392/2022,A/Bangladesh/4005/2020,160
A/Denmark/3264/2019,A/Stockholm/5/2021,160
A/Hong Kong/2671/2019,A/Stockholm/5/2021,160
A/Cambodia/925256/2020,A/Stockholm/5/2021,160
A/Cambodia/e0826360/2020,A/Stockholm/5/2021,160
A/Bangladesh/4005/2020,A/Stockholm/5/2021,640
A/Stockholm/5/2021,A/Stockholm/5/2021,640
A/Darwin/9/2021,A/Stockholm/5/2021,640
A/England/214191723/2021,A/Stockholm/5/2021,640
A/Kansas/14/2017,A/Stockholm/5/2021,160
A/Croatia/77367/2022,A/Stockholm/5/2021,160
A/Argentina/2995/2022,A/Stockholm/5/2021,320
A/Ghana/392/2022,A/Stockholm/5/2021,320
A/Denmark/3264/2019,A/Darwin/9/2021,320
A/Hong Kong/2671/2019,A/Darwin/9/2021,320
A/Cambodia/925256/2020,A/Darwin/9/2021,640
A/Cambodia/e0826360/2020,A/Darwin/9/2021,320
A/Bangladesh/4005/2020,A/Darwin/9/2021,640
A/Stockholm/5/2021,A/Darwin/9/2021,640
A/Darwin/9/2021,A/Darwin/9/2021,1280
A/England/214191723/2021,A/Darwin/9/2021,640
A/Kansas/14/2017,A/Darwin/9/2021,320
A/Croatia/77367/2022,A/Darwin/9/2021,320
A/Argentina/2995/2022,A/Darwin/9/2021,640
A/Ghana/392/2022,A/Darwin/9/2021,320
A/Denmark/3264/2019,A/England/214191723/2021,40
A/Hong Kong/2671/2019,A/England/214191723/2021,40
A/Cambodia/925256/2020,A/England/214191723/2021,80
A/Cambodia/e0826360/2020,A/England/214191723/2021,320
A/Bangladesh/4005/2020,A/England/214191723/2021,640
A/Stockholm/5/2021,A/England/214191723/2021,320
A/Darwin/9/2021,A/England/214191723/2021,640
A/England/214191723/2021,A/England/214191723/2021,1280
A/Kansas/14/2017,A/England/214191723/2021,80
A/Croatia/77367/2022,A/England/214191723/2021,320
A/Argentina/2995/2022,A/England/214191723/2021,640
A/Ghana/392/2022,A/England/214191723/2021,640
A/Denmark/3264/2019,A/Kansas/14/2017,160
A/Hong Kong/2671/2019,A/Kansas/14/2017,160
A/Cambodia/925256/2020,A/Kansas/14/2017,160
A/Cambodia/e0826360/2020,A/Kansas/14/2017,80
A/Bangladesh/4005/2020,A/Kansas/14/2017,160
A/Stockholm/5/2021,A/Kansas/14/2017,40
A/Darwin/9/2021,A/Kansas/14/2017,80
A/England/214191723/2021,A/Kansas/14/2017,<40
A/Kansas/14/2017,A/Kansas/14/2017,640
A/Croatia/77367/2022,A/Kansas/14/2017,<40
A/Argentina/2995/2022,A/Kansas/14/2017,<40
A/Ghana/392/2022,A/Kansas/14/2017,<40
A/Denmark/3264/2019,A/Denmark/3264/2019,320
A/Hong Kong/2671/2019,A/Denmark/3264/2019,160
A/Cambodia/925256/2020,A/Denmark/3264/2019,80
A/Cambodia/e0826360/2020,A/Denmark/3264/2019,80
A/Bangladesh/4005/2020,A/Denmark/3264/2019,160
A/Stockholm/5/2021,A/Denmark/3264/2019,80
A/Darwin/9/2021,A/Denmark/3264/2019,80
A/England/214191723/2021,A/Denmark/3264/2019,40
A/Kansas/14/2017,A/Denmark/3264/2019,40
A/Pays de Loire/21194/2022,A/Denmark/3264/2019,80
A/Coquelles/21188/2022,A/Denmark/3264/2019,40
A/Lorraine/20876/2022,A/Denmark/3264/2019,40
A/Nord Pas de Calais/27131/2022,A/Denmark/3264/2019,40
A/Bretagne/32468/2022,A/Denmark/3264/2019,40
A/Champagne Ardenne/32870/2022,A/Denmark/3264/2019,80
A/Denmark/3264/2019,A/Hong Kong/2671/2019,320
A/Hong Kong/2671/2019,A/Hong Kong/2671/2019,160
A/Cambodia/925256/2020,A/Hong Kong/2671/2019,160
A/Cambodia/e0826360/2020,A/Hong Kong/2671/2019,<40
A/Bangladesh/4005/2020,A/Hong Kong/2671/2019,40
A/Stockholm/5/2021,A/Hong Kong/2671/2019,<40
A/Darwin/9/2021,A/Hong Kong/2671/2019,40
A/England/214191723/2021,A/Hong Kong/2671/2019,<40
A/Kansas/14/2017,A/Hong Kong/2671/2019,<40
A/Pays de Loire/21194/2022,A/Hong Kong/2671/2019,<40
A/Coquelles/21188/2022,A/Hong Kong/2671/2019,<40
A/Lorraine/20876/2022,A/Hong Kong/2671/2019,<40
A/Nord Pas de Calais/27131/2022,A/Hong Kong/2671/2019,<40
A/Bretagne/32468/2022,A/Hong Kong/2671/2019,<40
A/Champagne Ardenne/32870/2022,A/Hong Kong/2671/2019,<40
A/Denmark/3264/2019,A/Cambodia/925256/2020,640
A/Hong Kong/2671/2019,A/Cambodia/925256/2020,640
A/Cambodia/925256/2020,A/Cambodia/925256/2020,640
A/Cambodia/e0826360/2020,A/Cambodia/925256/2020,80
A/Bangladesh/4005/2020,A/Cambodia/925256/2020,160
A/Stockholm/5/2021,A/Cambodia/925256/2020,80
A/Darwin/9/2021,A/Cambodia/925256/2020,80
A/England/214191723/2021,A/Cambodia/925256/2020,40
A/Kansas/14/2017,A/Cambodia/925256/2020,80
A/Pays de Loire/21194/2022,A/Cambodia/925256/2020,40
A/Coquelles/21188/2022,A/Cambodia/925256/2020,40
A/Lorraine/20876/2022,A/Cambodia/925256/2020,40
A/Nord Pas de Calais/27131/2022,A/Cambodia/925256/2020,40
A/Bretagne/32468/2022,A/Cambodia/925256/2020,40
A/Champagne Ardenne/32870/2022,A/Cambodia/925256/2020,40
A/Denmark/3264/2019,A/Cambodia/e0826360/2020,160
A/Hong Kong/2671/2019,A/Cambodia/e0826360/2020,80
A/Cambodia/925256/2020,A/Cambodia/e0826360/2020,160
A/Cambodia/e0826360/2020,A/Cambodia/e0826360/2020,640
A/Bangladesh/4005/2020,A/Cambodia/e0826360/2020,160
A/Stockholm/5/2021,A/Cambodia/e0826360/2020,80
A/Darwin/9/2021,A/Cambodia/e0826360/2020,320
A/England/214191723/2021,A/Cambodia/e0826360/2020,80
A/Kansas/14/2017,A/Cambodia/e0826360/2020,40
A/Pays de Loire/21194/2022,A/Cambodia/e0826360/2020,80
A/Coquelles/21188/2022,A/Cambodia/e0826360/2020,40
A/Lorraine/20876/2022,A/Cambodia/e0826360/2020,40
A/Nord Pas de Calais/27131/2022,A/Cambodia/e0826360/2020,40
A/Bretagne/32468/2022,A/Cambodia/e0826360/2020,40
A/Champagne Ardenne/32870/2022,A/Cambodia/e0826360/2020,80
A/Denmark/3264/2019,A/Bangladesh/4005/2020,160
A/Hong Kong/2671/2019,A/Bangladesh/4005/2020,80
A/Cambodia/925256/2020,A/Bangladesh/4005/2020,160
A/Cambodia/e0826360/2020,A/Bangladesh/4005/2020,160
A/Bangladesh/4005/2020,A/Bangladesh/4005/2020,320
A/Stockholm/5/2021,A/Bangladesh/4005/2020,160
A/Darwin/9/2021,A/Bangladesh/4005/2020,320
A/England/214191723/2021,A/Bangladesh/4005/2020,160
A/Kansas/14/2017,A/Bangladesh/4005/2020,40
A/Pays de Loire/21194/2022,A/Bangladesh/4005/2020,160
A/Coquelles/21188/2022,A/Bangladesh/4005/2020,160
A/Lorraine/20876/2022,A/Bangladesh/4005/2020,160
A/Nord Pas de Calais/27131/2022,A/Bangladesh/4005/2020,160
A/Bretagne/32468/2022,A/Bangladesh/4005/2020,80
A/Champagne Ardenne/32870/2022,A/Bangladesh/4005/2020,80
A/Denmark/3264/2019,A/Stockholm/5/2021,160
A/Hong Kong/2671/2019,A/Stockholm/5/2021,80
A/Cambodia/925256/2020,A/Stockholm/5/2021,160
A/Cambodia/e0826360/2020,A/Stockholm/5/2021,160
A/Bangladesh/4005/2020,A/Stockholm/5/2021,320
A/Stockholm/5/2021,A/Stockholm/5/2021,320
A/Darwin/9/2021,A/Stockholm/5/2021,640
A/England/214191723/2021,A/Stockholm/5/2021,320
A/Kansas/14/2017,A/Stockholm/5/2021,80
A/Pays de Loire/21194/2022,A/Stockholm/5/2021,320
A/Coquelles/21188/2022,A/Stockholm/5/2021,320
A/Lorraine/20876/2022,A/Stockholm/5/2021,320
A/Nord Pas de Calais/27131/2022,A/Stockholm/5/2021,320
A/Bretagne/32468/2022,A/Stockholm/5/2021,160
A/Champagne Ardenne/32870/2022,A/Stockholm/5/2021,160
A/Denmark/3264/2019,A/Darwin/9/2021,160
A/Hong Kong/2671/2019,A/Darwin/9/2021,160
A/Cambodia/925256/2020,A/Darwin/9/2021,160
A/Cambodia/e0826360/2020,A/Darwin/9/2021,320
A/Bangladesh/4005/2020,A/Darwin/9/2021,320
A/Stockholm/5/2021,A/Darwin/9/2021,320
A/Darwin/9/2021,A/Darwin/9/2021,640
A/England/214191723/2021,A/Darwin/9/2021,320
A/Kansas/14/2017,A/Darwin/9/2021,160
A/Pays de Loire/21194/2022,A/Darwin/9/2021,320
A/Coquelles/21188/2022,A/Darwin/9/2021,320
A/Lorraine/20876/2022,A/Darwin/9/2021,320
A/Nord Pas de Calais/27131/2022,A/Darwin/9/2021,320
A/Bretagne/32468/2022,A/Darwin/9/2021,160
A/Champagne Ardenne/32870/2022,A/Darwin/9/2021,320
A/Denmark/3264/2019,A/England/214191723/2021,40
A/Hong Kong/2671/2019,A/England/214191723/2021,<40
A/Cambodia/925256/2020,A/England/214191723/2021,<40
A/Cambodia/e0826360/2020,A/England/214191723/2021,160
A/Bangladesh/4005/2020,A/England/214191723/2021,320
A/Stockholm/5/2021,A/England/214191723/2021,320
A/Darwin/9/2021,A/England/214191723/2021,640
A/England/214191723/2021,A/England/214191723/2021,640
A/Kansas/14/2017,A/England/214191723/2021,40
A/Pays de Loire/21194/2022,A/England/214191723/2021,320
A/Coquelles/21188/2022,A/England/214191723/2021,160
A/Lorraine/20876/2022,A/England/214191723/2021,160
A/Nord Pas de Calais/27131/2022,A/England/214191723/2021,320
A/Bretagne/32468/2022,A/England/214191723/2021,160
A/Champagne Ardenne/32870/2022,A/England/214191723/2021,320
A/Denmark/3264/2019,A/Kansas/14/2017,80
A/Hong Kong/2671/2019,A/Kansas/14/2017,40
A/Cambodia/925256/2020,A/Kansas/14/2017,80
A/Cambodia/e0826360/2020,A/Kansas/14/2017,40
A/Bangladesh/4005/2020,A/Kansas/14/2017,160
A/Stockholm/5/2021,A/Kansas/14/2017,<40
A/Darwin/9/2021,A/Kansas/14/2017,40
A/England/214191723/2021,A/Kansas/14/2017,<40
A/Kansas/14/2017,A/Kansas/14/2017,320
A/Pays de Loire/21194/2022,A/Kansas/14/2017,40
A/Coquelles/21188/2022,A/Kansas/14/2017,<40
A/Lorraine/20876/2022,A/Kansas/14/2017,<40
A/Nord Pas de Calais/27131/2022,A/Kansas/14/2017,<40
A/Bretagne/32468/2022,A/Kansas/14/2017,<40
A/Champagne Ardenne/32870/2022,A/Kansas/14/2017,<40
A/Denmark/3264/2019,A/Denmark/3264/2019,320
A/Hong Kong/2671/2019,A/Denmark/3264/2019,320
A/Cambodia/925256/2020,A/Denmark/3264/2019,80
A/Cambodia/e0826360/2020,A/Denmark/3264/2019,160
A/Bangladesh/4005/2020,A/Denmark/3264/2019,160
A/Thuringen/10/2022,A/Denmark/3264/2019,160
A/Stockholm/5/2021,A/Denmark/3264/2019,40
A/Darwin/9/2021,A/Denmark/3264/2019,80
A/England/214191723/2021,A/Denmark/3264/2019,40
A/Poland/97/2022,A/Denmark/3264/2019,80
A/Kansas/14/2017,A/Denmark/3264/2019,40
A/Catalonia/NSVH101892403/2022,A/Denmark/3264/2019,80
A/Catalonia/NSVH161512067/2022,A/Denmark/3264/2019,160
A/Denmark/3264/2019,A/Hong Kong/2671/2019,320
A/Hong Kong/2671/2019,A/Hong Kong/2671/2019,320
A/Cambodia/925256/2020,A/Hong Kong/2671/2019,160
A/Cambodia/e0826360/2020,A/Hong Kong/2671/2019,<40
A/Bangladesh/4005/2020,A/Hong Kong/2671/2019,<40
A/Thuringen/10/2022,A/Hong Kong/2671/2019,<40
A/Stockholm/5/2021,A/Hong Kong/2671/2019,<40
A/Darwin/9/2021,A/Hong Kong/2671/2019,40
A/England/214191723/2021,A/Hong Kong/2671/2019,<40
A/Poland/97/2022,A/Hong Kong/2671/2019,<40
A/Kansas/14/2017,A/Hong Kong/2671/2019,<40
A/Catalonia/NSVH101892403/2022,A/Hong Kong/2671/2019,<40
A/Catalonia/NSVH161512067/2022,A/Hong Kong/2671/2019,<40
A/Denmark/3264/2019,A/Cambodia/925256/2020,640
A/Hong Kong/2671/2019,A/Cambodia/925256/2020,640
A/Cambodia/925256/2020,A/Cambodia/925256/2020,640
A/Cambodia/e0826360/2020,A/Cambodia/925256/2020,160
A/Bangladesh/4005/2020,A/Cambodia/925256/2020,160
A/Thuringen/10/2022,A/Cambodia/925256/2020,80
A/Stockholm/5/2021,A/Cambodia/925256/2020,40
A/Darwin/9/2021,A/Cambodia/925256/2020,40
A/England/214191723/2021,A/Cambodia/925256/2020,40
A/Poland/97/2022,A/Cambodia/925256/2020,80
A/Kansas/14/2017,A/Cambodia/925256/2020,80
A/Catalonia/NSVH101892403/2022,A/Cambodia/925256/2020,40
A/Catalonia/NSVH161512067/2022,A/Cambodia/925256/2020,80
A/Denmark/3264/2019,A/Cambodia/e0826360/2020,160
A/Hong Kong/2671/2019,A/Cambodia/e0826360/2020,80
A/Cambodia/925256/2020,A/Cambodia/e0826360/2020,160
A/Cambodia/e0826360/2020,A/Cambodia/e0826360/2020,1280
A/Bangladesh/4005/2020,A/Cambodia/e0826360/2020,160
A/Thuringen/10/2022,A/Cambodia/e0826360/2020,160
A/Stockholm/5/2021,A/Cambodia/e0826360/2020,40
A/Darwin/9/2021,A/Cambodia/e0826360/2020,320
A/England/214191723/2021,A/Cambodia/e0826360/2020,40
A/Poland/97/2022,A/Cambodia/e0826360/2020,160
A/Kansas/14/2017,A/Cambodia/e0826360/2020,40
A/Catalonia/NSVH101892403/2022,A/Cambodia/e0826360/2020,80
A/Catalonia/NSVH161512067/2022,A/Cambodia/e0826360/2020,160
A/Denmark/3264/2019,A/Bangladesh/4005/2020,160
A/Hong Kong/2671/2019,A/Bangladesh/4005/2020,160
A/Cambodia/925256/2020,A/Bangladesh/4005/2020,160
A/Cambodia/e0826360/2020,A/Bangladesh/4005/2020,160
A/Bangladesh/4005/2020,A/Bangladesh/4005/2020,640
A/Thuringen/10/2022,A/Bangladesh/4005/2020,320
A/Stockholm/5/2021,A/Bangladesh/4005/2020,160
A/Darwin/9/2021,A/Bangladesh/4005/2020,160
A/England/214191723/2021,A/Bangladesh/4005/2020,80
A/Poland/97/2022,A/Bangladesh/4005/2020,160
A/Kansas/14/2017,A/Bangladesh/4005/2020,40
A/Catalonia/NSVH101892403/2022,A/Bangladesh/4005/2020,160
A/Catalonia/NSVH161512067/2022,A/Bangladesh/4005/2020,160
A/Denmark/3264/2019,A/Thuringen/10/2022,*
A/Hong Kong/2671/2019,A/Thuringen/10/2022,40
A/Cambodia/925256/2020,A/Thuringen/10/2022,*
A/Cambodia/e0826360/2020,A/Thuringen/10/2022,80
A/Bangladesh/4005/2020,A/Thuringen/10/2022,320
A/Thuringen/10/2022,A/Thuringen/10/2022,320
A/Stockholm/5/2021,A/Thuringen/10/2022,160
A/Darwin/9/2021,A/Thuringen/10/2022,160
A/England/214191723/2021,A/Thuringen/10/2022,160
A/Poland/97/2022,A/Thuringen/10/2022,*
A/Kansas/14/2017,A/Thuringen/10/2022,40
A/Catalonia/NSVH101892403/2022,A/Thuringen/10/2022,80
A/Catalonia/NSVH161512067/2022,A/Thuringen/10/2022,160
A/Denmark/3264/2019,A/Stockholm/5/2021,160
A/Hong Kong/2671/2019,A/Stockholm/5/2021,80
A/Cambodia/925256/2020,A/Stockholm/5/2021,160
A/Cambodia/e0826360/2020,A/Stockholm/5/2021,160
A/Bangladesh/4005/2020,A/Stockholm/5/2021,320
A/Thuringen/10/2022,A/Stockholm/5/2021,640
A/Stockholm/5/2021,A/Stockholm/5/2021,320
A/Darwin/9/2021,A/Stockholm/5/2021,320
A/England/214191723/2021,A/Stockholm/5/2021,320
A/Poland/97/2022,A/Stockholm/5/2021,640
A/Kansas/14/2017,A/Stockholm/5/2021,40
A/Catalonia/NSVH101892403/2022,A/Stockholm/5/2021,320
A/Catalonia/NSVH161512067/2022,A/Stockholm/5/2021,640
A/Denmark/3264/2019,A/Darwin/9/2021,160
A/Hong Kong/2671/2019,A/Darwin/9/2021,160
A/Cambodia/925256/2020,A/Darwin/9/2021,160
A/Cambodia/e0826360/2020,A/Darwin/9/2021,320
A/Bangladesh/4005/2020,A/Darwin/9/2021,160
A/Thuringen/10/2022,A/Darwin/9/2021,160
A/Stockholm/5/2021,A/Darwin/9/2021,320
A/Darwin/9/2021,A/Darwin/9/2021,640
A/England/214191723/2021,A/Darwin/9/2021,320
A/Poland/97/2022,A/Darwin/9/2021,640
A/Kansas/14/2017,A/Darwin/9/2021,80
A/Catalonia/NSVH101892403/2022,A/Darwin/9/2021,320
A/Catalonia/NSVH161512067/2022,A/Darwin/9/2021,640
A/Denmark/3264/2019,A/England/214191723/2021,40
A/Hong Kong/2671/2019,A/England/214191723/2021,40
A/Cambodia/925256/2020,A/England/214191723/2021,<40
A/Cambodia/e0826360/2020,A/England/214191723/2021,320
A/Bangladesh/4005/2020,A/England/214191723/2021,320
A/Thuringen/10/2022,A/England/214191723/2021,320
A/Stockholm/5/2021,A/England/214191723/2021,320
A/Darwin/9/2021,A/England/214191723/2021,320
A/England/214191723/2021,A/England/214191723/2021,640
A/Poland/97/2022,A/England/214191723/2021,640
A/Kansas/14/2017,A/England/214191723/2021,40
A/Catalonia/NSVH101892403/2022,A/England/214191723/2021,320
A/Catalonia/NSVH161512067/2022,A/England/214191723/2021,640
A/Denmark/3264/2019,A/Poland/97/2022,*
A/Hong Kong/2671/2019,A/Poland/97/2022,160
A/Cambodia/925256/2020,A/Poland/97/2022,*
A/Cambodia/e0826360/2020,A/Poland/97/2022,80
A/Bangladesh/4005/2020,A/Poland/97/2022,320
A/Thuringen/10/2022,A/Poland/97/2022,*
A/Stockholm/5/2021,A/Poland/97/2022,640
A/Darwin/9/2021,A/Poland/97/2022,640
A/England/214191723/2021,A/Poland/97/2022,320
A/Poland/97/2022,A/Poland/97/2022,1280
A/Kansas/14/2017,A/Poland/97/2022,80
A/Catalonia/NSVH101892403/2022,A/Poland/97/2022,*
A/Catalonia/NSVH161512067/2022,A/Poland/97/2022,*
A/Denmark/3264/2019,A/Kansas/14/2017,80
A/Hong Kong/2671/2019,A/Kansas/14/2017,80
A/Cambodia/925256/2020,A/Kansas/14/2017,80
A/Cambodia/e0826360/2020,A/Kansas/14/2017,80
A/Bangladesh/4005/2020,A/Kansas/14/2017,80
A/Thuringen/10/2022,A/Kansas/14/2017,80
A/Stockholm/5/2021,A/Kansas/14/2017,<40
A/Darwin/9/2021,A/Kansas/14/2017,<40
A/England/214191723/2021,A/Kansas/14/2017,<40
A/Poland/97/2022,A/Kansas/14/2017,40
A/Kansas/14/2017,A/Kansas/14/2017,320
A/Catalonia/NSVH101892403/2022,A/Kansas/14/2017,<40
A/Catalonia/NSVH161512067/2022,A/Kansas/14/2017,40
A/Cambodia/925256/2020,A/Cambodia/925256/2020,640
A/Cambodia/e0826360/2020,A/Cambodia/925256/2020,320
A/Thuringen/10/2022,A/Cambodia/925256/2020,40
A/Stockholm/5/2021,A/Cambodia/925256/2020,160
A/Darwin/9/2021,A/Cambodia/925256/2020,160
A/Norway/24873/2021,A/Cambodia/925256/2020,80
A/Norway/24873/2021,A/Cambodia/925256/2020,160
A/Ghana/1724/2022,A/Cambodia/925256/2020,80
A/Poland/97/2022,A/Cambodia/925256/2020,160
A/Slovenia/8720/2022,A/Cambodia/925256/2020,80
A/Poland/99/2022,A/Cambodia/925256/2020,80
A/Norway/28542/2022,A/Cambodia/925256/2020,40
A/Catalonia/NSVH161512067/2022,A/Cambodia/925256/2020,40
A/Rheinland-Pfalz/16/2022,A/Cambodia/925256/2020,160
A/Niedersachsen/49/2022,A/Cambodia/925256/2020,160
A/Hessen/46/2022,A/Cambodia/925256/2020,80
A/Baden-Wurttemberg/67/2022,A/Cambodia/925256/2020,80
A/Hessen/40/2022,A/Cambodia/925256/2020,80
A/Rheinland-Pfalz/17/2022,A/Cambodia/925256/2020,80
A/Hessen/42/2022,A/Cambodia/925256/2020,40
A/Rheinland-Pfalz/18/2022,A/Cambodia/925256/2020,80
A/Berlin/150/2022,A/Cambodia/925256/2020,160
A/Hessen/45/2022,A/Cambodia/925256/2020,320
A/Thuringen/30/2022,A/Cambodia/925256/2020,80
A/Nordrhein-Westfalen/40/2022,A/Cambodia/925256/2020,80
A/Hessen/41/2022,A/Cambodia/925256/2020,40
A/Nordrhein-Westfalen/36/2022,A/Cambodia/925256/2020,40
A/Berlin/146/2022,A/Cambodia/925256/2020,80
A/Bremen/27/2022,A/Cambodia/925256/2020,160
A/Bremen/30/2022,A/Cambodia/925256/2020,80
A/Nordrhein-Westfalen/37/2022,A/Cambodia/925256/2020,40
A/Baden-Wurttemberg/66/2022,A/Cambodia/925256/2020,80
A/Thuringen/28/2022,A/Cambodia/925256/2020,80
A/Berlin/145/2022,A/Cambodia/925256/2020,40
A/Bremen/29/2022,A/Cambodia/925256/2020,80
A/Bremen/28/2022,A/Cambodia/925256/2020,160
A/Cambodia/925256/2020,A/Cambodia/e0826360/2020,*
A/Cambodia/e0826360/2020,A/Cambodia/e0826360/2020,2560
A/Thuringen/10/2022,A/Cambodia/e0826360/2020,160
A/Stockholm/5/2021,A/Cambodia/e0826360/2020,160
A/Darwin/9/2021,A/Cambodia/e0826360/2020,640
A/Norway/24873/2021,A/Cambodia/e0826360/2020,80
A/Norway/24873/2021,A/Cambodia/e0826360/2020,320
A/Ghana/1724/2022,A/Cambodia/e0826360/2020,80
A/Poland/97/2022,A/Cambodia/e0826360/2020,160
A/Slovenia/8720/2022,A/Cambodia/e0826360/2020,80
A/Poland/99/2022,A/Cambodia/e0826360/2020,40
A/Norway/28542/2022,A/Cambodia/e0826360/2020,80
A/Catalonia/NSVH161512067/2022,A/Cambodia/e0826360/2020,80
A/Rheinland-Pfalz/16/2022,A/Cambodia/e0826360/2020,160
A/Niedersachsen/49/2022,A/Cambodia/e0826360/2020,160
A/Hessen/46/2022,A/Cambodia/e0826360/2020,160
A/Baden-Wurttemberg/67/2022,A/Cambodia/e0826360/2020,160
A/Hessen/40/2022,A/Cambodia/e0826360/2020,160
A/Rheinland-Pfalz/17/2022,A/Cambodia/e0826360/2020,160
A/Hessen/42/2022,A/Cambodia/e0826360/2020,320
A/Rheinland-Pfalz/18/2022,A/Cambodia/e0826360/2020,160
A/Berlin/150/2022,A/Cambodia/e0826360/2020,160
A/Hessen/45/2022,A/Cambodia/e0826360/2020,320
A/Thuringen/30/2022,A/Cambodia/e0826360/2020,160
A/Nordrhein-Westfalen/40/2022,A/Cambodia/e0826360/2020,160
A/Hessen/41/2022,A/Cambodia/e0826360/2020,40
A/Nordrhein-Westfalen/36/2022,A/Cambodia/e0826360/2020,80
A/Berlin/146/2022,A/Cambodia/e0826360/2020,40
A/Bremen/27/2022,A/Cambodia/e0826360/2020,80
A/Bremen/30/2022,A/Cambodia/e0826360/2020,80
A/Nordrhein-Westfalen/37/2022,A/Cambodia/e0826360/2020,40
A/Baden-Wurttemberg/66/2022,A/Cambodia/e0826360/2020,80
A/Thuringen/28/2022,A/Cambodia/e0826360/2020,80
A/Berlin/145/2022,A/Cambodia/e0826360/2020,80
A/Bremen/29/2022,A/Cambodia/e0826360/2020,320
A/Bremen/28/2022,A/Cambodia/e0826360/2020,320
A/Cambodia/925256/2020,A/Thuringen/10/2022,*
A/Cambodia/e0826360/2020,A/Thuringen/10/2022,160
A/Thuringen/10/2022,A/Thuringen/10/2022,160
A/Stockholm/5/2021,A/Thuringen/10/2022,160
A/Darwin/9/2021,A/Thuringen/10/2022,320
A/Norway/24873/2021,A/Thuringen/10/2022,160
A/Norway/24873/2021,A/Thuringen/10/2022,320
A/Ghana/1724/2022,A/Thuringen/10/2022,160
A/Poland/97/2022,A/Thuringen/10/2022,160
A/Slovenia/8720/2022,A/Thuringen/10/2022,160
A/Poland/99/2022,A/Thuringen/10/2022,160
A/Norway/28542/2022,A/Thuringen/10/2022,160
A/Catalonia/NSVH161512067/2022,A/Thuringen/10/2022,160
A/Rheinland-Pfalz/16/2022,A/Thuringen/10/2022,640
A/Niedersachsen/49/2022,A/Thuringen/10/2022,320
A/Hessen/46/2022,A/Thuringen/10/2022,640
A/Baden-Wurttemberg/67/2022,A/Thuringen/10/2022,320
A/Hessen/40/2022,A/Thuringen/10/2022,320
A/Rheinland-Pfalz/17/2022,A/Thuringen/10/2022,160
A/Hessen/42/2022,A/Thuringen/10/2022,320
A/Rheinland-Pfalz/18/2022,A/Thuringen/10/2022,160
A/Berlin/150/2022,A/Thuringen/10/2022,640
A/Hessen/45/2022,A/Thuringen/10/2022,640
A/Thuringen/30/2022,A/Thuringen/10/2022,320
A/Nordrhein-Westfalen/40/2022,A/Thuringen/10/2022,320
A/Hessen/41/2022,A/Thuringen/10/2022,80
A/Nordrhein-Westfalen/36/2022,A/Thuringen/10/2022,80
A/Berlin/146/2022,A/Thuringen/10/2022,160
A/Bremen/27/2022,A/Thuringen/10/2022,320
A/Bremen/30/2022,A/Thuringen/10/2022,160
A/Nordrhein-Westfalen/37/2022,A/Thuringen/10/2022,160
A/Baden-Wurttemberg/66/2022,A/Thuringen/10/2022,160
A/Thuringen/28/2022,A/Thuringen/10/2022,160
A/Berlin/145/2022,A/Thuringen/10/2022,160
A/Bremen/29/2022,A/Thuringen/10/2022,320
A/Bremen/28/2022,A/Thuringen/10/2022,640
A/Cambodia/925256/2020,A/Stockholm/5/2021,*
A/Cambodia/e0826360/2020,A/Stockholm/5/2021,320
A/Thuringen/10/2022,A/Stockholm/5/2021,320
A/Stockholm/5/2021,A/Stockholm/5/2021,1280
A/Darwin/9/2021,A/Stockholm/5/2021,1280
A/Norway/24873/2021,A/Stockholm/5/2021,640
A/Norway/24873/2021,A/Stockholm/5/2021,1280
A/Ghana/1724/2022,A/Stockholm/5/2021,640
A/Poland/97/2022,A/Stockholm/5/2021,1280
A/Slovenia/8720/2022,A/Stockholm/5/2021,640
A/Poland/99/2022,A/Stockholm/5/2021,640
A/Norway/28542/2022,A/Stockholm/5/2021,1280
A/Catalonia/NSVH161512067/2022,A/Stockholm/5/2021,640
A/Rheinland-Pfalz/16/2022,A/Stockholm/5/2021,640
A/Niedersachsen/49/2022,A/Stockholm/5/2021,640
A/Hessen/46/2022,A/Stockholm/5/2021,320
A/Baden-Wurttemberg/67/2022,A/Stockholm/5/2021,320
A/Hessen/40/2022,A/Stockholm/5/2021,320
A/Rheinland-Pfalz/17/2022,A/Stockholm/5/2021,160
A/Hessen/42/2022,A/Stockholm/5/2021,320
A/Rheinland-Pfalz/18/2022,A/Stockholm/5/2021,320
A/Berlin/150/2022,A/Stockholm/5/2021,640
A/Hessen/45/2022,A/Stockholm/5/2021,640
A/Thuringen/30/2022,A/Stockholm/5/2021,320
A/Nordrhein-Westfalen/40/2022,A/Stockholm/5/2021,320
A/Hessen/41/2022,A/Stockholm/5/2021,640
A/Nordrhein-Westfalen/36/2022,A/Stockholm/5/2021,640
A/Berlin/146/2022,A/Stockholm/5/2021,640
A/Bremen/27/2022,A/Stockholm/5/2021,1280
A/Bremen/30/2022,A/Stockholm/5/2021,640
A/Nordrhein-Westfalen/37/2022,A/Stockholm/5/2021,640
A/Baden-Wurttemberg/66/2022,A/Stockholm/5/2021,640
A/Thuringen/28/2022,A/Stockholm/5/2021,640
A/Berlin/145/2022,A/Stockholm/5/2021,320
A/Bremen/29/2022,A/Stockholm/5/2021,640
A/Bremen/28/2022,A/Stockholm/5/2021,640
A/Cambodia/925256/2020,A/Darwin/9/2021,*
A/Cambodia/e0826360/2020,A/Darwin/9/2021,640
A/Thuringen/10/2022,A/Darwin/9/2021,160
A/Stockholm/5/2021,A/Darwin/9/2021,640
A/Darwin/9/2021,A/Darwin/9/2021,640
A/Norway/24873/2021,A/Darwin/9/2021,320
A/Norway/24873/2021,A/Darwin/9/2021,1280
A/Ghana/1724/2022,A/Darwin/9/2021,640
A/Poland/97/2022,A/Darwin/9/2021,640
A/Slovenia/8720/2022,A/Darwin/9/2021,640
A/Poland/99/2022,A/Darwin/9/2021,640
A/Norway/28542/2022,A/Darwin/9/2021,640
A/Catalonia/NSVH161512067/2022,A/Darwin/9/2021,320
A/Rheinland-Pfalz/16/2022,A/Darwin/9/2021,320
A/Niedersachsen/49/2022,A/Darwin/9/2021,320
A/Hessen/46/2022,A/Darwin/9/2021,320
A/Baden-Wurttemberg/67/2022,A/Darwin/9/2021,320
A/Hessen/40/2022,A/Darwin/9/2021,320
A/Rheinland-Pfalz/17/2022,A/Darwin/9/2021,160
A/Hessen/42/2022,A/Darwin/9/2021,160
A/Rheinland-Pfalz/18/2022,A/Darwin/9/2021,160
A/Berlin/150/2022,A/Darwin/9/2021,640
A/Hessen/45/2022,A/Darwin/9/2021,320
A/Thuringen/30/2022,A/Darwin/9/2021,320
A/Nordrhein-Westfalen/40/2022,A/Darwin/9/2021,320
A/Hessen/41/2022,A/Darwin/9/2021,640
A/Nordrhein-Westfalen/36/2022,A/Darwin/9/2021,640
A/Berlin/146/2022,A/Darwin/9/2021,640
A/Bremen/27/2022,A/Darwin/9/2021,1280
A/Bremen/30/2022,A/Darwin/9/2021,640
A/Nordrhein-Westfalen/37/2022,A/Darwin/9/2021,640
A/Baden-Wurttemberg/66/2022,A/Darwin/9/2021,640
A/Thuringen/28/2022,A/Darwin/9/2021,320
A/Berlin/145/2022,A/Darwin/9/2021,320
A/Bremen/29/2022,A/Darwin/9/2021,640
A/Bremen/28/2022,A/Darwin/9/2021,1280
A/Cambodia/925256/2020,A/Norway/24873/2021,*
A/Cambodia/e0826360/2020,A/Norway/24873/2021,80
A/Thuringen/10/2022,A/Norway/24873/2021,80
A/Stockholm/5/2021,A/Norway/24873/2021,160
A/Darwin/9/2021,A/Norway/24873/2021,320
A/Norway/24873/2021,A/Norway/24873/2021,320
A/Norway/24873/2021,A/Norway/24873/2021,640
A/Ghana/1724/2022,A/Norway/24873/2021,320
A/Poland/97/2022,A/Norway/24873/2021,320
A/Slovenia/8720/2022,A/Norway/24873/2021,320
A/Poland/99/2022,A/Norway/24873/2021,160
A/Norway/28542/2022,A/Norway/24873/2021,320
A/Catalonia/NSVH161512067/2022,A/Norway/24873/2021,160
A/Rheinland-Pfalz/16/2022,A/Norway/24873/2021,320
A/Niedersachsen/49/2022,A/Norway/24873/2021,160
A/Hessen/46/2022,A/Norway/24873/2021,80
A/Baden-Wurttemberg/67/2022,A/Norway/24873/2021,80
A/Hessen/40/2022,A/Norway/24873/2021,80
A/Rheinland-Pfalz/17/2022,A/Norway/24873/2021,80
A/Hessen/42/2022,A/Norway/24873/2021,80
A/Rheinland-Pfalz/18/2022,A/Norway/24873/2021,80
A/Berlin/150/2022,A/Norway/24873/2021,320
A/Hessen/45/2022,A/Norway/24873/2021,320
A/Thuringen/30/2022,A/Norway/24873/2021,80
A/Nordrhein-Westfalen/40/2022,A/Norway/24873/2021,160
A/Hessen/41/2022,A/Norway/24873/2021,80
A/Nordrhein-Westfalen/36/2022,A/Norway/24873/2021,160
A/Berlin/146/2022,A/Norway/24873/2021,160
A/Bremen/27/2022,A/Norway/24873/2021,160
A/Bremen/30/2022,A/Norway/24873/2021,320
A/Nordrhein-Westfalen/37/2022,A/Norway/24873/2021,160
A/Baden-Wurttemberg/66/2022,A/Norway/24873/2021,320
A/Thuringen/28/2022,A/Norway/24873/2021,160
A/Berlin/145/2022,A/Norway/24873/2021,320
A/Bremen/29/2022,A/Norway/24873/2021,320
A/Bremen/28/2022,A/Norway/24873/2021,640
A/Cambodia/925256/2020,A/Norway/24873/2021,*
A/Cambodia/e0826360/2020,A/Norway/24873/2021,160
A/Thuringen/10/2022,A/Norway/24873/2021,80
A/Stockholm/5/2021,A/Norway/24873/2021,320
A/Darwin/9/2021,A/Norway/24873/2021,320
A/Norway/24873/2021,A/Norway/24873/2021,640
A/Norway/24873/2021,A/Norway/24873/2021,1280
A/Ghana/1724/2022,A/Norway/24873/2021,320
A/Poland/97/2022,A/Norway/24873/2021,640
A/Slovenia/8720/2022,A/Norway/24873/2021,320
A/Poland/99/2022,A/Norway/24873/2021,160
A/Norway/28542/2022,A/Norway/24873/2021,320
A/Catalonia/NSVH161512067/2022,A/Norway/24873/2021,160
A/Rheinland-Pfalz/16/2022,A/Norway/24873/2021,160
A/Niedersachsen/49/2022,A/Norway/24873/2021,320
A/Hessen/46/2022,A/Norway/24873/2021,160
A/Baden-Wurttemberg/67/2022,A/Norway/24873/2021,160
A/Hessen/40/2022,A/Norway/24873/2021,160
A/Rheinland-Pfalz/17/2022,A/Norway/24873/2021,160
A/Hessen/42/2022,A/Norway/24873/2021,80
A/Rheinland-Pfalz/18/2022,A/Norway/24873/2021,160
A/Berlin/150/2022,A/Norway/24873/2021,160
A/Hessen/45/2022,A/Norway/24873/2021,320
A/Thuringen/30/2022,A/Norway/24873/2021,80
A/Nordrhein-Westfalen/40/2022,A/Norway/24873/2021,80
A/Hessen/41/2022,A/Norway/24873/2021,160
A/Nordrhein-Westfalen/36/2022,A/Norway/24873/2021,320
A/Berlin/146/2022,A/Norway/24873/2021,320
A/Bremen/27/2022,A/Norway/24873/2021,640
A/Bremen/30/2022,A/Norway/24873/2021,320
A/Nordrhein-Westfalen/37/2022,A/Norway/24873/2021,320
A/Baden-Wurttemberg/66/2022,A/Norway/24873/2021,320
A/Thuringen/28/2022,A/Norway/24873/2021,160
A/Berlin/145/2022,A/Norway/24873/2021,640
A/Bremen/29/2022,A/Norway/24873/2021,1280
A/Bremen/28/2022,A/Norway/24873/2021,1280
A/Cambodia/925256/2020,A/Ghana/1724/2022,*
A/Cambodia/e0826360/2020,A/Ghana/1724/2022,<40
A/Thuringen/10/2022,A/Ghana/1724/2022,<40
A/Stockholm/5/2021,A/Ghana/1724/2022,<40
A/Darwin/9/2021,A/Ghana/1724/2022,80
A/Norway/24873/2021,A/Ghana/1724/2022,80
A/Norway/24873/2021,A/Ghana/1724/2022,80
A/Ghana/1724/2022,A/Ghana/1724/2022,80
A/Poland/97/2022,A/Ghana/1724/2022,80
A/Slovenia/8720/2022,A/Ghana/1724/2022,40
A/Poland/99/2022,A/Ghana/1724/2022,<40
A/Norway/28542/2022,A/Ghana/1724/2022,80
A/Catalonia/NSVH161512067/2022,A/Ghana/1724/2022,<40
A/Rheinland-Pfalz/16/2022,A/Ghana/1724/2022,40
A/Niedersachsen/49/2022,A/Ghana/1724/2022,40
A/Hessen/46/2022,A/Ghana/1724/2022,<40
A/Baden-Wurttemberg/67/2022,A/Ghana/1724/2022,<40
A/Hessen/40/2022,A/Ghana/1724/2022,40
A/Rheinland-Pfalz/17/2022,A/Ghana/1724/2022,<40
A/Hessen/42/2022,A/Ghana/1724/2022,<40
A/Rheinland-Pfalz/18/2022,A/Ghana/1724/2022,<40
A/Berlin/150/2022,A/Ghana/1724/2022,<40
A/Hessen/45/2022,A/Ghana/1724/2022,40
A/Thuringen/30/2022,A/Ghana/1724/2022,<40
A/Nordrhein-Westfalen/40/2022,A/Ghana/1724/2022,<40
A/Hessen/41/2022,A/Ghana/1724/2022,<40
A/Nordrhein-Westfalen/36/2022,A/Ghana/1724/2022,40
A/Berlin/146/2022,A/Ghana/1724/2022,80
A/Bremen/27/2022,A/Ghana/1724/2022,40
A/Bremen/30/2022,A/Ghana/1724/2022,40
A/Nordrhein-Westfalen/37/2022,A/Ghana/1724/2022,40
A/Baden-Wurttemberg/66/2022,A/Ghana/1724/2022,<40
A/Thuringen/28/2022,A/Ghana/1724/2022,<40
A/Berlin/145/2022,A/Ghana/1724/2022,80
A/Bremen/29/2022,A/Ghana/1724/2022,160
A/Bremen/28/2022,A/Ghana/1724/2022,160
A/Cambodia/925256/2020,A/Poland/97/2022,*
A/Cambodia/e0826360/2020,A/Poland/97/2022,160
A/Thuringen/10/2022,A/Poland/97/2022,80
A/Stockholm/5/2021,A/Poland/97/2022,640
A/Darwin/9/2021,A/Poland/97/2022,640
A/Norway/24873/2021,A/Poland/97/2022,320
A/Norway/24873/2021,A/Poland/97/2022,640
A/Ghana/1724/2022,A/Poland/97/2022,320
A/Poland/97/2022,A/Poland/97/2022,1280
A/Slovenia/8720/2022,A/Poland/97/2022,640
A/Poland/99/2022,A/Poland/97/2022,640
A/Norway/28542/2022,A/Poland/97/2022,1280
A/Catalonia/NSVH161512067/2022,A/Poland/97/2022,640
A/Rheinland-Pfalz/16/2022,A/Poland/97/2022,160
A/Niedersachsen/49/2022,A/Poland/97/2022,160
A/Hessen/46/2022,A/Poland/97/2022,80
A/Baden-Wurttemberg/67/2022,A/Poland/97/2022,80
A/Hessen/40/2022,A/Poland/97/2022,80
A/Rheinland-Pfalz/17/2022,A/Poland/97/2022,80
A/Hessen/42/2022,A/Poland/97/2022,80
A/Rheinland-Pfalz/18/2022,A/Poland/97/2022,80
A/Berlin/150/2022,A/Poland/97/2022,160
A/Hessen/45/2022,A/Poland/97/2022,160
A/Thuringen/30/2022,A/Poland/97/2022,80
A/Nordrhein-Westfalen/40/2022,A/Poland/97/2022,80
A/Hessen/41/2022,A/Poland/97/2022,320
A/Nordrhein-Westfalen/36/2022,A/Poland/97/2022,320
A/Berlin/146/2022,A/Poland/97/2022,640
A/Bremen/27/2022,A/Poland/97/2022,640
A/Bremen/30/2022,A/Poland/97/2022,640
A/Nordrhein-Westfalen/37/2022,A/Poland/97/2022,640
A/Baden-Wurttemberg/66/2022,A/Poland/97/2022,640
A/Thuringen/28/2022,A/Poland/97/2022,320
A/Berlin/145/2022,A/Poland/97/2022,160
A/Bremen/29/2022,A/Poland/97/2022,320
A/Bremen/28/2022,A/Poland/97/2022,320
A/Cambodia/925256/2020,A/Slovenia/8720/2022,*
A/Cambodia/e0826360/2020,A/Slovenia/8720/2022,160
A/Thuringen/10/2022,A/Slovenia/8720/2022,160
A/Stockholm/5/2021,A/Slovenia/8720/2022,320
A/Darwin/9/2021,A/Slovenia/8720/2022,640
A/Norway/24873/2021,A/Slovenia/8720/2022,320
A/Norway/24873/2021,A/Slovenia/8720/2022,1280
A/Ghana/1724/2022,A/Slovenia/8720/2022,320
A/Poland/97/2022,A/Slovenia/8720/2022,640
A/Slovenia/8720/2022,A/Slovenia/8720/2022,640
A/Poland/99/2022,A/Slovenia/8720/2022,640
A/Norway/28542/2022,A/Slovenia/8720/2022,640
A/Catalonia/NSVH161512067/2022,A/Slovenia/8720/2022,640
A/Rheinland-Pfalz/16/2022,A/Slovenia/8720/2022,160
A/Niedersachsen/49/2022,A/Slovenia/8720/2022,160
A/Hessen/46/2022,A/Slovenia/8720/2022,80
A/Baden-Wurttemberg/67/2022,A/Slovenia/8720/2022,80
A/Hessen/40/2022,A/Slovenia/8720/2022,80
A/Rheinland-Pfalz/17/2022,A/Slovenia/8720/2022,160
A/Hessen/42/2022,A/Slovenia/8720/2022,160
A/Rheinland-Pfalz/18/2022,A/Slovenia/8720/2022,160
A/Berlin/150/2022,A/Slovenia/8720/2022,160
A/Hessen/45/2022,A/Slovenia/8720/2022,160
A/Thuringen/30/2022,A/Slovenia/8720/2022,80
A/Nordrhein-Westfalen/40/2022,A/Slovenia/8720/2022,80
A/Hessen/41/2022,A/Slovenia/8720/2022,640
A/Nordrhein-Westfalen/36/2022,A/Slovenia/8720/2022,640
A/Berlin/146/2022,A/Slovenia/8720/2022,640
A/Bremen/27/2022,A/Slovenia/8720/2022,640
A/Bremen/30/2022,A/Slovenia/8720/2022,1280
A/Nordrhein-Westfalen/37/2022,A/Slovenia/8720/2022,640
A/Baden-Wurttemberg/66/2022,A/Slovenia/8720/2022,640
A/Thuringen/28/2022,A/Slovenia/8720/2022,640
A/Berlin/145/2022,A/Slovenia/8720/2022,160
A/Bremen/29/2022,A/Slovenia/8720/2022,320
A/Bremen/28/2022,A/Slovenia/8720/2022,320
A/Cambodia/925256/2020,A/Poland/99/2022,*
A/Cambodia/e0826360/2020,A/Poland/99/2022,320
A/Thuringen/10/2022,A/Poland/99/2022,80
A/Stockholm/5/2021,A/Poland/99/2022,1280
A/Darwin/9/2021,A/Poland/99/2022,1280
A/Norway/24873/2021,A/Poland/99/2022,640
A/Norway/24873/2021,A/Poland/99/2022,1280
A/Ghana/1724/2022,A/Poland/99/2022,1280
A/Poland/97/2022,A/Poland/99/2022,2560
A/Slovenia/8720/2022,A/Poland/99/2022,2560
A/Poland/99/2022,A/Poland/99/2022,1280
A/Norway/28542/2022,A/Poland/99/2022,2560
A/Catalonia/NSVH161512067/2022,A/Poland/99/2022,1280
A/Rheinland-Pfalz/16/2022,A/Poland/99/2022,320
A/Niedersachsen/49/2022,A/Poland/99/2022,160
A/Hessen/46/2022,A/Poland/99/2022,160
A/Baden-Wurttemberg/67/2022,A/Poland/99/2022,80
A/Hessen/40/2022,A/Poland/99/2022,320
A/Rheinland-Pfalz/17/2022,A/Poland/99/2022,80
A/Hessen/42/2022,A/Poland/99/2022,160
A/Rheinland-Pfalz/18/2022,A/Poland/99/2022,80
A/Berlin/150/2022,A/Poland/99/2022,160
A/Hessen/45/2022,A/Poland/99/2022,160
A/Thuringen/30/2022,A/Poland/99/2022,80
A/Nordrhein-Westfalen/40/2022,A/Poland/99/2022,80
A/Hessen/41/2022,A/Poland/99/2022,1280
A/Nordrhein-Westfalen/36/2022,A/Poland/99/2022,2560
A/Berlin/146/2022,A/Poland/99/2022,2560
A/Bremen/27/2022,A/Poland/99/2022,2560
A/Bremen/30/2022,A/Poland/99/2022,2560
A/Nordrhein-Westfalen/37/2022,A/Poland/99/2022,2560
A/Baden-Wurttemberg/66/2022,A/Poland/99/2022,2560
A/Thuringen/28/2022,A/Poland/99/2022,1280
A/Berlin/145/2022,A/Poland/99/2022,320
A/Bremen/29/2022,A/Poland/99/2022,640
A/Bremen/28/2022,A/Poland/99/2022,1280
A/Cambodia/925256/2020,A/Norway/28542/2022,*
A/Cambodia/e0826360/2020,A/Norway/28542/2022,80
A/Thuringen/10/2022,A/Norway/28542/2022,80
A/Stockholm/5/2021,A/Norway/28542/2022,320
A/Darwin/9/2021,A/Norway/28542/2022,640
A/Norway/24873/2021,A/Norway/28542/2022,160
A/Norway/24873/2021,A/Norway/28542/2022,640
A/Ghana/1724/2022,A/Norway/28542/2022,320
A/Poland/97/2022,A/Norway/28542/2022,1280
A/Slovenia/8720/2022,A/Norway/28542/2022,640
A/Poland/99/2022,A/Norway/28542/2022,320
A/Norway/28542/2022,A/Norway/28542/2022,2560
A/Catalonia/NSVH161512067/2022,A/Norway/28542/2022,320
A/Rheinland-Pfalz/16/2022,A/Norway/28542/2022,160
A/Niedersachsen/49/2022,A/Norway/28542/2022,160
A/Hessen/46/2022,A/Norway/28542/2022,40
A/Baden-Wurttemberg/67/2022,A/Norway/28542/2022,80
A/Hessen/40/2022,A/Norway/28542/2022,80
A/Rheinland-Pfalz/17/2022,A/Norway/28542/2022,80
A/Hessen/42/2022,A/Norway/28542/2022,80
A/Rheinland-Pfalz/18/2022,A/Norway/28542/2022,80
A/Berlin/150/2022,A/Norway/28542/2022,80
A/Hessen/45/2022,A/Norway/28542/2022,160
A/Thuringen/30/2022,A/Norway/28542/2022,80
A/Nordrhein-Westfalen/40/2022,A/Norway/28542/2022,80
A/Hessen/41/2022,A/Norway/28542/2022,320
A/Nordrhein-Westfalen/36/2022,A/Norway/28542/2022,1280
A/Berlin/146/2022,A/Norway/28542/2022,2560
A/Bremen/27/2022,A/Norway/28542/2022,640
A/Bremen/30/2022,A/Norway/28542/2022,640
A/Nordrhein-Westfalen/37/2022,A/Norway/28542/2022,1280
A/Baden-Wurttemberg/66/2022,A/Norway/28542/2022,640
A/Thuringen/28/2022,A/Norway/28542/2022,320
A/Berlin/145/2022,A/Norway/28542/2022,160
A/Bremen/29/2022,A/Norway/28542/2022,320
A/Bremen/28/2022,A/Norway/28542/2022,320
A/Cambodia/925256/2020,A/Catalonia/NSVH-2067/22,*
A/Cambodia/e0826360/2020,A/Catalonia/NSVH-2067/22,40
A/Thuringen/10/2022,A/Catalonia/NSVH-2067/22,80
A/Stockholm/5/2021,A/Catalonia/NSVH-2067/22,160
A/Darwin/9/2021,A/Catalonia/NSVH-2067/22,320
A/Norway/24873/2021,A/Catalonia/NSVH-2067/22,160
A/Norway/24873/2021,A/Catalonia/NSVH-2067/22,320
A/Ghana/1724/2022,A/Catalonia/NSVH-2067/22,320
A/Poland/97/2022,A/Catalonia/NSVH-2067/22,640
A/Slovenia/8720/2022,A/Catalonia/NSVH-2067/22,640
A/Poland/99/2022,A/Catalonia/NSVH-2067/22,640
A/Norway/28542/2022,A/Catalonia/NSVH-2067/22,640
A/Catalonia/NSVH161512067/2022,A/Catalonia/NSVH-2067/22,640
A/Rheinland-Pfalz/16/2022,A/Catalonia/NSVH-2067/22,80
A/Niedersachsen/49/2022,A/Catalonia/NSVH-2067/22,80
A/Hessen/46/2022,A/Catalonia/NSVH-2067/22,40
A/Baden-Wurttemberg/67/2022,A/Catalonia/NSVH-2067/22,80
A/Hessen/40/2022,A/Catalonia/NSVH-2067/22,40
A/Rheinland-Pfalz/17/2022,A/Catalonia/NSVH-2067/22,80
A/Hessen/42/2022,A/Catalonia/NSVH-2067/22,80
A/Rheinland-Pfalz/18/2022,A/Catalonia/NSVH-2067/22,80
A/Berlin/150/2022,A/Catalonia/NSVH-2067/22,80
A/Hessen/45/2022,A/Catalonia/NSVH-2067/22,80
A/Thuringen/30/2022,A/Catalonia/NSVH-2067/22,40
A/Nordrhein-Westfalen/40/2022,A/Catalonia/NSVH-2067/22,40
A/Hessen/41/2022,A/Catalonia/NSVH-2067/22,640
A/Nordrhein-Westfalen/36/2022,A/Catalonia/NSVH-2067/22,640
A/Berlin/146/2022,A/Catalonia/NSVH-2067/22,640
A/Bremen/27/2022,A/Catalonia/NSVH-2067/22,1280
A/Bremen/30/2022,A/Catalonia/NSVH-2067/22,1280
A/Nordrhein-Westfalen/37/2022,A/Catalonia/NSVH-2067/22,640
A/Baden-Wurttemberg/66/2022,A/Catalonia/NSVH-2067/22,640
A/Thuringen/28/2022,A/Catalonia/NSVH-2067/22,1280
A/Berlin/145/2022,A/Catalonia/NSVH-2067/22,160
A/Bremen/29/2022,A/Catalonia/NSVH-2067/22,160
A/Bremen/28/2022,A/Catalonia/NSVH-2067/22,320
A/Cambodia/925256/2020,A/Cambodia/925256/2020,320
A/Cambodia/e0826360/2020,A/Cambodia/925256/2020,160
A/Thuringen/10/2022,A/Cambodia/925256/2020,40
A/Stockholm/5/2021,A/Cambodia/925256/2020,80
A/Darwin/9/2021,A/Cambodia/925256/2020,160
A/Norway/24873/2021,A/Cambodia/925256/2020,80
A/Norway/24873/2021,A/Cambodia/925256/2020,80
A/Poland/97/2022,A/Cambodia/925256/2020,80
A/Slovenia/8720/2022,A/Cambodia/925256/2020,40
A/Catalonia/NSVH161512067/2022,A/Cambodia/925256/2020,40
A/Qatar/21-VI-22-1929386/2022,A/Cambodia/925256/2020,40
A/Qatar/21-VI-22-1929305/2022,A/Cambodia/925256/2020,40
A/Qatar/25-VI-22-1918966/2022,A/Cambodia/925256/2020,40
A/Lisboa/533/2022,A/Cambodia/925256/2020,40
A/Lisboa/576/2022,A/Cambodia/925256/2020,160
A/Lisboa/583/2022,A/Cambodia/925256/2020,80
A/Lisboa/580/2022,A/Cambodia/925256/2020,80
A/Lisboa/582/2022,A/Cambodia/925256/2020,80
A/Lisboa/537/2022,A/Cambodia/925256/2020,80
A/Lisboa/596/2022,A/Cambodia/925256/2020,80
A/Lisboa/593/2022,A/Cambodia/925256/2020,80
A/Lisboa/545/2022,A/Cambodia/925256/2020,80
A/Lisboa/544/2022,A/Cambodia/925256/2020,80
A/Lisboa/616/2022,A/Cambodia/925256/2020,80
A/Lisboa/560/2022,A/Cambodia/925256/2020,80
A/Lisboa/626/2022,A/Cambodia/925256/2020,80
A/Lisboa/563/2022,A/Cambodia/925256/2020,40
A/Lisboa/584/2022,A/Cambodia/925256/2020,80
A/Lisboa/554/2022,A/Cambodia/925256/2020,80
A/Lisboa/595/2022,A/Cambodia/925256/2020,80
A/Catalonia/NSVH198253092/2022,A/Cambodia/925256/2020,40
A/Lisboa/566/2022,A/Cambodia/925256/2020,<40
A/Cambodia/925256/2020,A/Cambodia/e0826360/2020,160
A/Cambodia/e0826360/2020,A/Cambodia/e0826360/2020,1280
A/Thuringen/10/2022,A/Cambodia/e0826360/2020,160
A/Stockholm/5/2021,A/Cambodia/e0826360/2020,160
A/Darwin/9/2021,A/Cambodia/e0826360/2020,640
A/Norway/24873/2021,A/Cambodia/e0826360/2020,80
A/Norway/24873/2021,A/Cambodia/e0826360/2020,320
A/Poland/97/2022,A/Cambodia/e0826360/2020,160
A/Slovenia/8720/2022,A/Cambodia/e0826360/2020,80
A/Catalonia/NSVH161512067/2022,A/Cambodia/e0826360/2020,80
A/Qatar/21-VI-22-1929386/2022,A/Cambodia/e0826360/2020,40
A/Qatar/21-VI-22-1929305/2022,A/Cambodia/e0826360/2020,80
A/Qatar/25-VI-22-1918966/2022,A/Cambodia/e0826360/2020,160
A/Lisboa/533/2022,A/Cambodia/e0826360/2020,80
A/Lisboa/576/2022,A/Cambodia/e0826360/2020,80
A/Lisboa/583/2022,A/Cambodia/e0826360/2020,160
A/Lisboa/580/2022,A/Cambodia/e0826360/2020,80
A/Lisboa/582/2022,A/Cambodia/e0826360/2020,80
A/Lisboa/537/2022,A/Cambodia/e0826360/2020,80
A/Lisboa/596/2022,A/Cambodia/e0826360/2020,80
A/Lisboa/593/2022,A/Cambodia/e0826360/2020,80
A/Lisboa/545/2022,A/Cambodia/e0826360/2020,80
A/Lisboa/544/2022,A/Cambodia/e0826360/2020,160
A/Lisboa/616/2022,A/Cambodia/e0826360/2020,160
A/Lisboa/560/2022,A/Cambodia/e0826360/2020,80
A/Lisboa/626/2022,A/Cambodia/e0826360/2020,80
A/Lisboa/563/2022,A/Cambodia/e0826360/2020,80
A/Lisboa/584/2022,A/Cambodia/e0826360/2020,160
A/Lisboa/554/2022,A/Cambodia/e0826360/2020,160
A/Lisboa/595/2022,A/Cambodia/e0826360/2020,160
A/Catalonia/NSVH198253092/2022,A/Cambodia/e0826360/2020,80
A/Lisboa/566/2022,A/Cambodia/e0826360/2020,40
A/Cambodia/925256/2020,A/Thuringen/10/2022,<40
A/Cambodia/e0826360/2020,A/Thuringen/10/2022,80
A/Thuringen/10/2022,A/Thuringen/10/2022,320
A/Stockholm/5/2021,A/Thuringen/10/2022,80
A/Darwin/9/2021,A/Thuringen/10/2022,320
A/Norway/24873/2021,A/Thuringen/10/2022,160
A/Norway/24873/2021,A/Thuringen/10/2022,320
A/Poland/97/2022,A/Thuringen/10/2022,80
A/Slovenia/8720/2022,A/Thuringen/10/2022,80
A/Catalonia/NSVH161512067/2022,A/Thuringen/10/2022,80
A/Qatar/21-VI-22-1929386/2022,A/Thuringen/10/2022,40
A/Qatar/21-VI-22-1929305/2022,A/Thuringen/10/2022,80
A/Qatar/25-VI-22-1918966/2022,A/Thuringen/10/2022,160
A/Lisboa/533/2022,A/Thuringen/10/2022,160
A/Lisboa/576/2022,A/Thuringen/10/2022,320
A/Lisboa/583/2022,A/Thuringen/10/2022,320
A/Lisboa/580/2022,A/Thuringen/10/2022,320
A/Lisboa/582/2022,A/Thuringen/10/2022,320
A/Lisboa/537/2022,A/Thuringen/10/2022,320
A/Lisboa/596/2022,A/Thuringen/10/2022,160
A/Lisboa/593/2022,A/Thuringen/10/2022,320
A/Lisboa/545/2022,A/Thuringen/10/2022,160
A/Lisboa/544/2022,A/Thuringen/10/2022,320
A/Lisboa/616/2022,A/Thuringen/10/2022,320
A/Lisboa/560/2022,A/Thuringen/10/2022,320
A/Lisboa/626/2022,A/Thuringen/10/2022,320
A/Lisboa/563/2022,A/Thuringen/10/2022,160
A/Lisboa/584/2022,A/Thuringen/10/2022,320
A/Lisboa/554/2022,A/Thuringen/10/2022,320
A/Lisboa/595/2022,A/Thuringen/10/2022,320
A/Catalonia/NSVH198253092/2022,A/Thuringen/10/2022,80
A/Lisboa/566/2022,A/Thuringen/10/2022,40
A/Cambodia/925256/2020,A/Stockholm/5/2021,160
A/Cambodia/e0826360/2020,A/Stockholm/5/2021,160
A/Thuringen/10/2022,A/Stockholm/5/2021,320
A/Stockholm/5/2021,A/Stockholm/5/2021,640
A/Darwin/9/2021,A/Stockholm/5/2021,1280
A/Norway/24873/2021,A/Stockholm/5/2021,640
A/Norway/24873/2021,A/Stockholm/5/2021,1280
A/Poland/97/2022,A/Stockholm/5/2021,1280
A/Slovenia/8720/2022,A/Stockholm/5/2021,640
A/Catalonia/NSVH161512067/2022,A/Stockholm/5/2021,320
A/Qatar/21-VI-22-1929386/2022,A/Stockholm/5/2021,80
A/Qatar/21-VI-22-1929305/2022,A/Stockholm/5/2021,160
A/Qatar/25-VI-22-1918966/2022,A/Stockholm/5/2021,160
A/Lisboa/533/2022,A/Stockholm/5/2021,160
A/Lisboa/576/2022,A/Stockholm/5/2021,160
A/Lisboa/583/2022,A/Stockholm/5/2021,320
A/Lisboa/580/2022,A/Stockholm/5/2021,320
A/Lisboa/582/2022,A/Stockholm/5/2021,320
A/Lisboa/537/2022,A/Stockholm/5/2021,320
A/Lisboa/596/2022,A/Stockholm/5/2021,160
A/Lisboa/593/2022,A/Stockholm/5/2021,320
A/Lisboa/545/2022,A/Stockholm/5/2021,320
A/Lisboa/544/2022,A/Stockholm/5/2021,320
A/Lisboa/616/2022,A/Stockholm/5/2021,320
A/Lisboa/560/2022,A/Stockholm/5/2021,320
A/Lisboa/626/2022,A/Stockholm/5/2021,320
A/Lisboa/563/2022,A/Stockholm/5/2021,160
A/Lisboa/584/2022,A/Stockholm/5/2021,320
A/Lisboa/554/2022,A/Stockholm/5/2021,320
A/Lisboa/595/2022,A/Stockholm/5/2021,320
A/Catalonia/NSVH198253092/2022,A/Stockholm/5/2021,320
A/Lisboa/566/2022,A/Stockholm/5/2021,160
A/Cambodia/925256/2020,A/Darwin/9/2021,160
A/Cambodia/e0826360/2020,A/Darwin/9/2021,320
A/Thuringen/10/2022,A/Darwin/9/2021,320
A/Stockholm/5/2021,A/Darwin/9/2021,640
A/Darwin/9/2021,A/Darwin/9/2021,1280
A/Norway/24873/2021,A/Darwin/9/2021,320
A/Norway/24873/2021,A/Darwin/9/2021,640
A/Poland/97/2022,A/Darwin/9/2021,640
A/Slovenia/8720/2022,A/Darwin/9/2021,320
A/Catalonia/NSVH161512067/2022,A/Darwin/9/2021,320
A/Qatar/21-VI-22-1929386/2022,A/Darwin/9/2021,160
A/Qatar/21-VI-22-1929305/2022,A/Darwin/9/2021,320
A/Qatar/25-VI-22-1918966/2022,A/Darwin/9/2021,320
A/Lisboa/533/2022,A/Darwin/9/2021,160
A/Lisboa/576/2022,A/Darwin/9/2021,160
A/Lisboa/583/2022,A/Darwin/9/2021,160
A/Lisboa/580/2022,A/Darwin/9/2021,160
A/Lisboa/582/2022,A/Darwin/9/2021,160
A/Lisboa/537/2022,A/Darwin/9/2021,160
A/Lisboa/596/2022,A/Darwin/9/2021,160
A/Lisboa/593/2022,A/Darwin/9/2021,160
A/Lisboa/545/2022,A/Darwin/9/2021,160
A/Lisboa/544/2022,A/Darwin/9/2021,160
A/Lisboa/616/2022,A/Darwin/9/2021,160
A/Lisboa/560/2022,A/Darwin/9/2021,160
A/Lisboa/626/2022,A/Darwin/9/2021,160
A/Lisboa/563/2022,A/Darwin/9/2021,160
A/Lisboa/584/2022,A/Darwin/9/2021,160
A/Lisboa/554/2022,A/Darwin/9/2021,160
A/Lisboa/595/2022,A/Darwin/9/2021,320
A/Catalonia/NSVH198253092/2022,A/Darwin/9/2021,320
A/Lisboa/566/2022,A/Darwin/9/2021,160
A/Cambodia/925256/2020,A/Norway/24873/2021,<40
A/Cambodia/e0826360/2020,A/Norway/24873/2021,40
A/Thuringen/10/2022,A/Norway/24873/2021,80
A/Stockholm/5/2021,A/Norway/24873/2021,80
A/Darwin/9/2021,A/Norway/24873/2021,320
A/Norway/24873/2021,A/Norway/24873/2021,160
A/Norway/24873/2021,A/Norway/24873/2021,320
A/Poland/97/2022,A/Norway/24873/2021,160
A/Slovenia/8720/2022,A/Norway/24873/2021,160
A/Catalonia/NSVH161512067/2022,A/Norway/24873/2021,160
A/Qatar/21-VI-22-1929386/2022,A/Norway/24873/2021,80
A/Qatar/21-VI-22-1929305/2022,A/Norway/24873/2021,160
A/Qatar/25-VI-22-1918966/2022,A/Norway/24873/2021,160
A/Lisboa/533/2022,A/Norway/24873/2021,40
A/Lisboa/576/2022,A/Norway/24873/2021,320
A/Lisboa/583/2022,A/Norway/24873/2021,80
A/Lisboa/580/2022,A/Norway/24873/2021,40
A/Lisboa/582/2022,A/Norway/24873/2021,40
A/Lisboa/537/2022,A/Norway/24873/2021,40
A/Lisboa/596/2022,A/Norway/24873/2021,40
A/Lisboa/593/2022,A/Norway/24873/2021,40
A/Lisboa/545/2022,A/Norway/24873/2021,40
A/Lisboa/544/2022,A/Norway/24873/2021,80
A/Lisboa/616/2022,A/Norway/24873/2021,40
A/Lisboa/560/2022,A/Norway/24873/2021,40
A/Lisboa/626/2022,A/Norway/24873/2021,40
A/Lisboa/563/2022,A/Norway/24873/2021,40
A/Lisboa/584/2022,A/Norway/24873/2021,80
A/Lisboa/554/2022,A/Norway/24873/2021,80
A/Lisboa/595/2022,A/Norway/24873/2021,80
A/Catalonia/NSVH198253092/2022,A/Norway/24873/2021,40
A/Lisboa/566/2022,A/Norway/24873/2021,40
A/Cambodia/925256/2020,A/Norway/24873/2021,<40
A/Cambodia/e0826360/2020,A/Norway/24873/2021,80
A/Thuringen/10/2022,A/Norway/24873/2021,160
A/Stockholm/5/2021,A/Norway/24873/2021,160
A/Darwin/9/2021,A/Norway/24873/2021,320
A/Norway/24873/2021,A/Norway/24873/2021,320
A/Norway/24873/2021,A/Norway/24873/2021,640
A/Poland/97/2022,A/Norway/24873/2021,320
A/Slovenia/8720/2022,A/Norway/24873/2021,160
A/Catalonia/NSVH161512067/2022,A/Norway/24873/2021,160
A/Qatar/21-VI-22-1929386/2022,A/Norway/24873/2021,160
A/Qatar/21-VI-22-1929305/2022,A/Norway/24873/2021,320
A/Qatar/25-VI-22-1918966/2022,A/Norway/24873/2021,640
A/Lisboa/533/2022,A/Norway/24873/2021,80
A/Lisboa/576/2022,A/Norway/24873/2021,80
A/Lisboa/583/2022,A/Norway/24873/2021,80
A/Lisboa/580/2022,A/Norway/24873/2021,80
A/Lisboa/582/2022,A/Norway/24873/2021,80
A/Lisboa/537/2022,A/Norway/24873/2021,80
A/Lisboa/596/2022,A/Norway/24873/2021,80
A/Lisboa/593/2022,A/Norway/24873/2021,80
A/Lisboa/545/2022,A/Norway/24873/2021,80
A/Lisboa/544/2022,A/Norway/24873/2021,80
A/Lisboa/616/2022,A/Norway/24873/2021,80
A/Lisboa/560/2022,A/Norway/24873/2021,80
A/Lisboa/626/2022,A/Norway/24873/2021,80
A/Lisboa/563/2022,A/Norway/24873/2021,80
A/Lisboa/584/2022,A/Norway/24873/2021,80
A/Lisboa/554/2022,A/Norway/24873/2021,80
A/Lisboa/595/2022,A/Norway/24873/2021,160
A/Catalonia/NSVH198253092/2022,A/Norway/24873/2021,160
A/Lisboa/566/2022,A/Norway/24873/2021,80
A/Cambodia/925256/2020,A/Poland/97/2022,80
A/Cambodia/e0826360/2020,A/Poland/97/2022,80
A/Thuringen/10/2022,A/Poland/97/2022,80
A/Stockholm/5/2021,A/Poland/97/2022,320
A/Darwin/9/2021,A/Poland/97/2022,640
A/Norway/24873/2021,A/Poland/97/2022,320
A/Norway/24873/2021,A/Poland/97/2022,640
A/Poland/97/2022,A/Poland/97/2022,640
A/Slovenia/8720/2022,A/Poland/97/2022,320
A/Catalonia/NSVH161512067/2022,A/Poland/97/2022,640
A/Qatar/21-VI-22-1929386/2022,A/Poland/97/2022,80
A/Qatar/21-VI-22-1929305/2022,A/Poland/97/2022,160
A/Qatar/25-VI-22-1918966/2022,A/Poland/97/2022,80
A/Lisboa/533/2022,A/Poland/97/2022,80
A/Lisboa/576/2022,A/Poland/97/2022,80
A/Lisboa/583/2022,A/Poland/97/2022,80
A/Lisboa/580/2022,A/Poland/97/2022,80
A/Lisboa/582/2022,A/Poland/97/2022,80
A/Lisboa/537/2022,A/Poland/97/2022,80
A/Lisboa/596/2022,A/Poland/97/2022,80
A/Lisboa/593/2022,A/Poland/97/2022,80
A/Lisboa/545/2022,A/Poland/97/2022,80
A/Lisboa/544/2022,A/Poland/97/2022,80
A/Lisboa/616/2022,A/Poland/97/2022,80
A/Lisboa/560/2022,A/Poland/97/2022,80
A/Lisboa/626/2022,A/Poland/97/2022,80
A/Lisboa/563/2022,A/Poland/97/2022,40
A/Lisboa/584/2022,A/Poland/97/2022,80
A/Lisboa/554/2022,A/Poland/97/2022,80
A/Lisboa/595/2022,A/Poland/97/2022,80
A/Catalonia/NSVH198253092/2022,A/Poland/97/2022,320
A/Lisboa/566/2022,A/Poland/97/2022,160
A/Cambodia/925256/2020,A/Slovenia/8720/2022,<40
A/Cambodia/e0826360/2020,A/Slovenia/8720/2022,80
A/Thuringen/10/2022,A/Slovenia/8720/2022,160
A/Stockholm/5/2021,A/Slovenia/8720/2022,320
A/Darwin/9/2021,A/Slovenia/8720/2022,640
A/Norway/24873/2021,A/Slovenia/8720/2022,160
A/Norway/24873/2021,A/Slovenia/8720/2022,640
A/Poland/97/2022,A/Slovenia/8720/2022,320
A/Slovenia/8720/2022,A/Slovenia/8720/2022,640
A/Catalonia/NSVH161512067/2022,A/Slovenia/8720/2022,640
A/Qatar/21-VI-22-1929386/2022,A/Slovenia/8720/2022,80
A/Qatar/21-VI-22-1929305/2022,A/Slovenia/8720/2022,160
A/Qatar/25-VI-22-1918966/2022,A/Slovenia/8720/2022,160
A/Lisboa/533/2022,A/Slovenia/8720/2022,80
A/Lisboa/576/2022,A/Slovenia/8720/2022,640
A/Lisboa/583/2022,A/Slovenia/8720/2022,80
A/Lisboa/580/2022,A/Slovenia/8720/2022,80
A/Lisboa/582/2022,A/Slovenia/8720/2022,80
A/Lisboa/537/2022,A/Slovenia/8720/2022,80
A/Lisboa/596/2022,A/Slovenia/8720/2022,80
A/Lisboa/593/2022,A/Slovenia/8720/2022,80
A/Lisboa/545/2022,A/Slovenia/8720/2022,80
A/Lisboa/544/2022,A/Slovenia/8720/2022,80
A/Lisboa/616/2022,A/Slovenia/8720/2022,80
A/Lisboa/560/2022,A/Slovenia/8720/2022,80
A/Lisboa/626/2022,A/Slovenia/8720/2022,80
A/Lisboa/563/2022,A/Slovenia/8720/2022,80
A/Lisboa/584/2022,A/Slovenia/8720/2022,80
A/Lisboa/554/2022,A/Slovenia/8720/2022,80
A/Lisboa/595/2022,A/Slovenia/8720/2022,160
A/Catalonia/NSVH198253092/2022,A/Slovenia/8720/2022,320
A/Lisboa/566/2022,A/Slovenia/8720/2022,160
A/Cambodia/925256/2020,A/Catalonia/NSVH-2067/22,<40
A/Cambodia/e0826360/2020,A/Catalonia/NSVH-2067/22,<40
A/Thuringen/10/2022,A/Catalonia/NSVH-2067/22,80
A/Stockholm/5/2021,A/Catalonia/NSVH-2067/22,160
A/Darwin/9/2021,A/Catalonia/NSVH-2067/22,320
A/Norway/24873/2021,A/Catalonia/NSVH-2067/22,160
A/Norway/24873/2021,A/Catalonia/NSVH-2067/22,160
A/Poland/97/2022,A/Catalonia/NSVH-2067/22,640
A/Slovenia/8720/2022,A/Catalonia/NSVH-2067/22,640
A/Catalonia/NSVH161512067/2022,A/Catalonia/NSVH-2067/22,640
A/Qatar/21-VI-22-1929386/2022,A/Catalonia/NSVH-2067/22,40
A/Qatar/21-VI-22-1929305/2022,A/Catalonia/NSVH-2067/22,80
A/Qatar/25-VI-22-1918966/2022,A/Catalonia/NSVH-2067/22,80
A/Lisboa/533/2022,A/Catalonia/NSVH-2067/22,40
A/Lisboa/576/2022,A/Catalonia/NSVH-2067/22,80
A/Lisboa/583/2022,A/Catalonia/NSVH-2067/22,40
A/Lisboa/580/2022,A/Catalonia/NSVH-2067/22,40
A/Lisboa/582/2022,A/Catalonia/NSVH-2067/22,40
A/Lisboa/537/2022,A/Catalonia/NSVH-2067/22,40
A/Lisboa/596/2022,A/Catalonia/NSVH-2067/22,40
A/Lisboa/593/2022,A/Catalonia/NSVH-2067/22,40
A/Lisboa/545/2022,A/Catalonia/NSVH-2067/22,40
A/Lisboa/544/2022,A/Catalonia/NSVH-2067/22,40
A/Lisboa/616/2022,A/Catalonia/NSVH-2067/22,40
A/Lisboa/560/2022,A/Catalonia/NSVH-2067/22,40
A/Lisboa/626/2022,A/Catalonia/NSVH-2067/22,40
A/Lisboa/563/2022,A/Catalonia/NSVH-2067/22,40
A/Lisboa/584/2022,A/Catalonia/NSVH-2067/22,40
A/Lisboa/554/2022,A/Catalonia/NSVH-2067/22,40
A/Lisboa/595/2022,A/Catalonia/NSVH-2067/22,80
A/Catalonia/NSVH198253092/2022,A/Catalonia/NSVH-2067/22,320
A/Lisboa/566/2022,A/Catalonia/NSVH-2067/22,160
A/Cambodia/925256/2020,A/Cambodia/925256/2020,320
A/Cambodia/e0826360/2020,A/Cambodia/925256/2020,80
A/Thuringen/10/2022,A/Cambodia/925256/2020,80
A/Stockholm/5/2021,A/Cambodia/925256/2020,80
A/Darwin/9/2021,A/Cambodia/925256/2020,80
A/Norway/24873/2021,A/Cambodia/925256/2020,80
A/Norway/24873/2021,A/Cambodia/925256/2020,40
A/Poland/97/2022,A/Cambodia/925256/2020,40
A/Slovenia/8720/2022,A/Cambodia/925256/2020,40
A/Catalonia/NSVH161512067/2022,A/Cambodia/925256/2020,40
A/South Africa/R07061/2022,A/Cambodia/925256/2020,80
A/Catalonia/NSVH198242704/2022,A/Cambodia/925256/2020,80
A/Qatar/25-VI-22-1930279/2022,A/Cambodia/925256/2020,80
A/Qatar/10-VI-22-1933793/2022,A/Cambodia/925256/2020,80
A/Lisboa/532/2022,A/Cambodia/925256/2020,40
A/Lisboa/524/2022,A/Cambodia/925256/2020,40
A/Lisboa/534/2022,A/Cambodia/925256/2020,40
A/Lisboa/578/2022,A/Cambodia/925256/2020,80
A/Lisboa/577/2022,A/Cambodia/925256/2020,40
A/Lisboa/535/2022,A/Cambodia/925256/2020,40
A/Ile de France/52489/2022,A/Cambodia/925256/2020,40
A/Lisboa/579/2022,A/Cambodia/925256/2020,80
A/Ile de France/53172/2022,A/Cambodia/925256/2020,40
A/Lisboa/572/2022,A/Cambodia/925256/2020,80
A/Lisboa/570/2022,A/Cambodia/925256/2020,80
A/Lourdes/53101/2022,A/Cambodia/925256/2020,40
A/Lisboa/561/2022,A/Cambodia/925256/2020,80
A/Lisboa/597/2022,A/Cambodia/925256/2020,40
A/Lisboa/557/2022,A/Cambodia/925256/2020,40
A/Lille/50053/2022,A/Cambodia/925256/2020,80
A/Madrid/3803/2022,A/Cambodia/925256/2020,40
A/Catalonia/NSVH560025968/2022,A/Cambodia/925256/2020,<40
A/Catalonia/NSVH198253201/2022,A/Cambodia/925256/2020,<40
A/Catalonia/NSVH172304934/2022,A/Cambodia/925256/2020,40
A/Catalonia/NSVH531046263/2022,A/Cambodia/925256/2020,<40
A/Qatar/10-VI-22-2015495/2022,A/Cambodia/925256/2020,40
A/Qatar/10-VI-22-2015935/2022,A/Cambodia/925256/2020,<40
A/Fort-De-France/53862/2022,A/Cambodia/925256/2020,80
A/Qatar/16-VI-22-1972944/2022,A/Cambodia/925256/2020,40
A/Cambodia/925256/2020,A/Cambodia/e0826360/2020,*
A/Cambodia/e0826360/2020,A/Cambodia/e0826360/2020,640
A/Thuringen/10/2022,A/Cambodia/e0826360/2020,160
A/Stockholm/5/2021,A/Cambodia/e0826360/2020,80
A/Darwin/9/2021,A/Cambodia/e0826360/2020,320
A/Norway/24873/2021,A/Cambodia/e0826360/2020,80
A/Norway/24873/2021,A/Cambodia/e0826360/2020,320
A/Poland/97/2022,A/Cambodia/e0826360/2020,160
A/Slovenia/8720/2022,A/Cambodia/e0826360/2020,80
A/Catalonia/NSVH161512067/2022,A/Cambodia/e0826360/2020,80
A/South Africa/R07061/2022,A/Cambodia/e0826360/2020,320
A/Catalonia/NSVH198242704/2022,A/Cambodia/e0826360/2020,80
A/Qatar/25-VI-22-1930279/2022,A/Cambodia/e0826360/2020,80
A/Qatar/10-VI-22-1933793/2022,A/Cambodia/e0826360/2020,80
A/Lisboa/532/2022,A/Cambodia/e0826360/2020,80
A/Lisboa/524/2022,A/Cambodia/e0826360/2020,80
A/Lisboa/534/2022,A/Cambodia/e0826360/2020,80
A/Lisboa/578/2022,A/Cambodia/e0826360/2020,80
A/Lisboa/577/2022,A/Cambodia/e0826360/2020,80
A/Lisboa/535/2022,A/Cambodia/e0826360/2020,80
A/Ile de France/52489/2022,A/Cambodia/e0826360/2020,80
A/Lisboa/579/2022,A/Cambodia/e0826360/2020,160
A/Ile de France/53172/2022,A/Cambodia/e0826360/2020,80
A/Lisboa/572/2022,A/Cambodia/e0826360/2020,160
A/Lisboa/570/2022,A/Cambodia/e0826360/2020,160
A/Lourdes/53101/2022,A/Cambodia/e0826360/2020,160
A/Lisboa/561/2022,A/Cambodia/e0826360/2020,160
A/Lisboa/597/2022,A/Cambodia/e0826360/2020,80
A/Lisboa/557/2022,A/Cambodia/e0826360/2020,80
A/Lille/50053/2022,A/Cambodia/e0826360/2020,160
A/Madrid/3803/2022,A/Cambodia/e0826360/2020,80
A/Catalonia/NSVH560025968/2022,A/Cambodia/e0826360/2020,40
A/Catalonia/NSVH198253201/2022,A/Cambodia/e0826360/2020,40
A/Catalonia/NSVH172304934/2022,A/Cambodia/e0826360/2020,80
A/Catalonia/NSVH531046263/2022,A/Cambodia/e0826360/2020,40
A/Qatar/10-VI-22-2015495/2022,A/Cambodia/e0826360/2020,80
A/Qatar/10-VI-22-2015935/2022,A/Cambodia/e0826360/2020,80
A/Fort-De-France/53862/2022,A/Cambodia/e0826360/2020,80
A/Qatar/16-VI-22-1972944/2022,A/Cambodia/e0826360/2020,40
A/Cambodia/925256/2020,A/Thuringen/10/2022,*
A/Cambodia/e0826360/2020,A/Thuringen/10/2022,40
A/Thuringen/10/2022,A/Thuringen/10/2022,320
A/Stockholm/5/2021,A/Thuringen/10/2022,80
A/Darwin/9/2021,A/Thuringen/10/2022,160
A/Norway/24873/2021,A/Thuringen/10/2022,80
A/Norway/24873/2021,A/Thuringen/10/2022,160
A/Poland/97/2022,A/Thuringen/10/2022,80
A/Slovenia/8720/2022,A/Thuringen/10/2022,80
A/Catalonia/NSVH161512067/2022,A/Thuringen/10/2022,80
A/South Africa/R07061/2022,A/Thuringen/10/2022,160
A/Catalonia/NSVH198242704/2022,A/Thuringen/10/2022,160
A/Qatar/25-VI-22-1930279/2022,A/Thuringen/10/2022,80
A/Qatar/10-VI-22-1933793/2022,A/Thuringen/10/2022,160
A/Lisboa/532/2022,A/Thuringen/10/2022,160
A/Lisboa/524/2022,A/Thuringen/10/2022,160
A/Lisboa/534/2022,A/Thuringen/10/2022,320
A/Lisboa/578/2022,A/Thuringen/10/2022,320
A/Lisboa/577/2022,A/Thuringen/10/2022,160
A/Lisboa/535/2022,A/Thuringen/10/2022,320
A/Ile de France/52489/2022,A/Thuringen/10/2022,160
A/Lisboa/579/2022,A/Thuringen/10/2022,320
A/Ile de France/53172/2022,A/Thuringen/10/2022,320
A/Lisboa/572/2022,A/Thuringen/10/2022,320
A/Lisboa/570/2022,A/Thuringen/10/2022,320
A/Lourdes/53101/2022,A/Thuringen/10/2022,320
A/Lisboa/561/2022,A/Thuringen/10/2022,320
A/Lisboa/597/2022,A/Thuringen/10/2022,320
A/Lisboa/557/2022,A/Thuringen/10/2022,320
A/Lille/50053/2022,A/Thuringen/10/2022,40
A/Madrid/3803/2022,A/Thuringen/10/2022,40
A/Catalonia/NSVH560025968/2022,A/Thuringen/10/2022,80
A/Catalonia/NSVH198253201/2022,A/Thuringen/10/2022,80
A/Catalonia/NSVH172304934/2022,A/Thuringen/10/2022,80
A/Catalonia/NSVH531046263/2022,A/Thuringen/10/2022,80
A/Qatar/10-VI-22-2015495/2022,A/Thuringen/10/2022,160
A/Qatar/10-VI-22-2015935/2022,A/Thuringen/10/2022,80
A/Fort-De-France/53862/2022,A/Thuringen/10/2022,160
A/Qatar/16-VI-22-1972944/2022,A/Thuringen/10/2022,80
A/Cambodia/925256/2020,A/Stockholm/5/2021,*
A/Cambodia/e0826360/2020,A/Stockholm/5/2021,160
A/Thuringen/10/2022,A/Stockholm/5/2021,640
A/Stockholm/5/2021,A/Stockholm/5/2021,640
A/Darwin/9/2021,A/Stockholm/5/2021,640
A/Norway/24873/2021,A/Stockholm/5/2021,320
A/Norway/24873/2021,A/Stockholm/5/2021,640
A/Poland/97/2022,A/Stockholm/5/2021,1280
A/Slovenia/8720/2022,A/Stockholm/5/2021,640
A/Catalonia/NSVH161512067/2022,A/Stockholm/5/2021,320
A/South Africa/R07061/2022,A/Stockholm/5/2021,320
A/Catalonia/NSVH198242704/2022,A/Stockholm/5/2021,320
A/Qatar/25-VI-22-1930279/2022,A/Stockholm/5/2021,320
A/Qatar/10-VI-22-1933793/2022,A/Stockholm/5/2021,320
A/Lisboa/532/2022,A/Stockholm/5/2021,320
A/Lisboa/524/2022,A/Stockholm/5/2021,320
A/Lisboa/534/2022,A/Stockholm/5/2021,160
A/Lisboa/578/2022,A/Stockholm/5/2021,320
A/Lisboa/577/2022,A/Stockholm/5/2021,160
A/Lisboa/535/2022,A/Stockholm/5/2021,320
A/Ile de France/52489/2022,A/Stockholm/5/2021,320
A/Lisboa/579/2022,A/Stockholm/5/2021,320
A/Ile de France/53172/2022,A/Stockholm/5/2021,320
A/Lisboa/572/2022,A/Stockholm/5/2021,320
A/Lisboa/570/2022,A/Stockholm/5/2021,320
A/Lourdes/53101/2022,A/Stockholm/5/2021,320
A/Lisboa/561/2022,A/Stockholm/5/2021,320
A/Lisboa/597/2022,A/Stockholm/5/2021,320
A/Lisboa/557/2022,A/Stockholm/5/2021,320
A/Lille/50053/2022,A/Stockholm/5/2021,320
A/Madrid/3803/2022,A/Stockholm/5/2021,320
A/Catalonia/NSVH560025968/2022,A/Stockholm/5/2021,160
A/Catalonia/NSVH198253201/2022,A/Stockholm/5/2021,160
A/Catalonia/NSVH172304934/2022,A/Stockholm/5/2021,320
A/Catalonia/NSVH531046263/2022,A/Stockholm/5/2021,160
A/Qatar/10-VI-22-2015495/2022,A/Stockholm/5/2021,320
A/Qatar/10-VI-22-2015935/2022,A/Stockholm/5/2021,160
A/Fort-De-France/53862/2022,A/Stockholm/5/2021,640
A/Qatar/16-VI-22-1972944/2022,A/Stockholm/5/2021,160
A/Cambodia/925256/2020,A/Darwin/9/2021,*
A/Cambodia/e0826360/2020,A/Darwin/9/2021,320
A/Thuringen/10/2022,A/Darwin/9/2021,320
A/Stockholm/5/2021,A/Darwin/9/2021,640
A/Darwin/9/2021,A/Darwin/9/2021,640
A/Norway/24873/2021,A/Darwin/9/2021,320
A/Norway/24873/2021,A/Darwin/9/2021,640
A/Poland/97/2022,A/Darwin/9/2021,640
A/Slovenia/8720/2022,A/Darwin/9/2021,640
A/Catalonia/NSVH161512067/2022,A/Darwin/9/2021,320
A/South Africa/R07061/2022,A/Darwin/9/2021,320
A/Catalonia/NSVH198242704/2022,A/Darwin/9/2021,640
A/Qatar/25-VI-22-1930279/2022,A/Darwin/9/2021,640
A/Qatar/10-VI-22-1933793/2022,A/Darwin/9/2021,640
A/Lisboa/532/2022,A/Darwin/9/2021,160
A/Lisboa/524/2022,A/Darwin/9/2021,160
A/Lisboa/534/2022,A/Darwin/9/2021,160
A/Lisboa/578/2022,A/Darwin/9/2021,320
A/Lisboa/577/2022,A/Darwin/9/2021,160
A/Lisboa/535/2022,A/Darwin/9/2021,320
A/Ile de France/52489/2022,A/Darwin/9/2021,160
A/Lisboa/579/2022,A/Darwin/9/2021,320
A/Ile de France/53172/2022,A/Darwin/9/2021,160
A/Lisboa/572/2022,A/Darwin/9/2021,320
A/Lisboa/570/2022,A/Darwin/9/2021,160
A/Lourdes/53101/2022,A/Darwin/9/2021,160
A/Lisboa/561/2022,A/Darwin/9/2021,320
A/Lisboa/597/2022,A/Darwin/9/2021,160
A/Lisboa/557/2022,A/Darwin/9/2021,320
A/Lille/50053/2022,A/Darwin/9/2021,320
A/Madrid/3803/2022,A/Darwin/9/2021,320
A/Catalonia/NSVH560025968/2022,A/Darwin/9/2021,160
A/Catalonia/NSVH198253201/2022,A/Darwin/9/2021,320
A/Catalonia/NSVH172304934/2022,A/Darwin/9/2021,320
A/Catalonia/NSVH531046263/2022,A/Darwin/9/2021,160
A/Qatar/10-VI-22-2015495/2022,A/Darwin/9/2021,320
A/Qatar/10-VI-22-2015935/2022,A/Darwin/9/2021,160
A/Fort-De-France/53862/2022,A/Darwin/9/2021,320
A/Qatar/16-VI-22-1972944/2022,A/Darwin/9/2021,320
A/Cambodia/925256/2020,A/Norway/24873/2021,*
A/Cambodia/e0826360/2020,A/Norway/24873/2021,40
A/Thuringen/10/2022,A/Norway/24873/2021,80
A/Stockholm/5/2021,A/Norway/24873/2021,80
A/Darwin/9/2021,A/Norway/24873/2021,160
A/Norway/24873/2021,A/Norway/24873/2021,160
A/Norway/24873/2021,A/Norway/24873/2021,160
A/Poland/97/2022,A/Norway/24873/2021,160
A/Slovenia/8720/2022,A/Norway/24873/2021,80
A/Catalonia/NSVH161512067/2022,A/Norway/24873/2021,80
A/South Africa/R07061/2022,A/Norway/24873/2021,40
A/Catalonia/NSVH198242704/2022,A/Norway/24873/2021,160
A/Qatar/25-VI-22-1930279/2022,A/Norway/24873/2021,320
A/Qatar/10-VI-22-1933793/2022,A/Norway/24873/2021,160
A/Lisboa/532/2022,A/Norway/24873/2021,40
A/Lisboa/524/2022,A/Norway/24873/2021,40
A/Lisboa/534/2022,A/Norway/24873/2021,40
A/Lisboa/578/2022,A/Norway/24873/2021,80
A/Lisboa/577/2022,A/Norway/24873/2021,40
A/Lisboa/535/2022,A/Norway/24873/2021,80
A/Ile de France/52489/2022,A/Norway/24873/2021,40
A/Lisboa/579/2022,A/Norway/24873/2021,80
A/Ile de France/53172/2022,A/Norway/24873/2021,40
A/Lisboa/572/2022,A/Norway/24873/2021,80
A/Lisboa/570/2022,A/Norway/24873/2021,40
A/Lourdes/53101/2022,A/Norway/24873/2021,40
A/Lisboa/561/2022,A/Norway/24873/2021,80
A/Lisboa/597/2022,A/Norway/24873/2021,40
A/Lisboa/557/2022,A/Norway/24873/2021,40
A/Lille/50053/2022,A/Norway/24873/2021,40
A/Madrid/3803/2022,A/Norway/24873/2021,40
A/Catalonia/NSVH560025968/2022,A/Norway/24873/2021,40
A/Catalonia/NSVH198253201/2022,A/Norway/24873/2021,40
A/Catalonia/NSVH172304934/2022,A/Norway/24873/2021,40
A/Catalonia/NSVH531046263/2022,A/Norway/24873/2021,40
A/Qatar/10-VI-22-2015495/2022,A/Norway/24873/2021,160
A/Qatar/10-VI-22-2015935/2022,A/Norway/24873/2021,160
A/Fort-De-France/53862/2022,A/Norway/24873/2021,160
A/Qatar/16-VI-22-1972944/2022,A/Norway/24873/2021,160
A/Cambodia/925256/2020,A/Norway/24873/2021,*
A/Cambodia/e0826360/2020,A/Norway/24873/2021,80
A/Thuringen/10/2022,A/Norway/24873/2021,80
A/Stockholm/5/2021,A/Norway/24873/2021,160
A/Darwin/9/2021,A/Norway/24873/2021,320
A/Norway/24873/2021,A/Norway/24873/2021,320
A/Norway/24873/2021,A/Norway/24873/2021,640
A/Poland/97/2022,A/Norway/24873/2021,320
A/Slovenia/8720/2022,A/Norway/24873/2021,160
A/Catalonia/NSVH161512067/2022,A/Norway/24873/2021,160
A/South Africa/R07061/2022,A/Norway/24873/2021,80
A/Catalonia/NSVH198242704/2022,A/Norway/24873/2021,320
A/Qatar/25-VI-22-1930279/2022,A/Norway/24873/2021,320
A/Qatar/10-VI-22-1933793/2022,A/Norway/24873/2021,320
A/Lisboa/532/2022,A/Norway/24873/2021,80
A/Lisboa/524/2022,A/Norway/24873/2021,80
A/Lisboa/534/2022,A/Norway/24873/2021,80
A/Lisboa/578/2022,A/Norway/24873/2021,80
A/Lisboa/577/2022,A/Norway/24873/2021,80
A/Lisboa/535/2022,A/Norway/24873/2021,80
A/Ile de France/52489/2022,A/Norway/24873/2021,80
A/Lisboa/579/2022,A/Norway/24873/2021,80
A/Ile de France/53172/2022,A/Norway/24873/2021,80
A/Lisboa/572/2022,A/Norway/24873/2021,80
A/Lisboa/570/2022,A/Norway/24873/2021,80
A/Lourdes/53101/2022,A/Norway/24873/2021,80
A/Lisboa/561/2022,A/Norway/24873/2021,160
A/Lisboa/597/2022,A/Norway/24873/2021,80
A/Lisboa/557/2022,A/Norway/24873/2021,80
A/Lille/50053/2022,A/Norway/24873/2021,160
A/Madrid/3803/2022,A/Norway/24873/2021,80
A/Catalonia/NSVH560025968/2022,A/Norway/24873/2021,80
A/Catalonia/NSVH198253201/2022,A/Norway/24873/2021,80
A/Catalonia/NSVH172304934/2022,A/Norway/24873/2021,160
A/Catalonia/NSVH531046263/2022,A/Norway/24873/2021,80
A/Qatar/10-VI-22-2015495/2022,A/Norway/24873/2021,320
A/Qatar/10-VI-22-2015935/2022,A/Norway/24873/2021,320
A/Fort-De-France/53862/2022,A/Norway/24873/2021,320
A/Qatar/16-VI-22-1972944/2022,A/Norway/24873/2021,320
A/Cambodia/925256/2020,A/Poland/97/2022,*
A/Cambodia/e0826360/2020,A/Poland/97/2022,40
A/Thuringen/10/2022,A/Poland/97/2022,80
A/Stockholm/5/2021,A/Poland/97/2022,320
A/Darwin/9/2021,A/Poland/97/2022,320
A/Norway/24873/2021,A/Poland/97/2022,160
A/Norway/24873/2021,A/Poland/97/2022,320
A/Poland/97/2022,A/Poland/97/2022,640
A/Slovenia/8720/2022,A/Poland/97/2022,640
A/Catalonia/NSVH161512067/2022,A/Poland/97/2022,320
A/South Africa/R07061/2022,A/Poland/97/2022,160
A/Catalonia/NSVH198242704/2022,A/Poland/97/2022,320
A/Qatar/25-VI-22-1930279/2022,A/Poland/97/2022,160
A/Qatar/10-VI-22-1933793/2022,A/Poland/97/2022,320
A/Lisboa/532/2022,A/Poland/97/2022,80
A/Lisboa/524/2022,A/Poland/97/2022,80
A/Lisboa/534/2022,A/Poland/97/2022,80
A/Lisboa/578/2022,A/Poland/97/2022,80
A/Lisboa/577/2022,A/Poland/97/2022,80
A/Lisboa/535/2022,A/Poland/97/2022,80
A/Ile de France/52489/2022,A/Poland/97/2022,80
A/Lisboa/579/2022,A/Poland/97/2022,80
A/Ile de France/53172/2022,A/Poland/97/2022,80
A/Lisboa/572/2022,A/Poland/97/2022,80
A/Lisboa/570/2022,A/Poland/97/2022,80
A/Lourdes/53101/2022,A/Poland/97/2022,80
A/Lisboa/561/2022,A/Poland/97/2022,80
A/Lisboa/597/2022,A/Poland/97/2022,80
A/Lisboa/557/2022,A/Poland/97/2022,80
A/Lille/50053/2022,A/Poland/97/2022,320
A/Madrid/3803/2022,A/Poland/97/2022,320
A/Catalonia/NSVH560025968/2022,A/Poland/97/2022,160
A/Catalonia/NSVH198253201/2022,A/Poland/97/2022,320
A/Catalonia/NSVH172304934/2022,A/Poland/97/2022,320
A/Catalonia/NSVH531046263/2022,A/Poland/97/2022,160
A/Qatar/10-VI-22-2015495/2022,A/Poland/97/2022,160
A/Qatar/10-VI-22-2015935/2022,A/Poland/97/2022,80
A/Fort-De-France/53862/2022,A/Poland/97/2022,160
A/Qatar/16-VI-22-1972944/2022,A/Poland/97/2022,160
A/Cambodia/925256/2020,A/Slovenia/8720/2022,*
A/Cambodia/e0826360/2020,A/Slovenia/8720/2022,80
A/Thuringen/10/2022,A/Slovenia/8720/2022,160
A/Stockholm/5/2021,A/Slovenia/8720/2022,320
A/Darwin/9/2021,A/Slovenia/8720/2022,320
A/Norway/24873/2021,A/Slovenia/8720/2022,160
A/Norway/24873/2021,A/Slovenia/8720/2022,640
A/Poland/97/2022,A/Slovenia/8720/2022,640
A/Slovenia/8720/2022,A/Slovenia/8720/2022,640
A/Catalonia/NSVH161512067/2022,A/Slovenia/8720/2022,320
A/South Africa/R07061/2022,A/Slovenia/8720/2022,80
A/Catalonia/NSVH198242704/2022,A/Slovenia/8720/2022,160
A/Qatar/25-VI-22-1930279/2022,A/Slovenia/8720/2022,160
A/Qatar/10-VI-22-1933793/2022,A/Slovenia/8720/2022,160
A/Lisboa/532/2022,A/Slovenia/8720/2022,80
A/Lisboa/524/2022,A/Slovenia/8720/2022,80
A/Lisboa/534/2022,A/Slovenia/8720/2022,80
A/Lisboa/578/2022,A/Slovenia/8720/2022,80
A/Lisboa/577/2022,A/Slovenia/8720/2022,80
A/Lisboa/535/2022,A/Slovenia/8720/2022,80
A/Ile de France/52489/2022,A/Slovenia/8720/2022,80
A/Lisboa/579/2022,A/Slovenia/8720/2022,80
A/Ile de France/53172/2022,A/Slovenia/8720/2022,80
A/Lisboa/572/2022,A/Slovenia/8720/2022,80
A/Lisboa/570/2022,A/Slovenia/8720/2022,80
A/Lourdes/53101/2022,A/Slovenia/8720/2022,80
A/Lisboa/561/2022,A/Slovenia/8720/2022,160
A/Lisboa/597/2022,A/Slovenia/8720/2022,80
A/Lisboa/557/2022,A/Slovenia/8720/2022,80
A/Lille/50053/2022,A/Slovenia/8720/2022,320
A/Madrid/3803/2022,A/Slovenia/8720/2022,320
A/Catalonia/NSVH560025968/2022,A/Slovenia/8720/2022,320
A/Catalonia/NSVH198253201/2022,A/Slovenia/8720/2022,320
A/Catalonia/NSVH172304934/2022,A/Slovenia/8720/2022,320
A/Catalonia/NSVH531046263/2022,A/Slovenia/8720/2022,320
A/Qatar/10-VI-22-2015495/2022,A/Slovenia/8720/2022,160
A/Qatar/10-VI-22-2015935/2022,A/Slovenia/8720/2022,80
A/Fort-De-France/53862/2022,A/Slovenia/8720/2022,160
A/Qatar/16-VI-22-1972944/2022,A/Slovenia/8720/2022,160
A/Cambodia/925256/2020,A/Catalonia/NSVH-2067/22,*
A/Cambodia/e0826360/2020,A/Catalonia/NSVH-2067/22,<40
A/Thuringen/10/2022,A/Catalonia/NSVH-2067/22,40
A/Stockholm/5/2021,A/Catalonia/NSVH-2067/22,80
A/Darwin/9/2021,A/Catalonia/NSVH-2067/22,160
A/Norway/24873/2021,A/Catalonia/NSVH-2067/22,80
A/Norway/24873/2021,A/Catalonia/NSVH-2067/22,80
A/Poland/97/2022,A/Catalonia/NSVH-2067/22,320
A/Slovenia/8720/2022,A/Catalonia/NSVH-2067/22,320
A/Catalonia/NSVH161512067/2022,A/Catalonia/NSVH-2067/22,320
A/South Africa/R07061/2022,A/Catalonia/NSVH-2067/22,40
A/Catalonia/NSVH198242704/2022,A/Catalonia/NSVH-2067/22,160
A/Qatar/25-VI-22-1930279/2022,A/Catalonia/NSVH-2067/22,160
A/Qatar/10-VI-22-1933793/2022,A/Catalonia/NSVH-2067/22,160
A/Lisboa/532/2022,A/Catalonia/NSVH-2067/22,40
A/Lisboa/524/2022,A/Catalonia/NSVH-2067/22,40
A/Lisboa/534/2022,A/Catalonia/NSVH-2067/22,40
A/Lisboa/578/2022,A/Catalonia/NSVH-2067/22,40
A/Lisboa/577/2022,A/Catalonia/NSVH-2067/22,40
A/Lisboa/535/2022,A/Catalonia/NSVH-2067/22,40
A/Ile de France/52489/2022,A/Catalonia/NSVH-2067/22,40
A/Lisboa/579/2022,A/Catalonia/NSVH-2067/22,40
A/Ile de France/53172/2022,A/Catalonia/NSVH-2067/22,40
A/Lisboa/572/2022,A/Catalonia/NSVH-2067/22,40
A/Lisboa/570/2022,A/Catalonia/NSVH-2067/22,40
A/Lourdes/53101/2022,A/Catalonia/NSVH-2067/22,40
A/Lisboa/561/2022,A/Catalonia/NSVH-2067/22,40
A/Lisboa/597/2022,A/Catalonia/NSVH-2067/22,40
A/Lisboa/557/2022,A/Catalonia/NSVH-2067/22,40
A/Lille/50053/2022,A/Catalonia/NSVH-2067/22,160
A/Madrid/3803/2022,A/Catalonia/NSVH-2067/22,640
A/Catalonia/NSVH560025968/2022,A/Catalonia/NSVH-2067/22,160
A/Catalonia/NSVH198253201/2022,A/Catalonia/NSVH-2067/22,320
A/Catalonia/NSVH172304934/2022,A/Catalonia/NSVH-2067/22,320
A/Catalonia/NSVH531046263/2022,A/Catalonia/NSVH-2067/22,160
A/Qatar/10-VI-22-2015495/2022,A/Catalonia/NSVH-2067/22,80
A/Qatar/10-VI-22-2015935/2022,A/Catalonia/NSVH-2067/22,80
A/Fort-De-France/53862/2022,A/Catalonia/NSVH-2067/22,80
A/Qatar/16-VI-22-1972944/2022,A/Catalonia/NSVH-2067/22,80
A/Cambodia/925256/2020,A/Cambodia/925256/2020,320
A/Cambodia/e0826360/2020,A/Cambodia/925256/2020,160
A/Thuringen/10/2022,A/Cambodia/925256/2020,40
A/Stockholm/5/2021,A/Cambodia/925256/2020,80
A/Darwin/9/2021,A/Cambodia/925256/2020,160
A/Norway/24873/2021,A/Cambodia/925256/2020,80
A/Norway/24873/2021,A/Cambodia/925256/2020,80
A/Poland/97/2022,A/Cambodia/925256/2020,80
A/Slovenia/8720/2022,A/Cambodia/925256/2020,40
A/Catalonia/NSVH161512067/2022,A/Cambodia/925256/2020,40
A/Bawshar/72212056/2022,A/Cambodia/925256/2020,40
A/Burgos/271/2022,A/Cambodia/925256/2020,160
A/Burgos/272/2022,A/Cambodia/925256/2020,80
A/Burgos/245/2022,A/Cambodia/925256/2020,160
A/Burgos/244/2022,A/Cambodia/925256/2020,160
A/Burgos/243/2022,A/Cambodia/925256/2020,320
A/Burgos/242/2022,A/Cambodia/925256/2020,80
A/Castilla La Mancha/4129/2022,A/Cambodia/925256/2020,40
A/Pais Vasco/4012/2022,A/Cambodia/925256/2020,80
A/Pais Vasco/4010/2022,A/Cambodia/925256/2020,320
A/Burgos/249/2022,A/Cambodia/925256/2020,40
A/Burgos/260/2022,A/Cambodia/925256/2020,40
A/Burgos/246/2022,A/Cambodia/925256/2020,160
A/Burgos/262/2022,A/Cambodia/925256/2020,80
A/Ibra/72211987/2022,A/Cambodia/925256/2020,80
A/Ibra/72211857/2022,A/Cambodia/925256/2020,40
A/Cambodia/925256/2020,A/Cambodia/e0826360/2020,160
A/Cambodia/e0826360/2020,A/Cambodia/e0826360/2020,1280
A/Thuringen/10/2022,A/Cambodia/e0826360/2020,160
A/Stockholm/5/2021,A/Cambodia/e0826360/2020,160
A/Darwin/9/2021,A/Cambodia/e0826360/2020,640
A/Norway/24873/2021,A/Cambodia/e0826360/2020,80
A/Norway/24873/2021,A/Cambodia/e0826360/2020,320
A/Poland/97/2022,A/Cambodia/e0826360/2020,160
A/Slovenia/8720/2022,A/Cambodia/e0826360/2020,80
A/Catalonia/NSVH161512067/2022,A/Cambodia/e0826360/2020,80
A/Bawshar/72212056/2022,A/Cambodia/e0826360/2020,40
A/Burgos/271/2022,A/Cambodia/e0826360/2020,160
A/Burgos/272/2022,A/Cambodia/e0826360/2020,80
A/Burgos/245/2022,A/Cambodia/e0826360/2020,80
A/Burgos/244/2022,A/Cambodia/e0826360/2020,80
A/Burgos/243/2022,A/Cambodia/e0826360/2020,80
A/Burgos/242/2022,A/Cambodia/e0826360/2020,40
A/Castilla La Mancha/4129/2022,A/Cambodia/e0826360/2020,40
A/Pais Vasco/4012/2022,A/Cambodia/e0826360/2020,40
A/Pais Vasco/4010/2022,A/Cambodia/e0826360/2020,80
A/Burgos/249/2022,A/Cambodia/e0826360/2020,80
A/Burgos/260/2022,A/Cambodia/e0826360/2020,80
A/Burgos/246/2022,A/Cambodia/e0826360/2020,80
A/Burgos/262/2022,A/Cambodia/e0826360/2020,320
A/Ibra/72211987/2022,A/Cambodia/e0826360/2020,40
A/Ibra/72211857/2022,A/Cambodia/e0826360/2020,80
A/Cambodia/925256/2020,A/Thuringen/10/2022,<40
A/Cambodia/e0826360/2020,A/Thuringen/10/2022,80
A/Thuringen/10/2022,A/Thuringen/10/2022,320
A/Stockholm/5/2021,A/Thuringen/10/2022,80
A/Darwin/9/2021,A/Thuringen/10/2022,320
A/Norway/24873/2021,A/Thuringen/10/2022,160
A/Norway/24873/2021,A/Thuringen/10/2022,320
A/Poland/97/2022,A/Thuringen/10/2022,80
A/Slovenia/8720/2022,A/Thuringen/10/2022,80
A/Catalonia/NSVH161512067/2022,A/Thuringen/10/2022,80
A/Bawshar/72212056/2022,A/Thuringen/10/2022,320
A/Burgos/271/2022,A/Thuringen/10/2022,320
A/Burgos/272/2022,A/Thuringen/10/2022,160
A/Burgos/245/2022,A/Thuringen/10/2022,320
A/Burgos/244/2022,A/Thuringen/10/2022,320
A/Burgos/243/2022,A/Thuringen/10/2022,320
A/Burgos/242/2022,A/Thuringen/10/2022,320
A/Castilla La Mancha/4129/2022,A/Thuringen/10/2022,320
A/Pais Vasco/4012/2022,A/Thuringen/10/2022,320
A/Pais Vasco/4010/2022,A/Thuringen/10/2022,640
A/Burgos/249/2022,A/Thuringen/10/2022,160
A/Burgos/260/2022,A/Thuringen/10/2022,160
A/Burgos/246/2022,A/Thuringen/10/2022,320
A/Burgos/262/2022,A/Thuringen/10/2022,320
A/Ibra/72211987/2022,A/Thuringen/10/2022,320
A/Ibra/72211857/2022,A/Thuringen/10/2022,160
A/Cambodia/925256/2020,A/Stockholm/5/2021,160
A/Cambodia/e0826360/2020,A/Stockholm/5/2021,160
A/Thuringen/10/2022,A/Stockholm/5/2021,320
A/Stockholm/5/2021,A/Stockholm/5/2021,640
A/Darwin/9/2021,A/Stockholm/5/2021,1280
A/Norway/24873/2021,A/Stockholm/5/2021,640
A/Norway/24873/2021,A/Stockholm/5/2021,1280
A/Poland/97/2022,A/Stockholm/5/2021,1280
A/Slovenia/8720/2022,A/Stockholm/5/2021,640
A/Catalonia/NSVH161512067/2022,A/Stockholm/5/2021,320
A/Bawshar/72212056/2022,A/Stockholm/5/2021,320
A/Burgos/271/2022,A/Stockholm/5/2021,320
A/Burgos/272/2022,A/Stockholm/5/2021,160
A/Burgos/245/2022,A/Stockholm/5/2021,320
A/Burgos/244/2022,A/Stockholm/5/2021,320
A/Burgos/243/2022,A/Stockholm/5/2021,320
A/Burgos/242/2022,A/Stockholm/5/2021,320
A/Castilla La Mancha/4129/2022,A/Stockholm/5/2021,160
A/Pais Vasco/4012/2022,A/Stockholm/5/2021,320
A/Pais Vasco/4010/2022,A/Stockholm/5/2021,640
A/Burgos/249/2022,A/Stockholm/5/2021,160
A/Burgos/260/2022,A/Stockholm/5/2021,160
A/Burgos/246/2022,A/Stockholm/5/2021,320
A/Burgos/262/2022,A/Stockholm/5/2021,320
A/Ibra/72211987/2022,A/Stockholm/5/2021,320
A/Ibra/72211857/2022,A/Stockholm/5/2021,320
A/Cambodia/925256/2020,A/Darwin/9/2021,160
A/Cambodia/e0826360/2020,A/Darwin/9/2021,320
A/Thuringen/10/2022,A/Darwin/9/2021,320
A/Stockholm/5/2021,A/Darwin/9/2021,640
A/Darwin/9/2021,A/Darwin/9/2021,1280
A/Norway/24873/2021,A/Darwin/9/2021,320
A/Norway/24873/2021,A/Darwin/9/2021,640
A/Poland/97/2022,A/Darwin/9/2021,640
A/Slovenia/8720/2022,A/Darwin/9/2021,320
A/Catalonia/NSVH161512067/2022,A/Darwin/9/2021,320
A/Bawshar/72212056/2022,A/Darwin/9/2021,160
A/Burgos/271/2022,A/Darwin/9/2021,160
A/Burgos/272/2022,A/Darwin/9/2021,160
A/Burgos/245/2022,A/Darwin/9/2021,320
A/Burgos/244/2022,A/Darwin/9/2021,320
A/Burgos/243/2022,A/Darwin/9/2021,320
A/Burgos/242/2022,A/Darwin/9/2021,320
A/Castilla La Mancha/4129/2022,A/Darwin/9/2021,80
A/Pais Vasco/4012/2022,A/Darwin/9/2021,160
A/Pais Vasco/4010/2022,A/Darwin/9/2021,320
A/Burgos/249/2022,A/Darwin/9/2021,160
A/Burgos/260/2022,A/Darwin/9/2021,80
A/Burgos/246/2022,A/Darwin/9/2021,160
A/Burgos/262/2022,A/Darwin/9/2021,320
A/Ibra/72211987/2022,A/Darwin/9/2021,160
A/Ibra/72211857/2022,A/Darwin/9/2021,320
A/Cambodia/925256/2020,A/Norway/24873/2021,<40
A/Cambodia/e0826360/2020,A/Norway/24873/2021,40
A/Thuringen/10/2022,A/Norway/24873/2021,80
A/Stockholm/5/2021,A/Norway/24873/2021,80
A/Darwin/9/2021,A/Norway/24873/2021,320
A/Norway/24873/2021,A/Norway/24873/2021,160
A/Norway/24873/2021,A/Norway/24873/2021,320
A/Poland/97/2022,A/Norway/24873/2021,160
A/Slovenia/8720/2022,A/Norway/24873/2021,160
A/Catalonia/NSVH161512067/2022,A/Norway/24873/2021,160
A/Bawshar/72212056/2022,A/Norway/24873/2021,80
A/Burgos/271/2022,A/Norway/24873/2021,160
A/Burgos/272/2022,A/Norway/24873/2021,80
A/Burgos/245/2022,A/Norway/24873/2021,160
A/Burgos/244/2022,A/Norway/24873/2021,160
A/Burgos/243/2022,A/Norway/24873/2021,160
A/Burgos/242/2022,A/Norway/24873/2021,160
A/Castilla La Mancha/4129/2022,A/Norway/24873/2021,40
A/Pais Vasco/4012/2022,A/Norway/24873/2021,80
A/Pais Vasco/4010/2022,A/Norway/24873/2021,160
A/Burgos/249/2022,A/Norway/24873/2021,80
A/Burgos/260/2022,A/Norway/24873/2021,80
A/Burgos/246/2022,A/Norway/24873/2021,160
A/Burgos/262/2022,A/Norway/24873/2021,160
A/Ibra/72211987/2022,A/Norway/24873/2021,80
A/Ibra/72211857/2022,A/Norway/24873/2021,160
A/Cambodia/925256/2020,A/Norway/24873/2021,<40
A/Cambodia/e0826360/2020,A/Norway/24873/2021,80
A/Thuringen/10/2022,A/Norway/24873/2021,160
A/Stockholm/5/2021,A/Norway/24873/2021,160
A/Darwin/9/2021,A/Norway/24873/2021,320
A/Norway/24873/2021,A/Norway/24873/2021,320
A/Norway/24873/2021,A/Norway/24873/2021,640
A/Poland/97/2022,A/Norway/24873/2021,320
A/Slovenia/8720/2022,A/Norway/24873/2021,160
A/Catalonia/NSVH161512067/2022,A/Norway/24873/2021,160
A/Bawshar/72212056/2022,A/Norway/24873/2021,160
A/Burgos/271/2022,A/Norway/24873/2021,160
A/Burgos/272/2022,A/Norway/24873/2021,160
A/Burgos/245/2022,A/Norway/24873/2021,160
A/Burgos/244/2022,A/Norway/24873/2021,160
A/Burgos/243/2022,A/Norway/24873/2021,160
A/Burgos/242/2022,A/Norway/24873/2021,80
A/Castilla La Mancha/4129/2022,A/Norway/24873/2021,80
A/Pais Vasco/4012/2022,A/Norway/24873/2021,160
A/Pais Vasco/4010/2022,A/Norway/24873/2021,320
A/Burgos/249/2022,A/Norway/24873/2021,80
A/Burgos/260/2022,A/Norway/24873/2021,80
A/Burgos/246/2022,A/Norway/24873/2021,160
A/Burgos/262/2022,A/Norway/24873/2021,320
A/Ibra/72211987/2022,A/Norway/24873/2021,160
A/Ibra/72211857/2022,A/Norway/24873/2021,320
A/Cambodia/925256/2020,A/Poland/97/2022,80
A/Cambodia/e0826360/2020,A/Poland/97/2022,80
A/Thuringen/10/2022,A/Poland/97/2022,80
A/Stockholm/5/2021,A/Poland/97/2022,320
A/Darwin/9/2021,A/Poland/97/2022,640
A/Norway/24873/2021,A/Poland/97/2022,320
A/Norway/24873/2021,A/Poland/97/2022,640
A/Poland/97/2022,A/Poland/97/2022,640
A/Slovenia/8720/2022,A/Poland/97/2022,320
A/Catalonia/NSVH161512067/2022,A/Poland/97/2022,640
A/Bawshar/72212056/2022,A/Poland/97/2022,40
A/Burgos/271/2022,A/Poland/97/2022,80
A/Burgos/272/2022,A/Poland/97/2022,40
A/Burgos/245/2022,A/Poland/97/2022,80
A/Burgos/244/2022,A/Poland/97/2022,80
A/Burgos/243/2022,A/Poland/97/2022,80
A/Burgos/242/2022,A/Poland/97/2022,40
A/Castilla La Mancha/4129/2022,A/Poland/97/2022,40
A/Pais Vasco/4012/2022,A/Poland/97/2022,40
A/Pais Vasco/4010/2022,A/Poland/97/2022,160
A/Burgos/249/2022,A/Poland/97/2022,40
A/Burgos/260/2022,A/Poland/97/2022,40
A/Burgos/246/2022,A/Poland/97/2022,80
A/Burgos/262/2022,A/Poland/97/2022,80
A/Ibra/72211987/2022,A/Poland/97/2022,40
A/Ibra/72211857/2022,A/Poland/97/2022,80
A/Cambodia/925256/2020,A/Slovenia/8720/2022,<40
A/Cambodia/e0826360/2020,A/Slovenia/8720/2022,80
A/Thuringen/10/2022,A/Slovenia/8720/2022,160
A/Stockholm/5/2021,A/Slovenia/8720/2022,320
A/Darwin/9/2021,A/Slovenia/8720/2022,640
A/Norway/24873/2021,A/Slovenia/8720/2022,160
A/Norway/24873/2021,A/Slovenia/8720/2022,640
A/Poland/97/2022,A/Slovenia/8720/2022,320
A/Slovenia/8720/2022,A/Slovenia/8720/2022,640
A/Catalonia/NSVH161512067/2022,A/Slovenia/8720/2022,640
A/Bawshar/72212056/2022,A/Slovenia/8720/2022,80
A/Burgos/271/2022,A/Slovenia/8720/2022,80
A/Burgos/272/2022,A/Slovenia/8720/2022,80
A/Burgos/245/2022,A/Slovenia/8720/2022,80
A/Burgos/244/2022,A/Slovenia/8720/2022,80
A/Burgos/243/2022,A/Slovenia/8720/2022,160
A/Burgos/242/2022,A/Slovenia/8720/2022,80
A/Castilla La Mancha/4129/2022,A/Slovenia/8720/2022,40
A/Pais Vasco/4012/2022,A/Slovenia/8720/2022,80
A/Pais Vasco/4010/2022,A/Slovenia/8720/2022,80
A/Burgos/249/2022,A/Slovenia/8720/2022,40
A/Burgos/260/2022,A/Slovenia/8720/2022,40
A/Burgos/246/2022,A/Slovenia/8720/2022,80
A/Burgos/262/2022,A/Slovenia/8720/2022,80
A/Ibra/72211987/2022,A/Slovenia/8720/2022,40
A/Ibra/72211857/2022,A/Slovenia/8720/2022,80
A/Cambodia/925256/2020,A/Catalonia/NSVH-2067/22,<40
A/Cambodia/e0826360/2020,A/Catalonia/NSVH-2067/22,<40
A/Thuringen/10/2022,A/Catalonia/NSVH-2067/22,80
A/Stockholm/5/2021,A/Catalonia/NSVH-2067/22,160
A/Darwin/9/2021,A/Catalonia/NSVH-2067/22,320
A/Norway/24873/2021,A/Catalonia/NSVH-2067/22,160
A/Norway/24873/2021,A/Catalonia/NSVH-2067/22,160
A/Poland/97/2022,A/Catalonia/NSVH-2067/22,640
A/Slovenia/8720/2022,A/Catalonia/NSVH-2067/22,640
A/Catalonia/NSVH161512067/2022,A/Catalonia/NSVH-2067/22,320
A/Bawshar/72212056/2022,A/Catalonia/NSVH-2067/22,80
A/Burgos/271/2022,A/Catalonia/NSVH-2067/22,40
A/Burgos/272/2022,A/Catalonia/NSVH-2067/22,40
A/Burgos/245/2022,A/Catalonia/NSVH-2067/22,80
A/Burgos/244/2022,A/Catalonia/NSVH-2067/22,80
A/Burgos/243/2022,A/Catalonia/NSVH-2067/22,160
A/Burgos/242/2022,A/Catalonia/NSVH-2067/22,40
A/Castilla La Mancha/4129/2022,A/Catalonia/NSVH-2067/22,40
A/Pais Vasco/4012/2022,A/Catalonia/NSVH-2067/22,80
A/Pais Vasco/4010/2022,A/Catalonia/NSVH-2067/22,80
A/Burgos/249/2022,A/Catalonia/NSVH-2067/22,40
A/Burgos/260/2022,A/Catalonia/NSVH-2067/22,40
A/Burgos/246/2022,A/Catalonia/NSVH-2067/22,80
A/Burgos/262/2022,A/Catalonia/NSVH-2067/22,40
A/Ibra/72211987/2022,A/Catalonia/NSVH-2067/22,40
A/Ibra/72211857/2022,A/Catalonia/NSVH-2067/22,80
A/Cambodia/925256/2020,A/Cambodia/925256/2020,640
A/Cambodia/e0826360/2020,A/Cambodia/925256/2020,80
A/Thuringen/10/2022,A/Cambodia/925256/2020,80
A/Stockholm/5/2021,A/Cambodia/925256/2020,80
A/Darwin/9/2021,A/Cambodia/925256/2020,80
A/Norway/24873/2021,A/Cambodia/925256/2020,80
A/Norway/24873/2021,A/Cambodia/925256/2020,80
A/Poland/97/2022,A/Cambodia/925256/2020,160
A/Slovenia/8720/2022,A/Cambodia/925256/2020,80
A/Catalonia/NSVH161512067/2022,A/Cambodia/925256/2020,40
A/Denmark/3110/2022,A/Cambodia/925256/2020,80
A/Denmark/3100/2022,A/Cambodia/925256/2020,80
A/Denmark/3101/2022,A/Cambodia/925256/2020,80
A/Denmark/3136/2022,A/Cambodia/925256/2020,80
A/Denmark/3103/2022,A/Cambodia/925256/2020,80
A/Navarra/4439/2022,A/Cambodia/925256/2020,40
A/Navarra/4440/2022,A/Cambodia/925256/2020,80
A/Navarra/4438/2022,A/Cambodia/925256/2020,80
A/Denmark/3127/2022,A/Cambodia/925256/2020,40
A/Denmark/3108/2022,A/Cambodia/925256/2020,40
A/Ashabat/1/2022,A/Cambodia/925256/2020,80
A/Ashabat/3/2022,A/Cambodia/925256/2020,80
A/Fort-De-France/53820/2022,A/Cambodia/925256/2020,80
A/Cambodia/925256/2020,A/Cambodia/e0826360/2020,160
A/Cambodia/e0826360/2020,A/Cambodia/e0826360/2020,640
A/Thuringen/10/2022,A/Cambodia/e0826360/2020,160
A/Stockholm/5/2021,A/Cambodia/e0826360/2020,80
A/Darwin/9/2021,A/Cambodia/e0826360/2020,320
A/Norway/24873/2021,A/Cambodia/e0826360/2020,80
A/Norway/24873/2021,A/Cambodia/e0826360/2020,160
A/Poland/97/2022,A/Cambodia/e0826360/2020,160
A/Slovenia/8720/2022,A/Cambodia/e0826360/2020,80
A/Catalonia/NSVH161512067/2022,A/Cambodia/e0826360/2020,80
A/Denmark/3110/2022,A/Cambodia/e0826360/2020,80
A/Denmark/3100/2022,A/Cambodia/e0826360/2020,80
A/Denmark/3101/2022,A/Cambodia/e0826360/2020,80
A/Denmark/3136/2022,A/Cambodia/e0826360/2020,80
A/Denmark/3103/2022,A/Cambodia/e0826360/2020,80
A/Navarra/4439/2022,A/Cambodia/e0826360/2020,80
A/Navarra/4440/2022,A/Cambodia/e0826360/2020,160
A/Navarra/4438/2022,A/Cambodia/e0826360/2020,80
A/Denmark/3127/2022,A/Cambodia/e0826360/2020,80
A/Denmark/3108/2022,A/Cambodia/e0826360/2020,160
A/Ashabat/1/2022,A/Cambodia/e0826360/2020,80
A/Ashabat/3/2022,A/Cambodia/e0826360/2020,80
A/Fort-De-France/53820/2022,A/Cambodia/e0826360/2020,80
A/Cambodia/925256/2020,A/Thuringen/10/2022,<40
A/Cambodia/e0826360/2020,A/Thuringen/10/2022,80
A/Thuringen/10/2022,A/Thuringen/10/2022,320
A/Stockholm/5/2021,A/Thuringen/10/2022,80
A/Darwin/9/2021,A/Thuringen/10/2022,320
A/Norway/24873/2021,A/Thuringen/10/2022,80
A/Norway/24873/2021,A/Thuringen/10/2022,160
A/Poland/97/2022,A/Thuringen/10/2022,80
A/Slovenia/8720/2022,A/Thuringen/10/2022,160
A/Catalonia/NSVH161512067/2022,A/Thuringen/10/2022,80
A/Denmark/3110/2022,A/Thuringen/10/2022,320
A/Denmark/3100/2022,A/Thuringen/10/2022,320
A/Denmark/3101/2022,A/Thuringen/10/2022,320
A/Denmark/3136/2022,A/Thuringen/10/2022,320
A/Denmark/3103/2022,A/Thuringen/10/2022,320
A/Navarra/4439/2022,A/Thuringen/10/2022,320
A/Navarra/4440/2022,A/Thuringen/10/2022,320
A/Navarra/4438/2022,A/Thuringen/10/2022,160
A/Denmark/3127/2022,A/Thuringen/10/2022,80
A/Denmark/3108/2022,A/Thuringen/10/2022,160
A/Ashabat/1/2022,A/Thuringen/10/2022,160
A/Ashabat/3/2022,A/Thuringen/10/2022,160
A/Fort-De-France/53820/2022,A/Thuringen/10/2022,160
A/Cambodia/925256/2020,A/Stockholm/5/2021,160
A/Cambodia/e0826360/2020,A/Stockholm/5/2021,160
A/Thuringen/10/2022,A/Stockholm/5/2021,320
A/Stockholm/5/2021,A/Stockholm/5/2021,640
A/Darwin/9/2021,A/Stockholm/5/2021,640
A/Norway/24873/2021,A/Stockholm/5/2021,320
A/Norway/24873/2021,A/Stockholm/5/2021,640
A/Poland/97/2022,A/Stockholm/5/2021,1280
A/Slovenia/8720/2022,A/Stockholm/5/2021,640
A/Catalonia/NSVH161512067/2022,A/Stockholm/5/2021,320
A/Denmark/3110/2022,A/Stockholm/5/2021,320
A/Denmark/3100/2022,A/Stockholm/5/2021,320
A/Denmark/3101/2022,A/Stockholm/5/2021,320
A/Denmark/3136/2022,A/Stockholm/5/2021,320
A/Denmark/3103/2022,A/Stockholm/5/2021,320
A/Navarra/4439/2022,A/Stockholm/5/2021,160
A/Navarra/4440/2022,A/Stockholm/5/2021,320
A/Navarra/4438/2022,A/Stockholm/5/2021,160
A/Denmark/3127/2022,A/Stockholm/5/2021,320
A/Denmark/3108/2022,A/Stockholm/5/2021,320
A/Ashabat/1/2022,A/Stockholm/5/2021,320
A/Ashabat/3/2022,A/Stockholm/5/2021,320
A/Fort-De-France/53820/2022,A/Stockholm/5/2021,320
A/Cambodia/925256/2020,A/Darwin/9/2021,320
A/Cambodia/e0826360/2020,A/Darwin/9/2021,160
A/Thuringen/10/2022,A/Darwin/9/2021,160
A/Stockholm/5/2021,A/Darwin/9/2021,640
A/Darwin/9/2021,A/Darwin/9/2021,1280
A/Norway/24873/2021,A/Darwin/9/2021,320
A/Norway/24873/2021,A/Darwin/9/2021,640
A/Poland/97/2022,A/Darwin/9/2021,1280
A/Slovenia/8720/2022,A/Darwin/9/2021,640
A/Catalonia/NSVH161512067/2022,A/Darwin/9/2021,320
A/Denmark/3110/2022,A/Darwin/9/2021,160
A/Denmark/3100/2022,A/Darwin/9/2021,160
A/Denmark/3101/2022,A/Darwin/9/2021,160
A/Denmark/3136/2022,A/Darwin/9/2021,160
A/Denmark/3103/2022,A/Darwin/9/2021,160
A/Navarra/4439/2022,A/Darwin/9/2021,160
A/Navarra/4440/2022,A/Darwin/9/2021,160
A/Navarra/4438/2022,A/Darwin/9/2021,160
A/Denmark/3127/2022,A/Darwin/9/2021,320
A/Denmark/3108/2022,A/Darwin/9/2021,320
A/Ashabat/1/2022,A/Darwin/9/2021,320
A/Ashabat/3/2022,A/Darwin/9/2021,320
A/Fort-De-France/53820/2022,A/Darwin/9/2021,640
A/Cambodia/925256/2020,A/Norway/24873/2021,<40
A/Cambodia/e0826360/2020,A/Norway/24873/2021,40
A/Thuringen/10/2022,A/Norway/24873/2021,80
A/Stockholm/5/2021,A/Norway/24873/2021,80
A/Darwin/9/2021,A/Norway/24873/2021,160
A/Norway/24873/2021,A/Norway/24873/2021,160
A/Norway/24873/2021,A/Norway/24873/2021,320
A/Poland/97/2022,A/Norway/24873/2021,320
A/Slovenia/8720/2022,A/Norway/24873/2021,160
A/Catalonia/NSVH161512067/2022,A/Norway/24873/2021,80
A/Denmark/3110/2022,A/Norway/24873/2021,80
A/Denmark/3100/2022,A/Norway/24873/2021,80
A/Denmark/3101/2022,A/Norway/24873/2021,80
A/Denmark/3136/2022,A/Norway/24873/2021,80
A/Denmark/3103/2022,A/Norway/24873/2021,80
A/Navarra/4439/2022,A/Norway/24873/2021,40
A/Navarra/4440/2022,A/Norway/24873/2021,80
A/Navarra/4438/2022,A/Norway/24873/2021,80
A/Denmark/3127/2022,A/Norway/24873/2021,80
A/Denmark/3108/2022,A/Norway/24873/2021,320
A/Ashabat/1/2022,A/Norway/24873/2021,320
A/Ashabat/3/2022,A/Norway/24873/2021,320
A/Fort-De-France/53820/2022,A/Norway/24873/2021,160
A/Cambodia/925256/2020,A/Norway/24873/2021,40
A/Cambodia/e0826360/2020,A/Norway/24873/2021,80
A/Thuringen/10/2022,A/Norway/24873/2021,80
A/Stockholm/5/2021,A/Norway/24873/2021,160
A/Darwin/9/2021,A/Norway/24873/2021,320
A/Norway/24873/2021,A/Norway/24873/2021,320
A/Norway/24873/2021,A/Norway/24873/2021,640
A/Poland/97/2022,A/Norway/24873/2021,640
A/Slovenia/8720/2022,A/Norway/24873/2021,320
A/Catalonia/NSVH161512067/2022,A/Norway/24873/2021,160
A/Denmark/3110/2022,A/Norway/24873/2021,160
A/Denmark/3100/2022,A/Norway/24873/2021,80
A/Denmark/3101/2022,A/Norway/24873/2021,160
A/Denmark/3136/2022,A/Norway/24873/2021,160
A/Denmark/3103/2022,A/Norway/24873/2021,160
A/Navarra/4439/2022,A/Norway/24873/2021,80
A/Navarra/4440/2022,A/Norway/24873/2021,160
A/Navarra/4438/2022,A/Norway/24873/2021,80
A/Denmark/3127/2022,A/Norway/24873/2021,160
A/Denmark/3108/2022,A/Norway/24873/2021,640
A/Ashabat/1/2022,A/Norway/24873/2021,640
A/Ashabat/3/2022,A/Norway/24873/2021,640
A/Fort-De-France/53820/2022,A/Norway/24873/2021,320
A/Cambodia/925256/2020,A/Poland/97/2022,40
A/Cambodia/e0826360/2020,A/Poland/97/2022,40
A/Thuringen/10/2022,A/Poland/97/2022,80
A/Stockholm/5/2021,A/Poland/97/2022,320
A/Darwin/9/2021,A/Poland/97/2022,320
A/Norway/24873/2021,A/Poland/97/2022,160
A/Norway/24873/2021,A/Poland/97/2022,320
A/Poland/97/2022,A/Poland/97/2022,1280
A/Slovenia/8720/2022,A/Poland/97/2022,640
A/Catalonia/NSVH161512067/2022,A/Poland/97/2022,320
A/Denmark/3110/2022,A/Poland/97/2022,80
A/Denmark/3100/2022,A/Poland/97/2022,80
A/Denmark/3101/2022,A/Poland/97/2022,80
A/Denmark/3136/2022,A/Poland/97/2022,80
A/Denmark/3103/2022,A/Poland/97/2022,80
A/Navarra/4439/2022,A/Poland/97/2022,80
A/Navarra/4440/2022,A/Poland/97/2022,80
A/Navarra/4438/2022,A/Poland/97/2022,40
A/Denmark/3127/2022,A/Poland/97/2022,320
A/Denmark/3108/2022,A/Poland/97/2022,160
A/Ashabat/1/2022,A/Poland/97/2022,320
A/Ashabat/3/2022,A/Poland/97/2022,320
A/Fort-De-France/53820/2022,A/Poland/97/2022,160
A/Cambodia/925256/2020,A/Slovenia/8720/2022,<40
A/Cambodia/e0826360/2020,A/Slovenia/8720/2022,160
A/Thuringen/10/2022,A/Slovenia/8720/2022,160
A/Stockholm/5/2021,A/Slovenia/8720/2022,320
A/Darwin/9/2021,A/Slovenia/8720/2022,640
A/Norway/24873/2021,A/Slovenia/8720/2022,320
A/Norway/24873/2021,A/Slovenia/8720/2022,640
A/Poland/97/2022,A/Slovenia/8720/2022,640
A/Slovenia/8720/2022,A/Slovenia/8720/2022,1280
A/Catalonia/NSVH161512067/2022,A/Slovenia/8720/2022,640
A/Denmark/3110/2022,A/Slovenia/8720/2022,80
A/Denmark/3100/2022,A/Slovenia/8720/2022,80
A/Denmark/3101/2022,A/Slovenia/8720/2022,80
A/Denmark/3136/2022,A/Slovenia/8720/2022,80
A/Denmark/3103/2022,A/Slovenia/8720/2022,80
A/Navarra/4439/2022,A/Slovenia/8720/2022,160
A/Navarra/4440/2022,A/Slovenia/8720/2022,160
A/Navarra/4438/2022,A/Slovenia/8720/2022,160
A/Denmark/3127/2022,A/Slovenia/8720/2022,320
A/Denmark/3108/2022,A/Slovenia/8720/2022,160
A/Ashabat/1/2022,A/Slovenia/8720/2022,320
A/Ashabat/3/2022,A/Slovenia/8720/2022,320
A/Fort-De-France/53820/2022,A/Slovenia/8720/2022,320
A/Cambodia/925256/2020,A/Catalonia/NSVH-2067/22,<40
A/Cambodia/e0826360/2020,A/Catalonia/NSVH-2067/22,<40
A/Thuringen/10/2022,A/Catalonia/NSVH-2067/22,40
A/Stockholm/5/2021,A/Catalonia/NSVH-2067/22,80
A/Darwin/9/2021,A/Catalonia/NSVH-2067/22,160
A/Norway/24873/2021,A/Catalonia/NSVH-2067/22,80
A/Norway/24873/2021,A/Catalonia/NSVH-2067/22,160
A/Poland/97/2022,A/Catalonia/NSVH-2067/22,640
A/Slovenia/8720/2022,A/Catalonia/NSVH-2067/22,640
A/Catalonia/NSVH161512067/2022,A/Catalonia/NSVH-2067/22,320
A/Denmark/3110/2022,A/Catalonia/NSVH-2067/22,40
A/Denmark/3100/2022,A/Catalonia/NSVH-2067/22,40
A/Denmark/3101/2022,A/Catalonia/NSVH-2067/22,40
A/Denmark/3136/2022,A/Catalonia/NSVH-2067/22,40
A/Denmark/3103/2022,A/Catalonia/NSVH-2067/22,40
A/Navarra/4439/2022,A/Catalonia/NSVH-2067/22,40
A/Navarra/4440/2022,A/Catalonia/NSVH-2067/22,40
A/Navarra/4438/2022,A/Catalonia/NSVH-2067/22,<40
A/Denmark/3127/2022,A/Catalonia/NSVH-2067/22,320
A/Denmark/3108/2022,A/Catalonia/NSVH-2067/22,160
A/Ashabat/1/2022,A/Catalonia/NSVH-2067/22,160
A/Ashabat/3/2022,A/Catalonia/NSVH-2067/22,160
A/Fort-De-France/53820/2022,A/Catalonia/NSVH-2067/22,160
A/Cambodia/925256/2020,A/Cambodia/925256/2020,1280
A/Cambodia/e0826360/2020,A/Cambodia/925256/2020,160
A/Thuringen/10/2022,A/Cambodia/925256/2020,80
A/Stockholm/5/2021,A/Cambodia/925256/2020,80
A/Darwin/9/2021,A/Cambodia/925256/2020,80
A/Norway/24873/2021,A/Cambodia/925256/2020,80
A/Norway/24873/2021,A/Cambodia/925256/2020,80
A/Poland/97/2022,A/Cambodia/925256/2020,80
A/Slovenia/8720/2022,A/Cambodia/925256/2020,80
A/Catalonia/NSVH161512067/2022,A/Cambodia/925256/2020,40
A/Dakar/27/2022,A/Cambodia/925256/2020,40
A/Argentina/3155/2022,A/Cambodia/925256/2020,40
A/Argentina/3151/2022,A/Cambodia/925256/2020,80
A/Switzerland/24157/2022,A/Cambodia/925256/2020,80
A/Switzerland/18284/2022,A/Cambodia/925256/2020,80
A/Burgos/257/2022,A/Cambodia/925256/2020,80
A/Soria/213/2022,A/Cambodia/925256/2020,80
A/Salamanca/198/2022,A/Cambodia/925256/2020,80
A/Salamanca/196/2022,A/Cambodia/925256/2020,80
A/Switzerland/18694/2022,A/Cambodia/925256/2020,80
A/Palencia/118/2022,A/Cambodia/925256/2020,80
A/Switzerland/39985/2022,A/Cambodia/925256/2020,80
A/Switzerland/07426/2022,A/Cambodia/925256/2020,80
A/Ireland/73304/2022,A/Cambodia/925256/2020,80
A/Ireland/74535/2022,A/Cambodia/925256/2020,80
A/Lithuania/48774/2022,A/Cambodia/925256/2020,40
A/Burgos/82/2022,A/Cambodia/925256/2020,40
A/Hong Kong/34/2022,A/Cambodia/925256/2020,80
A/Switzerland/54601/2022,A/Cambodia/925256/2020,<40
A/Ireland/74250/2022,A/Cambodia/925256/2020,40
A/Ireland/74511/2022,A/Cambodia/925256/2020,40
A/Switzerland/76550/2022,A/Cambodia/925256/2020,40
A/Switzerland/01284/2022,A/Cambodia/925256/2020,40
A/Switzerland/89053/2022,A/Cambodia/925256/2020,40
A/Switzerland/12082/2022,A/Cambodia/925256/2020,<40
A/Georgia/2369/2022,A/Cambodia/925256/2020,40
A/Georgia/8/2022,A/Cambodia/925256/2020,40
A/Georgia/4/2022,A/Cambodia/925256/2020,40
A/Argentina/3486/2022,A/Cambodia/925256/2020,80
A/Argentina/3498/2022,A/Cambodia/925256/2020,40
A/Argentina/3485/2022,A/Cambodia/925256/2020,40
A/Hong Kong/19/2022,A/Cambodia/925256/2020,80
A/Hong Kong/22/2022,A/Cambodia/925256/2020,80
A/Hong Kong/24/2022,A/Cambodia/925256/2020,80
A/Hong Kong/28/2022,A/Cambodia/925256/2020,80
A/Hong Kong/30/2022,A/Cambodia/925256/2020,40
A/Hong Kong/38/2022,A/Cambodia/925256/2020,80
A/Hong Kong/26/2022,A/Cambodia/925256/2020,80
A/Switzerland/52849/2022,A/Cambodia/925256/2020,40
A/Switzerland/86247/2022,A/Cambodia/925256/2020,40
A/Switzerland/85876/2022,A/Cambodia/925256/2020,40
A/Hong Kong/15/2022,A/Cambodia/925256/2020,40
A/Hong Kong/17/2022,A/Cambodia/925256/2020,40
A/Hong Kong/32/2022,A/Cambodia/925256/2020,40
A/Cambodia/925256/2020,A/Cambodia/e0826360/2020,160
A/Cambodia/e0826360/2020,A/Cambodia/e0826360/2020,1280
A/Thuringen/10/2022,A/Cambodia/e0826360/2020,320
A/Stockholm/5/2021,A/Cambodia/e0826360/2020,160
A/Darwin/9/2021,A/Cambodia/e0826360/2020,640
A/Norway/24873/2021,A/Cambodia/e0826360/2020,80
A/Norway/24873/2021,A/Cambodia/e0826360/2020,320
A/Poland/97/2022,A/Cambodia/e0826360/2020,160
A/Slovenia/8720/2022,A/Cambodia/e0826360/2020,160
A/Catalonia/NSVH161512067/2022,A/Cambodia/e0826360/2020,160
A/Dakar/27/2022,A/Cambodia/e0826360/2020,160
A/Argentina/3155/2022,A/Cambodia/e0826360/2020,160
A/Argentina/3151/2022,A/Cambodia/e0826360/2020,320
A/Switzerland/24157/2022,A/Cambodia/e0826360/2020,160
A/Switzerland/18284/2022,A/Cambodia/e0826360/2020,80
A/Burgos/257/2022,A/Cambodia/e0826360/2020,160
A/Soria/213/2022,A/Cambodia/e0826360/2020,160
A/Salamanca/198/2022,A/Cambodia/e0826360/2020,160
A/Salamanca/196/2022,A/Cambodia/e0826360/2020,160
A/Switzerland/18694/2022,A/Cambodia/e0826360/2020,160
A/Palencia/118/2022,A/Cambodia/e0826360/2020,160
A/Switzerland/39985/2022,A/Cambodia/e0826360/2020,80
A/Switzerland/07426/2022,A/Cambodia/e0826360/2020,160
A/Ireland/73304/2022,A/Cambodia/e0826360/2020,160
A/Ireland/74535/2022,A/Cambodia/e0826360/2020,160
A/Lithuania/48774/2022,A/Cambodia/e0826360/2020,40
A/Burgos/82/2022,A/Cambodia/e0826360/2020,160
A/Hong Kong/34/2022,A/Cambodia/e0826360/2020,80
A/Switzerland/54601/2022,A/Cambodia/e0826360/2020,40
A/Ireland/74250/2022,A/Cambodia/e0826360/2020,80
A/Ireland/74511/2022,A/Cambodia/e0826360/2020,80
A/Switzerland/76550/2022,A/Cambodia/e0826360/2020,40
A/Switzerland/01284/2022,A/Cambodia/e0826360/2020,80
A/Switzerland/89053/2022,A/Cambodia/e0826360/2020,80
A/Switzerland/12082/2022,A/Cambodia/e0826360/2020,40
A/Georgia/2369/2022,A/Cambodia/e0826360/2020,160
A/Georgia/8/2022,A/Cambodia/e0826360/2020,160
A/Georgia/4/2022,A/Cambodia/e0826360/2020,80
A/Argentina/3486/2022,A/Cambodia/e0826360/2020,80
A/Argentina/3498/2022,A/Cambodia/e0826360/2020,160
A/Argentina/3485/2022,A/Cambodia/e0826360/2020,160
A/Hong Kong/19/2022,A/Cambodia/e0826360/2020,80
A/Hong Kong/22/2022,A/Cambodia/e0826360/2020,160
A/Hong Kong/24/2022,A/Cambodia/e0826360/2020,320
A/Hong Kong/28/2022,A/Cambodia/e0826360/2020,160
A/Hong Kong/30/2022,A/Cambodia/e0826360/2020,80
A/Hong Kong/38/2022,A/Cambodia/e0826360/2020,80
A/Hong Kong/26/2022,A/Cambodia/e0826360/2020,160
A/Switzerland/52849/2022,A/Cambodia/e0826360/2020,80
A/Switzerland/86247/2022,A/Cambodia/e0826360/2020,80
A/Switzerland/85876/2022,A/Cambodia/e0826360/2020,80
A/Hong Kong/15/2022,A/Cambodia/e0826360/2020,80
A/Hong Kong/17/2022,A/Cambodia/e0826360/2020,80
A/Hong Kong/32/2022,A/Cambodia/e0826360/2020,80
A/Cambodia/925256/2020,A/Thuringen/10/2022,40
A/Cambodia/e0826360/2020,A/Thuringen/10/2022,80
A/Thuringen/10/2022,A/Thuringen/10/2022,320
A/Stockholm/5/2021,A/Thuringen/10/2022,80
A/Darwin/9/2021,A/Thuringen/10/2022,160
A/Norway/24873/2021,A/Thuringen/10/2022,80
A/Norway/24873/2021,A/Thuringen/10/2022,160
A/Poland/97/2022,A/Thuringen/10/2022,80
A/Slovenia/8720/2022,A/Thuringen/10/2022,160
A/Catalonia/NSVH161512067/2022,A/Thuringen/10/2022,80
A/Dakar/27/2022,A/Thuringen/10/2022,160
A/Argentina/3155/2022,A/Thuringen/10/2022,80
A/Argentina/3151/2022,A/Thuringen/10/2022,320
A/Switzerland/24157/2022,A/Thuringen/10/2022,320
A/Switzerland/18284/2022,A/Thuringen/10/2022,160
A/Burgos/257/2022,A/Thuringen/10/2022,160
A/Soria/213/2022,A/Thuringen/10/2022,320
A/Salamanca/198/2022,A/Thuringen/10/2022,320
A/Salamanca/196/2022,A/Thuringen/10/2022,320
A/Switzerland/18694/2022,A/Thuringen/10/2022,320
A/Palencia/118/2022,A/Thuringen/10/2022,320
A/Switzerland/39985/2022,A/Thuringen/10/2022,320
A/Switzerland/07426/2022,A/Thuringen/10/2022,320
A/Ireland/73304/2022,A/Thuringen/10/2022,320
A/Ireland/74535/2022,A/Thuringen/10/2022,160
A/Lithuania/48774/2022,A/Thuringen/10/2022,80
A/Burgos/82/2022,A/Thuringen/10/2022,40
A/Hong Kong/34/2022,A/Thuringen/10/2022,80
A/Switzerland/54601/2022,A/Thuringen/10/2022,40
A/Ireland/74250/2022,A/Thuringen/10/2022,80
A/Ireland/74511/2022,A/Thuringen/10/2022,80
A/Switzerland/76550/2022,A/Thuringen/10/2022,80
A/Switzerland/01284/2022,A/Thuringen/10/2022,80
A/Switzerland/89053/2022,A/Thuringen/10/2022,80
A/Switzerland/12082/2022,A/Thuringen/10/2022,80
A/Georgia/2369/2022,A/Thuringen/10/2022,80
A/Georgia/8/2022,A/Thuringen/10/2022,80
A/Georgia/4/2022,A/Thuringen/10/2022,160
A/Argentina/3486/2022,A/Thuringen/10/2022,80
A/Argentina/3498/2022,A/Thuringen/10/2022,80
A/Argentina/3485/2022,A/Thuringen/10/2022,80
A/Hong Kong/19/2022,A/Thuringen/10/2022,160
A/Hong Kong/22/2022,A/Thuringen/10/2022,160
A/Hong Kong/24/2022,A/Thuringen/10/2022,320
A/Hong Kong/28/2022,A/Thuringen/10/2022,160
A/Hong Kong/30/2022,A/Thuringen/10/2022,160
A/Hong Kong/38/2022,A/Thuringen/10/2022,160
A/Hong Kong/26/2022,A/Thuringen/10/2022,160
A/Switzerland/52849/2022,A/Thuringen/10/2022,80
A/Switzerland/86247/2022,A/Thuringen/10/2022,160
A/Switzerland/85876/2022,A/Thuringen/10/2022,80
A/Hong Kong/15/2022,A/Thuringen/10/2022,80
A/Hong Kong/17/2022,A/Thuringen/10/2022,80
A/Hong Kong/32/2022,A/Thuringen/10/2022,160
A/Cambodia/925256/2020,A/Stockholm/5/2021,320
A/Cambodia/e0826360/2020,A/Stockholm/5/2021,160
A/Thuringen/10/2022,A/Stockholm/5/2021,640
A/Stockholm/5/2021,A/Stockholm/5/2021,640
A/Darwin/9/2021,A/Stockholm/5/2021,640
A/Norway/24873/2021,A/Stockholm/5/2021,320
A/Norway/24873/2021,A/Stockholm/5/2021,640
A/Poland/97/2022,A/Stockholm/5/2021,640
A/Slovenia/8720/2022,A/Stockholm/5/2021,640
A/Catalonia/NSVH161512067/2022,A/Stockholm/5/2021,640
A/Dakar/27/2022,A/Stockholm/5/2021,320
A/Argentina/3155/2022,A/Stockholm/5/2021,160
A/Argentina/3151/2022,A/Stockholm/5/2021,320
A/Switzerland/24157/2022,A/Stockholm/5/2021,320
A/Switzerland/18284/2022,A/Stockholm/5/2021,160
A/Burgos/257/2022,A/Stockholm/5/2021,160
A/Soria/213/2022,A/Stockholm/5/2021,320
A/Salamanca/198/2022,A/Stockholm/5/2021,320
A/Salamanca/196/2022,A/Stockholm/5/2021,320
A/Switzerland/18694/2022,A/Stockholm/5/2021,320
A/Palencia/118/2022,A/Stockholm/5/2021,320
A/Switzerland/39985/2022,A/Stockholm/5/2021,320
A/Switzerland/07426/2022,A/Stockholm/5/2021,320
A/Ireland/73304/2022,A/Stockholm/5/2021,320
A/Ireland/74535/2022,A/Stockholm/5/2021,160
A/Lithuania/48774/2022,A/Stockholm/5/2021,320
A/Burgos/82/2022,A/Stockholm/5/2021,320
A/Hong Kong/34/2022,A/Stockholm/5/2021,640
A/Switzerland/54601/2022,A/Stockholm/5/2021,160
A/Ireland/74250/2022,A/Stockholm/5/2021,320
A/Ireland/74511/2022,A/Stockholm/5/2021,320
A/Switzerland/76550/2022,A/Stockholm/5/2021,320
A/Switzerland/01284/2022,A/Stockholm/5/2021,640
A/Switzerland/89053/2022,A/Stockholm/5/2021,320
A/Switzerland/12082/2022,A/Stockholm/5/2021,160
A/Georgia/2369/2022,A/Stockholm/5/2021,320
A/Georgia/8/2022,A/Stockholm/5/2021,640
A/Georgia/4/2022,A/Stockholm/5/2021,640
A/Argentina/3486/2022,A/Stockholm/5/2021,320
A/Argentina/3498/2022,A/Stockholm/5/2021,160
A/Argentina/3485/2022,A/Stockholm/5/2021,160
A/Hong Kong/19/2022,A/Stockholm/5/2021,640
A/Hong Kong/22/2022,A/Stockholm/5/2021,640
A/Hong Kong/24/2022,A/Stockholm/5/2021,320
A/Hong Kong/28/2022,A/Stockholm/5/2021,320
A/Hong Kong/30/2022,A/Stockholm/5/2021,160
A/Hong Kong/38/2022,A/Stockholm/5/2021,320
A/Hong Kong/26/2022,A/Stockholm/5/2021,320
A/Switzerland/52849/2022,A/Stockholm/5/2021,160
A/Switzerland/86247/2022,A/Stockholm/5/2021,320
A/Switzerland/85876/2022,A/Stockholm/5/2021,160
A/Hong Kong/15/2022,A/Stockholm/5/2021,160
A/Hong Kong/17/2022,A/Stockholm/5/2021,80
A/Hong Kong/32/2022,A/Stockholm/5/2021,320
A/Cambodia/925256/2020,A/Darwin/9/2021,640
A/Cambodia/e0826360/2020,A/Darwin/9/2021,320
A/Thuringen/10/2022,A/Darwin/9/2021,320
A/Stockholm/5/2021,A/Darwin/9/2021,640
A/Darwin/9/2021,A/Darwin/9/2021,1280
A/Norway/24873/2021,A/Darwin/9/2021,640
A/Norway/24873/2021,A/Darwin/9/2021,640
A/Poland/97/2022,A/Darwin/9/2021,640
A/Slovenia/8720/2022,A/Darwin/9/2021,640
A/Catalonia/NSVH161512067/2022,A/Darwin/9/2021,640
A/Dakar/27/2022,A/Darwin/9/2021,640
A/Argentina/3155/2022,A/Darwin/9/2021,320
A/Argentina/3151/2022,A/Darwin/9/2021,320
A/Switzerland/24157/2022,A/Darwin/9/2021,320
A/Switzerland/18284/2022,A/Darwin/9/2021,160
A/Burgos/257/2022,A/Darwin/9/2021,160
A/Soria/213/2022,A/Darwin/9/2021,320
A/Salamanca/198/2022,A/Darwin/9/2021,320
A/Salamanca/196/2022,A/Darwin/9/2021,320
A/Switzerland/18694/2022,A/Darwin/9/2021,320
A/Palencia/118/2022,A/Darwin/9/2021,320
A/Switzerland/39985/2022,A/Darwin/9/2021,320
A/Switzerland/07426/2022,A/Darwin/9/2021,320
A/Ireland/73304/2022,A/Darwin/9/2021,320
A/Ireland/74535/2022,A/Darwin/9/2021,160
A/Lithuania/48774/2022,A/Darwin/9/2021,640
A/Burgos/82/2022,A/Darwin/9/2021,320
A/Hong Kong/34/2022,A/Darwin/9/2021,640
A/Switzerland/54601/2022,A/Darwin/9/2021,160
A/Ireland/74250/2022,A/Darwin/9/2021,320
A/Ireland/74511/2022,A/Darwin/9/2021,320
A/Switzerland/76550/2022,A/Darwin/9/2021,320
A/Switzerland/01284/2022,A/Darwin/9/2021,640
A/Switzerland/89053/2022,A/Darwin/9/2021,320
A/Switzerland/12082/2022,A/Darwin/9/2021,320
A/Georgia/2369/2022,A/Darwin/9/2021,640
A/Georgia/8/2022,A/Darwin/9/2021,640
A/Georgia/4/2022,A/Darwin/9/2021,640
A/Argentina/3486/2022,A/Darwin/9/2021,640
A/Argentina/3498/2022,A/Darwin/9/2021,320
A/Argentina/3485/2022,A/Darwin/9/2021,320
A/Hong Kong/19/2022,A/Darwin/9/2021,640
A/Hong Kong/22/2022,A/Darwin/9/2021,640
A/Hong Kong/24/2022,A/Darwin/9/2021,1280
A/Hong Kong/28/2022,A/Darwin/9/2021,640
A/Hong Kong/30/2022,A/Darwin/9/2021,320
A/Hong Kong/38/2022,A/Darwin/9/2021,320
A/Hong Kong/26/2022,A/Darwin/9/2021,640
A/Switzerland/52849/2022,A/Darwin/9/2021,320
A/Switzerland/86247/2022,A/Darwin/9/2021,320
A/Switzerland/85876/2022,A/Darwin/9/2021,320
A/Hong Kong/15/2022,A/Darwin/9/2021,320
A/Hong Kong/17/2022,A/Darwin/9/2021,160
A/Hong Kong/32/2022,A/Darwin/9/2021,320
A/Cambodia/925256/2020,A/Norway/24873/2021,<40
A/Cambodia/e0826360/2020,A/Norway/24873/2021,40
A/Thuringen/10/2022,A/Norway/24873/2021,160
A/Stockholm/5/2021,A/Norway/24873/2021,160
A/Darwin/9/2021,A/Norway/24873/2021,160
A/Norway/24873/2021,A/Norway/24873/2021,320
A/Norway/24873/2021,A/Norway/24873/2021,320
A/Poland/97/2022,A/Norway/24873/2021,320
A/Slovenia/8720/2022,A/Norway/24873/2021,160
A/Catalonia/NSVH161512067/2022,A/Norway/24873/2021,80
A/Dakar/27/2022,A/Norway/24873/2021,160
A/Argentina/3155/2022,A/Norway/24873/2021,160
A/Argentina/3151/2022,A/Norway/24873/2021,160
A/Switzerland/24157/2022,A/Norway/24873/2021,80
A/Switzerland/18284/2022,A/Norway/24873/2021,80
A/Burgos/257/2022,A/Norway/24873/2021,80
A/Soria/213/2022,A/Norway/24873/2021,80
A/Salamanca/198/2022,A/Norway/24873/2021,80
A/Salamanca/196/2022,A/Norway/24873/2021,80
A/Switzerland/18694/2022,A/Norway/24873/2021,80
A/Palencia/118/2022,A/Norway/24873/2021,80
A/Switzerland/39985/2022,A/Norway/24873/2021,80
A/Switzerland/07426/2022,A/Norway/24873/2021,80
A/Ireland/73304/2022,A/Norway/24873/2021,80
A/Ireland/74535/2022,A/Norway/24873/2021,80
A/Lithuania/48774/2022,A/Norway/24873/2021,160
A/Burgos/82/2022,A/Norway/24873/2021,80
A/Hong Kong/34/2022,A/Norway/24873/2021,160
A/Switzerland/54601/2022,A/Norway/24873/2021,40
A/Ireland/74250/2022,A/Norway/24873/2021,80
A/Ireland/74511/2022,A/Norway/24873/2021,80
A/Switzerland/76550/2022,A/Norway/24873/2021,80
A/Switzerland/01284/2022,A/Norway/24873/2021,160
A/Switzerland/89053/2022,A/Norway/24873/2021,80
A/Switzerland/12082/2022,A/Norway/24873/2021,40
A/Georgia/2369/2022,A/Norway/24873/2021,80
A/Georgia/8/2022,A/Norway/24873/2021,160
A/Georgia/4/2022,A/Norway/24873/2021,80
A/Argentina/3486/2022,A/Norway/24873/2021,320
A/Argentina/3498/2022,A/Norway/24873/2021,320
A/Argentina/3485/2022,A/Norway/24873/2021,160
A/Hong Kong/19/2022,A/Norway/24873/2021,320
A/Hong Kong/22/2022,A/Norway/24873/2021,320
A/Hong Kong/24/2022,A/Norway/24873/2021,640
A/Hong Kong/28/2022,A/Norway/24873/2021,320
A/Hong Kong/30/2022,A/Norway/24873/2021,160
A/Hong Kong/38/2022,A/Norway/24873/2021,320
A/Hong Kong/26/2022,A/Norway/24873/2021,320
A/Switzerland/52849/2022,A/Norway/24873/2021,160
A/Switzerland/86247/2022,A/Norway/24873/2021,160
A/Switzerland/85876/2022,A/Norway/24873/2021,160
A/Hong Kong/15/2022,A/Norway/24873/2021,160
A/Hong Kong/17/2022,A/Norway/24873/2021,80
A/Hong Kong/32/2022,A/Norway/24873/2021,160
A/Cambodia/925256/2020,A/Norway/24873/2021,80
A/Cambodia/e0826360/2020,A/Norway/24873/2021,80
A/Thuringen/10/2022,A/Norway/24873/2021,160
A/Stockholm/5/2021,A/Norway/24873/2021,320
A/Darwin/9/2021,A/Norway/24873/2021,320
A/Norway/24873/2021,A/Norway/24873/2021,320
A/Norway/24873/2021,A/Norway/24873/2021,1280
A/Poland/97/2022,A/Norway/24873/2021,320
A/Slovenia/8720/2022,A/Norway/24873/2021,320
A/Catalonia/NSVH161512067/2022,A/Norway/24873/2021,320
A/Dakar/27/2022,A/Norway/24873/2021,640
A/Argentina/3155/2022,A/Norway/24873/2021,320
A/Argentina/3151/2022,A/Norway/24873/2021,160
A/Switzerland/24157/2022,A/Norway/24873/2021,160
A/Switzerland/18284/2022,A/Norway/24873/2021,80
A/Burgos/257/2022,A/Norway/24873/2021,80
A/Soria/213/2022,A/Norway/24873/2021,160
A/Salamanca/198/2022,A/Norway/24873/2021,160
A/Salamanca/196/2022,A/Norway/24873/2021,320
A/Switzerland/18694/2022,A/Norway/24873/2021,160
A/Palencia/118/2022,A/Norway/24873/2021,160
A/Switzerland/39985/2022,A/Norway/24873/2021,80
A/Switzerland/07426/2022,A/Norway/24873/2021,80
A/Ireland/73304/2022,A/Norway/24873/2021,160
A/Ireland/74535/2022,A/Norway/24873/2021,80
A/Lithuania/48774/2022,A/Norway/24873/2021,160
A/Burgos/82/2022,A/Norway/24873/2021,80
A/Hong Kong/34/2022,A/Norway/24873/2021,320
A/Switzerland/54601/2022,A/Norway/24873/2021,80
A/Ireland/74250/2022,A/Norway/24873/2021,160
A/Ireland/74511/2022,A/Norway/24873/2021,160
A/Switzerland/76550/2022,A/Norway/24873/2021,160
A/Switzerland/01284/2022,A/Norway/24873/2021,320
A/Switzerland/89053/2022,A/Norway/24873/2021,160
A/Switzerland/12082/2022,A/Norway/24873/2021,80
A/Georgia/2369/2022,A/Norway/24873/2021,160
A/Georgia/8/2022,A/Norway/24873/2021,320
A/Georgia/4/2022,A/Norway/24873/2021,320
A/Argentina/3486/2022,A/Norway/24873/2021,640
A/Argentina/3498/2022,A/Norway/24873/2021,320
A/Argentina/3485/2022,A/Norway/24873/2021,320
A/Hong Kong/19/2022,A/Norway/24873/2021,640
A/Hong Kong/22/2022,A/Norway/24873/2021,640
A/Hong Kong/24/2022,A/Norway/24873/2021,1280
A/Hong Kong/28/2022,A/Norway/24873/2021,640
A/Hong Kong/30/2022,A/Norway/24873/2021,320
A/Hong Kong/38/2022,A/Norway/24873/2021,640
A/Hong Kong/26/2022,A/Norway/24873/2021,640
A/Switzerland/52849/2022,A/Norway/24873/2021,320
A/Switzerland/86247/2022,A/Norway/24873/2021,320
A/Switzerland/85876/2022,A/Norway/24873/2021,320
A/Hong Kong/15/2022,A/Norway/24873/2021,160
A/Hong Kong/17/2022,A/Norway/24873/2021,160
A/Hong Kong/32/2022,A/Norway/24873/2021,320
A/Cambodia/925256/2020,A/Poland/97/2022,80
A/Cambodia/e0826360/2020,A/Poland/97/2022,40
A/Thuringen/10/2022,A/Poland/97/2022,160
A/Stockholm/5/2021,A/Poland/97/2022,320
A/Darwin/9/2021,A/Poland/97/2022,320
A/Norway/24873/2021,A/Poland/97/2022,160
A/Norway/24873/2021,A/Poland/97/2022,320
A/Poland/97/2022,A/Poland/97/2022,640
A/Slovenia/8720/2022,A/Poland/97/2022,640
A/Catalonia/NSVH161512067/2022,A/Poland/97/2022,320
A/Dakar/27/2022,A/Poland/97/2022,160
A/Argentina/3155/2022,A/Poland/97/2022,160
A/Argentina/3151/2022,A/Poland/97/2022,160
A/Switzerland/24157/2022,A/Poland/97/2022,80
A/Switzerland/18284/2022,A/Poland/97/2022,80
A/Burgos/257/2022,A/Poland/97/2022,80
A/Soria/213/2022,A/Poland/97/2022,160
A/Salamanca/198/2022,A/Poland/97/2022,80
A/Salamanca/196/2022,A/Poland/97/2022,80
A/Switzerland/18694/2022,A/Poland/97/2022,80
A/Palencia/118/2022,A/Poland/97/2022,80
A/Switzerland/39985/2022,A/Poland/97/2022,80
A/Switzerland/07426/2022,A/Poland/97/2022,80
A/Ireland/73304/2022,A/Poland/97/2022,80
A/Ireland/74535/2022,A/Poland/97/2022,80
A/Lithuania/48774/2022,A/Poland/97/2022,320
A/Burgos/82/2022,A/Poland/97/2022,320
A/Hong Kong/34/2022,A/Poland/97/2022,640
A/Switzerland/54601/2022,A/Poland/97/2022,160
A/Ireland/74250/2022,A/Poland/97/2022,320
A/Ireland/74511/2022,A/Poland/97/2022,320
A/Switzerland/76550/2022,A/Poland/97/2022,320
A/Switzerland/01284/2022,A/Poland/97/2022,320
A/Switzerland/89053/2022,A/Poland/97/2022,320
A/Switzerland/12082/2022,A/Poland/97/2022,160
A/Georgia/2369/2022,A/Poland/97/2022,320
A/Georgia/8/2022,A/Poland/97/2022,640
A/Georgia/4/2022,A/Poland/97/2022,640
A/Argentina/3486/2022,A/Poland/97/2022,160
A/Argentina/3498/2022,A/Poland/97/2022,160
A/Argentina/3485/2022,A/Poland/97/2022,160
A/Hong Kong/19/2022,A/Poland/97/2022,160
A/Hong Kong/22/2022,A/Poland/97/2022,320
A/Hong Kong/24/2022,A/Poland/97/2022,320
A/Hong Kong/28/2022,A/Poland/97/2022,160
A/Hong Kong/30/2022,A/Poland/97/2022,80
A/Hong Kong/38/2022,A/Poland/97/2022,160
A/Hong Kong/26/2022,A/Poland/97/2022,160
A/Switzerland/52849/2022,A/Poland/97/2022,160
A/Switzerland/86247/2022,A/Poland/97/2022,80
A/Switzerland/85876/2022,A/Poland/97/2022,160
A/Hong Kong/15/2022,A/Poland/97/2022,160
A/Hong Kong/17/2022,A/Poland/97/2022,80
A/Hong Kong/32/2022,A/Poland/97/2022,160
A/Cambodia/925256/2020,A/Slovenia/8720/2022,<40
A/Cambodia/e0826360/2020,A/Slovenia/8720/2022,160
A/Thuringen/10/2022,A/Slovenia/8720/2022,320
A/Stockholm/5/2021,A/Slovenia/8720/2022,640
A/Darwin/9/2021,A/Slovenia/8720/2022,640
A/Norway/24873/2021,A/Slovenia/8720/2022,320
A/Norway/24873/2021,A/Slovenia/8720/2022,640
A/Poland/97/2022,A/Slovenia/8720/2022,1280
A/Slovenia/8720/2022,A/Slovenia/8720/2022,1280
A/Catalonia/NSVH161512067/2022,A/Slovenia/8720/2022,640
A/Dakar/27/2022,A/Slovenia/8720/2022,320
A/Argentina/3155/2022,A/Slovenia/8720/2022,160
A/Argentina/3151/2022,A/Slovenia/8720/2022,320
A/Switzerland/24157/2022,A/Slovenia/8720/2022,320
A/Switzerland/18284/2022,A/Slovenia/8720/2022,160
A/Burgos/257/2022,A/Slovenia/8720/2022,160
A/Soria/213/2022,A/Slovenia/8720/2022,320
A/Salamanca/198/2022,A/Slovenia/8720/2022,320
A/Salamanca/196/2022,A/Slovenia/8720/2022,320
A/Switzerland/18694/2022,A/Slovenia/8720/2022,320
A/Palencia/118/2022,A/Slovenia/8720/2022,320
A/Switzerland/39985/2022,A/Slovenia/8720/2022,320
A/Switzerland/07426/2022,A/Slovenia/8720/2022,160
A/Ireland/73304/2022,A/Slovenia/8720/2022,160
A/Ireland/74535/2022,A/Slovenia/8720/2022,160
A/Lithuania/48774/2022,A/Slovenia/8720/2022,640
A/Burgos/82/2022,A/Slovenia/8720/2022,640
A/Hong Kong/34/2022,A/Slovenia/8720/2022,640
A/Switzerland/54601/2022,A/Slovenia/8720/2022,320
A/Ireland/74250/2022,A/Slovenia/8720/2022,640
A/Ireland/74511/2022,A/Slovenia/8720/2022,640
A/Switzerland/76550/2022,A/Slovenia/8720/2022,640
A/Switzerland/01284/2022,A/Slovenia/8720/2022,1280
A/Switzerland/89053/2022,A/Slovenia/8720/2022,640
A/Switzerland/12082/2022,A/Slovenia/8720/2022,320
A/Georgia/2369/2022,A/Slovenia/8720/2022,640
A/Georgia/8/2022,A/Slovenia/8720/2022,640
A/Georgia/4/2022,A/Slovenia/8720/2022,1280
A/Argentina/3486/2022,A/Slovenia/8720/2022,320
A/Argentina/3498/2022,A/Slovenia/8720/2022,320
A/Argentina/3485/2022,A/Slovenia/8720/2022,160
A/Hong Kong/19/2022,A/Slovenia/8720/2022,640
A/Hong Kong/22/2022,A/Slovenia/8720/2022,640
A/Hong Kong/24/2022,A/Slovenia/8720/2022,640
A/Hong Kong/28/2022,A/Slovenia/8720/2022,320
A/Hong Kong/30/2022,A/Slovenia/8720/2022,160
A/Hong Kong/38/2022,A/Slovenia/8720/2022,320
A/Hong Kong/26/2022,A/Slovenia/8720/2022,320
A/Switzerland/52849/2022,A/Slovenia/8720/2022,160
A/Switzerland/86247/2022,A/Slovenia/8720/2022,160
A/Switzerland/85876/2022,A/Slovenia/8720/2022,320
A/Hong Kong/15/2022,A/Slovenia/8720/2022,160
A/Hong Kong/17/2022,A/Slovenia/8720/2022,80
A/Hong Kong/32/2022,A/Slovenia/8720/2022,320
A/Cambodia/925256/2020,A/Catalonia/NSVH-2067/22,<40
A/Cambodia/e0826360/2020,A/Catalonia/NSVH-2067/22,<40
A/Thuringen/10/2022,A/Catalonia/NSVH-2067/22,80
A/Stockholm/5/2021,A/Catalonia/NSVH-2067/22,160
A/Darwin/9/2021,A/Catalonia/NSVH-2067/22,160
A/Norway/24873/2021,A/Catalonia/NSVH-2067/22,160
A/Norway/24873/2021,A/Catalonia/NSVH-2067/22,160
A/Poland/97/2022,A/Catalonia/NSVH-2067/22,320
A/Slovenia/8720/2022,A/Catalonia/NSVH-2067/22,640
A/Catalonia/NSVH161512067/2022,A/Catalonia/NSVH-2067/22,320
A/Dakar/27/2022,A/Catalonia/NSVH-2067/22,160
A/Argentina/3155/2022,A/Catalonia/NSVH-2067/22,80
A/Argentina/3151/2022,A/Catalonia/NSVH-2067/22,80
A/Switzerland/24157/2022,A/Catalonia/NSVH-2067/22,40
A/Switzerland/18284/2022,A/Catalonia/NSVH-2067/22,40
A/Burgos/257/2022,A/Catalonia/NSVH-2067/22,40
A/Soria/213/2022,A/Catalonia/NSVH-2067/22,40
A/Salamanca/198/2022,A/Catalonia/NSVH-2067/22,80
A/Salamanca/196/2022,A/Catalonia/NSVH-2067/22,80
A/Switzerland/18694/2022,A/Catalonia/NSVH-2067/22,40
A/Palencia/118/2022,A/Catalonia/NSVH-2067/22,40
A/Switzerland/39985/2022,A/Catalonia/NSVH-2067/22,40
A/Switzerland/07426/2022,A/Catalonia/NSVH-2067/22,40
A/Ireland/73304/2022,A/Catalonia/NSVH-2067/22,40
A/Ireland/74535/2022,A/Catalonia/NSVH-2067/22,40
A/Lithuania/48774/2022,A/Catalonia/NSVH-2067/22,320
A/Burgos/82/2022,A/Catalonia/NSVH-2067/22,320
A/Hong Kong/34/2022,A/Catalonia/NSVH-2067/22,320
A/Switzerland/54601/2022,A/Catalonia/NSVH-2067/22,80
A/Ireland/74250/2022,A/Catalonia/NSVH-2067/22,320
A/Ireland/74511/2022,A/Catalonia/NSVH-2067/22,320
A/Switzerland/76550/2022,A/Catalonia/NSVH-2067/22,160
A/Switzerland/01284/2022,A/Catalonia/NSVH-2067/22,320
A/Switzerland/89053/2022,A/Catalonia/NSVH-2067/22,320
A/Switzerland/12082/2022,A/Catalonia/NSVH-2067/22,160
A/Georgia/2369/2022,A/Catalonia/NSVH-2067/22,320
A/Georgia/8/2022,A/Catalonia/NSVH-2067/22,320
A/Georgia/4/2022,A/Catalonia/NSVH-2067/22,320
A/Argentina/3486/2022,A/Catalonia/NSVH-2067/22,160
A/Argentina/3498/2022,A/Catalonia/NSVH-2067/22,160
A/Argentina/3485/2022,A/Catalonia/NSVH-2067/22,80
A/Hong Kong/19/2022,A/Catalonia/NSVH-2067/22,160
A/Hong Kong/22/2022,A/Catalonia/NSVH-2067/22,160
A/Hong Kong/24/2022,A/Catalonia/NSVH-2067/22,320
A/Hong Kong/28/2022,A/Catalonia/NSVH-2067/22,80
A/Hong Kong/30/2022,A/Catalonia/NSVH-2067/22,80
A/Hong Kong/38/2022,A/Catalonia/NSVH-2067/22,80
A/Hong Kong/26/2022,A/Catalonia/NSVH-2067/22,160
A/Switzerland/52849/2022,A/Catalonia/NSVH-2067/22,80
A/Switzerland/86247/2022,A/Catalonia/NSVH-2067/22,80
A/Switzerland/85876/2022,A/Catalonia/NSVH-2067/22,80
A/Hong Kong/15/2022,A/Catalonia/NSVH-2067/22,80
A/Hong Kong/17/2022,A/Catalonia/NSVH-2067/22,80
A/Hong Kong/32/2022,A/Catalonia/NSVH-2067/22,80
A/Cambodia/925256/2020,A/Cambodia/925256/2020,640
A/Cambodia/e0826360/2020,A/Cambodia/925256/2020,80
A/Thuringen/10/2022,A/Cambodia/925256/2020,80
A/Stockholm/5/2021,A/Cambodia/925256/2020,80
A/Darwin/9/2021,A/Cambodia/925256/2020,160
A/Norway/24873/2021,A/Cambodia/925256/2020,40
A/Norway/24873/2021,A/Cambodia/925256/2020,80
A/Poland/97/2022,A/Cambodia/925256/2020,40
A/Slovenia/8720/2022,A/Cambodia/925256/2020,80
A/Catalonia/NSVH161512067/2022,A/Cambodia/925256/2020,40
A/Croatia/101024/2022,A/Cambodia/925256/2020,80
A/Norway/32641/2022,A/Cambodia/925256/2020,40
A/Castilla La Mancha/4112/2022,A/Cambodia/925256/2020,80
A/Castilla La Mancha/4057/2022,A/Cambodia/925256/2020,80
A/Castilla La Mancha/4107/2022,A/Cambodia/925256/2020,40
A/Norway/33623/2022,A/Cambodia/925256/2020,80
A/Norway/33536/2022,A/Cambodia/925256/2020,40
A/Castilla La Mancha/4542/2022,A/Cambodia/925256/2020,40
A/Castilla La Mancha/4541/2022,A/Cambodia/925256/2020,40
A/Castilla La Mancha/4547/2022,A/Cambodia/925256/2020,80
A/Switzerland/68410/2022,A/Cambodia/925256/2020,40
A/Switzerland/56875/2022,A/Cambodia/925256/2020,40
A/Switzerland/68971/2022,A/Cambodia/925256/2020,40
A/Galicia/3991/2022,A/Cambodia/925256/2020,40
A/Hungary/73/2022,A/Cambodia/925256/2020,80
A/Hungary/87/2022,A/Cambodia/925256/2020,40
A/Switzerland/12279/2022,A/Cambodia/925256/2020,80
A/Switzerland/28719/2022,A/Cambodia/925256/2020,80
A/Switzerland/68854/2022,A/Cambodia/925256/2020,40
A/Slovenia/11512/2022,A/Cambodia/925256/2020,40
A/Slovenia/11696/2022,A/Cambodia/925256/2020,40
A/Slovenia/11516/2022,A/Cambodia/925256/2020,40
A/Slovenia/11514/2022,A/Cambodia/925256/2020,80
A/Slovenia/11622/2022,A/Cambodia/925256/2020,40
A/Slovenia/11517/2022,A/Cambodia/925256/2020,80
A/Slovenia/42/2023,A/Cambodia/925256/2020,80
A/Slovenia/11665/2022,A/Cambodia/925256/2020,160
A/Cambodia/925256/2020,A/Cambodia/e0826360/2020,160
A/Cambodia/e0826360/2020,A/Cambodia/e0826360/2020,640
A/Thuringen/10/2022,A/Cambodia/e0826360/2020,160
A/Stockholm/5/2021,A/Cambodia/e0826360/2020,80
A/Darwin/9/2021,A/Cambodia/e0826360/2020,640
A/Norway/24873/2021,A/Cambodia/e0826360/2020,80
A/Norway/24873/2021,A/Cambodia/e0826360/2020,320
A/Poland/97/2022,A/Cambodia/e0826360/2020,80
A/Slovenia/8720/2022,A/Cambodia/e0826360/2020,80
A/Catalonia/NSVH161512067/2022,A/Cambodia/e0826360/2020,80
A/Croatia/101024/2022,A/Cambodia/e0826360/2020,80
A/Norway/32641/2022,A/Cambodia/e0826360/2020,80
A/Castilla La Mancha/4112/2022,A/Cambodia/e0826360/2020,160
A/Castilla La Mancha/4057/2022,A/Cambodia/e0826360/2020,80
A/Castilla La Mancha/4107/2022,A/Cambodia/e0826360/2020,80
A/Norway/33623/2022,A/Cambodia/e0826360/2020,160
A/Norway/33536/2022,A/Cambodia/e0826360/2020,80
A/Castilla La Mancha/4542/2022,A/Cambodia/e0826360/2020,80
A/Castilla La Mancha/4541/2022,A/Cambodia/e0826360/2020,80
A/Castilla La Mancha/4547/2022,A/Cambodia/e0826360/2020,160
A/Switzerland/68410/2022,A/Cambodia/e0826360/2020,80
A/Switzerland/56875/2022,A/Cambodia/e0826360/2020,80
A/Switzerland/68971/2022,A/Cambodia/e0826360/2020,160
A/Galicia/3991/2022,A/Cambodia/e0826360/2020,80
A/Hungary/73/2022,A/Cambodia/e0826360/2020,80
A/Hungary/87/2022,A/Cambodia/e0826360/2020,80
A/Switzerland/12279/2022,A/Cambodia/e0826360/2020,160
A/Switzerland/28719/2022,A/Cambodia/e0826360/2020,160
A/Switzerland/68854/2022,A/Cambodia/e0826360/2020,80
A/Slovenia/11512/2022,A/Cambodia/e0826360/2020,160
A/Slovenia/11696/2022,A/Cambodia/e0826360/2020,160
A/Slovenia/11516/2022,A/Cambodia/e0826360/2020,160
A/Slovenia/11514/2022,A/Cambodia/e0826360/2020,160
A/Slovenia/11622/2022,A/Cambodia/e0826360/2020,80
A/Slovenia/11517/2022,A/Cambodia/e0826360/2020,160
A/Slovenia/42/2023,A/Cambodia/e0826360/2020,160
A/Slovenia/11665/2022,A/Cambodia/e0826360/2020,320
A/Cambodia/925256/2020,A/Thuringen/10/2022,<40
A/Cambodia/e0826360/2020,A/Thuringen/10/2022,80
A/Thuringen/10/2022,A/Thuringen/10/2022,320
A/Stockholm/5/2021,A/Thuringen/10/2022,80
A/Darwin/9/2021,A/Thuringen/10/2022,160
A/Norway/24873/2021,A/Thuringen/10/2022,80
A/Norway/24873/2021,A/Thuringen/10/2022,160
A/Poland/97/2022,A/Thuringen/10/2022,80
A/Slovenia/8720/2022,A/Thuringen/10/2022,160
A/Catalonia/NSVH161512067/2022,A/Thuringen/10/2022,80
A/Croatia/101024/2022,A/Thuringen/10/2022,320
A/Norway/32641/2022,A/Thuringen/10/2022,320
A/Castilla La Mancha/4112/2022,A/Thuringen/10/2022,320
A/Castilla La Mancha/4057/2022,A/Thuringen/10/2022,320
A/Castilla La Mancha/4107/2022,A/Thuringen/10/2022,320
A/Norway/33623/2022,A/Thuringen/10/2022,320
A/Norway/33536/2022,A/Thuringen/10/2022,160
A/Castilla La Mancha/4542/2022,A/Thuringen/10/2022,160
A/Castilla La Mancha/4541/2022,A/Thuringen/10/2022,160
A/Castilla La Mancha/4547/2022,A/Thuringen/10/2022,320
A/Switzerland/68410/2022,A/Thuringen/10/2022,160
A/Switzerland/56875/2022,A/Thuringen/10/2022,160
A/Switzerland/68971/2022,A/Thuringen/10/2022,160
A/Galicia/3991/2022,A/Thuringen/10/2022,160
A/Hungary/73/2022,A/Thuringen/10/2022,160
A/Hungary/87/2022,A/Thuringen/10/2022,160
A/Switzerland/12279/2022,A/Thuringen/10/2022,160
A/Switzerland/28719/2022,A/Thuringen/10/2022,320
A/Switzerland/68854/2022,A/Thuringen/10/2022,160
A/Slovenia/11512/2022,A/Thuringen/10/2022,160
A/Slovenia/11696/2022,A/Thuringen/10/2022,160
A/Slovenia/11516/2022,A/Thuringen/10/2022,160
A/Slovenia/11514/2022,A/Thuringen/10/2022,160
A/Slovenia/11622/2022,A/Thuringen/10/2022,160
A/Slovenia/11517/2022,A/Thuringen/10/2022,160
A/Slovenia/42/2023,A/Thuringen/10/2022,160
A/Slovenia/11665/2022,A/Thuringen/10/2022,320
A/Cambodia/925256/2020,A/Stockholm/5/2021,160
A/Cambodia/e0826360/2020,A/Stockholm/5/2021,160
A/Thuringen/10/2022,A/Stockholm/5/2021,320
A/Stockholm/5/2021,A/Stockholm/5/2021,640
A/Darwin/9/2021,A/Stockholm/5/2021,640
A/Norway/24873/2021,A/Stockholm/5/2021,320
A/Norway/24873/2021,A/Stockholm/5/2021,320
A/Poland/97/2022,A/Stockholm/5/2021,320
A/Slovenia/8720/2022,A/Stockholm/5/2021,640
A/Catalonia/NSVH161512067/2022,A/Stockholm/5/2021,640
A/Croatia/101024/2022,A/Stockholm/5/2021,320
A/Norway/32641/2022,A/Stockholm/5/2021,320
A/Castilla La Mancha/4112/2022,A/Stockholm/5/2021,320
A/Castilla La Mancha/4057/2022,A/Stockholm/5/2021,160
A/Castilla La Mancha/4107/2022,A/Stockholm/5/2021,160
A/Norway/33623/2022,A/Stockholm/5/2021,320
A/Norway/33536/2022,A/Stockholm/5/2021,160
A/Castilla La Mancha/4542/2022,A/Stockholm/5/2021,160
A/Castilla La Mancha/4541/2022,A/Stockholm/5/2021,160
A/Castilla La Mancha/4547/2022,A/Stockholm/5/2021,320
A/Switzerland/68410/2022,A/Stockholm/5/2021,160
A/Switzerland/56875/2022,A/Stockholm/5/2021,160
A/Switzerland/68971/2022,A/Stockholm/5/2021,160
A/Galicia/3991/2022,A/Stockholm/5/2021,160
A/Hungary/73/2022,A/Stockholm/5/2021,160
A/Hungary/87/2022,A/Stockholm/5/2021,160
A/Switzerland/12279/2022,A/Stockholm/5/2021,160
A/Switzerland/28719/2022,A/Stockholm/5/2021,160
A/Switzerland/68854/2022,A/Stockholm/5/2021,160
A/Slovenia/11512/2022,A/Stockholm/5/2021,160
A/Slovenia/11696/2022,A/Stockholm/5/2021,320
A/Slovenia/11516/2022,A/Stockholm/5/2021,160
A/Slovenia/11514/2022,A/Stockholm/5/2021,320
A/Slovenia/11622/2022,A/Stockholm/5/2021,160
A/Slovenia/11517/2022,A/Stockholm/5/2021,160
A/Slovenia/42/2023,A/Stockholm/5/2021,320
A/Slovenia/11665/2022,A/Stockholm/5/2021,640
A/Cambodia/925256/2020,A/Darwin/9/2021,320
A/Cambodia/e0826360/2020,A/Darwin/9/2021,160
A/Thuringen/10/2022,A/Darwin/9/2021,320
A/Stockholm/5/2021,A/Darwin/9/2021,640
A/Darwin/9/2021,A/Darwin/9/2021,1280
A/Norway/24873/2021,A/Darwin/9/2021,320
A/Norway/24873/2021,A/Darwin/9/2021,640
A/Poland/97/2022,A/Darwin/9/2021,640
A/Slovenia/8720/2022,A/Darwin/9/2021,640
A/Catalonia/NSVH161512067/2022,A/Darwin/9/2021,320
A/Croatia/101024/2022,A/Darwin/9/2021,160
A/Norway/32641/2022,A/Darwin/9/2021,160
A/Castilla La Mancha/4112/2022,A/Darwin/9/2021,320
A/Castilla La Mancha/4057/2022,A/Darwin/9/2021,160
A/Castilla La Mancha/4107/2022,A/Darwin/9/2021,160
A/Norway/33623/2022,A/Darwin/9/2021,320
A/Norway/33536/2022,A/Darwin/9/2021,160
A/Castilla La Mancha/4542/2022,A/Darwin/9/2021,160
A/Castilla La Mancha/4541/2022,A/Darwin/9/2021,160
A/Castilla La Mancha/4547/2022,A/Darwin/9/2021,160
A/Switzerland/68410/2022,A/Darwin/9/2021,160
A/Switzerland/56875/2022,A/Darwin/9/2021,160
A/Switzerland/68971/2022,A/Darwin/9/2021,160
A/Galicia/3991/2022,A/Darwin/9/2021,160
A/Hungary/73/2022,A/Darwin/9/2021,160
A/Hungary/87/2022,A/Darwin/9/2021,160
A/Switzerland/12279/2022,A/Darwin/9/2021,160
A/Switzerland/28719/2022,A/Darwin/9/2021,160
A/Switzerland/68854/2022,A/Darwin/9/2021,160
A/Slovenia/11512/2022,A/Darwin/9/2021,160
A/Slovenia/11696/2022,A/Darwin/9/2021,160
A/Slovenia/11516/2022,A/Darwin/9/2021,160
A/Slovenia/11514/2022,A/Darwin/9/2021,160
A/Slovenia/11622/2022,A/Darwin/9/2021,160
A/Slovenia/11517/2022,A/Darwin/9/2021,160
A/Slovenia/42/2023,A/Darwin/9/2021,320
A/Slovenia/11665/2022,A/Darwin/9/2021,320
A/Cambodia/925256/2020,A/Norway/24873/2021,40
A/Cambodia/e0826360/2020,A/Norway/24873/2021,40
A/Thuringen/10/2022,A/Norway/24873/2021,80
A/Stockholm/5/2021,A/Norway/24873/2021,160
A/Darwin/9/2021,A/Norway/24873/2021,160
A/Norway/24873/2021,A/Norway/24873/2021,320
A/Norway/24873/2021,A/Norway/24873/2021,320
A/Poland/97/2022,A/Norway/24873/2021,160
A/Slovenia/8720/2022,A/Norway/24873/2021,160
A/Catalonia/NSVH161512067/2022,A/Norway/24873/2021,80
A/Croatia/101024/2022,A/Norway/24873/2021,80
A/Norway/32641/2022,A/Norway/24873/2021,80
A/Castilla La Mancha/4112/2022,A/Norway/24873/2021,40
A/Castilla La Mancha/4057/2022,A/Norway/24873/2021,40
A/Castilla La Mancha/4107/2022,A/Norway/24873/2021,40
A/Norway/33623/2022,A/Norway/24873/2021,80
A/Norway/33536/2022,A/Norway/24873/2021,40
A/Castilla La Mancha/4542/2022,A/Norway/24873/2021,80
A/Castilla La Mancha/4541/2022,A/Norway/24873/2021,80
A/Castilla La Mancha/4547/2022,A/Norway/24873/2021,80
A/Switzerland/68410/2022,A/Norway/24873/2021,40
A/Switzerland/56875/2022,A/Norway/24873/2021,80
A/Switzerland/68971/2022,A/Norway/24873/2021,80
A/Galicia/3991/2022,A/Norway/24873/2021,40
A/Hungary/73/2022,A/Norway/24873/2021,80
A/Hungary/87/2022,A/Norway/24873/2021,80
A/Switzerland/12279/2022,A/Norway/24873/2021,80
A/Switzerland/28719/2022,A/Norway/24873/2021,80
A/Switzerland/68854/2022,A/Norway/24873/2021,80
A/Slovenia/11512/2022,A/Norway/24873/2021,80
A/Slovenia/11696/2022,A/Norway/24873/2021,80
A/Slovenia/11516/2022,A/Norway/24873/2021,80
A/Slovenia/11514/2022,A/Norway/24873/2021,80
A/Slovenia/11622/2022,A/Norway/24873/2021,80
A/Slovenia/11517/2022,A/Norway/24873/2021,80
A/Slovenia/42/2023,A/Norway/24873/2021,80
A/Slovenia/11665/2022,A/Norway/24873/2021,80
A/Cambodia/925256/2020,A/Norway/24873/2021,40
A/Cambodia/e0826360/2020,A/Norway/24873/2021,80
A/Thuringen/10/2022,A/Norway/24873/2021,160
A/Stockholm/5/2021,A/Norway/24873/2021,160
A/Darwin/9/2021,A/Norway/24873/2021,320
A/Norway/24873/2021,A/Norway/24873/2021,320
A/Norway/24873/2021,A/Norway/24873/2021,640
A/Poland/97/2022,A/Norway/24873/2021,320
A/Slovenia/8720/2022,A/Norway/24873/2021,320
A/Catalonia/NSVH161512067/2022,A/Norway/24873/2021,160
A/Croatia/101024/2022,A/Norway/24873/2021,160
A/Norway/32641/2022,A/Norway/24873/2021,80
A/Castilla La Mancha/4112/2022,A/Norway/24873/2021,80
A/Castilla La Mancha/4057/2022,A/Norway/24873/2021,80
A/Castilla La Mancha/4107/2022,A/Norway/24873/2021,80
A/Norway/33623/2022,A/Norway/24873/2021,160
A/Norway/33536/2022,A/Norway/24873/2021,80
A/Castilla La Mancha/4542/2022,A/Norway/24873/2021,40
A/Castilla La Mancha/4541/2022,A/Norway/24873/2021,80
A/Castilla La Mancha/4547/2022,A/Norway/24873/2021,80
A/Switzerland/68410/2022,A/Norway/24873/2021,80
A/Switzerland/56875/2022,A/Norway/24873/2021,80
A/Switzerland/68971/2022,A/Norway/24873/2021,80
A/Galicia/3991/2022,A/Norway/24873/2021,80
A/Hungary/73/2022,A/Norway/24873/2021,80
A/Hungary/87/2022,A/Norway/24873/2021,80
A/Switzerland/12279/2022,A/Norway/24873/2021,160
A/Switzerland/28719/2022,A/Norway/24873/2021,160
A/Switzerland/68854/2022,A/Norway/24873/2021,80
A/Slovenia/11512/2022,A/Norway/24873/2021,80
A/Slovenia/11696/2022,A/Norway/24873/2021,80
A/Slovenia/11516/2022,A/Norway/24873/2021,80
A/Slovenia/11514/2022,A/Norway/24873/2021,160
A/Slovenia/11622/2022,A/Norway/24873/2021,80
A/Slovenia/11517/2022,A/Norway/24873/2021,80
A/Slovenia/42/2023,A/Norway/24873/2021,160
A/Slovenia/11665/2022,A/Norway/24873/2021,160
A/Cambodia/925256/2020,A/Poland/97/2022,80
A/Cambodia/e0826360/2020,A/Poland/97/2022,40
A/Thuringen/10/2022,A/Poland/97/2022,80
A/Stockholm/5/2021,A/Poland/97/2022,320
A/Darwin/9/2021,A/Poland/97/2022,640
A/Norway/24873/2021,A/Poland/97/2022,160
A/Norway/24873/2021,A/Poland/97/2022,320
A/Poland/97/2022,A/Poland/97/2022,640
A/Slovenia/8720/2022,A/Poland/97/2022,640
A/Catalonia/NSVH161512067/2022,A/Poland/97/2022,320
A/Croatia/101024/2022,A/Poland/97/2022,80
A/Norway/32641/2022,A/Poland/97/2022,80
A/Castilla La Mancha/4112/2022,A/Poland/97/2022,80
A/Castilla La Mancha/4057/2022,A/Poland/97/2022,40
A/Castilla La Mancha/4107/2022,A/Poland/97/2022,80
A/Norway/33623/2022,A/Poland/97/2022,80
A/Norway/33536/2022,A/Poland/97/2022,40
A/Castilla La Mancha/4542/2022,A/Poland/97/2022,40
A/Castilla La Mancha/4541/2022,A/Poland/97/2022,80
A/Castilla La Mancha/4547/2022,A/Poland/97/2022,80
A/Switzerland/68410/2022,A/Poland/97/2022,40
A/Switzerland/56875/2022,A/Poland/97/2022,80
A/Switzerland/68971/2022,A/Poland/97/2022,80
A/Galicia/3991/2022,A/Poland/97/2022,40
A/Hungary/73/2022,A/Poland/97/2022,40
A/Hungary/87/2022,A/Poland/97/2022,40
A/Switzerland/12279/2022,A/Poland/97/2022,80
A/Switzerland/28719/2022,A/Poland/97/2022,80
A/Switzerland/68854/2022,A/Poland/97/2022,40
A/Slovenia/11512/2022,A/Poland/97/2022,80
A/Slovenia/11696/2022,A/Poland/97/2022,80
A/Slovenia/11516/2022,A/Poland/97/2022,80
A/Slovenia/11514/2022,A/Poland/97/2022,80
A/Slovenia/11622/2022,A/Poland/97/2022,40
A/Slovenia/11517/2022,A/Poland/97/2022,80
A/Slovenia/42/2023,A/Poland/97/2022,80
A/Slovenia/11665/2022,A/Poland/97/2022,80
A/Cambodia/925256/2020,A/Slovenia/8720/2022,<40
A/Cambodia/e0826360/2020,A/Slovenia/8720/2022,160
A/Thuringen/10/2022,A/Slovenia/8720/2022,320
A/Stockholm/5/2021,A/Slovenia/8720/2022,640
A/Darwin/9/2021,A/Slovenia/8720/2022,1280
A/Norway/24873/2021,A/Slovenia/8720/2022,160
A/Norway/24873/2021,A/Slovenia/8720/2022,640
A/Poland/97/2022,A/Slovenia/8720/2022,640
A/Slovenia/8720/2022,A/Slovenia/8720/2022,1280
A/Catalonia/NSVH161512067/2022,A/Slovenia/8720/2022,640
A/Croatia/101024/2022,A/Slovenia/8720/2022,160
A/Norway/32641/2022,A/Slovenia/8720/2022,160
A/Castilla La Mancha/4112/2022,A/Slovenia/8720/2022,160
A/Castilla La Mancha/4057/2022,A/Slovenia/8720/2022,160
A/Castilla La Mancha/4107/2022,A/Slovenia/8720/2022,160
A/Norway/33623/2022,A/Slovenia/8720/2022,320
A/Norway/33536/2022,A/Slovenia/8720/2022,160
A/Castilla La Mancha/4542/2022,A/Slovenia/8720/2022,80
A/Castilla La Mancha/4541/2022,A/Slovenia/8720/2022,160
A/Castilla La Mancha/4547/2022,A/Slovenia/8720/2022,160
A/Switzerland/68410/2022,A/Slovenia/8720/2022,160
A/Switzerland/56875/2022,A/Slovenia/8720/2022,160
A/Switzerland/68971/2022,A/Slovenia/8720/2022,160
A/Galicia/3991/2022,A/Slovenia/8720/2022,160
A/Hungary/73/2022,A/Slovenia/8720/2022,160
A/Hungary/87/2022,A/Slovenia/8720/2022,160
A/Switzerland/12279/2022,A/Slovenia/8720/2022,160
A/Switzerland/28719/2022,A/Slovenia/8720/2022,160
A/Switzerland/68854/2022,A/Slovenia/8720/2022,80
A/Slovenia/11512/2022,A/Slovenia/8720/2022,160
A/Slovenia/11696/2022,A/Slovenia/8720/2022,160
A/Slovenia/11516/2022,A/Slovenia/8720/2022,160
A/Slovenia/11514/2022,A/Slovenia/8720/2022,160
A/Slovenia/11622/2022,A/Slovenia/8720/2022,160
A/Slovenia/11517/2022,A/Slovenia/8720/2022,160
A/Slovenia/42/2023,A/Slovenia/8720/2022,80
A/Slovenia/11665/2022,A/Slovenia/8720/2022,320
A/Cambodia/925256/2020,A/Catalonia/NSVH-2067/22,<40
A/Cambodia/e0826360/2020,A/Catalonia/NSVH-2067/22,<40
A/Thuringen/10/2022,A/Catalonia/NSVH-2067/22,40
A/Stockholm/5/2021,A/Catalonia/NSVH-2067/22,80
A/Darwin/9/2021,A/Catalonia/NSVH-2067/22,160
A/Norway/24873/2021,A/Catalonia/NSVH-2067/22,80
A/Norway/24873/2021,A/Catalonia/NSVH-2067/22,160
A/Poland/97/2022,A/Catalonia/NSVH-2067/22,320
A/Slovenia/8720/2022,A/Catalonia/NSVH-2067/22,640
A/Catalonia/NSVH161512067/2022,A/Catalonia/NSVH-2067/22,320
A/Croatia/101024/2022,A/Catalonia/NSVH-2067/22,40
A/Norway/32641/2022,A/Catalonia/NSVH-2067/22,40
A/Castilla La Mancha/4112/2022,A/Catalonia/NSVH-2067/22,40
A/Castilla La Mancha/4057/2022,A/Catalonia/NSVH-2067/22,40
A/Castilla La Mancha/4107/2022,A/Catalonia/NSVH-2067/22,40
A/Norway/33623/2022,A/Catalonia/NSVH-2067/22,40
A/Norway/33536/2022,A/Catalonia/NSVH-2067/22,<40
A/Castilla La Mancha/4542/2022,A/Catalonia/NSVH-2067/22,<40
A/Castilla La Mancha/4541/2022,A/Catalonia/NSVH-2067/22,40
A/Castilla La Mancha/4547/2022,A/Catalonia/NSVH-2067/22,40
A/Switzerland/68410/2022,A/Catalonia/NSVH-2067/22,40
A/Switzerland/56875/2022,A/Catalonia/NSVH-2067/22,40
A/Switzerland/68971/2022,A/Catalonia/NSVH-2067/22,40
A/Galicia/3991/2022,A/Catalonia/NSVH-2067/22,<40
A/Hungary/73/2022,A/Catalonia/NSVH-2067/22,40
A/Hungary/87/2022,A/Catalonia/NSVH-2067/22,40
A/Switzerland/12279/2022,A/Catalonia/NSVH-2067/22,40
A/Switzerland/28719/2022,A/Catalonia/NSVH-2067/22,40
A/Switzerland/68854/2022,A/Catalonia/NSVH-2067/22,40
A/Slovenia/11512/2022,A/Catalonia/NSVH-2067/22,40
A/Slovenia/11696/2022,A/Catalonia/NSVH-2067/22,<40
A/Slovenia/11516/2022,A/Catalonia/NSVH-2067/22,<40
A/Slovenia/11514/2022,A/Catalonia/NSVH-2067/22,40
A/Slovenia/11622/2022,A/Catalonia/NSVH-2067/22,<40
A/Slovenia/11517/2022,A/Catalonia/NSVH-2067/22,40
A/Slovenia/42/2023,A/Catalonia/NSVH-2067/22,<40
A/Slovenia/11665/2022,A/Catalonia/NSVH-2067/22,40
A/Cambodia/925256/2020,A/Cambodia/925256/2020,640
A/Cambodia/e0826360/2020,A/Cambodia/925256/2020,80
A/Thuringen/10/2022,A/Cambodia/925256/2020,80
A/Stockholm/5/2021,A/Cambodia/925256/2020,80
A/Darwin/9/2021,A/Cambodia/925256/2020,160
A/Norway/24873/2021,A/Cambodia/925256/2020,40
A/Norway/24873/2021,A/Cambodia/925256/2020,80
A/Poland/97/2022,A/Cambodia/925256/2020,40
A/Slovenia/8720/2022,A/Cambodia/925256/2020,80
A/Catalonia/NSVH161512067/2022,A/Cambodia/925256/2020,40
A/Norway/33317/2022,A/Cambodia/925256/2020,40
A/Norway/33060/2022,A/Cambodia/925256/2020,40
A/Norway/33371/2022,A/Cambodia/925256/2020,40
A/Norway/33404/2022,A/Cambodia/925256/2020,40
A/Galicia/3994/2022,A/Cambodia/925256/2020,<40
A/Norway/33402/2022,A/Cambodia/925256/2020,<40
A/Hungary/69/2022,A/Cambodia/925256/2020,40
A/Hungary/85/2022,A/Cambodia/925256/2020,40
A/Switzerland/28394/2022,A/Cambodia/925256/2020,40
A/Ukraine/775/2022,A/Cambodia/925256/2020,40
A/Ukraine/773/2022,A/Cambodia/925256/2020,<40
A/Ukraine/779/2022,A/Cambodia/925256/2020,40
A/Ukraine/804/2022,A/Cambodia/925256/2020,<40
A/Ukraine/774/2022,A/Cambodia/925256/2020,<40
A/Slovenia/11481/2022,A/Cambodia/925256/2020,40
A/Hungary/68/2022,A/Cambodia/925256/2020,40
A/Croatia/111538/2022,A/Cambodia/925256/2020,40
A/Hungary/75/2022,A/Cambodia/925256/2020,40
A/Tunisia/23298/2022,A/Cambodia/925256/2020,80
A/Cameroon/9645/2022,A/Cambodia/925256/2020,<40
A/Norway/32883/2022,A/Cambodia/925256/2020,40
A/Switzerland/68546/2022,A/Cambodia/925256/2020,40
A/Switzerland/28577/2022,A/Cambodia/925256/2020,<40
A/Tunisia/23669/2022,A/Cambodia/925256/2020,<40
A/Norway/32603/2022,A/Cambodia/925256/2020,40
A/Norway/33475/2022,A/Cambodia/925256/2020,40
A/Switzerland/68912/2022,A/Cambodia/925256/2020,40
A/Norway/32026/2022,A/Cambodia/925256/2020,<40
A/Ireland/74222/2022,A/Cambodia/925256/2020,<40
A/Hungary/88/2022,A/Cambodia/925256/2020,40
A/Cambodia/925256/2020,A/Cambodia/e0826360/2020,160
A/Cambodia/e0826360/2020,A/Cambodia/e0826360/2020,640
A/Thuringen/10/2022,A/Cambodia/e0826360/2020,160
A/Stockholm/5/2021,A/Cambodia/e0826360/2020,80
A/Darwin/9/2021,A/Cambodia/e0826360/2020,640
A/Norway/24873/2021,A/Cambodia/e0826360/2020,80
A/Norway/24873/2021,A/Cambodia/e0826360/2020,320
A/Poland/97/2022,A/Cambodia/e0826360/2020,80
A/Slovenia/8720/2022,A/Cambodia/e0826360/2020,80
A/Catalonia/NSVH161512067/2022,A/Cambodia/e0826360/2020,80
A/Norway/33317/2022,A/Cambodia/e0826360/2020,80
A/Norway/33060/2022,A/Cambodia/e0826360/2020,40
A/Norway/33371/2022,A/Cambodia/e0826360/2020,40
A/Norway/33404/2022,A/Cambodia/e0826360/2020,80
A/Galicia/3994/2022,A/Cambodia/e0826360/2020,40
A/Norway/33402/2022,A/Cambodia/e0826360/2020,40
A/Hungary/69/2022,A/Cambodia/e0826360/2020,160
A/Hungary/85/2022,A/Cambodia/e0826360/2020,80
A/Switzerland/28394/2022,A/Cambodia/e0826360/2020,80
A/Ukraine/775/2022,A/Cambodia/e0826360/2020,80
A/Ukraine/773/2022,A/Cambodia/e0826360/2020,40
A/Ukraine/779/2022,A/Cambodia/e0826360/2020,80
A/Ukraine/804/2022,A/Cambodia/e0826360/2020,80
A/Ukraine/774/2022,A/Cambodia/e0826360/2020,40
A/Slovenia/11481/2022,A/Cambodia/e0826360/2020,40
A/Hungary/68/2022,A/Cambodia/e0826360/2020,160
A/Croatia/111538/2022,A/Cambodia/e0826360/2020,80
A/Hungary/75/2022,A/Cambodia/e0826360/2020,40
A/Tunisia/23298/2022,A/Cambodia/e0826360/2020,160
A/Cameroon/9645/2022,A/Cambodia/e0826360/2020,40
A/Norway/32883/2022,A/Cambodia/e0826360/2020,160
A/Switzerland/68546/2022,A/Cambodia/e0826360/2020,80
A/Switzerland/28577/2022,A/Cambodia/e0826360/2020,80
A/Tunisia/23669/2022,A/Cambodia/e0826360/2020,160
A/Norway/32603/2022,A/Cambodia/e0826360/2020,80
A/Norway/33475/2022,A/Cambodia/e0826360/2020,80
A/Switzerland/68912/2022,A/Cambodia/e0826360/2020,80
A/Norway/32026/2022,A/Cambodia/e0826360/2020,80
A/Ireland/74222/2022,A/Cambodia/e0826360/2020,80
A/Hungary/88/2022,A/Cambodia/e0826360/2020,80
A/Cambodia/925256/2020,A/Thuringen/10/2022,<40
A/Cambodia/e0826360/2020,A/Thuringen/10/2022,80
A/Thuringen/10/2022,A/Thuringen/10/2022,320
A/Stockholm/5/2021,A/Thuringen/10/2022,80
A/Darwin/9/2021,A/Thuringen/10/2022,160
A/Norway/24873/2021,A/Thuringen/10/2022,80
A/Norway/24873/2021,A/Thuringen/10/2022,160
A/Poland/97/2022,A/Thuringen/10/2022,80
A/Slovenia/8720/2022,A/Thuringen/10/2022,160
A/Catalonia/NSVH161512067/2022,A/Thuringen/10/2022,80
A/Norway/33317/2022,A/Thuringen/10/2022,80
A/Norway/33060/2022,A/Thuringen/10/2022,80
A/Norway/33371/2022,A/Thuringen/10/2022,40
A/Norway/33404/2022,A/Thuringen/10/2022,80
A/Galicia/3994/2022,A/Thuringen/10/2022,80
A/Norway/33402/2022,A/Thuringen/10/2022,40
A/Hungary/69/2022,A/Thuringen/10/2022,80
A/Hungary/85/2022,A/Thuringen/10/2022,80
A/Switzerland/28394/2022,A/Thuringen/10/2022,40
A/Ukraine/775/2022,A/Thuringen/10/2022,80
A/Ukraine/773/2022,A/Thuringen/10/2022,40
A/Ukraine/779/2022,A/Thuringen/10/2022,80
A/Ukraine/804/2022,A/Thuringen/10/2022,80
A/Ukraine/774/2022,A/Thuringen/10/2022,40
A/Slovenia/11481/2022,A/Thuringen/10/2022,80
A/Hungary/68/2022,A/Thuringen/10/2022,80
A/Croatia/111538/2022,A/Thuringen/10/2022,80
A/Hungary/75/2022,A/Thuringen/10/2022,80
A/Tunisia/23298/2022,A/Thuringen/10/2022,160
A/Cameroon/9645/2022,A/Thuringen/10/2022,80
A/Norway/32883/2022,A/Thuringen/10/2022,160
A/Switzerland/68546/2022,A/Thuringen/10/2022,80
A/Switzerland/28577/2022,A/Thuringen/10/2022,80
A/Tunisia/23669/2022,A/Thuringen/10/2022,80
A/Norway/32603/2022,A/Thuringen/10/2022,160
A/Norway/33475/2022,A/Thuringen/10/2022,80
A/Switzerland/68912/2022,A/Thuringen/10/2022,80
A/Norway/32026/2022,A/Thuringen/10/2022,80
A/Ireland/74222/2022,A/Thuringen/10/2022,80
A/Hungary/88/2022,A/Thuringen/10/2022,160
A/Cambodia/925256/2020,A/Stockholm/5/2021,160
A/Cambodia/e0826360/2020,A/Stockholm/5/2021,160
A/Thuringen/10/2022,A/Stockholm/5/2021,320
A/Stockholm/5/2021,A/Stockholm/5/2021,640
A/Darwin/9/2021,A/Stockholm/5/2021,640
A/Norway/24873/2021,A/Stockholm/5/2021,320
A/Norway/24873/2021,A/Stockholm/5/2021,320
A/Poland/97/2022,A/Stockholm/5/2021,320
A/Slovenia/8720/2022,A/Stockholm/5/2021,640
A/Catalonia/NSVH161512067/2022,A/Stockholm/5/2021,640
A/Norway/33317/2022,A/Stockholm/5/2021,320
A/Norway/33060/2022,A/Stockholm/5/2021,320
A/Norway/33371/2022,A/Stockholm/5/2021,320
A/Norway/33404/2022,A/Stockholm/5/2021,320
A/Galicia/3994/2022,A/Stockholm/5/2021,160
A/Norway/33402/2022,A/Stockholm/5/2021,80
A/Hungary/69/2022,A/Stockholm/5/2021,320
A/Hungary/85/2022,A/Stockholm/5/2021,160
A/Switzerland/28394/2022,A/Stockholm/5/2021,160
A/Ukraine/775/2022,A/Stockholm/5/2021,160
A/Ukraine/773/2022,A/Stockholm/5/2021,160
A/Ukraine/779/2022,A/Stockholm/5/2021,160
A/Ukraine/804/2022,A/Stockholm/5/2021,160
A/Ukraine/774/2022,A/Stockholm/5/2021,160
A/Slovenia/11481/2022,A/Stockholm/5/2021,160
A/Hungary/68/2022,A/Stockholm/5/2021,160
A/Croatia/111538/2022,A/Stockholm/5/2021,160
A/Hungary/75/2022,A/Stockholm/5/2021,160
A/Tunisia/23298/2022,A/Stockholm/5/2021,320
A/Cameroon/9645/2022,A/Stockholm/5/2021,80
A/Norway/32883/2022,A/Stockholm/5/2021,320
A/Switzerland/68546/2022,A/Stockholm/5/2021,160
A/Switzerland/28577/2022,A/Stockholm/5/2021,160
A/Tunisia/23669/2022,A/Stockholm/5/2021,160
A/Norway/32603/2022,A/Stockholm/5/2021,160
A/Norway/33475/2022,A/Stockholm/5/2021,160
A/Switzerland/68912/2022,A/Stockholm/5/2021,160
A/Norway/32026/2022,A/Stockholm/5/2021,160
A/Ireland/74222/2022,A/Stockholm/5/2021,160
A/Hungary/88/2022,A/Stockholm/5/2021,160
A/Cambodia/925256/2020,A/Darwin/9/2021,320
A/Cambodia/e0826360/2020,A/Darwin/9/2021,160
A/Thuringen/10/2022,A/Darwin/9/2021,320
A/Stockholm/5/2021,A/Darwin/9/2021,640
A/Darwin/9/2021,A/Darwin/9/2021,1280
A/Norway/24873/2021,A/Darwin/9/2021,320
A/Norway/24873/2021,A/Darwin/9/2021,640
A/Poland/97/2022,A/Darwin/9/2021,640
A/Slovenia/8720/2022,A/Darwin/9/2021,640
A/Catalonia/NSVH161512067/2022,A/Darwin/9/2021,320
A/Norway/33317/2022,A/Darwin/9/2021,640
A/Norway/33060/2022,A/Darwin/9/2021,320
A/Norway/33371/2022,A/Darwin/9/2021,320
A/Norway/33404/2022,A/Darwin/9/2021,640
A/Galicia/3994/2022,A/Darwin/9/2021,160
A/Norway/33402/2022,A/Darwin/9/2021,160
A/Hungary/69/2022,A/Darwin/9/2021,640
A/Hungary/85/2022,A/Darwin/9/2021,320
A/Switzerland/28394/2022,A/Darwin/9/2021,160
A/Ukraine/775/2022,A/Darwin/9/2021,320
A/Ukraine/773/2022,A/Darwin/9/2021,160
A/Ukraine/779/2022,A/Darwin/9/2021,320
A/Ukraine/804/2022,A/Darwin/9/2021,160
A/Ukraine/774/2022,A/Darwin/9/2021,160
A/Slovenia/11481/2022,A/Darwin/9/2021,320
A/Hungary/68/2022,A/Darwin/9/2021,320
A/Croatia/111538/2022,A/Darwin/9/2021,320
A/Hungary/75/2022,A/Darwin/9/2021,160
A/Tunisia/23298/2022,A/Darwin/9/2021,640
A/Cameroon/9645/2022,A/Darwin/9/2021,160
A/Norway/32883/2022,A/Darwin/9/2021,320
A/Switzerland/68546/2022,A/Darwin/9/2021,160
A/Switzerland/28577/2022,A/Darwin/9/2021,160
A/Tunisia/23669/2022,A/Darwin/9/2021,320
A/Norway/32603/2022,A/Darwin/9/2021,160
A/Norway/33475/2022,A/Darwin/9/2021,160
A/Switzerland/68912/2022,A/Darwin/9/2021,320
A/Norway/32026/2022,A/Darwin/9/2021,320
A/Ireland/74222/2022,A/Darwin/9/2021,320
A/Hungary/88/2022,A/Darwin/9/2021,160
A/Cambodia/925256/2020,A/Norway/24873/2021,40
A/Cambodia/e0826360/2020,A/Norway/24873/2021,40
A/Thuringen/10/2022,A/Norway/24873/2021,80
A/Stockholm/5/2021,A/Norway/24873/2021,160
A/Darwin/9/2021,A/Norway/24873/2021,160
A/Norway/24873/2021,A/Norway/24873/2021,320
A/Norway/24873/2021,A/Norway/24873/2021,320
A/Poland/97/2022,A/Norway/24873/2021,160
A/Slovenia/8720/2022,A/Norway/24873/2021,160
A/Catalonia/NSVH161512067/2022,A/Norway/24873/2021,80
A/Norway/33317/2022,A/Norway/24873/2021,80
A/Norway/33060/2022,A/Norway/24873/2021,80
A/Norway/33371/2022,A/Norway/24873/2021,80
A/Norway/33404/2022,A/Norway/24873/2021,80
A/Galicia/3994/2022,A/Norway/24873/2021,40
A/Norway/33402/2022,A/Norway/24873/2021,40
A/Hungary/69/2022,A/Norway/24873/2021,80
A/Hungary/85/2022,A/Norway/24873/2021,80
A/Switzerland/28394/2022,A/Norway/24873/2021,40
A/Ukraine/775/2022,A/Norway/24873/2021,80
A/Ukraine/773/2022,A/Norway/24873/2021,40
A/Ukraine/779/2022,A/Norway/24873/2021,80
A/Ukraine/804/2022,A/Norway/24873/2021,80
A/Ukraine/774/2022,A/Norway/24873/2021,80
A/Slovenia/11481/2022,A/Norway/24873/2021,80
A/Hungary/68/2022,A/Norway/24873/2021,80
A/Croatia/111538/2022,A/Norway/24873/2021,80
A/Hungary/75/2022,A/Norway/24873/2021,80
A/Tunisia/23298/2022,A/Norway/24873/2021,320
A/Cameroon/9645/2022,A/Norway/24873/2021,160
A/Norway/32883/2022,A/Norway/24873/2021,320
A/Switzerland/68546/2022,A/Norway/24873/2021,160
A/Switzerland/28577/2022,A/Norway/24873/2021,160
A/Tunisia/23669/2022,A/Norway/24873/2021,160
A/Norway/32603/2022,A/Norway/24873/2021,320
A/Norway/33475/2022,A/Norway/24873/2021,160
A/Switzerland/68912/2022,A/Norway/24873/2021,160
A/Norway/32026/2022,A/Norway/24873/2021,160
A/Ireland/74222/2022,A/Norway/24873/2021,80
A/Hungary/88/2022,A/Norway/24873/2021,40
A/Cambodia/925256/2020,A/Norway/24873/2021,40
A/Cambodia/e0826360/2020,A/Norway/24873/2021,80
A/Thuringen/10/2022,A/Norway/24873/2021,160
A/Stockholm/5/2021,A/Norway/24873/2021,160
A/Darwin/9/2021,A/Norway/24873/2021,320
A/Norway/24873/2021,A/Norway/24873/2021,320
A/Norway/24873/2021,A/Norway/24873/2021,640
A/Poland/97/2022,A/Norway/24873/2021,320
A/Slovenia/8720/2022,A/Norway/24873/2021,320
A/Catalonia/NSVH161512067/2022,A/Norway/24873/2021,160
A/Norway/33317/2022,A/Norway/24873/2021,160
A/Norway/33060/2022,A/Norway/24873/2021,160
A/Norway/33371/2022,A/Norway/24873/2021,80
A/Norway/33404/2022,A/Norway/24873/2021,160
A/Galicia/3994/2022,A/Norway/24873/2021,80
A/Norway/33402/2022,A/Norway/24873/2021,80
A/Hungary/69/2022,A/Norway/24873/2021,160
A/Hungary/85/2022,A/Norway/24873/2021,160
A/Switzerland/28394/2022,A/Norway/24873/2021,80
A/Ukraine/775/2022,A/Norway/24873/2021,80
A/Ukraine/773/2022,A/Norway/24873/2021,80
A/Ukraine/779/2022,A/Norway/24873/2021,80
A/Ukraine/804/2022,A/Norway/24873/2021,80
A/Ukraine/774/2022,A/Norway/24873/2021,80
A/Slovenia/11481/2022,A/Norway/24873/2021,80
A/Hungary/68/2022,A/Norway/24873/2021,160
A/Croatia/111538/2022,A/Norway/24873/2021,160
A/Hungary/75/2022,A/Norway/24873/2021,80
A/Tunisia/23298/2022,A/Norway/24873/2021,1280
A/Cameroon/9645/2022,A/Norway/24873/2021,320
A/Norway/32883/2022,A/Norway/24873/2021,640
A/Switzerland/68546/2022,A/Norway/24873/2021,320
A/Switzerland/28577/2022,A/Norway/24873/2021,320
A/Tunisia/23669/2022,A/Norway/24873/2021,640
A/Norway/32603/2022,A/Norway/24873/2021,320
A/Norway/33475/2022,A/Norway/24873/2021,320
A/Switzerland/68912/2022,A/Norway/24873/2021,640
A/Norway/32026/2022,A/Norway/24873/2021,160
A/Ireland/74222/2022,A/Norway/24873/2021,80
A/Hungary/88/2022,A/Norway/24873/2021,80
A/Cambodia/925256/2020,A/Poland/97/2022,80
A/Cambodia/e0826360/2020,A/Poland/97/2022,40
A/Thuringen/10/2022,A/Poland/97/2022,80
A/Stockholm/5/2021,A/Poland/97/2022,320
A/Darwin/9/2021,A/Poland/97/2022,640
A/Norway/24873/2021,A/Poland/97/2022,160
A/Norway/24873/2021,A/Poland/97/2022,320
A/Poland/97/2022,A/Poland/97/2022,640
A/Slovenia/8720/2022,A/Poland/97/2022,640
A/Catalonia/NSVH161512067/2022,A/Poland/97/2022,320
A/Norway/33317/2022,A/Poland/97/2022,320
A/Norway/33060/2022,A/Poland/97/2022,320
A/Norway/33371/2022,A/Poland/97/2022,320
A/Norway/33404/2022,A/Poland/97/2022,320
A/Galicia/3994/2022,A/Poland/97/2022,160
A/Norway/33402/2022,A/Poland/97/2022,160
A/Hungary/69/2022,A/Poland/97/2022,320
A/Hungary/85/2022,A/Poland/97/2022,320
A/Switzerland/28394/2022,A/Poland/97/2022,160
A/Ukraine/775/2022,A/Poland/97/2022,320
A/Ukraine/773/2022,A/Poland/97/2022,160
A/Ukraine/779/2022,A/Poland/97/2022,320
A/Ukraine/804/2022,A/Poland/97/2022,160
A/Ukraine/774/2022,A/Poland/97/2022,160
A/Slovenia/11481/2022,A/Poland/97/2022,320
A/Hungary/68/2022,A/Poland/97/2022,320
A/Croatia/111538/2022,A/Poland/97/2022,320
A/Hungary/75/2022,A/Poland/97/2022,160
A/Tunisia/23298/2022,A/Poland/97/2022,320
A/Cameroon/9645/2022,A/Poland/97/2022,80
A/Norway/32883/2022,A/Poland/97/2022,160
A/Switzerland/68546/2022,A/Poland/97/2022,80
A/Switzerland/28577/2022,A/Poland/97/2022,80
A/Tunisia/23669/2022,A/Poland/97/2022,80
A/Norway/32603/2022,A/Poland/97/2022,80
A/Norway/33475/2022,A/Poland/97/2022,80
A/Switzerland/68912/2022,A/Poland/97/2022,160
A/Norway/32026/2022,A/Poland/97/2022,80
A/Ireland/74222/2022,A/Poland/97/2022,160
A/Hungary/88/2022,A/Poland/97/2022,40
A/Cambodia/925256/2020,A/Slovenia/8720/2022,<40
A/Cambodia/e0826360/2020,A/Slovenia/8720/2022,160
A/Thuringen/10/2022,A/Slovenia/8720/2022,320
A/Stockholm/5/2021,A/Slovenia/8720/2022,640
A/Darwin/9/2021,A/Slovenia/8720/2022,1280
A/Norway/24873/2021,A/Slovenia/8720/2022,160
A/Norway/24873/2021,A/Slovenia/8720/2022,640
A/Poland/97/2022,A/Slovenia/8720/2022,640
A/Slovenia/8720/2022,A/Slovenia/8720/2022,1280
A/Catalonia/NSVH161512067/2022,A/Slovenia/8720/2022,640
A/Norway/33317/2022,A/Slovenia/8720/2022,640
A/Norway/33060/2022,A/Slovenia/8720/2022,640
A/Norway/33371/2022,A/Slovenia/8720/2022,640
A/Norway/33404/2022,A/Slovenia/8720/2022,1280
A/Galicia/3994/2022,A/Slovenia/8720/2022,320
A/Norway/33402/2022,A/Slovenia/8720/2022,320
A/Hungary/69/2022,A/Slovenia/8720/2022,640
A/Hungary/85/2022,A/Slovenia/8720/2022,640
A/Switzerland/28394/2022,A/Slovenia/8720/2022,320
A/Ukraine/775/2022,A/Slovenia/8720/2022,640
A/Ukraine/773/2022,A/Slovenia/8720/2022,320
A/Ukraine/779/2022,A/Slovenia/8720/2022,320
A/Ukraine/804/2022,A/Slovenia/8720/2022,320
A/Ukraine/774/2022,A/Slovenia/8720/2022,320
A/Slovenia/11481/2022,A/Slovenia/8720/2022,640
A/Hungary/68/2022,A/Slovenia/8720/2022,640
A/Croatia/111538/2022,A/Slovenia/8720/2022,320
A/Hungary/75/2022,A/Slovenia/8720/2022,640
A/Tunisia/23298/2022,A/Slovenia/8720/2022,640
A/Cameroon/9645/2022,A/Slovenia/8720/2022,160
A/Norway/32883/2022,A/Slovenia/8720/2022,320
A/Switzerland/68546/2022,A/Slovenia/8720/2022,160
A/Switzerland/28577/2022,A/Slovenia/8720/2022,160
A/Tunisia/23669/2022,A/Slovenia/8720/2022,160
A/Norway/32603/2022,A/Slovenia/8720/2022,160
A/Norway/33475/2022,A/Slovenia/8720/2022,160
A/Switzerland/68912/2022,A/Slovenia/8720/2022,320
A/Norway/32026/2022,A/Slovenia/8720/2022,160
A/Ireland/74222/2022,A/Slovenia/8720/2022,320
A/Hungary/88/2022,A/Slovenia/8720/2022,80
A/Cambodia/925256/2020,A/Catalonia/NSVH-2067/22,<40
A/Cambodia/e0826360/2020,A/Catalonia/NSVH-2067/22,<40
A/Thuringen/10/2022,A/Catalonia/NSVH-2067/22,40
A/Stockholm/5/2021,A/Catalonia/NSVH-2067/22,80
A/Darwin/9/2021,A/Catalonia/NSVH-2067/22,160
A/Norway/24873/2021,A/Catalonia/NSVH-2067/22,80
A/Norway/24873/2021,A/Catalonia/NSVH-2067/22,160
A/Poland/97/2022,A/Catalonia/NSVH-2067/22,320
A/Slovenia/8720/2022,A/Catalonia/NSVH-2067/22,640
A/Catalonia/NSVH161512067/2022,A/Catalonia/NSVH-2067/22,320
A/Norway/33317/2022,A/Catalonia/NSVH-2067/22,320
A/Norway/33060/2022,A/Catalonia/NSVH-2067/22,160
A/Norway/33371/2022,A/Catalonia/NSVH-2067/22,320
A/Norway/33404/2022,A/Catalonia/NSVH-2067/22,320
A/Galicia/3994/2022,A/Catalonia/NSVH-2067/22,160
A/Norway/33402/2022,A/Catalonia/NSVH-2067/22,160
A/Hungary/69/2022,A/Catalonia/NSVH-2067/22,320
A/Hungary/85/2022,A/Catalonia/NSVH-2067/22,320
A/Switzerland/28394/2022,A/Catalonia/NSVH-2067/22,160
A/Ukraine/775/2022,A/Catalonia/NSVH-2067/22,640
A/Ukraine/773/2022,A/Catalonia/NSVH-2067/22,160
A/Ukraine/779/2022,A/Catalonia/NSVH-2067/22,320
A/Ukraine/804/2022,A/Catalonia/NSVH-2067/22,160
A/Ukraine/774/2022,A/Catalonia/NSVH-2067/22,160
A/Slovenia/11481/2022,A/Catalonia/NSVH-2067/22,320
A/Hungary/68/2022,A/Catalonia/NSVH-2067/22,160
A/Croatia/111538/2022,A/Catalonia/NSVH-2067/22,320
A/Hungary/75/2022,A/Catalonia/NSVH-2067/22,160
A/Tunisia/23298/2022,A/Catalonia/NSVH-2067/22,80
A/Cameroon/9645/2022,A/Catalonia/NSVH-2067/22,40
A/Norway/32883/2022,A/Catalonia/NSVH-2067/22,80
A/Switzerland/68546/2022,A/Catalonia/NSVH-2067/22,80
A/Switzerland/28577/2022,A/Catalonia/NSVH-2067/22,80
A/Tunisia/23669/2022,A/Catalonia/NSVH-2067/22,80
A/Norway/32603/2022,A/Catalonia/NSVH-2067/22,80
A/Norway/33475/2022,A/Catalonia/NSVH-2067/22,40
A/Switzerland/68912/2022,A/Catalonia/NSVH-2067/22,80
A/Norway/32026/2022,A/Catalonia/NSVH-2067/22,80
A/Ireland/74222/2022,A/Catalonia/NSVH-2067/22,320
A/Hungary/88/2022,A/Catalonia/NSVH-2067/22,<40
A/Cambodia/925256/2020,A/Cambodia/925256/2020,640
A/Cambodia/e0826360/2020,A/Cambodia/925256/2020,80
A/Thuringen/10/2022,A/Cambodia/925256/2020,40
A/Stockholm/5/2021,A/Cambodia/925256/2020,40
A/Darwin/9/2021,A/Cambodia/925256/2020,80
A/Norway/24873/2021,A/Cambodia/925256/2020,40
A/Norway/24873/2021,A/Cambodia/925256/2020,80
A/Poland/97/2022,A/Cambodia/925256/2020,40
A/Slovenia/8720/2022,A/Cambodia/925256/2020,40
A/Catalonia/NSVH161512067/2022,A/Cambodia/925256/2020,40
A/Norway/32842/2022,A/Cambodia/925256/2020,40
A/Israel/B1644/2022,A/Cambodia/925256/2020,40
A/Georgia/RUS200/2022,A/Cambodia/925256/2020,40
A/Romania/544194/2022,A/Cambodia/925256/2020,40
A/Romania/544283/2023,A/Cambodia/925256/2020,<40
A/Romania/544760/2023,A/Cambodia/925256/2020,<40
A/Romania/544753/2023,A/Cambodia/925256/2020,40
A/Israel/R11447/2022,A/Cambodia/925256/2020,40
A/Netherlands/01867/2022,A/Cambodia/925256/2020,<40
A/Milano/331/2022,A/Cambodia/925256/2020,40
A/Netherlands/01476/2022,A/Cambodia/925256/2020,40
A/Netherlands/01475/2022,A/Cambodia/925256/2020,40
A/Netherlands/01218/2022,A/Cambodia/925256/2020,<40
A/Catalonia/NSVH101923535/2022,A/Cambodia/925256/2020,40
A/Catalonia/NSVH161512277/2022,A/Cambodia/925256/2020,40
A/Catalonia/NSVH151194989/2022,A/Cambodia/925256/2020,<40
A/Catalonia/NSVH101934050/2022,A/Cambodia/925256/2020,<40
A/Navarra/4550/2022,A/Cambodia/925256/2020,40
A/England/106/2022,A/Cambodia/925256/2020,40
A/Baden-Wuttemberg/88/2022,A/Cambodia/925256/2020,40
A/Lisboa/717/2022,A/Cambodia/925256/2020,<40
A/Lisboa/711/2022,A/Cambodia/925256/2020,40
A/Lisboa/723/2022,A/Cambodia/925256/2020,<40
A/Lisboa/716/2022,A/Cambodia/925256/2020,40
A/Lisboa/714/2022,A/Cambodia/925256/2020,<40
A/Belgium/G0010/2023,A/Cambodia/925256/2020,<40
A/Belgium/S2699/2022,A/Cambodia/925256/2020,40
A/Belgium/G0401/2022,A/Cambodia/925256/2020,40
A/Romania/544197/2022,A/Cambodia/925256/2020,40
A/Milano/397/2022,A/Cambodia/925256/2020,40
A/Israel/B1398/2022,A/Cambodia/925256/2020,40
A/Cambodia/925256/2020,A/Cambodia/e0826360/2020,80
A/Cambodia/e0826360/2020,A/Cambodia/e0826360/2020,1280
A/Thuringen/10/2022,A/Cambodia/e0826360/2020,80
A/Stockholm/5/2021,A/Cambodia/e0826360/2020,80
A/Darwin/9/2021,A/Cambodia/e0826360/2020,320
A/Norway/24873/2021,A/Cambodia/e0826360/2020,40
A/Norway/24873/2021,A/Cambodia/e0826360/2020,320
A/Poland/97/2022,A/Cambodia/e0826360/2020,80
A/Slovenia/8720/2022,A/Cambodia/e0826360/2020,80
A/Catalonia/NSVH161512067/2022,A/Cambodia/e0826360/2020,40
A/Norway/32842/2022,A/Cambodia/e0826360/2020,40
A/Israel/B1644/2022,A/Cambodia/e0826360/2020,40
A/Georgia/RUS200/2022,A/Cambodia/e0826360/2020,40
A/Romania/544194/2022,A/Cambodia/e0826360/2020,80
A/Romania/544283/2023,A/Cambodia/e0826360/2020,40
A/Romania/544760/2023,A/Cambodia/e0826360/2020,40
A/Romania/544753/2023,A/Cambodia/e0826360/2020,40
A/Israel/R11447/2022,A/Cambodia/e0826360/2020,40
A/Netherlands/01867/2022,A/Cambodia/e0826360/2020,40
A/Milano/331/2022,A/Cambodia/e0826360/2020,40
A/Netherlands/01476/2022,A/Cambodia/e0826360/2020,40
A/Netherlands/01475/2022,A/Cambodia/e0826360/2020,40
A/Netherlands/01218/2022,A/Cambodia/e0826360/2020,40
A/Catalonia/NSVH101923535/2022,A/Cambodia/e0826360/2020,40
A/Catalonia/NSVH161512277/2022,A/Cambodia/e0826360/2020,40
A/Catalonia/NSVH151194989/2022,A/Cambodia/e0826360/2020,40
A/Catalonia/NSVH101934050/2022,A/Cambodia/e0826360/2020,40
A/Navarra/4550/2022,A/Cambodia/e0826360/2020,80
A/England/106/2022,A/Cambodia/e0826360/2020,80
A/Baden-Wuttemberg/88/2022,A/Cambodia/e0826360/2020,80
A/Lisboa/717/2022,A/Cambodia/e0826360/2020,80
A/Lisboa/711/2022,A/Cambodia/e0826360/2020,160
A/Lisboa/723/2022,A/Cambodia/e0826360/2020,80
A/Lisboa/716/2022,A/Cambodia/e0826360/2020,80
A/Lisboa/714/2022,A/Cambodia/e0826360/2020,80
A/Belgium/G0010/2023,A/Cambodia/e0826360/2020,40
A/Belgium/S2699/2022,A/Cambodia/e0826360/2020,80
A/Belgium/G0401/2022,A/Cambodia/e0826360/2020,40
A/Romania/544197/2022,A/Cambodia/e0826360/2020,80
A/Milano/397/2022,A/Cambodia/e0826360/2020,40
A/Israel/B1398/2022,A/Cambodia/e0826360/2020,80
A/Cambodia/925256/2020,A/Thuringen/10/2022,<40
A/Cambodia/e0826360/2020,A/Thuringen/10/2022,40
A/Thuringen/10/2022,A/Thuringen/10/2022,320
A/Stockholm/5/2021,A/Thuringen/10/2022,80
A/Darwin/9/2021,A/Thuringen/10/2022,160
A/Norway/24873/2021,A/Thuringen/10/2022,80
A/Norway/24873/2021,A/Thuringen/10/2022,160
A/Poland/97/2022,A/Thuringen/10/2022,80
A/Slovenia/8720/2022,A/Thuringen/10/2022,80
A/Catalonia/NSVH161512067/2022,A/Thuringen/10/2022,40
A/Norway/32842/2022,A/Thuringen/10/2022,160
A/Israel/B1644/2022,A/Thuringen/10/2022,160
A/Georgia/RUS200/2022,A/Thuringen/10/2022,160
A/Romania/544194/2022,A/Thuringen/10/2022,160
A/Romania/544283/2023,A/Thuringen/10/2022,160
A/Romania/544760/2023,A/Thuringen/10/2022,160
A/Romania/544753/2023,A/Thuringen/10/2022,160
A/Israel/R11447/2022,A/Thuringen/10/2022,160
A/Netherlands/01867/2022,A/Thuringen/10/2022,80
A/Milano/331/2022,A/Thuringen/10/2022,160
A/Netherlands/01476/2022,A/Thuringen/10/2022,160
A/Netherlands/01475/2022,A/Thuringen/10/2022,80
A/Netherlands/01218/2022,A/Thuringen/10/2022,160
A/Catalonia/NSVH101923535/2022,A/Thuringen/10/2022,160
A/Catalonia/NSVH161512277/2022,A/Thuringen/10/2022,160
A/Catalonia/NSVH151194989/2022,A/Thuringen/10/2022,160
A/Catalonia/NSVH101934050/2022,A/Thuringen/10/2022,160
A/Navarra/4550/2022,A/Thuringen/10/2022,320
A/England/106/2022,A/Thuringen/10/2022,160
A/Baden-Wuttemberg/88/2022,A/Thuringen/10/2022,160
A/Lisboa/717/2022,A/Thuringen/10/2022,160
A/Lisboa/711/2022,A/Thuringen/10/2022,320
A/Lisboa/723/2022,A/Thuringen/10/2022,160
A/Lisboa/716/2022,A/Thuringen/10/2022,160
A/Lisboa/714/2022,A/Thuringen/10/2022,160
A/Belgium/G0010/2023,A/Thuringen/10/2022,80
A/Belgium/S2699/2022,A/Thuringen/10/2022,160
A/Belgium/G0401/2022,A/Thuringen/10/2022,80
A/Romania/544197/2022,A/Thuringen/10/2022,80
A/Milano/397/2022,A/Thuringen/10/2022,80
A/Israel/B1398/2022,A/Thuringen/10/2022,80
A/Cambodia/925256/2020,A/Stockholm/5/2021,160
A/Cambodia/e0826360/2020,A/Stockholm/5/2021,160
A/Thuringen/10/2022,A/Stockholm/5/2021,320
A/Stockholm/5/2021,A/Stockholm/5/2021,640
A/Darwin/9/2021,A/Stockholm/5/2021,320
A/Norway/24873/2021,A/Stockholm/5/2021,160
A/Norway/24873/2021,A/Stockholm/5/2021,320
A/Poland/97/2022,A/Stockholm/5/2021,160
A/Slovenia/8720/2022,A/Stockholm/5/2021,320
A/Catalonia/NSVH161512067/2022,A/Stockholm/5/2021,320
A/Norway/32842/2022,A/Stockholm/5/2021,160
A/Israel/B1644/2022,A/Stockholm/5/2021,160
A/Georgia/RUS200/2022,A/Stockholm/5/2021,160
A/Romania/544194/2022,A/Stockholm/5/2021,160
A/Romania/544283/2023,A/Stockholm/5/2021,160
A/Romania/544760/2023,A/Stockholm/5/2021,80
A/Romania/544753/2023,A/Stockholm/5/2021,160
A/Israel/R11447/2022,A/Stockholm/5/2021,160
A/Netherlands/01867/2022,A/Stockholm/5/2021,80
A/Milano/331/2022,A/Stockholm/5/2021,160
A/Netherlands/01476/2022,A/Stockholm/5/2021,160
A/Netherlands/01475/2022,A/Stockholm/5/2021,160
A/Netherlands/01218/2022,A/Stockholm/5/2021,160
A/Catalonia/NSVH101923535/2022,A/Stockholm/5/2021,160
A/Catalonia/NSVH161512277/2022,A/Stockholm/5/2021,80
A/Catalonia/NSVH151194989/2022,A/Stockholm/5/2021,80
A/Catalonia/NSVH101934050/2022,A/Stockholm/5/2021,80
A/Navarra/4550/2022,A/Stockholm/5/2021,160
A/England/106/2022,A/Stockholm/5/2021,160
A/Baden-Wuttemberg/88/2022,A/Stockholm/5/2021,160
A/Lisboa/717/2022,A/Stockholm/5/2021,<40
A/Lisboa/711/2022,A/Stockholm/5/2021,<40
A/Lisboa/723/2022,A/Stockholm/5/2021,<40
A/Lisboa/716/2022,A/Stockholm/5/2021,160
A/Lisboa/714/2022,A/Stockholm/5/2021,<40
A/Belgium/G0010/2023,A/Stockholm/5/2021,160
A/Belgium/S2699/2022,A/Stockholm/5/2021,160
A/Belgium/G0401/2022,A/Stockholm/5/2021,80
A/Romania/544197/2022,A/Stockholm/5/2021,160
A/Milano/397/2022,A/Stockholm/5/2021,80
A/Israel/B1398/2022,A/Stockholm/5/2021,160
A/Cambodia/925256/2020,A/Darwin/9/2021,160
A/Cambodia/e0826360/2020,A/Darwin/9/2021,320
A/Thuringen/10/2022,A/Darwin/9/2021,160
A/Stockholm/5/2021,A/Darwin/9/2021,640
A/Darwin/9/2021,A/Darwin/9/2021,640
A/Norway/24873/2021,A/Darwin/9/2021,320
A/Norway/24873/2021,A/Darwin/9/2021,640
A/Poland/97/2022,A/Darwin/9/2021,320
A/Slovenia/8720/2022,A/Darwin/9/2021,640
A/Catalonia/NSVH161512067/2022,A/Darwin/9/2021,320
A/Norway/32842/2022,A/Darwin/9/2021,160
A/Israel/B1644/2022,A/Darwin/9/2021,80
A/Georgia/RUS200/2022,A/Darwin/9/2021,80
A/Romania/544194/2022,A/Darwin/9/2021,80
A/Romania/544283/2023,A/Darwin/9/2021,80
A/Romania/544760/2023,A/Darwin/9/2021,80
A/Romania/544753/2023,A/Darwin/9/2021,80
A/Israel/R11447/2022,A/Darwin/9/2021,160
A/Netherlands/01867/2022,A/Darwin/9/2021,80
A/Milano/331/2022,A/Darwin/9/2021,160
A/Netherlands/01476/2022,A/Darwin/9/2021,80
A/Netherlands/01475/2022,A/Darwin/9/2021,80
A/Netherlands/01218/2022,A/Darwin/9/2021,80
A/Catalonia/NSVH101923535/2022,A/Darwin/9/2021,80
A/Catalonia/NSVH161512277/2022,A/Darwin/9/2021,80
A/Catalonia/NSVH151194989/2022,A/Darwin/9/2021,80
A/Catalonia/NSVH101934050/2022,A/Darwin/9/2021,80
A/Navarra/4550/2022,A/Darwin/9/2021,160
A/England/106/2022,A/Darwin/9/2021,160
A/Baden-Wuttemberg/88/2022,A/Darwin/9/2021,80
A/Lisboa/717/2022,A/Darwin/9/2021,160
A/Lisboa/711/2022,A/Darwin/9/2021,160
A/Lisboa/723/2022,A/Darwin/9/2021,80
A/Lisboa/716/2022,A/Darwin/9/2021,80
A/Lisboa/714/2022,A/Darwin/9/2021,80
A/Belgium/G0010/2023,A/Darwin/9/2021,80
A/Belgium/S2699/2022,A/Darwin/9/2021,80
A/Belgium/G0401/2022,A/Darwin/9/2021,160
A/Romania/544197/2022,A/Darwin/9/2021,80
A/Milano/397/2022,A/Darwin/9/2021,40
A/Israel/B1398/2022,A/Darwin/9/2021,80
A/Cambodia/925256/2020,A/Norway/24873/2021,<40
A/Cambodia/e0826360/2020,A/Norway/24873/2021,40
A/Thuringen/10/2022,A/Norway/24873/2021,80
A/Stockholm/5/2021,A/Norway/24873/2021,80
A/Darwin/9/2021,A/Norway/24873/2021,160
A/Norway/24873/2021,A/Norway/24873/2021,320
A/Norway/24873/2021,A/Norway/24873/2021,320
A/Poland/97/2022,A/Norway/24873/2021,80
A/Slovenia/8720/2022,A/Norway/24873/2021,80
A/Catalonia/NSVH161512067/2022,A/Norway/24873/2021,80
A/Norway/32842/2022,A/Norway/24873/2021,40
A/Israel/B1644/2022,A/Norway/24873/2021,40
A/Georgia/RUS200/2022,A/Norway/24873/2021,40
A/Romania/544194/2022,A/Norway/24873/2021,40
A/Romania/544283/2023,A/Norway/24873/2021,40
A/Romania/544760/2023,A/Norway/24873/2021,<40
A/Romania/544753/2023,A/Norway/24873/2021,40
A/Israel/R11447/2022,A/Norway/24873/2021,40
A/Netherlands/01867/2022,A/Norway/24873/2021,<40
A/Milano/331/2022,A/Norway/24873/2021,40
A/Netherlands/01476/2022,A/Norway/24873/2021,40
A/Netherlands/01475/2022,A/Norway/24873/2021,40
A/Netherlands/01218/2022,A/Norway/24873/2021,40
A/Catalonia/NSVH101923535/2022,A/Norway/24873/2021,40
A/Catalonia/NSVH161512277/2022,A/Norway/24873/2021,40
A/Catalonia/NSVH151194989/2022,A/Norway/24873/2021,40
A/Catalonia/NSVH101934050/2022,A/Norway/24873/2021,<40
A/Navarra/4550/2022,A/Norway/24873/2021,40
A/England/106/2022,A/Norway/24873/2021,40
A/Baden-Wuttemberg/88/2022,A/Norway/24873/2021,40
A/Lisboa/717/2022,A/Norway/24873/2021,40
A/Lisboa/711/2022,A/Norway/24873/2021,80
A/Lisboa/723/2022,A/Norway/24873/2021,40
A/Lisboa/716/2022,A/Norway/24873/2021,40
A/Lisboa/714/2022,A/Norway/24873/2021,40
A/Belgium/G0010/2023,A/Norway/24873/2021,40
A/Belgium/S2699/2022,A/Norway/24873/2021,40
A/Belgium/G0401/2022,A/Norway/24873/2021,<40
A/Romania/544197/2022,A/Norway/24873/2021,40
A/Milano/397/2022,A/Norway/24873/2021,40
A/Israel/B1398/2022,A/Norway/24873/2021,40
A/Cambodia/925256/2020,A/Norway/24873/2021,<40
A/Cambodia/e0826360/2020,A/Norway/24873/2021,80
A/Thuringen/10/2022,A/Norway/24873/2021,80
A/Stockholm/5/2021,A/Norway/24873/2021,160
A/Darwin/9/2021,A/Norway/24873/2021,320
A/Norway/24873/2021,A/Norway/24873/2021,320
A/Norway/24873/2021,A/Norway/24873/2021,640
A/Poland/97/2022,A/Norway/24873/2021,160
A/Slovenia/8720/2022,A/Norway/24873/2021,320
A/Catalonia/NSVH161512067/2022,A/Norway/24873/2021,160
A/Norway/32842/2022,A/Norway/24873/2021,80
A/Israel/B1644/2022,A/Norway/24873/2021,80
A/Georgia/RUS200/2022,A/Norway/24873/2021,40
A/Romania/544194/2022,A/Norway/24873/2021,80
A/Romania/544283/2023,A/Norway/24873/2021,40
A/Romania/544760/2023,A/Norway/24873/2021,40
A/Romania/544753/2023,A/Norway/24873/2021,40
A/Israel/R11447/2022,A/Norway/24873/2021,40
A/Netherlands/01867/2022,A/Norway/24873/2021,40
A/Milano/331/2022,A/Norway/24873/2021,80
A/Netherlands/01476/2022,A/Norway/24873/2021,80
A/Netherlands/01475/2022,A/Norway/24873/2021,40
A/Netherlands/01218/2022,A/Norway/24873/2021,40
A/Catalonia/NSVH101923535/2022,A/Norway/24873/2021,40
A/Catalonia/NSVH161512277/2022,A/Norway/24873/2021,40
A/Catalonia/NSVH151194989/2022,A/Norway/24873/2021,40
A/Catalonia/NSVH101934050/2022,A/Norway/24873/2021,40
A/Navarra/4550/2022,A/Norway/24873/2021,80
A/England/106/2022,A/Norway/24873/2021,80
A/Baden-Wuttemberg/88/2022,A/Norway/24873/2021,80
A/Lisboa/717/2022,A/Norway/24873/2021,80
A/Lisboa/711/2022,A/Norway/24873/2021,160
A/Lisboa/723/2022,A/Norway/24873/2021,80
A/Lisboa/716/2022,A/Norway/24873/2021,80
A/Lisboa/714/2022,A/Norway/24873/2021,80
A/Belgium/G0010/2023,A/Norway/24873/2021,40
A/Belgium/S2699/2022,A/Norway/24873/2021,40
A/Belgium/G0401/2022,A/Norway/24873/2021,<40
A/Romania/544197/2022,A/Norway/24873/2021,40
A/Milano/397/2022,A/Norway/24873/2021,40
A/Israel/B1398/2022,A/Norway/24873/2021,40
A/Cambodia/925256/2020,A/Poland/97/2022,40
A/Cambodia/e0826360/2020,A/Poland/97/2022,40
A/Thuringen/10/2022,A/Poland/97/2022,80
A/Stockholm/5/2021,A/Poland/97/2022,320
A/Darwin/9/2021,A/Poland/97/2022,320
A/Norway/24873/2021,A/Poland/97/2022,80
A/Norway/24873/2021,A/Poland/97/2022,320
A/Poland/97/2022,A/Poland/97/2022,640
A/Slovenia/8720/2022,A/Poland/97/2022,640
A/Catalonia/NSVH161512067/2022,A/Poland/97/2022,320
A/Norway/32842/2022,A/Poland/97/2022,40
A/Israel/B1644/2022,A/Poland/97/2022,40
A/Georgia/RUS200/2022,A/Poland/97/2022,40
A/Romania/544194/2022,A/Poland/97/2022,40
A/Romania/544283/2023,A/Poland/97/2022,40
A/Romania/544760/2023,A/Poland/97/2022,40
A/Romania/544753/2023,A/Poland/97/2022,40
A/Israel/R11447/2022,A/Poland/97/2022,80
A/Netherlands/01867/2022,A/Poland/97/2022,40
A/Milano/331/2022,A/Poland/97/2022,80
A/Netherlands/01476/2022,A/Poland/97/2022,40
A/Netherlands/01475/2022,A/Poland/97/2022,40
A/Netherlands/01218/2022,A/Poland/97/2022,40
A/Catalonia/NSVH101923535/2022,A/Poland/97/2022,40
A/Catalonia/NSVH161512277/2022,A/Poland/97/2022,40
A/Catalonia/NSVH151194989/2022,A/Poland/97/2022,40
A/Catalonia/NSVH101934050/2022,A/Poland/97/2022,40
A/Navarra/4550/2022,A/Poland/97/2022,40
A/England/106/2022,A/Poland/97/2022,40
A/Baden-Wuttemberg/88/2022,A/Poland/97/2022,40
A/Lisboa/717/2022,A/Poland/97/2022,40
A/Lisboa/711/2022,A/Poland/97/2022,80
A/Lisboa/723/2022,A/Poland/97/2022,40
A/Lisboa/716/2022,A/Poland/97/2022,40
A/Lisboa/714/2022,A/Poland/97/2022,40
A/Belgium/G0010/2023,A/Poland/97/2022,40
A/Belgium/S2699/2022,A/Poland/97/2022,40
A/Belgium/G0401/2022,A/Poland/97/2022,40
A/Romania/544197/2022,A/Poland/97/2022,40
A/Milano/397/2022,A/Poland/97/2022,40
A/Israel/B1398/2022,A/Poland/97/2022,40
A/Cambodia/925256/2020,A/Slovenia/8720/2022,<40
A/Cambodia/e0826360/2020,A/Slovenia/8720/2022,160
A/Thuringen/10/2022,A/Slovenia/8720/2022,160
A/Stockholm/5/2021,A/Slovenia/8720/2022,320
A/Darwin/9/2021,A/Slovenia/8720/2022,640
A/Norway/24873/2021,A/Slovenia/8720/2022,160
A/Norway/24873/2021,A/Slovenia/8720/2022,640
A/Poland/97/2022,A/Slovenia/8720/2022,640
A/Slovenia/8720/2022,A/Slovenia/8720/2022,1280
A/Catalonia/NSVH161512067/2022,A/Slovenia/8720/2022,640
A/Norway/32842/2022,A/Slovenia/8720/2022,80
A/Israel/B1644/2022,A/Slovenia/8720/2022,80
A/Georgia/RUS200/2022,A/Slovenia/8720/2022,80
A/Romania/544194/2022,A/Slovenia/8720/2022,80
A/Romania/544283/2023,A/Slovenia/8720/2022,80
A/Romania/544760/2023,A/Slovenia/8720/2022,80
A/Romania/544753/2023,A/Slovenia/8720/2022,80
A/Israel/R11447/2022,A/Slovenia/8720/2022,80
A/Netherlands/01867/2022,A/Slovenia/8720/2022,40
A/Milano/331/2022,A/Slovenia/8720/2022,80
A/Netherlands/01476/2022,A/Slovenia/8720/2022,80
A/Netherlands/01475/2022,A/Slovenia/8720/2022,80
A/Netherlands/01218/2022,A/Slovenia/8720/2022,80
A/Catalonia/NSVH101923535/2022,A/Slovenia/8720/2022,80
A/Catalonia/NSVH161512277/2022,A/Slovenia/8720/2022,80
A/Catalonia/NSVH151194989/2022,A/Slovenia/8720/2022,80
A/Catalonia/NSVH101934050/2022,A/Slovenia/8720/2022,80
A/Navarra/4550/2022,A/Slovenia/8720/2022,80
A/England/106/2022,A/Slovenia/8720/2022,160
A/Baden-Wuttemberg/88/2022,A/Slovenia/8720/2022,80
A/Lisboa/717/2022,A/Slovenia/8720/2022,160
A/Lisboa/711/2022,A/Slovenia/8720/2022,160
A/Lisboa/723/2022,A/Slovenia/8720/2022,80
A/Lisboa/716/2022,A/Slovenia/8720/2022,160
A/Lisboa/714/2022,A/Slovenia/8720/2022,80
A/Belgium/G0010/2023,A/Slovenia/8720/2022,80
A/Belgium/S2699/2022,A/Slovenia/8720/2022,80
A/Belgium/G0401/2022,A/Slovenia/8720/2022,40
A/Romania/544197/2022,A/Slovenia/8720/2022,80
A/Milano/397/2022,A/Slovenia/8720/2022,80
A/Israel/B1398/2022,A/Slovenia/8720/2022,80
A/Cambodia/925256/2020,A/Catalonia/NSVH-2067/22,<40
A/Cambodia/e0826360/2020,A/Catalonia/NSVH-2067/22,<40
A/Thuringen/10/2022,A/Catalonia/NSVH-2067/22,40
A/Stockholm/5/2021,A/Catalonia/NSVH-2067/22,80
A/Darwin/9/2021,A/Catalonia/NSVH-2067/22,160
A/Norway/24873/2021,A/Catalonia/NSVH-2067/22,80
A/Norway/24873/2021,A/Catalonia/NSVH-2067/22,160
A/Poland/97/2022,A/Catalonia/NSVH-2067/22,160
A/Slovenia/8720/2022,A/Catalonia/NSVH-2067/22,640
A/Catalonia/NSVH161512067/2022,A/Catalonia/NSVH-2067/22,320
A/Norway/32842/2022,A/Catalonia/NSVH-2067/22,40
A/Israel/B1644/2022,A/Catalonia/NSVH-2067/22,<40
A/Georgia/RUS200/2022,A/Catalonia/NSVH-2067/22,40
A/Romania/544194/2022,A/Catalonia/NSVH-2067/22,<40
A/Romania/544283/2023,A/Catalonia/NSVH-2067/22,<40
A/Romania/544760/2023,A/Catalonia/NSVH-2067/22,<40
A/Romania/544753/2023,A/Catalonia/NSVH-2067/22,<40
A/Israel/R11447/2022,A/Catalonia/NSVH-2067/22,40
A/Netherlands/01867/2022,A/Catalonia/NSVH-2067/22,<40
A/Milano/331/2022,A/Catalonia/NSVH-2067/22,<40
A/Netherlands/01476/2022,A/Catalonia/NSVH-2067/22,<40
A/Netherlands/01475/2022,A/Catalonia/NSVH-2067/22,<40
A/Netherlands/01218/2022,A/Catalonia/NSVH-2067/22,<40
A/Catalonia/NSVH101923535/2022,A/Catalonia/NSVH-2067/22,<40
A/Catalonia/NSVH161512277/2022,A/Catalonia/NSVH-2067/22,<40
A/Catalonia/NSVH151194989/2022,A/Catalonia/NSVH-2067/22,<40
A/Catalonia/NSVH101934050/2022,A/Catalonia/NSVH-2067/22,<40
A/Navarra/4550/2022,A/Catalonia/NSVH-2067/22,40
A/England/106/2022,A/Catalonia/NSVH-2067/22,<40
A/Baden-Wuttemberg/88/2022,A/Catalonia/NSVH-2067/22,<40
A/Lisboa/717/2022,A/Catalonia/NSVH-2067/22,40
A/Lisboa/711/2022,A/Catalonia/NSVH-2067/22,40
A/Lisboa/723/2022,A/Catalonia/NSVH-2067/22,<40
A/Lisboa/716/2022,A/Catalonia/NSVH-2067/22,<40
A/Lisboa/714/2022,A/Catalonia/NSVH-2067/22,<40
A/Belgium/G0010/2023,A/Catalonia/NSVH-2067/22,<40
A/Belgium/S2699/2022,A/Catalonia/NSVH-2067/22,<40
A/Belgium/G0401/2022,A/Catalonia/NSVH-2067/22,40
A/Romania/544197/2022,A/Catalonia/NSVH-2067/22,<40
A/Milano/397/2022,A/Catalonia/NSVH-2067/22,<40
A/Israel/B1398/2022,A/Catalonia/NSVH-2067/22,<40
A/Cambodia/925256/2020,A/Cambodia/925256/2020,640
A/Cambodia/e0826360/2020,A/Cambodia/925256/2020,80
A/Thuringen/10/2022,A/Cambodia/925256/2020,40
A/Stockholm/5/2021,A/Cambodia/925256/2020,40
A/Darwin/9/2021,A/Cambodia/925256/2020,80
A/Norway/24873/2021,A/Cambodia/925256/2020,40
A/Norway/24873/2021,A/Cambodia/925256/2020,80
A/Poland/97/2022,A/Cambodia/925256/2020,40
A/Slovenia/8720/2022,A/Cambodia/925256/2020,40
A/Catalonia/NSVH161512067/2022,A/Cambodia/925256/2020,40
A/England/151/2022,A/Cambodia/925256/2020,<40
A/Netherlands/01232/2022,A/Cambodia/925256/2020,<40
A/Norway/32860/2022,A/Cambodia/925256/2020,<40
A/England/104/2022,A/Cambodia/925256/2020,<40
A/Catalonia/NSVH151029260/2022,A/Cambodia/925256/2020,<40
A/Rheinland-Pfalz/35/2022,A/Cambodia/925256/2020,<40
A/Thuringen/63/2022,A/Cambodia/925256/2020,<40
A/Romania/544311/2022,A/Cambodia/925256/2020,<40
A/Belgium/G0007/2023,A/Cambodia/925256/2020,<40
A/Belgium/G0405/2022,A/Cambodia/925256/2020,<40
A/Croatia/109105/2022,A/Cambodia/925256/2020,<40
A/Georgia/T2/2022,A/Cambodia/925256/2020,<40
A/Georgia/T11-4/2022,A/Cambodia/925256/2020,<40
A/Georgia/T27-25/2022,A/Cambodia/925256/2020,<40
A/Georgia/k-1153/2022,A/Cambodia/925256/2020,<40
A/Georgia/K18-57/2022,A/Cambodia/925256/2020,40
A/Georgia/K20-14/2022,A/Cambodia/925256/2020,40
A/Netherlands/01248/2022,A/Cambodia/925256/2020,40
A/Cameroon/10483/2022,A/Cambodia/925256/2020,40
A/England/110/2022,A/Cambodia/925256/2020,<40
A/England/103/2022,A/Cambodia/925256/2020,<40
A/Israel/B1418/2022,A/Cambodia/925256/2020,<40
A/Israel/B1503/2022,A/Cambodia/925256/2020,40
A/Bremen/50/2022,A/Cambodia/925256/2020,<40
A/Niedersachsen/105/2022,A/Cambodia/925256/2020,<40
A/Mecklenburg-Vorpommern/88/2022,A/Cambodia/925256/2020,<40
A/Belgium/G0055/2023,A/Cambodia/925256/2020,<40
A/England/105/2022,A/Cambodia/925256/2020,<40
A/Israel/R599/2023,A/Cambodia/925256/2020,<40
A/Cambodia/925256/2020,A/Cambodia/e0826360/2020,80
A/Cambodia/e0826360/2020,A/Cambodia/e0826360/2020,1280
A/Thuringen/10/2022,A/Cambodia/e0826360/2020,80
A/Stockholm/5/2021,A/Cambodia/e0826360/2020,80
A/Darwin/9/2021,A/Cambodia/e0826360/2020,320
A/Norway/24873/2021,A/Cambodia/e0826360/2020,40
A/Norway/24873/2021,A/Cambodia/e0826360/2020,320
A/Poland/97/2022,A/Cambodia/e0826360/2020,80
A/Slovenia/8720/2022,A/Cambodia/e0826360/2020,80
A/Catalonia/NSVH161512067/2022,A/Cambodia/e0826360/2020,40
A/England/151/2022,A/Cambodia/e0826360/2020,40
A/Netherlands/01232/2022,A/Cambodia/e0826360/2020,40
A/Norway/32860/2022,A/Cambodia/e0826360/2020,40
A/England/104/2022,A/Cambodia/e0826360/2020,40
A/Catalonia/NSVH151029260/2022,A/Cambodia/e0826360/2020,40
A/Rheinland-Pfalz/35/2022,A/Cambodia/e0826360/2020,40
A/Thuringen/63/2022,A/Cambodia/e0826360/2020,<40
A/Romania/544311/2022,A/Cambodia/e0826360/2020,40
A/Belgium/G0007/2023,A/Cambodia/e0826360/2020,40
A/Belgium/G0405/2022,A/Cambodia/e0826360/2020,40
A/Croatia/109105/2022,A/Cambodia/e0826360/2020,40
A/Georgia/T2/2022,A/Cambodia/e0826360/2020,40
A/Georgia/T11-4/2022,A/Cambodia/e0826360/2020,40
A/Georgia/T27-25/2022,A/Cambodia/e0826360/2020,40
A/Georgia/k-1153/2022,A/Cambodia/e0826360/2020,40
A/Georgia/K18-57/2022,A/Cambodia/e0826360/2020,40
A/Georgia/K20-14/2022,A/Cambodia/e0826360/2020,40
A/Netherlands/01248/2022,A/Cambodia/e0826360/2020,80
A/Cameroon/10483/2022,A/Cambodia/e0826360/2020,40
A/England/110/2022,A/Cambodia/e0826360/2020,80
A/England/103/2022,A/Cambodia/e0826360/2020,80
A/Israel/B1418/2022,A/Cambodia/e0826360/2020,40
A/Israel/B1503/2022,A/Cambodia/e0826360/2020,40
A/Bremen/50/2022,A/Cambodia/e0826360/2020,40
A/Niedersachsen/105/2022,A/Cambodia/e0826360/2020,80
A/Mecklenburg-Vorpommern/88/2022,A/Cambodia/e0826360/2020,40
A/Belgium/G0055/2023,A/Cambodia/e0826360/2020,40
A/England/105/2022,A/Cambodia/e0826360/2020,40
A/Israel/R599/2023,A/Cambodia/e0826360/2020,40
A/Cambodia/925256/2020,A/Thuringen/10/2022,<40
A/Cambodia/e0826360/2020,A/Thuringen/10/2022,40
A/Thuringen/10/2022,A/Thuringen/10/2022,320
A/Stockholm/5/2021,A/Thuringen/10/2022,80
A/Darwin/9/2021,A/Thuringen/10/2022,160
A/Norway/24873/2021,A/Thuringen/10/2022,80
A/Norway/24873/2021,A/Thuringen/10/2022,160
A/Poland/97/2022,A/Thuringen/10/2022,80
A/Slovenia/8720/2022,A/Thuringen/10/2022,80
A/Catalonia/NSVH161512067/2022,A/Thuringen/10/2022,40
A/England/151/2022,A/Thuringen/10/2022,40
A/Netherlands/01232/2022,A/Thuringen/10/2022,40
A/Norway/32860/2022,A/Thuringen/10/2022,40
A/England/104/2022,A/Thuringen/10/2022,40
A/Catalonia/NSVH151029260/2022,A/Thuringen/10/2022,40
A/Rheinland-Pfalz/35/2022,A/Thuringen/10/2022,40
A/Thuringen/63/2022,A/Thuringen/10/2022,40
A/Romania/544311/2022,A/Thuringen/10/2022,40
A/Belgium/G0007/2023,A/Thuringen/10/2022,40
A/Belgium/G0405/2022,A/Thuringen/10/2022,40
A/Croatia/109105/2022,A/Thuringen/10/2022,40
A/Georgia/T2/2022,A/Thuringen/10/2022,40
A/Georgia/T11-4/2022,A/Thuringen/10/2022,40
A/Georgia/T27-25/2022,A/Thuringen/10/2022,80
A/Georgia/k-1153/2022,A/Thuringen/10/2022,40
A/Georgia/K18-57/2022,A/Thuringen/10/2022,40
A/Georgia/K20-14/2022,A/Thuringen/10/2022,40
A/Netherlands/01248/2022,A/Thuringen/10/2022,80
A/Cameroon/10483/2022,A/Thuringen/10/2022,80
A/England/110/2022,A/Thuringen/10/2022,80
A/England/103/2022,A/Thuringen/10/2022,80
A/Israel/B1418/2022,A/Thuringen/10/2022,80
A/Israel/B1503/2022,A/Thuringen/10/2022,40
A/Bremen/50/2022,A/Thuringen/10/2022,40
A/Niedersachsen/105/2022,A/Thuringen/10/2022,80
A/Mecklenburg-Vorpommern/88/2022,A/Thuringen/10/2022,80
A/Belgium/G0055/2023,A/Thuringen/10/2022,80
A/England/105/2022,A/Thuringen/10/2022,40
A/Israel/R599/2023,A/Thuringen/10/2022,40
A/Cambodia/925256/2020,A/Stockholm/5/2021,160
A/Cambodia/e0826360/2020,A/Stockholm/5/2021,160
A/Thuringen/10/2022,A/Stockholm/5/2021,320
A/Stockholm/5/2021,A/Stockholm/5/2021,640
A/Darwin/9/2021,A/Stockholm/5/2021,320
A/Norway/24873/2021,A/Stockholm/5/2021,160
A/Norway/24873/2021,A/Stockholm/5/2021,320
A/Poland/97/2022,A/Stockholm/5/2021,160
A/Slovenia/8720/2022,A/Stockholm/5/2021,320
A/Catalonia/NSVH161512067/2022,A/Stockholm/5/2021,320
A/England/151/2022,A/Stockholm/5/2021,80
A/Netherlands/01232/2022,A/Stockholm/5/2021,160
A/Norway/32860/2022,A/Stockholm/5/2021,80
A/England/104/2022,A/Stockholm/5/2021,80
A/Catalonia/NSVH151029260/2022,A/Stockholm/5/2021,80
A/Rheinland-Pfalz/35/2022,A/Stockholm/5/2021,80
A/Thuringen/63/2022,A/Stockholm/5/2021,80
A/Romania/544311/2022,A/Stockholm/5/2021,80
A/Belgium/G0007/2023,A/Stockholm/5/2021,80
A/Belgium/G0405/2022,A/Stockholm/5/2021,80
A/Croatia/109105/2022,A/Stockholm/5/2021,160
A/Georgia/T2/2022,A/Stockholm/5/2021,80
A/Georgia/T11-4/2022,A/Stockholm/5/2021,80
A/Georgia/T27-25/2022,A/Stockholm/5/2021,160
A/Georgia/k-1153/2022,A/Stockholm/5/2021,80
A/Georgia/K18-57/2022,A/Stockholm/5/2021,80
A/Georgia/K20-14/2022,A/Stockholm/5/2021,80
A/Netherlands/01248/2022,A/Stockholm/5/2021,160
A/Cameroon/10483/2022,A/Stockholm/5/2021,80
A/England/110/2022,A/Stockholm/5/2021,80
A/England/103/2022,A/Stockholm/5/2021,80
A/Israel/B1418/2022,A/Stockholm/5/2021,80
A/Israel/B1503/2022,A/Stockholm/5/2021,40
A/Bremen/50/2022,A/Stockholm/5/2021,40
A/Niedersachsen/105/2022,A/Stockholm/5/2021,80
A/Mecklenburg-Vorpommern/88/2022,A/Stockholm/5/2021,80
A/Belgium/G0055/2023,A/Stockholm/5/2021,80
A/England/105/2022,A/Stockholm/5/2021,80
A/Israel/R599/2023,A/Stockholm/5/2021,80
A/Cambodia/925256/2020,A/Darwin/9/2021,160
A/Cambodia/e0826360/2020,A/Darwin/9/2021,320
A/Thuringen/10/2022,A/Darwin/9/2021,160
A/Stockholm/5/2021,A/Darwin/9/2021,640
A/Darwin/9/2021,A/Darwin/9/2021,640
A/Norway/24873/2021,A/Darwin/9/2021,320
A/Norway/24873/2021,A/Darwin/9/2021,640
A/Poland/97/2022,A/Darwin/9/2021,320
A/Slovenia/8720/2022,A/Darwin/9/2021,640
A/Catalonia/NSVH161512067/2022,A/Darwin/9/2021,320
A/England/151/2022,A/Darwin/9/2021,160
A/Netherlands/01232/2022,A/Darwin/9/2021,320
A/Norway/32860/2022,A/Darwin/9/2021,160
A/England/104/2022,A/Darwin/9/2021,160
A/Catalonia/NSVH151029260/2022,A/Darwin/9/2021,160
A/Rheinland-Pfalz/35/2022,A/Darwin/9/2021,320
A/Thuringen/63/2022,A/Darwin/9/2021,80
A/Romania/544311/2022,A/Darwin/9/2021,160
A/Belgium/G0007/2023,A/Darwin/9/2021,160
A/Belgium/G0405/2022,A/Darwin/9/2021,160
A/Croatia/109105/2022,A/Darwin/9/2021,160
A/Georgia/T2/2022,A/Darwin/9/2021,80
A/Georgia/T11-4/2022,A/Darwin/9/2021,80
A/Georgia/T27-25/2022,A/Darwin/9/2021,320
A/Georgia/k-1153/2022,A/Darwin/9/2021,160
A/Georgia/K18-57/2022,A/Darwin/9/2021,160
A/Georgia/K20-14/2022,A/Darwin/9/2021,80
A/Netherlands/01248/2022,A/Darwin/9/2021,160
A/Cameroon/10483/2022,A/Darwin/9/2021,160
A/England/110/2022,A/Darwin/9/2021,160
A/England/103/2022,A/Darwin/9/2021,160
A/Israel/B1418/2022,A/Darwin/9/2021,160
A/Israel/B1503/2022,A/Darwin/9/2021,160
A/Bremen/50/2022,A/Darwin/9/2021,80
A/Niedersachsen/105/2022,A/Darwin/9/2021,160
A/Mecklenburg-Vorpommern/88/2022,A/Darwin/9/2021,160
A/Belgium/G0055/2023,A/Darwin/9/2021,160
A/England/105/2022,A/Darwin/9/2021,160
A/Israel/R599/2023,A/Darwin/9/2021,160
A/Cambodia/925256/2020,A/Norway/24873/2021,<40
A/Cambodia/e0826360/2020,A/Norway/24873/2021,40
A/Thuringen/10/2022,A/Norway/24873/2021,80
A/Stockholm/5/2021,A/Norway/24873/2021,80
A/Darwin/9/2021,A/Norway/24873/2021,160
A/Norway/24873/2021,A/Norway/24873/2021,320
A/Norway/24873/2021,A/Norway/24873/2021,320
A/Poland/97/2022,A/Norway/24873/2021,80
A/Slovenia/8720/2022,A/Norway/24873/2021,80
A/Catalonia/NSVH161512067/2022,A/Norway/24873/2021,80
A/England/151/2022,A/Norway/24873/2021,80
A/Netherlands/01232/2022,A/Norway/24873/2021,80
A/Norway/32860/2022,A/Norway/24873/2021,40
A/England/104/2022,A/Norway/24873/2021,40
A/Catalonia/NSVH151029260/2022,A/Norway/24873/2021,40
A/Rheinland-Pfalz/35/2022,A/Norway/24873/2021,40
A/Thuringen/63/2022,A/Norway/24873/2021,40
A/Romania/544311/2022,A/Norway/24873/2021,40
A/Belgium/G0007/2023,A/Norway/24873/2021,40
A/Belgium/G0405/2022,A/Norway/24873/2021,40
A/Croatia/109105/2022,A/Norway/24873/2021,40
A/Georgia/T2/2022,A/Norway/24873/2021,40
A/Georgia/T11-4/2022,A/Norway/24873/2021,40
A/Georgia/T27-25/2022,A/Norway/24873/2021,40
A/Georgia/k-1153/2022,A/Norway/24873/2021,80
A/Georgia/K18-57/2022,A/Norway/24873/2021,40
A/Georgia/K20-14/2022,A/Norway/24873/2021,40
A/Netherlands/01248/2022,A/Norway/24873/2021,160
A/Cameroon/10483/2022,A/Norway/24873/2021,160
A/England/110/2022,A/Norway/24873/2021,160
A/England/103/2022,A/Norway/24873/2021,160
A/Israel/B1418/2022,A/Norway/24873/2021,160
A/Israel/B1503/2022,A/Norway/24873/2021,80
A/Bremen/50/2022,A/Norway/24873/2021,80
A/Niedersachsen/105/2022,A/Norway/24873/2021,160
A/Mecklenburg-Vorpommern/88/2022,A/Norway/24873/2021,80
A/Belgium/G0055/2023,A/Norway/24873/2021,80
A/England/105/2022,A/Norway/24873/2021,80
A/Israel/R599/2023,A/Norway/24873/2021,40
A/Cambodia/925256/2020,A/Norway/24873/2021,<40
A/Cambodia/e0826360/2020,A/Norway/24873/2021,80
A/Thuringen/10/2022,A/Norway/24873/2021,80
A/Stockholm/5/2021,A/Norway/24873/2021,160
A/Darwin/9/2021,A/Norway/24873/2021,320
A/Norway/24873/2021,A/Norway/24873/2021,320
A/Norway/24873/2021,A/Norway/24873/2021,640
A/Poland/97/2022,A/Norway/24873/2021,160
A/Slovenia/8720/2022,A/Norway/24873/2021,320
A/Catalonia/NSVH161512067/2022,A/Norway/24873/2021,160
A/England/151/2022,A/Norway/24873/2021,80
A/Netherlands/01232/2022,A/Norway/24873/2021,160
A/Norway/32860/2022,A/Norway/24873/2021,80
A/England/104/2022,A/Norway/24873/2021,80
A/Catalonia/NSVH151029260/2022,A/Norway/24873/2021,80
A/Rheinland-Pfalz/35/2022,A/Norway/24873/2021,160
A/Thuringen/63/2022,A/Norway/24873/2021,80
A/Romania/544311/2022,A/Norway/24873/2021,80
A/Belgium/G0007/2023,A/Norway/24873/2021,80
A/Belgium/G0405/2022,A/Norway/24873/2021,40
A/Croatia/109105/2022,A/Norway/24873/2021,80
A/Georgia/T2/2022,A/Norway/24873/2021,40
A/Georgia/T11-4/2022,A/Norway/24873/2021,40
A/Georgia/T27-25/2022,A/Norway/24873/2021,80
A/Georgia/k-1153/2022,A/Norway/24873/2021,160
A/Georgia/K18-57/2022,A/Norway/24873/2021,40
A/Georgia/K20-14/2022,A/Norway/24873/2021,40
A/Netherlands/01248/2022,A/Norway/24873/2021,320
A/Cameroon/10483/2022,A/Norway/24873/2021,160
A/England/110/2022,A/Norway/24873/2021,160
A/England/103/2022,A/Norway/24873/2021,320
A/Israel/B1418/2022,A/Norway/24873/2021,160
A/Israel/B1503/2022,A/Norway/24873/2021,160
A/Bremen/50/2022,A/Norway/24873/2021,160
A/Niedersachsen/105/2022,A/Norway/24873/2021,320
A/Mecklenburg-Vorpommern/88/2022,A/Norway/24873/2021,320
A/Belgium/G0055/2023,A/Norway/24873/2021,160
A/England/105/2022,A/Norway/24873/2021,160
A/Israel/R599/2023,A/Norway/24873/2021,160
A/Cambodia/925256/2020,A/Poland/97/2022,40
A/Cambodia/e0826360/2020,A/Poland/97/2022,40
A/Thuringen/10/2022,A/Poland/97/2022,80
A/Stockholm/5/2021,A/Poland/97/2022,320
A/Darwin/9/2021,A/Poland/97/2022,320
A/Norway/24873/2021,A/Poland/97/2022,80
A/Norway/24873/2021,A/Poland/97/2022,320
A/Poland/97/2022,A/Poland/97/2022,640
A/Slovenia/8720/2022,A/Poland/97/2022,640
A/Catalonia/NSVH161512067/2022,A/Poland/97/2022,320
A/England/151/2022,A/Poland/97/2022,160
A/Netherlands/01232/2022,A/Poland/97/2022,320
A/Norway/32860/2022,A/Poland/97/2022,80
A/England/104/2022,A/Poland/97/2022,80
A/Catalonia/NSVH151029260/2022,A/Poland/97/2022,160
A/Rheinland-Pfalz/35/2022,A/Poland/97/2022,160
A/Thuringen/63/2022,A/Poland/97/2022,160
A/Romania/544311/2022,A/Poland/97/2022,80
A/Belgium/G0007/2023,A/Poland/97/2022,80
A/Belgium/G0405/2022,A/Poland/97/2022,80
A/Croatia/109105/2022,A/Poland/97/2022,160
A/Georgia/T2/2022,A/Poland/97/2022,160
A/Georgia/T11-4/2022,A/Poland/97/2022,160
A/Georgia/T27-25/2022,A/Poland/97/2022,160
A/Georgia/k-1153/2022,A/Poland/97/2022,640
A/Georgia/K18-57/2022,A/Poland/97/2022,80
A/Georgia/K20-14/2022,A/Poland/97/2022,80
A/Netherlands/01248/2022,A/Poland/97/2022,80
A/Cameroon/10483/2022,A/Poland/97/2022,80
A/England/110/2022,A/Poland/97/2022,80
A/England/103/2022,A/Poland/97/2022,80
A/Israel/B1418/2022,A/Poland/97/2022,40
A/Israel/B1503/2022,A/Poland/97/2022,40
A/Bremen/50/2022,A/Poland/97/2022,40
A/Niedersachsen/105/2022,A/Poland/97/2022,80
A/Mecklenburg-Vorpommern/88/2022,A/Poland/97/2022,40
A/Belgium/G0055/2023,A/Poland/97/2022,40
A/England/105/2022,A/Poland/97/2022,80
A/Israel/R599/2023,A/Poland/97/2022,40
A/Cambodia/925256/2020,A/Slovenia/8720/2022,<40
A/Cambodia/e0826360/2020,A/Slovenia/8720/2022,160
A/Thuringen/10/2022,A/Slovenia/8720/2022,160
A/Stockholm/5/2021,A/Slovenia/8720/2022,320
A/Darwin/9/2021,A/Slovenia/8720/2022,640
A/Norway/24873/2021,A/Slovenia/8720/2022,160
A/Norway/24873/2021,A/Slovenia/8720/2022,640
A/Poland/97/2022,A/Slovenia/8720/2022,640
A/Slovenia/8720/2022,A/Slovenia/8720/2022,1280
A/Catalonia/NSVH161512067/2022,A/Slovenia/8720/2022,640
A/England/151/2022,A/Slovenia/8720/2022,320
A/Netherlands/01232/2022,A/Slovenia/8720/2022,640
A/Norway/32860/2022,A/Slovenia/8720/2022,320
A/England/104/2022,A/Slovenia/8720/2022,160
A/Catalonia/NSVH151029260/2022,A/Slovenia/8720/2022,320
A/Rheinland-Pfalz/35/2022,A/Slovenia/8720/2022,320
A/Thuringen/63/2022,A/Slovenia/8720/2022,320
A/Romania/544311/2022,A/Slovenia/8720/2022,160
A/Belgium/G0007/2023,A/Slovenia/8720/2022,320
A/Belgium/G0405/2022,A/Slovenia/8720/2022,320
A/Croatia/109105/2022,A/Slovenia/8720/2022,320
A/Georgia/T2/2022,A/Slovenia/8720/2022,160
A/Georgia/T11-4/2022,A/Slovenia/8720/2022,320
A/Georgia/T27-25/2022,A/Slovenia/8720/2022,320
A/Georgia/k-1153/2022,A/Slovenia/8720/2022,640
A/Georgia/K18-57/2022,A/Slovenia/8720/2022,80
A/Georgia/K20-14/2022,A/Slovenia/8720/2022,160
A/Netherlands/01248/2022,A/Slovenia/8720/2022,160
A/Cameroon/10483/2022,A/Slovenia/8720/2022,80
A/England/110/2022,A/Slovenia/8720/2022,80
A/England/103/2022,A/Slovenia/8720/2022,160
A/Israel/B1418/2022,A/Slovenia/8720/2022,80
A/Israel/B1503/2022,A/Slovenia/8720/2022,80
A/Bremen/50/2022,A/Slovenia/8720/2022,80
A/Niedersachsen/105/2022,A/Slovenia/8720/2022,160
A/Mecklenburg-Vorpommern/88/2022,A/Slovenia/8720/2022,160
A/Belgium/G0055/2023,A/Slovenia/8720/2022,80
A/England/105/2022,A/Slovenia/8720/2022,160
A/Israel/R599/2023,A/Slovenia/8720/2022,80
A/Cambodia/925256/2020,A/Catalonia/NSVH-2067/22,<40
A/Cambodia/e0826360/2020,A/Catalonia/NSVH-2067/22,<40
A/Thuringen/10/2022,A/Catalonia/NSVH-2067/22,40
A/Stockholm/5/2021,A/Catalonia/NSVH-2067/22,80
A/Darwin/9/2021,A/Catalonia/NSVH-2067/22,160
A/Norway/24873/2021,A/Catalonia/NSVH-2067/22,80
A/Norway/24873/2021,A/Catalonia/NSVH-2067/22,160
A/Poland/97/2022,A/Catalonia/NSVH-2067/22,160
A/Slovenia/8720/2022,A/Catalonia/NSVH-2067/22,640
A/Catalonia/NSVH161512067/2022,A/Catalonia/NSVH-2067/22,320
A/England/151/2022,A/Catalonia/NSVH-2067/22,320
A/Netherlands/01232/2022,A/Catalonia/NSVH-2067/22,160
A/Norway/32860/2022,A/Catalonia/NSVH-2067/22,160
A/England/104/2022,A/Catalonia/NSVH-2067/22,80
A/Catalonia/NSVH151029260/2022,A/Catalonia/NSVH-2067/22,160
A/Rheinland-Pfalz/35/2022,A/Catalonia/NSVH-2067/22,320
A/Thuringen/63/2022,A/Catalonia/NSVH-2067/22,80
A/Romania/544311/2022,A/Catalonia/NSVH-2067/22,160
A/Belgium/G0007/2023,A/Catalonia/NSVH-2067/22,80
A/Belgium/G0405/2022,A/Catalonia/NSVH-2067/22,160
A/Croatia/109105/2022,A/Catalonia/NSVH-2067/22,160
A/Georgia/T2/2022,A/Catalonia/NSVH-2067/22,80
A/Georgia/T11-4/2022,A/Catalonia/NSVH-2067/22,160
A/Georgia/T27-25/2022,A/Catalonia/NSVH-2067/22,320
A/Georgia/k-1153/2022,A/Catalonia/NSVH-2067/22,640
A/Georgia/K18-57/2022,A/Catalonia/NSVH-2067/22,40
A/Georgia/K20-14/2022,A/Catalonia/NSVH-2067/22,80
A/Netherlands/01248/2022,A/Catalonia/NSVH-2067/22,80
A/Cameroon/10483/2022,A/Catalonia/NSVH-2067/22,80
A/England/110/2022,A/Catalonia/NSVH-2067/22,80
A/England/103/2022,A/Catalonia/NSVH-2067/22,40
A/Israel/B1418/2022,A/Catalonia/NSVH-2067/22,40
A/Israel/B1503/2022,A/Catalonia/NSVH-2067/22,40
A/Bremen/50/2022,A/Catalonia/NSVH-2067/22,40
A/Niedersachsen/105/2022,A/Catalonia/NSVH-2067/22,40
A/Mecklenburg-Vorpommern/88/2022,A/Catalonia/NSVH-2067/22,40
A/Belgium/G0055/2023,A/Catalonia/NSVH-2067/22,40
A/England/105/2022,A/Catalonia/NSVH-2067/22,40
A/Israel/R599/2023,A/Catalonia/NSVH-2067/22,<40
A/Cambodia/925256/2020,A/Cambodia/925256/2020,1280
A/Cambodia/e0826360/2020,A/Cambodia/925256/2020,80
A/Thuringen/10/2022,A/Cambodia/925256/2020,40
A/Stockholm/5/2021,A/Cambodia/925256/2020,40
A/Darwin/9/2021,A/Cambodia/925256/2020,80
A/Norway/24873/2021,A/Cambodia/925256/2020,40
A/Norway/24873/2021,A/Cambodia/925256/2020,80
A/Poland/97/2022,A/Cambodia/925256/2020,40
A/Slovenia/8720/2022,A/Cambodia/925256/2020,40
A/Lille/50053/2022,A/Cambodia/925256/2020,*
A/Catalonia/NSVH161512067/2022,A/Cambodia/925256/2020,40
A/Bolzano/46/2022,A/Cambodia/925256/2020,40
A/Palermo/6/2022,A/Cambodia/925256/2020,40
A/Netherlands/11980/2022,A/Cambodia/925256/2020,<40
A/Netherlands/11968/2022,A/Cambodia/925256/2020,<40
A/Cambodia/925256/2020,A/Cambodia/e0826360/2020,80
A/Cambodia/e0826360/2020,A/Cambodia/e0826360/2020,1280
A/Thuringen/10/2022,A/Cambodia/e0826360/2020,80
A/Stockholm/5/2021,A/Cambodia/e0826360/2020,80
A/Darwin/9/2021,A/Cambodia/e0826360/2020,320
A/Norway/24873/2021,A/Cambodia/e0826360/2020,40
A/Norway/24873/2021,A/Cambodia/e0826360/2020,320
A/Poland/97/2022,A/Cambodia/e0826360/2020,80
A/Slovenia/8720/2022,A/Cambodia/e0826360/2020,80
A/Lille/50053/2022,A/Cambodia/e0826360/2020,*
A/Catalonia/NSVH161512067/2022,A/Cambodia/e0826360/2020,40
A/Bolzano/46/2022,A/Cambodia/e0826360/2020,80
A/Palermo/6/2022,A/Cambodia/e0826360/2020,80
A/Netherlands/11980/2022,A/Cambodia/e0826360/2020,40
A/Netherlands/11968/2022,A/Cambodia/e0826360/2020,80
A/Cambodia/925256/2020,A/Thuringen/10/2022,<40
A/Cambodia/e0826360/2020,A/Thuringen/10/2022,40
A/Thuringen/10/2022,A/Thuringen/10/2022,320
A/Stockholm/5/2021,A/Thuringen/10/2022,80
A/Darwin/9/2021,A/Thuringen/10/2022,160
A/Norway/24873/2021,A/Thuringen/10/2022,80
A/Norway/24873/2021,A/Thuringen/10/2022,160
A/Poland/97/2022,A/Thuringen/10/2022,80
A/Slovenia/8720/2022,A/Thuringen/10/2022,80
A/Lille/50053/2022,A/Thuringen/10/2022,*
A/Catalonia/NSVH161512067/2022,A/Thuringen/10/2022,40
A/Bolzano/46/2022,A/Thuringen/10/2022,160
A/Palermo/6/2022,A/Thuringen/10/2022,160
A/Netherlands/11980/2022,A/Thuringen/10/2022,40
A/Netherlands/11968/2022,A/Thuringen/10/2022,80
A/Cambodia/925256/2020,A/Stockholm/5/2021,160
A/Cambodia/e0826360/2020,A/Stockholm/5/2021,160
A/Thuringen/10/2022,A/Stockholm/5/2021,320
A/Stockholm/5/2021,A/Stockholm/5/2021,640
A/Darwin/9/2021,A/Stockholm/5/2021,320
A/Norway/24873/2021,A/Stockholm/5/2021,160
A/Norway/24873/2021,A/Stockholm/5/2021,320
A/Poland/97/2022,A/Stockholm/5/2021,160
A/Slovenia/8720/2022,A/Stockholm/5/2021,320
A/Lille/50053/2022,A/Stockholm/5/2021,*
A/Catalonia/NSVH161512067/2022,A/Stockholm/5/2021,320
A/Bolzano/46/2022,A/Stockholm/5/2021,160
A/Palermo/6/2022,A/Stockholm/5/2021,160
A/Netherlands/11980/2022,A/Stockholm/5/2021,80
A/Netherlands/11968/2022,A/Stockholm/5/2021,160
A/Cambodia/925256/2020,A/Stockholm/5/2021,160
A/Cambodia/e0826360/2020,A/Stockholm/5/2021,80
A/Thuringen/10/2022,A/Stockholm/5/2021,80
A/Stockholm/5/2021,A/Stockholm/5/2021,640
A/Darwin/9/2021,A/Stockholm/5/2021,320
A/Norway/24873/2021,A/Stockholm/5/2021,160
A/Norway/24873/2021,A/Stockholm/5/2021,640
A/Poland/97/2022,A/Stockholm/5/2021,160
A/Slovenia/8720/2022,A/Stockholm/5/2021,640
A/Lille/50053/2022,A/Stockholm/5/2021,320
A/Catalonia/NSVH161512067/2022,A/Stockholm/5/2021,320
A/Bolzano/46/2022,A/Stockholm/5/2021,40
A/Palermo/6/2022,A/Stockholm/5/2021,40
A/Netherlands/11980/2022,A/Stockholm/5/2021,80
A/Netherlands/11968/2022,A/Stockholm/5/2021,160
A/Cambodia/925256/2020,A/Darwin/9/2021,160
A/Cambodia/e0826360/2020,A/Darwin/9/2021,320
A/Thuringen/10/2022,A/Darwin/9/2021,160
A/Stockholm/5/2021,A/Darwin/9/2021,640
A/Darwin/9/2021,A/Darwin/9/2021,640
A/Norway/24873/2021,A/Darwin/9/2021,320
A/Norway/24873/2021,A/Darwin/9/2021,640
A/Poland/97/2022,A/Darwin/9/2021,320
A/Slovenia/8720/2022,A/Darwin/9/2021,640
A/Lille/50053/2022,A/Darwin/9/2021,*
A/Catalonia/NSVH161512067/2022,A/Darwin/9/2021,320
A/Bolzano/46/2022,A/Darwin/9/2021,160
A/Palermo/6/2022,A/Darwin/9/2021,80
A/Netherlands/11980/2022,A/Darwin/9/2021,160
A/Netherlands/11968/2022,A/Darwin/9/2021,160
A/Cambodia/925256/2020,A/Norway/24873/2021,<40
A/Cambodia/e0826360/2020,A/Norway/24873/2021,40
A/Thuringen/10/2022,A/Norway/24873/2021,80
A/Stockholm/5/2021,A/Norway/24873/2021,80
A/Darwin/9/2021,A/Norway/24873/2021,160
A/Norway/24873/2021,A/Norway/24873/2021,320
A/Norway/24873/2021,A/Norway/24873/2021,320
A/Poland/97/2022,A/Norway/24873/2021,80
A/Slovenia/8720/2022,A/Norway/24873/2021,80
A/Lille/50053/2022,A/Norway/24873/2021,*
A/Catalonia/NSVH161512067/2022,A/Norway/24873/2021,80
A/Bolzano/46/2022,A/Norway/24873/2021,40
A/Palermo/6/2022,A/Norway/24873/2021,40
A/Netherlands/11980/2022,A/Norway/24873/2021,40
A/Netherlands/11968/2022,A/Norway/24873/2021,40
A/Cambodia/925256/2020,A/Norway/24873/2021,<40
A/Cambodia/e0826360/2020,A/Norway/24873/2021,80
A/Thuringen/10/2022,A/Norway/24873/2021,80
A/Stockholm/5/2021,A/Norway/24873/2021,160
A/Darwin/9/2021,A/Norway/24873/2021,320
A/Norway/24873/2021,A/Norway/24873/2021,320
A/Norway/24873/2021,A/Norway/24873/2021,1280
A/Poland/97/2022,A/Norway/24873/2021,160
A/Slovenia/8720/2022,A/Norway/24873/2021,320
A/Lille/50053/2022,A/Norway/24873/2021,*
A/Catalonia/NSVH161512067/2022,A/Norway/24873/2021,160
A/Bolzano/46/2022,A/Norway/24873/2021,80
A/Palermo/6/2022,A/Norway/24873/2021,40
A/Netherlands/11980/2022,A/Norway/24873/2021,80
A/Netherlands/11968/2022,A/Norway/24873/2021,80
A/Cambodia/925256/2020,A/Poland/97/2022,40
A/Cambodia/e0826360/2020,A/Poland/97/2022,40
A/Thuringen/10/2022,A/Poland/97/2022,80
A/Stockholm/5/2021,A/Poland/97/2022,320
A/Darwin/9/2021,A/Poland/97/2022,320
A/Norway/24873/2021,A/Poland/97/2022,80
A/Norway/24873/2021,A/Poland/97/2022,320
A/Poland/97/2022,A/Poland/97/2022,1280
A/Slovenia/8720/2022,A/Poland/97/2022,640
A/Lille/50053/2022,A/Poland/97/2022,*
A/Catalonia/NSVH161512067/2022,A/Poland/97/2022,320
A/Bolzano/46/2022,A/Poland/97/2022,40
A/Palermo/6/2022,A/Poland/97/2022,40
A/Netherlands/11980/2022,A/Poland/97/2022,160
A/Netherlands/11968/2022,A/Poland/97/2022,160
A/Cambodia/925256/2020,A/Slovenia/8720/2022,<40
A/Cambodia/e0826360/2020,A/Slovenia/8720/2022,160
A/Thuringen/10/2022,A/Slovenia/8720/2022,160
A/Stockholm/5/2021,A/Slovenia/8720/2022,320
A/Darwin/9/2021,A/Slovenia/8720/2022,640
A/Norway/24873/2021,A/Slovenia/8720/2022,160
A/Norway/24873/2021,A/Slovenia/8720/2022,640
A/Poland/97/2022,A/Slovenia/8720/2022,640
A/Slovenia/8720/2022,A/Slovenia/8720/2022,640
A/Lille/50053/2022,A/Slovenia/8720/2022,*
A/Catalonia/NSVH161512067/2022,A/Slovenia/8720/2022,640
A/Bolzano/46/2022,A/Slovenia/8720/2022,80
A/Palermo/6/2022,A/Slovenia/8720/2022,80
A/Netherlands/11980/2022,A/Slovenia/8720/2022,320
A/Netherlands/11968/2022,A/Slovenia/8720/2022,320
A/Cambodia/925256/2020,A/Lille/50053/2022,80
A/Cambodia/e0826360/2020,A/Lille/50053/2022,160
A/Thuringen/10/2022,A/Lille/50053/2022,160
A/Stockholm/5/2021,A/Lille/50053/2022,320
A/Darwin/9/2021,A/Lille/50053/2022,320
A/Norway/24873/2021,A/Lille/50053/2022,160
A/Norway/24873/2021,A/Lille/50053/2022,640
A/Poland/97/2022,A/Lille/50053/2022,1280
A/Slovenia/8720/2022,A/Lille/50053/2022,640
A/Lille/50053/2022,A/Lille/50053/2022,2560
A/Catalonia/NSVH161512067/2022,A/Lille/50053/2022,640
A/Bolzano/46/2022,A/Lille/50053/2022,320
A/Palermo/6/2022,A/Lille/50053/2022,320
A/Netherlands/11980/2022,A/Lille/50053/2022,320
A/Netherlands/11968/2022,A/Lille/50053/2022,320
A/Cambodia/925256/2020,A/Catalonia/NSVH-2067/22,<40
A/Cambodia/e0826360/2020,A/Catalonia/NSVH-2067/22,<40
A/Thuringen/10/2022,A/Catalonia/NSVH-2067/22,40
A/Stockholm/5/2021,A/Catalonia/NSVH-2067/22,80
A/Darwin/9/2021,A/Catalonia/NSVH-2067/22,160
A/Norway/24873/2021,A/Catalonia/NSVH-2067/22,80
A/Norway/24873/2021,A/Catalonia/NSVH-2067/22,160
A/Poland/97/2022,A/Catalonia/NSVH-2067/22,160
A/Slovenia/8720/2022,A/Catalonia/NSVH-2067/22,640
A/Lille/50053/2022,A/Catalonia/NSVH-2067/22,*
A/Catalonia/NSVH161512067/2022,A/Catalonia/NSVH-2067/22,320
A/Bolzano/46/2022,A/Catalonia/NSVH-2067/22,<40
A/Palermo/6/2022,A/Catalonia/NSVH-2067/22,<40
A/Netherlands/11980/2022,A/Catalonia/NSVH-2067/22,160
A/Netherlands/11968/2022,A/Catalonia/NSVH-2067/22,160
