Test Virus,Reference Virus,Titre
A/Thuringen/10/2022,A/Thuringen/10/2022,160
A/Switzerland/28719/2022,A/Thuringen/10/2022,160
A/Stockholm/5/2021,A/Thuringen/10/2022,80
A/Darwin/9/2021,A/Thuringen/10/2022,160
A/Catalonia/NSVH161512067/2022,A/Thuringen/10/2022,40
A/Albania/289813/2022,A/Thuringen/10/2022,160
A/Brandenburg/15/2022,A/Thuringen/10/2022,320
A/Massachusetts/18/2022,A/Thuringen/10/2022,80
A/California/122/2022,A/Thuringen/10/2022,160
A/Thailand/08/2022,A/Thuringen/10/2022,160
A/Thailand (A/Thailand/08,A/Thuringen/10/2022,80
A/Catalonia/NSVH102155361/2023,A/Thuringen/10/2022,80
A/Catalonia/NSVH102156229/2023,A/Thuringen/10/2022,80
A/Catalonia/NSVH102156515/2023,A/Thuringen/10/2022,80
A/Catalonia/NSVH160871625/2023,A/Thuringen/10/2022,80
A/Catalonia/NSVH151040742/2023,A/Thuringen/10/2022,80
A/Catalonia/NSVH102158148/2023,A/Thuringen/10/2022,160
A/Catalonia/NSVH102161296/2023,A/Thuringen/10/2022,80
A/Catalonia/NSVH102165041/2023,A/Thuringen/10/2022,160
A/Thuringen/10/2022,A/Switzerland/28719/2022,640
A/Switzerland/28719/2022,A/Switzerland/28719/2022,1280
A/Stockholm/5/2021,A/Switzerland/28719/2022,160
A/Darwin/9/2021,A/Switzerland/28719/2022,640
A/Catalonia/NSVH161512067/2022,A/Switzerland/28719/2022,320
A/Albania/289813/2022,A/Switzerland/28719/2022,640
A/Brandenburg/15/2022,A/Switzerland/28719/2022,1280
A/Massachusetts/18/2022,A/Switzerland/28719/2022,640
A/California/122/2022,A/Switzerland/28719/2022,640
A/Thailand/08/2022,A/Switzerland/28719/2022,640
A/Thailand (A/Thailand/08,A/Switzerland/28719/2022,640
A/Catalonia/NSVH102155361/2023,A/Switzerland/28719/2022,320
A/Catalonia/NSVH102156229/2023,A/Switzerland/28719/2022,320
A/Catalonia/NSVH102156515/2023,A/Switzerland/28719/2022,640
A/Catalonia/NSVH160871625/2023,A/Switzerland/28719/2022,320
A/Catalonia/NSVH151040742/2023,A/Switzerland/28719/2022,320
A/Catalonia/NSVH102158148/2023,A/Switzerland/28719/2022,640
A/Catalonia/NSVH102161296/2023,A/Switzerland/28719/2022,320
A/Catalonia/NSVH102165041/2023,A/Switzerland/28719/2022,640
A/Thuringen/10/2022,A/Stockholm/5/2021,160
A/Switzerland/28719/2022,A/Stockholm/5/2021,160
A/Stockholm/5/2021,A/Stockholm/5/2021,320
A/Darwin/9/2021,A/Stockholm/5/2021,320
A/Catalonia/NSVH161512067/2022,A/Stockholm/5/2021,160
A/Albania/289813/2022,A/Stockholm/5/2021,160
A/Brandenburg/15/2022,A/Stockholm/5/2021,320
A/Massachusetts/18/2022,A/Stockholm/5/2021,160
A/California/122/2022,A/Stockholm/5/2021,160
A/Thailand/08/2022,A/Stockholm/5/2021,320
A/Thailand (A/Thailand/08,A/Stockholm/5/2021,160
A/Catalonia/NSVH102155361/2023,A/Stockholm/5/2021,80
A/Catalonia/NSVH102156229/2023,A/Stockholm/5/2021,160
A/Catalonia/NSVH102156515/2023,A/Stockholm/5/2021,160
A/Catalonia/NSVH160871625/2023,A/Stockholm/5/2021,80
A/Catalonia/NSVH151040742/2023,A/Stockholm/5/2021,80
A/Catalonia/NSVH102158148/2023,A/Stockholm/5/2021,160
A/Catalonia/NSVH102161296/2023,A/Stockholm/5/2021,160
A/Catalonia/NSVH102165041/2023,A/Stockholm/5/2021,160
A/Thuringen/10/2022,A/Darwin/9/2021,80
A/Switzerland/28719/2022,A/Darwin/9/2021,80
A/Stockholm/5/2021,A/Darwin/9/2021,320
A/Darwin/9/2021,A/Darwin/9/2021,640
A/Catalonia/NSVH161512067/2022,A/Darwin/9/2021,320
A/Albania/289813/2022,A/Darwin/9/2021,320
A/Brandenburg/15/2022,A/Darwin/9/2021,1280
A/Massachusetts/18/2022,A/Darwin/9/2021,320
A/California/122/2022,A/Darwin/9/2021,320
A/Thailand/08/2022,A/Darwin/9/2021,320
A/Thailand (A/Thailand/08,A/Darwin/9/2021,320
A/Catalonia/NSVH102155361/2023,A/Darwin/9/2021,320
A/Catalonia/NSVH102156229/2023,A/Darwin/9/2021,320
A/Catalonia/NSVH102156515/2023,A/Darwin/9/2021,320
A/Catalonia/NSVH160871625/2023,A/Darwin/9/2021,160
A/Catalonia/NSVH151040742/2023,A/Darwin/9/2021,160
A/Catalonia/NSVH102158148/2023,A/Darwin/9/2021,320
A/Catalonia/NSVH102161296/2023,A/Darwin/9/2021,320
A/Catalonia/NSVH102165041/2023,A/Darwin/9/2021,320
A/Thuringen/10/2022,A/Catalonia/NSVH161512067/2022,40
A/Switzerland/28719/2022,A/Catalonia/NSVH161512067/2022,40
A/Stockholm/5/2021,A/Catalonia/NSVH161512067/2022,160
A/Darwin/9/2021,A/Catalonia/NSVH161512067/2022,160
A/Catalonia/NSVH161512067/2022,A/Catalonia/NSVH161512067/2022,640
A/Albania/289813/2022,A/Catalonia/NSVH161512067/2022,160
A/Brandenburg/15/2022,A/Catalonia/NSVH161512067/2022,320
A/Massachusetts/18/2022,A/Catalonia/NSVH161512067/2022,160
A/California/122/2022,A/Catalonia/NSVH161512067/2022,160
A/Thailand/08/2022,A/Catalonia/NSVH161512067/2022,160
A/Thailand (A/Thailand/08,A/Catalonia/NSVH161512067/2022,160
A/Catalonia/NSVH102155361/2023,A/Catalonia/NSVH161512067/2022,160
A/Catalonia/NSVH102156229/2023,A/Catalonia/NSVH161512067/2022,80
A/Catalonia/NSVH102156515/2023,A/Catalonia/NSVH161512067/2022,80
A/Catalonia/NSVH160871625/2023,A/Catalonia/NSVH161512067/2022,80
A/Catalonia/NSVH151040742/2023,A/Catalonia/NSVH161512067/2022,80
A/Catalonia/NSVH102158148/2023,A/Catalonia/NSVH161512067/2022,80
A/Catalonia/NSVH102161296/2023,A/Catalonia/NSVH161512067/2022,80
A/Catalonia/NSVH102165041/2023,A/Catalonia/NSVH161512067/2022,160
A/Thuringen/10/2022,A/Albania/289813/2022,80
A/Switzerland/28719/2022,A/Albania/289813/2022,80
A/Stockholm/5/2021,A/Albania/289813/2022,80
A/Darwin/9/2021,A/Albania/289813/2022,160
A/Catalonia/NSVH161512067/2022,A/Albania/289813/2022,160
A/Albania/289813/2022,A/Albania/289813/2022,1280
A/Brandenburg/15/2022,A/Albania/289813/2022,1280
A/Massachusetts/18/2022,A/Albania/289813/2022,1280
A/California/122/2022,A/Albania/289813/2022,640
A/Thailand/08/2022,A/Albania/289813/2022,640
A/Thailand (A/Thailand/08,A/Albania/289813/2022,640
A/Catalonia/NSVH102155361/2023,A/Albania/289813/2022,160
A/Catalonia/NSVH102156229/2023,A/Albania/289813/2022,320
A/Catalonia/NSVH102156515/2023,A/Albania/289813/2022,320
A/Catalonia/NSVH160871625/2023,A/Albania/289813/2022,320
A/Catalonia/NSVH151040742/2023,A/Albania/289813/2022,320
A/Catalonia/NSVH102158148/2023,A/Albania/289813/2022,640
A/Catalonia/NSVH102161296/2023,A/Albania/289813/2022,320
A/Catalonia/NSVH102165041/2023,A/Albania/289813/2022,1280
A/Thuringen/10/2022,A/Brandenburg/15/2022,40
A/Switzerland/28719/2022,A/Brandenburg/15/2022,<40
A/Stockholm/5/2021,A/Brandenburg/15/2022,80
A/Darwin/9/2021,A/Brandenburg/15/2022,160
A/Catalonia/NSVH161512067/2022,A/Brandenburg/15/2022,80
A/Albania/289813/2022,A/Brandenburg/15/2022,320
A/Brandenburg/15/2022,A/Brandenburg/15/2022,1280
A/Massachusetts/18/2022,A/Brandenburg/15/2022,640
A/California/122/2022,A/Brandenburg/15/2022,320
A/Thailand/08/2022,A/Brandenburg/15/2022,320
A/Thailand (A/Thailand/08,A/Brandenburg/15/2022,160
A/Catalonia/NSVH102155361/2023,A/Brandenburg/15/2022,80
A/Catalonia/NSVH102156229/2023,A/Brandenburg/15/2022,160
A/Catalonia/NSVH102156515/2023,A/Brandenburg/15/2022,160
A/Catalonia/NSVH160871625/2023,A/Brandenburg/15/2022,80
A/Catalonia/NSVH151040742/2023,A/Brandenburg/15/2022,320
A/Catalonia/NSVH102158148/2023,A/Brandenburg/15/2022,320
A/Catalonia/NSVH102161296/2023,A/Brandenburg/15/2022,160
A/Catalonia/NSVH102165041/2023,A/Brandenburg/15/2022,640
A/Thuringen/10/2022,A/Massachusetts/18/2022,80
A/Switzerland/28719/2022,A/Massachusetts/18/2022,80
A/Stockholm/5/2021,A/Massachusetts/18/2022,80
A/Darwin/9/2021,A/Massachusetts/18/2022,320
A/Catalonia/NSVH161512067/2022,A/Massachusetts/18/2022,160
A/Albania/289813/2022,A/Massachusetts/18/2022,640
A/Brandenburg/15/2022,A/Massachusetts/18/2022,1280
A/Massachusetts/18/2022,A/Massachusetts/18/2022,640
A/California/122/2022,A/Massachusetts/18/2022,320
A/Thailand/08/2022,A/Massachusetts/18/2022,320
A/Thailand (A/Thailand/08,A/Massachusetts/18/2022,320
A/Catalonia/NSVH102155361/2023,A/Massachusetts/18/2022,160
A/Catalonia/NSVH102156229/2023,A/Massachusetts/18/2022,320
A/Catalonia/NSVH102156515/2023,A/Massachusetts/18/2022,320
A/Catalonia/NSVH160871625/2023,A/Massachusetts/18/2022,160
A/Catalonia/NSVH151040742/2023,A/Massachusetts/18/2022,320
A/Catalonia/NSVH102158148/2023,A/Massachusetts/18/2022,640
A/Catalonia/NSVH102161296/2023,A/Massachusetts/18/2022,320
A/Catalonia/NSVH102165041/2023,A/Massachusetts/18/2022,640
A/Thuringen/10/2022,A/California/122/2022,160
A/Switzerland/28719/2022,A/California/122/2022,160
A/Stockholm/5/2021,A/California/122/2022,160
A/Darwin/9/2021,A/California/122/2022,640
A/Catalonia/NSVH161512067/2022,A/California/122/2022,160
A/Albania/289813/2022,A/California/122/2022,640
A/Brandenburg/15/2022,A/California/122/2022,1280
A/Massachusetts/18/2022,A/California/122/2022,640
A/California/122/2022,A/California/122/2022,640
A/Thailand/08/2022,A/California/122/2022,640
A/Thailand (A/Thailand/08,A/California/122/2022,640
A/Catalonia/NSVH102155361/2023,A/California/122/2022,640
A/Catalonia/NSVH102156229/2023,A/California/122/2022,640
A/Catalonia/NSVH102156515/2023,A/California/122/2022,640
A/Catalonia/NSVH160871625/2023,A/California/122/2022,320
A/Catalonia/NSVH151040742/2023,A/California/122/2022,640
A/Catalonia/NSVH102158148/2023,A/California/122/2022,640
A/Catalonia/NSVH102161296/2023,A/California/122/2022,320
A/Catalonia/NSVH102165041/2023,A/California/122/2022,640
A/Thuringen/10/2022,A/Thailand/08/2022,80
A/Switzerland/28719/2022,A/Thailand/08/2022,160
A/Stockholm/5/2021,A/Thailand/08/2022,320
A/Darwin/9/2021,A/Thailand/08/2022,640
A/Catalonia/NSVH161512067/2022,A/Thailand/08/2022,320
A/Albania/289813/2022,A/Thailand/08/2022,1280
A/Brandenburg/15/2022,A/Thailand/08/2022,2560
A/Massachusetts/18/2022,A/Thailand/08/2022,1280
A/California/122/2022,A/Thailand/08/2022,1280
A/Thailand/08/2022,A/Thailand/08/2022,1280
A/Thailand (A/Thailand/08,A/Thailand/08/2022,1280
A/Catalonia/NSVH102155361/2023,A/Thailand/08/2022,320
A/Catalonia/NSVH102156229/2023,A/Thailand/08/2022,640
A/Catalonia/NSVH102156515/2023,A/Thailand/08/2022,640
A/Catalonia/NSVH160871625/2023,A/Thailand/08/2022,320
A/Catalonia/NSVH151040742/2023,A/Thailand/08/2022,640
A/Catalonia/NSVH102158148/2023,A/Thailand/08/2022,1280
A/Catalonia/NSVH102161296/2023,A/Thailand/08/2022,640
A/Catalonia/NSVH102165041/2023,A/Thailand/08/2022,1280
A/Thuringen/10/2022,A/Thailand/08/2022,160
A/Switzerland/28719/2022,A/Thailand/08/2022,160
A/Stockholm/5/2021,A/Thailand/08/2022,160
A/Darwin/9/2021,A/Thailand/08/2022,640
A/Catalonia/NSVH161512067/2022,A/Thailand/08/2022,160
A/Albania/289813/2022,A/Thailand/08/2022,1280
A/Brandenburg/15/2022,A/Thailand/08/2022,2560
A/Massachusetts/18/2022,A/Thailand/08/2022,1280
A/California/122/2022,A/Thailand/08/2022,1280
A/Thailand/08/2022,A/Thailand/08/2022,1280
A/Thailand (A/Thailand/08,A/Thailand/08/2022,1280
A/Catalonia/NSVH102155361/2023,A/Thailand/08/2022,320
A/Catalonia/NSVH102156229/2023,A/Thailand/08/2022,640
A/Catalonia/NSVH102156515/2023,A/Thailand/08/2022,640
A/Catalonia/NSVH160871625/2023,A/Thailand/08/2022,320
A/Catalonia/NSVH151040742/2023,A/Thailand/08/2022,640
A/Catalonia/NSVH102158148/2023,A/Thailand/08/2022,1280
A/Catalonia/NSVH102161296/2023,A/Thailand/08/2022,640
A/Catalonia/NSVH102165041/2023,A/Thailand/08/2022,1280
A/Thuringen/10/2022,A/Thuringen/10/2022,320
A/Switzerland/28719/2022,A/Thuringen/10/2022,160
A/Stockholm/5/2021,A/Thuringen/10/2022,80
A/Darwin/9/2021,A/Thuringen/10/2022,160
A/Catalonia/NSVH161512067/2022,A/Thuringen/10/2022,80
A/Albania/289813/2022,A/Thuringen/10/2022,160
A/Brandenburg/15/2022,A/Thuringen/10/2022,640
A/Massachusetts/18/2022,A/Thuringen/10/2022,160
A/Thailand/08/2022,A/Thuringen/10/2022,80
A/Montana/08/2023,A/Thuringen/10/2022,160
A/Montana/08/2023,A/Thuringen/10/2022,320
A/Iran/23E11/2023,A/Thuringen/10/2022,40
A/Iran/11G11/2023,A/Thuringen/10/2022,160
A/Iran/20L11/2023,A/Thuringen/10/2022,80
A/Salalah/52328680/2023,A/Thuringen/10/2022,160
A/Iran/24N11/2023,A/Thuringen/10/2022,40
A/Sohar/52328337/2023,A/Thuringen/10/2022,80
A/Al Musanaah/7234645/2023,A/Thuringen/10/2022,160
A/As Suwaiq/7234643/2023,A/Thuringen/10/2022,160
A/Nizwa/7234595/2023,A/Thuringen/10/2022,80
A/Muscat/7234671/2023,A/Thuringen/10/2022,160
A/Iran/20A12/2023,A/Thuringen/10/2022,80
A/Thuringen/10/2022,A/Switzerland/28719/2022,640
A/Switzerland/28719/2022,A/Switzerland/28719/2022,1280
A/Stockholm/5/2021,A/Switzerland/28719/2022,320
A/Darwin/9/2021,A/Switzerland/28719/2022,640
A/Catalonia/NSVH161512067/2022,A/Switzerland/28719/2022,320
A/Albania/289813/2022,A/Switzerland/28719/2022,320
A/Brandenburg/15/2022,A/Switzerland/28719/2022,1280
A/Massachusetts/18/2022,A/Switzerland/28719/2022,640
A/Thailand/08/2022,A/Switzerland/28719/2022,640
A/Montana/08/2023,A/Switzerland/28719/2022,1280
A/Montana/08/2023,A/Switzerland/28719/2022,2560
A/Iran/23E11/2023,A/Switzerland/28719/2022,80
A/Iran/11G11/2023,A/Switzerland/28719/2022,320
A/Iran/20L11/2023,A/Switzerland/28719/2022,320
A/Salalah/52328680/2023,A/Switzerland/28719/2022,640
A/Iran/24N11/2023,A/Switzerland/28719/2022,160
A/Sohar/52328337/2023,A/Switzerland/28719/2022,320
A/Al Musanaah/7234645/2023,A/Switzerland/28719/2022,320
A/As Suwaiq/7234643/2023,A/Switzerland/28719/2022,640
A/Nizwa/7234595/2023,A/Switzerland/28719/2022,320
A/Muscat/7234671/2023,A/Switzerland/28719/2022,320
A/Iran/20A12/2023,A/Switzerland/28719/2022,320
A/Thuringen/10/2022,A/Stockholm/5/2021,320
A/Switzerland/28719/2022,A/Stockholm/5/2021,320
A/Stockholm/5/2021,A/Stockholm/5/2021,320
A/Darwin/9/2021,A/Stockholm/5/2021,640
A/Catalonia/NSVH161512067/2022,A/Stockholm/5/2021,320
A/Albania/289813/2022,A/Stockholm/5/2021,160
A/Brandenburg/15/2022,A/Stockholm/5/2021,1280
A/Massachusetts/18/2022,A/Stockholm/5/2021,320
A/Thailand/08/2022,A/Stockholm/5/2021,320
A/Montana/08/2023,A/Stockholm/5/2021,320
A/Montana/08/2023,A/Stockholm/5/2021,640
A/Iran/23E11/2023,A/Stockholm/5/2021,80
A/Iran/11G11/2023,A/Stockholm/5/2021,160
A/Iran/20L11/2023,A/Stockholm/5/2021,160
A/Salalah/52328680/2023,A/Stockholm/5/2021,320
A/Iran/24N11/2023,A/Stockholm/5/2021,80
A/Sohar/52328337/2023,A/Stockholm/5/2021,320
A/Al Musanaah/7234645/2023,A/Stockholm/5/2021,320
A/As Suwaiq/7234643/2023,A/Stockholm/5/2021,320
A/Nizwa/7234595/2023,A/Stockholm/5/2021,160
A/Muscat/7234671/2023,A/Stockholm/5/2021,160
A/Iran/20A12/2023,A/Stockholm/5/2021,160
A/Thuringen/10/2022,A/Darwin/9/2021,320
A/Switzerland/28719/2022,A/Darwin/9/2021,160
A/Stockholm/5/2021,A/Darwin/9/2021,640
A/Darwin/9/2021,A/Darwin/9/2021,640
A/Catalonia/NSVH161512067/2022,A/Darwin/9/2021,640
A/Albania/289813/2022,A/Darwin/9/2021,320
A/Brandenburg/15/2022,A/Darwin/9/2021,2560
A/Massachusetts/18/2022,A/Darwin/9/2021,640
A/Thailand/08/2022,A/Darwin/9/2021,640
A/Montana/08/2023,A/Darwin/9/2021,160
A/Montana/08/2023,A/Darwin/9/2021,1280
A/Iran/23E11/2023,A/Darwin/9/2021,160
A/Iran/11G11/2023,A/Darwin/9/2021,320
A/Iran/20L11/2023,A/Darwin/9/2021,320
A/Salalah/52328680/2023,A/Darwin/9/2021,640
A/Iran/24N11/2023,A/Darwin/9/2021,320
A/Sohar/52328337/2023,A/Darwin/9/2021,640
A/Al Musanaah/7234645/2023,A/Darwin/9/2021,320
A/As Suwaiq/7234643/2023,A/Darwin/9/2021,640
A/Nizwa/7234595/2023,A/Darwin/9/2021,320
A/Muscat/7234671/2023,A/Darwin/9/2021,640
A/Iran/20A12/2023,A/Darwin/9/2021,320
A/Thuringen/10/2022,A/Catalonia/NSVH161512067/2022,40
A/Switzerland/28719/2022,A/Catalonia/NSVH161512067/2022,40
A/Stockholm/5/2021,A/Catalonia/NSVH161512067/2022,80
A/Darwin/9/2021,A/Catalonia/NSVH161512067/2022,160
A/Catalonia/NSVH161512067/2022,A/Catalonia/NSVH161512067/2022,640
A/Albania/289813/2022,A/Catalonia/NSVH161512067/2022,160
A/Brandenburg/15/2022,A/Catalonia/NSVH161512067/2022,640
A/Massachusetts/18/2022,A/Catalonia/NSVH161512067/2022,160
A/Thailand/08/2022,A/Catalonia/NSVH161512067/2022,160
A/Montana/08/2023,A/Catalonia/NSVH161512067/2022,<40
A/Montana/08/2023,A/Catalonia/NSVH161512067/2022,80
A/Iran/23E11/2023,A/Catalonia/NSVH161512067/2022,<40
A/Iran/11G11/2023,A/Catalonia/NSVH161512067/2022,80
A/Iran/20L11/2023,A/Catalonia/NSVH161512067/2022,40
A/Salalah/52328680/2023,A/Catalonia/NSVH161512067/2022,160
A/Iran/24N11/2023,A/Catalonia/NSVH161512067/2022,<40
A/Sohar/52328337/2023,A/Catalonia/NSVH161512067/2022,80
A/Al Musanaah/7234645/2023,A/Catalonia/NSVH161512067/2022,80
A/As Suwaiq/7234643/2023,A/Catalonia/NSVH161512067/2022,80
A/Nizwa/7234595/2023,A/Catalonia/NSVH161512067/2022,80
A/Muscat/7234671/2023,A/Catalonia/NSVH161512067/2022,<40
A/Iran/20A12/2023,A/Catalonia/NSVH161512067/2022,80
A/Thuringen/10/2022,A/Albania/289813/2022,80
A/Switzerland/28719/2022,A/Albania/289813/2022,80
A/Stockholm/5/2021,A/Albania/289813/2022,80
A/Darwin/9/2021,A/Albania/289813/2022,160
A/Catalonia/NSVH161512067/2022,A/Albania/289813/2022,320
A/Albania/289813/2022,A/Albania/289813/2022,1280
A/Brandenburg/15/2022,A/Albania/289813/2022,1280
A/Massachusetts/18/2022,A/Albania/289813/2022,1280
A/Thailand/08/2022,A/Albania/289813/2022,640
A/Montana/08/2023,A/Albania/289813/2022,80
A/Montana/08/2023,A/Albania/289813/2022,1280
A/Iran/23E11/2023,A/Albania/289813/2022,80
A/Iran/11G11/2023,A/Albania/289813/2022,320
A/Iran/20L11/2023,A/Albania/289813/2022,320
A/Salalah/52328680/2023,A/Albania/289813/2022,640
A/Iran/24N11/2023,A/Albania/289813/2022,160
A/Sohar/52328337/2023,A/Albania/289813/2022,320
A/Al Musanaah/7234645/2023,A/Albania/289813/2022,640
A/As Suwaiq/7234643/2023,A/Albania/289813/2022,640
A/Nizwa/7234595/2023,A/Albania/289813/2022,320
A/Muscat/7234671/2023,A/Albania/289813/2022,80
A/Iran/20A12/2023,A/Albania/289813/2022,320
A/Thuringen/10/2022,A/Brandenburg/15/2022,80
A/Switzerland/28719/2022,A/Brandenburg/15/2022,<40
A/Stockholm/5/2021,A/Brandenburg/15/2022,40
A/Darwin/9/2021,A/Brandenburg/15/2022,160
A/Catalonia/NSVH161512067/2022,A/Brandenburg/15/2022,80
A/Albania/289813/2022,A/Brandenburg/15/2022,320
A/Brandenburg/15/2022,A/Brandenburg/15/2022,2560
A/Massachusetts/18/2022,A/Brandenburg/15/2022,640
A/Thailand/08/2022,A/Brandenburg/15/2022,160
A/Montana/08/2023,A/Brandenburg/15/2022,<40
A/Montana/08/2023,A/Brandenburg/15/2022,160
A/Iran/23E11/2023,A/Brandenburg/15/2022,<40
A/Iran/11G11/2023,A/Brandenburg/15/2022,80
A/Iran/20L11/2023,A/Brandenburg/15/2022,80
A/Salalah/52328680/2023,A/Brandenburg/15/2022,160
A/Iran/24N11/2023,A/Brandenburg/15/2022,40
A/Sohar/52328337/2023,A/Brandenburg/15/2022,80
A/Al Musanaah/7234645/2023,A/Brandenburg/15/2022,80
A/As Suwaiq/7234643/2023,A/Brandenburg/15/2022,160
A/Nizwa/7234595/2023,A/Brandenburg/15/2022,80
A/Muscat/7234671/2023,A/Brandenburg/15/2022,80
A/Iran/20A12/2023,A/Brandenburg/15/2022,40
A/Thuringen/10/2022,A/Massachusetts/18/2022,160
A/Switzerland/28719/2022,A/Massachusetts/18/2022,80
A/Stockholm/5/2021,A/Massachusetts/18/2022,80
A/Darwin/9/2021,A/Massachusetts/18/2022,160
A/Catalonia/NSVH161512067/2022,A/Massachusetts/18/2022,160
A/Albania/289813/2022,A/Massachusetts/18/2022,640
A/Brandenburg/15/2022,A/Massachusetts/18/2022,1280
A/Massachusetts/18/2022,A/Massachusetts/18/2022,1280
A/Thailand/08/2022,A/Massachusetts/18/2022,320
A/Montana/08/2023,A/Massachusetts/18/2022,160
A/Montana/08/2023,A/Massachusetts/18/2022,640
A/Iran/23E11/2023,A/Massachusetts/18/2022,40
A/Iran/11G11/2023,A/Massachusetts/18/2022,320
A/Iran/20L11/2023,A/Massachusetts/18/2022,160
A/Salalah/52328680/2023,A/Massachusetts/18/2022,320
A/Iran/24N11/2023,A/Massachusetts/18/2022,80
A/Sohar/52328337/2023,A/Massachusetts/18/2022,160
A/Al Musanaah/7234645/2023,A/Massachusetts/18/2022,320
A/As Suwaiq/7234643/2023,A/Massachusetts/18/2022,320
A/Nizwa/7234595/2023,A/Massachusetts/18/2022,160
A/Muscat/7234671/2023,A/Massachusetts/18/2022,80
A/Iran/20A12/2023,A/Massachusetts/18/2022,160
A/Thuringen/10/2022,A/Thailand/08/2022,160
A/Switzerland/28719/2022,A/Thailand/08/2022,160
A/Stockholm/5/2021,A/Thailand/08/2022,320
A/Darwin/9/2021,A/Thailand/08/2022,320
A/Catalonia/NSVH161512067/2022,A/Thailand/08/2022,320
A/Albania/289813/2022,A/Thailand/08/2022,1280
A/Brandenburg/15/2022,A/Thailand/08/2022,2560
A/Massachusetts/18/2022,A/Thailand/08/2022,2560
A/Thailand/08/2022,A/Thailand/08/2022,1280
A/Montana/08/2023,A/Thailand/08/2022,160
A/Montana/08/2023,A/Thailand/08/2022,1280
A/Iran/23E11/2023,A/Thailand/08/2022,160
A/Iran/11G11/2023,A/Thailand/08/2022,640
A/Iran/20L11/2023,A/Thailand/08/2022,320
A/Salalah/52328680/2023,A/Thailand/08/2022,640
A/Iran/24N11/2023,A/Thailand/08/2022,320
A/Sohar/52328337/2023,A/Thailand/08/2022,640
A/Al Musanaah/7234645/2023,A/Thailand/08/2022,640
A/As Suwaiq/7234643/2023,A/Thailand/08/2022,640
A/Nizwa/7234595/2023,A/Thailand/08/2022,320
A/Muscat/7234671/2023,A/Thailand/08/2022,320
A/Iran/20A12/2023,A/Thailand/08/2022,320
A/Thuringen/10/2022,A/Massachusetts/18/2022,320
A/Switzerland/28719/2022,A/Massachusetts/18/2022,160
A/Stockholm/5/2021,A/Massachusetts/18/2022,160
A/Darwin/9/2021,A/Massachusetts/18/2022,640
A/Catalonia/NSVH161512067/2022,A/Massachusetts/18/2022,320
A/Albania/289813/2022,A/Massachusetts/18/2022,1280
A/Brandenburg/15/2022,A/Massachusetts/18/2022,2560
A/Massachusetts/18/2022,A/Massachusetts/18/2022,1280
A/Thailand/08/2022,A/Massachusetts/18/2022,640
A/Montana/08/2023,A/Massachusetts/18/2022,160
A/Montana/08/2023,A/Massachusetts/18/2022,1280
A/Iran/23E11/2023,A/Massachusetts/18/2022,160
A/Iran/11G11/2023,A/Massachusetts/18/2022,320
A/Iran/20L11/2023,A/Massachusetts/18/2022,320
A/Salalah/52328680/2023,A/Massachusetts/18/2022,640
A/Iran/24N11/2023,A/Massachusetts/18/2022,320
A/Sohar/52328337/2023,A/Massachusetts/18/2022,640
A/Al Musanaah/7234645/2023,A/Massachusetts/18/2022,640
A/As Suwaiq/7234643/2023,A/Massachusetts/18/2022,640
A/Nizwa/7234595/2023,A/Massachusetts/18/2022,320
A/Muscat/7234671/2023,A/Massachusetts/18/2022,320
A/Iran/20A12/2023,A/Massachusetts/18/2022,320
A/Thuringen/10/2022,A/Thailand/08/2022,160
A/Switzerland/28719/2022,A/Thailand/08/2022,80
A/Stockholm/5/2021,A/Thailand/08/2022,80
A/Darwin/9/2021,A/Thailand/08/2022,320
A/Catalonia/NSVH161512067/2022,A/Thailand/08/2022,160
A/Albania/289813/2022,A/Thailand/08/2022,640
A/Brandenburg/15/2022,A/Thailand/08/2022,2560
A/Massachusetts/18/2022,A/Thailand/08/2022,1280
A/Thailand/08/2022,A/Thailand/08/2022,640
A/Montana/08/2023,A/Thailand/08/2022,160
A/Montana/08/2023,A/Thailand/08/2022,640
A/Iran/23E11/2023,A/Thailand/08/2022,80
A/Iran/11G11/2023,A/Thailand/08/2022,320
A/Iran/20L11/2023,A/Thailand/08/2022,160
A/Salalah/52328680/2023,A/Thailand/08/2022,320
A/Iran/24N11/2023,A/Thailand/08/2022,160
A/Sohar/52328337/2023,A/Thailand/08/2022,320
A/Al Musanaah/7234645/2023,A/Thailand/08/2022,320
A/As Suwaiq/7234643/2023,A/Thailand/08/2022,320
A/Nizwa/7234595/2023,A/Thailand/08/2022,160
A/Muscat/7234671/2023,A/Thailand/08/2022,160
A/Iran/20A12/2023,A/Thailand/08/2022,160
A/Thuringen/10/2022,A/Montana/08/2023,320
A/Switzerland/28719/2022,A/Montana/08/2023,320
A/Stockholm/5/2021,A/Montana/08/2023,80
A/Darwin/9/2021,A/Montana/08/2023,160
A/Catalonia/NSVH161512067/2022,A/Montana/08/2023,80
A/Albania/289813/2022,A/Montana/08/2023,160
A/Brandenburg/15/2022,A/Montana/08/2023,1280
A/Massachusetts/18/2022,A/Montana/08/2023,320
A/Thailand/08/2022,A/Montana/08/2023,160
A/Montana/08/2023,A/Montana/08/2023,640
A/Montana/08/2023,A/Montana/08/2023,640
A/Iran/23E11/2023,A/Montana/08/2023,<40
A/Iran/11G11/2023,A/Montana/08/2023,80
A/Iran/20L11/2023,A/Montana/08/2023,80
A/Salalah/52328680/2023,A/Montana/08/2023,160
A/Iran/24N11/2023,A/Montana/08/2023,40
A/Sohar/52328337/2023,A/Montana/08/2023,80
A/Al Musanaah/7234645/2023,A/Montana/08/2023,80
A/As Suwaiq/7234643/2023,A/Montana/08/2023,160
A/Nizwa/7234595/2023,A/Montana/08/2023,80
A/Muscat/7234671/2023,A/Montana/08/2023,160
A/Iran/20A12/2023,A/Montana/08/2023,80
A/Thuringen/10/2022,A/Montana/08/2023,160
A/Switzerland/28719/2022,A/Montana/08/2023,320
A/Stockholm/5/2021,A/Montana/08/2023,40
A/Darwin/9/2021,A/Montana/08/2023,80
A/Catalonia/NSVH161512067/2022,A/Montana/08/2023,80
A/Albania/289813/2022,A/Montana/08/2023,80
A/Brandenburg/15/2022,A/Montana/08/2023,320
A/Massachusetts/18/2022,A/Montana/08/2023,160
A/Thailand/08/2022,A/Montana/08/2023,160
A/Montana/08/2023,A/Montana/08/2023,320
A/Montana/08/2023,A/Montana/08/2023,640
A/Iran/23E11/2023,A/Montana/08/2023,<40
A/Iran/11G11/2023,A/Montana/08/2023,40
A/Iran/20L11/2023,A/Montana/08/2023,40
A/Salalah/52328680/2023,A/Montana/08/2023,80
A/Iran/24N11/2023,A/Montana/08/2023,<40
A/Sohar/52328337/2023,A/Montana/08/2023,40
A/Al Musanaah/7234645/2023,A/Montana/08/2023,80
A/As Suwaiq/7234643/2023,A/Montana/08/2023,80
A/Nizwa/7234595/2023,A/Montana/08/2023,80
A/Muscat/7234671/2023,A/Montana/08/2023,80
A/Iran/20A12/2023,A/Montana/08/2023,40
A/Thuringen/10/2022,A/Thuringen/10/2022,320
A/Switzerland/28719/2022,A/Thuringen/10/2022,160
A/Stockholm/5/2021,A/Thuringen/10/2022,160
A/Darwin/9/2021,A/Thuringen/10/2022,320
A/Catalonia/NSVH161512067/2022,A/Thuringen/10/2022,160
A/Albania/289813/2022,A/Thuringen/10/2022,320
A/Brandenburg/15/2022,A/Thuringen/10/2022,1280
A/Massachusetts/18/2022,A/Thuringen/10/2022,320
A/Thailand/08/2022,A/Thuringen/10/2022,160
A/Qatar/25-VI-23-0107245/2023,A/Thuringen/10/2022,80
A/Qatar/10-VI-23-0107179/2023,A/Thuringen/10/2022,80
A/Qatar/10-VI-23-0107015/2023,A/Thuringen/10/2022,160
A/Qatar/23-VI-23-0106322/2023,A/Thuringen/10/2022,80
A/Qatar/10-VI-23-0106239/2023,A/Thuringen/10/2022,40
A/Qatar/16-VI-23-0105945/2023,A/Thuringen/10/2022,160
A/Qatar/10-VI-23-0105504/2023,A/Thuringen/10/2022,80
A/Qatar/10-VI-23-0103751/2023,A/Thuringen/10/2022,80
A/Thuringen/10/2022,A/Switzerland/28719/2022,640
A/Switzerland/28719/2022,A/Switzerland/28719/2022,1280
A/Stockholm/5/2021,A/Switzerland/28719/2022,640
A/Darwin/9/2021,A/Switzerland/28719/2022,640
A/Catalonia/NSVH161512067/2022,A/Switzerland/28719/2022,320
A/Albania/289813/2022,A/Switzerland/28719/2022,640
A/Brandenburg/15/2022,A/Switzerland/28719/2022,2560
A/Massachusetts/18/2022,A/Switzerland/28719/2022,1280
A/Thailand/08/2022,A/Switzerland/28719/2022,640
A/Qatar/25-VI-23-0107245/2023,A/Switzerland/28719/2022,160
A/Qatar/10-VI-23-0107179/2023,A/Switzerland/28719/2022,320
A/Qatar/10-VI-23-0107015/2023,A/Switzerland/28719/2022,320
A/Qatar/23-VI-23-0106322/2023,A/Switzerland/28719/2022,160
A/Qatar/10-VI-23-0106239/2023,A/Switzerland/28719/2022,320
A/Qatar/16-VI-23-0105945/2023,A/Switzerland/28719/2022,320
A/Qatar/10-VI-23-0105504/2023,A/Switzerland/28719/2022,320
A/Qatar/10-VI-23-0103751/2023,A/Switzerland/28719/2022,320
A/Thuringen/10/2022,A/Stockholm/5/2021,320
A/Switzerland/28719/2022,A/Stockholm/5/2021,320
A/Stockholm/5/2021,A/Stockholm/5/2021,640
A/Darwin/9/2021,A/Stockholm/5/2021,640
A/Catalonia/NSVH161512067/2022,A/Stockholm/5/2021,320
A/Albania/289813/2022,A/Stockholm/5/2021,320
A/Brandenburg/15/2022,A/Stockholm/5/2021,2560
A/Massachusetts/18/2022,A/Stockholm/5/2021,320
A/Thailand/08/2022,A/Stockholm/5/2021,320
A/Qatar/25-VI-23-0107245/2023,A/Stockholm/5/2021,80
A/Qatar/10-VI-23-0107179/2023,A/Stockholm/5/2021,160
A/Qatar/10-VI-23-0107015/2023,A/Stockholm/5/2021,160
A/Qatar/23-VI-23-0106322/2023,A/Stockholm/5/2021,160
A/Qatar/10-VI-23-0106239/2023,A/Stockholm/5/2021,160
A/Qatar/16-VI-23-0105945/2023,A/Stockholm/5/2021,160
A/Qatar/10-VI-23-0105504/2023,A/Stockholm/5/2021,160
A/Qatar/10-VI-23-0103751/2023,A/Stockholm/5/2021,80
A/Thuringen/10/2022,A/Darwin/9/2021,640
A/Switzerland/28719/2022,A/Darwin/9/2021,160
A/Stockholm/5/2021,A/Darwin/9/2021,640
A/Darwin/9/2021,A/Darwin/9/2021,640
A/Catalonia/NSVH161512067/2022,A/Darwin/9/2021,640
A/Albania/289813/2022,A/Darwin/9/2021,640
A/Brandenburg/15/2022,A/Darwin/9/2021,2560
A/Massachusetts/18/2022,A/Darwin/9/2021,1280
A/Thailand/08/2022,A/Darwin/9/2021,640
A/Qatar/25-VI-23-0107245/2023,A/Darwin/9/2021,320
A/Qatar/10-VI-23-0107179/2023,A/Darwin/9/2021,320
A/Qatar/10-VI-23-0107015/2023,A/Darwin/9/2021,640
A/Qatar/23-VI-23-0106322/2023,A/Darwin/9/2021,320
A/Qatar/10-VI-23-0106239/2023,A/Darwin/9/2021,320
A/Qatar/16-VI-23-0105945/2023,A/Darwin/9/2021,640
A/Qatar/10-VI-23-0105504/2023,A/Darwin/9/2021,640
A/Qatar/10-VI-23-0103751/2023,A/Darwin/9/2021,160
A/Thuringen/10/2022,A/Catalonia/NSVH161512067/2022,40
A/Switzerland/28719/2022,A/Catalonia/NSVH161512067/2022,<40
A/Stockholm/5/2021,A/Catalonia/NSVH161512067/2022,160
A/Darwin/9/2021,A/Catalonia/NSVH161512067/2022,320
A/Catalonia/NSVH161512067/2022,A/Catalonia/NSVH161512067/2022,1280
A/Albania/289813/2022,A/Catalonia/NSVH161512067/2022,320
A/Brandenburg/15/2022,A/Catalonia/NSVH161512067/2022,640
A/Massachusetts/18/2022,A/Catalonia/NSVH161512067/2022,320
A/Thailand/08/2022,A/Catalonia/NSVH161512067/2022,160
A/Qatar/25-VI-23-0107245/2023,A/Catalonia/NSVH161512067/2022,80
A/Qatar/10-VI-23-0107179/2023,A/Catalonia/NSVH161512067/2022,160
A/Qatar/10-VI-23-0107015/2023,A/Catalonia/NSVH161512067/2022,<40
A/Qatar/23-VI-23-0106322/2023,A/Catalonia/NSVH161512067/2022,40
A/Qatar/10-VI-23-0106239/2023,A/Catalonia/NSVH161512067/2022,80
A/Qatar/16-VI-23-0105945/2023,A/Catalonia/NSVH161512067/2022,80
A/Qatar/10-VI-23-0105504/2023,A/Catalonia/NSVH161512067/2022,160
A/Qatar/10-VI-23-0103751/2023,A/Catalonia/NSVH161512067/2022,40
A/Thuringen/10/2022,A/Albania/289813/2022,160
A/Switzerland/28719/2022,A/Albania/289813/2022,160
A/Stockholm/5/2021,A/Albania/289813/2022,320
A/Darwin/9/2021,A/Albania/289813/2022,320
A/Catalonia/NSVH161512067/2022,A/Albania/289813/2022,640
A/Albania/289813/2022,A/Albania/289813/2022,2560
A/Brandenburg/15/2022,A/Albania/289813/2022,2560
A/Massachusetts/18/2022,A/Albania/289813/2022,2560
A/Thailand/08/2022,A/Albania/289813/2022,640
A/Qatar/25-VI-23-0107245/2023,A/Albania/289813/2022,640
A/Qatar/10-VI-23-0107179/2023,A/Albania/289813/2022,1280
A/Qatar/10-VI-23-0107015/2023,A/Albania/289813/2022,640
A/Qatar/23-VI-23-0106322/2023,A/Albania/289813/2022,160
A/Qatar/10-VI-23-0106239/2023,A/Albania/289813/2022,640
A/Qatar/16-VI-23-0105945/2023,A/Albania/289813/2022,640
A/Qatar/10-VI-23-0105504/2023,A/Albania/289813/2022,1280
A/Qatar/10-VI-23-0103751/2023,A/Albania/289813/2022,80
A/Thuringen/10/2022,A/Brandenburg/15/2022,80
A/Switzerland/28719/2022,A/Brandenburg/15/2022,40
A/Stockholm/5/2021,A/Brandenburg/15/2022,80
A/Darwin/9/2021,A/Brandenburg/15/2022,320
A/Catalonia/NSVH161512067/2022,A/Brandenburg/15/2022,160
A/Albania/289813/2022,A/Brandenburg/15/2022,640
A/Brandenburg/15/2022,A/Brandenburg/15/2022,2560
A/Massachusetts/18/2022,A/Brandenburg/15/2022,1280
A/Thailand/08/2022,A/Brandenburg/15/2022,160
A/Qatar/25-VI-23-0107245/2023,A/Brandenburg/15/2022,320
A/Qatar/10-VI-23-0107179/2023,A/Brandenburg/15/2022,640
A/Qatar/10-VI-23-0107015/2023,A/Brandenburg/15/2022,160
A/Qatar/23-VI-23-0106322/2023,A/Brandenburg/15/2022,40
A/Qatar/10-VI-23-0106239/2023,A/Brandenburg/15/2022,320
A/Qatar/16-VI-23-0105945/2023,A/Brandenburg/15/2022,80
A/Qatar/10-VI-23-0105504/2023,A/Brandenburg/15/2022,640
A/Qatar/10-VI-23-0103751/2023,A/Brandenburg/15/2022,40
A/Thuringen/10/2022,A/Massachusetts/18/2022,320
A/Switzerland/28719/2022,A/Massachusetts/18/2022,160
A/Stockholm/5/2021,A/Massachusetts/18/2022,80
A/Darwin/9/2021,A/Massachusetts/18/2022,320
A/Catalonia/NSVH161512067/2022,A/Massachusetts/18/2022,160
A/Albania/289813/2022,A/Massachusetts/18/2022,1280
A/Brandenburg/15/2022,A/Massachusetts/18/2022,2560
A/Massachusetts/18/2022,A/Massachusetts/18/2022,2560
A/Thailand/08/2022,A/Massachusetts/18/2022,320
A/Qatar/25-VI-23-0107245/2023,A/Massachusetts/18/2022,640
A/Qatar/10-VI-23-0107179/2023,A/Massachusetts/18/2022,640
A/Qatar/10-VI-23-0107015/2023,A/Massachusetts/18/2022,320
A/Qatar/23-VI-23-0106322/2023,A/Massachusetts/18/2022,80
A/Qatar/10-VI-23-0106239/2023,A/Massachusetts/18/2022,640
A/Qatar/16-VI-23-0105945/2023,A/Massachusetts/18/2022,320
A/Qatar/10-VI-23-0105504/2023,A/Massachusetts/18/2022,640
A/Qatar/10-VI-23-0103751/2023,A/Massachusetts/18/2022,80
A/Thuringen/10/2022,A/Thailand/08/2022,160
A/Switzerland/28719/2022,A/Thailand/08/2022,160
A/Stockholm/5/2021,A/Thailand/08/2022,640
A/Darwin/9/2021,A/Thailand/08/2022,640
A/Catalonia/NSVH161512067/2022,A/Thailand/08/2022,640
A/Albania/289813/2022,A/Thailand/08/2022,2560
A/Brandenburg/15/2022,A/Thailand/08/2022,2560
A/Massachusetts/18/2022,A/Thailand/08/2022,2560
A/Thailand/08/2022,A/Thailand/08/2022,1280
A/Qatar/25-VI-23-0107245/2023,A/Thailand/08/2022,1280
A/Qatar/10-VI-23-0107179/2023,A/Thailand/08/2022,2560
A/Qatar/10-VI-23-0107015/2023,A/Thailand/08/2022,640
A/Qatar/23-VI-23-0106322/2023,A/Thailand/08/2022,320
A/Qatar/10-VI-23-0106239/2023,A/Thailand/08/2022,1280
A/Qatar/16-VI-23-0105945/2023,A/Thailand/08/2022,640
A/Qatar/10-VI-23-0105504/2023,A/Thailand/08/2022,2560
A/Qatar/10-VI-23-0103751/2023,A/Thailand/08/2022,320
A/Thuringen/10/2022,A/Thuringen/10/2022,320
A/Switzerland/28719/2022,A/Thuringen/10/2022,80
A/Stockholm/5/2021,A/Thuringen/10/2022,80
A/Darwin/9/2021,A/Thuringen/10/2022,160
A/Catalonia/NSVH161512067/2022,A/Thuringen/10/2022,80
A/Albania/289813/2022,A/Thuringen/10/2022,160
A/Brandenburg/15/2022,A/Thuringen/10/2022,320
A/Massachusetts/18/2022,A/Thuringen/10/2022,160
A/Thailand/08/2022,A/Thuringen/10/2022,160
A/Bayern/10/2023,A/Thuringen/10/2022,80
A/Brandenburg/3/2023,A/Thuringen/10/2022,40
A/Hessen/20/2023,A/Thuringen/10/2022,80
A/Norway/11304/2023,A/Thuringen/10/2022,40
A/Bayern/11/2023,A/Thuringen/10/2022,40
A/Berlin/27/2023,A/Thuringen/10/2022,80
A/Norway/11360/2023,A/Thuringen/10/2022,80
A/Berlin/28/2023,A/Thuringen/10/2022,40
A/Berlin/32/2023,A/Thuringen/10/2022,40
A/Norway/10423/2023,A/Thuringen/10/2022,40
A/Norway/11288/2023,A/Thuringen/10/2022,40
A/Berlin/37/2023,A/Thuringen/10/2022,40
A/Thuringen/10/2022,A/Switzerland/28719/2022,1280
A/Switzerland/28719/2022,A/Switzerland/28719/2022,1280
A/Stockholm/5/2021,A/Switzerland/28719/2022,320
A/Darwin/9/2021,A/Switzerland/28719/2022,640
A/Catalonia/NSVH161512067/2022,A/Switzerland/28719/2022,320
A/Albania/289813/2022,A/Switzerland/28719/2022,320
A/Brandenburg/15/2022,A/Switzerland/28719/2022,1280
A/Massachusetts/18/2022,A/Switzerland/28719/2022,640
A/Thailand/08/2022,A/Switzerland/28719/2022,320
A/Bayern/10/2023,A/Switzerland/28719/2022,320
A/Brandenburg/3/2023,A/Switzerland/28719/2022,160
A/Hessen/20/2023,A/Switzerland/28719/2022,160
A/Norway/11304/2023,A/Switzerland/28719/2022,160
A/Bayern/11/2023,A/Switzerland/28719/2022,160
A/Berlin/27/2023,A/Switzerland/28719/2022,160
A/Norway/11360/2023,A/Switzerland/28719/2022,160
A/Berlin/28/2023,A/Switzerland/28719/2022,160
A/Berlin/32/2023,A/Switzerland/28719/2022,160
A/Norway/10423/2023,A/Switzerland/28719/2022,160
A/Norway/11288/2023,A/Switzerland/28719/2022,160
A/Berlin/37/2023,A/Switzerland/28719/2022,160
A/Thuringen/10/2022,A/Stockholm/5/2021,320
A/Switzerland/28719/2022,A/Stockholm/5/2021,320
A/Stockholm/5/2021,A/Stockholm/5/2021,640
A/Darwin/9/2021,A/Stockholm/5/2021,640
A/Catalonia/NSVH161512067/2022,A/Stockholm/5/2021,160
A/Albania/289813/2022,A/Stockholm/5/2021,320
A/Brandenburg/15/2022,A/Stockholm/5/2021,1280
A/Massachusetts/18/2022,A/Stockholm/5/2021,320
A/Thailand/08/2022,A/Stockholm/5/2021,320
A/Bayern/10/2023,A/Stockholm/5/2021,160
A/Brandenburg/3/2023,A/Stockholm/5/2021,40
A/Hessen/20/2023,A/Stockholm/5/2021,80
A/Norway/11304/2023,A/Stockholm/5/2021,80
A/Bayern/11/2023,A/Stockholm/5/2021,80
A/Berlin/27/2023,A/Stockholm/5/2021,80
A/Norway/11360/2023,A/Stockholm/5/2021,80
A/Berlin/28/2023,A/Stockholm/5/2021,80
A/Berlin/32/2023,A/Stockholm/5/2021,160
A/Norway/10423/2023,A/Stockholm/5/2021,80
A/Norway/11288/2023,A/Stockholm/5/2021,80
A/Berlin/37/2023,A/Stockholm/5/2021,80
A/Thuringen/10/2022,A/Darwin/9/2021,320
A/Switzerland/28719/2022,A/Darwin/9/2021,160
A/Stockholm/5/2021,A/Darwin/9/2021,640
A/Darwin/9/2021,A/Darwin/9/2021,640
A/Catalonia/NSVH161512067/2022,A/Darwin/9/2021,320
A/Albania/289813/2022,A/Darwin/9/2021,320
A/Brandenburg/15/2022,A/Darwin/9/2021,1280
A/Massachusetts/18/2022,A/Darwin/9/2021,640
A/Thailand/08/2022,A/Darwin/9/2021,640
A/Bayern/10/2023,A/Darwin/9/2021,320
A/Brandenburg/3/2023,A/Darwin/9/2021,80
A/Hessen/20/2023,A/Darwin/9/2021,160
A/Norway/11304/2023,A/Darwin/9/2021,320
A/Bayern/11/2023,A/Darwin/9/2021,160
A/Berlin/27/2023,A/Darwin/9/2021,160
A/Norway/11360/2023,A/Darwin/9/2021,320
A/Berlin/28/2023,A/Darwin/9/2021,160
A/Berlin/32/2023,A/Darwin/9/2021,160
A/Norway/10423/2023,A/Darwin/9/2021,160
A/Norway/11288/2023,A/Darwin/9/2021,160
A/Berlin/37/2023,A/Darwin/9/2021,160
A/Thuringen/10/2022,A/Catalonia/NSVH161512067/2022,80
A/Switzerland/28719/2022,A/Catalonia/NSVH161512067/2022,<40
A/Stockholm/5/2021,A/Catalonia/NSVH161512067/2022,160
A/Darwin/9/2021,A/Catalonia/NSVH161512067/2022,160
A/Catalonia/NSVH161512067/2022,A/Catalonia/NSVH161512067/2022,640
A/Albania/289813/2022,A/Catalonia/NSVH161512067/2022,160
A/Brandenburg/15/2022,A/Catalonia/NSVH161512067/2022,640
A/Massachusetts/18/2022,A/Catalonia/NSVH161512067/2022,160
A/Thailand/08/2022,A/Catalonia/NSVH161512067/2022,160
A/Bayern/10/2023,A/Catalonia/NSVH161512067/2022,80
A/Brandenburg/3/2023,A/Catalonia/NSVH161512067/2022,40
A/Hessen/20/2023,A/Catalonia/NSVH161512067/2022,40
A/Norway/11304/2023,A/Catalonia/NSVH161512067/2022,40
A/Bayern/11/2023,A/Catalonia/NSVH161512067/2022,40
A/Berlin/27/2023,A/Catalonia/NSVH161512067/2022,40
A/Norway/11360/2023,A/Catalonia/NSVH161512067/2022,40
A/Berlin/28/2023,A/Catalonia/NSVH161512067/2022,40
A/Berlin/32/2023,A/Catalonia/NSVH161512067/2022,40
A/Norway/10423/2023,A/Catalonia/NSVH161512067/2022,40
A/Norway/11288/2023,A/Catalonia/NSVH161512067/2022,40
A/Berlin/37/2023,A/Catalonia/NSVH161512067/2022,<40
A/Thuringen/10/2022,A/Albania/289813/2022,80
A/Switzerland/28719/2022,A/Albania/289813/2022,80
A/Stockholm/5/2021,A/Albania/289813/2022,160
A/Darwin/9/2021,A/Albania/289813/2022,320
A/Catalonia/NSVH161512067/2022,A/Albania/289813/2022,320
A/Albania/289813/2022,A/Albania/289813/2022,1280
A/Brandenburg/15/2022,A/Albania/289813/2022,1280
A/Massachusetts/18/2022,A/Albania/289813/2022,2560
A/Thailand/08/2022,A/Albania/289813/2022,640
A/Bayern/10/2023,A/Albania/289813/2022,640
A/Brandenburg/3/2023,A/Albania/289813/2022,320
A/Hessen/20/2023,A/Albania/289813/2022,640
A/Norway/11304/2023,A/Albania/289813/2022,640
A/Bayern/11/2023,A/Albania/289813/2022,160
A/Berlin/27/2023,A/Albania/289813/2022,320
A/Norway/11360/2023,A/Albania/289813/2022,160
A/Berlin/28/2023,A/Albania/289813/2022,160
A/Berlin/32/2023,A/Albania/289813/2022,320
A/Norway/10423/2023,A/Albania/289813/2022,160
A/Norway/11288/2023,A/Albania/289813/2022,160
A/Berlin/37/2023,A/Albania/289813/2022,160
A/Thuringen/10/2022,A/Brandenburg/15/2022,80
A/Switzerland/28719/2022,A/Brandenburg/15/2022,<40
A/Stockholm/5/2021,A/Brandenburg/15/2022,40
A/Darwin/9/2021,A/Brandenburg/15/2022,160
A/Catalonia/NSVH161512067/2022,A/Brandenburg/15/2022,160
A/Albania/289813/2022,A/Brandenburg/15/2022,640
A/Brandenburg/15/2022,A/Brandenburg/15/2022,1280
A/Massachusetts/18/2022,A/Brandenburg/15/2022,640
A/Thailand/08/2022,A/Brandenburg/15/2022,160
A/Bayern/10/2023,A/Brandenburg/15/2022,320
A/Brandenburg/3/2023,A/Brandenburg/15/2022,160
A/Hessen/20/2023,A/Brandenburg/15/2022,160
A/Norway/11304/2023,A/Brandenburg/15/2022,160
A/Bayern/11/2023,A/Brandenburg/15/2022,40
A/Berlin/27/2023,A/Brandenburg/15/2022,80
A/Norway/11360/2023,A/Brandenburg/15/2022,80
A/Berlin/28/2023,A/Brandenburg/15/2022,40
A/Berlin/32/2023,A/Brandenburg/15/2022,80
A/Norway/10423/2023,A/Brandenburg/15/2022,40
A/Norway/11288/2023,A/Brandenburg/15/2022,40
A/Berlin/37/2023,A/Brandenburg/15/2022,40
A/Thuringen/10/2022,A/Massachusetts/18/2022,320
A/Switzerland/28719/2022,A/Massachusetts/18/2022,80
A/Stockholm/5/2021,A/Massachusetts/18/2022,80
A/Darwin/9/2021,A/Massachusetts/18/2022,320
A/Catalonia/NSVH161512067/2022,A/Massachusetts/18/2022,160
A/Albania/289813/2022,A/Massachusetts/18/2022,640
A/Brandenburg/15/2022,A/Massachusetts/18/2022,1280
A/Massachusetts/18/2022,A/Massachusetts/18/2022,1280
A/Thailand/08/2022,A/Massachusetts/18/2022,320
A/Bayern/10/2023,A/Massachusetts/18/2022,640
A/Brandenburg/3/2023,A/Massachusetts/18/2022,160
A/Hessen/20/2023,A/Massachusetts/18/2022,320
A/Norway/11304/2023,A/Massachusetts/18/2022,320
A/Bayern/11/2023,A/Massachusetts/18/2022,80
A/Berlin/27/2023,A/Massachusetts/18/2022,160
A/Norway/11360/2023,A/Massachusetts/18/2022,160
A/Berlin/28/2023,A/Massachusetts/18/2022,80
A/Berlin/32/2023,A/Massachusetts/18/2022,160
A/Norway/10423/2023,A/Massachusetts/18/2022,160
A/Norway/11288/2023,A/Massachusetts/18/2022,160
A/Berlin/37/2023,A/Massachusetts/18/2022,80
A/Thuringen/10/2022,A/Thailand/08/2022,320
A/Switzerland/28719/2022,A/Thailand/08/2022,80
A/Stockholm/5/2021,A/Thailand/08/2022,320
A/Darwin/9/2021,A/Thailand/08/2022,640
A/Catalonia/NSVH161512067/2022,A/Thailand/08/2022,320
A/Albania/289813/2022,A/Thailand/08/2022,1280
A/Brandenburg/15/2022,A/Thailand/08/2022,2560
A/Massachusetts/18/2022,A/Thailand/08/2022,1280
A/Thailand/08/2022,A/Thailand/08/2022,640
A/Bayern/10/2023,A/Thailand/08/2022,1280
A/Brandenburg/3/2023,A/Thailand/08/2022,320
A/Hessen/20/2023,A/Thailand/08/2022,640
A/Norway/11304/2023,A/Thailand/08/2022,640
A/Bayern/11/2023,A/Thailand/08/2022,320
A/Berlin/27/2023,A/Thailand/08/2022,320
A/Norway/11360/2023,A/Thailand/08/2022,320
A/Berlin/28/2023,A/Thailand/08/2022,320
A/Berlin/32/2023,A/Thailand/08/2022,320
A/Norway/10423/2023,A/Thailand/08/2022,160
A/Norway/11288/2023,A/Thailand/08/2022,320
A/Berlin/37/2023,A/Thailand/08/2022,160
A/Thuringen/10/2022,A/Thuringen/10/2022,320
A/Switzerland/28719/2022,A/Thuringen/10/2022,160
A/Stockholm/5/2021,A/Thuringen/10/2022,80
A/Darwin/9/2021,A/Thuringen/10/2022,160
A/Catalonia/NSVH161512067/2022,A/Thuringen/10/2022,80
A/Albania/289813/2022,A/Thuringen/10/2022,160
A/Brandenburg/15/2022,A/Thuringen/10/2022,320
A/Massachusetts/18/2022,A/Thuringen/10/2022,160
A/Thailand/08/2022,A/Thuringen/10/2022,160
A/Netherlands/01617/2023,A/Thuringen/10/2022,80
A/Netherlands/01685/2023,A/Thuringen/10/2022,80
A/Netherlands/01732/2023,A/Thuringen/10/2022,80
A/Burgos/64/2023,A/Thuringen/10/2022,80
A/HongKong/3021/2023,A/Thuringen/10/2022,160
A/HongKong/3048/2023,A/Thuringen/10/2022,160
A/HongKong/3062/2023,A/Thuringen/10/2022,160
A/Burgos/63/2023,A/Thuringen/10/2022,80
A/Norway/11072/2023,A/Thuringen/10/2022,80
A/HongKong/3044/2023,A/Thuringen/10/2022,160
A/HongKong/3053/2023,A/Thuringen/10/2022,80
A/HongKong/3058/2023,A/Thuringen/10/2022,80
A/Netherlands/01729/2023,A/Thuringen/10/2022,80
A/Netherlands/01733/2023,A/Thuringen/10/2022,80
A/Netherlands/01735/2023,A/Thuringen/10/2022,160
A/HongKong/3072/2023,A/Thuringen/10/2022,160
A/HongKong/3081/2023,A/Thuringen/10/2022,80
A/HongKong/3055/2023,A/Thuringen/10/2022,160
A/Netherlands/01643/2023,A/Thuringen/10/2022,80
A/Netherlands/01744/2023,A/Thuringen/10/2022,160
A/Thuringen/10/2022,A/Switzerland/28719/2022,640
A/Switzerland/28719/2022,A/Switzerland/28719/2022,2560
A/Stockholm/5/2021,A/Switzerland/28719/2022,320
A/Darwin/9/2021,A/Switzerland/28719/2022,320
A/Catalonia/NSVH161512067/2022,A/Switzerland/28719/2022,320
A/Albania/289813/2022,A/Switzerland/28719/2022,320
A/Brandenburg/15/2022,A/Switzerland/28719/2022,1280
A/Massachusetts/18/2022,A/Switzerland/28719/2022,640
A/Thailand/08/2022,A/Switzerland/28719/2022,640
A/Netherlands/01617/2023,A/Switzerland/28719/2022,160
A/Netherlands/01685/2023,A/Switzerland/28719/2022,160
A/Netherlands/01732/2023,A/Switzerland/28719/2022,640
A/Burgos/64/2023,A/Switzerland/28719/2022,160
A/HongKong/3021/2023,A/Switzerland/28719/2022,320
A/HongKong/3048/2023,A/Switzerland/28719/2022,320
A/HongKong/3062/2023,A/Switzerland/28719/2022,640
A/Burgos/63/2023,A/Switzerland/28719/2022,320
A/Norway/11072/2023,A/Switzerland/28719/2022,320
A/HongKong/3044/2023,A/Switzerland/28719/2022,320
A/HongKong/3053/2023,A/Switzerland/28719/2022,320
A/HongKong/3058/2023,A/Switzerland/28719/2022,320
A/Netherlands/01729/2023,A/Switzerland/28719/2022,160
A/Netherlands/01733/2023,A/Switzerland/28719/2022,320
A/Netherlands/01735/2023,A/Switzerland/28719/2022,320
A/HongKong/3072/2023,A/Switzerland/28719/2022,320
A/HongKong/3081/2023,A/Switzerland/28719/2022,320
A/HongKong/3055/2023,A/Switzerland/28719/2022,320
A/Netherlands/01643/2023,A/Switzerland/28719/2022,320
A/Netherlands/01744/2023,A/Switzerland/28719/2022,320
A/Thuringen/10/2022,A/Stockholm/5/2021,320
A/Switzerland/28719/2022,A/Stockholm/5/2021,160
A/Stockholm/5/2021,A/Stockholm/5/2021,640
A/Darwin/9/2021,A/Stockholm/5/2021,320
A/Catalonia/NSVH161512067/2022,A/Stockholm/5/2021,160
A/Albania/289813/2022,A/Stockholm/5/2021,160
A/Brandenburg/15/2022,A/Stockholm/5/2021,640
A/Massachusetts/18/2022,A/Stockholm/5/2021,320
A/Thailand/08/2022,A/Stockholm/5/2021,320
A/Netherlands/01617/2023,A/Stockholm/5/2021,80
A/Netherlands/01685/2023,A/Stockholm/5/2021,80
A/Netherlands/01732/2023,A/Stockholm/5/2021,160
A/Burgos/64/2023,A/Stockholm/5/2021,80
A/HongKong/3021/2023,A/Stockholm/5/2021,160
A/HongKong/3048/2023,A/Stockholm/5/2021,160
A/HongKong/3062/2023,A/Stockholm/5/2021,160
A/Burgos/63/2023,A/Stockholm/5/2021,160
A/Norway/11072/2023,A/Stockholm/5/2021,160
A/HongKong/3044/2023,A/Stockholm/5/2021,160
A/HongKong/3053/2023,A/Stockholm/5/2021,160
A/HongKong/3058/2023,A/Stockholm/5/2021,80
A/Netherlands/01729/2023,A/Stockholm/5/2021,80
A/Netherlands/01733/2023,A/Stockholm/5/2021,160
A/Netherlands/01735/2023,A/Stockholm/5/2021,160
A/HongKong/3072/2023,A/Stockholm/5/2021,160
A/HongKong/3081/2023,A/Stockholm/5/2021,160
A/HongKong/3055/2023,A/Stockholm/5/2021,160
A/Netherlands/01643/2023,A/Stockholm/5/2021,160
A/Netherlands/01744/2023,A/Stockholm/5/2021,160
A/Thuringen/10/2022,A/Darwin/9/2021,160
A/Switzerland/28719/2022,A/Darwin/9/2021,160
A/Stockholm/5/2021,A/Darwin/9/2021,640
A/Darwin/9/2021,A/Darwin/9/2021,640
A/Catalonia/NSVH161512067/2022,A/Darwin/9/2021,320
A/Albania/289813/2022,A/Darwin/9/2021,320
A/Brandenburg/15/2022,A/Darwin/9/2021,1280
A/Massachusetts/18/2022,A/Darwin/9/2021,640
A/Thailand/08/2022,A/Darwin/9/2021,640
A/Netherlands/01617/2023,A/Darwin/9/2021,320
A/Netherlands/01685/2023,A/Darwin/9/2021,160
A/Netherlands/01732/2023,A/Darwin/9/2021,320
A/Burgos/64/2023,A/Darwin/9/2021,160
A/HongKong/3021/2023,A/Darwin/9/2021,320
A/HongKong/3048/2023,A/Darwin/9/2021,320
A/HongKong/3062/2023,A/Darwin/9/2021,320
A/Burgos/63/2023,A/Darwin/9/2021,320
A/Norway/11072/2023,A/Darwin/9/2021,320
A/HongKong/3044/2023,A/Darwin/9/2021,320
A/HongKong/3053/2023,A/Darwin/9/2021,320
A/HongKong/3058/2023,A/Darwin/9/2021,320
A/Netherlands/01729/2023,A/Darwin/9/2021,320
A/Netherlands/01733/2023,A/Darwin/9/2021,320
A/Netherlands/01735/2023,A/Darwin/9/2021,320
A/HongKong/3072/2023,A/Darwin/9/2021,320
A/HongKong/3081/2023,A/Darwin/9/2021,320
A/HongKong/3055/2023,A/Darwin/9/2021,320
A/Netherlands/01643/2023,A/Darwin/9/2021,320
A/Netherlands/01744/2023,A/Darwin/9/2021,320
A/Thuringen/10/2022,A/Catalonia/NSVH161512067/2022,40
A/Switzerland/28719/2022,A/Catalonia/NSVH161512067/2022,<40
A/Stockholm/5/2021,A/Catalonia/NSVH161512067/2022,160
A/Darwin/9/2021,A/Catalonia/NSVH161512067/2022,80
A/Catalonia/NSVH161512067/2022,A/Catalonia/NSVH161512067/2022,320
A/Albania/289813/2022,A/Catalonia/NSVH161512067/2022,80
A/Brandenburg/15/2022,A/Catalonia/NSVH161512067/2022,320
A/Massachusetts/18/2022,A/Catalonia/NSVH161512067/2022,320
A/Thailand/08/2022,A/Catalonia/NSVH161512067/2022,160
A/Netherlands/01617/2023,A/Catalonia/NSVH161512067/2022,160
A/Netherlands/01685/2023,A/Catalonia/NSVH161512067/2022,80
A/Netherlands/01732/2023,A/Catalonia/NSVH161512067/2022,80
A/Burgos/64/2023,A/Catalonia/NSVH161512067/2022,80
A/HongKong/3021/2023,A/Catalonia/NSVH161512067/2022,80
A/HongKong/3048/2023,A/Catalonia/NSVH161512067/2022,160
A/HongKong/3062/2023,A/Catalonia/NSVH161512067/2022,160
A/Burgos/63/2023,A/Catalonia/NSVH161512067/2022,80
A/Norway/11072/2023,A/Catalonia/NSVH161512067/2022,160
A/HongKong/3044/2023,A/Catalonia/NSVH161512067/2022,80
A/HongKong/3053/2023,A/Catalonia/NSVH161512067/2022,80
A/HongKong/3058/2023,A/Catalonia/NSVH161512067/2022,80
A/Netherlands/01729/2023,A/Catalonia/NSVH161512067/2022,80
A/Netherlands/01733/2023,A/Catalonia/NSVH161512067/2022,80
A/Netherlands/01735/2023,A/Catalonia/NSVH161512067/2022,80
A/HongKong/3072/2023,A/Catalonia/NSVH161512067/2022,80
A/HongKong/3081/2023,A/Catalonia/NSVH161512067/2022,80
A/HongKong/3055/2023,A/Catalonia/NSVH161512067/2022,80
A/Netherlands/01643/2023,A/Catalonia/NSVH161512067/2022,80
A/Netherlands/01744/2023,A/Catalonia/NSVH161512067/2022,80
A/Thuringen/10/2022,A/Albania/289813/2022,80
A/Switzerland/28719/2022,A/Albania/289813/2022,80
A/Stockholm/5/2021,A/Albania/289813/2022,160
A/Darwin/9/2021,A/Albania/289813/2022,160
A/Catalonia/NSVH161512067/2022,A/Albania/289813/2022,160
A/Albania/289813/2022,A/Albania/289813/2022,640
A/Brandenburg/15/2022,A/Albania/289813/2022,2560
A/Massachusetts/18/2022,A/Albania/289813/2022,1280
A/Thailand/08/2022,A/Albania/289813/2022,640
A/Netherlands/01617/2023,A/Albania/289813/2022,160
A/Netherlands/01685/2023,A/Albania/289813/2022,640
A/Netherlands/01732/2023,A/Albania/289813/2022,640
A/Burgos/64/2023,A/Albania/289813/2022,640
A/HongKong/3021/2023,A/Albania/289813/2022,640
A/HongKong/3048/2023,A/Albania/289813/2022,640
A/HongKong/3062/2023,A/Albania/289813/2022,1280
A/Burgos/63/2023,A/Albania/289813/2022,640
A/Norway/11072/2023,A/Albania/289813/2022,640
A/HongKong/3044/2023,A/Albania/289813/2022,640
A/HongKong/3053/2023,A/Albania/289813/2022,640
A/HongKong/3058/2023,A/Albania/289813/2022,640
A/Netherlands/01729/2023,A/Albania/289813/2022,160
A/Netherlands/01733/2023,A/Albania/289813/2022,320
A/Netherlands/01735/2023,A/Albania/289813/2022,320
A/HongKong/3072/2023,A/Albania/289813/2022,320
A/HongKong/3081/2023,A/Albania/289813/2022,320
A/HongKong/3055/2023,A/Albania/289813/2022,320
A/Netherlands/01643/2023,A/Albania/289813/2022,320
A/Netherlands/01744/2023,A/Albania/289813/2022,320
A/Thuringen/10/2022,A/Brandenburg/15/2022,80
A/Switzerland/28719/2022,A/Brandenburg/15/2022,<40
A/Stockholm/5/2021,A/Brandenburg/15/2022,80
A/Darwin/9/2021,A/Brandenburg/15/2022,160
A/Catalonia/NSVH161512067/2022,A/Brandenburg/15/2022,80
A/Albania/289813/2022,A/Brandenburg/15/2022,320
A/Brandenburg/15/2022,A/Brandenburg/15/2022,1280
A/Massachusetts/18/2022,A/Brandenburg/15/2022,640
A/Thailand/08/2022,A/Brandenburg/15/2022,160
A/Netherlands/01617/2023,A/Brandenburg/15/2022,40
A/Netherlands/01685/2023,A/Brandenburg/15/2022,160
A/Netherlands/01732/2023,A/Brandenburg/15/2022,320
A/Burgos/64/2023,A/Brandenburg/15/2022,160
A/HongKong/3021/2023,A/Brandenburg/15/2022,320
A/HongKong/3048/2023,A/Brandenburg/15/2022,320
A/HongKong/3062/2023,A/Brandenburg/15/2022,640
A/Burgos/63/2023,A/Brandenburg/15/2022,320
A/Norway/11072/2023,A/Brandenburg/15/2022,320
A/HongKong/3044/2023,A/Brandenburg/15/2022,320
A/HongKong/3053/2023,A/Brandenburg/15/2022,320
A/HongKong/3058/2023,A/Brandenburg/15/2022,160
A/Netherlands/01729/2023,A/Brandenburg/15/2022,40
A/Netherlands/01733/2023,A/Brandenburg/15/2022,80
A/Netherlands/01735/2023,A/Brandenburg/15/2022,80
A/HongKong/3072/2023,A/Brandenburg/15/2022,80
A/HongKong/3081/2023,A/Brandenburg/15/2022,80
A/HongKong/3055/2023,A/Brandenburg/15/2022,80
A/Netherlands/01643/2023,A/Brandenburg/15/2022,80
A/Netherlands/01744/2023,A/Brandenburg/15/2022,80
A/Thuringen/10/2022,A/Massachusetts/18/2022,160
A/Switzerland/28719/2022,A/Massachusetts/18/2022,80
A/Stockholm/5/2021,A/Massachusetts/18/2022,80
A/Darwin/9/2021,A/Massachusetts/18/2022,160
A/Catalonia/NSVH161512067/2022,A/Massachusetts/18/2022,160
A/Albania/289813/2022,A/Massachusetts/18/2022,640
A/Brandenburg/15/2022,A/Massachusetts/18/2022,1280
A/Massachusetts/18/2022,A/Massachusetts/18/2022,1280
A/Thailand/08/2022,A/Massachusetts/18/2022,320
A/Netherlands/01617/2023,A/Massachusetts/18/2022,80
A/Netherlands/01685/2023,A/Massachusetts/18/2022,320
A/Netherlands/01732/2023,A/Massachusetts/18/2022,320
A/Burgos/64/2023,A/Massachusetts/18/2022,320
A/HongKong/3021/2023,A/Massachusetts/18/2022,640
A/HongKong/3048/2023,A/Massachusetts/18/2022,640
A/HongKong/3062/2023,A/Massachusetts/18/2022,640
A/Burgos/63/2023,A/Massachusetts/18/2022,320
A/Norway/11072/2023,A/Massachusetts/18/2022,640
A/HongKong/3044/2023,A/Massachusetts/18/2022,320
A/HongKong/3053/2023,A/Massachusetts/18/2022,320
A/HongKong/3058/2023,A/Massachusetts/18/2022,320
A/Netherlands/01729/2023,A/Massachusetts/18/2022,160
A/Netherlands/01733/2023,A/Massachusetts/18/2022,160
A/Netherlands/01735/2023,A/Massachusetts/18/2022,160
A/HongKong/3072/2023,A/Massachusetts/18/2022,160
A/HongKong/3081/2023,A/Massachusetts/18/2022,160
A/HongKong/3055/2023,A/Massachusetts/18/2022,160
A/Netherlands/01643/2023,A/Massachusetts/18/2022,160
A/Netherlands/01744/2023,A/Massachusetts/18/2022,160
A/Thuringen/10/2022,A/Thailand/08/2022,160
A/Switzerland/28719/2022,A/Thailand/08/2022,160
A/Stockholm/5/2021,A/Thailand/08/2022,320
A/Darwin/9/2021,A/Thailand/08/2022,320
A/Catalonia/NSVH161512067/2022,A/Thailand/08/2022,320
A/Albania/289813/2022,A/Thailand/08/2022,1280
A/Brandenburg/15/2022,A/Thailand/08/2022,2560
A/Massachusetts/18/2022,A/Thailand/08/2022,2560
A/Thailand/08/2022,A/Thailand/08/2022,1280
A/Netherlands/01617/2023,A/Thailand/08/2022,160
A/Netherlands/01685/2023,A/Thailand/08/2022,640
A/Netherlands/01732/2023,A/Thailand/08/2022,640
A/Burgos/64/2023,A/Thailand/08/2022,640
A/HongKong/3021/2023,A/Thailand/08/2022,1280
A/HongKong/3048/2023,A/Thailand/08/2022,1280
A/HongKong/3062/2023,A/Thailand/08/2022,1280
A/Burgos/63/2023,A/Thailand/08/2022,640
A/Norway/11072/2023,A/Thailand/08/2022,1280
A/HongKong/3044/2023,A/Thailand/08/2022,640
A/HongKong/3053/2023,A/Thailand/08/2022,640
A/HongKong/3058/2023,A/Thailand/08/2022,640
A/Netherlands/01729/2023,A/Thailand/08/2022,320
A/Netherlands/01733/2023,A/Thailand/08/2022,320
A/Netherlands/01735/2023,A/Thailand/08/2022,320
A/HongKong/3072/2023,A/Thailand/08/2022,320
A/HongKong/3081/2023,A/Thailand/08/2022,320
A/HongKong/3055/2023,A/Thailand/08/2022,320
A/Netherlands/01643/2023,A/Thailand/08/2022,320
A/Netherlands/01744/2023,A/Thailand/08/2022,320
A/Thuringen/10/2022,A/Thuringen/10/2022,320
A/Switzerland/28719/2022,A/Thuringen/10/2022,320
A/Stockholm/5/2021,A/Thuringen/10/2022,160
A/Darwin/9/2021,A/Thuringen/10/2022,160
A/Catalonia/NSVH161512067/2022,A/Thuringen/10/2022,80
A/Albania/289813/2022,A/Thuringen/10/2022,160
A/Massachusetts/18/2022,A/Thuringen/10/2022,160
A/Thailand/08/2022,A/Thuringen/10/2022,160
A/Ghana/7529/2023,A/Thuringen/10/2022,80
A/Ghana/7400/2023,A/Thuringen/10/2022,80
A/Ghana/7625/2023,A/Thuringen/10/2022,160
A/Ghana/2186/2023,A/Thuringen/10/2022,80
A/Switzerland/62567/2023,A/Thuringen/10/2022,320
A/Switzerland/62589/2023,A/Thuringen/10/2022,80
A/Iceland/34327/2023,A/Thuringen/10/2022,80
A/Ireland/00100379/2023,A/Thuringen/10/2022,80
A/Ireland/00100281/2023,A/Thuringen/10/2022,80
A/Burgos/27/2023,A/Thuringen/10/2022,160
A/Burgos/35/2023,A/Thuringen/10/2022,160
A/Burgos/28/2023,A/Thuringen/10/2022,160
A/Segovia/54/2023,A/Thuringen/10/2022,160
A/Switzerland/28412/2023,A/Thuringen/10/2022,160
A/Ireland/00101350/2023,A/Thuringen/10/2022,160
A/Ireland/00102017/2023,A/Thuringen/10/2022,160
A/Iceland/34967/2023,A/Thuringen/10/2022,160
A/Iceland/35570/2023,A/Thuringen/10/2022,160
A/Iceland/35687/2023,A/Thuringen/10/2022,160
A/Iceland/35741/2023,A/Thuringen/10/2022,80
A/Switzerland/05384/2023,A/Thuringen/10/2022,80
A/Iceland/35921/2023,A/Thuringen/10/2022,160
A/Iceland/36088/2023,A/Thuringen/10/2022,80
A/Iceland/36118/2023,A/Thuringen/10/2022,80
A/Iceland/36222/2023,A/Thuringen/10/2022,160
A/Iceland/36433/2023,A/Thuringen/10/2022,80
A/Switzerland/83089/2023,A/Thuringen/10/2022,160
A/Switzerland/82850/2023,A/Thuringen/10/2022,160
A/Switzerland/25797/2023,A/Thuringen/10/2022,80
A/Iceland/37250/2023,A/Thuringen/10/2022,80
A/Switzerland/8649/2023,A/Thuringen/10/2022,160
A/Iceland/37255/2023,A/Thuringen/10/2022,160
A/Iceland/37274/2023,A/Thuringen/10/2022,160
A/Iceland/37368/2023,A/Thuringen/10/2022,320
A/Iceland/37410/2023,A/Thuringen/10/2022,160
A/Iceland/37528/2023,A/Thuringen/10/2022,80
A/Iceland/37811/2023,A/Thuringen/10/2022,80
A/Switzerland/71762/2023,A/Thuringen/10/2022,160
A/Iceland/37943/2023,A/Thuringen/10/2022,80
A/Iceland/38351/2023,A/Thuringen/10/2022,80
A/Iceland/38354/2023,A/Thuringen/10/2022,160
A/Iceland/38547/2023,A/Thuringen/10/2022,80
A/Iceland/38721/2023,A/Thuringen/10/2022,80
A/Ireland/00106787/2023,A/Thuringen/10/2022,160
A/Ireland/00107299/2023,A/Thuringen/10/2022,160
A/Ireland/00107900/2023,A/Thuringen/10/2022,160
A/Thuringen/10/2022,A/Switzerland/28719/2022,640
A/Switzerland/28719/2022,A/Switzerland/28719/2022,1280
A/Stockholm/5/2021,A/Switzerland/28719/2022,320
A/Darwin/9/2021,A/Switzerland/28719/2022,640
A/Catalonia/NSVH161512067/2022,A/Switzerland/28719/2022,320
A/Albania/289813/2022,A/Switzerland/28719/2022,320
A/Massachusetts/18/2022,A/Switzerland/28719/2022,640
A/Thailand/08/2022,A/Switzerland/28719/2022,640
A/Ghana/7529/2023,A/Switzerland/28719/2022,160
A/Ghana/7400/2023,A/Switzerland/28719/2022,160
A/Ghana/7625/2023,A/Switzerland/28719/2022,320
A/Ghana/2186/2023,A/Switzerland/28719/2022,320
A/Switzerland/62567/2023,A/Switzerland/28719/2022,640
A/Switzerland/62589/2023,A/Switzerland/28719/2022,320
A/Iceland/34327/2023,A/Switzerland/28719/2022,160
A/Ireland/00100379/2023,A/Switzerland/28719/2022,160
A/Ireland/00100281/2023,A/Switzerland/28719/2022,160
A/Burgos/27/2023,A/Switzerland/28719/2022,640
A/Burgos/35/2023,A/Switzerland/28719/2022,320
A/Burgos/28/2023,A/Switzerland/28719/2022,320
A/Segovia/54/2023,A/Switzerland/28719/2022,320
A/Switzerland/28412/2023,A/Switzerland/28719/2022,320
A/Ireland/00101350/2023,A/Switzerland/28719/2022,640
A/Ireland/00102017/2023,A/Switzerland/28719/2022,640
A/Iceland/34967/2023,A/Switzerland/28719/2022,640
A/Iceland/35570/2023,A/Switzerland/28719/2022,320
A/Iceland/35687/2023,A/Switzerland/28719/2022,640
A/Iceland/35741/2023,A/Switzerland/28719/2022,160
A/Switzerland/05384/2023,A/Switzerland/28719/2022,320
A/Iceland/35921/2023,A/Switzerland/28719/2022,640
A/Iceland/36088/2023,A/Switzerland/28719/2022,160
A/Iceland/36118/2023,A/Switzerland/28719/2022,160
A/Iceland/36222/2023,A/Switzerland/28719/2022,640
A/Iceland/36433/2023,A/Switzerland/28719/2022,320
A/Switzerland/83089/2023,A/Switzerland/28719/2022,640
A/Switzerland/82850/2023,A/Switzerland/28719/2022,640
A/Switzerland/25797/2023,A/Switzerland/28719/2022,160
A/Iceland/37250/2023,A/Switzerland/28719/2022,160
A/Switzerland/8649/2023,A/Switzerland/28719/2022,320
A/Iceland/37255/2023,A/Switzerland/28719/2022,320
A/Iceland/37274/2023,A/Switzerland/28719/2022,160
A/Iceland/37368/2023,A/Switzerland/28719/2022,1280
A/Iceland/37410/2023,A/Switzerland/28719/2022,640
A/Iceland/37528/2023,A/Switzerland/28719/2022,320
A/Iceland/37811/2023,A/Switzerland/28719/2022,160
A/Switzerland/71762/2023,A/Switzerland/28719/2022,640
A/Iceland/37943/2023,A/Switzerland/28719/2022,320
A/Iceland/38351/2023,A/Switzerland/28719/2022,160
A/Iceland/38354/2023,A/Switzerland/28719/2022,160
A/Iceland/38547/2023,A/Switzerland/28719/2022,160
A/Iceland/38721/2023,A/Switzerland/28719/2022,160
A/Ireland/00106787/2023,A/Switzerland/28719/2022,640
A/Ireland/00107299/2023,A/Switzerland/28719/2022,640
A/Ireland/00107900/2023,A/Switzerland/28719/2022,640
A/Thuringen/10/2022,A/Stockholm/5/2021,320
A/Switzerland/28719/2022,A/Stockholm/5/2021,160
A/Stockholm/5/2021,A/Stockholm/5/2021,640
A/Darwin/9/2021,A/Stockholm/5/2021,320
A/Catalonia/NSVH161512067/2022,A/Stockholm/5/2021,160
A/Albania/289813/2022,A/Stockholm/5/2021,160
A/Massachusetts/18/2022,A/Stockholm/5/2021,320
A/Thailand/08/2022,A/Stockholm/5/2021,320
A/Ghana/7529/2023,A/Stockholm/5/2021,160
A/Ghana/7400/2023,A/Stockholm/5/2021,80
A/Ghana/7625/2023,A/Stockholm/5/2021,320
A/Ghana/2186/2023,A/Stockholm/5/2021,160
A/Switzerland/62567/2023,A/Stockholm/5/2021,320
A/Switzerland/62589/2023,A/Stockholm/5/2021,160
A/Iceland/34327/2023,A/Stockholm/5/2021,80
A/Ireland/00100379/2023,A/Stockholm/5/2021,80
A/Ireland/00100281/2023,A/Stockholm/5/2021,80
A/Burgos/27/2023,A/Stockholm/5/2021,320
A/Burgos/35/2023,A/Stockholm/5/2021,80
A/Burgos/28/2023,A/Stockholm/5/2021,160
A/Segovia/54/2023,A/Stockholm/5/2021,160
A/Switzerland/28412/2023,A/Stockholm/5/2021,160
A/Ireland/00101350/2023,A/Stockholm/5/2021,320
A/Ireland/00102017/2023,A/Stockholm/5/2021,320
A/Iceland/34967/2023,A/Stockholm/5/2021,320
A/Iceland/35570/2023,A/Stockholm/5/2021,160
A/Iceland/35687/2023,A/Stockholm/5/2021,160
A/Iceland/35741/2023,A/Stockholm/5/2021,80
A/Switzerland/05384/2023,A/Stockholm/5/2021,160
A/Iceland/35921/2023,A/Stockholm/5/2021,160
A/Iceland/36088/2023,A/Stockholm/5/2021,80
A/Iceland/36118/2023,A/Stockholm/5/2021,80
A/Iceland/36222/2023,A/Stockholm/5/2021,160
A/Iceland/36433/2023,A/Stockholm/5/2021,80
A/Switzerland/83089/2023,A/Stockholm/5/2021,320
A/Switzerland/82850/2023,A/Stockholm/5/2021,160
A/Switzerland/25797/2023,A/Stockholm/5/2021,80
A/Iceland/37250/2023,A/Stockholm/5/2021,80
A/Switzerland/8649/2023,A/Stockholm/5/2021,160
A/Iceland/37255/2023,A/Stockholm/5/2021,160
A/Iceland/37274/2023,A/Stockholm/5/2021,80
A/Iceland/37368/2023,A/Stockholm/5/2021,320
A/Iceland/37410/2023,A/Stockholm/5/2021,160
A/Iceland/37528/2023,A/Stockholm/5/2021,160
A/Iceland/37811/2023,A/Stockholm/5/2021,80
A/Switzerland/71762/2023,A/Stockholm/5/2021,160
A/Iceland/37943/2023,A/Stockholm/5/2021,80
A/Iceland/38351/2023,A/Stockholm/5/2021,160
A/Iceland/38354/2023,A/Stockholm/5/2021,80
A/Iceland/38547/2023,A/Stockholm/5/2021,80
A/Iceland/38721/2023,A/Stockholm/5/2021,80
A/Ireland/00106787/2023,A/Stockholm/5/2021,320
A/Ireland/00107299/2023,A/Stockholm/5/2021,160
A/Ireland/00107900/2023,A/Stockholm/5/2021,320
A/Thuringen/10/2022,A/Darwin/9/2021,320
A/Switzerland/28719/2022,A/Darwin/9/2021,160
A/Stockholm/5/2021,A/Darwin/9/2021,640
A/Darwin/9/2021,A/Darwin/9/2021,640
A/Catalonia/NSVH161512067/2022,A/Darwin/9/2021,320
A/Albania/289813/2022,A/Darwin/9/2021,320
A/Massachusetts/18/2022,A/Darwin/9/2021,640
A/Thailand/08/2022,A/Darwin/9/2021,640
A/Ghana/7529/2023,A/Darwin/9/2021,320
A/Ghana/7400/2023,A/Darwin/9/2021,320
A/Ghana/7625/2023,A/Darwin/9/2021,320
A/Ghana/2186/2023,A/Darwin/9/2021,320
A/Switzerland/62567/2023,A/Darwin/9/2021,640
A/Switzerland/62589/2023,A/Darwin/9/2021,320
A/Iceland/34327/2023,A/Darwin/9/2021,160
A/Ireland/00100379/2023,A/Darwin/9/2021,320
A/Ireland/00100281/2023,A/Darwin/9/2021,160
A/Burgos/27/2023,A/Darwin/9/2021,320
A/Burgos/35/2023,A/Darwin/9/2021,320
A/Burgos/28/2023,A/Darwin/9/2021,320
A/Segovia/54/2023,A/Darwin/9/2021,160
A/Switzerland/28412/2023,A/Darwin/9/2021,320
A/Ireland/00101350/2023,A/Darwin/9/2021,640
A/Ireland/00102017/2023,A/Darwin/9/2021,640
A/Iceland/34967/2023,A/Darwin/9/2021,640
A/Iceland/35570/2023,A/Darwin/9/2021,320
A/Iceland/35687/2023,A/Darwin/9/2021,640
A/Iceland/35741/2023,A/Darwin/9/2021,320
A/Switzerland/05384/2023,A/Darwin/9/2021,320
A/Iceland/35921/2023,A/Darwin/9/2021,640
A/Iceland/36088/2023,A/Darwin/9/2021,160
A/Iceland/36118/2023,A/Darwin/9/2021,160
A/Iceland/36222/2023,A/Darwin/9/2021,640
A/Iceland/36433/2023,A/Darwin/9/2021,320
A/Switzerland/83089/2023,A/Darwin/9/2021,640
A/Switzerland/82850/2023,A/Darwin/9/2021,640
A/Switzerland/25797/2023,A/Darwin/9/2021,160
A/Iceland/37250/2023,A/Darwin/9/2021,160
A/Switzerland/8649/2023,A/Darwin/9/2021,320
A/Iceland/37255/2023,A/Darwin/9/2021,640
A/Iceland/37274/2023,A/Darwin/9/2021,320
A/Iceland/37368/2023,A/Darwin/9/2021,1280
A/Iceland/37410/2023,A/Darwin/9/2021,640
A/Iceland/37528/2023,A/Darwin/9/2021,320
A/Iceland/37811/2023,A/Darwin/9/2021,320
A/Switzerland/71762/2023,A/Darwin/9/2021,640
A/Iceland/37943/2023,A/Darwin/9/2021,320
A/Iceland/38351/2023,A/Darwin/9/2021,320
A/Iceland/38354/2023,A/Darwin/9/2021,320
A/Iceland/38547/2023,A/Darwin/9/2021,160
A/Iceland/38721/2023,A/Darwin/9/2021,320
A/Ireland/00106787/2023,A/Darwin/9/2021,640
A/Ireland/00107299/2023,A/Darwin/9/2021,320
A/Ireland/00107900/2023,A/Darwin/9/2021,640
A/Thuringen/10/2022,A/Catalonia/NSVH161512067/2022,40
A/Switzerland/28719/2022,A/Catalonia/NSVH161512067/2022,<40
A/Stockholm/5/2021,A/Catalonia/NSVH161512067/2022,160
A/Darwin/9/2021,A/Catalonia/NSVH161512067/2022,160
A/Catalonia/NSVH161512067/2022,A/Catalonia/NSVH161512067/2022,320
A/Albania/289813/2022,A/Catalonia/NSVH161512067/2022,40
A/Massachusetts/18/2022,A/Catalonia/NSVH161512067/2022,320
A/Thailand/08/2022,A/Catalonia/NSVH161512067/2022,160
A/Ghana/7529/2023,A/Catalonia/NSVH161512067/2022,80
A/Ghana/7400/2023,A/Catalonia/NSVH161512067/2022,80
A/Ghana/7625/2023,A/Catalonia/NSVH161512067/2022,80
A/Ghana/2186/2023,A/Catalonia/NSVH161512067/2022,80
A/Switzerland/62567/2023,A/Catalonia/NSVH161512067/2022,160
A/Switzerland/62589/2023,A/Catalonia/NSVH161512067/2022,80
A/Iceland/34327/2023,A/Catalonia/NSVH161512067/2022,80
A/Ireland/00100379/2023,A/Catalonia/NSVH161512067/2022,80
A/Ireland/00100281/2023,A/Catalonia/NSVH161512067/2022,80
A/Burgos/27/2023,A/Catalonia/NSVH161512067/2022,160
A/Burgos/35/2023,A/Catalonia/NSVH161512067/2022,80
A/Burgos/28/2023,A/Catalonia/NSVH161512067/2022,80
A/Segovia/54/2023,A/Catalonia/NSVH161512067/2022,80
A/Switzerland/28412/2023,A/Catalonia/NSVH161512067/2022,160
A/Ireland/00101350/2023,A/Catalonia/NSVH161512067/2022,160
A/Ireland/00102017/2023,A/Catalonia/NSVH161512067/2022,160
A/Iceland/34967/2023,A/Catalonia/NSVH161512067/2022,160
A/Iceland/35570/2023,A/Catalonia/NSVH161512067/2022,80
A/Iceland/35687/2023,A/Catalonia/NSVH161512067/2022,160
A/Iceland/35741/2023,A/Catalonia/NSVH161512067/2022,80
A/Switzerland/05384/2023,A/Catalonia/NSVH161512067/2022,80
A/Iceland/35921/2023,A/Catalonia/NSVH161512067/2022,160
A/Iceland/36088/2023,A/Catalonia/NSVH161512067/2022,40
A/Iceland/36118/2023,A/Catalonia/NSVH161512067/2022,40
A/Iceland/36222/2023,A/Catalonia/NSVH161512067/2022,160
A/Iceland/36433/2023,A/Catalonia/NSVH161512067/2022,80
A/Switzerland/83089/2023,A/Catalonia/NSVH161512067/2022,160
A/Switzerland/82850/2023,A/Catalonia/NSVH161512067/2022,80
A/Switzerland/25797/2023,A/Catalonia/NSVH161512067/2022,80
A/Iceland/37250/2023,A/Catalonia/NSVH161512067/2022,40
A/Switzerland/8649/2023,A/Catalonia/NSVH161512067/2022,80
A/Iceland/37255/2023,A/Catalonia/NSVH161512067/2022,160
A/Iceland/37274/2023,A/Catalonia/NSVH161512067/2022,80
A/Iceland/37368/2023,A/Catalonia/NSVH161512067/2022,320
A/Iceland/37410/2023,A/Catalonia/NSVH161512067/2022,80
A/Iceland/37528/2023,A/Catalonia/NSVH161512067/2022,80
A/Iceland/37811/2023,A/Catalonia/NSVH161512067/2022,80
A/Switzerland/71762/2023,A/Catalonia/NSVH161512067/2022,80
A/Iceland/37943/2023,A/Catalonia/NSVH161512067/2022,40
A/Iceland/38351/2023,A/Catalonia/NSVH161512067/2022,80
A/Iceland/38354/2023,A/Catalonia/NSVH161512067/2022,80
A/Iceland/38547/2023,A/Catalonia/NSVH161512067/2022,80
A/Iceland/38721/2023,A/Catalonia/NSVH161512067/2022,80
A/Ireland/00106787/2023,A/Catalonia/NSVH161512067/2022,160
A/Ireland/00107299/2023,A/Catalonia/NSVH161512067/2022,160
A/Ireland/00107900/2023,A/Catalonia/NSVH161512067/2022,160
A/Thuringen/10/2022,A/Albania/289813/2022,80
A/Switzerland/28719/2022,A/Albania/289813/2022,160
A/Stockholm/5/2021,A/Albania/289813/2022,320
A/Darwin/9/2021,A/Albania/289813/2022,160
A/Catalonia/NSVH161512067/2022,A/Albania/289813/2022,160
A/Albania/289813/2022,A/Albania/289813/2022,640
A/Massachusetts/18/2022,A/Albania/289813/2022,1280
A/Thailand/08/2022,A/Albania/289813/2022,640
A/Ghana/7529/2023,A/Albania/289813/2022,320
A/Ghana/7400/2023,A/Albania/289813/2022,160
A/Ghana/7625/2023,A/Albania/289813/2022,320
A/Ghana/2186/2023,A/Albania/289813/2022,320
A/Switzerland/62567/2023,A/Albania/289813/2022,1280
A/Switzerland/62589/2023,A/Albania/289813/2022,640
A/Iceland/34327/2023,A/Albania/289813/2022,640
A/Ireland/00100379/2023,A/Albania/289813/2022,640
A/Ireland/00100281/2023,A/Albania/289813/2022,640
A/Burgos/27/2023,A/Albania/289813/2022,1280
A/Burgos/35/2023,A/Albania/289813/2022,640
A/Burgos/28/2023,A/Albania/289813/2022,640
A/Segovia/54/2023,A/Albania/289813/2022,640
A/Switzerland/28412/2023,A/Albania/289813/2022,1280
A/Ireland/00101350/2023,A/Albania/289813/2022,1280
A/Ireland/00102017/2023,A/Albania/289813/2022,640
A/Iceland/34967/2023,A/Albania/289813/2022,640
A/Iceland/35570/2023,A/Albania/289813/2022,640
A/Iceland/35687/2023,A/Albania/289813/2022,640
A/Iceland/35741/2023,A/Albania/289813/2022,320
A/Switzerland/05384/2023,A/Albania/289813/2022,320
A/Iceland/35921/2023,A/Albania/289813/2022,640
A/Iceland/36088/2023,A/Albania/289813/2022,320
A/Iceland/36118/2023,A/Albania/289813/2022,160
A/Iceland/36222/2023,A/Albania/289813/2022,640
A/Iceland/36433/2023,A/Albania/289813/2022,320
A/Switzerland/83089/2023,A/Albania/289813/2022,640
A/Switzerland/82850/2023,A/Albania/289813/2022,640
A/Switzerland/25797/2023,A/Albania/289813/2022,160
A/Iceland/37250/2023,A/Albania/289813/2022,320
A/Switzerland/8649/2023,A/Albania/289813/2022,640
A/Iceland/37255/2023,A/Albania/289813/2022,640
A/Iceland/37274/2023,A/Albania/289813/2022,320
A/Iceland/37368/2023,A/Albania/289813/2022,1280
A/Iceland/37410/2023,A/Albania/289813/2022,640
A/Iceland/37528/2023,A/Albania/289813/2022,640
A/Iceland/37811/2023,A/Albania/289813/2022,320
A/Switzerland/71762/2023,A/Albania/289813/2022,640
A/Iceland/37943/2023,A/Albania/289813/2022,160
A/Iceland/38351/2023,A/Albania/289813/2022,320
A/Iceland/38354/2023,A/Albania/289813/2022,320
A/Iceland/38547/2023,A/Albania/289813/2022,320
A/Iceland/38721/2023,A/Albania/289813/2022,320
A/Ireland/00106787/2023,A/Albania/289813/2022,640
A/Ireland/00107299/2023,A/Albania/289813/2022,640
A/Ireland/00107900/2023,A/Albania/289813/2022,640
A/Thuringen/10/2022,A/Massachusetts/18/2022,160
A/Switzerland/28719/2022,A/Massachusetts/18/2022,80
A/Stockholm/5/2021,A/Massachusetts/18/2022,160
A/Darwin/9/2021,A/Massachusetts/18/2022,160
A/Catalonia/NSVH161512067/2022,A/Massachusetts/18/2022,160
A/Albania/289813/2022,A/Massachusetts/18/2022,320
A/Massachusetts/18/2022,A/Massachusetts/18/2022,640
A/Thailand/08/2022,A/Massachusetts/18/2022,320
A/Ghana/7529/2023,A/Massachusetts/18/2022,80
A/Ghana/7400/2023,A/Massachusetts/18/2022,80
A/Ghana/7625/2023,A/Massachusetts/18/2022,160
A/Ghana/2186/2023,A/Massachusetts/18/2022,160
A/Switzerland/62567/2023,A/Massachusetts/18/2022,640
A/Switzerland/62589/2023,A/Massachusetts/18/2022,320
A/Iceland/34327/2023,A/Massachusetts/18/2022,320
A/Ireland/00100379/2023,A/Massachusetts/18/2022,320
A/Ireland/00100281/2023,A/Massachusetts/18/2022,160
A/Burgos/27/2023,A/Massachusetts/18/2022,640
A/Burgos/35/2023,A/Massachusetts/18/2022,320
A/Burgos/28/2023,A/Massachusetts/18/2022,320
A/Segovia/54/2023,A/Massachusetts/18/2022,320
A/Switzerland/28412/2023,A/Massachusetts/18/2022,640
A/Ireland/00101350/2023,A/Massachusetts/18/2022,640
A/Ireland/00102017/2023,A/Massachusetts/18/2022,320
A/Iceland/34967/2023,A/Massachusetts/18/2022,320
A/Iceland/35570/2023,A/Massachusetts/18/2022,160
A/Iceland/35687/2023,A/Massachusetts/18/2022,320
A/Iceland/35741/2023,A/Massachusetts/18/2022,160
A/Switzerland/05384/2023,A/Massachusetts/18/2022,160
A/Iceland/35921/2023,A/Massachusetts/18/2022,320
A/Iceland/36088/2023,A/Massachusetts/18/2022,80
A/Iceland/36118/2023,A/Massachusetts/18/2022,160
A/Iceland/36222/2023,A/Massachusetts/18/2022,160
A/Iceland/36433/2023,A/Massachusetts/18/2022,160
A/Switzerland/83089/2023,A/Massachusetts/18/2022,320
A/Switzerland/82850/2023,A/Massachusetts/18/2022,320
A/Switzerland/25797/2023,A/Massachusetts/18/2022,160
A/Iceland/37250/2023,A/Massachusetts/18/2022,160
A/Switzerland/8649/2023,A/Massachusetts/18/2022,160
A/Iceland/37255/2023,A/Massachusetts/18/2022,320
A/Iceland/37274/2023,A/Massachusetts/18/2022,160
A/Iceland/37368/2023,A/Massachusetts/18/2022,640
A/Iceland/37410/2023,A/Massachusetts/18/2022,320
A/Iceland/37528/2023,A/Massachusetts/18/2022,160
A/Iceland/37811/2023,A/Massachusetts/18/2022,160
A/Switzerland/71762/2023,A/Massachusetts/18/2022,320
A/Iceland/37943/2023,A/Massachusetts/18/2022,160
A/Iceland/38351/2023,A/Massachusetts/18/2022,160
A/Iceland/38354/2023,A/Massachusetts/18/2022,160
A/Iceland/38547/2023,A/Massachusetts/18/2022,160
A/Iceland/38721/2023,A/Massachusetts/18/2022,160
A/Ireland/00106787/2023,A/Massachusetts/18/2022,320
A/Ireland/00107299/2023,A/Massachusetts/18/2022,320
A/Ireland/00107900/2023,A/Massachusetts/18/2022,320
A/Thuringen/10/2022,A/Thailand/08/2022,160
A/Switzerland/28719/2022,A/Thailand/08/2022,160
A/Stockholm/5/2021,A/Thailand/08/2022,320
A/Darwin/9/2021,A/Thailand/08/2022,320
A/Catalonia/NSVH161512067/2022,A/Thailand/08/2022,320
A/Albania/289813/2022,A/Thailand/08/2022,640
A/Massachusetts/18/2022,A/Thailand/08/2022,1280
A/Thailand/08/2022,A/Thailand/08/2022,640
A/Ghana/7529/2023,A/Thailand/08/2022,320
A/Ghana/7400/2023,A/Thailand/08/2022,320
A/Ghana/7625/2023,A/Thailand/08/2022,640
A/Ghana/2186/2023,A/Thailand/08/2022,320
A/Switzerland/62567/2023,A/Thailand/08/2022,1280
A/Switzerland/62589/2023,A/Thailand/08/2022,640
A/Iceland/34327/2023,A/Thailand/08/2022,640
A/Ireland/00100379/2023,A/Thailand/08/2022,640
A/Ireland/00100281/2023,A/Thailand/08/2022,640
A/Burgos/27/2023,A/Thailand/08/2022,1280
A/Burgos/35/2023,A/Thailand/08/2022,640
A/Burgos/28/2023,A/Thailand/08/2022,640
A/Segovia/54/2023,A/Thailand/08/2022,640
A/Switzerland/28412/2023,A/Thailand/08/2022,1280
A/Ireland/00101350/2023,A/Thailand/08/2022,1280
A/Ireland/00102017/2023,A/Thailand/08/2022,1280
A/Iceland/34967/2023,A/Thailand/08/2022,640
A/Iceland/35570/2023,A/Thailand/08/2022,320
A/Iceland/35687/2023,A/Thailand/08/2022,640
A/Iceland/35741/2023,A/Thailand/08/2022,320
A/Switzerland/05384/2023,A/Thailand/08/2022,320
A/Iceland/35921/2023,A/Thailand/08/2022,640
A/Iceland/36088/2023,A/Thailand/08/2022,320
A/Iceland/36118/2023,A/Thailand/08/2022,320
A/Iceland/36222/2023,A/Thailand/08/2022,640
A/Iceland/36433/2023,A/Thailand/08/2022,320
A/Switzerland/83089/2023,A/Thailand/08/2022,640
A/Switzerland/82850/2023,A/Thailand/08/2022,640
A/Switzerland/25797/2023,A/Thailand/08/2022,320
A/Iceland/37250/2023,A/Thailand/08/2022,320
A/Switzerland/8649/2023,A/Thailand/08/2022,640
A/Iceland/37255/2023,A/Thailand/08/2022,640
A/Iceland/37274/2023,A/Thailand/08/2022,320
A/Iceland/37368/2023,A/Thailand/08/2022,1280
A/Iceland/37410/2023,A/Thailand/08/2022,640
A/Iceland/37528/2023,A/Thailand/08/2022,640
A/Iceland/37811/2023,A/Thailand/08/2022,320
A/Switzerland/71762/2023,A/Thailand/08/2022,640
A/Iceland/37943/2023,A/Thailand/08/2022,320
A/Iceland/38351/2023,A/Thailand/08/2022,320
A/Iceland/38354/2023,A/Thailand/08/2022,320
A/Iceland/38547/2023,A/Thailand/08/2022,320
A/Iceland/38721/2023,A/Thailand/08/2022,320
A/Ireland/00106787/2023,A/Thailand/08/2022,640
A/Ireland/00107299/2023,A/Thailand/08/2022,640
A/Ireland/00107900/2023,A/Thailand/08/2022,640
A/Thuringen/10/2022,A/Thuringen/10/2022,320
A/Switzerland/28719/2022,A/Thuringen/10/2022,320
A/Stockholm/5/2021,A/Thuringen/10/2022,160
A/Darwin/9/2021,A/Thuringen/10/2022,160
A/Catalonia/NSVH161512067/2022,A/Thuringen/10/2022,160
A/Albania/289813/2022,A/Thuringen/10/2022,160
A/Massachusetts/18/2022,A/Thuringen/10/2022,160
A/Thailand/08/2022,A/Thuringen/10/2022,160
A/Sydney/856/2023,A/Thuringen/10/2022,160
A/Sydney/878/2023,A/Thuringen/10/2022,320
A/Montenegro/222910/2023,A/Thuringen/10/2022,160
A/Hungary/153/2023,A/Thuringen/10/2022,320
A/Montenegro/242559/2023,A/Thuringen/10/2022,80
A/Hungary/177/2023,A/Thuringen/10/2022,320
A/Algeria/2157/2023,A/Thuringen/10/2022,80
A/Hungary/204/2023,A/Thuringen/10/2022,160
A/Hungary/199/2023,A/Thuringen/10/2022,80
A/Hungary/147/2023,A/Thuringen/10/2022,80
A/Ireland/00106785/2023,A/Thuringen/10/2022,80
A/Ireland/00105655/2023,A/Thuringen/10/2022,160
A/Hungary/174/2023,A/Thuringen/10/2022,160
A/Algeria/1229/2023,A/Thuringen/10/2022,80
A/Montenegro/243157/2023,A/Thuringen/10/2022,160
A/Hungary/169/2023,A/Thuringen/10/2022,320
A/Algeria/1767/2023,A/Thuringen/10/2022,160
A/Montenegro/244677/2023,A/Thuringen/10/2022,160
A/Hungary/206/2023,A/Thuringen/10/2022,160
A/Hungary/148/2023,A/Thuringen/10/2022,160
A/Hungary/202/2023,A/Thuringen/10/2022,160
A/Thuringen/10/2022,A/Switzerland/28719/2022,640
A/Switzerland/28719/2022,A/Switzerland/28719/2022,1280
A/Stockholm/5/2021,A/Switzerland/28719/2022,320
A/Darwin/9/2021,A/Switzerland/28719/2022,640
A/Catalonia/NSVH161512067/2022,A/Switzerland/28719/2022,320
A/Albania/289813/2022,A/Switzerland/28719/2022,320
A/Massachusetts/18/2022,A/Switzerland/28719/2022,640
A/Thailand/08/2022,A/Switzerland/28719/2022,640
A/Sydney/856/2023,A/Switzerland/28719/2022,640
A/Sydney/878/2023,A/Switzerland/28719/2022,640
A/Montenegro/222910/2023,A/Switzerland/28719/2022,640
A/Hungary/153/2023,A/Switzerland/28719/2022,640
A/Montenegro/242559/2023,A/Switzerland/28719/2022,160
A/Hungary/177/2023,A/Switzerland/28719/2022,640
A/Algeria/2157/2023,A/Switzerland/28719/2022,320
A/Hungary/204/2023,A/Switzerland/28719/2022,320
A/Hungary/199/2023,A/Switzerland/28719/2022,160
A/Hungary/147/2023,A/Switzerland/28719/2022,320
A/Ireland/00106785/2023,A/Switzerland/28719/2022,320
A/Ireland/00105655/2023,A/Switzerland/28719/2022,640
A/Hungary/174/2023,A/Switzerland/28719/2022,320
A/Algeria/1229/2023,A/Switzerland/28719/2022,160
A/Montenegro/243157/2023,A/Switzerland/28719/2022,320
A/Hungary/169/2023,A/Switzerland/28719/2022,640
A/Algeria/1767/2023,A/Switzerland/28719/2022,640
A/Montenegro/244677/2023,A/Switzerland/28719/2022,320
A/Hungary/206/2023,A/Switzerland/28719/2022,320
A/Hungary/148/2023,A/Switzerland/28719/2022,320
A/Hungary/202/2023,A/Switzerland/28719/2022,320
A/Thuringen/10/2022,A/Stockholm/5/2021,320
A/Switzerland/28719/2022,A/Stockholm/5/2021,320
A/Stockholm/5/2021,A/Stockholm/5/2021,320
A/Darwin/9/2021,A/Stockholm/5/2021,320
A/Catalonia/NSVH161512067/2022,A/Stockholm/5/2021,160
A/Albania/289813/2022,A/Stockholm/5/2021,160
A/Massachusetts/18/2022,A/Stockholm/5/2021,320
A/Thailand/08/2022,A/Stockholm/5/2021,320
A/Sydney/856/2023,A/Stockholm/5/2021,160
A/Sydney/878/2023,A/Stockholm/5/2021,320
A/Montenegro/222910/2023,A/Stockholm/5/2021,320
A/Hungary/153/2023,A/Stockholm/5/2021,320
A/Montenegro/242559/2023,A/Stockholm/5/2021,80
A/Hungary/177/2023,A/Stockholm/5/2021,640
A/Algeria/2157/2023,A/Stockholm/5/2021,160
A/Hungary/204/2023,A/Stockholm/5/2021,160
A/Hungary/199/2023,A/Stockholm/5/2021,160
A/Hungary/147/2023,A/Stockholm/5/2021,160
A/Ireland/00106785/2023,A/Stockholm/5/2021,160
A/Ireland/00105655/2023,A/Stockholm/5/2021,160
A/Hungary/174/2023,A/Stockholm/5/2021,160
A/Algeria/1229/2023,A/Stockholm/5/2021,80
A/Montenegro/243157/2023,A/Stockholm/5/2021,160
A/Hungary/169/2023,A/Stockholm/5/2021,640
A/Algeria/1767/2023,A/Stockholm/5/2021,160
A/Montenegro/244677/2023,A/Stockholm/5/2021,160
A/Hungary/206/2023,A/Stockholm/5/2021,320
A/Hungary/148/2023,A/Stockholm/5/2021,320
A/Hungary/202/2023,A/Stockholm/5/2021,160
A/Thuringen/10/2022,A/Darwin/9/2021,320
A/Switzerland/28719/2022,A/Darwin/9/2021,320
A/Stockholm/5/2021,A/Darwin/9/2021,640
A/Darwin/9/2021,A/Darwin/9/2021,640
A/Catalonia/NSVH161512067/2022,A/Darwin/9/2021,640
A/Albania/289813/2022,A/Darwin/9/2021,320
A/Massachusetts/18/2022,A/Darwin/9/2021,640
A/Thailand/08/2022,A/Darwin/9/2021,640
A/Sydney/856/2023,A/Darwin/9/2021,640
A/Sydney/878/2023,A/Darwin/9/2021,640
A/Montenegro/222910/2023,A/Darwin/9/2021,320
A/Hungary/153/2023,A/Darwin/9/2021,640
A/Montenegro/242559/2023,A/Darwin/9/2021,320
A/Hungary/177/2023,A/Darwin/9/2021,640
A/Algeria/2157/2023,A/Darwin/9/2021,320
A/Hungary/204/2023,A/Darwin/9/2021,320
A/Hungary/199/2023,A/Darwin/9/2021,160
A/Hungary/147/2023,A/Darwin/9/2021,320
A/Ireland/00106785/2023,A/Darwin/9/2021,320
A/Ireland/00105655/2023,A/Darwin/9/2021,640
A/Hungary/174/2023,A/Darwin/9/2021,640
A/Algeria/1229/2023,A/Darwin/9/2021,160
A/Montenegro/243157/2023,A/Darwin/9/2021,320
A/Hungary/169/2023,A/Darwin/9/2021,640
A/Algeria/1767/2023,A/Darwin/9/2021,640
A/Montenegro/244677/2023,A/Darwin/9/2021,320
A/Hungary/206/2023,A/Darwin/9/2021,640
A/Hungary/148/2023,A/Darwin/9/2021,320
A/Hungary/202/2023,A/Darwin/9/2021,320
A/Thuringen/10/2022,A/Catalonia/NSVH161512067/2022,80
A/Switzerland/28719/2022,A/Catalonia/NSVH161512067/2022,40
A/Stockholm/5/2021,A/Catalonia/NSVH161512067/2022,160
A/Darwin/9/2021,A/Catalonia/NSVH161512067/2022,160
A/Catalonia/NSVH161512067/2022,A/Catalonia/NSVH161512067/2022,640
A/Albania/289813/2022,A/Catalonia/NSVH161512067/2022,80
A/Massachusetts/18/2022,A/Catalonia/NSVH161512067/2022,320
A/Thailand/08/2022,A/Catalonia/NSVH161512067/2022,160
A/Sydney/856/2023,A/Catalonia/NSVH161512067/2022,160
A/Sydney/878/2023,A/Catalonia/NSVH161512067/2022,160
A/Montenegro/222910/2023,A/Catalonia/NSVH161512067/2022,160
A/Hungary/153/2023,A/Catalonia/NSVH161512067/2022,160
A/Montenegro/242559/2023,A/Catalonia/NSVH161512067/2022,80
A/Hungary/177/2023,A/Catalonia/NSVH161512067/2022,320
A/Algeria/2157/2023,A/Catalonia/NSVH161512067/2022,80
A/Hungary/204/2023,A/Catalonia/NSVH161512067/2022,160
A/Hungary/199/2023,A/Catalonia/NSVH161512067/2022,80
A/Hungary/147/2023,A/Catalonia/NSVH161512067/2022,80
A/Ireland/00106785/2023,A/Catalonia/NSVH161512067/2022,80
A/Ireland/00105655/2023,A/Catalonia/NSVH161512067/2022,80
A/Hungary/174/2023,A/Catalonia/NSVH161512067/2022,80
A/Algeria/1229/2023,A/Catalonia/NSVH161512067/2022,80
A/Montenegro/243157/2023,A/Catalonia/NSVH161512067/2022,80
A/Hungary/169/2023,A/Catalonia/NSVH161512067/2022,160
A/Algeria/1767/2023,A/Catalonia/NSVH161512067/2022,160
A/Montenegro/244677/2023,A/Catalonia/NSVH161512067/2022,80
A/Hungary/206/2023,A/Catalonia/NSVH161512067/2022,160
A/Hungary/148/2023,A/Catalonia/NSVH161512067/2022,160
A/Hungary/202/2023,A/Catalonia/NSVH161512067/2022,80
A/Thuringen/10/2022,A/Albania/289813/2022,160
A/Switzerland/28719/2022,A/Albania/289813/2022,160
A/Stockholm/5/2021,A/Albania/289813/2022,160
A/Darwin/9/2021,A/Albania/289813/2022,320
A/Catalonia/NSVH161512067/2022,A/Albania/289813/2022,320
A/Albania/289813/2022,A/Albania/289813/2022,640
A/Massachusetts/18/2022,A/Albania/289813/2022,2560
A/Thailand/08/2022,A/Albania/289813/2022,640
A/Sydney/856/2023,A/Albania/289813/2022,1280
A/Sydney/878/2023,A/Albania/289813/2022,640
A/Montenegro/222910/2023,A/Albania/289813/2022,640
A/Hungary/153/2023,A/Albania/289813/2022,1280
A/Montenegro/242559/2023,A/Albania/289813/2022,640
A/Hungary/177/2023,A/Albania/289813/2022,1280
A/Algeria/2157/2023,A/Albania/289813/2022,640
A/Hungary/204/2023,A/Albania/289813/2022,640
A/Hungary/199/2023,A/Albania/289813/2022,320
A/Hungary/147/2023,A/Albania/289813/2022,320
A/Ireland/00106785/2023,A/Albania/289813/2022,640
A/Ireland/00105655/2023,A/Albania/289813/2022,640
A/Hungary/174/2023,A/Albania/289813/2022,320
A/Algeria/1229/2023,A/Albania/289813/2022,320
A/Montenegro/243157/2023,A/Albania/289813/2022,320
A/Hungary/169/2023,A/Albania/289813/2022,640
A/Algeria/1767/2023,A/Albania/289813/2022,640
A/Montenegro/244677/2023,A/Albania/289813/2022,320
A/Hungary/206/2023,A/Albania/289813/2022,640
A/Hungary/148/2023,A/Albania/289813/2022,640
A/Hungary/202/2023,A/Albania/289813/2022,320
A/Thuringen/10/2022,A/Massachusetts/18/2022,160
A/Switzerland/28719/2022,A/Massachusetts/18/2022,160
A/Stockholm/5/2021,A/Massachusetts/18/2022,160
A/Darwin/9/2021,A/Massachusetts/18/2022,160
A/Catalonia/NSVH161512067/2022,A/Massachusetts/18/2022,160
A/Albania/289813/2022,A/Massachusetts/18/2022,320
A/Massachusetts/18/2022,A/Massachusetts/18/2022,1280
A/Thailand/08/2022,A/Massachusetts/18/2022,320
A/Sydney/856/2023,A/Massachusetts/18/2022,1280
A/Sydney/878/2023,A/Massachusetts/18/2022,320
A/Montenegro/222910/2023,A/Massachusetts/18/2022,320
A/Hungary/153/2023,A/Massachusetts/18/2022,640
A/Montenegro/242559/2023,A/Massachusetts/18/2022,320
A/Hungary/177/2023,A/Massachusetts/18/2022,640
A/Algeria/2157/2023,A/Massachusetts/18/2022,320
A/Hungary/204/2023,A/Massachusetts/18/2022,320
A/Hungary/199/2023,A/Massachusetts/18/2022,320
A/Hungary/147/2023,A/Massachusetts/18/2022,160
A/Ireland/00106785/2023,A/Massachusetts/18/2022,160
A/Ireland/00105655/2023,A/Massachusetts/18/2022,320
A/Hungary/174/2023,A/Massachusetts/18/2022,160
A/Algeria/1229/2023,A/Massachusetts/18/2022,160
A/Montenegro/243157/2023,A/Massachusetts/18/2022,160
A/Hungary/169/2023,A/Massachusetts/18/2022,320
A/Algeria/1767/2023,A/Massachusetts/18/2022,320
A/Montenegro/244677/2023,A/Massachusetts/18/2022,160
A/Hungary/206/2023,A/Massachusetts/18/2022,320
A/Hungary/148/2023,A/Massachusetts/18/2022,320
A/Hungary/202/2023,A/Massachusetts/18/2022,160
A/Thuringen/10/2022,A/Thailand/08/2022,160
A/Switzerland/28719/2022,A/Thailand/08/2022,160
A/Stockholm/5/2021,A/Thailand/08/2022,320
A/Darwin/9/2021,A/Thailand/08/2022,320
A/Catalonia/NSVH161512067/2022,A/Thailand/08/2022,320
A/Albania/289813/2022,A/Thailand/08/2022,640
A/Massachusetts/18/2022,A/Thailand/08/2022,2560
A/Thailand/08/2022,A/Thailand/08/2022,1280
A/Sydney/856/2023,A/Thailand/08/2022,2560
A/Sydney/878/2023,A/Thailand/08/2022,1280
A/Montenegro/222910/2023,A/Thailand/08/2022,640
A/Hungary/153/2023,A/Thailand/08/2022,1280
A/Montenegro/242559/2023,A/Thailand/08/2022,640
A/Hungary/177/2023,A/Thailand/08/2022,1280
A/Algeria/2157/2023,A/Thailand/08/2022,640
A/Hungary/204/2023,A/Thailand/08/2022,1280
A/Hungary/199/2023,A/Thailand/08/2022,640
A/Hungary/147/2023,A/Thailand/08/2022,320
A/Ireland/00106785/2023,A/Thailand/08/2022,640
A/Ireland/00105655/2023,A/Thailand/08/2022,640
A/Hungary/174/2023,A/Thailand/08/2022,640
A/Algeria/1229/2023,A/Thailand/08/2022,320
A/Montenegro/243157/2023,A/Thailand/08/2022,320
A/Hungary/169/2023,A/Thailand/08/2022,1280
A/Algeria/1767/2023,A/Thailand/08/2022,640
A/Montenegro/244677/2023,A/Thailand/08/2022,640
A/Hungary/206/2023,A/Thailand/08/2022,640
A/Hungary/148/2023,A/Thailand/08/2022,640
A/Hungary/202/2023,A/Thailand/08/2022,320
A/Thuringen/10/2022,A/Sydney/856/2023,320
A/Switzerland/28719/2022,A/Sydney/856/2023,320
A/Stockholm/5/2021,A/Sydney/856/2023,320
A/Darwin/9/2021,A/Sydney/856/2023,640
A/Catalonia/NSVH161512067/2022,A/Sydney/856/2023,320
A/Albania/289813/2022,A/Sydney/856/2023,640
A/Massachusetts/18/2022,A/Sydney/856/2023,1280
A/Thailand/08/2022,A/Sydney/856/2023,1280
A/Sydney/856/2023,A/Sydney/856/2023,1280
A/Sydney/878/2023,A/Sydney/856/2023,1280
A/Montenegro/222910/2023,A/Sydney/856/2023,640
A/Hungary/153/2023,A/Sydney/856/2023,1280
A/Montenegro/242559/2023,A/Sydney/856/2023,640
A/Hungary/177/2023,A/Sydney/856/2023,1280
A/Algeria/2157/2023,A/Sydney/856/2023,640
A/Hungary/204/2023,A/Sydney/856/2023,640
A/Hungary/199/2023,A/Sydney/856/2023,640
A/Hungary/147/2023,A/Sydney/856/2023,320
A/Ireland/00106785/2023,A/Sydney/856/2023,640
A/Ireland/00105655/2023,A/Sydney/856/2023,640
A/Hungary/174/2023,A/Sydney/856/2023,640
A/Algeria/1229/2023,A/Sydney/856/2023,320
A/Montenegro/243157/2023,A/Sydney/856/2023,640
A/Hungary/169/2023,A/Sydney/856/2023,640
A/Algeria/1767/2023,A/Sydney/856/2023,640
A/Montenegro/244677/2023,A/Sydney/856/2023,640
A/Hungary/206/2023,A/Sydney/856/2023,640
A/Hungary/148/2023,A/Sydney/856/2023,640
A/Hungary/202/2023,A/Sydney/856/2023,320
A/Thuringen/10/2022,A/Sydney/878/2023,320
A/Switzerland/28719/2022,A/Sydney/878/2023,320
A/Stockholm/5/2021,A/Sydney/878/2023,640
A/Darwin/9/2021,A/Sydney/878/2023,640
A/Catalonia/NSVH161512067/2022,A/Sydney/878/2023,640
A/Albania/289813/2022,A/Sydney/878/2023,320
A/Massachusetts/18/2022,A/Sydney/878/2023,640
A/Thailand/08/2022,A/Sydney/878/2023,1280
A/Sydney/856/2023,A/Sydney/878/2023,640
A/Sydney/878/2023,A/Sydney/878/2023,1280
A/Montenegro/222910/2023,A/Sydney/878/2023,640
A/Hungary/153/2023,A/Sydney/878/2023,1280
A/Montenegro/242559/2023,A/Sydney/878/2023,320
A/Hungary/177/2023,A/Sydney/878/2023,1280
A/Algeria/2157/2023,A/Sydney/878/2023,320
A/Hungary/204/2023,A/Sydney/878/2023,640
A/Hungary/199/2023,A/Sydney/878/2023,320
A/Hungary/147/2023,A/Sydney/878/2023,320
A/Ireland/00106785/2023,A/Sydney/878/2023,640
A/Ireland/00105655/2023,A/Sydney/878/2023,640
A/Hungary/174/2023,A/Sydney/878/2023,640
A/Algeria/1229/2023,A/Sydney/878/2023,320
A/Montenegro/243157/2023,A/Sydney/878/2023,640
A/Hungary/169/2023,A/Sydney/878/2023,1280
A/Algeria/1767/2023,A/Sydney/878/2023,640
A/Montenegro/244677/2023,A/Sydney/878/2023,640
A/Hungary/206/2023,A/Sydney/878/2023,1280
A/Hungary/148/2023,A/Sydney/878/2023,640
A/Hungary/202/2023,A/Sydney/878/2023,640
A/Thuringen/10/2022,A/Thuringen/10/2022,320
A/Switzerland/28719/2022,A/Thuringen/10/2022,320
A/Stockholm/5/2021,A/Thuringen/10/2022,160
A/Darwin/9/2021,A/Thuringen/10/2022,160
A/Catalonia/NSVH161512067/2022,A/Thuringen/10/2022,80
A/Albania/289813/2022,A/Thuringen/10/2022,80
A/Massachusetts/18/2022,A/Thuringen/10/2022,160
A/Thailand/08/2022,A/Thuringen/10/2022,160
A/Sydney/856/2023,A/Thuringen/10/2022,320
A/Sydney/878/2023,A/Thuringen/10/2022,320
A/Netherlands/10556/2023,A/Thuringen/10/2022,80
A/Mauritius/P50061/2023,A/Thuringen/10/2022,80
A/Netherlands/10538/2023,A/Thuringen/10/2022,160
A/Netherlands/10541/2023,A/Thuringen/10/2022,80
A/Mauritius/P53142/2023,A/Thuringen/10/2022,80
A/Croatia/14020/2023,A/Thuringen/10/2022,160
A/Netherlands/10555/2023,A/Thuringen/10/2022,160
A/Andalucia/2147/2023,A/Thuringen/10/2022,160
A/Andalucia/2151/2023,A/Thuringen/10/2022,160
A/England/46/2023,A/Thuringen/10/2022,160
A/Jonkoping/SE23-14308/2023,A/Thuringen/10/2022,80
A/Ostersund/SE23-14558/2023,A/Thuringen/10/2022,160
A/Umea/SE23-15164/2023,A/Thuringen/10/2022,160
A/Trollhattan/SE23-15158/2023,A/Thuringen/10/2022,160
A/Hungary/141/2023,A/Thuringen/10/2022,160
A/Romania/562346/2023,A/Thuringen/10/2022,160
A/PaisVasco/2308/2023,A/Thuringen/10/2022,160
A/Navarra/2430/2023,A/Thuringen/10/2022,160
A/Navarra/2505/2023,A/Thuringen/10/2022,160
A/Serbia/8127/2023,A/Thuringen/10/2022,160
A/Gavle/SE23-16072/2023,A/Thuringen/10/2022,160
A/Luxembourg/7878919/2023,A/Thuringen/10/2022,160
A/PaisVasco/2726/2023,A/Thuringen/10/2022,160
A/Romania/563982/2024,A/Thuringen/10/2022,160
A/Linkoping/SE24-00207/2024,A/Thuringen/10/2022,160
A/Romania/564001/2024,A/Thuringen/10/2022,160
A/Romania/564002/2024,A/Thuringen/10/2022,160
A/Mauritius/P52643/2023,A/Thuringen/10/2022,320
A/England/42/2023,A/Thuringen/10/2022,160
A/England/43/2023,A/Thuringen/10/2022,160
A/Netherlands/10551/2023,A/Thuringen/10/2022,160
A/England/40/2023,A/Thuringen/10/2022,80
A/Netherlands/10554/2023,A/Thuringen/10/2022,320
A/England/45/2023,A/Thuringen/10/2022,160
A/England/47/2023,A/Thuringen/10/2022,80
A/Netherlands/10561/2023,A/Thuringen/10/2022,320
A/Netherlands/10559/2023,A/Thuringen/10/2022,160
A/Vasteras/SE23-14213/2023,A/Thuringen/10/2022,80
A/England/48/2023,A/Thuringen/10/2022,160
A/Linkoping/SE23-14481/2023,A/Thuringen/10/2022,160
A/Netherlands/10563/2023,A/Thuringen/10/2022,160
A/Hungary/140/2023,A/Thuringen/10/2022,80
A/Belgium/101/2023,A/Thuringen/10/2022,160
A/Croatia/14028/2023,A/Thuringen/10/2022,80
A/Croatia/14051/2023,A/Thuringen/10/2022,80
A/Romania/563383/2023,A/Thuringen/10/2022,80
A/Croatia/14073/2023,A/Thuringen/10/2022,160
A/Serbia/7976/2023,A/Thuringen/10/2022,160
A/Algeria/2131/2023,A/Thuringen/10/2022,160
A/Luxembourg/510839/2023,A/Thuringen/10/2022,160
A/Luxembourg/4634126/2023,A/Thuringen/10/2022,160
A/Boras/SE23-16165/2023,A/Thuringen/10/2022,80
A/Serbia/8265/2023,A/Thuringen/10/2022,160
A/Bulgaria/2696/2023,A/Thuringen/10/2022,80
A/Serbia/8321/2023,A/Thuringen/10/2022,160
A/Ukraine/2067/2023,A/Thuringen/10/2022,160
A/Georgia/GEO42/2024,A/Thuringen/10/2022,160
A/Netherlands/10536/2023,A/Thuringen/10/2022,160
A/Romania/563027/2023,A/Thuringen/10/2022,160
A/Romania/563219/2023,A/Thuringen/10/2022,80
A/Thuringen/10/2022,A/Switzerland/28719/2022,640
A/Switzerland/28719/2022,A/Switzerland/28719/2022,1280
A/Stockholm/5/2021,A/Switzerland/28719/2022,320
A/Darwin/9/2021,A/Switzerland/28719/2022,640
A/Catalonia/NSVH161512067/2022,A/Switzerland/28719/2022,320
A/Albania/289813/2022,A/Switzerland/28719/2022,320
A/Massachusetts/18/2022,A/Switzerland/28719/2022,640
A/Thailand/08/2022,A/Switzerland/28719/2022,640
A/Sydney/856/2023,A/Switzerland/28719/2022,640
A/Sydney/878/2023,A/Switzerland/28719/2022,640
A/Netherlands/10556/2023,A/Switzerland/28719/2022,320
A/Mauritius/P50061/2023,A/Switzerland/28719/2022,160
A/Netherlands/10538/2023,A/Switzerland/28719/2022,640
A/Netherlands/10541/2023,A/Switzerland/28719/2022,320
A/Mauritius/P53142/2023,A/Switzerland/28719/2022,320
A/Croatia/14020/2023,A/Switzerland/28719/2022,320
A/Netherlands/10555/2023,A/Switzerland/28719/2022,320
A/Andalucia/2147/2023,A/Switzerland/28719/2022,320
A/Andalucia/2151/2023,A/Switzerland/28719/2022,320
A/England/46/2023,A/Switzerland/28719/2022,320
A/Jonkoping/SE23-14308/2023,A/Switzerland/28719/2022,320
A/Ostersund/SE23-14558/2023,A/Switzerland/28719/2022,320
A/Umea/SE23-15164/2023,A/Switzerland/28719/2022,640
A/Trollhattan/SE23-15158/2023,A/Switzerland/28719/2022,640
A/Hungary/141/2023,A/Switzerland/28719/2022,320
A/Romania/562346/2023,A/Switzerland/28719/2022,640
A/PaisVasco/2308/2023,A/Switzerland/28719/2022,320
A/Navarra/2430/2023,A/Switzerland/28719/2022,320
A/Navarra/2505/2023,A/Switzerland/28719/2022,320
A/Serbia/8127/2023,A/Switzerland/28719/2022,320
A/Gavle/SE23-16072/2023,A/Switzerland/28719/2022,640
A/Luxembourg/7878919/2023,A/Switzerland/28719/2022,640
A/PaisVasco/2726/2023,A/Switzerland/28719/2022,640
A/Romania/563982/2024,A/Switzerland/28719/2022,640
A/Linkoping/SE24-00207/2024,A/Switzerland/28719/2022,640
A/Romania/564001/2024,A/Switzerland/28719/2022,320
A/Romania/564002/2024,A/Switzerland/28719/2022,640
A/Mauritius/P52643/2023,A/Switzerland/28719/2022,1280
A/England/42/2023,A/Switzerland/28719/2022,320
A/England/43/2023,A/Switzerland/28719/2022,320
A/Netherlands/10551/2023,A/Switzerland/28719/2022,640
A/England/40/2023,A/Switzerland/28719/2022,320
A/Netherlands/10554/2023,A/Switzerland/28719/2022,640
A/England/45/2023,A/Switzerland/28719/2022,320
A/England/47/2023,A/Switzerland/28719/2022,160
A/Netherlands/10561/2023,A/Switzerland/28719/2022,640
A/Netherlands/10559/2023,A/Switzerland/28719/2022,320
A/Vasteras/SE23-14213/2023,A/Switzerland/28719/2022,320
A/England/48/2023,A/Switzerland/28719/2022,320
A/Linkoping/SE23-14481/2023,A/Switzerland/28719/2022,640
A/Netherlands/10563/2023,A/Switzerland/28719/2022,640
A/Hungary/140/2023,A/Switzerland/28719/2022,320
A/Belgium/101/2023,A/Switzerland/28719/2022,320
A/Croatia/14028/2023,A/Switzerland/28719/2022,320
A/Croatia/14051/2023,A/Switzerland/28719/2022,160
A/Romania/563383/2023,A/Switzerland/28719/2022,320
A/Croatia/14073/2023,A/Switzerland/28719/2022,320
A/Serbia/7976/2023,A/Switzerland/28719/2022,320
A/Algeria/2131/2023,A/Switzerland/28719/2022,320
A/Luxembourg/510839/2023,A/Switzerland/28719/2022,320
A/Luxembourg/4634126/2023,A/Switzerland/28719/2022,320
A/Boras/SE23-16165/2023,A/Switzerland/28719/2022,320
A/Serbia/8265/2023,A/Switzerland/28719/2022,320
A/Bulgaria/2696/2023,A/Switzerland/28719/2022,320
A/Serbia/8321/2023,A/Switzerland/28719/2022,640
A/Ukraine/2067/2023,A/Switzerland/28719/2022,320
A/Georgia/GEO42/2024,A/Switzerland/28719/2022,640
A/Netherlands/10536/2023,A/Switzerland/28719/2022,640
A/Romania/563027/2023,A/Switzerland/28719/2022,320
A/Romania/563219/2023,A/Switzerland/28719/2022,320
A/Thuringen/10/2022,A/Stockholm/5/2021,320
A/Switzerland/28719/2022,A/Stockholm/5/2021,160
A/Stockholm/5/2021,A/Stockholm/5/2021,640
A/Darwin/9/2021,A/Stockholm/5/2021,320
A/Catalonia/NSVH161512067/2022,A/Stockholm/5/2021,160
A/Albania/289813/2022,A/Stockholm/5/2021,160
A/Massachusetts/18/2022,A/Stockholm/5/2021,320
A/Thailand/08/2022,A/Stockholm/5/2021,320
A/Sydney/856/2023,A/Stockholm/5/2021,320
A/Sydney/878/2023,A/Stockholm/5/2021,320
A/Netherlands/10556/2023,A/Stockholm/5/2021,160
A/Mauritius/P50061/2023,A/Stockholm/5/2021,80
A/Netherlands/10538/2023,A/Stockholm/5/2021,160
A/Netherlands/10541/2023,A/Stockholm/5/2021,160
A/Mauritius/P53142/2023,A/Stockholm/5/2021,160
A/Croatia/14020/2023,A/Stockholm/5/2021,320
A/Netherlands/10555/2023,A/Stockholm/5/2021,160
A/Andalucia/2147/2023,A/Stockholm/5/2021,160
A/Andalucia/2151/2023,A/Stockholm/5/2021,160
A/England/46/2023,A/Stockholm/5/2021,160
A/Jonkoping/SE23-14308/2023,A/Stockholm/5/2021,160
A/Ostersund/SE23-14558/2023,A/Stockholm/5/2021,160
A/Umea/SE23-15164/2023,A/Stockholm/5/2021,320
A/Trollhattan/SE23-15158/2023,A/Stockholm/5/2021,320
A/Hungary/141/2023,A/Stockholm/5/2021,160
A/Romania/562346/2023,A/Stockholm/5/2021,160
A/PaisVasco/2308/2023,A/Stockholm/5/2021,160
A/Navarra/2430/2023,A/Stockholm/5/2021,160
A/Navarra/2505/2023,A/Stockholm/5/2021,160
A/Serbia/8127/2023,A/Stockholm/5/2021,160
A/Gavle/SE23-16072/2023,A/Stockholm/5/2021,320
A/Luxembourg/7878919/2023,A/Stockholm/5/2021,320
A/PaisVasco/2726/2023,A/Stockholm/5/2021,160
A/Romania/563982/2024,A/Stockholm/5/2021,320
A/Linkoping/SE24-00207/2024,A/Stockholm/5/2021,160
A/Romania/564001/2024,A/Stockholm/5/2021,320
A/Romania/564002/2024,A/Stockholm/5/2021,160
A/Mauritius/P52643/2023,A/Stockholm/5/2021,320
A/England/42/2023,A/Stockholm/5/2021,160
A/England/43/2023,A/Stockholm/5/2021,160
A/Netherlands/10551/2023,A/Stockholm/5/2021,320
A/England/40/2023,A/Stockholm/5/2021,80
A/Netherlands/10554/2023,A/Stockholm/5/2021,320
A/England/45/2023,A/Stockholm/5/2021,160
A/England/47/2023,A/Stockholm/5/2021,160
A/Netherlands/10561/2023,A/Stockholm/5/2021,320
A/Netherlands/10559/2023,A/Stockholm/5/2021,160
A/Vasteras/SE23-14213/2023,A/Stockholm/5/2021,160
A/England/48/2023,A/Stockholm/5/2021,160
A/Linkoping/SE23-14481/2023,A/Stockholm/5/2021,320
A/Netherlands/10563/2023,A/Stockholm/5/2021,320
A/Hungary/140/2023,A/Stockholm/5/2021,320
A/Belgium/101/2023,A/Stockholm/5/2021,160
A/Croatia/14028/2023,A/Stockholm/5/2021,160
A/Croatia/14051/2023,A/Stockholm/5/2021,160
A/Romania/563383/2023,A/Stockholm/5/2021,160
A/Croatia/14073/2023,A/Stockholm/5/2021,160
A/Serbia/7976/2023,A/Stockholm/5/2021,160
A/Algeria/2131/2023,A/Stockholm/5/2021,160
A/Luxembourg/510839/2023,A/Stockholm/5/2021,320
A/Luxembourg/4634126/2023,A/Stockholm/5/2021,160
A/Boras/SE23-16165/2023,A/Stockholm/5/2021,160
A/Serbia/8265/2023,A/Stockholm/5/2021,160
A/Bulgaria/2696/2023,A/Stockholm/5/2021,160
A/Serbia/8321/2023,A/Stockholm/5/2021,160
A/Ukraine/2067/2023,A/Stockholm/5/2021,160
A/Georgia/GEO42/2024,A/Stockholm/5/2021,160
A/Netherlands/10536/2023,A/Stockholm/5/2021,320
A/Romania/563027/2023,A/Stockholm/5/2021,160
A/Romania/563219/2023,A/Stockholm/5/2021,160
A/Thuringen/10/2022,A/Darwin/9/2021,320
A/Switzerland/28719/2022,A/Darwin/9/2021,160
A/Stockholm/5/2021,A/Darwin/9/2021,640
A/Darwin/9/2021,A/Darwin/9/2021,640
A/Catalonia/NSVH161512067/2022,A/Darwin/9/2021,320
A/Albania/289813/2022,A/Darwin/9/2021,320
A/Massachusetts/18/2022,A/Darwin/9/2021,640
A/Thailand/08/2022,A/Darwin/9/2021,640
A/Sydney/856/2023,A/Darwin/9/2021,640
A/Sydney/878/2023,A/Darwin/9/2021,640
A/Netherlands/10556/2023,A/Darwin/9/2021,160
A/Mauritius/P50061/2023,A/Darwin/9/2021,160
A/Netherlands/10538/2023,A/Darwin/9/2021,320
A/Netherlands/10541/2023,A/Darwin/9/2021,320
A/Mauritius/P53142/2023,A/Darwin/9/2021,320
A/Croatia/14020/2023,A/Darwin/9/2021,320
A/Netherlands/10555/2023,A/Darwin/9/2021,320
A/Andalucia/2147/2023,A/Darwin/9/2021,320
A/Andalucia/2151/2023,A/Darwin/9/2021,320
A/England/46/2023,A/Darwin/9/2021,320
A/Jonkoping/SE23-14308/2023,A/Darwin/9/2021,320
A/Ostersund/SE23-14558/2023,A/Darwin/9/2021,320
A/Umea/SE23-15164/2023,A/Darwin/9/2021,640
A/Trollhattan/SE23-15158/2023,A/Darwin/9/2021,320
A/Hungary/141/2023,A/Darwin/9/2021,320
A/Romania/562346/2023,A/Darwin/9/2021,640
A/PaisVasco/2308/2023,A/Darwin/9/2021,320
A/Navarra/2430/2023,A/Darwin/9/2021,320
A/Navarra/2505/2023,A/Darwin/9/2021,640
A/Serbia/8127/2023,A/Darwin/9/2021,320
A/Gavle/SE23-16072/2023,A/Darwin/9/2021,640
A/Luxembourg/7878919/2023,A/Darwin/9/2021,640
A/PaisVasco/2726/2023,A/Darwin/9/2021,320
A/Romania/563982/2024,A/Darwin/9/2021,640
A/Linkoping/SE24-00207/2024,A/Darwin/9/2021,320
A/Romania/564001/2024,A/Darwin/9/2021,640
A/Romania/564002/2024,A/Darwin/9/2021,320
A/Mauritius/P52643/2023,A/Darwin/9/2021,1280
A/England/42/2023,A/Darwin/9/2021,320
A/England/43/2023,A/Darwin/9/2021,320
A/Netherlands/10551/2023,A/Darwin/9/2021,640
A/England/40/2023,A/Darwin/9/2021,320
A/Netherlands/10554/2023,A/Darwin/9/2021,640
A/England/45/2023,A/Darwin/9/2021,320
A/England/47/2023,A/Darwin/9/2021,320
A/Netherlands/10561/2023,A/Darwin/9/2021,640
A/Netherlands/10559/2023,A/Darwin/9/2021,320
A/Vasteras/SE23-14213/2023,A/Darwin/9/2021,320
A/England/48/2023,A/Darwin/9/2021,320
A/Linkoping/SE23-14481/2023,A/Darwin/9/2021,640
A/Netherlands/10563/2023,A/Darwin/9/2021,640
A/Hungary/140/2023,A/Darwin/9/2021,640
A/Belgium/101/2023,A/Darwin/9/2021,320
A/Croatia/14028/2023,A/Darwin/9/2021,320
A/Croatia/14051/2023,A/Darwin/9/2021,320
A/Romania/563383/2023,A/Darwin/9/2021,320
A/Croatia/14073/2023,A/Darwin/9/2021,320
A/Serbia/7976/2023,A/Darwin/9/2021,320
A/Algeria/2131/2023,A/Darwin/9/2021,320
A/Luxembourg/510839/2023,A/Darwin/9/2021,320
A/Luxembourg/4634126/2023,A/Darwin/9/2021,320
A/Boras/SE23-16165/2023,A/Darwin/9/2021,320
A/Serbia/8265/2023,A/Darwin/9/2021,640
A/Bulgaria/2696/2023,A/Darwin/9/2021,160
A/Serbia/8321/2023,A/Darwin/9/2021,640
A/Ukraine/2067/2023,A/Darwin/9/2021,320
A/Georgia/GEO42/2024,A/Darwin/9/2021,320
A/Netherlands/10536/2023,A/Darwin/9/2021,640
A/Romania/563027/2023,A/Darwin/9/2021,320
A/Romania/563219/2023,A/Darwin/9/2021,160
A/Thuringen/10/2022,A/Catalonia/NSVH161512067/2022,40
A/Switzerland/28719/2022,A/Catalonia/NSVH161512067/2022,<40
A/Stockholm/5/2021,A/Catalonia/NSVH161512067/2022,160
A/Darwin/9/2021,A/Catalonia/NSVH161512067/2022,160
A/Catalonia/NSVH161512067/2022,A/Catalonia/NSVH161512067/2022,320
A/Albania/289813/2022,A/Catalonia/NSVH161512067/2022,40
A/Massachusetts/18/2022,A/Catalonia/NSVH161512067/2022,160
A/Thailand/08/2022,A/Catalonia/NSVH161512067/2022,160
A/Sydney/856/2023,A/Catalonia/NSVH161512067/2022,320
A/Sydney/878/2023,A/Catalonia/NSVH161512067/2022,160
A/Netherlands/10556/2023,A/Catalonia/NSVH161512067/2022,160
A/Mauritius/P50061/2023,A/Catalonia/NSVH161512067/2022,80
A/Netherlands/10538/2023,A/Catalonia/NSVH161512067/2022,160
A/Netherlands/10541/2023,A/Catalonia/NSVH161512067/2022,160
A/Mauritius/P53142/2023,A/Catalonia/NSVH161512067/2022,80
A/Croatia/14020/2023,A/Catalonia/NSVH161512067/2022,160
A/Netherlands/10555/2023,A/Catalonia/NSVH161512067/2022,160
A/Andalucia/2147/2023,A/Catalonia/NSVH161512067/2022,80
A/Andalucia/2151/2023,A/Catalonia/NSVH161512067/2022,80
A/England/46/2023,A/Catalonia/NSVH161512067/2022,160
A/Jonkoping/SE23-14308/2023,A/Catalonia/NSVH161512067/2022,80
A/Ostersund/SE23-14558/2023,A/Catalonia/NSVH161512067/2022,80
A/Umea/SE23-15164/2023,A/Catalonia/NSVH161512067/2022,160
A/Trollhattan/SE23-15158/2023,A/Catalonia/NSVH161512067/2022,160
A/Hungary/141/2023,A/Catalonia/NSVH161512067/2022,160
A/Romania/562346/2023,A/Catalonia/NSVH161512067/2022,160
A/PaisVasco/2308/2023,A/Catalonia/NSVH161512067/2022,80
A/Navarra/2430/2023,A/Catalonia/NSVH161512067/2022,80
A/Navarra/2505/2023,A/Catalonia/NSVH161512067/2022,80
A/Serbia/8127/2023,A/Catalonia/NSVH161512067/2022,80
A/Gavle/SE23-16072/2023,A/Catalonia/NSVH161512067/2022,160
A/Luxembourg/7878919/2023,A/Catalonia/NSVH161512067/2022,160
A/PaisVasco/2726/2023,A/Catalonia/NSVH161512067/2022,160
A/Romania/563982/2024,A/Catalonia/NSVH161512067/2022,160
A/Linkoping/SE24-00207/2024,A/Catalonia/NSVH161512067/2022,160
A/Romania/564001/2024,A/Catalonia/NSVH161512067/2022,160
A/Romania/564002/2024,A/Catalonia/NSVH161512067/2022,80
A/Mauritius/P52643/2023,A/Catalonia/NSVH161512067/2022,320
A/England/42/2023,A/Catalonia/NSVH161512067/2022,80
A/England/43/2023,A/Catalonia/NSVH161512067/2022,80
A/Netherlands/10551/2023,A/Catalonia/NSVH161512067/2022,160
A/England/40/2023,A/Catalonia/NSVH161512067/2022,80
A/Netherlands/10554/2023,A/Catalonia/NSVH161512067/2022,160
A/England/45/2023,A/Catalonia/NSVH161512067/2022,80
A/England/47/2023,A/Catalonia/NSVH161512067/2022,80
A/Netherlands/10561/2023,A/Catalonia/NSVH161512067/2022,160
A/Netherlands/10559/2023,A/Catalonia/NSVH161512067/2022,80
A/Vasteras/SE23-14213/2023,A/Catalonia/NSVH161512067/2022,80
A/England/48/2023,A/Catalonia/NSVH161512067/2022,80
A/Linkoping/SE23-14481/2023,A/Catalonia/NSVH161512067/2022,160
A/Netherlands/10563/2023,A/Catalonia/NSVH161512067/2022,80
A/Hungary/140/2023,A/Catalonia/NSVH161512067/2022,80
A/Belgium/101/2023,A/Catalonia/NSVH161512067/2022,80
A/Croatia/14028/2023,A/Catalonia/NSVH161512067/2022,80
A/Croatia/14051/2023,A/Catalonia/NSVH161512067/2022,80
A/Romania/563383/2023,A/Catalonia/NSVH161512067/2022,160
A/Croatia/14073/2023,A/Catalonia/NSVH161512067/2022,160
A/Serbia/7976/2023,A/Catalonia/NSVH161512067/2022,80
A/Algeria/2131/2023,A/Catalonia/NSVH161512067/2022,80
A/Luxembourg/510839/2023,A/Catalonia/NSVH161512067/2022,80
A/Luxembourg/4634126/2023,A/Catalonia/NSVH161512067/2022,80
A/Boras/SE23-16165/2023,A/Catalonia/NSVH161512067/2022,80
A/Serbia/8265/2023,A/Catalonia/NSVH161512067/2022,80
A/Bulgaria/2696/2023,A/Catalonia/NSVH161512067/2022,80
A/Serbia/8321/2023,A/Catalonia/NSVH161512067/2022,160
A/Ukraine/2067/2023,A/Catalonia/NSVH161512067/2022,80
A/Georgia/GEO42/2024,A/Catalonia/NSVH161512067/2022,80
A/Netherlands/10536/2023,A/Catalonia/NSVH161512067/2022,160
A/Romania/563027/2023,A/Catalonia/NSVH161512067/2022,80
A/Romania/563219/2023,A/Catalonia/NSVH161512067/2022,80
A/Thuringen/10/2022,A/Albania/289813/2022,80
A/Switzerland/28719/2022,A/Albania/289813/2022,80
A/Stockholm/5/2021,A/Albania/289813/2022,160
A/Darwin/9/2021,A/Albania/289813/2022,320
A/Catalonia/NSVH161512067/2022,A/Albania/289813/2022,320
A/Albania/289813/2022,A/Albania/289813/2022,640
A/Massachusetts/18/2022,A/Albania/289813/2022,1280
A/Thailand/08/2022,A/Albania/289813/2022,1280
A/Sydney/856/2023,A/Albania/289813/2022,1280
A/Sydney/878/2023,A/Albania/289813/2022,640
A/Netherlands/10556/2023,A/Albania/289813/2022,160
A/Mauritius/P50061/2023,A/Albania/289813/2022,640
A/Netherlands/10538/2023,A/Albania/289813/2022,1280
A/Netherlands/10541/2023,A/Albania/289813/2022,640
A/Mauritius/P53142/2023,A/Albania/289813/2022,320
A/Croatia/14020/2023,A/Albania/289813/2022,1280
A/Netherlands/10555/2023,A/Albania/289813/2022,1280
A/Andalucia/2147/2023,A/Albania/289813/2022,640
A/Andalucia/2151/2023,A/Albania/289813/2022,640
A/England/46/2023,A/Albania/289813/2022,1280
A/Jonkoping/SE23-14308/2023,A/Albania/289813/2022,640
A/Ostersund/SE23-14558/2023,A/Albania/289813/2022,640
A/Umea/SE23-15164/2023,A/Albania/289813/2022,1280
A/Trollhattan/SE23-15158/2023,A/Albania/289813/2022,1280
A/Hungary/141/2023,A/Albania/289813/2022,1280
A/Romania/562346/2023,A/Albania/289813/2022,1280
A/PaisVasco/2308/2023,A/Albania/289813/2022,1280
A/Navarra/2430/2023,A/Albania/289813/2022,640
A/Navarra/2505/2023,A/Albania/289813/2022,1280
A/Serbia/8127/2023,A/Albania/289813/2022,1280
A/Gavle/SE23-16072/2023,A/Albania/289813/2022,1280
A/Luxembourg/7878919/2023,A/Albania/289813/2022,1280
A/PaisVasco/2726/2023,A/Albania/289813/2022,1280
A/Romania/563982/2024,A/Albania/289813/2022,1280
A/Linkoping/SE24-00207/2024,A/Albania/289813/2022,1280
A/Romania/564001/2024,A/Albania/289813/2022,1280
A/Romania/564002/2024,A/Albania/289813/2022,640
A/Mauritius/P52643/2023,A/Albania/289813/2022,2560
A/England/42/2023,A/Albania/289813/2022,320
A/England/43/2023,A/Albania/289813/2022,320
A/Netherlands/10551/2023,A/Albania/289813/2022,640
A/England/40/2023,A/Albania/289813/2022,320
A/Netherlands/10554/2023,A/Albania/289813/2022,640
A/England/45/2023,A/Albania/289813/2022,640
A/England/47/2023,A/Albania/289813/2022,320
A/Netherlands/10561/2023,A/Albania/289813/2022,1280
A/Netherlands/10559/2023,A/Albania/289813/2022,320
A/Vasteras/SE23-14213/2023,A/Albania/289813/2022,640
A/England/48/2023,A/Albania/289813/2022,320
A/Linkoping/SE23-14481/2023,A/Albania/289813/2022,640
A/Netherlands/10563/2023,A/Albania/289813/2022,640
A/Hungary/140/2023,A/Albania/289813/2022,320
A/Belgium/101/2023,A/Albania/289813/2022,640
A/Croatia/14028/2023,A/Albania/289813/2022,320
A/Croatia/14051/2023,A/Albania/289813/2022,320
A/Romania/563383/2023,A/Albania/289813/2022,320
A/Croatia/14073/2023,A/Albania/289813/2022,640
A/Serbia/7976/2023,A/Albania/289813/2022,320
A/Algeria/2131/2023,A/Albania/289813/2022,320
A/Luxembourg/510839/2023,A/Albania/289813/2022,320
A/Luxembourg/4634126/2023,A/Albania/289813/2022,640
A/Boras/SE23-16165/2023,A/Albania/289813/2022,320
A/Serbia/8265/2023,A/Albania/289813/2022,640
A/Bulgaria/2696/2023,A/Albania/289813/2022,160
A/Serbia/8321/2023,A/Albania/289813/2022,640
A/Ukraine/2067/2023,A/Albania/289813/2022,320
A/Georgia/GEO42/2024,A/Albania/289813/2022,320
A/Netherlands/10536/2023,A/Albania/289813/2022,320
A/Romania/563027/2023,A/Albania/289813/2022,320
A/Romania/563219/2023,A/Albania/289813/2022,160
A/Thuringen/10/2022,A/Massachusetts/18/2022,160
A/Switzerland/28719/2022,A/Massachusetts/18/2022,80
A/Stockholm/5/2021,A/Massachusetts/18/2022,160
A/Darwin/9/2021,A/Massachusetts/18/2022,160
A/Catalonia/NSVH161512067/2022,A/Massachusetts/18/2022,160
A/Albania/289813/2022,A/Massachusetts/18/2022,320
A/Massachusetts/18/2022,A/Massachusetts/18/2022,640
A/Thailand/08/2022,A/Massachusetts/18/2022,320
A/Sydney/856/2023,A/Massachusetts/18/2022,1280
A/Sydney/878/2023,A/Massachusetts/18/2022,320
A/Netherlands/10556/2023,A/Massachusetts/18/2022,320
A/Mauritius/P50061/2023,A/Massachusetts/18/2022,320
A/Netherlands/10538/2023,A/Massachusetts/18/2022,640
A/Netherlands/10541/2023,A/Massachusetts/18/2022,320
A/Mauritius/P53142/2023,A/Massachusetts/18/2022,160
A/Croatia/14020/2023,A/Massachusetts/18/2022,640
A/Netherlands/10555/2023,A/Massachusetts/18/2022,640
A/Andalucia/2147/2023,A/Massachusetts/18/2022,320
A/Andalucia/2151/2023,A/Massachusetts/18/2022,640
A/England/46/2023,A/Massachusetts/18/2022,640
A/Jonkoping/SE23-14308/2023,A/Massachusetts/18/2022,320
A/Ostersund/SE23-14558/2023,A/Massachusetts/18/2022,320
A/Umea/SE23-15164/2023,A/Massachusetts/18/2022,640
A/Trollhattan/SE23-15158/2023,A/Massachusetts/18/2022,640
A/Hungary/141/2023,A/Massachusetts/18/2022,640
A/Romania/562346/2023,A/Massachusetts/18/2022,640
A/PaisVasco/2308/2023,A/Massachusetts/18/2022,640
A/Navarra/2430/2023,A/Massachusetts/18/2022,320
A/Navarra/2505/2023,A/Massachusetts/18/2022,640
A/Serbia/8127/2023,A/Massachusetts/18/2022,320
A/Gavle/SE23-16072/2023,A/Massachusetts/18/2022,640
A/Luxembourg/7878919/2023,A/Massachusetts/18/2022,640
A/PaisVasco/2726/2023,A/Massachusetts/18/2022,320
A/Romania/563982/2024,A/Massachusetts/18/2022,640
A/Linkoping/SE24-00207/2024,A/Massachusetts/18/2022,640
A/Romania/564001/2024,A/Massachusetts/18/2022,640
A/Romania/564002/2024,A/Massachusetts/18/2022,320
A/Mauritius/P52643/2023,A/Massachusetts/18/2022,1280
A/England/42/2023,A/Massachusetts/18/2022,160
A/England/43/2023,A/Massachusetts/18/2022,160
A/Netherlands/10551/2023,A/Massachusetts/18/2022,320
A/England/40/2023,A/Massachusetts/18/2022,160
A/Netherlands/10554/2023,A/Massachusetts/18/2022,320
A/England/45/2023,A/Massachusetts/18/2022,320
A/England/47/2023,A/Massachusetts/18/2022,160
A/Netherlands/10561/2023,A/Massachusetts/18/2022,320
A/Netherlands/10559/2023,A/Massachusetts/18/2022,320
A/Vasteras/SE23-14213/2023,A/Massachusetts/18/2022,160
A/England/48/2023,A/Massachusetts/18/2022,160
A/Linkoping/SE23-14481/2023,A/Massachusetts/18/2022,320
A/Netherlands/10563/2023,A/Massachusetts/18/2022,320
A/Hungary/140/2023,A/Massachusetts/18/2022,160
A/Belgium/101/2023,A/Massachusetts/18/2022,160
A/Croatia/14028/2023,A/Massachusetts/18/2022,160
A/Croatia/14051/2023,A/Massachusetts/18/2022,160
A/Romania/563383/2023,A/Massachusetts/18/2022,160
A/Croatia/14073/2023,A/Massachusetts/18/2022,320
A/Serbia/7976/2023,A/Massachusetts/18/2022,160
A/Algeria/2131/2023,A/Massachusetts/18/2022,320
A/Luxembourg/510839/2023,A/Massachusetts/18/2022,160
A/Luxembourg/4634126/2023,A/Massachusetts/18/2022,320
A/Boras/SE23-16165/2023,A/Massachusetts/18/2022,160
A/Serbia/8265/2023,A/Massachusetts/18/2022,160
A/Bulgaria/2696/2023,A/Massachusetts/18/2022,160
A/Serbia/8321/2023,A/Massachusetts/18/2022,320
A/Ukraine/2067/2023,A/Massachusetts/18/2022,320
A/Georgia/GEO42/2024,A/Massachusetts/18/2022,320
A/Netherlands/10536/2023,A/Massachusetts/18/2022,320
A/Romania/563027/2023,A/Massachusetts/18/2022,160
A/Romania/563219/2023,A/Massachusetts/18/2022,160
A/Thuringen/10/2022,A/Thailand/08/2022,80
A/Switzerland/28719/2022,A/Thailand/08/2022,160
A/Stockholm/5/2021,A/Thailand/08/2022,320
A/Darwin/9/2021,A/Thailand/08/2022,320
A/Catalonia/NSVH161512067/2022,A/Thailand/08/2022,320
A/Albania/289813/2022,A/Thailand/08/2022,640
A/Massachusetts/18/2022,A/Thailand/08/2022,1280
A/Thailand/08/2022,A/Thailand/08/2022,1280
A/Sydney/856/2023,A/Thailand/08/2022,2560
A/Sydney/878/2023,A/Thailand/08/2022,1280
A/Netherlands/10556/2023,A/Thailand/08/2022,320
A/Mauritius/P50061/2023,A/Thailand/08/2022,1280
A/Netherlands/10538/2023,A/Thailand/08/2022,1280
A/Netherlands/10541/2023,A/Thailand/08/2022,1280
A/Mauritius/P53142/2023,A/Thailand/08/2022,320
A/Croatia/14020/2023,A/Thailand/08/2022,1280
A/Netherlands/10555/2023,A/Thailand/08/2022,1280
A/Andalucia/2147/2023,A/Thailand/08/2022,640
A/Andalucia/2151/2023,A/Thailand/08/2022,640
A/England/46/2023,A/Thailand/08/2022,1280
A/Jonkoping/SE23-14308/2023,A/Thailand/08/2022,640
A/Ostersund/SE23-14558/2023,A/Thailand/08/2022,1280
A/Umea/SE23-15164/2023,A/Thailand/08/2022,1280
A/Trollhattan/SE23-15158/2023,A/Thailand/08/2022,1280
A/Hungary/141/2023,A/Thailand/08/2022,1280
A/Romania/562346/2023,A/Thailand/08/2022,1280
A/PaisVasco/2308/2023,A/Thailand/08/2022,1280
A/Navarra/2430/2023,A/Thailand/08/2022,640
A/Navarra/2505/2023,A/Thailand/08/2022,1280
A/Serbia/8127/2023,A/Thailand/08/2022,1280
A/Gavle/SE23-16072/2023,A/Thailand/08/2022,1280
A/Luxembourg/7878919/2023,A/Thailand/08/2022,1280
A/PaisVasco/2726/2023,A/Thailand/08/2022,1280
A/Romania/563982/2024,A/Thailand/08/2022,1280
A/Linkoping/SE24-00207/2024,A/Thailand/08/2022,1280
A/Romania/564001/2024,A/Thailand/08/2022,1280
A/Romania/564002/2024,A/Thailand/08/2022,1280
A/Mauritius/P52643/2023,A/Thailand/08/2022,2560
A/England/42/2023,A/Thailand/08/2022,320
A/England/43/2023,A/Thailand/08/2022,320
A/Netherlands/10551/2023,A/Thailand/08/2022,640
A/England/40/2023,A/Thailand/08/2022,320
A/Netherlands/10554/2023,A/Thailand/08/2022,1280
A/England/45/2023,A/Thailand/08/2022,640
A/England/47/2023,A/Thailand/08/2022,320
A/Netherlands/10561/2023,A/Thailand/08/2022,1280
A/Netherlands/10559/2023,A/Thailand/08/2022,640
A/Vasteras/SE23-14213/2023,A/Thailand/08/2022,640
A/England/48/2023,A/Thailand/08/2022,320
A/Linkoping/SE23-14481/2023,A/Thailand/08/2022,640
A/Netherlands/10563/2023,A/Thailand/08/2022,640
A/Hungary/140/2023,A/Thailand/08/2022,320
A/Belgium/101/2023,A/Thailand/08/2022,640
A/Croatia/14028/2023,A/Thailand/08/2022,320
A/Croatia/14051/2023,A/Thailand/08/2022,320
A/Romania/563383/2023,A/Thailand/08/2022,320
A/Croatia/14073/2023,A/Thailand/08/2022,640
A/Serbia/7976/2023,A/Thailand/08/2022,640
A/Algeria/2131/2023,A/Thailand/08/2022,640
A/Luxembourg/510839/2023,A/Thailand/08/2022,320
A/Luxembourg/4634126/2023,A/Thailand/08/2022,640
A/Boras/SE23-16165/2023,A/Thailand/08/2022,320
A/Serbia/8265/2023,A/Thailand/08/2022,640
A/Bulgaria/2696/2023,A/Thailand/08/2022,320
A/Serbia/8321/2023,A/Thailand/08/2022,640
A/Ukraine/2067/2023,A/Thailand/08/2022,640
A/Georgia/GEO42/2024,A/Thailand/08/2022,640
A/Netherlands/10536/2023,A/Thailand/08/2022,640
A/Romania/563027/2023,A/Thailand/08/2022,320
A/Romania/563219/2023,A/Thailand/08/2022,320
A/Thuringen/10/2022,A/Sydney/856/2023,320
A/Switzerland/28719/2022,A/Sydney/856/2023,160
A/Stockholm/5/2021,A/Sydney/856/2023,320
A/Darwin/9/2021,A/Sydney/856/2023,320
A/Catalonia/NSVH161512067/2022,A/Sydney/856/2023,320
A/Albania/289813/2022,A/Sydney/856/2023,640
A/Massachusetts/18/2022,A/Sydney/856/2023,1280
A/Thailand/08/2022,A/Sydney/856/2023,1280
A/Sydney/856/2023,A/Sydney/856/2023,2560
A/Sydney/878/2023,A/Sydney/856/2023,1280
A/Netherlands/10556/2023,A/Sydney/856/2023,*
A/Mauritius/P50061/2023,A/Sydney/856/2023,*
A/Netherlands/10538/2023,A/Sydney/856/2023,*
A/Netherlands/10541/2023,A/Sydney/856/2023,*
A/Mauritius/P53142/2023,A/Sydney/856/2023,*
A/Croatia/14020/2023,A/Sydney/856/2023,*
A/Netherlands/10555/2023,A/Sydney/856/2023,*
A/Andalucia/2147/2023,A/Sydney/856/2023,*
A/Andalucia/2151/2023,A/Sydney/856/2023,*
A/England/46/2023,A/Sydney/856/2023,*
A/Jonkoping/SE23-14308/2023,A/Sydney/856/2023,*
A/Ostersund/SE23-14558/2023,A/Sydney/856/2023,*
A/Umea/SE23-15164/2023,A/Sydney/856/2023,*
A/Trollhattan/SE23-15158/2023,A/Sydney/856/2023,*
A/Hungary/141/2023,A/Sydney/856/2023,*
A/Romania/562346/2023,A/Sydney/856/2023,*
A/PaisVasco/2308/2023,A/Sydney/856/2023,*
A/Navarra/2430/2023,A/Sydney/856/2023,*
A/Navarra/2505/2023,A/Sydney/856/2023,*
A/Serbia/8127/2023,A/Sydney/856/2023,*
A/Gavle/SE23-16072/2023,A/Sydney/856/2023,*
A/Luxembourg/7878919/2023,A/Sydney/856/2023,*
A/PaisVasco/2726/2023,A/Sydney/856/2023,*
A/Romania/563982/2024,A/Sydney/856/2023,*
A/Linkoping/SE24-00207/2024,A/Sydney/856/2023,*
A/Romania/564001/2024,A/Sydney/856/2023,*
A/Romania/564002/2024,A/Sydney/856/2023,*
A/Mauritius/P52643/2023,A/Sydney/856/2023,*
A/England/42/2023,A/Sydney/856/2023,*
A/England/43/2023,A/Sydney/856/2023,*
A/Netherlands/10551/2023,A/Sydney/856/2023,*
A/England/40/2023,A/Sydney/856/2023,*
A/Netherlands/10554/2023,A/Sydney/856/2023,*
A/England/45/2023,A/Sydney/856/2023,*
A/England/47/2023,A/Sydney/856/2023,*
A/Netherlands/10561/2023,A/Sydney/856/2023,*
A/Netherlands/10559/2023,A/Sydney/856/2023,*
A/Vasteras/SE23-14213/2023,A/Sydney/856/2023,*
A/England/48/2023,A/Sydney/856/2023,*
A/Linkoping/SE23-14481/2023,A/Sydney/856/2023,*
A/Netherlands/10563/2023,A/Sydney/856/2023,*
A/Hungary/140/2023,A/Sydney/856/2023,*
A/Belgium/101/2023,A/Sydney/856/2023,*
A/Croatia/14028/2023,A/Sydney/856/2023,*
A/Croatia/14051/2023,A/Sydney/856/2023,*
A/Romania/563383/2023,A/Sydney/856/2023,*
A/Croatia/14073/2023,A/Sydney/856/2023,*
A/Serbia/7976/2023,A/Sydney/856/2023,*
A/Algeria/2131/2023,A/Sydney/856/2023,*
A/Luxembourg/510839/2023,A/Sydney/856/2023,*
A/Luxembourg/4634126/2023,A/Sydney/856/2023,*
A/Boras/SE23-16165/2023,A/Sydney/856/2023,*
A/Serbia/8265/2023,A/Sydney/856/2023,*
A/Bulgaria/2696/2023,A/Sydney/856/2023,*
A/Serbia/8321/2023,A/Sydney/856/2023,*
A/Ukraine/2067/2023,A/Sydney/856/2023,*
A/Georgia/GEO42/2024,A/Sydney/856/2023,*
A/Netherlands/10536/2023,A/Sydney/856/2023,*
A/Romania/563027/2023,A/Sydney/856/2023,*
A/Romania/563219/2023,A/Sydney/856/2023,*
A/Thuringen/10/2022,A/Sydney/878/2023,640
A/Switzerland/28719/2022,A/Sydney/878/2023,320
A/Stockholm/5/2021,A/Sydney/878/2023,640
A/Darwin/9/2021,A/Sydney/878/2023,640
A/Catalonia/NSVH161512067/2022,A/Sydney/878/2023,640
A/Albania/289813/2022,A/Sydney/878/2023,320
A/Massachusetts/18/2022,A/Sydney/878/2023,640
A/Thailand/08/2022,A/Sydney/878/2023,640
A/Sydney/856/2023,A/Sydney/878/2023,1280
A/Sydney/878/2023,A/Sydney/878/2023,1280
A/Netherlands/10556/2023,A/Sydney/878/2023,*
A/Mauritius/P50061/2023,A/Sydney/878/2023,*
A/Netherlands/10538/2023,A/Sydney/878/2023,*
A/Netherlands/10541/2023,A/Sydney/878/2023,*
A/Mauritius/P53142/2023,A/Sydney/878/2023,*
A/Croatia/14020/2023,A/Sydney/878/2023,*
A/Netherlands/10555/2023,A/Sydney/878/2023,*
A/Andalucia/2147/2023,A/Sydney/878/2023,*
A/Andalucia/2151/2023,A/Sydney/878/2023,*
A/England/46/2023,A/Sydney/878/2023,*
A/Jonkoping/SE23-14308/2023,A/Sydney/878/2023,*
A/Ostersund/SE23-14558/2023,A/Sydney/878/2023,*
A/Umea/SE23-15164/2023,A/Sydney/878/2023,*
A/Trollhattan/SE23-15158/2023,A/Sydney/878/2023,*
A/Hungary/141/2023,A/Sydney/878/2023,*
A/Romania/562346/2023,A/Sydney/878/2023,*
A/PaisVasco/2308/2023,A/Sydney/878/2023,*
A/Navarra/2430/2023,A/Sydney/878/2023,*
A/Navarra/2505/2023,A/Sydney/878/2023,*
A/Serbia/8127/2023,A/Sydney/878/2023,*
A/Gavle/SE23-16072/2023,A/Sydney/878/2023,*
A/Luxembourg/7878919/2023,A/Sydney/878/2023,*
A/PaisVasco/2726/2023,A/Sydney/878/2023,*
A/Romania/563982/2024,A/Sydney/878/2023,*
A/Linkoping/SE24-00207/2024,A/Sydney/878/2023,*
A/Romania/564001/2024,A/Sydney/878/2023,*
A/Romania/564002/2024,A/Sydney/878/2023,*
A/Mauritius/P52643/2023,A/Sydney/878/2023,*
A/England/42/2023,A/Sydney/878/2023,*
A/England/43/2023,A/Sydney/878/2023,*
A/Netherlands/10551/2023,A/Sydney/878/2023,*
A/England/40/2023,A/Sydney/878/2023,*
A/Netherlands/10554/2023,A/Sydney/878/2023,*
A/England/45/2023,A/Sydney/878/2023,*
A/England/47/2023,A/Sydney/878/2023,*
A/Netherlands/10561/2023,A/Sydney/878/2023,*
A/Netherlands/10559/2023,A/Sydney/878/2023,*
A/Vasteras/SE23-14213/2023,A/Sydney/878/2023,*
A/England/48/2023,A/Sydney/878/2023,*
A/Linkoping/SE23-14481/2023,A/Sydney/878/2023,*
A/Netherlands/10563/2023,A/Sydney/878/2023,*
A/Hungary/140/2023,A/Sydney/878/2023,*
A/Belgium/101/2023,A/Sydney/878/2023,*
A/Croatia/14028/2023,A/Sydney/878/2023,*
A/Croatia/14051/2023,A/Sydney/878/2023,*
A/Romania/563383/2023,A/Sydney/878/2023,*
A/Croatia/14073/2023,A/Sydney/878/2023,*
A/Serbia/7976/2023,A/Sydney/878/2023,*
A/Algeria/2131/2023,A/Sydney/878/2023,*
A/Luxembourg/510839/2023,A/Sydney/878/2023,*
A/Luxembourg/4634126/2023,A/Sydney/878/2023,*
A/Boras/SE23-16165/2023,A/Sydney/878/2023,*
A/Serbia/8265/2023,A/Sydney/878/2023,*
A/Bulgaria/2696/2023,A/Sydney/878/2023,*
A/Serbia/8321/2023,A/Sydney/878/2023,*
A/Ukraine/2067/2023,A/Sydney/878/2023,*
A/Georgia/GEO42/2024,A/Sydney/878/2023,*
A/Netherlands/10536/2023,A/Sydney/878/2023,*
A/Romania/563027/2023,A/Sydney/878/2023,*
A/Romania/563219/2023,A/Sydney/878/2023,*
A/Thuringen/10/2022,A/Thuringen/10/2022,320
A/Switzerland/28719/2022,A/Thuringen/10/2022,160
A/Stockholm/5/2021,A/Thuringen/10/2022,160
A/Darwin/9/2021,A/Thuringen/10/2022,160
A/Catalonia/NSVH161512067/2022,A/Thuringen/10/2022,80
A/Albania/289813/2022,A/Thuringen/10/2022,160
A/Massachusetts/18/2022,A/Thuringen/10/2022,160
A/Thailand/08/2022,A/Thuringen/10/2022,160
A/Togo/1356/2023,A/Thuringen/10/2022,80
A/Togo/1459/2023,A/Thuringen/10/2022,80
A/France/GES-IPP26703/2023,A/Thuringen/10/2022,80
A/France/IDF-RELAB-IPP32965/2023,A/Thuringen/10/2022,160
A/France/IDF-RELAB-IPP32969/2023,A/Thuringen/10/2022,160
A/France/IDF-IPP21897/2023,A/Thuringen/10/2022,160
A/France/HDF-IPP30115/2023,A/Thuringen/10/2022,160
A/Bayern/13/2023,A/Thuringen/10/2022,80
A/Nordrhein-Westfalen/16/2023,A/Thuringen/10/2022,160
A/Rheinland-Pfalz/11/2023,A/Thuringen/10/2022,160
A/France/IDF-RELAB-IPP32966/2023,A/Thuringen/10/2022,80
A/France/IDF-RELAB-IPP32874/2023,A/Thuringen/10/2022,160
A/Nordrhein-Westfalen/1/2024,A/Thuringen/10/2022,160
A/Berlin/40/2023,A/Thuringen/10/2022,160
A/Slovenia/1634/2023,A/Thuringen/10/2022,160
A/Belgium/94/2023,A/Thuringen/10/2022,160
A/Belgium/83/2023,A/Thuringen/10/2022,160
A/France/28187/2023,A/Thuringen/10/2022,160
A/Belgium/93/2023,A/Thuringen/10/2022,160
A/Belgium/96/2023,A/Thuringen/10/2022,160
A/Belgium/110/2023,A/Thuringen/10/2022,160
A/Belgium/106/2023,A/Thuringen/10/2022,160
A/Roma/1/2023,A/Thuringen/10/2022,160
A/Lisboa/216/2023,A/Thuringen/10/2022,160
A/Lisboa/217/2023,A/Thuringen/10/2022,160
A/France/33176/2023,A/Thuringen/10/2022,160
A/Baden-Wurttemberg/37/2023,A/Thuringen/10/2022,160
A/France/33503/2023,A/Thuringen/10/2022,80
A/Slovenia/8/2024,A/Thuringen/10/2022,160
A/Slovenia/21/2024,A/Thuringen/10/2022,160
A/Slovenia/49/2024,A/Thuringen/10/2022,80
A/Slovenia/62/2024,A/Thuringen/10/2022,160
A/Slovenia/119/2024,A/Thuringen/10/2022,160
A/Slovenia/145/2024,A/Thuringen/10/2022,80
A/Slovenia/180/2024,A/Thuringen/10/2022,80
A/Thuringen/10/2022,A/Switzerland/28719/2022,640
A/Switzerland/28719/2022,A/Switzerland/28719/2022,1280
A/Stockholm/5/2021,A/Switzerland/28719/2022,320
A/Darwin/9/2021,A/Switzerland/28719/2022,640
A/Catalonia/NSVH161512067/2022,A/Switzerland/28719/2022,320
A/Albania/289813/2022,A/Switzerland/28719/2022,320
A/Massachusetts/18/2022,A/Switzerland/28719/2022,640
A/Thailand/08/2022,A/Switzerland/28719/2022,640
A/Togo/1356/2023,A/Switzerland/28719/2022,160
A/Togo/1459/2023,A/Switzerland/28719/2022,320
A/France/GES-IPP26703/2023,A/Switzerland/28719/2022,320
A/France/IDF-RELAB-IPP32965/2023,A/Switzerland/28719/2022,320
A/France/IDF-RELAB-IPP32969/2023,A/Switzerland/28719/2022,320
A/France/IDF-IPP21897/2023,A/Switzerland/28719/2022,320
A/France/HDF-IPP30115/2023,A/Switzerland/28719/2022,320
A/Bayern/13/2023,A/Switzerland/28719/2022,160
A/Nordrhein-Westfalen/16/2023,A/Switzerland/28719/2022,320
A/Rheinland-Pfalz/11/2023,A/Switzerland/28719/2022,320
A/France/IDF-RELAB-IPP32966/2023,A/Switzerland/28719/2022,320
A/France/IDF-RELAB-IPP32874/2023,A/Switzerland/28719/2022,320
A/Nordrhein-Westfalen/1/2024,A/Switzerland/28719/2022,320
A/Berlin/40/2023,A/Switzerland/28719/2022,320
A/Slovenia/1634/2023,A/Switzerland/28719/2022,320
A/Belgium/94/2023,A/Switzerland/28719/2022,640
A/Belgium/83/2023,A/Switzerland/28719/2022,640
A/France/28187/2023,A/Switzerland/28719/2022,320
A/Belgium/93/2023,A/Switzerland/28719/2022,640
A/Belgium/96/2023,A/Switzerland/28719/2022,640
A/Belgium/110/2023,A/Switzerland/28719/2022,320
A/Belgium/106/2023,A/Switzerland/28719/2022,320
A/Roma/1/2023,A/Switzerland/28719/2022,320
A/Lisboa/216/2023,A/Switzerland/28719/2022,320
A/Lisboa/217/2023,A/Switzerland/28719/2022,320
A/France/33176/2023,A/Switzerland/28719/2022,640
A/Baden-Wurttemberg/37/2023,A/Switzerland/28719/2022,320
A/France/33503/2023,A/Switzerland/28719/2022,320
A/Slovenia/8/2024,A/Switzerland/28719/2022,320
A/Slovenia/21/2024,A/Switzerland/28719/2022,320
A/Slovenia/49/2024,A/Switzerland/28719/2022,320
A/Slovenia/62/2024,A/Switzerland/28719/2022,320
A/Slovenia/119/2024,A/Switzerland/28719/2022,320
A/Slovenia/145/2024,A/Switzerland/28719/2022,320
A/Slovenia/180/2024,A/Switzerland/28719/2022,160
A/Thuringen/10/2022,A/Stockholm/5/2021,160
A/Switzerland/28719/2022,A/Stockholm/5/2021,160
A/Stockholm/5/2021,A/Stockholm/5/2021,320
A/Darwin/9/2021,A/Stockholm/5/2021,320
A/Catalonia/NSVH161512067/2022,A/Stockholm/5/2021,160
A/Albania/289813/2022,A/Stockholm/5/2021,160
A/Massachusetts/18/2022,A/Stockholm/5/2021,320
A/Thailand/08/2022,A/Stockholm/5/2021,320
A/Togo/1356/2023,A/Stockholm/5/2021,160
A/Togo/1459/2023,A/Stockholm/5/2021,160
A/France/GES-IPP26703/2023,A/Stockholm/5/2021,160
A/France/IDF-RELAB-IPP32965/2023,A/Stockholm/5/2021,160
A/France/IDF-RELAB-IPP32969/2023,A/Stockholm/5/2021,160
A/France/IDF-IPP21897/2023,A/Stockholm/5/2021,160
A/France/HDF-IPP30115/2023,A/Stockholm/5/2021,160
A/Bayern/13/2023,A/Stockholm/5/2021,160
A/Nordrhein-Westfalen/16/2023,A/Stockholm/5/2021,160
A/Rheinland-Pfalz/11/2023,A/Stockholm/5/2021,160
A/France/IDF-RELAB-IPP32966/2023,A/Stockholm/5/2021,160
A/France/IDF-RELAB-IPP32874/2023,A/Stockholm/5/2021,160
A/Nordrhein-Westfalen/1/2024,A/Stockholm/5/2021,160
A/Berlin/40/2023,A/Stockholm/5/2021,160
A/Slovenia/1634/2023,A/Stockholm/5/2021,160
A/Belgium/94/2023,A/Stockholm/5/2021,160
A/Belgium/83/2023,A/Stockholm/5/2021,320
A/France/28187/2023,A/Stockholm/5/2021,160
A/Belgium/93/2023,A/Stockholm/5/2021,320
A/Belgium/96/2023,A/Stockholm/5/2021,160
A/Belgium/110/2023,A/Stockholm/5/2021,160
A/Belgium/106/2023,A/Stockholm/5/2021,160
A/Roma/1/2023,A/Stockholm/5/2021,160
A/Lisboa/216/2023,A/Stockholm/5/2021,160
A/Lisboa/217/2023,A/Stockholm/5/2021,160
A/France/33176/2023,A/Stockholm/5/2021,320
A/Baden-Wurttemberg/37/2023,A/Stockholm/5/2021,160
A/France/33503/2023,A/Stockholm/5/2021,160
A/Slovenia/8/2024,A/Stockholm/5/2021,160
A/Slovenia/21/2024,A/Stockholm/5/2021,160
A/Slovenia/49/2024,A/Stockholm/5/2021,80
A/Slovenia/62/2024,A/Stockholm/5/2021,160
A/Slovenia/119/2024,A/Stockholm/5/2021,160
A/Slovenia/145/2024,A/Stockholm/5/2021,160
A/Slovenia/180/2024,A/Stockholm/5/2021,80
A/Thuringen/10/2022,A/Darwin/9/2021,160
A/Switzerland/28719/2022,A/Darwin/9/2021,160
A/Stockholm/5/2021,A/Darwin/9/2021,640
A/Darwin/9/2021,A/Darwin/9/2021,640
A/Catalonia/NSVH161512067/2022,A/Darwin/9/2021,640
A/Albania/289813/2022,A/Darwin/9/2021,320
A/Massachusetts/18/2022,A/Darwin/9/2021,640
A/Thailand/08/2022,A/Darwin/9/2021,640
A/Togo/1356/2023,A/Darwin/9/2021,320
A/Togo/1459/2023,A/Darwin/9/2021,320
A/France/GES-IPP26703/2023,A/Darwin/9/2021,320
A/France/IDF-RELAB-IPP32965/2023,A/Darwin/9/2021,320
A/France/IDF-RELAB-IPP32969/2023,A/Darwin/9/2021,320
A/France/IDF-IPP21897/2023,A/Darwin/9/2021,320
A/France/HDF-IPP30115/2023,A/Darwin/9/2021,320
A/Bayern/13/2023,A/Darwin/9/2021,320
A/Nordrhein-Westfalen/16/2023,A/Darwin/9/2021,320
A/Rheinland-Pfalz/11/2023,A/Darwin/9/2021,640
A/France/IDF-RELAB-IPP32966/2023,A/Darwin/9/2021,320
A/France/IDF-RELAB-IPP32874/2023,A/Darwin/9/2021,320
A/Nordrhein-Westfalen/1/2024,A/Darwin/9/2021,320
A/Berlin/40/2023,A/Darwin/9/2021,320
A/Slovenia/1634/2023,A/Darwin/9/2021,320
A/Belgium/94/2023,A/Darwin/9/2021,640
A/Belgium/83/2023,A/Darwin/9/2021,640
A/France/28187/2023,A/Darwin/9/2021,320
A/Belgium/93/2023,A/Darwin/9/2021,320
A/Belgium/96/2023,A/Darwin/9/2021,320
A/Belgium/110/2023,A/Darwin/9/2021,320
A/Belgium/106/2023,A/Darwin/9/2021,320
A/Roma/1/2023,A/Darwin/9/2021,320
A/Lisboa/216/2023,A/Darwin/9/2021,320
A/Lisboa/217/2023,A/Darwin/9/2021,320
A/France/33176/2023,A/Darwin/9/2021,640
A/Baden-Wurttemberg/37/2023,A/Darwin/9/2021,320
A/France/33503/2023,A/Darwin/9/2021,320
A/Slovenia/8/2024,A/Darwin/9/2021,320
A/Slovenia/21/2024,A/Darwin/9/2021,320
A/Slovenia/49/2024,A/Darwin/9/2021,160
A/Slovenia/62/2024,A/Darwin/9/2021,320
A/Slovenia/119/2024,A/Darwin/9/2021,320
A/Slovenia/145/2024,A/Darwin/9/2021,320
A/Slovenia/180/2024,A/Darwin/9/2021,320
A/Thuringen/10/2022,A/Catalonia/NSVH161512067/2022,40
A/Switzerland/28719/2022,A/Catalonia/NSVH161512067/2022,<40
A/Stockholm/5/2021,A/Catalonia/NSVH161512067/2022,160
A/Darwin/9/2021,A/Catalonia/NSVH161512067/2022,160
A/Catalonia/NSVH161512067/2022,A/Catalonia/NSVH161512067/2022,320
A/Albania/289813/2022,A/Catalonia/NSVH161512067/2022,80
A/Massachusetts/18/2022,A/Catalonia/NSVH161512067/2022,160
A/Thailand/08/2022,A/Catalonia/NSVH161512067/2022,160
A/Togo/1356/2023,A/Catalonia/NSVH161512067/2022,80
A/Togo/1459/2023,A/Catalonia/NSVH161512067/2022,80
A/France/GES-IPP26703/2023,A/Catalonia/NSVH161512067/2022,80
A/France/IDF-RELAB-IPP32965/2023,A/Catalonia/NSVH161512067/2022,160
A/France/IDF-RELAB-IPP32969/2023,A/Catalonia/NSVH161512067/2022,160
A/France/IDF-IPP21897/2023,A/Catalonia/NSVH161512067/2022,80
A/France/HDF-IPP30115/2023,A/Catalonia/NSVH161512067/2022,80
A/Bayern/13/2023,A/Catalonia/NSVH161512067/2022,80
A/Nordrhein-Westfalen/16/2023,A/Catalonia/NSVH161512067/2022,80
A/Rheinland-Pfalz/11/2023,A/Catalonia/NSVH161512067/2022,80
A/France/IDF-RELAB-IPP32966/2023,A/Catalonia/NSVH161512067/2022,160
A/France/IDF-RELAB-IPP32874/2023,A/Catalonia/NSVH161512067/2022,80
A/Nordrhein-Westfalen/1/2024,A/Catalonia/NSVH161512067/2022,80
A/Berlin/40/2023,A/Catalonia/NSVH161512067/2022,80
A/Slovenia/1634/2023,A/Catalonia/NSVH161512067/2022,80
A/Belgium/94/2023,A/Catalonia/NSVH161512067/2022,160
A/Belgium/83/2023,A/Catalonia/NSVH161512067/2022,80
A/France/28187/2023,A/Catalonia/NSVH161512067/2022,80
A/Belgium/93/2023,A/Catalonia/NSVH161512067/2022,160
A/Belgium/96/2023,A/Catalonia/NSVH161512067/2022,160
A/Belgium/110/2023,A/Catalonia/NSVH161512067/2022,80
A/Belgium/106/2023,A/Catalonia/NSVH161512067/2022,80
A/Roma/1/2023,A/Catalonia/NSVH161512067/2022,80
A/Lisboa/216/2023,A/Catalonia/NSVH161512067/2022,80
A/Lisboa/217/2023,A/Catalonia/NSVH161512067/2022,80
A/France/33176/2023,A/Catalonia/NSVH161512067/2022,160
A/Baden-Wurttemberg/37/2023,A/Catalonia/NSVH161512067/2022,80
A/France/33503/2023,A/Catalonia/NSVH161512067/2022,80
A/Slovenia/8/2024,A/Catalonia/NSVH161512067/2022,80
A/Slovenia/21/2024,A/Catalonia/NSVH161512067/2022,80
A/Slovenia/49/2024,A/Catalonia/NSVH161512067/2022,80
A/Slovenia/62/2024,A/Catalonia/NSVH161512067/2022,80
A/Slovenia/119/2024,A/Catalonia/NSVH161512067/2022,80
A/Slovenia/145/2024,A/Catalonia/NSVH161512067/2022,80
A/Slovenia/180/2024,A/Catalonia/NSVH161512067/2022,80
A/Thuringen/10/2022,A/Albania/289813/2022,80
A/Switzerland/28719/2022,A/Albania/289813/2022,80
A/Stockholm/5/2021,A/Albania/289813/2022,160
A/Darwin/9/2021,A/Albania/289813/2022,160
A/Catalonia/NSVH161512067/2022,A/Albania/289813/2022,320
A/Albania/289813/2022,A/Albania/289813/2022,640
A/Massachusetts/18/2022,A/Albania/289813/2022,1280
A/Thailand/08/2022,A/Albania/289813/2022,640
A/Togo/1356/2023,A/Albania/289813/2022,160
A/Togo/1459/2023,A/Albania/289813/2022,160
A/France/GES-IPP26703/2023,A/Albania/289813/2022,640
A/France/IDF-RELAB-IPP32965/2023,A/Albania/289813/2022,640
A/France/IDF-RELAB-IPP32969/2023,A/Albania/289813/2022,640
A/France/IDF-IPP21897/2023,A/Albania/289813/2022,320
A/France/HDF-IPP30115/2023,A/Albania/289813/2022,320
A/Bayern/13/2023,A/Albania/289813/2022,320
A/Nordrhein-Westfalen/16/2023,A/Albania/289813/2022,640
A/Rheinland-Pfalz/11/2023,A/Albania/289813/2022,640
A/France/IDF-RELAB-IPP32966/2023,A/Albania/289813/2022,320
A/France/IDF-RELAB-IPP32874/2023,A/Albania/289813/2022,320
A/Nordrhein-Westfalen/1/2024,A/Albania/289813/2022,320
A/Berlin/40/2023,A/Albania/289813/2022,640
A/Slovenia/1634/2023,A/Albania/289813/2022,320
A/Belgium/94/2023,A/Albania/289813/2022,640
A/Belgium/83/2023,A/Albania/289813/2022,640
A/France/28187/2023,A/Albania/289813/2022,640
A/Belgium/93/2023,A/Albania/289813/2022,1280
A/Belgium/96/2023,A/Albania/289813/2022,1280
A/Belgium/110/2023,A/Albania/289813/2022,640
A/Belgium/106/2023,A/Albania/289813/2022,320
A/Roma/1/2023,A/Albania/289813/2022,640
A/Lisboa/216/2023,A/Albania/289813/2022,640
A/Lisboa/217/2023,A/Albania/289813/2022,320
A/France/33176/2023,A/Albania/289813/2022,640
A/Baden-Wurttemberg/37/2023,A/Albania/289813/2022,640
A/France/33503/2023,A/Albania/289813/2022,320
A/Slovenia/8/2024,A/Albania/289813/2022,640
A/Slovenia/21/2024,A/Albania/289813/2022,320
A/Slovenia/49/2024,A/Albania/289813/2022,160
A/Slovenia/62/2024,A/Albania/289813/2022,320
A/Slovenia/119/2024,A/Albania/289813/2022,320
A/Slovenia/145/2024,A/Albania/289813/2022,320
A/Slovenia/180/2024,A/Albania/289813/2022,160
A/Thuringen/10/2022,A/Massachusetts/18/2022,160
A/Switzerland/28719/2022,A/Massachusetts/18/2022,80
A/Stockholm/5/2021,A/Massachusetts/18/2022,160
A/Darwin/9/2021,A/Massachusetts/18/2022,160
A/Catalonia/NSVH161512067/2022,A/Massachusetts/18/2022,160
A/Albania/289813/2022,A/Massachusetts/18/2022,320
A/Massachusetts/18/2022,A/Massachusetts/18/2022,640
A/Thailand/08/2022,A/Massachusetts/18/2022,320
A/Togo/1356/2023,A/Massachusetts/18/2022,80
A/Togo/1459/2023,A/Massachusetts/18/2022,80
A/France/GES-IPP26703/2023,A/Massachusetts/18/2022,320
A/France/IDF-RELAB-IPP32965/2023,A/Massachusetts/18/2022,320
A/France/IDF-RELAB-IPP32969/2023,A/Massachusetts/18/2022,640
A/France/IDF-IPP21897/2023,A/Massachusetts/18/2022,160
A/France/HDF-IPP30115/2023,A/Massachusetts/18/2022,160
A/Bayern/13/2023,A/Massachusetts/18/2022,160
A/Nordrhein-Westfalen/16/2023,A/Massachusetts/18/2022,160
A/Rheinland-Pfalz/11/2023,A/Massachusetts/18/2022,160
A/France/IDF-RELAB-IPP32966/2023,A/Massachusetts/18/2022,160
A/France/IDF-RELAB-IPP32874/2023,A/Massachusetts/18/2022,160
A/Nordrhein-Westfalen/1/2024,A/Massachusetts/18/2022,160
A/Berlin/40/2023,A/Massachusetts/18/2022,320
A/Slovenia/1634/2023,A/Massachusetts/18/2022,160
A/Belgium/94/2023,A/Massachusetts/18/2022,320
A/Belgium/83/2023,A/Massachusetts/18/2022,320
A/France/28187/2023,A/Massachusetts/18/2022,320
A/Belgium/93/2023,A/Massachusetts/18/2022,640
A/Belgium/96/2023,A/Massachusetts/18/2022,640
A/Belgium/110/2023,A/Massachusetts/18/2022,320
A/Belgium/106/2023,A/Massachusetts/18/2022,160
A/Roma/1/2023,A/Massachusetts/18/2022,160
A/Lisboa/216/2023,A/Massachusetts/18/2022,160
A/Lisboa/217/2023,A/Massachusetts/18/2022,160
A/France/33176/2023,A/Massachusetts/18/2022,320
A/Baden-Wurttemberg/37/2023,A/Massachusetts/18/2022,320
A/France/33503/2023,A/Massachusetts/18/2022,160
A/Slovenia/8/2024,A/Massachusetts/18/2022,320
A/Slovenia/21/2024,A/Massachusetts/18/2022,160
A/Slovenia/49/2024,A/Massachusetts/18/2022,160
A/Slovenia/62/2024,A/Massachusetts/18/2022,160
A/Slovenia/119/2024,A/Massachusetts/18/2022,160
A/Slovenia/145/2024,A/Massachusetts/18/2022,160
A/Slovenia/180/2024,A/Massachusetts/18/2022,80
A/Thuringen/10/2022,A/Thailand/08/2022,80
A/Switzerland/28719/2022,A/Thailand/08/2022,160
A/Stockholm/5/2021,A/Thailand/08/2022,320
A/Darwin/9/2021,A/Thailand/08/2022,320
A/Catalonia/NSVH161512067/2022,A/Thailand/08/2022,320
A/Albania/289813/2022,A/Thailand/08/2022,1280
A/Massachusetts/18/2022,A/Thailand/08/2022,1280
A/Thailand/08/2022,A/Thailand/08/2022,1280
A/Togo/1356/2023,A/Thailand/08/2022,160
A/Togo/1459/2023,A/Thailand/08/2022,320
A/France/GES-IPP26703/2023,A/Thailand/08/2022,640
A/France/IDF-RELAB-IPP32965/2023,A/Thailand/08/2022,640
A/France/IDF-RELAB-IPP32969/2023,A/Thailand/08/2022,1280
A/France/IDF-IPP21897/2023,A/Thailand/08/2022,320
A/France/HDF-IPP30115/2023,A/Thailand/08/2022,320
A/Bayern/13/2023,A/Thailand/08/2022,320
A/Nordrhein-Westfalen/16/2023,A/Thailand/08/2022,640
A/Rheinland-Pfalz/11/2023,A/Thailand/08/2022,640
A/France/IDF-RELAB-IPP32966/2023,A/Thailand/08/2022,320
A/France/IDF-RELAB-IPP32874/2023,A/Thailand/08/2022,320
A/Nordrhein-Westfalen/1/2024,A/Thailand/08/2022,320
A/Berlin/40/2023,A/Thailand/08/2022,640
A/Slovenia/1634/2023,A/Thailand/08/2022,320
A/Belgium/94/2023,A/Thailand/08/2022,640
A/Belgium/83/2023,A/Thailand/08/2022,640
A/France/28187/2023,A/Thailand/08/2022,1280
A/Belgium/93/2023,A/Thailand/08/2022,1280
A/Belgium/96/2023,A/Thailand/08/2022,1280
A/Belgium/110/2023,A/Thailand/08/2022,640
A/Belgium/106/2023,A/Thailand/08/2022,640
A/Roma/1/2023,A/Thailand/08/2022,640
A/Lisboa/216/2023,A/Thailand/08/2022,320
A/Lisboa/217/2023,A/Thailand/08/2022,640
A/France/33176/2023,A/Thailand/08/2022,640
A/Baden-Wurttemberg/37/2023,A/Thailand/08/2022,640
A/France/33503/2023,A/Thailand/08/2022,320
A/Slovenia/8/2024,A/Thailand/08/2022,640
A/Slovenia/21/2024,A/Thailand/08/2022,320
A/Slovenia/49/2024,A/Thailand/08/2022,320
A/Slovenia/62/2024,A/Thailand/08/2022,320
A/Slovenia/119/2024,A/Thailand/08/2022,640
A/Slovenia/145/2024,A/Thailand/08/2022,320
A/Slovenia/180/2024,A/Thailand/08/2022,160
