Test Virus,Reference Virus,Titre
A/Albania/289813/2022,A/Albania/289813/2022,2560
A/Massachusetts/18/2022,A/Albania/289813/2022,1280
A/Thailand/08/2022,A/Albania/289813/2022,1280
A/Sydney/856/2023,A/Albania/289813/2022,2560
A/Croatia/10136RV/2023,A/Albania/289813/2022,320
A/Croatia/10136RV/2023,A/Albania/289813/2022,1280
A/Netherlands/10563/2023,A/Albania/289813/2022,1280
A/Lisboa/216/2023,A/Albania/289813/2022,640
A/Slovenia/49/2024,A/Albania/289813/2022,160
A/Norway/12374/2023,A/Albania/289813/2022,320
A/BurkinaFaso/3131/2023,A/Albania/289813/2022,40
A/Ghana/1031/2024,A/Albania/289813/2022,1280
A/Ghana/1081/2024,A/Albania/289813/2022,640
A/Ghana/1293/2024,A/Albania/289813/2022,320
A/Ghana/5160/2024,A/Albania/289813/2022,640
A/Ghana/1406/2024,A/Albania/289813/2022,640
A/Ghana/5726/2024,A/Albania/289813/2022,320
A/Ghana/1488/2024,A/Albania/289813/2022,640
A/Albania/289813/2022,A/Massachusetts/18/2022,1280
A/Massachusetts/18/2022,A/Massachusetts/18/2022,640
A/Thailand/08/2022,A/Massachusetts/18/2022,320
A/Sydney/856/2023,A/Massachusetts/18/2022,640
A/Croatia/10136RV/2023,A/Massachusetts/18/2022,160
A/Croatia/10136RV/2023,A/Massachusetts/18/2022,320
A/Netherlands/10563/2023,A/Massachusetts/18/2022,320
A/Lisboa/216/2023,A/Massachusetts/18/2022,320
A/Slovenia/49/2024,A/Massachusetts/18/2022,160
A/Norway/12374/2023,A/Massachusetts/18/2022,160
A/BurkinaFaso/3131/2023,A/Massachusetts/18/2022,40
A/Ghana/1031/2024,A/Massachusetts/18/2022,640
A/Ghana/1081/2024,A/Massachusetts/18/2022,160
A/Ghana/1293/2024,A/Massachusetts/18/2022,160
A/Ghana/5160/2024,A/Massachusetts/18/2022,320
A/Ghana/1406/2024,A/Massachusetts/18/2022,320
A/Ghana/5726/2024,A/Massachusetts/18/2022,160
A/Ghana/1488/2024,A/Massachusetts/18/2022,160
A/Albania/289813/2022,A/Thailand/08/2022,2560
A/Massachusetts/18/2022,A/Thailand/08/2022,1280
A/Thailand/08/2022,A/Thailand/08/2022,1280
A/Sydney/856/2023,A/Thailand/08/2022,1280
A/Croatia/10136RV/2023,A/Thailand/08/2022,320
A/Croatia/10136RV/2023,A/Thailand/08/2022,640
A/Netherlands/10563/2023,A/Thailand/08/2022,640
A/Lisboa/216/2023,A/Thailand/08/2022,640
A/Slovenia/49/2024,A/Thailand/08/2022,320
A/Norway/12374/2023,A/Thailand/08/2022,320
A/BurkinaFaso/3131/2023,A/Thailand/08/2022,160
A/Ghana/1031/2024,A/Thailand/08/2022,1280
A/Ghana/1081/2024,A/Thailand/08/2022,640
A/Ghana/1293/2024,A/Thailand/08/2022,320
A/Ghana/5160/2024,A/Thailand/08/2022,640
A/Ghana/1406/2024,A/Thailand/08/2022,640
A/Ghana/5726/2024,A/Thailand/08/2022,320
A/Ghana/1488/2024,A/Thailand/08/2022,640
A/Albania/289813/2022,A/Sydney/856/2023,2560
A/Massachusetts/18/2022,A/Sydney/856/2023,1280
A/Thailand/08/2022,A/Sydney/856/2023,640
A/Sydney/856/2023,A/Sydney/856/2023,2560
A/Croatia/10136RV/2023,A/Sydney/856/2023,640
A/Croatia/10136RV/2023,A/Sydney/856/2023,1280
A/Netherlands/10563/2023,A/Sydney/856/2023,1280
A/Lisboa/216/2023,A/Sydney/856/2023,1280
A/Slovenia/49/2024,A/Sydney/856/2023,80
A/Norway/12374/2023,A/Sydney/856/2023,320
A/BurkinaFaso/3131/2023,A/Sydney/856/2023,<40
A/Ghana/1031/2024,A/Sydney/856/2023,640
A/Ghana/1081/2024,A/Sydney/856/2023,640
A/Ghana/1293/2024,A/Sydney/856/2023,640
A/Ghana/5160/2024,A/Sydney/856/2023,640
A/Ghana/1406/2024,A/Sydney/856/2023,640
A/Ghana/5726/2024,A/Sydney/856/2023,640
A/Ghana/1488/2024,A/Sydney/856/2023,640
A/Albania/289813/2022,A/Croatia/10136RV/2023,640
A/Massachusetts/18/2022,A/Croatia/10136RV/2023,320
A/Thailand/08/2022,A/Croatia/10136RV/2023,640
A/Sydney/856/2023,A/Croatia/10136RV/2023,320
A/Croatia/10136RV/2023,A/Croatia/10136RV/2023,320
A/Croatia/10136RV/2023,A/Croatia/10136RV/2023,640
A/Netherlands/10563/2023,A/Croatia/10136RV/2023,640
A/Lisboa/216/2023,A/Croatia/10136RV/2023,320
A/Slovenia/49/2024,A/Croatia/10136RV/2023,160
A/Norway/12374/2023,A/Croatia/10136RV/2023,160
A/BurkinaFaso/3131/2023,A/Croatia/10136RV/2023,80
A/Ghana/1031/2024,A/Croatia/10136RV/2023,640
A/Ghana/1081/2024,A/Croatia/10136RV/2023,320
A/Ghana/1293/2024,A/Croatia/10136RV/2023,320
A/Ghana/5160/2024,A/Croatia/10136RV/2023,320
A/Ghana/1406/2024,A/Croatia/10136RV/2023,320
A/Ghana/5726/2024,A/Croatia/10136RV/2023,320
A/Ghana/1488/2024,A/Croatia/10136RV/2023,320
A/Albania/289813/2022,A/Croatia/10136RV/2023,640
A/Massachusetts/18/2022,A/Croatia/10136RV/2023,320
A/Thailand/08/2022,A/Croatia/10136RV/2023,640
A/Sydney/856/2023,A/Croatia/10136RV/2023,640
A/Croatia/10136RV/2023,A/Croatia/10136RV/2023,320
A/Croatia/10136RV/2023,A/Croatia/10136RV/2023,640
A/Netherlands/10563/2023,A/Croatia/10136RV/2023,640
A/Lisboa/216/2023,A/Croatia/10136RV/2023,320
A/Slovenia/49/2024,A/Croatia/10136RV/2023,160
A/Norway/12374/2023,A/Croatia/10136RV/2023,160
A/BurkinaFaso/3131/2023,A/Croatia/10136RV/2023,80
A/Ghana/1031/2024,A/Croatia/10136RV/2023,640
A/Ghana/1081/2024,A/Croatia/10136RV/2023,320
A/Ghana/1293/2024,A/Croatia/10136RV/2023,640
A/Ghana/5160/2024,A/Croatia/10136RV/2023,320
A/Ghana/1406/2024,A/Croatia/10136RV/2023,320
A/Ghana/5726/2024,A/Croatia/10136RV/2023,320
A/Ghana/1488/2024,A/Croatia/10136RV/2023,320
A/Albania/289813/2022,A/Netherlands/10563/2023,640
A/Massachusetts/18/2022,A/Netherlands/10563/2023,640
A/Thailand/08/2022,A/Netherlands/10563/2023,640
A/Sydney/856/2023,A/Netherlands/10563/2023,640
A/Croatia/10136RV/2023,A/Netherlands/10563/2023,640
A/Croatia/10136RV/2023,A/Netherlands/10563/2023,640
A/Netherlands/10563/2023,A/Netherlands/10563/2023,640
A/Lisboa/216/2023,A/Netherlands/10563/2023,640
A/Slovenia/49/2024,A/Netherlands/10563/2023,160
A/Norway/12374/2023,A/Netherlands/10563/2023,320
A/BurkinaFaso/3131/2023,A/Netherlands/10563/2023,160
A/Ghana/1031/2024,A/Netherlands/10563/2023,640
A/Ghana/1081/2024,A/Netherlands/10563/2023,320
A/Ghana/1293/2024,A/Netherlands/10563/2023,640
A/Ghana/5160/2024,A/Netherlands/10563/2023,640
A/Ghana/1406/2024,A/Netherlands/10563/2023,640
A/Ghana/5726/2024,A/Netherlands/10563/2023,640
A/Ghana/1488/2024,A/Netherlands/10563/2023,640
A/Albania/289813/2022,A/Lisboa/216/2023,640
A/Massachusetts/18/2022,A/Lisboa/216/2023,320
A/Thailand/08/2022,A/Lisboa/216/2023,640
A/Sydney/856/2023,A/Lisboa/216/2023,640
A/Croatia/10136RV/2023,A/Lisboa/216/2023,320
A/Croatia/10136RV/2023,A/Lisboa/216/2023,640
A/Netherlands/10563/2023,A/Lisboa/216/2023,640
A/Lisboa/216/2023,A/Lisboa/216/2023,640
A/Slovenia/49/2024,A/Lisboa/216/2023,320
A/Norway/12374/2023,A/Lisboa/216/2023,320
A/BurkinaFaso/3131/2023,A/Lisboa/216/2023,80
A/Ghana/1031/2024,A/Lisboa/216/2023,640
A/Ghana/1081/2024,A/Lisboa/216/2023,320
A/Ghana/1293/2024,A/Lisboa/216/2023,320
A/Ghana/5160/2024,A/Lisboa/216/2023,640
A/Ghana/1406/2024,A/Lisboa/216/2023,640
A/Ghana/5726/2024,A/Lisboa/216/2023,320
A/Ghana/1488/2024,A/Lisboa/216/2023,640
A/Albania/289813/2022,A/Slovenia/49/2024,160
A/Massachusetts/18/2022,A/Slovenia/49/2024,160
A/Thailand/08/2022,A/Slovenia/49/2024,320
A/Sydney/856/2023,A/Slovenia/49/2024,320
A/Croatia/10136RV/2023,A/Slovenia/49/2024,320
A/Croatia/10136RV/2023,A/Slovenia/49/2024,640
A/Netherlands/10563/2023,A/Slovenia/49/2024,640
A/Lisboa/216/2023,A/Slovenia/49/2024,320
A/Slovenia/49/2024,A/Slovenia/49/2024,2560
A/Norway/12374/2023,A/Slovenia/49/2024,160
A/BurkinaFaso/3131/2023,A/Slovenia/49/2024,40
A/Ghana/1031/2024,A/Slovenia/49/2024,640
A/Ghana/1081/2024,A/Slovenia/49/2024,320
A/Ghana/1293/2024,A/Slovenia/49/2024,320
A/Ghana/5160/2024,A/Slovenia/49/2024,320
A/Ghana/1406/2024,A/Slovenia/49/2024,320
A/Ghana/5726/2024,A/Slovenia/49/2024,320
A/Ghana/1488/2024,A/Slovenia/49/2024,160
A/Albania/289813/2022,A/Norway/12374/2023,320
A/Massachusetts/18/2022,A/Norway/12374/2023,160
A/Thailand/08/2022,A/Norway/12374/2023,320
A/Sydney/856/2023,A/Norway/12374/2023,160
A/Croatia/10136RV/2023,A/Norway/12374/2023,160
A/Croatia/10136RV/2023,A/Norway/12374/2023,320
A/Netherlands/10563/2023,A/Norway/12374/2023,320
A/Lisboa/216/2023,A/Norway/12374/2023,320
A/Slovenia/49/2024,A/Norway/12374/2023,160
A/Norway/12374/2023,A/Norway/12374/2023,160
A/BurkinaFaso/3131/2023,A/Norway/12374/2023,40
A/Ghana/1031/2024,A/Norway/12374/2023,320
A/Ghana/1081/2024,A/Norway/12374/2023,160
A/Ghana/1293/2024,A/Norway/12374/2023,160
A/Ghana/5160/2024,A/Norway/12374/2023,320
A/Ghana/1406/2024,A/Norway/12374/2023,320
A/Ghana/5726/2024,A/Norway/12374/2023,160
A/Ghana/1488/2024,A/Norway/12374/2023,160
A/Albania/289813/2022,A/BurkinaFaso/3131/2023,160
A/Massachusetts/18/2022,A/BurkinaFaso/3131/2023,80
A/Thailand/08/2022,A/BurkinaFaso/3131/2023,160
A/Sydney/856/2023,A/BurkinaFaso/3131/2023,160
A/Croatia/10136RV/2023,A/BurkinaFaso/3131/2023,80
A/Croatia/10136RV/2023,A/BurkinaFaso/3131/2023,80
A/Netherlands/10563/2023,A/BurkinaFaso/3131/2023,160
A/Lisboa/216/2023,A/BurkinaFaso/3131/2023,160
A/Slovenia/49/2024,A/BurkinaFaso/3131/2023,160
A/Norway/12374/2023,A/BurkinaFaso/3131/2023,160
A/BurkinaFaso/3131/2023,A/BurkinaFaso/3131/2023,160
A/Ghana/1031/2024,A/BurkinaFaso/3131/2023,160
A/Ghana/1081/2024,A/BurkinaFaso/3131/2023,160
A/Ghana/1293/2024,A/BurkinaFaso/3131/2023,80
A/Ghana/5160/2024,A/BurkinaFaso/3131/2023,160
A/Ghana/1406/2024,A/BurkinaFaso/3131/2023,160
A/Ghana/5726/2024,A/BurkinaFaso/3131/2023,80
A/Ghana/1488/2024,A/BurkinaFaso/3131/2023,80
A/Massachusetts/18/2022,A/Massachusetts/18/2022,320
A/Thailand/08/2022,A/Massachusetts/18/2022,320
A/DistrictOfColumbia/27/2023,A/Massachusetts/18/2022,160
A/Croatia/10136RV/2023,A/Massachusetts/18/2022,320
A/Netherlands/10563/2023,A/Massachusetts/18/2022,320
A/Lisboa/216/2023,A/Massachusetts/18/2022,320
A/Slovenia/49/2024,A/Massachusetts/18/2022,40
A/Switzerland/47775/2024,A/Massachusetts/18/2022,<40
A/Norway/12374/2023,A/Massachusetts/18/2022,80
A/BurkinaFaso/3131/2023,A/Massachusetts/18/2022,<40
A/Norway/423/2023,A/Massachusetts/18/2022,160
A/Norway/1952/2024,A/Massachusetts/18/2022,40
A/SaintPetersburg/RII-39/2024,A/Massachusetts/18/2022,80
A/SaintPetersburg/RII-38/2024,A/Massachusetts/18/2022,160
A/SaintPetersburg/RII-46/2024,A/Massachusetts/18/2022,160
A/Krasnodar/RII-02/2024,A/Massachusetts/18/2022,80
A/Krasnodar/RII-05/2024,A/Massachusetts/18/2022,160
A/Krasnodar/RII-06/2024,A/Massachusetts/18/2022,80
A/Krasnodar/RII-04/2024,A/Massachusetts/18/2022,160
A/Kemerovo/RII-02/2024,A/Massachusetts/18/2022,320
A/Kemerovo/RII-01/2024,A/Massachusetts/18/2022,160
A/Krasnodar/RII-03/2024,A/Massachusetts/18/2022,40
A/Perm/RII-03/2024,A/Massachusetts/18/2022,160
A/Perm/RII-04/2024,A/Massachusetts/18/2022,320
A/Saint-Petersburg/RII-48/2024,A/Massachusetts/18/2022,160
A/SaintPetersburg/RII-47/2024,A/Massachusetts/18/2022,80
A/Catalonia/NSVH102417282/2024,A/Massachusetts/18/2022,160
A/Catalonia/NSVH102421648/2024,A/Massachusetts/18/2022,80
A/Catalonia/NSVH102422395/2024,A/Massachusetts/18/2022,160
A/Catalonia/NSBE252798491/2024,A/Massachusetts/18/2022,160
A/Catalonia/NSVH102423723/2024,A/Massachusetts/18/2022,160
A/Catalonia/NSVH102426635/2024,A/Massachusetts/18/2022,320
A/Catalonia/NSVH102429597/2024,A/Massachusetts/18/2022,160
A/Massachusetts/18/2022,A/Thailand/08/2022,640
A/Thailand/08/2022,A/Thailand/08/2022,640
A/DistrictOfColumbia/27/2023,A/Thailand/08/2022,320
A/Croatia/10136RV/2023,A/Thailand/08/2022,640
A/Netherlands/10563/2023,A/Thailand/08/2022,640
A/Lisboa/216/2023,A/Thailand/08/2022,640
A/Slovenia/49/2024,A/Thailand/08/2022,80
A/Switzerland/47775/2024,A/Thailand/08/2022,80
A/Norway/12374/2023,A/Thailand/08/2022,320
A/BurkinaFaso/3131/2023,A/Thailand/08/2022,80
A/Norway/423/2023,A/Thailand/08/2022,640
A/Norway/1952/2024,A/Thailand/08/2022,160
A/SaintPetersburg/RII-39/2024,A/Thailand/08/2022,160
A/SaintPetersburg/RII-38/2024,A/Thailand/08/2022,160
A/SaintPetersburg/RII-46/2024,A/Thailand/08/2022,320
A/Krasnodar/RII-02/2024,A/Thailand/08/2022,160
A/Krasnodar/RII-05/2024,A/Thailand/08/2022,320
A/Krasnodar/RII-06/2024,A/Thailand/08/2022,160
A/Krasnodar/RII-04/2024,A/Thailand/08/2022,320
A/Kemerovo/RII-02/2024,A/Thailand/08/2022,640
A/Kemerovo/RII-01/2024,A/Thailand/08/2022,320
A/Krasnodar/RII-03/2024,A/Thailand/08/2022,160
A/Perm/RII-03/2024,A/Thailand/08/2022,320
A/Perm/RII-04/2024,A/Thailand/08/2022,320
A/Saint-Petersburg/RII-48/2024,A/Thailand/08/2022,320
A/SaintPetersburg/RII-47/2024,A/Thailand/08/2022,160
A/Catalonia/NSVH102417282/2024,A/Thailand/08/2022,320
A/Catalonia/NSVH102421648/2024,A/Thailand/08/2022,160
A/Catalonia/NSVH102422395/2024,A/Thailand/08/2022,320
A/Catalonia/NSBE252798491/2024,A/Thailand/08/2022,640
A/Catalonia/NSVH102423723/2024,A/Thailand/08/2022,320
A/Catalonia/NSVH102426635/2024,A/Thailand/08/2022,640
A/Catalonia/NSVH102429597/2024,A/Thailand/08/2022,320
A/Massachusetts/18/2022,A/DistrictOfColumbia/27/2023,160
A/Thailand/08/2022,A/DistrictOfColumbia/27/2023,640
A/DistrictOfColumbia/27/2023,A/DistrictOfColumbia/27/2023,640
A/Croatia/10136RV/2023,A/DistrictOfColumbia/27/2023,1280
A/Netherlands/10563/2023,A/DistrictOfColumbia/27/2023,640
A/Lisboa/216/2023,A/DistrictOfColumbia/27/2023,640
A/Slovenia/49/2024,A/DistrictOfColumbia/27/2023,80
A/Switzerland/47775/2024,A/DistrictOfColumbia/27/2023,320
A/Norway/12374/2023,A/DistrictOfColumbia/27/2023,320
A/BurkinaFaso/3131/2023,A/DistrictOfColumbia/27/2023,160
A/Norway/423/2023,A/DistrictOfColumbia/27/2023,640
A/Norway/1952/2024,A/DistrictOfColumbia/27/2023,160
A/SaintPetersburg/RII-39/2024,A/DistrictOfColumbia/27/2023,160
A/SaintPetersburg/RII-38/2024,A/DistrictOfColumbia/27/2023,80
A/SaintPetersburg/RII-46/2024,A/DistrictOfColumbia/27/2023,320
A/Krasnodar/RII-02/2024,A/DistrictOfColumbia/27/2023,160
A/Krasnodar/RII-05/2024,A/DistrictOfColumbia/27/2023,640
A/Krasnodar/RII-06/2024,A/DistrictOfColumbia/27/2023,320
A/Krasnodar/RII-04/2024,A/DistrictOfColumbia/27/2023,320
A/Kemerovo/RII-02/2024,A/DistrictOfColumbia/27/2023,640
A/Kemerovo/RII-01/2024,A/DistrictOfColumbia/27/2023,320
A/Krasnodar/RII-03/2024,A/DistrictOfColumbia/27/2023,160
A/Perm/RII-03/2024,A/DistrictOfColumbia/27/2023,320
A/Perm/RII-04/2024,A/DistrictOfColumbia/27/2023,640
A/Saint-Petersburg/RII-48/2024,A/DistrictOfColumbia/27/2023,320
A/SaintPetersburg/RII-47/2024,A/DistrictOfColumbia/27/2023,160
A/Catalonia/NSVH102417282/2024,A/DistrictOfColumbia/27/2023,320
A/Catalonia/NSVH102421648/2024,A/DistrictOfColumbia/27/2023,160
A/Catalonia/NSVH102422395/2024,A/DistrictOfColumbia/27/2023,320
A/Catalonia/NSBE252798491/2024,A/DistrictOfColumbia/27/2023,640
A/Catalonia/NSVH102423723/2024,A/DistrictOfColumbia/27/2023,640
A/Catalonia/NSVH102426635/2024,A/DistrictOfColumbia/27/2023,320
A/Catalonia/NSVH102429597/2024,A/DistrictOfColumbia/27/2023,320
A/Massachusetts/18/2022,A/Croatia/10136RV/2023,160
A/Thailand/08/2022,A/Croatia/10136RV/2023,320
A/DistrictOfColumbia/27/2023,A/Croatia/10136RV/2023,640
A/Croatia/10136RV/2023,A/Croatia/10136RV/2023,640
A/Netherlands/10563/2023,A/Croatia/10136RV/2023,320
A/Lisboa/216/2023,A/Croatia/10136RV/2023,320
A/Slovenia/49/2024,A/Croatia/10136RV/2023,40
A/Switzerland/47775/2024,A/Croatia/10136RV/2023,80
A/Norway/12374/2023,A/Croatia/10136RV/2023,160
A/BurkinaFaso/3131/2023,A/Croatia/10136RV/2023,80
A/Norway/423/2023,A/Croatia/10136RV/2023,160
A/Norway/1952/2024,A/Croatia/10136RV/2023,80
A/SaintPetersburg/RII-39/2024,A/Croatia/10136RV/2023,80
A/SaintPetersburg/RII-38/2024,A/Croatia/10136RV/2023,80
A/SaintPetersburg/RII-46/2024,A/Croatia/10136RV/2023,160
A/Krasnodar/RII-02/2024,A/Croatia/10136RV/2023,80
A/Krasnodar/RII-05/2024,A/Croatia/10136RV/2023,320
A/Krasnodar/RII-06/2024,A/Croatia/10136RV/2023,320
A/Krasnodar/RII-04/2024,A/Croatia/10136RV/2023,160
A/Kemerovo/RII-02/2024,A/Croatia/10136RV/2023,320
A/Kemerovo/RII-01/2024,A/Croatia/10136RV/2023,160
A/Krasnodar/RII-03/2024,A/Croatia/10136RV/2023,160
A/Perm/RII-03/2024,A/Croatia/10136RV/2023,320
A/Perm/RII-04/2024,A/Croatia/10136RV/2023,320
A/Saint-Petersburg/RII-48/2024,A/Croatia/10136RV/2023,160
A/SaintPetersburg/RII-47/2024,A/Croatia/10136RV/2023,80
A/Catalonia/NSVH102417282/2024,A/Croatia/10136RV/2023,160
A/Catalonia/NSVH102421648/2024,A/Croatia/10136RV/2023,80
A/Catalonia/NSVH102422395/2024,A/Croatia/10136RV/2023,160
A/Catalonia/NSBE252798491/2024,A/Croatia/10136RV/2023,320
A/Catalonia/NSVH102423723/2024,A/Croatia/10136RV/2023,160
A/Catalonia/NSVH102426635/2024,A/Croatia/10136RV/2023,320
A/Catalonia/NSVH102429597/2024,A/Croatia/10136RV/2023,160
A/Massachusetts/18/2022,A/Netherlands/10563/2023,320
A/Thailand/08/2022,A/Netherlands/10563/2023,640
A/DistrictOfColumbia/27/2023,A/Netherlands/10563/2023,640
A/Croatia/10136RV/2023,A/Netherlands/10563/2023,640
A/Netherlands/10563/2023,A/Netherlands/10563/2023,640
A/Lisboa/216/2023,A/Netherlands/10563/2023,640
A/Slovenia/49/2024,A/Netherlands/10563/2023,80
A/Switzerland/47775/2024,A/Netherlands/10563/2023,160
A/Norway/12374/2023,A/Netherlands/10563/2023,320
A/BurkinaFaso/3131/2023,A/Netherlands/10563/2023,160
A/Norway/423/2023,A/Netherlands/10563/2023,160
A/Norway/1952/2024,A/Netherlands/10563/2023,40
A/SaintPetersburg/RII-39/2024,A/Netherlands/10563/2023,160
A/SaintPetersburg/RII-38/2024,A/Netherlands/10563/2023,80
A/SaintPetersburg/RII-46/2024,A/Netherlands/10563/2023,320
A/Krasnodar/RII-02/2024,A/Netherlands/10563/2023,160
A/Krasnodar/RII-05/2024,A/Netherlands/10563/2023,320
A/Krasnodar/RII-06/2024,A/Netherlands/10563/2023,320
A/Krasnodar/RII-04/2024,A/Netherlands/10563/2023,320
A/Kemerovo/RII-02/2024,A/Netherlands/10563/2023,1280
A/Kemerovo/RII-01/2024,A/Netherlands/10563/2023,320
A/Krasnodar/RII-03/2024,A/Netherlands/10563/2023,160
A/Perm/RII-03/2024,A/Netherlands/10563/2023,320
A/Perm/RII-04/2024,A/Netherlands/10563/2023,640
A/Saint-Petersburg/RII-48/2024,A/Netherlands/10563/2023,320
A/SaintPetersburg/RII-47/2024,A/Netherlands/10563/2023,160
A/Catalonia/NSVH102417282/2024,A/Netherlands/10563/2023,320
A/Catalonia/NSVH102421648/2024,A/Netherlands/10563/2023,160
A/Catalonia/NSVH102422395/2024,A/Netherlands/10563/2023,320
A/Catalonia/NSBE252798491/2024,A/Netherlands/10563/2023,640
A/Catalonia/NSVH102423723/2024,A/Netherlands/10563/2023,320
A/Catalonia/NSVH102426635/2024,A/Netherlands/10563/2023,640
A/Catalonia/NSVH102429597/2024,A/Netherlands/10563/2023,320
A/Massachusetts/18/2022,A/Lisboa/216/2023,320
A/Thailand/08/2022,A/Lisboa/216/2023,640
A/DistrictOfColumbia/27/2023,A/Lisboa/216/2023,320
A/Croatia/10136RV/2023,A/Lisboa/216/2023,640
A/Netherlands/10563/2023,A/Lisboa/216/2023,640
A/Lisboa/216/2023,A/Lisboa/216/2023,640
A/Slovenia/49/2024,A/Lisboa/216/2023,160
A/Switzerland/47775/2024,A/Lisboa/216/2023,80
A/Norway/12374/2023,A/Lisboa/216/2023,320
A/BurkinaFaso/3131/2023,A/Lisboa/216/2023,80
A/Norway/423/2023,A/Lisboa/216/2023,640
A/Norway/1952/2024,A/Lisboa/216/2023,160
A/SaintPetersburg/RII-39/2024,A/Lisboa/216/2023,160
A/SaintPetersburg/RII-38/2024,A/Lisboa/216/2023,40
A/SaintPetersburg/RII-46/2024,A/Lisboa/216/2023,160
A/Krasnodar/RII-02/2024,A/Lisboa/216/2023,160
A/Krasnodar/RII-05/2024,A/Lisboa/216/2023,320
A/Krasnodar/RII-06/2024,A/Lisboa/216/2023,160
A/Krasnodar/RII-04/2024,A/Lisboa/216/2023,160
A/Kemerovo/RII-02/2024,A/Lisboa/216/2023,640
A/Kemerovo/RII-01/2024,A/Lisboa/216/2023,320
A/Krasnodar/RII-03/2024,A/Lisboa/216/2023,160
A/Perm/RII-03/2024,A/Lisboa/216/2023,320
A/Perm/RII-04/2024,A/Lisboa/216/2023,640
A/Saint-Petersburg/RII-48/2024,A/Lisboa/216/2023,320
A/SaintPetersburg/RII-47/2024,A/Lisboa/216/2023,160
A/Catalonia/NSVH102417282/2024,A/Lisboa/216/2023,320
A/Catalonia/NSVH102421648/2024,A/Lisboa/216/2023,160
A/Catalonia/NSVH102422395/2024,A/Lisboa/216/2023,320
A/Catalonia/NSBE252798491/2024,A/Lisboa/216/2023,320
A/Catalonia/NSVH102423723/2024,A/Lisboa/216/2023,320
A/Catalonia/NSVH102426635/2024,A/Lisboa/216/2023,320
A/Catalonia/NSVH102429597/2024,A/Lisboa/216/2023,320
A/Massachusetts/18/2022,A/Slovenia/49/2024,160
A/Thailand/08/2022,A/Slovenia/49/2024,320
A/DistrictOfColumbia/27/2023,A/Slovenia/49/2024,320
A/Croatia/10136RV/2023,A/Slovenia/49/2024,640
A/Netherlands/10563/2023,A/Slovenia/49/2024,320
A/Lisboa/216/2023,A/Slovenia/49/2024,320
A/Slovenia/49/2024,A/Slovenia/49/2024,1280
A/Switzerland/47775/2024,A/Slovenia/49/2024,40
A/Norway/12374/2023,A/Slovenia/49/2024,160
A/BurkinaFaso/3131/2023,A/Slovenia/49/2024,40
A/Norway/423/2023,A/Slovenia/49/2024,2560
A/Norway/1952/2024,A/Slovenia/49/2024,1280
A/SaintPetersburg/RII-39/2024,A/Slovenia/49/2024,80
A/SaintPetersburg/RII-38/2024,A/Slovenia/49/2024,40
A/SaintPetersburg/RII-46/2024,A/Slovenia/49/2024,160
A/Krasnodar/RII-02/2024,A/Slovenia/49/2024,80
A/Krasnodar/RII-05/2024,A/Slovenia/49/2024,160
A/Krasnodar/RII-06/2024,A/Slovenia/49/2024,160
A/Krasnodar/RII-04/2024,A/Slovenia/49/2024,160
A/Kemerovo/RII-02/2024,A/Slovenia/49/2024,320
A/Kemerovo/RII-01/2024,A/Slovenia/49/2024,160
A/Krasnodar/RII-03/2024,A/Slovenia/49/2024,80
A/Perm/RII-03/2024,A/Slovenia/49/2024,320
A/Perm/RII-04/2024,A/Slovenia/49/2024,320
A/Saint-Petersburg/RII-48/2024,A/Slovenia/49/2024,320
A/SaintPetersburg/RII-47/2024,A/Slovenia/49/2024,80
A/Catalonia/NSVH102417282/2024,A/Slovenia/49/2024,160
A/Catalonia/NSVH102421648/2024,A/Slovenia/49/2024,160
A/Catalonia/NSVH102422395/2024,A/Slovenia/49/2024,320
A/Catalonia/NSBE252798491/2024,A/Slovenia/49/2024,320
A/Catalonia/NSVH102423723/2024,A/Slovenia/49/2024,320
A/Catalonia/NSVH102426635/2024,A/Slovenia/49/2024,320
A/Catalonia/NSVH102429597/2024,A/Slovenia/49/2024,160
A/Massachusetts/18/2022,A/Switzerland/47775/2024,80
A/Thailand/08/2022,A/Switzerland/47775/2024,160
A/DistrictOfColumbia/27/2023,A/Switzerland/47775/2024,160
A/Croatia/10136RV/2023,A/Switzerland/47775/2024,160
A/Netherlands/10563/2023,A/Switzerland/47775/2024,160
A/Lisboa/216/2023,A/Switzerland/47775/2024,160
A/Slovenia/49/2024,A/Switzerland/47775/2024,40
A/Switzerland/47775/2024,A/Switzerland/47775/2024,160
A/Norway/12374/2023,A/Switzerland/47775/2024,80
A/BurkinaFaso/3131/2023,A/Switzerland/47775/2024,160
A/Norway/423/2023,A/Switzerland/47775/2024,80
A/Norway/1952/2024,A/Switzerland/47775/2024,40
A/SaintPetersburg/RII-39/2024,A/Switzerland/47775/2024,40
A/SaintPetersburg/RII-38/2024,A/Switzerland/47775/2024,<40
A/SaintPetersburg/RII-46/2024,A/Switzerland/47775/2024,80
A/Krasnodar/RII-02/2024,A/Switzerland/47775/2024,40
A/Krasnodar/RII-05/2024,A/Switzerland/47775/2024,160
A/Krasnodar/RII-06/2024,A/Switzerland/47775/2024,80
A/Krasnodar/RII-04/2024,A/Switzerland/47775/2024,80
A/Kemerovo/RII-02/2024,A/Switzerland/47775/2024,160
A/Kemerovo/RII-01/2024,A/Switzerland/47775/2024,80
A/Krasnodar/RII-03/2024,A/Switzerland/47775/2024,80
A/Perm/RII-03/2024,A/Switzerland/47775/2024,80
A/Perm/RII-04/2024,A/Switzerland/47775/2024,320
A/Saint-Petersburg/RII-48/2024,A/Switzerland/47775/2024,160
A/SaintPetersburg/RII-47/2024,A/Switzerland/47775/2024,40
A/Catalonia/NSVH102417282/2024,A/Switzerland/47775/2024,80
A/Catalonia/NSVH102421648/2024,A/Switzerland/47775/2024,40
A/Catalonia/NSVH102422395/2024,A/Switzerland/47775/2024,80
A/Catalonia/NSBE252798491/2024,A/Switzerland/47775/2024,160
A/Catalonia/NSVH102423723/2024,A/Switzerland/47775/2024,80
A/Catalonia/NSVH102426635/2024,A/Switzerland/47775/2024,160
A/Catalonia/NSVH102429597/2024,A/Switzerland/47775/2024,80
A/Massachusetts/18/2022,A/Norway/12374/2023,160
A/Thailand/08/2022,A/Norway/12374/2023,320
A/DistrictOfColumbia/27/2023,A/Norway/12374/2023,320
A/Croatia/10136RV/2023,A/Norway/12374/2023,320
A/Netherlands/10563/2023,A/Norway/12374/2023,160
A/Lisboa/216/2023,A/Norway/12374/2023,320
A/Slovenia/49/2024,A/Norway/12374/2023,40
A/Switzerland/47775/2024,A/Norway/12374/2023,40
A/Norway/12374/2023,A/Norway/12374/2023,160
A/BurkinaFaso/3131/2023,A/Norway/12374/2023,40
A/Norway/423/2023,A/Norway/12374/2023,160
A/Norway/1952/2024,A/Norway/12374/2023,80
A/SaintPetersburg/RII-39/2024,A/Norway/12374/2023,80
A/SaintPetersburg/RII-38/2024,A/Norway/12374/2023,<40
A/SaintPetersburg/RII-46/2024,A/Norway/12374/2023,80
A/Krasnodar/RII-02/2024,A/Norway/12374/2023,40
A/Krasnodar/RII-05/2024,A/Norway/12374/2023,160
A/Krasnodar/RII-06/2024,A/Norway/12374/2023,160
A/Krasnodar/RII-04/2024,A/Norway/12374/2023,80
A/Kemerovo/RII-02/2024,A/Norway/12374/2023,160
A/Kemerovo/RII-01/2024,A/Norway/12374/2023,160
A/Krasnodar/RII-03/2024,A/Norway/12374/2023,80
A/Perm/RII-03/2024,A/Norway/12374/2023,160
A/Perm/RII-04/2024,A/Norway/12374/2023,160
A/Saint-Petersburg/RII-48/2024,A/Norway/12374/2023,160
A/SaintPetersburg/RII-47/2024,A/Norway/12374/2023,80
A/Catalonia/NSVH102417282/2024,A/Norway/12374/2023,160
A/Catalonia/NSVH102421648/2024,A/Norway/12374/2023,80
A/Catalonia/NSVH102422395/2024,A/Norway/12374/2023,160
A/Catalonia/NSBE252798491/2024,A/Norway/12374/2023,160
A/Catalonia/NSVH102423723/2024,A/Norway/12374/2023,160
A/Catalonia/NSVH102426635/2024,A/Norway/12374/2023,160
A/Catalonia/NSVH102429597/2024,A/Norway/12374/2023,80
A/Massachusetts/18/2022,A/BurkinaFaso/3131/2023,80
A/Thailand/08/2022,A/BurkinaFaso/3131/2023,80
A/DistrictOfColumbia/27/2023,A/BurkinaFaso/3131/2023,160
A/Croatia/10136RV/2023,A/BurkinaFaso/3131/2023,160
A/Netherlands/10563/2023,A/BurkinaFaso/3131/2023,80
A/Lisboa/216/2023,A/BurkinaFaso/3131/2023,80
A/Slovenia/49/2024,A/BurkinaFaso/3131/2023,<40
A/Switzerland/47775/2024,A/BurkinaFaso/3131/2023,80
A/Norway/12374/2023,A/BurkinaFaso/3131/2023,80
A/BurkinaFaso/3131/2023,A/BurkinaFaso/3131/2023,160
A/Norway/423/2023,A/BurkinaFaso/3131/2023,<40
A/Norway/1952/2024,A/BurkinaFaso/3131/2023,<40
A/SaintPetersburg/RII-39/2024,A/BurkinaFaso/3131/2023,40
A/SaintPetersburg/RII-38/2024,A/BurkinaFaso/3131/2023,<40
A/SaintPetersburg/RII-46/2024,A/BurkinaFaso/3131/2023,<40
A/Krasnodar/RII-02/2024,A/BurkinaFaso/3131/2023,<40
A/Krasnodar/RII-05/2024,A/BurkinaFaso/3131/2023,320
A/Krasnodar/RII-06/2024,A/BurkinaFaso/3131/2023,80
A/Krasnodar/RII-04/2024,A/BurkinaFaso/3131/2023,80
A/Kemerovo/RII-02/2024,A/BurkinaFaso/3131/2023,80
A/Kemerovo/RII-01/2024,A/BurkinaFaso/3131/2023,40
A/Krasnodar/RII-03/2024,A/BurkinaFaso/3131/2023,40
A/Perm/RII-03/2024,A/BurkinaFaso/3131/2023,80
A/Perm/RII-04/2024,A/BurkinaFaso/3131/2023,160
A/Saint-Petersburg/RII-48/2024,A/BurkinaFaso/3131/2023,80
A/SaintPetersburg/RII-47/2024,A/BurkinaFaso/3131/2023,40
A/Catalonia/NSVH102417282/2024,A/BurkinaFaso/3131/2023,80
A/Catalonia/NSVH102421648/2024,A/BurkinaFaso/3131/2023,<40
A/Catalonia/NSVH102422395/2024,A/BurkinaFaso/3131/2023,40
A/Catalonia/NSBE252798491/2024,A/BurkinaFaso/3131/2023,160
A/Catalonia/NSVH102423723/2024,A/BurkinaFaso/3131/2023,40
A/Catalonia/NSVH102426635/2024,A/BurkinaFaso/3131/2023,160
A/Catalonia/NSVH102429597/2024,A/BurkinaFaso/3131/2023,80
A/Massachusetts/18/2022,A/Norway/423/2023,80
A/Thailand/08/2022,A/Norway/423/2023,320
A/DistrictOfColumbia/27/2023,A/Norway/423/2023,160
A/Croatia/10136RV/2023,A/Norway/423/2023,320
A/Netherlands/10563/2023,A/Norway/423/2023,320
A/Lisboa/216/2023,A/Norway/423/2023,320
A/Slovenia/49/2024,A/Norway/423/2023,640
A/Switzerland/47775/2024,A/Norway/423/2023,<40
A/Norway/12374/2023,A/Norway/423/2023,80
A/BurkinaFaso/3131/2023,A/Norway/423/2023,<40
A/Norway/423/2023,A/Norway/423/2023,2560
A/Norway/1952/2024,A/Norway/423/2023,640
A/SaintPetersburg/RII-39/2024,A/Norway/423/2023,40
A/SaintPetersburg/RII-38/2024,A/Norway/423/2023,<40
A/SaintPetersburg/RII-46/2024,A/Norway/423/2023,80
A/Krasnodar/RII-02/2024,A/Norway/423/2023,40
A/Krasnodar/RII-05/2024,A/Norway/423/2023,160
A/Krasnodar/RII-06/2024,A/Norway/423/2023,80
A/Krasnodar/RII-04/2024,A/Norway/423/2023,80
A/Kemerovo/RII-02/2024,A/Norway/423/2023,160
A/Kemerovo/RII-01/2024,A/Norway/423/2023,80
A/Krasnodar/RII-03/2024,A/Norway/423/2023,40
A/Perm/RII-03/2024,A/Norway/423/2023,80
A/Perm/RII-04/2024,A/Norway/423/2023,160
A/Saint-Petersburg/RII-48/2024,A/Norway/423/2023,160
A/SaintPetersburg/RII-47/2024,A/Norway/423/2023,40
A/Catalonia/NSVH102417282/2024,A/Norway/423/2023,80
A/Catalonia/NSVH102421648/2024,A/Norway/423/2023,80
A/Catalonia/NSVH102422395/2024,A/Norway/423/2023,160
A/Catalonia/NSBE252798491/2024,A/Norway/423/2023,160
A/Catalonia/NSVH102423723/2024,A/Norway/423/2023,160
A/Catalonia/NSVH102426635/2024,A/Norway/423/2023,160
A/Catalonia/NSVH102429597/2024,A/Norway/423/2023,160
A/Massachusetts/18/2022,A/Norway/1952/2024,80
A/Thailand/08/2022,A/Norway/1952/2024,320
A/DistrictOfColumbia/27/2023,A/Norway/1952/2024,160
A/Croatia/10136RV/2023,A/Norway/1952/2024,320
A/Netherlands/10563/2023,A/Norway/1952/2024,320
A/Lisboa/216/2023,A/Norway/1952/2024,320
A/Slovenia/49/2024,A/Norway/1952/2024,1280
A/Switzerland/47775/2024,A/Norway/1952/2024,40
A/Norway/12374/2023,A/Norway/1952/2024,160
A/BurkinaFaso/3131/2023,A/Norway/1952/2024,40
A/Norway/423/2023,A/Norway/1952/2024,2560
A/Norway/1952/2024,A/Norway/1952/2024,2560
A/SaintPetersburg/RII-39/2024,A/Norway/1952/2024,80
A/SaintPetersburg/RII-38/2024,A/Norway/1952/2024,<40
A/SaintPetersburg/RII-46/2024,A/Norway/1952/2024,80
A/Krasnodar/RII-02/2024,A/Norway/1952/2024,80
A/Krasnodar/RII-05/2024,A/Norway/1952/2024,160
A/Krasnodar/RII-06/2024,A/Norway/1952/2024,160
A/Krasnodar/RII-04/2024,A/Norway/1952/2024,160
A/Kemerovo/RII-02/2024,A/Norway/1952/2024,160
A/Kemerovo/RII-01/2024,A/Norway/1952/2024,160
A/Krasnodar/RII-03/2024,A/Norway/1952/2024,80
A/Perm/RII-03/2024,A/Norway/1952/2024,160
A/Perm/RII-04/2024,A/Norway/1952/2024,320
A/Saint-Petersburg/RII-48/2024,A/Norway/1952/2024,160
A/SaintPetersburg/RII-47/2024,A/Norway/1952/2024,80
A/Catalonia/NSVH102417282/2024,A/Norway/1952/2024,160
A/Catalonia/NSVH102421648/2024,A/Norway/1952/2024,160
A/Catalonia/NSVH102422395/2024,A/Norway/1952/2024,160
A/Catalonia/NSBE252798491/2024,A/Norway/1952/2024,160
A/Catalonia/NSVH102423723/2024,A/Norway/1952/2024,160
A/Catalonia/NSVH102426635/2024,A/Norway/1952/2024,160
A/Catalonia/NSVH102429597/2024,A/Norway/1952/2024,160
A/Massachusetts/18/2022,A/DistrictOfColumbia/27/2023,320
A/Thailand/08/2022,A/DistrictOfColumbia/27/2023,640
A/DistrictOfColumbia/27/2023,A/DistrictOfColumbia/27/2023,640
A/Croatia/10136RV/2023,A/DistrictOfColumbia/27/2023,1280
A/Netherlands/10563/2023,A/DistrictOfColumbia/27/2023,640
A/Lisboa/216/2023,A/DistrictOfColumbia/27/2023,640
A/Slovenia/49/2024,A/DistrictOfColumbia/27/2023,160
A/Switzerland/47775/2024,A/DistrictOfColumbia/27/2023,160
A/Norway/12374/2023,A/DistrictOfColumbia/27/2023,320
A/BurkinaFaso/3131/2023,A/DistrictOfColumbia/27/2023,160
A/Norway/423/2023,A/DistrictOfColumbia/27/2023,160
A/Norway/1952/2024,A/DistrictOfColumbia/27/2023,160
A/SaintPetersburg/RII-39/2024,A/DistrictOfColumbia/27/2023,160
A/SaintPetersburg/RII-38/2024,A/DistrictOfColumbia/27/2023,80
A/SaintPetersburg/RII-46/2024,A/DistrictOfColumbia/27/2023,320
A/Krasnodar/RII-02/2024,A/DistrictOfColumbia/27/2023,160
A/Krasnodar/RII-05/2024,A/DistrictOfColumbia/27/2023,640
A/Krasnodar/RII-06/2024,A/DistrictOfColumbia/27/2023,320
A/Krasnodar/RII-04/2024,A/DistrictOfColumbia/27/2023,320
A/Kemerovo/RII-02/2024,A/DistrictOfColumbia/27/2023,640
A/Kemerovo/RII-01/2024,A/DistrictOfColumbia/27/2023,320
A/Krasnodar/RII-03/2024,A/DistrictOfColumbia/27/2023,320
A/Perm/RII-03/2024,A/DistrictOfColumbia/27/2023,320
A/Perm/RII-04/2024,A/DistrictOfColumbia/27/2023,640
A/Saint-Petersburg/RII-48/2024,A/DistrictOfColumbia/27/2023,640
A/SaintPetersburg/RII-47/2024,A/DistrictOfColumbia/27/2023,320
A/Catalonia/NSVH102417282/2024,A/DistrictOfColumbia/27/2023,320
A/Catalonia/NSVH102421648/2024,A/DistrictOfColumbia/27/2023,320
A/Catalonia/NSVH102422395/2024,A/DistrictOfColumbia/27/2023,320
A/Catalonia/NSBE252798491/2024,A/DistrictOfColumbia/27/2023,640
A/Catalonia/NSVH102423723/2024,A/DistrictOfColumbia/27/2023,320
A/Catalonia/NSVH102426635/2024,A/DistrictOfColumbia/27/2023,640
A/Catalonia/NSVH102429597/2024,A/DistrictOfColumbia/27/2023,640
A/Massachusetts/18/2022,A/Massachusetts/18/2022,320
A/Thailand/08/2022,A/Massachusetts/18/2022,320
A/DistrictOfColumbia/27/2023,A/Massachusetts/18/2022,160
A/Croatia/10136RV/2023,A/Massachusetts/18/2022,320
A/Netherlands/10563/2023,A/Massachusetts/18/2022,160
A/Lisboa/216/2023,A/Massachusetts/18/2022,160
A/Slovenia/49/2024,A/Massachusetts/18/2022,40
A/Switzerland/47775/2024,A/Massachusetts/18/2022,<40
A/Norway/12374/2023,A/Massachusetts/18/2022,80
A/BurkinaFaso/3131/2023,A/Massachusetts/18/2022,<40
A/Norway/06798/2024,A/Massachusetts/18/2022,80
A/Norway/06884/2024,A/Massachusetts/18/2022,160
A/Norway/06796/2024,A/Massachusetts/18/2022,80
A/Norway/07066/2024,A/Massachusetts/18/2022,160
A/Norway/07263/2024,A/Massachusetts/18/2022,80
A/Norway/07790/2024,A/Massachusetts/18/2022,80
A/Norway/07314/2024,A/Massachusetts/18/2022,160
A/Norway/07228/2024,A/Massachusetts/18/2022,160
A/Massachusetts/18/2022,A/Thailand/08/2022,640
A/Thailand/08/2022,A/Thailand/08/2022,640
A/DistrictOfColumbia/27/2023,A/Thailand/08/2022,320
A/Croatia/10136RV/2023,A/Thailand/08/2022,640
A/Netherlands/10563/2023,A/Thailand/08/2022,320
A/Lisboa/216/2023,A/Thailand/08/2022,320
A/Slovenia/49/2024,A/Thailand/08/2022,160
A/Switzerland/47775/2024,A/Thailand/08/2022,80
A/Norway/12374/2023,A/Thailand/08/2022,160
A/BurkinaFaso/3131/2023,A/Thailand/08/2022,80
A/Norway/06798/2024,A/Thailand/08/2022,160
A/Norway/06884/2024,A/Thailand/08/2022,320
A/Norway/06796/2024,A/Thailand/08/2022,160
A/Norway/07066/2024,A/Thailand/08/2022,320
A/Norway/07263/2024,A/Thailand/08/2022,160
A/Norway/07790/2024,A/Thailand/08/2022,160
A/Norway/07314/2024,A/Thailand/08/2022,320
A/Norway/07228/2024,A/Thailand/08/2022,320
A/Massachusetts/18/2022,A/DistrictOfColumbia/27/2023,160
A/Thailand/08/2022,A/DistrictOfColumbia/27/2023,640
A/DistrictOfColumbia/27/2023,A/DistrictOfColumbia/27/2023,640
A/Croatia/10136RV/2023,A/DistrictOfColumbia/27/2023,640
A/Netherlands/10563/2023,A/DistrictOfColumbia/27/2023,320
A/Lisboa/216/2023,A/DistrictOfColumbia/27/2023,320
A/Slovenia/49/2024,A/DistrictOfColumbia/27/2023,160
A/Switzerland/47775/2024,A/DistrictOfColumbia/27/2023,160
A/Norway/12374/2023,A/DistrictOfColumbia/27/2023,320
A/BurkinaFaso/3131/2023,A/DistrictOfColumbia/27/2023,160
A/Norway/06798/2024,A/DistrictOfColumbia/27/2023,320
A/Norway/06884/2024,A/DistrictOfColumbia/27/2023,320
A/Norway/06796/2024,A/DistrictOfColumbia/27/2023,160
A/Norway/07066/2024,A/DistrictOfColumbia/27/2023,320
A/Norway/07263/2024,A/DistrictOfColumbia/27/2023,160
A/Norway/07790/2024,A/DistrictOfColumbia/27/2023,320
A/Norway/07314/2024,A/DistrictOfColumbia/27/2023,320
A/Norway/07228/2024,A/DistrictOfColumbia/27/2023,320
A/Massachusetts/18/2022,A/Croatia/10136RV/2023,160
A/Thailand/08/2022,A/Croatia/10136RV/2023,320
A/DistrictOfColumbia/27/2023,A/Croatia/10136RV/2023,320
A/Croatia/10136RV/2023,A/Croatia/10136RV/2023,640
A/Netherlands/10563/2023,A/Croatia/10136RV/2023,320
A/Lisboa/216/2023,A/Croatia/10136RV/2023,160
A/Slovenia/49/2024,A/Croatia/10136RV/2023,40
A/Switzerland/47775/2024,A/Croatia/10136RV/2023,40
A/Norway/12374/2023,A/Croatia/10136RV/2023,80
A/BurkinaFaso/3131/2023,A/Croatia/10136RV/2023,40
A/Norway/06798/2024,A/Croatia/10136RV/2023,80
A/Norway/06884/2024,A/Croatia/10136RV/2023,160
A/Norway/06796/2024,A/Croatia/10136RV/2023,80
A/Norway/07066/2024,A/Croatia/10136RV/2023,160
A/Norway/07263/2024,A/Croatia/10136RV/2023,80
A/Norway/07790/2024,A/Croatia/10136RV/2023,160
A/Norway/07314/2024,A/Croatia/10136RV/2023,160
A/Norway/07228/2024,A/Croatia/10136RV/2023,160
A/Massachusetts/18/2022,A/Netherlands/10563/2023,160
A/Thailand/08/2022,A/Netherlands/10563/2023,320
A/DistrictOfColumbia/27/2023,A/Netherlands/10563/2023,320
A/Croatia/10136RV/2023,A/Netherlands/10563/2023,640
A/Netherlands/10563/2023,A/Netherlands/10563/2023,320
A/Lisboa/216/2023,A/Netherlands/10563/2023,320
A/Slovenia/49/2024,A/Netherlands/10563/2023,80
A/Switzerland/47775/2024,A/Netherlands/10563/2023,80
A/Norway/12374/2023,A/Netherlands/10563/2023,160
A/BurkinaFaso/3131/2023,A/Netherlands/10563/2023,80
A/Norway/06798/2024,A/Netherlands/10563/2023,160
A/Norway/06884/2024,A/Netherlands/10563/2023,320
A/Norway/06796/2024,A/Netherlands/10563/2023,160
A/Norway/07066/2024,A/Netherlands/10563/2023,320
A/Norway/07263/2024,A/Netherlands/10563/2023,160
A/Norway/07790/2024,A/Netherlands/10563/2023,320
A/Norway/07314/2024,A/Netherlands/10563/2023,320
A/Norway/07228/2024,A/Netherlands/10563/2023,320
A/Massachusetts/18/2022,A/Lisboa/216/2023,320
A/Thailand/08/2022,A/Lisboa/216/2023,640
A/DistrictOfColumbia/27/2023,A/Lisboa/216/2023,320
A/Croatia/10136RV/2023,A/Lisboa/216/2023,640
A/Netherlands/10563/2023,A/Lisboa/216/2023,320
A/Lisboa/216/2023,A/Lisboa/216/2023,320
A/Slovenia/49/2024,A/Lisboa/216/2023,160
A/Switzerland/47775/2024,A/Lisboa/216/2023,40
A/Norway/12374/2023,A/Lisboa/216/2023,160
A/BurkinaFaso/3131/2023,A/Lisboa/216/2023,40
A/Norway/06798/2024,A/Lisboa/216/2023,160
A/Norway/06884/2024,A/Lisboa/216/2023,320
A/Norway/06796/2024,A/Lisboa/216/2023,160
A/Norway/07066/2024,A/Lisboa/216/2023,320
A/Norway/07263/2024,A/Lisboa/216/2023,160
A/Norway/07790/2024,A/Lisboa/216/2023,320
A/Norway/07314/2024,A/Lisboa/216/2023,320
A/Norway/07228/2024,A/Lisboa/216/2023,320
A/Massachusetts/18/2022,A/Slovenia/49/2024,80
A/Thailand/08/2022,A/Slovenia/49/2024,320
A/DistrictOfColumbia/27/2023,A/Slovenia/49/2024,320
A/Croatia/10136RV/2023,A/Slovenia/49/2024,640
A/Netherlands/10563/2023,A/Slovenia/49/2024,320
A/Lisboa/216/2023,A/Slovenia/49/2024,160
A/Slovenia/49/2024,A/Slovenia/49/2024,2560
A/Switzerland/47775/2024,A/Slovenia/49/2024,<40
A/Norway/12374/2023,A/Slovenia/49/2024,80
A/BurkinaFaso/3131/2023,A/Slovenia/49/2024,<40
A/Norway/06798/2024,A/Slovenia/49/2024,80
A/Norway/06884/2024,A/Slovenia/49/2024,160
A/Norway/06796/2024,A/Slovenia/49/2024,80
A/Norway/07066/2024,A/Slovenia/49/2024,320
A/Norway/07263/2024,A/Slovenia/49/2024,80
A/Norway/07790/2024,A/Slovenia/49/2024,160
A/Norway/07314/2024,A/Slovenia/49/2024,160
A/Norway/07228/2024,A/Slovenia/49/2024,160
A/Massachusetts/18/2022,A/Switzerland/47775/2024,80
A/Thailand/08/2022,A/Switzerland/47775/2024,160
A/DistrictOfColumbia/27/2023,A/Switzerland/47775/2024,160
A/Croatia/10136RV/2023,A/Switzerland/47775/2024,320
A/Netherlands/10563/2023,A/Switzerland/47775/2024,80
A/Lisboa/216/2023,A/Switzerland/47775/2024,80
A/Slovenia/49/2024,A/Switzerland/47775/2024,80
A/Switzerland/47775/2024,A/Switzerland/47775/2024,160
A/Norway/12374/2023,A/Switzerland/47775/2024,80
A/BurkinaFaso/3131/2023,A/Switzerland/47775/2024,80
A/Norway/06798/2024,A/Switzerland/47775/2024,80
A/Norway/06884/2024,A/Switzerland/47775/2024,80
A/Norway/06796/2024,A/Switzerland/47775/2024,40
A/Norway/07066/2024,A/Switzerland/47775/2024,80
A/Norway/07263/2024,A/Switzerland/47775/2024,40
A/Norway/07790/2024,A/Switzerland/47775/2024,80
A/Norway/07314/2024,A/Switzerland/47775/2024,80
A/Norway/07228/2024,A/Switzerland/47775/2024,80
A/Massachusetts/18/2022,A/Norway/12374/2023,80
A/Thailand/08/2022,A/Norway/12374/2023,160
A/DistrictOfColumbia/27/2023,A/Norway/12374/2023,160
A/Croatia/10136RV/2023,A/Norway/12374/2023,320
A/Netherlands/10563/2023,A/Norway/12374/2023,160
A/Lisboa/216/2023,A/Norway/12374/2023,160
A/Slovenia/49/2024,A/Norway/12374/2023,40
A/Switzerland/47775/2024,A/Norway/12374/2023,40
A/Norway/12374/2023,A/Norway/12374/2023,80
A/BurkinaFaso/3131/2023,A/Norway/12374/2023,40
A/Norway/06798/2024,A/Norway/12374/2023,80
A/Norway/06884/2024,A/Norway/12374/2023,160
A/Norway/06796/2024,A/Norway/12374/2023,40
A/Norway/07066/2024,A/Norway/12374/2023,160
A/Norway/07263/2024,A/Norway/12374/2023,80
A/Norway/07790/2024,A/Norway/12374/2023,80
A/Norway/07314/2024,A/Norway/12374/2023,160
A/Norway/07228/2024,A/Norway/12374/2023,80
A/Massachusetts/18/2022,A/BurkinaFaso/3131/2023,80
A/Thailand/08/2022,A/BurkinaFaso/3131/2023,160
A/DistrictOfColumbia/27/2023,A/BurkinaFaso/3131/2023,80
A/Croatia/10136RV/2023,A/BurkinaFaso/3131/2023,160
A/Netherlands/10563/2023,A/BurkinaFaso/3131/2023,80
A/Lisboa/216/2023,A/BurkinaFaso/3131/2023,80
A/Slovenia/49/2024,A/BurkinaFaso/3131/2023,<40
A/Switzerland/47775/2024,A/BurkinaFaso/3131/2023,80
A/Norway/12374/2023,A/BurkinaFaso/3131/2023,80
A/BurkinaFaso/3131/2023,A/BurkinaFaso/3131/2023,80
A/Norway/06798/2024,A/BurkinaFaso/3131/2023,80
A/Norway/06884/2024,A/BurkinaFaso/3131/2023,80
A/Norway/06796/2024,A/BurkinaFaso/3131/2023,40
A/Norway/07066/2024,A/BurkinaFaso/3131/2023,40
A/Norway/07263/2024,A/BurkinaFaso/3131/2023,40
A/Norway/07790/2024,A/BurkinaFaso/3131/2023,40
A/Norway/07314/2024,A/BurkinaFaso/3131/2023,80
A/Norway/07228/2024,A/BurkinaFaso/3131/2023,40
A/Massachusetts/18/2022,A/Massachusetts/18/2022,640
A/Thailand/08/2022,A/Massachusetts/18/2022,320
A/DistrictOfColumbia/27/2023,A/Massachusetts/18/2022,160
A/Croatia/10136RV/2023,A/Massachusetts/18/2022,320
A/Netherlands/10563/2023,A/Massachusetts/18/2022,160
A/Lisboa/216/2023,A/Massachusetts/18/2022,320
A/Slovenia/49/2024,A/Massachusetts/18/2022,40
A/Switzerland/47775/2024,A/Massachusetts/18/2022,<40
A/Norway/12374/2023,A/Massachusetts/18/2022,80
A/BurkinaFaso/3131/2023,A/Massachusetts/18/2022,<40
A/Ibra/52422154/2024,A/Massachusetts/18/2022,640
A/Firq/7245406/2024,A/Massachusetts/18/2022,320
A/Salalah/52423943/2024,A/Massachusetts/18/2022,80
A/Schleswig-Holstein/54/2024,A/Massachusetts/18/2022,320
A/Schleswig-Holstein/53/2024,A/Massachusetts/18/2022,160
A/Ibra/7246065/2024,A/Massachusetts/18/2022,640
A/Massachusetts/18/2022,A/Thailand/08/2022,1280
A/Thailand/08/2022,A/Thailand/08/2022,1280
A/DistrictOfColumbia/27/2023,A/Thailand/08/2022,320
A/Croatia/10136RV/2023,A/Thailand/08/2022,1280
A/Netherlands/10563/2023,A/Thailand/08/2022,320
A/Lisboa/216/2023,A/Thailand/08/2022,640
A/Slovenia/49/2024,A/Thailand/08/2022,160
A/Switzerland/47775/2024,A/Thailand/08/2022,80
A/Norway/12374/2023,A/Thailand/08/2022,320
A/BurkinaFaso/3131/2023,A/Thailand/08/2022,80
A/Ibra/52422154/2024,A/Thailand/08/2022,1280
A/Firq/7245406/2024,A/Thailand/08/2022,640
A/Salalah/52423943/2024,A/Thailand/08/2022,160
A/Schleswig-Holstein/54/2024,A/Thailand/08/2022,640
A/Schleswig-Holstein/53/2024,A/Thailand/08/2022,320
A/Ibra/7246065/2024,A/Thailand/08/2022,1280
A/Massachusetts/18/2022,A/DistrictOfColumbia/27/2023,160
A/Thailand/08/2022,A/DistrictOfColumbia/27/2023,640
A/DistrictOfColumbia/27/2023,A/DistrictOfColumbia/27/2023,640
A/Croatia/10136RV/2023,A/DistrictOfColumbia/27/2023,1280
A/Netherlands/10563/2023,A/DistrictOfColumbia/27/2023,320
A/Lisboa/216/2023,A/DistrictOfColumbia/27/2023,640
A/Slovenia/49/2024,A/DistrictOfColumbia/27/2023,160
A/Switzerland/47775/2024,A/DistrictOfColumbia/27/2023,160
A/Norway/12374/2023,A/DistrictOfColumbia/27/2023,320
A/BurkinaFaso/3131/2023,A/DistrictOfColumbia/27/2023,160
A/Ibra/52422154/2024,A/DistrictOfColumbia/27/2023,320
A/Firq/7245406/2024,A/DistrictOfColumbia/27/2023,640
A/Salalah/52423943/2024,A/DistrictOfColumbia/27/2023,160
A/Schleswig-Holstein/54/2024,A/DistrictOfColumbia/27/2023,640
A/Schleswig-Holstein/53/2024,A/DistrictOfColumbia/27/2023,640
A/Ibra/7246065/2024,A/DistrictOfColumbia/27/2023,1280
A/Massachusetts/18/2022,A/Croatia/10136RV/2023,160
A/Thailand/08/2022,A/Croatia/10136RV/2023,320
A/DistrictOfColumbia/27/2023,A/Croatia/10136RV/2023,320
A/Croatia/10136RV/2023,A/Croatia/10136RV/2023,1280
A/Netherlands/10563/2023,A/Croatia/10136RV/2023,320
A/Lisboa/216/2023,A/Croatia/10136RV/2023,320
A/Slovenia/49/2024,A/Croatia/10136RV/2023,40
A/Switzerland/47775/2024,A/Croatia/10136RV/2023,80
A/Norway/12374/2023,A/Croatia/10136RV/2023,160
A/BurkinaFaso/3131/2023,A/Croatia/10136RV/2023,40
A/Ibra/52422154/2024,A/Croatia/10136RV/2023,320
A/Firq/7245406/2024,A/Croatia/10136RV/2023,320
A/Salalah/52423943/2024,A/Croatia/10136RV/2023,80
A/Schleswig-Holstein/54/2024,A/Croatia/10136RV/2023,640
A/Schleswig-Holstein/53/2024,A/Croatia/10136RV/2023,320
A/Ibra/7246065/2024,A/Croatia/10136RV/2023,640
A/Massachusetts/18/2022,A/Netherlands/10563/2023,320
A/Thailand/08/2022,A/Netherlands/10563/2023,640
A/DistrictOfColumbia/27/2023,A/Netherlands/10563/2023,640
A/Croatia/10136RV/2023,A/Netherlands/10563/2023,1280
A/Netherlands/10563/2023,A/Netherlands/10563/2023,640
A/Lisboa/216/2023,A/Netherlands/10563/2023,640
A/Slovenia/49/2024,A/Netherlands/10563/2023,80
A/Switzerland/47775/2024,A/Netherlands/10563/2023,80
A/Norway/12374/2023,A/Netherlands/10563/2023,320
A/BurkinaFaso/3131/2023,A/Netherlands/10563/2023,80
A/Ibra/52422154/2024,A/Netherlands/10563/2023,320
A/Firq/7245406/2024,A/Netherlands/10563/2023,640
A/Salalah/52423943/2024,A/Netherlands/10563/2023,320
A/Schleswig-Holstein/54/2024,A/Netherlands/10563/2023,640
A/Schleswig-Holstein/53/2024,A/Netherlands/10563/2023,640
A/Ibra/7246065/2024,A/Netherlands/10563/2023,1280
A/Massachusetts/18/2022,A/Lisboa/216/2023,320
A/Thailand/08/2022,A/Lisboa/216/2023,640
A/DistrictOfColumbia/27/2023,A/Lisboa/216/2023,320
A/Croatia/10136RV/2023,A/Lisboa/216/2023,1280
A/Netherlands/10563/2023,A/Lisboa/216/2023,640
A/Lisboa/216/2023,A/Lisboa/216/2023,640
A/Slovenia/49/2024,A/Lisboa/216/2023,320
A/Switzerland/47775/2024,A/Lisboa/216/2023,80
A/Norway/12374/2023,A/Lisboa/216/2023,320
A/BurkinaFaso/3131/2023,A/Lisboa/216/2023,80
A/Ibra/52422154/2024,A/Lisboa/216/2023,320
A/Firq/7245406/2024,A/Lisboa/216/2023,640
A/Salalah/52423943/2024,A/Lisboa/216/2023,160
A/Schleswig-Holstein/54/2024,A/Lisboa/216/2023,320
A/Schleswig-Holstein/53/2024,A/Lisboa/216/2023,320
A/Ibra/7246065/2024,A/Lisboa/216/2023,1280
A/Massachusetts/18/2022,A/Slovenia/49/2024,160
A/Thailand/08/2022,A/Slovenia/49/2024,320
A/DistrictOfColumbia/27/2023,A/Slovenia/49/2024,320
A/Croatia/10136RV/2023,A/Slovenia/49/2024,640
A/Netherlands/10563/2023,A/Slovenia/49/2024,320
A/Lisboa/216/2023,A/Slovenia/49/2024,320
A/Slovenia/49/2024,A/Slovenia/49/2024,2560
A/Switzerland/47775/2024,A/Slovenia/49/2024,<40
A/Norway/12374/2023,A/Slovenia/49/2024,160
A/BurkinaFaso/3131/2023,A/Slovenia/49/2024,<40
A/Ibra/52422154/2024,A/Slovenia/49/2024,160
A/Firq/7245406/2024,A/Slovenia/49/2024,320
A/Salalah/52423943/2024,A/Slovenia/49/2024,160
A/Schleswig-Holstein/54/2024,A/Slovenia/49/2024,320
A/Schleswig-Holstein/53/2024,A/Slovenia/49/2024,320
A/Ibra/7246065/2024,A/Slovenia/49/2024,640
A/Massachusetts/18/2022,A/Switzerland/47775/2024,80
A/Thailand/08/2022,A/Switzerland/47775/2024,160
A/DistrictOfColumbia/27/2023,A/Switzerland/47775/2024,80
A/Croatia/10136RV/2023,A/Switzerland/47775/2024,320
A/Netherlands/10563/2023,A/Switzerland/47775/2024,80
A/Lisboa/216/2023,A/Switzerland/47775/2024,80
A/Slovenia/49/2024,A/Switzerland/47775/2024,40
A/Switzerland/47775/2024,A/Switzerland/47775/2024,160
A/Norway/12374/2023,A/Switzerland/47775/2024,80
A/BurkinaFaso/3131/2023,A/Switzerland/47775/2024,160
A/Ibra/52422154/2024,A/Switzerland/47775/2024,80
A/Firq/7245406/2024,A/Switzerland/47775/2024,160
A/Salalah/52423943/2024,A/Switzerland/47775/2024,80
A/Schleswig-Holstein/54/2024,A/Switzerland/47775/2024,160
A/Schleswig-Holstein/53/2024,A/Switzerland/47775/2024,160
A/Ibra/7246065/2024,A/Switzerland/47775/2024,160
A/Massachusetts/18/2022,A/Norway/12374/2023,160
A/Thailand/08/2022,A/Norway/12374/2023,320
A/DistrictOfColumbia/27/2023,A/Norway/12374/2023,160
A/Croatia/10136RV/2023,A/Norway/12374/2023,320
A/Netherlands/10563/2023,A/Norway/12374/2023,160
A/Lisboa/216/2023,A/Norway/12374/2023,160
A/Slovenia/49/2024,A/Norway/12374/2023,80
A/Switzerland/47775/2024,A/Norway/12374/2023,80
A/Norway/12374/2023,A/Norway/12374/2023,160
A/BurkinaFaso/3131/2023,A/Norway/12374/2023,80
A/Ibra/52422154/2024,A/Norway/12374/2023,160
A/Firq/7245406/2024,A/Norway/12374/2023,160
A/Salalah/52423943/2024,A/Norway/12374/2023,80
A/Schleswig-Holstein/54/2024,A/Norway/12374/2023,160
A/Schleswig-Holstein/53/2024,A/Norway/12374/2023,160
A/Ibra/7246065/2024,A/Norway/12374/2023,320
A/Massachusetts/18/2022,A/BurkinaFaso/3131/2023,80
A/Thailand/08/2022,A/BurkinaFaso/3131/2023,160
A/DistrictOfColumbia/27/2023,A/BurkinaFaso/3131/2023,80
A/Croatia/10136RV/2023,A/BurkinaFaso/3131/2023,160
A/Netherlands/10563/2023,A/BurkinaFaso/3131/2023,80
A/Lisboa/216/2023,A/BurkinaFaso/3131/2023,80
A/Slovenia/49/2024,A/BurkinaFaso/3131/2023,<40
A/Switzerland/47775/2024,A/BurkinaFaso/3131/2023,80
A/Norway/12374/2023,A/BurkinaFaso/3131/2023,80
A/BurkinaFaso/3131/2023,A/BurkinaFaso/3131/2023,80
A/Ibra/52422154/2024,A/BurkinaFaso/3131/2023,80
A/Firq/7245406/2024,A/BurkinaFaso/3131/2023,80
A/Salalah/52423943/2024,A/BurkinaFaso/3131/2023,40
A/Schleswig-Holstein/54/2024,A/BurkinaFaso/3131/2023,160
A/Schleswig-Holstein/53/2024,A/BurkinaFaso/3131/2023,80
A/Ibra/7246065/2024,A/BurkinaFaso/3131/2023,160
A/Massachusetts/18/2022,A/Massachusetts/18/2022,320
A/Thailand/08/2022,A/Massachusetts/18/2022,320
A/DistrictOfColumbia/27/2023,A/Massachusetts/18/2022,160
A/Croatia/10136RV/2023,A/Massachusetts/18/2022,320
A/Netherlands/10563/2023,A/Massachusetts/18/2022,160
A/Lisboa/216/2023,A/Massachusetts/18/2022,320
A/Slovenia/49/2024,A/Massachusetts/18/2022,<40
A/Switzerland/47775/2024,A/Massachusetts/18/2022,<40
A/Norway/12374/2023,A/Massachusetts/18/2022,80
A/BurkinaFaso/3131/2023,A/Massachusetts/18/2022,<40
A/Netherlands/01762/2024,A/Massachusetts/18/2022,40
A/Netherlands/01780/2024,A/Massachusetts/18/2022,40
A/England/165/2024,A/Massachusetts/18/2022,80
A/England/145/2024,A/Massachusetts/18/2022,40
A/England/179/2024,A/Massachusetts/18/2022,40
A/England/137/2024,A/Massachusetts/18/2022,80
A/England/138/2024,A/Massachusetts/18/2022,160
A/England/182/2024,A/Massachusetts/18/2022,80
A/England/143/2024,A/Massachusetts/18/2022,40
A/HongKong/2753/2024,A/Massachusetts/18/2022,40
A/England/168/2024,A/Massachusetts/18/2022,40
A/HongKong/2752/2024,A/Massachusetts/18/2022,80
A/England/169/2024,A/Massachusetts/18/2022,80
A/Netherlands/01809/2024,A/Massachusetts/18/2022,40
A/HongKong/2798/2024,A/Massachusetts/18/2022,80
A/England/144/2024,A/Massachusetts/18/2022,80
A/England/172/2024,A/Massachusetts/18/2022,40
A/England/173/2024,A/Massachusetts/18/2022,80
A/England/183/2024,A/Massachusetts/18/2022,80
A/England/186/2024,A/Massachusetts/18/2022,80
A/England/174/2024,A/Massachusetts/18/2022,80
A/England/185/2024,A/Massachusetts/18/2022,80
A/England/187/2024,A/Massachusetts/18/2022,80
A/HongKong/2810/2024,A/Massachusetts/18/2022,80
A/HongKong/2816/2024,A/Massachusetts/18/2022,40
A/Mauritius/I-183/2024,A/Massachusetts/18/2022,80
A/HongKong/2837/2024,A/Massachusetts/18/2022,40
A/Mauritius/I-186/2024,A/Massachusetts/18/2022,40
A/Hungary/289/2024,A/Massachusetts/18/2022,80
A/Hungary/288/2024,A/Massachusetts/18/2022,<40
A/Hungary/293/2024,A/Massachusetts/18/2022,40
A/Hungary/305/2024,A/Massachusetts/18/2022,80
A/Netherlands/01777/2024,A/Massachusetts/18/2022,80
A/England/171/2024,A/Massachusetts/18/2022,80
A/HongKong/2836/2024,A/Massachusetts/18/2022,80
A/Netherlands/01697/2024,A/Massachusetts/18/2022,<40
A/Mauritius/I-176/2024,A/Massachusetts/18/2022,80
A/HongKong/2725/2024,A/Massachusetts/18/2022,80
A/HongKong/2743/2024,A/Massachusetts/18/2022,80
A/Mauritius/I-181/2024,A/Massachusetts/18/2022,80
A/Mauritius/I-185/2024,A/Massachusetts/18/2022,160
A/HongKong/2861/2024,A/Massachusetts/18/2022,<40
A/Netherlands/01563/2024,A/Massachusetts/18/2022,<40
A/Massachusetts/18/2022,A/Thailand/08/2022,640
A/Thailand/08/2022,A/Thailand/08/2022,640
A/DistrictOfColumbia/27/2023,A/Thailand/08/2022,320
A/Croatia/10136RV/2023,A/Thailand/08/2022,640
A/Netherlands/10563/2023,A/Thailand/08/2022,320
A/Lisboa/216/2023,A/Thailand/08/2022,640
A/Slovenia/49/2024,A/Thailand/08/2022,80
A/Switzerland/47775/2024,A/Thailand/08/2022,40
A/Norway/12374/2023,A/Thailand/08/2022,160
A/BurkinaFaso/3131/2023,A/Thailand/08/2022,80
A/Netherlands/01762/2024,A/Thailand/08/2022,80
A/Netherlands/01780/2024,A/Thailand/08/2022,40
A/England/165/2024,A/Thailand/08/2022,160
A/England/145/2024,A/Thailand/08/2022,80
A/England/179/2024,A/Thailand/08/2022,80
A/England/137/2024,A/Thailand/08/2022,160
A/England/138/2024,A/Thailand/08/2022,320
A/England/182/2024,A/Thailand/08/2022,160
A/England/143/2024,A/Thailand/08/2022,80
A/HongKong/2753/2024,A/Thailand/08/2022,80
A/England/168/2024,A/Thailand/08/2022,80
A/HongKong/2752/2024,A/Thailand/08/2022,160
A/England/169/2024,A/Thailand/08/2022,160
A/Netherlands/01809/2024,A/Thailand/08/2022,80
A/HongKong/2798/2024,A/Thailand/08/2022,160
A/England/144/2024,A/Thailand/08/2022,160
A/England/172/2024,A/Thailand/08/2022,160
A/England/173/2024,A/Thailand/08/2022,160
A/England/183/2024,A/Thailand/08/2022,160
A/England/186/2024,A/Thailand/08/2022,160
A/England/174/2024,A/Thailand/08/2022,160
A/England/185/2024,A/Thailand/08/2022,320
A/England/187/2024,A/Thailand/08/2022,160
A/HongKong/2810/2024,A/Thailand/08/2022,160
A/HongKong/2816/2024,A/Thailand/08/2022,80
A/Mauritius/I-183/2024,A/Thailand/08/2022,160
A/HongKong/2837/2024,A/Thailand/08/2022,160
A/Mauritius/I-186/2024,A/Thailand/08/2022,80
A/Hungary/289/2024,A/Thailand/08/2022,160
A/Hungary/288/2024,A/Thailand/08/2022,80
A/Hungary/293/2024,A/Thailand/08/2022,80
A/Hungary/305/2024,A/Thailand/08/2022,160
A/Netherlands/01777/2024,A/Thailand/08/2022,160
A/England/171/2024,A/Thailand/08/2022,160
A/HongKong/2836/2024,A/Thailand/08/2022,160
A/Netherlands/01697/2024,A/Thailand/08/2022,40
A/Mauritius/I-176/2024,A/Thailand/08/2022,160
A/HongKong/2725/2024,A/Thailand/08/2022,160
A/HongKong/2743/2024,A/Thailand/08/2022,160
A/Mauritius/I-181/2024,A/Thailand/08/2022,160
A/Mauritius/I-185/2024,A/Thailand/08/2022,160
A/HongKong/2861/2024,A/Thailand/08/2022,80
A/Netherlands/01563/2024,A/Thailand/08/2022,40
A/Massachusetts/18/2022,A/DistrictOfColumbia/27/2023,160
A/Thailand/08/2022,A/DistrictOfColumbia/27/2023,640
A/DistrictOfColumbia/27/2023,A/DistrictOfColumbia/27/2023,320
A/Croatia/10136RV/2023,A/DistrictOfColumbia/27/2023,640
A/Netherlands/10563/2023,A/DistrictOfColumbia/27/2023,320
A/Lisboa/216/2023,A/DistrictOfColumbia/27/2023,640
A/Slovenia/49/2024,A/DistrictOfColumbia/27/2023,80
A/Switzerland/47775/2024,A/DistrictOfColumbia/27/2023,160
A/Norway/12374/2023,A/DistrictOfColumbia/27/2023,320
A/BurkinaFaso/3131/2023,A/DistrictOfColumbia/27/2023,160
A/Netherlands/01762/2024,A/DistrictOfColumbia/27/2023,80
A/Netherlands/01780/2024,A/DistrictOfColumbia/27/2023,80
A/England/165/2024,A/DistrictOfColumbia/27/2023,160
A/England/145/2024,A/DistrictOfColumbia/27/2023,160
A/England/179/2024,A/DistrictOfColumbia/27/2023,160
A/England/137/2024,A/DistrictOfColumbia/27/2023,160
A/England/138/2024,A/DistrictOfColumbia/27/2023,320
A/England/182/2024,A/DistrictOfColumbia/27/2023,160
A/England/143/2024,A/DistrictOfColumbia/27/2023,160
A/HongKong/2753/2024,A/DistrictOfColumbia/27/2023,160
A/England/168/2024,A/DistrictOfColumbia/27/2023,160
A/HongKong/2752/2024,A/DistrictOfColumbia/27/2023,160
A/England/169/2024,A/DistrictOfColumbia/27/2023,320
A/Netherlands/01809/2024,A/DistrictOfColumbia/27/2023,160
A/HongKong/2798/2024,A/DistrictOfColumbia/27/2023,160
A/England/144/2024,A/DistrictOfColumbia/27/2023,160
A/England/172/2024,A/DistrictOfColumbia/27/2023,320
A/England/173/2024,A/DistrictOfColumbia/27/2023,160
A/England/183/2024,A/DistrictOfColumbia/27/2023,160
A/England/186/2024,A/DistrictOfColumbia/27/2023,320
A/England/174/2024,A/DistrictOfColumbia/27/2023,320
A/England/185/2024,A/DistrictOfColumbia/27/2023,320
A/England/187/2024,A/DistrictOfColumbia/27/2023,160
A/HongKong/2810/2024,A/DistrictOfColumbia/27/2023,320
A/HongKong/2816/2024,A/DistrictOfColumbia/27/2023,160
A/Mauritius/I-183/2024,A/DistrictOfColumbia/27/2023,160
A/HongKong/2837/2024,A/DistrictOfColumbia/27/2023,160
A/Mauritius/I-186/2024,A/DistrictOfColumbia/27/2023,160
A/Hungary/289/2024,A/DistrictOfColumbia/27/2023,160
A/Hungary/288/2024,A/DistrictOfColumbia/27/2023,80
A/Hungary/293/2024,A/DistrictOfColumbia/27/2023,80
A/Hungary/305/2024,A/DistrictOfColumbia/27/2023,320
A/Netherlands/01777/2024,A/DistrictOfColumbia/27/2023,160
A/England/171/2024,A/DistrictOfColumbia/27/2023,160
A/HongKong/2836/2024,A/DistrictOfColumbia/27/2023,160
A/Netherlands/01697/2024,A/DistrictOfColumbia/27/2023,80
A/Mauritius/I-176/2024,A/DistrictOfColumbia/27/2023,160
A/HongKong/2725/2024,A/DistrictOfColumbia/27/2023,160
A/HongKong/2743/2024,A/DistrictOfColumbia/27/2023,160
A/Mauritius/I-181/2024,A/DistrictOfColumbia/27/2023,160
A/Mauritius/I-185/2024,A/DistrictOfColumbia/27/2023,320
A/HongKong/2861/2024,A/DistrictOfColumbia/27/2023,160
A/Netherlands/01563/2024,A/DistrictOfColumbia/27/2023,80
A/Massachusetts/18/2022,A/Croatia/10136RV/2023,160
A/Thailand/08/2022,A/Croatia/10136RV/2023,320
A/DistrictOfColumbia/27/2023,A/Croatia/10136RV/2023,160
A/Croatia/10136RV/2023,A/Croatia/10136RV/2023,640
A/Netherlands/10563/2023,A/Croatia/10136RV/2023,320
A/Lisboa/216/2023,A/Croatia/10136RV/2023,320
A/Slovenia/49/2024,A/Croatia/10136RV/2023,40
A/Switzerland/47775/2024,A/Croatia/10136RV/2023,40
A/Norway/12374/2023,A/Croatia/10136RV/2023,80
A/BurkinaFaso/3131/2023,A/Croatia/10136RV/2023,40
A/Netherlands/01762/2024,A/Croatia/10136RV/2023,40
A/Netherlands/01780/2024,A/Croatia/10136RV/2023,40
A/England/165/2024,A/Croatia/10136RV/2023,80
A/England/145/2024,A/Croatia/10136RV/2023,80
A/England/179/2024,A/Croatia/10136RV/2023,80
A/England/137/2024,A/Croatia/10136RV/2023,80
A/England/138/2024,A/Croatia/10136RV/2023,160
A/England/182/2024,A/Croatia/10136RV/2023,160
A/England/143/2024,A/Croatia/10136RV/2023,80
A/HongKong/2753/2024,A/Croatia/10136RV/2023,80
A/England/168/2024,A/Croatia/10136RV/2023,80
A/HongKong/2752/2024,A/Croatia/10136RV/2023,80
A/England/169/2024,A/Croatia/10136RV/2023,160
A/Netherlands/01809/2024,A/Croatia/10136RV/2023,80
A/HongKong/2798/2024,A/Croatia/10136RV/2023,160
A/England/144/2024,A/Croatia/10136RV/2023,80
A/England/172/2024,A/Croatia/10136RV/2023,160
A/England/173/2024,A/Croatia/10136RV/2023,80
A/England/183/2024,A/Croatia/10136RV/2023,160
A/England/186/2024,A/Croatia/10136RV/2023,160
A/England/174/2024,A/Croatia/10136RV/2023,160
A/England/185/2024,A/Croatia/10136RV/2023,160
A/England/187/2024,A/Croatia/10136RV/2023,160
A/HongKong/2810/2024,A/Croatia/10136RV/2023,160
A/HongKong/2816/2024,A/Croatia/10136RV/2023,80
A/Mauritius/I-183/2024,A/Croatia/10136RV/2023,160
A/HongKong/2837/2024,A/Croatia/10136RV/2023,160
A/Mauritius/I-186/2024,A/Croatia/10136RV/2023,80
A/Hungary/289/2024,A/Croatia/10136RV/2023,80
A/Hungary/288/2024,A/Croatia/10136RV/2023,40
A/Hungary/293/2024,A/Croatia/10136RV/2023,80
A/Hungary/305/2024,A/Croatia/10136RV/2023,160
A/Netherlands/01777/2024,A/Croatia/10136RV/2023,80
A/England/171/2024,A/Croatia/10136RV/2023,80
A/HongKong/2836/2024,A/Croatia/10136RV/2023,80
A/Netherlands/01697/2024,A/Croatia/10136RV/2023,80
A/Mauritius/I-176/2024,A/Croatia/10136RV/2023,80
A/HongKong/2725/2024,A/Croatia/10136RV/2023,80
A/HongKong/2743/2024,A/Croatia/10136RV/2023,80
A/Mauritius/I-181/2024,A/Croatia/10136RV/2023,80
A/Mauritius/I-185/2024,A/Croatia/10136RV/2023,160
A/HongKong/2861/2024,A/Croatia/10136RV/2023,80
A/Netherlands/01563/2024,A/Croatia/10136RV/2023,80
A/Massachusetts/18/2022,A/Netherlands/10563/2023,320
A/Thailand/08/2022,A/Netherlands/10563/2023,320
A/DistrictOfColumbia/27/2023,A/Netherlands/10563/2023,320
A/Croatia/10136RV/2023,A/Netherlands/10563/2023,640
A/Netherlands/10563/2023,A/Netherlands/10563/2023,640
A/Lisboa/216/2023,A/Netherlands/10563/2023,640
A/Slovenia/49/2024,A/Netherlands/10563/2023,80
A/Switzerland/47775/2024,A/Netherlands/10563/2023,80
A/Norway/12374/2023,A/Netherlands/10563/2023,320
A/BurkinaFaso/3131/2023,A/Netherlands/10563/2023,80
A/Netherlands/01762/2024,A/Netherlands/10563/2023,80
A/Netherlands/01780/2024,A/Netherlands/10563/2023,80
A/England/165/2024,A/Netherlands/10563/2023,160
A/England/145/2024,A/Netherlands/10563/2023,160
A/England/179/2024,A/Netherlands/10563/2023,160
A/England/137/2024,A/Netherlands/10563/2023,160
A/England/138/2024,A/Netherlands/10563/2023,320
A/England/182/2024,A/Netherlands/10563/2023,320
A/England/143/2024,A/Netherlands/10563/2023,160
A/HongKong/2753/2024,A/Netherlands/10563/2023,160
A/England/168/2024,A/Netherlands/10563/2023,160
A/HongKong/2752/2024,A/Netherlands/10563/2023,160
A/England/169/2024,A/Netherlands/10563/2023,320
A/Netherlands/01809/2024,A/Netherlands/10563/2023,160
A/HongKong/2798/2024,A/Netherlands/10563/2023,320
A/England/144/2024,A/Netherlands/10563/2023,320
A/England/172/2024,A/Netherlands/10563/2023,160
A/England/173/2024,A/Netherlands/10563/2023,160
A/England/183/2024,A/Netherlands/10563/2023,160
A/England/186/2024,A/Netherlands/10563/2023,320
A/England/174/2024,A/Netherlands/10563/2023,320
A/England/185/2024,A/Netherlands/10563/2023,320
A/England/187/2024,A/Netherlands/10563/2023,320
A/HongKong/2810/2024,A/Netherlands/10563/2023,320
A/HongKong/2816/2024,A/Netherlands/10563/2023,160
A/Mauritius/I-183/2024,A/Netherlands/10563/2023,160
A/HongKong/2837/2024,A/Netherlands/10563/2023,320
A/Mauritius/I-186/2024,A/Netherlands/10563/2023,160
A/Hungary/289/2024,A/Netherlands/10563/2023,160
A/Hungary/288/2024,A/Netherlands/10563/2023,160
A/Hungary/293/2024,A/Netherlands/10563/2023,160
A/Hungary/305/2024,A/Netherlands/10563/2023,320
A/Netherlands/01777/2024,A/Netherlands/10563/2023,160
A/England/171/2024,A/Netherlands/10563/2023,160
A/HongKong/2836/2024,A/Netherlands/10563/2023,320
A/Netherlands/01697/2024,A/Netherlands/10563/2023,80
A/Mauritius/I-176/2024,A/Netherlands/10563/2023,160
A/HongKong/2725/2024,A/Netherlands/10563/2023,160
A/HongKong/2743/2024,A/Netherlands/10563/2023,160
A/Mauritius/I-181/2024,A/Netherlands/10563/2023,160
A/Mauritius/I-185/2024,A/Netherlands/10563/2023,320
A/HongKong/2861/2024,A/Netherlands/10563/2023,160
A/Netherlands/01563/2024,A/Netherlands/10563/2023,160
A/Massachusetts/18/2022,A/Lisboa/216/2023,160
A/Thailand/08/2022,A/Lisboa/216/2023,640
A/DistrictOfColumbia/27/2023,A/Lisboa/216/2023,320
A/Croatia/10136RV/2023,A/Lisboa/216/2023,640
A/Netherlands/10563/2023,A/Lisboa/216/2023,640
A/Lisboa/216/2023,A/Lisboa/216/2023,640
A/Slovenia/49/2024,A/Lisboa/216/2023,160
A/Switzerland/47775/2024,A/Lisboa/216/2023,40
A/Norway/12374/2023,A/Lisboa/216/2023,160
A/BurkinaFaso/3131/2023,A/Lisboa/216/2023,80
A/Netherlands/01762/2024,A/Lisboa/216/2023,80
A/Netherlands/01780/2024,A/Lisboa/216/2023,80
A/England/165/2024,A/Lisboa/216/2023,160
A/England/145/2024,A/Lisboa/216/2023,160
A/England/179/2024,A/Lisboa/216/2023,160
A/England/137/2024,A/Lisboa/216/2023,160
A/England/138/2024,A/Lisboa/216/2023,320
A/England/182/2024,A/Lisboa/216/2023,160
A/England/143/2024,A/Lisboa/216/2023,160
A/HongKong/2753/2024,A/Lisboa/216/2023,80
A/England/168/2024,A/Lisboa/216/2023,160
A/HongKong/2752/2024,A/Lisboa/216/2023,160
A/England/169/2024,A/Lisboa/216/2023,320
A/Netherlands/01809/2024,A/Lisboa/216/2023,160
A/HongKong/2798/2024,A/Lisboa/216/2023,320
A/England/144/2024,A/Lisboa/216/2023,320
A/England/172/2024,A/Lisboa/216/2023,160
A/England/173/2024,A/Lisboa/216/2023,80
A/England/183/2024,A/Lisboa/216/2023,160
A/England/186/2024,A/Lisboa/216/2023,160
A/England/174/2024,A/Lisboa/216/2023,160
A/England/185/2024,A/Lisboa/216/2023,320
A/England/187/2024,A/Lisboa/216/2023,320
A/HongKong/2810/2024,A/Lisboa/216/2023,320
A/HongKong/2816/2024,A/Lisboa/216/2023,160
A/Mauritius/I-183/2024,A/Lisboa/216/2023,160
A/HongKong/2837/2024,A/Lisboa/216/2023,160
A/Mauritius/I-186/2024,A/Lisboa/216/2023,160
A/Hungary/289/2024,A/Lisboa/216/2023,160
A/Hungary/288/2024,A/Lisboa/216/2023,160
A/Hungary/293/2024,A/Lisboa/216/2023,160
A/Hungary/305/2024,A/Lisboa/216/2023,320
A/Netherlands/01777/2024,A/Lisboa/216/2023,160
A/England/171/2024,A/Lisboa/216/2023,160
A/HongKong/2836/2024,A/Lisboa/216/2023,320
A/Netherlands/01697/2024,A/Lisboa/216/2023,80
A/Mauritius/I-176/2024,A/Lisboa/216/2023,160
A/HongKong/2725/2024,A/Lisboa/216/2023,320
A/HongKong/2743/2024,A/Lisboa/216/2023,160
A/Mauritius/I-181/2024,A/Lisboa/216/2023,160
A/Mauritius/I-185/2024,A/Lisboa/216/2023,320
A/HongKong/2861/2024,A/Lisboa/216/2023,80
A/Netherlands/01563/2024,A/Lisboa/216/2023,80
A/Massachusetts/18/2022,A/Slovenia/49/2024,80
A/Thailand/08/2022,A/Slovenia/49/2024,320
A/DistrictOfColumbia/27/2023,A/Slovenia/49/2024,320
A/Croatia/10136RV/2023,A/Slovenia/49/2024,320
A/Netherlands/10563/2023,A/Slovenia/49/2024,320
A/Lisboa/216/2023,A/Slovenia/49/2024,320
A/Slovenia/49/2024,A/Slovenia/49/2024,1280
A/Switzerland/47775/2024,A/Slovenia/49/2024,<40
A/Norway/12374/2023,A/Slovenia/49/2024,160
A/BurkinaFaso/3131/2023,A/Slovenia/49/2024,<40
A/Netherlands/01762/2024,A/Slovenia/49/2024,40
A/Netherlands/01780/2024,A/Slovenia/49/2024,40
A/England/165/2024,A/Slovenia/49/2024,80
A/England/145/2024,A/Slovenia/49/2024,80
A/England/179/2024,A/Slovenia/49/2024,80
A/England/137/2024,A/Slovenia/49/2024,80
A/England/138/2024,A/Slovenia/49/2024,160
A/England/182/2024,A/Slovenia/49/2024,160
A/England/143/2024,A/Slovenia/49/2024,80
A/HongKong/2753/2024,A/Slovenia/49/2024,80
A/England/168/2024,A/Slovenia/49/2024,80
A/HongKong/2752/2024,A/Slovenia/49/2024,80
A/England/169/2024,A/Slovenia/49/2024,160
A/Netherlands/01809/2024,A/Slovenia/49/2024,80
A/HongKong/2798/2024,A/Slovenia/49/2024,160
A/England/144/2024,A/Slovenia/49/2024,160
A/England/172/2024,A/Slovenia/49/2024,160
A/England/173/2024,A/Slovenia/49/2024,80
A/England/183/2024,A/Slovenia/49/2024,160
A/England/186/2024,A/Slovenia/49/2024,160
A/England/174/2024,A/Slovenia/49/2024,160
A/England/185/2024,A/Slovenia/49/2024,160
A/England/187/2024,A/Slovenia/49/2024,160
A/HongKong/2810/2024,A/Slovenia/49/2024,160
A/HongKong/2816/2024,A/Slovenia/49/2024,80
A/Mauritius/I-183/2024,A/Slovenia/49/2024,160
A/HongKong/2837/2024,A/Slovenia/49/2024,160
A/Mauritius/I-186/2024,A/Slovenia/49/2024,80
A/Hungary/289/2024,A/Slovenia/49/2024,80
A/Hungary/288/2024,A/Slovenia/49/2024,80
A/Hungary/293/2024,A/Slovenia/49/2024,80
A/Hungary/305/2024,A/Slovenia/49/2024,160
A/Netherlands/01777/2024,A/Slovenia/49/2024,80
A/England/171/2024,A/Slovenia/49/2024,80
A/HongKong/2836/2024,A/Slovenia/49/2024,160
A/Netherlands/01697/2024,A/Slovenia/49/2024,40
A/Mauritius/I-176/2024,A/Slovenia/49/2024,80
A/HongKong/2725/2024,A/Slovenia/49/2024,160
A/HongKong/2743/2024,A/Slovenia/49/2024,80
A/Mauritius/I-181/2024,A/Slovenia/49/2024,80
A/Mauritius/I-185/2024,A/Slovenia/49/2024,160
A/HongKong/2861/2024,A/Slovenia/49/2024,80
A/Netherlands/01563/2024,A/Slovenia/49/2024,40
A/Massachusetts/18/2022,A/Switzerland/47775/2024,40
A/Thailand/08/2022,A/Switzerland/47775/2024,160
A/DistrictOfColumbia/27/2023,A/Switzerland/47775/2024,160
A/Croatia/10136RV/2023,A/Switzerland/47775/2024,160
A/Netherlands/10563/2023,A/Switzerland/47775/2024,160
A/Lisboa/216/2023,A/Switzerland/47775/2024,80
A/Slovenia/49/2024,A/Switzerland/47775/2024,80
A/Switzerland/47775/2024,A/Switzerland/47775/2024,160
A/Norway/12374/2023,A/Switzerland/47775/2024,80
A/BurkinaFaso/3131/2023,A/Switzerland/47775/2024,80
A/Netherlands/01762/2024,A/Switzerland/47775/2024,<40
A/Netherlands/01780/2024,A/Switzerland/47775/2024,<40
A/England/165/2024,A/Switzerland/47775/2024,40
A/England/145/2024,A/Switzerland/47775/2024,40
A/England/179/2024,A/Switzerland/47775/2024,40
A/England/137/2024,A/Switzerland/47775/2024,40
A/England/138/2024,A/Switzerland/47775/2024,80
A/England/182/2024,A/Switzerland/47775/2024,40
A/England/143/2024,A/Switzerland/47775/2024,40
A/HongKong/2753/2024,A/Switzerland/47775/2024,40
A/England/168/2024,A/Switzerland/47775/2024,40
A/HongKong/2752/2024,A/Switzerland/47775/2024,40
A/England/169/2024,A/Switzerland/47775/2024,40
A/Netherlands/01809/2024,A/Switzerland/47775/2024,<40
A/HongKong/2798/2024,A/Switzerland/47775/2024,80
A/England/144/2024,A/Switzerland/47775/2024,40
A/England/172/2024,A/Switzerland/47775/2024,40
A/England/173/2024,A/Switzerland/47775/2024,40
A/England/183/2024,A/Switzerland/47775/2024,80
A/England/186/2024,A/Switzerland/47775/2024,40
A/England/174/2024,A/Switzerland/47775/2024,40
A/England/185/2024,A/Switzerland/47775/2024,80
A/England/187/2024,A/Switzerland/47775/2024,80
A/HongKong/2810/2024,A/Switzerland/47775/2024,40
A/HongKong/2816/2024,A/Switzerland/47775/2024,40
A/Mauritius/I-183/2024,A/Switzerland/47775/2024,80
A/HongKong/2837/2024,A/Switzerland/47775/2024,80
A/Mauritius/I-186/2024,A/Switzerland/47775/2024,40
A/Hungary/289/2024,A/Switzerland/47775/2024,40
A/Hungary/288/2024,A/Switzerland/47775/2024,40
A/Hungary/293/2024,A/Switzerland/47775/2024,40
A/Hungary/305/2024,A/Switzerland/47775/2024,40
A/Netherlands/01777/2024,A/Switzerland/47775/2024,40
A/England/171/2024,A/Switzerland/47775/2024,40
A/HongKong/2836/2024,A/Switzerland/47775/2024,80
A/Netherlands/01697/2024,A/Switzerland/47775/2024,<40
A/Mauritius/I-176/2024,A/Switzerland/47775/2024,40
A/HongKong/2725/2024,A/Switzerland/47775/2024,40
A/HongKong/2743/2024,A/Switzerland/47775/2024,40
A/Mauritius/I-181/2024,A/Switzerland/47775/2024,40
A/Mauritius/I-185/2024,A/Switzerland/47775/2024,80
A/HongKong/2861/2024,A/Switzerland/47775/2024,40
A/Netherlands/01563/2024,A/Switzerland/47775/2024,<40
A/Massachusetts/18/2022,A/Norway/12374/2023,80
A/Thailand/08/2022,A/Norway/12374/2023,160
A/DistrictOfColumbia/27/2023,A/Norway/12374/2023,80
A/Croatia/10136RV/2023,A/Norway/12374/2023,320
A/Netherlands/10563/2023,A/Norway/12374/2023,160
A/Lisboa/216/2023,A/Norway/12374/2023,160
A/Slovenia/49/2024,A/Norway/12374/2023,40
A/Switzerland/47775/2024,A/Norway/12374/2023,40
A/Norway/12374/2023,A/Norway/12374/2023,80
A/BurkinaFaso/3131/2023,A/Norway/12374/2023,80
A/Netherlands/01762/2024,A/Norway/12374/2023,<40
A/Netherlands/01780/2024,A/Norway/12374/2023,<40
A/England/165/2024,A/Norway/12374/2023,80
A/England/145/2024,A/Norway/12374/2023,80
A/England/179/2024,A/Norway/12374/2023,80
A/England/137/2024,A/Norway/12374/2023,80
A/England/138/2024,A/Norway/12374/2023,80
A/England/182/2024,A/Norway/12374/2023,80
A/England/143/2024,A/Norway/12374/2023,40
A/HongKong/2753/2024,A/Norway/12374/2023,40
A/England/168/2024,A/Norway/12374/2023,40
A/HongKong/2752/2024,A/Norway/12374/2023,80
A/England/169/2024,A/Norway/12374/2023,80
A/Netherlands/01809/2024,A/Norway/12374/2023,80
A/HongKong/2798/2024,A/Norway/12374/2023,80
A/England/144/2024,A/Norway/12374/2023,80
A/England/172/2024,A/Norway/12374/2023,80
A/England/173/2024,A/Norway/12374/2023,40
A/England/183/2024,A/Norway/12374/2023,80
A/England/186/2024,A/Norway/12374/2023,80
A/England/174/2024,A/Norway/12374/2023,80
A/England/185/2024,A/Norway/12374/2023,80
A/England/187/2024,A/Norway/12374/2023,80
A/HongKong/2810/2024,A/Norway/12374/2023,80
A/HongKong/2816/2024,A/Norway/12374/2023,80
A/Mauritius/I-183/2024,A/Norway/12374/2023,80
A/HongKong/2837/2024,A/Norway/12374/2023,80
A/Mauritius/I-186/2024,A/Norway/12374/2023,80
A/Hungary/289/2024,A/Norway/12374/2023,80
A/Hungary/288/2024,A/Norway/12374/2023,80
A/Hungary/293/2024,A/Norway/12374/2023,40
A/Hungary/305/2024,A/Norway/12374/2023,80
A/Netherlands/01777/2024,A/Norway/12374/2023,80
A/England/171/2024,A/Norway/12374/2023,80
A/HongKong/2836/2024,A/Norway/12374/2023,80
A/Netherlands/01697/2024,A/Norway/12374/2023,40
A/Mauritius/I-176/2024,A/Norway/12374/2023,80
A/HongKong/2725/2024,A/Norway/12374/2023,80
A/HongKong/2743/2024,A/Norway/12374/2023,80
A/Mauritius/I-181/2024,A/Norway/12374/2023,80
A/Mauritius/I-185/2024,A/Norway/12374/2023,160
A/HongKong/2861/2024,A/Norway/12374/2023,40
A/Netherlands/01563/2024,A/Norway/12374/2023,40
A/Massachusetts/18/2022,A/BurkinaFaso/3131/2023,40
A/Thailand/08/2022,A/BurkinaFaso/3131/2023,80
A/DistrictOfColumbia/27/2023,A/BurkinaFaso/3131/2023,40
A/Croatia/10136RV/2023,A/BurkinaFaso/3131/2023,80
A/Netherlands/10563/2023,A/BurkinaFaso/3131/2023,80
A/Lisboa/216/2023,A/BurkinaFaso/3131/2023,80
A/Slovenia/49/2024,A/BurkinaFaso/3131/2023,<40
A/Switzerland/47775/2024,A/BurkinaFaso/3131/2023,40
A/Norway/12374/2023,A/BurkinaFaso/3131/2023,40
A/BurkinaFaso/3131/2023,A/BurkinaFaso/3131/2023,80
A/Netherlands/01762/2024,A/BurkinaFaso/3131/2023,<40
A/Netherlands/01780/2024,A/BurkinaFaso/3131/2023,<40
A/England/165/2024,A/BurkinaFaso/3131/2023,<40
A/England/145/2024,A/BurkinaFaso/3131/2023,40
A/England/179/2024,A/BurkinaFaso/3131/2023,<40
A/England/137/2024,A/BurkinaFaso/3131/2023,<40
A/England/138/2024,A/BurkinaFaso/3131/2023,40
A/England/182/2024,A/BurkinaFaso/3131/2023,<40
A/England/143/2024,A/BurkinaFaso/3131/2023,<40
A/HongKong/2753/2024,A/BurkinaFaso/3131/2023,<40
A/England/168/2024,A/BurkinaFaso/3131/2023,<40
A/HongKong/2752/2024,A/BurkinaFaso/3131/2023,<40
A/England/169/2024,A/BurkinaFaso/3131/2023,40
A/Netherlands/01809/2024,A/BurkinaFaso/3131/2023,<40
A/HongKong/2798/2024,A/BurkinaFaso/3131/2023,40
A/England/144/2024,A/BurkinaFaso/3131/2023,40
A/England/172/2024,A/BurkinaFaso/3131/2023,40
A/England/173/2024,A/BurkinaFaso/3131/2023,<40
A/England/183/2024,A/BurkinaFaso/3131/2023,40
A/England/186/2024,A/BurkinaFaso/3131/2023,<40
A/England/174/2024,A/BurkinaFaso/3131/2023,<40
A/England/185/2024,A/BurkinaFaso/3131/2023,40
A/England/187/2024,A/BurkinaFaso/3131/2023,40
A/HongKong/2810/2024,A/BurkinaFaso/3131/2023,40
A/HongKong/2816/2024,A/BurkinaFaso/3131/2023,<40
A/Mauritius/I-183/2024,A/BurkinaFaso/3131/2023,40
A/HongKong/2837/2024,A/BurkinaFaso/3131/2023,40
A/Mauritius/I-186/2024,A/BurkinaFaso/3131/2023,<40
A/Hungary/289/2024,A/BurkinaFaso/3131/2023,<40
A/Hungary/288/2024,A/BurkinaFaso/3131/2023,<40
A/Hungary/293/2024,A/BurkinaFaso/3131/2023,<40
A/Hungary/305/2024,A/BurkinaFaso/3131/2023,40
A/Netherlands/01777/2024,A/BurkinaFaso/3131/2023,<40
A/England/171/2024,A/BurkinaFaso/3131/2023,<40
A/HongKong/2836/2024,A/BurkinaFaso/3131/2023,<40
A/Netherlands/01697/2024,A/BurkinaFaso/3131/2023,<40
A/Mauritius/I-176/2024,A/BurkinaFaso/3131/2023,40
A/HongKong/2725/2024,A/BurkinaFaso/3131/2023,<40
A/HongKong/2743/2024,A/BurkinaFaso/3131/2023,<40
A/Mauritius/I-181/2024,A/BurkinaFaso/3131/2023,<40
A/Mauritius/I-185/2024,A/BurkinaFaso/3131/2023,40
A/HongKong/2861/2024,A/BurkinaFaso/3131/2023,<40
A/Netherlands/01563/2024,A/BurkinaFaso/3131/2023,<40
A/Massachusetts/18/2022,A/Croatia/10136RV/2023,160
A/Thailand/08/2022,A/Croatia/10136RV/2023,640
A/DistrictOfColumbia/27/2023,A/Croatia/10136RV/2023,320
A/Croatia/10136RV/2023,A/Croatia/10136RV/2023,1280
A/Netherlands/10563/2023,A/Croatia/10136RV/2023,320
A/Lisboa/216/2023,A/Croatia/10136RV/2023,640
A/Slovenia/49/2024,A/Croatia/10136RV/2023,80
A/Switzerland/47775/2024,A/Croatia/10136RV/2023,80
A/Norway/12374/2023,A/Croatia/10136RV/2023,160
A/BurkinaFaso/3131/2023,A/Croatia/10136RV/2023,80
A/Netherlands/01762/2024,A/Croatia/10136RV/2023,80
A/Netherlands/01780/2024,A/Croatia/10136RV/2023,80
A/England/165/2024,A/Croatia/10136RV/2023,160
A/England/145/2024,A/Croatia/10136RV/2023,160
A/England/179/2024,A/Croatia/10136RV/2023,160
A/England/137/2024,A/Croatia/10136RV/2023,160
A/England/138/2024,A/Croatia/10136RV/2023,320
A/England/182/2024,A/Croatia/10136RV/2023,320
A/England/143/2024,A/Croatia/10136RV/2023,160
A/HongKong/2753/2024,A/Croatia/10136RV/2023,160
A/England/168/2024,A/Croatia/10136RV/2023,160
A/HongKong/2752/2024,A/Croatia/10136RV/2023,160
A/England/169/2024,A/Croatia/10136RV/2023,320
A/Netherlands/01809/2024,A/Croatia/10136RV/2023,160
A/HongKong/2798/2024,A/Croatia/10136RV/2023,160
A/England/144/2024,A/Croatia/10136RV/2023,320
A/England/172/2024,A/Croatia/10136RV/2023,160
A/England/173/2024,A/Croatia/10136RV/2023,160
A/England/183/2024,A/Croatia/10136RV/2023,160
A/England/186/2024,A/Croatia/10136RV/2023,160
A/England/174/2024,A/Croatia/10136RV/2023,320
A/England/185/2024,A/Croatia/10136RV/2023,320
A/England/187/2024,A/Croatia/10136RV/2023,320
A/HongKong/2810/2024,A/Croatia/10136RV/2023,320
A/HongKong/2816/2024,A/Croatia/10136RV/2023,160
A/Mauritius/I-183/2024,A/Croatia/10136RV/2023,160
A/HongKong/2837/2024,A/Croatia/10136RV/2023,320
A/Mauritius/I-186/2024,A/Croatia/10136RV/2023,160
A/Hungary/289/2024,A/Croatia/10136RV/2023,160
A/Hungary/288/2024,A/Croatia/10136RV/2023,160
A/Hungary/293/2024,A/Croatia/10136RV/2023,160
A/Hungary/305/2024,A/Croatia/10136RV/2023,160
A/Netherlands/01777/2024,A/Croatia/10136RV/2023,160
A/England/171/2024,A/Croatia/10136RV/2023,320
A/HongKong/2836/2024,A/Croatia/10136RV/2023,160
A/Netherlands/01697/2024,A/Croatia/10136RV/2023,80
A/Mauritius/I-176/2024,A/Croatia/10136RV/2023,160
A/HongKong/2725/2024,A/Croatia/10136RV/2023,160
A/HongKong/2743/2024,A/Croatia/10136RV/2023,160
A/Mauritius/I-181/2024,A/Croatia/10136RV/2023,160
A/Mauritius/I-185/2024,A/Croatia/10136RV/2023,320
A/HongKong/2861/2024,A/Croatia/10136RV/2023,160
A/Netherlands/01563/2024,A/Croatia/10136RV/2023,80
A/Massachusetts/18/2022,A/Massachusetts/18/2022,320
A/Thailand/08/2022,A/Massachusetts/18/2022,320
A/DistrictOfColumbia/27/2023,A/Massachusetts/18/2022,80
A/Croatia/10136RV/2023,A/Massachusetts/18/2022,320
A/Netherlands/10563/2023,A/Massachusetts/18/2022,320
A/Lisboa/216/2023,A/Massachusetts/18/2022,320
A/Slovenia/49/2024,A/Massachusetts/18/2022,40
A/Switzerland/47775/2024,A/Massachusetts/18/2022,<40
A/Norway/12374/2023,A/Massachusetts/18/2022,80
A/BurkinaFaso/3131/2023,A/Massachusetts/18/2022,<40
A/Ghana/6173/2024,A/Massachusetts/18/2022,80
A/Ghana/6229/2024,A/Massachusetts/18/2022,40
A/Lisboa/178/2024,A/Massachusetts/18/2022,160
A/France/BFC-RELAB-IPP12101/2024,A/Massachusetts/18/2022,160
A/France/GES-RELAB-IPP12570/2024,A/Massachusetts/18/2022,160
A/France/GES-RELAB-IPP12571/2024,A/Massachusetts/18/2022,80
A/Ghana/7019/2024,A/Massachusetts/18/2022,40
A/Qatar/87429/2024,A/Massachusetts/18/2022,80
A/Ghana/7129/2024,A/Massachusetts/18/2022,40
A/Ireland/00081078/2024,A/Massachusetts/18/2022,160
A/Qatar/88744/2024,A/Massachusetts/18/2022,80
A/France/BRE-IPP12782/2024,A/Massachusetts/18/2022,320
A/Qatar/89814/2024,A/Massachusetts/18/2022,80
A/Ghana/1786/2024,A/Massachusetts/18/2022,80
A/Iceland/35353/2024,A/Massachusetts/18/2022,80
A/Ghana/7555/2024,A/Massachusetts/18/2022,40
A/Ghana/1818/2024,A/Massachusetts/18/2022,40
A/Iceland/36032/2024,A/Massachusetts/18/2022,80
A/Iceland/36048/2024,A/Massachusetts/18/2022,40
A/Iceland/36410/2024,A/Massachusetts/18/2022,80
A/Iceland/36566/2024,A/Massachusetts/18/2022,40
A/Mauritius/1186304/2024,A/Massachusetts/18/2022,80
A/Ghana/7698/2024,A/Massachusetts/18/2022,<40
A/Iceland/36992/2024,A/Massachusetts/18/2022,40
A/Iceland/37008/2024,A/Massachusetts/18/2022,80
A/Iceland/37153/2024,A/Massachusetts/18/2022,80
A/Iceland/37274/2024,A/Massachusetts/18/2022,80
A/Mauritius/1186264/2024,A/Massachusetts/18/2022,80
A/Mauritius/1186307/2024,A/Massachusetts/18/2022,160
A/Netherlands/01829/2024,A/Massachusetts/18/2022,40
A/Massachusetts/18/2022,A/Thailand/08/2022,640
A/Thailand/08/2022,A/Thailand/08/2022,640
A/DistrictOfColumbia/27/2023,A/Thailand/08/2022,320
A/Croatia/10136RV/2023,A/Thailand/08/2022,640
A/Netherlands/10563/2023,A/Thailand/08/2022,320
A/Lisboa/216/2023,A/Thailand/08/2022,640
A/Slovenia/49/2024,A/Thailand/08/2022,160
A/Switzerland/47775/2024,A/Thailand/08/2022,80
A/Norway/12374/2023,A/Thailand/08/2022,160
A/BurkinaFaso/3131/2023,A/Thailand/08/2022,80
A/Ghana/6173/2024,A/Thailand/08/2022,160
A/Ghana/6229/2024,A/Thailand/08/2022,80
A/Lisboa/178/2024,A/Thailand/08/2022,320
A/France/BFC-RELAB-IPP12101/2024,A/Thailand/08/2022,160
A/France/GES-RELAB-IPP12570/2024,A/Thailand/08/2022,320
A/France/GES-RELAB-IPP12571/2024,A/Thailand/08/2022,160
A/Ghana/7019/2024,A/Thailand/08/2022,80
A/Qatar/87429/2024,A/Thailand/08/2022,160
A/Ghana/7129/2024,A/Thailand/08/2022,80
A/Ireland/00081078/2024,A/Thailand/08/2022,320
A/Qatar/88744/2024,A/Thailand/08/2022,160
A/France/BRE-IPP12782/2024,A/Thailand/08/2022,320
A/Qatar/89814/2024,A/Thailand/08/2022,160
A/Ghana/1786/2024,A/Thailand/08/2022,160
A/Iceland/35353/2024,A/Thailand/08/2022,160
A/Ghana/7555/2024,A/Thailand/08/2022,80
A/Ghana/1818/2024,A/Thailand/08/2022,80
A/Iceland/36032/2024,A/Thailand/08/2022,160
A/Iceland/36048/2024,A/Thailand/08/2022,160
A/Iceland/36410/2024,A/Thailand/08/2022,160
A/Iceland/36566/2024,A/Thailand/08/2022,160
A/Mauritius/1186304/2024,A/Thailand/08/2022,160
A/Ghana/7698/2024,A/Thailand/08/2022,40
A/Iceland/36992/2024,A/Thailand/08/2022,80
A/Iceland/37008/2024,A/Thailand/08/2022,160
A/Iceland/37153/2024,A/Thailand/08/2022,160
A/Iceland/37274/2024,A/Thailand/08/2022,160
A/Mauritius/1186264/2024,A/Thailand/08/2022,320
A/Mauritius/1186307/2024,A/Thailand/08/2022,320
A/Netherlands/01829/2024,A/Thailand/08/2022,20
A/Massachusetts/18/2022,A/DistrictOfColumbia/27/2023,160
A/Thailand/08/2022,A/DistrictOfColumbia/27/2023,640
A/DistrictOfColumbia/27/2023,A/DistrictOfColumbia/27/2023,320
A/Croatia/10136RV/2023,A/DistrictOfColumbia/27/2023,1280
A/Netherlands/10563/2023,A/DistrictOfColumbia/27/2023,640
A/Lisboa/216/2023,A/DistrictOfColumbia/27/2023,640
A/Slovenia/49/2024,A/DistrictOfColumbia/27/2023,160
A/Switzerland/47775/2024,A/DistrictOfColumbia/27/2023,160
A/Norway/12374/2023,A/DistrictOfColumbia/27/2023,160
A/BurkinaFaso/3131/2023,A/DistrictOfColumbia/27/2023,160
A/Ghana/6173/2024,A/DistrictOfColumbia/27/2023,160
A/Ghana/6229/2024,A/DistrictOfColumbia/27/2023,160
A/Lisboa/178/2024,A/DistrictOfColumbia/27/2023,320
A/France/BFC-RELAB-IPP12101/2024,A/DistrictOfColumbia/27/2023,320
A/France/GES-RELAB-IPP12570/2024,A/DistrictOfColumbia/27/2023,320
A/France/GES-RELAB-IPP12571/2024,A/DistrictOfColumbia/27/2023,160
A/Ghana/7019/2024,A/DistrictOfColumbia/27/2023,80
A/Qatar/87429/2024,A/DistrictOfColumbia/27/2023,320
A/Ghana/7129/2024,A/DistrictOfColumbia/27/2023,160
A/Ireland/00081078/2024,A/DistrictOfColumbia/27/2023,320
A/Qatar/88744/2024,A/DistrictOfColumbia/27/2023,320
A/France/BRE-IPP12782/2024,A/DistrictOfColumbia/27/2023,320
A/Qatar/89814/2024,A/DistrictOfColumbia/27/2023,320
A/Ghana/1786/2024,A/DistrictOfColumbia/27/2023,160
A/Iceland/35353/2024,A/DistrictOfColumbia/27/2023,160
A/Ghana/7555/2024,A/DistrictOfColumbia/27/2023,80
A/Ghana/1818/2024,A/DistrictOfColumbia/27/2023,80
A/Iceland/36032/2024,A/DistrictOfColumbia/27/2023,160
A/Iceland/36048/2024,A/DistrictOfColumbia/27/2023,80
A/Iceland/36410/2024,A/DistrictOfColumbia/27/2023,160
A/Iceland/36566/2024,A/DistrictOfColumbia/27/2023,160
A/Mauritius/1186304/2024,A/DistrictOfColumbia/27/2023,320
A/Ghana/7698/2024,A/DistrictOfColumbia/27/2023,80
A/Iceland/36992/2024,A/DistrictOfColumbia/27/2023,160
A/Iceland/37008/2024,A/DistrictOfColumbia/27/2023,320
A/Iceland/37153/2024,A/DistrictOfColumbia/27/2023,160
A/Iceland/37274/2024,A/DistrictOfColumbia/27/2023,160
A/Mauritius/1186264/2024,A/DistrictOfColumbia/27/2023,160
A/Mauritius/1186307/2024,A/DistrictOfColumbia/27/2023,320
A/Netherlands/01829/2024,A/DistrictOfColumbia/27/2023,40
A/Massachusetts/18/2022,A/Croatia/10136RV/2023,160
A/Thailand/08/2022,A/Croatia/10136RV/2023,320
A/DistrictOfColumbia/27/2023,A/Croatia/10136RV/2023,320
A/Croatia/10136RV/2023,A/Croatia/10136RV/2023,640
A/Netherlands/10563/2023,A/Croatia/10136RV/2023,320
A/Lisboa/216/2023,A/Croatia/10136RV/2023,320
A/Slovenia/49/2024,A/Croatia/10136RV/2023,40
A/Switzerland/47775/2024,A/Croatia/10136RV/2023,80
A/Norway/12374/2023,A/Croatia/10136RV/2023,160
A/BurkinaFaso/3131/2023,A/Croatia/10136RV/2023,40
A/Ghana/6173/2024,A/Croatia/10136RV/2023,80
A/Ghana/6229/2024,A/Croatia/10136RV/2023,80
A/Lisboa/178/2024,A/Croatia/10136RV/2023,160
A/France/BFC-RELAB-IPP12101/2024,A/Croatia/10136RV/2023,160
A/France/GES-RELAB-IPP12570/2024,A/Croatia/10136RV/2023,160
A/France/GES-RELAB-IPP12571/2024,A/Croatia/10136RV/2023,80
A/Ghana/7019/2024,A/Croatia/10136RV/2023,80
A/Qatar/87429/2024,A/Croatia/10136RV/2023,160
A/Ghana/7129/2024,A/Croatia/10136RV/2023,80
A/Ireland/00081078/2024,A/Croatia/10136RV/2023,160
A/Qatar/88744/2024,A/Croatia/10136RV/2023,160
A/France/BRE-IPP12782/2024,A/Croatia/10136RV/2023,160
A/Qatar/89814/2024,A/Croatia/10136RV/2023,160
A/Ghana/1786/2024,A/Croatia/10136RV/2023,80
A/Iceland/35353/2024,A/Croatia/10136RV/2023,80
A/Ghana/7555/2024,A/Croatia/10136RV/2023,80
A/Ghana/1818/2024,A/Croatia/10136RV/2023,40
A/Iceland/36032/2024,A/Croatia/10136RV/2023,80
A/Iceland/36048/2024,A/Croatia/10136RV/2023,80
A/Iceland/36410/2024,A/Croatia/10136RV/2023,160
A/Iceland/36566/2024,A/Croatia/10136RV/2023,80
A/Mauritius/1186304/2024,A/Croatia/10136RV/2023,160
A/Ghana/7698/2024,A/Croatia/10136RV/2023,40
A/Iceland/36992/2024,A/Croatia/10136RV/2023,80
A/Iceland/37008/2024,A/Croatia/10136RV/2023,160
A/Iceland/37153/2024,A/Croatia/10136RV/2023,80
A/Iceland/37274/2024,A/Croatia/10136RV/2023,80
A/Mauritius/1186264/2024,A/Croatia/10136RV/2023,160
A/Mauritius/1186307/2024,A/Croatia/10136RV/2023,160
A/Netherlands/01829/2024,A/Croatia/10136RV/2023,20
A/Massachusetts/18/2022,A/Netherlands/10563/2023,160
A/Thailand/08/2022,A/Netherlands/10563/2023,640
A/DistrictOfColumbia/27/2023,A/Netherlands/10563/2023,640
A/Croatia/10136RV/2023,A/Netherlands/10563/2023,640
A/Netherlands/10563/2023,A/Netherlands/10563/2023,640
A/Lisboa/216/2023,A/Netherlands/10563/2023,640
A/Slovenia/49/2024,A/Netherlands/10563/2023,80
A/Switzerland/47775/2024,A/Netherlands/10563/2023,80
A/Norway/12374/2023,A/Netherlands/10563/2023,320
A/BurkinaFaso/3131/2023,A/Netherlands/10563/2023,80
A/Ghana/6173/2024,A/Netherlands/10563/2023,160
A/Ghana/6229/2024,A/Netherlands/10563/2023,160
A/Lisboa/178/2024,A/Netherlands/10563/2023,320
A/France/BFC-RELAB-IPP12101/2024,A/Netherlands/10563/2023,160
A/France/GES-RELAB-IPP12570/2024,A/Netherlands/10563/2023,320
A/France/GES-RELAB-IPP12571/2024,A/Netherlands/10563/2023,160
A/Ghana/7019/2024,A/Netherlands/10563/2023,160
A/Qatar/87429/2024,A/Netherlands/10563/2023,320
A/Ghana/7129/2024,A/Netherlands/10563/2023,160
A/Ireland/00081078/2024,A/Netherlands/10563/2023,320
A/Qatar/88744/2024,A/Netherlands/10563/2023,320
A/France/BRE-IPP12782/2024,A/Netherlands/10563/2023,320
A/Qatar/89814/2024,A/Netherlands/10563/2023,320
A/Ghana/1786/2024,A/Netherlands/10563/2023,160
A/Iceland/35353/2024,A/Netherlands/10563/2023,160
A/Ghana/7555/2024,A/Netherlands/10563/2023,160
A/Ghana/1818/2024,A/Netherlands/10563/2023,80
A/Iceland/36032/2024,A/Netherlands/10563/2023,160
A/Iceland/36048/2024,A/Netherlands/10563/2023,160
A/Iceland/36410/2024,A/Netherlands/10563/2023,160
A/Iceland/36566/2024,A/Netherlands/10563/2023,160
A/Mauritius/1186304/2024,A/Netherlands/10563/2023,320
A/Ghana/7698/2024,A/Netherlands/10563/2023,80
A/Iceland/36992/2024,A/Netherlands/10563/2023,160
A/Iceland/37008/2024,A/Netherlands/10563/2023,320
A/Iceland/37153/2024,A/Netherlands/10563/2023,160
A/Iceland/37274/2024,A/Netherlands/10563/2023,160
A/Mauritius/1186264/2024,A/Netherlands/10563/2023,160
A/Mauritius/1186307/2024,A/Netherlands/10563/2023,320
A/Netherlands/01829/2024,A/Netherlands/10563/2023,40
A/Massachusetts/18/2022,A/Lisboa/216/2023,160
A/Thailand/08/2022,A/Lisboa/216/2023,640
A/DistrictOfColumbia/27/2023,A/Lisboa/216/2023,320
A/Croatia/10136RV/2023,A/Lisboa/216/2023,640
A/Netherlands/10563/2023,A/Lisboa/216/2023,640
A/Lisboa/216/2023,A/Lisboa/216/2023,640
A/Slovenia/49/2024,A/Lisboa/216/2023,320
A/Switzerland/47775/2024,A/Lisboa/216/2023,80
A/Norway/12374/2023,A/Lisboa/216/2023,160
A/BurkinaFaso/3131/2023,A/Lisboa/216/2023,80
A/Ghana/6173/2024,A/Lisboa/216/2023,160
A/Ghana/6229/2024,A/Lisboa/216/2023,160
A/Lisboa/178/2024,A/Lisboa/216/2023,160
A/France/BFC-RELAB-IPP12101/2024,A/Lisboa/216/2023,320
A/France/GES-RELAB-IPP12570/2024,A/Lisboa/216/2023,320
A/France/GES-RELAB-IPP12571/2024,A/Lisboa/216/2023,320
A/Ghana/7019/2024,A/Lisboa/216/2023,160
A/Qatar/87429/2024,A/Lisboa/216/2023,320
A/Ghana/7129/2024,A/Lisboa/216/2023,160
A/Ireland/00081078/2024,A/Lisboa/216/2023,320
A/Qatar/88744/2024,A/Lisboa/216/2023,160
A/France/BRE-IPP12782/2024,A/Lisboa/216/2023,320
A/Qatar/89814/2024,A/Lisboa/216/2023,320
A/Ghana/1786/2024,A/Lisboa/216/2023,160
A/Iceland/35353/2024,A/Lisboa/216/2023,160
A/Ghana/7555/2024,A/Lisboa/216/2023,160
A/Ghana/1818/2024,A/Lisboa/216/2023,80
A/Iceland/36032/2024,A/Lisboa/216/2023,160
A/Iceland/36048/2024,A/Lisboa/216/2023,160
A/Iceland/36410/2024,A/Lisboa/216/2023,160
A/Iceland/36566/2024,A/Lisboa/216/2023,160
A/Mauritius/1186304/2024,A/Lisboa/216/2023,160
A/Ghana/7698/2024,A/Lisboa/216/2023,<40
A/Iceland/36992/2024,A/Lisboa/216/2023,160
A/Iceland/37008/2024,A/Lisboa/216/2023,160
A/Iceland/37153/2024,A/Lisboa/216/2023,160
A/Iceland/37274/2024,A/Lisboa/216/2023,160
A/Mauritius/1186264/2024,A/Lisboa/216/2023,320
A/Mauritius/1186307/2024,A/Lisboa/216/2023,320
A/Netherlands/01829/2024,A/Lisboa/216/2023,20
A/Massachusetts/18/2022,A/Slovenia/49/2024,80
A/Thailand/08/2022,A/Slovenia/49/2024,320
A/DistrictOfColumbia/27/2023,A/Slovenia/49/2024,160
A/Croatia/10136RV/2023,A/Slovenia/49/2024,640
A/Netherlands/10563/2023,A/Slovenia/49/2024,320
A/Lisboa/216/2023,A/Slovenia/49/2024,320
A/Slovenia/49/2024,A/Slovenia/49/2024,2560
A/Switzerland/47775/2024,A/Slovenia/49/2024,<40
A/Norway/12374/2023,A/Slovenia/49/2024,160
A/BurkinaFaso/3131/2023,A/Slovenia/49/2024,<40
A/Ghana/6173/2024,A/Slovenia/49/2024,80
A/Ghana/6229/2024,A/Slovenia/49/2024,80
A/Lisboa/178/2024,A/Slovenia/49/2024,160
A/France/BFC-RELAB-IPP12101/2024,A/Slovenia/49/2024,160
A/France/GES-RELAB-IPP12570/2024,A/Slovenia/49/2024,160
A/France/GES-RELAB-IPP12571/2024,A/Slovenia/49/2024,160
A/Ghana/7019/2024,A/Slovenia/49/2024,40
A/Qatar/87429/2024,A/Slovenia/49/2024,160
A/Ghana/7129/2024,A/Slovenia/49/2024,80
A/Ireland/00081078/2024,A/Slovenia/49/2024,160
A/Qatar/88744/2024,A/Slovenia/49/2024,160
A/France/BRE-IPP12782/2024,A/Slovenia/49/2024,160
A/Qatar/89814/2024,A/Slovenia/49/2024,160
A/Ghana/1786/2024,A/Slovenia/49/2024,80
A/Iceland/35353/2024,A/Slovenia/49/2024,80
A/Ghana/7555/2024,A/Slovenia/49/2024,80
A/Ghana/1818/2024,A/Slovenia/49/2024,40
A/Iceland/36032/2024,A/Slovenia/49/2024,80
A/Iceland/36048/2024,A/Slovenia/49/2024,80
A/Iceland/36410/2024,A/Slovenia/49/2024,80
A/Iceland/36566/2024,A/Slovenia/49/2024,80
A/Mauritius/1186304/2024,A/Slovenia/49/2024,160
A/Ghana/7698/2024,A/Slovenia/49/2024,<40
A/Iceland/36992/2024,A/Slovenia/49/2024,80
A/Iceland/37008/2024,A/Slovenia/49/2024,160
A/Iceland/37153/2024,A/Slovenia/49/2024,80
A/Iceland/37274/2024,A/Slovenia/49/2024,80
A/Mauritius/1186264/2024,A/Slovenia/49/2024,160
A/Mauritius/1186307/2024,A/Slovenia/49/2024,160
A/Netherlands/01829/2024,A/Slovenia/49/2024,20
A/Massachusetts/18/2022,A/Switzerland/47775/2024,80
A/Thailand/08/2022,A/Switzerland/47775/2024,160
A/DistrictOfColumbia/27/2023,A/Switzerland/47775/2024,80
A/Croatia/10136RV/2023,A/Switzerland/47775/2024,160
A/Netherlands/10563/2023,A/Switzerland/47775/2024,160
A/Lisboa/216/2023,A/Switzerland/47775/2024,80
A/Slovenia/49/2024,A/Switzerland/47775/2024,80
A/Switzerland/47775/2024,A/Switzerland/47775/2024,160
A/Norway/12374/2023,A/Switzerland/47775/2024,80
A/BurkinaFaso/3131/2023,A/Switzerland/47775/2024,80
A/Ghana/6173/2024,A/Switzerland/47775/2024,40
A/Ghana/6229/2024,A/Switzerland/47775/2024,40
A/Lisboa/178/2024,A/Switzerland/47775/2024,80
A/France/BFC-RELAB-IPP12101/2024,A/Switzerland/47775/2024,40
A/France/GES-RELAB-IPP12570/2024,A/Switzerland/47775/2024,80
A/France/GES-RELAB-IPP12571/2024,A/Switzerland/47775/2024,40
A/Ghana/7019/2024,A/Switzerland/47775/2024,<40
A/Qatar/87429/2024,A/Switzerland/47775/2024,40
A/Ghana/7129/2024,A/Switzerland/47775/2024,<40
A/Ireland/00081078/2024,A/Switzerland/47775/2024,80
A/Qatar/88744/2024,A/Switzerland/47775/2024,40
A/France/BRE-IPP12782/2024,A/Switzerland/47775/2024,80
A/Qatar/89814/2024,A/Switzerland/47775/2024,80
A/Ghana/1786/2024,A/Switzerland/47775/2024,40
A/Iceland/35353/2024,A/Switzerland/47775/2024,40
A/Ghana/7555/2024,A/Switzerland/47775/2024,40
A/Ghana/1818/2024,A/Switzerland/47775/2024,<40
A/Iceland/36032/2024,A/Switzerland/47775/2024,<40
A/Iceland/36048/2024,A/Switzerland/47775/2024,<40
A/Iceland/36410/2024,A/Switzerland/47775/2024,40
A/Iceland/36566/2024,A/Switzerland/47775/2024,40
A/Mauritius/1186304/2024,A/Switzerland/47775/2024,80
A/Ghana/7698/2024,A/Switzerland/47775/2024,40
A/Iceland/36992/2024,A/Switzerland/47775/2024,40
A/Iceland/37008/2024,A/Switzerland/47775/2024,40
A/Iceland/37153/2024,A/Switzerland/47775/2024,40
A/Iceland/37274/2024,A/Switzerland/47775/2024,40
A/Mauritius/1186264/2024,A/Switzerland/47775/2024,80
A/Mauritius/1186307/2024,A/Switzerland/47775/2024,40
A/Netherlands/01829/2024,A/Switzerland/47775/2024,40
A/Massachusetts/18/2022,A/Norway/12374/2023,160
A/Thailand/08/2022,A/Norway/12374/2023,160
A/DistrictOfColumbia/27/2023,A/Norway/12374/2023,160
A/Croatia/10136RV/2023,A/Norway/12374/2023,320
A/Netherlands/10563/2023,A/Norway/12374/2023,320
A/Lisboa/216/2023,A/Norway/12374/2023,80
A/Slovenia/49/2024,A/Norway/12374/2023,40
A/Switzerland/47775/2024,A/Norway/12374/2023,80
A/Norway/12374/2023,A/Norway/12374/2023,80
A/BurkinaFaso/3131/2023,A/Norway/12374/2023,80
A/Ghana/6173/2024,A/Norway/12374/2023,80
A/Ghana/6229/2024,A/Norway/12374/2023,80
A/Lisboa/178/2024,A/Norway/12374/2023,80
A/France/BFC-RELAB-IPP12101/2024,A/Norway/12374/2023,80
A/France/GES-RELAB-IPP12570/2024,A/Norway/12374/2023,160
A/France/GES-RELAB-IPP12571/2024,A/Norway/12374/2023,80
A/Ghana/7019/2024,A/Norway/12374/2023,40
A/Qatar/87429/2024,A/Norway/12374/2023,80
A/Ghana/7129/2024,A/Norway/12374/2023,40
A/Ireland/00081078/2024,A/Norway/12374/2023,160
A/Qatar/88744/2024,A/Norway/12374/2023,80
A/France/BRE-IPP12782/2024,A/Norway/12374/2023,160
A/Qatar/89814/2024,A/Norway/12374/2023,80
A/Ghana/1786/2024,A/Norway/12374/2023,80
A/Iceland/35353/2024,A/Norway/12374/2023,80
A/Ghana/7555/2024,A/Norway/12374/2023,80
A/Ghana/1818/2024,A/Norway/12374/2023,40
A/Iceland/36032/2024,A/Norway/12374/2023,40
A/Iceland/36048/2024,A/Norway/12374/2023,40
A/Iceland/36410/2024,A/Norway/12374/2023,80
A/Iceland/36566/2024,A/Norway/12374/2023,40
A/Mauritius/1186304/2024,A/Norway/12374/2023,80
A/Ghana/7698/2024,A/Norway/12374/2023,<40
A/Iceland/36992/2024,A/Norway/12374/2023,40
A/Iceland/37008/2024,A/Norway/12374/2023,80
A/Iceland/37153/2024,A/Norway/12374/2023,80
A/Iceland/37274/2024,A/Norway/12374/2023,80
A/Mauritius/1186264/2024,A/Norway/12374/2023,80
A/Mauritius/1186307/2024,A/Norway/12374/2023,80
A/Netherlands/01829/2024,A/Norway/12374/2023,20
A/Massachusetts/18/2022,A/BurkinaFaso/3131/2023,40
A/Thailand/08/2022,A/BurkinaFaso/3131/2023,80
A/DistrictOfColumbia/27/2023,A/BurkinaFaso/3131/2023,40
A/Croatia/10136RV/2023,A/BurkinaFaso/3131/2023,160
A/Netherlands/10563/2023,A/BurkinaFaso/3131/2023,80
A/Lisboa/216/2023,A/BurkinaFaso/3131/2023,80
A/Slovenia/49/2024,A/BurkinaFaso/3131/2023,<40
A/Switzerland/47775/2024,A/BurkinaFaso/3131/2023,40
A/Norway/12374/2023,A/BurkinaFaso/3131/2023,40
A/BurkinaFaso/3131/2023,A/BurkinaFaso/3131/2023,80
A/Ghana/6173/2024,A/BurkinaFaso/3131/2023,40
A/Ghana/6229/2024,A/BurkinaFaso/3131/2023,<40
A/Lisboa/178/2024,A/BurkinaFaso/3131/2023,40
A/France/BFC-RELAB-IPP12101/2024,A/BurkinaFaso/3131/2023,<40
A/France/GES-RELAB-IPP12570/2024,A/BurkinaFaso/3131/2023,40
A/France/GES-RELAB-IPP12571/2024,A/BurkinaFaso/3131/2023,<40
A/Ghana/7019/2024,A/BurkinaFaso/3131/2023,<40
A/Qatar/87429/2024,A/BurkinaFaso/3131/2023,40
A/Ghana/7129/2024,A/BurkinaFaso/3131/2023,<40
A/Ireland/00081078/2024,A/BurkinaFaso/3131/2023,40
A/Qatar/88744/2024,A/BurkinaFaso/3131/2023,40
A/France/BRE-IPP12782/2024,A/BurkinaFaso/3131/2023,40
A/Qatar/89814/2024,A/BurkinaFaso/3131/2023,40
A/Ghana/1786/2024,A/BurkinaFaso/3131/2023,40
A/Iceland/35353/2024,A/BurkinaFaso/3131/2023,<40
A/Ghana/7555/2024,A/BurkinaFaso/3131/2023,40
A/Ghana/1818/2024,A/BurkinaFaso/3131/2023,<40
A/Iceland/36032/2024,A/BurkinaFaso/3131/2023,<40
A/Iceland/36048/2024,A/BurkinaFaso/3131/2023,<40
A/Iceland/36410/2024,A/BurkinaFaso/3131/2023,40
A/Iceland/36566/2024,A/BurkinaFaso/3131/2023,<40
A/Mauritius/1186304/2024,A/BurkinaFaso/3131/2023,40
A/Ghana/7698/2024,A/BurkinaFaso/3131/2023,<40
A/Iceland/36992/2024,A/BurkinaFaso/3131/2023,<40
A/Iceland/37008/2024,A/BurkinaFaso/3131/2023,40
A/Iceland/37153/2024,A/BurkinaFaso/3131/2023,40
A/Iceland/37274/2024,A/BurkinaFaso/3131/2023,40
A/Mauritius/1186264/2024,A/BurkinaFaso/3131/2023,40
A/Mauritius/1186307/2024,A/BurkinaFaso/3131/2023,40
A/Netherlands/01829/2024,A/BurkinaFaso/3131/2023,40
A/Massachusetts/18/2022,A/Massachusetts/18/2022,640
A/Thailand/08/2022,A/Massachusetts/18/2022,640
A/DistrictOfColumbia/27/2023,A/Massachusetts/18/2022,80
A/Croatia/10136RV/2023,A/Massachusetts/18/2022,640
A/Netherlands/10563/2023,A/Massachusetts/18/2022,320
A/Lisboa/216/2023,A/Massachusetts/18/2022,320
A/Slovenia/49/2024,A/Massachusetts/18/2022,40
A/Switzerland/47775/2024,A/Massachusetts/18/2022,<40
A/Norway/12374/2023,A/Massachusetts/18/2022,160
A/BurkinaFaso/3131/2023,A/Massachusetts/18/2022,<40
A/Denmark/1089/2024,A/Massachusetts/18/2022,160
A/Dakar/038/2024,A/Massachusetts/18/2022,320
A/France/GES-IPP11346/2024,A/Massachusetts/18/2022,320
A/France/GES-IPP11347/2024,A/Massachusetts/18/2022,160
A/Netherlands/10641/2024,A/Massachusetts/18/2022,320
A/Salamanca/174/2024,A/Massachusetts/18/2022,320
A/Denmark/2440/2024,A/Massachusetts/18/2022,160
A/Ghana/7376/2024,A/Massachusetts/18/2022,80
A/Bulgaria/3356/2024,A/Massachusetts/18/2022,80
A/Qatar/89913/2024,A/Massachusetts/18/2022,80
A/Bulgaria/3365/2024,A/Massachusetts/18/2022,80
A/Bulgaria/3375/2024,A/Massachusetts/18/2022,80
A/Bulgaria/3483/2024,A/Massachusetts/18/2022,80
A/Bulgaria/3484/2024,A/Massachusetts/18/2022,80
A/Bulgaria/3540/2024,A/Massachusetts/18/2022,80
A/Bulgaria/3542/2024,A/Massachusetts/18/2022,160
A/Bulgaria/3571/2024,A/Massachusetts/18/2022,80
A/Bulgaria/3568/2024,A/Massachusetts/18/2022,80
A/Bulgaria/3618/2024,A/Massachusetts/18/2022,80
A/Salamanca/161/2024,A/Massachusetts/18/2022,160
A/France/BRE-IPP10218/2024,A/Massachusetts/18/2022,320
A/France/GES-RELAB-IPP10601/2024,A/Massachusetts/18/2022,320
A/Netherlands/10645/2024,A/Massachusetts/18/2022,320
A/Dakar/042/2024,A/Massachusetts/18/2022,160
A/Denmark/2348/2024,A/Massachusetts/18/2022,80
A/Denmark/2352/2024,A/Massachusetts/18/2022,160
A/Denmark/2353/2024,A/Massachusetts/18/2022,80
A/Denmark/2392/2024,A/Massachusetts/18/2022,160
A/Denmark/2441/2024,A/Massachusetts/18/2022,160
A/Denmark/2452/2024,A/Massachusetts/18/2022,80
A/Dakar/036/2024,A/Massachusetts/18/2022,160
A/Dakar/037/2024,A/Massachusetts/18/2022,160
A/Dakar/040/2024,A/Massachusetts/18/2022,160
A/Dakar/039/2024,A/Massachusetts/18/2022,<40
A/Dakar/041/2024,A/Massachusetts/18/2022,<40
A/Salamanca/204/2024,A/Massachusetts/18/2022,320
A/Massachusetts/18/2022,A/Thailand/08/2022,640
A/Thailand/08/2022,A/Thailand/08/2022,1280
A/DistrictOfColumbia/27/2023,A/Thailand/08/2022,320
A/Croatia/10136RV/2023,A/Thailand/08/2022,640
A/Netherlands/10563/2023,A/Thailand/08/2022,320
A/Lisboa/216/2023,A/Thailand/08/2022,640
A/Slovenia/49/2024,A/Thailand/08/2022,160
A/Switzerland/47775/2024,A/Thailand/08/2022,80
A/Norway/12374/2023,A/Thailand/08/2022,320
A/BurkinaFaso/3131/2023,A/Thailand/08/2022,80
A/Denmark/1089/2024,A/Thailand/08/2022,320
A/Dakar/038/2024,A/Thailand/08/2022,640
A/France/GES-IPP11346/2024,A/Thailand/08/2022,320
A/France/GES-IPP11347/2024,A/Thailand/08/2022,320
A/Netherlands/10641/2024,A/Thailand/08/2022,640
A/Salamanca/174/2024,A/Thailand/08/2022,320
A/Denmark/2440/2024,A/Thailand/08/2022,160
A/Ghana/7376/2024,A/Thailand/08/2022,160
A/Bulgaria/3356/2024,A/Thailand/08/2022,320
A/Qatar/89913/2024,A/Thailand/08/2022,320
A/Bulgaria/3365/2024,A/Thailand/08/2022,160
A/Bulgaria/3375/2024,A/Thailand/08/2022,320
A/Bulgaria/3483/2024,A/Thailand/08/2022,160
A/Bulgaria/3484/2024,A/Thailand/08/2022,160
A/Bulgaria/3540/2024,A/Thailand/08/2022,160
A/Bulgaria/3542/2024,A/Thailand/08/2022,320
A/Bulgaria/3571/2024,A/Thailand/08/2022,160
A/Bulgaria/3568/2024,A/Thailand/08/2022,320
A/Bulgaria/3618/2024,A/Thailand/08/2022,160
A/Salamanca/161/2024,A/Thailand/08/2022,320
A/France/BRE-IPP10218/2024,A/Thailand/08/2022,640
A/France/GES-RELAB-IPP10601/2024,A/Thailand/08/2022,640
A/Netherlands/10645/2024,A/Thailand/08/2022,640
A/Dakar/042/2024,A/Thailand/08/2022,320
A/Denmark/2348/2024,A/Thailand/08/2022,160
A/Denmark/2352/2024,A/Thailand/08/2022,320
A/Denmark/2353/2024,A/Thailand/08/2022,160
A/Denmark/2392/2024,A/Thailand/08/2022,320
A/Denmark/2441/2024,A/Thailand/08/2022,320
A/Denmark/2452/2024,A/Thailand/08/2022,160
A/Dakar/036/2024,A/Thailand/08/2022,320
A/Dakar/037/2024,A/Thailand/08/2022,640
A/Dakar/040/2024,A/Thailand/08/2022,320
A/Dakar/039/2024,A/Thailand/08/2022,160
A/Dakar/041/2024,A/Thailand/08/2022,160
A/Salamanca/204/2024,A/Thailand/08/2022,640
A/Massachusetts/18/2022,A/DistrictOfColumbia/27/2023,320
A/Thailand/08/2022,A/DistrictOfColumbia/27/2023,1280
A/DistrictOfColumbia/27/2023,A/DistrictOfColumbia/27/2023,320
A/Croatia/10136RV/2023,A/DistrictOfColumbia/27/2023,1280
A/Netherlands/10563/2023,A/DistrictOfColumbia/27/2023,640
A/Lisboa/216/2023,A/DistrictOfColumbia/27/2023,640
A/Slovenia/49/2024,A/DistrictOfColumbia/27/2023,160
A/Switzerland/47775/2024,A/DistrictOfColumbia/27/2023,160
A/Norway/12374/2023,A/DistrictOfColumbia/27/2023,320
A/BurkinaFaso/3131/2023,A/DistrictOfColumbia/27/2023,160
A/Denmark/1089/2024,A/DistrictOfColumbia/27/2023,320
A/Dakar/038/2024,A/DistrictOfColumbia/27/2023,640
A/France/GES-IPP11346/2024,A/DistrictOfColumbia/27/2023,320
A/France/GES-IPP11347/2024,A/DistrictOfColumbia/27/2023,320
A/Netherlands/10641/2024,A/DistrictOfColumbia/27/2023,640
A/Salamanca/174/2024,A/DistrictOfColumbia/27/2023,320
A/Denmark/2440/2024,A/DistrictOfColumbia/27/2023,320
A/Ghana/7376/2024,A/DistrictOfColumbia/27/2023,320
A/Bulgaria/3356/2024,A/DistrictOfColumbia/27/2023,320
A/Qatar/89913/2024,A/DistrictOfColumbia/27/2023,320
A/Bulgaria/3365/2024,A/DistrictOfColumbia/27/2023,160
A/Bulgaria/3375/2024,A/DistrictOfColumbia/27/2023,320
A/Bulgaria/3483/2024,A/DistrictOfColumbia/27/2023,160
A/Bulgaria/3484/2024,A/DistrictOfColumbia/27/2023,320
A/Bulgaria/3540/2024,A/DistrictOfColumbia/27/2023,160
A/Bulgaria/3542/2024,A/DistrictOfColumbia/27/2023,320
A/Bulgaria/3571/2024,A/DistrictOfColumbia/27/2023,160
A/Bulgaria/3568/2024,A/DistrictOfColumbia/27/2023,160
A/Bulgaria/3618/2024,A/DistrictOfColumbia/27/2023,160
A/Salamanca/161/2024,A/DistrictOfColumbia/27/2023,320
A/France/BRE-IPP10218/2024,A/DistrictOfColumbia/27/2023,160
A/France/GES-RELAB-IPP10601/2024,A/DistrictOfColumbia/27/2023,320
A/Netherlands/10645/2024,A/DistrictOfColumbia/27/2023,640
A/Dakar/042/2024,A/DistrictOfColumbia/27/2023,320
A/Denmark/2348/2024,A/DistrictOfColumbia/27/2023,160
A/Denmark/2352/2024,A/DistrictOfColumbia/27/2023,320
A/Denmark/2353/2024,A/DistrictOfColumbia/27/2023,320
A/Denmark/2392/2024,A/DistrictOfColumbia/27/2023,320
A/Denmark/2441/2024,A/DistrictOfColumbia/27/2023,320
A/Denmark/2452/2024,A/DistrictOfColumbia/27/2023,160
A/Dakar/036/2024,A/DistrictOfColumbia/27/2023,320
A/Dakar/037/2024,A/DistrictOfColumbia/27/2023,640
A/Dakar/040/2024,A/DistrictOfColumbia/27/2023,320
A/Dakar/039/2024,A/DistrictOfColumbia/27/2023,320
A/Dakar/041/2024,A/DistrictOfColumbia/27/2023,320
A/Salamanca/204/2024,A/DistrictOfColumbia/27/2023,640
A/Massachusetts/18/2022,A/Croatia/10136RV/2023,160
A/Thailand/08/2022,A/Croatia/10136RV/2023,640
A/DistrictOfColumbia/27/2023,A/Croatia/10136RV/2023,320
A/Croatia/10136RV/2023,A/Croatia/10136RV/2023,1280
A/Netherlands/10563/2023,A/Croatia/10136RV/2023,320
A/Lisboa/216/2023,A/Croatia/10136RV/2023,320
A/Slovenia/49/2024,A/Croatia/10136RV/2023,40
A/Switzerland/47775/2024,A/Croatia/10136RV/2023,80
A/Norway/12374/2023,A/Croatia/10136RV/2023,160
A/BurkinaFaso/3131/2023,A/Croatia/10136RV/2023,40
A/Denmark/1089/2024,A/Croatia/10136RV/2023,160
A/Dakar/038/2024,A/Croatia/10136RV/2023,320
A/France/GES-IPP11346/2024,A/Croatia/10136RV/2023,160
A/France/GES-IPP11347/2024,A/Croatia/10136RV/2023,160
A/Netherlands/10641/2024,A/Croatia/10136RV/2023,320
A/Salamanca/174/2024,A/Croatia/10136RV/2023,320
A/Denmark/2440/2024,A/Croatia/10136RV/2023,160
A/Ghana/7376/2024,A/Croatia/10136RV/2023,160
A/Bulgaria/3356/2024,A/Croatia/10136RV/2023,160
A/Qatar/89913/2024,A/Croatia/10136RV/2023,320
A/Bulgaria/3365/2024,A/Croatia/10136RV/2023,80
A/Bulgaria/3375/2024,A/Croatia/10136RV/2023,160
A/Bulgaria/3483/2024,A/Croatia/10136RV/2023,80
A/Bulgaria/3484/2024,A/Croatia/10136RV/2023,160
A/Bulgaria/3540/2024,A/Croatia/10136RV/2023,80
A/Bulgaria/3542/2024,A/Croatia/10136RV/2023,160
A/Bulgaria/3571/2024,A/Croatia/10136RV/2023,80
A/Bulgaria/3568/2024,A/Croatia/10136RV/2023,80
A/Bulgaria/3618/2024,A/Croatia/10136RV/2023,80
A/Salamanca/161/2024,A/Croatia/10136RV/2023,160
A/France/BRE-IPP10218/2024,A/Croatia/10136RV/2023,160
A/France/GES-RELAB-IPP10601/2024,A/Croatia/10136RV/2023,320
A/Netherlands/10645/2024,A/Croatia/10136RV/2023,320
A/Dakar/042/2024,A/Croatia/10136RV/2023,160
A/Denmark/2348/2024,A/Croatia/10136RV/2023,80
A/Denmark/2352/2024,A/Croatia/10136RV/2023,160
A/Denmark/2353/2024,A/Croatia/10136RV/2023,160
A/Denmark/2392/2024,A/Croatia/10136RV/2023,160
A/Denmark/2441/2024,A/Croatia/10136RV/2023,160
A/Denmark/2452/2024,A/Croatia/10136RV/2023,80
A/Dakar/036/2024,A/Croatia/10136RV/2023,160
A/Dakar/037/2024,A/Croatia/10136RV/2023,160
A/Dakar/040/2024,A/Croatia/10136RV/2023,160
A/Dakar/039/2024,A/Croatia/10136RV/2023,80
A/Dakar/041/2024,A/Croatia/10136RV/2023,80
A/Salamanca/204/2024,A/Croatia/10136RV/2023,320
A/Massachusetts/18/2022,A/Netherlands/10563/2023,320
A/Thailand/08/2022,A/Netherlands/10563/2023,640
A/DistrictOfColumbia/27/2023,A/Netherlands/10563/2023,320
A/Croatia/10136RV/2023,A/Netherlands/10563/2023,1280
A/Netherlands/10563/2023,A/Netherlands/10563/2023,320
A/Lisboa/216/2023,A/Netherlands/10563/2023,640
A/Slovenia/49/2024,A/Netherlands/10563/2023,80
A/Switzerland/47775/2024,A/Netherlands/10563/2023,80
A/Norway/12374/2023,A/Netherlands/10563/2023,320
A/BurkinaFaso/3131/2023,A/Netherlands/10563/2023,80
A/Denmark/1089/2024,A/Netherlands/10563/2023,320
A/Dakar/038/2024,A/Netherlands/10563/2023,640
A/France/GES-IPP11346/2024,A/Netherlands/10563/2023,320
A/France/GES-IPP11347/2024,A/Netherlands/10563/2023,320
A/Netherlands/10641/2024,A/Netherlands/10563/2023,640
A/Salamanca/174/2024,A/Netherlands/10563/2023,640
A/Denmark/2440/2024,A/Netherlands/10563/2023,320
A/Ghana/7376/2024,A/Netherlands/10563/2023,320
A/Bulgaria/3356/2024,A/Netherlands/10563/2023,320
A/Qatar/89913/2024,A/Netherlands/10563/2023,320
A/Bulgaria/3365/2024,A/Netherlands/10563/2023,320
A/Bulgaria/3375/2024,A/Netherlands/10563/2023,320
A/Bulgaria/3483/2024,A/Netherlands/10563/2023,160
A/Bulgaria/3484/2024,A/Netherlands/10563/2023,320
A/Bulgaria/3540/2024,A/Netherlands/10563/2023,160
A/Bulgaria/3542/2024,A/Netherlands/10563/2023,320
A/Bulgaria/3571/2024,A/Netherlands/10563/2023,160
A/Bulgaria/3568/2024,A/Netherlands/10563/2023,320
A/Bulgaria/3618/2024,A/Netherlands/10563/2023,160
A/Salamanca/161/2024,A/Netherlands/10563/2023,320
A/France/BRE-IPP10218/2024,A/Netherlands/10563/2023,320
A/France/GES-RELAB-IPP10601/2024,A/Netherlands/10563/2023,320
A/Netherlands/10645/2024,A/Netherlands/10563/2023,640
A/Dakar/042/2024,A/Netherlands/10563/2023,640
A/Denmark/2348/2024,A/Netherlands/10563/2023,160
A/Denmark/2352/2024,A/Netherlands/10563/2023,320
A/Denmark/2353/2024,A/Netherlands/10563/2023,320
A/Denmark/2392/2024,A/Netherlands/10563/2023,320
A/Denmark/2441/2024,A/Netherlands/10563/2023,320
A/Denmark/2452/2024,A/Netherlands/10563/2023,160
A/Dakar/036/2024,A/Netherlands/10563/2023,320
A/Dakar/037/2024,A/Netherlands/10563/2023,640
A/Dakar/040/2024,A/Netherlands/10563/2023,320
A/Dakar/039/2024,A/Netherlands/10563/2023,160
A/Dakar/041/2024,A/Netherlands/10563/2023,160
A/Salamanca/204/2024,A/Netherlands/10563/2023,640
A/Massachusetts/18/2022,A/Lisboa/216/2023,320
A/Thailand/08/2022,A/Lisboa/216/2023,640
A/DistrictOfColumbia/27/2023,A/Lisboa/216/2023,320
A/Croatia/10136RV/2023,A/Lisboa/216/2023,1280
A/Netherlands/10563/2023,A/Lisboa/216/2023,640
A/Lisboa/216/2023,A/Lisboa/216/2023,640
A/Slovenia/49/2024,A/Lisboa/216/2023,160
A/Switzerland/47775/2024,A/Lisboa/216/2023,80
A/Norway/12374/2023,A/Lisboa/216/2023,320
A/BurkinaFaso/3131/2023,A/Lisboa/216/2023,80
A/Denmark/1089/2024,A/Lisboa/216/2023,320
A/Dakar/038/2024,A/Lisboa/216/2023,640
A/France/GES-IPP11346/2024,A/Lisboa/216/2023,320
A/France/GES-IPP11347/2024,A/Lisboa/216/2023,320
A/Netherlands/10641/2024,A/Lisboa/216/2023,640
A/Salamanca/174/2024,A/Lisboa/216/2023,640
A/Denmark/2440/2024,A/Lisboa/216/2023,320
A/Ghana/7376/2024,A/Lisboa/216/2023,160
A/Bulgaria/3356/2024,A/Lisboa/216/2023,320
A/Qatar/89913/2024,A/Lisboa/216/2023,320
A/Bulgaria/3365/2024,A/Lisboa/216/2023,160
A/Bulgaria/3375/2024,A/Lisboa/216/2023,320
A/Bulgaria/3483/2024,A/Lisboa/216/2023,160
A/Bulgaria/3484/2024,A/Lisboa/216/2023,160
A/Bulgaria/3540/2024,A/Lisboa/216/2023,160
A/Bulgaria/3542/2024,A/Lisboa/216/2023,160
A/Bulgaria/3571/2024,A/Lisboa/216/2023,160
A/Bulgaria/3568/2024,A/Lisboa/216/2023,320
A/Bulgaria/3618/2024,A/Lisboa/216/2023,160
A/Salamanca/161/2024,A/Lisboa/216/2023,320
A/France/BRE-IPP10218/2024,A/Lisboa/216/2023,160
A/France/GES-RELAB-IPP10601/2024,A/Lisboa/216/2023,640
A/Netherlands/10645/2024,A/Lisboa/216/2023,640
A/Dakar/042/2024,A/Lisboa/216/2023,320
A/Denmark/2348/2024,A/Lisboa/216/2023,160
A/Denmark/2352/2024,A/Lisboa/216/2023,320
A/Denmark/2353/2024,A/Lisboa/216/2023,320
A/Denmark/2392/2024,A/Lisboa/216/2023,160
A/Denmark/2441/2024,A/Lisboa/216/2023,320
A/Denmark/2452/2024,A/Lisboa/216/2023,160
A/Dakar/036/2024,A/Lisboa/216/2023,320
A/Dakar/037/2024,A/Lisboa/216/2023,640
A/Dakar/040/2024,A/Lisboa/216/2023,320
A/Dakar/039/2024,A/Lisboa/216/2023,160
A/Dakar/041/2024,A/Lisboa/216/2023,80
A/Salamanca/204/2024,A/Lisboa/216/2023,640
A/Massachusetts/18/2022,A/Slovenia/49/2024,160
A/Thailand/08/2022,A/Slovenia/49/2024,640
A/DistrictOfColumbia/27/2023,A/Slovenia/49/2024,160
A/Croatia/10136RV/2023,A/Slovenia/49/2024,640
A/Netherlands/10563/2023,A/Slovenia/49/2024,320
A/Lisboa/216/2023,A/Slovenia/49/2024,640
A/Slovenia/49/2024,A/Slovenia/49/2024,2560
A/Switzerland/47775/2024,A/Slovenia/49/2024,<40
A/Norway/12374/2023,A/Slovenia/49/2024,160
A/BurkinaFaso/3131/2023,A/Slovenia/49/2024,<40
A/Denmark/1089/2024,A/Slovenia/49/2024,160
A/Dakar/038/2024,A/Slovenia/49/2024,320
A/France/GES-IPP11346/2024,A/Slovenia/49/2024,320
A/France/GES-IPP11347/2024,A/Slovenia/49/2024,160
A/Netherlands/10641/2024,A/Slovenia/49/2024,320
A/Salamanca/174/2024,A/Slovenia/49/2024,320
A/Denmark/2440/2024,A/Slovenia/49/2024,160
A/Ghana/7376/2024,A/Slovenia/49/2024,160
A/Bulgaria/3356/2024,A/Slovenia/49/2024,160
A/Qatar/89913/2024,A/Slovenia/49/2024,160
A/Bulgaria/3365/2024,A/Slovenia/49/2024,160
A/Bulgaria/3375/2024,A/Slovenia/49/2024,160
A/Bulgaria/3483/2024,A/Slovenia/49/2024,80
A/Bulgaria/3484/2024,A/Slovenia/49/2024,160
A/Bulgaria/3540/2024,A/Slovenia/49/2024,80
A/Bulgaria/3542/2024,A/Slovenia/49/2024,160
A/Bulgaria/3571/2024,A/Slovenia/49/2024,80
A/Bulgaria/3568/2024,A/Slovenia/49/2024,80
A/Bulgaria/3618/2024,A/Slovenia/49/2024,80
A/Salamanca/161/2024,A/Slovenia/49/2024,160
A/France/BRE-IPP10218/2024,A/Slovenia/49/2024,80
A/France/GES-RELAB-IPP10601/2024,A/Slovenia/49/2024,160
A/Netherlands/10645/2024,A/Slovenia/49/2024,320
A/Dakar/042/2024,A/Slovenia/49/2024,320
A/Denmark/2348/2024,A/Slovenia/49/2024,160
A/Denmark/2352/2024,A/Slovenia/49/2024,160
A/Denmark/2353/2024,A/Slovenia/49/2024,160
A/Denmark/2392/2024,A/Slovenia/49/2024,160
A/Denmark/2441/2024,A/Slovenia/49/2024,160
A/Denmark/2452/2024,A/Slovenia/49/2024,160
A/Dakar/036/2024,A/Slovenia/49/2024,160
A/Dakar/037/2024,A/Slovenia/49/2024,160
A/Dakar/040/2024,A/Slovenia/49/2024,160
A/Dakar/039/2024,A/Slovenia/49/2024,40
A/Dakar/041/2024,A/Slovenia/49/2024,40
A/Salamanca/204/2024,A/Slovenia/49/2024,320
A/Massachusetts/18/2022,A/Switzerland/47775/2024,80
A/Thailand/08/2022,A/Switzerland/47775/2024,320
A/DistrictOfColumbia/27/2023,A/Switzerland/47775/2024,80
A/Croatia/10136RV/2023,A/Switzerland/47775/2024,320
A/Netherlands/10563/2023,A/Switzerland/47775/2024,160
A/Lisboa/216/2023,A/Switzerland/47775/2024,160
A/Slovenia/49/2024,A/Switzerland/47775/2024,80
A/Switzerland/47775/2024,A/Switzerland/47775/2024,160
A/Norway/12374/2023,A/Switzerland/47775/2024,80
A/BurkinaFaso/3131/2023,A/Switzerland/47775/2024,80
A/Denmark/1089/2024,A/Switzerland/47775/2024,80
A/Dakar/038/2024,A/Switzerland/47775/2024,80
A/France/GES-IPP11346/2024,A/Switzerland/47775/2024,80
A/France/GES-IPP11347/2024,A/Switzerland/47775/2024,80
A/Netherlands/10641/2024,A/Switzerland/47775/2024,80
A/Salamanca/174/2024,A/Switzerland/47775/2024,160
A/Denmark/2440/2024,A/Switzerland/47775/2024,80
A/Ghana/7376/2024,A/Switzerland/47775/2024,40
A/Bulgaria/3356/2024,A/Switzerland/47775/2024,40
A/Qatar/89913/2024,A/Switzerland/47775/2024,80
A/Bulgaria/3365/2024,A/Switzerland/47775/2024,40
A/Bulgaria/3375/2024,A/Switzerland/47775/2024,40
A/Bulgaria/3483/2024,A/Switzerland/47775/2024,40
A/Bulgaria/3484/2024,A/Switzerland/47775/2024,40
A/Bulgaria/3540/2024,A/Switzerland/47775/2024,40
A/Bulgaria/3542/2024,A/Switzerland/47775/2024,80
A/Bulgaria/3571/2024,A/Switzerland/47775/2024,40
A/Bulgaria/3568/2024,A/Switzerland/47775/2024,40
A/Bulgaria/3618/2024,A/Switzerland/47775/2024,40
A/Salamanca/161/2024,A/Switzerland/47775/2024,80
A/France/BRE-IPP10218/2024,A/Switzerland/47775/2024,80
A/France/GES-RELAB-IPP10601/2024,A/Switzerland/47775/2024,80
A/Netherlands/10645/2024,A/Switzerland/47775/2024,80
A/Dakar/042/2024,A/Switzerland/47775/2024,80
A/Denmark/2348/2024,A/Switzerland/47775/2024,80
A/Denmark/2352/2024,A/Switzerland/47775/2024,80
A/Denmark/2353/2024,A/Switzerland/47775/2024,80
A/Denmark/2392/2024,A/Switzerland/47775/2024,80
A/Denmark/2441/2024,A/Switzerland/47775/2024,80
A/Denmark/2452/2024,A/Switzerland/47775/2024,80
A/Dakar/036/2024,A/Switzerland/47775/2024,80
A/Dakar/037/2024,A/Switzerland/47775/2024,80
A/Dakar/040/2024,A/Switzerland/47775/2024,80
A/Dakar/039/2024,A/Switzerland/47775/2024,160
A/Dakar/041/2024,A/Switzerland/47775/2024,160
A/Salamanca/204/2024,A/Switzerland/47775/2024,160
A/Massachusetts/18/2022,A/Norway/12374/2023,320
A/Thailand/08/2022,A/Norway/12374/2023,320
A/DistrictOfColumbia/27/2023,A/Norway/12374/2023,160
A/Croatia/10136RV/2023,A/Norway/12374/2023,320
A/Netherlands/10563/2023,A/Norway/12374/2023,320
A/Lisboa/216/2023,A/Norway/12374/2023,160
A/Slovenia/49/2024,A/Norway/12374/2023,80
A/Switzerland/47775/2024,A/Norway/12374/2023,40
A/Norway/12374/2023,A/Norway/12374/2023,160
A/BurkinaFaso/3131/2023,A/Norway/12374/2023,80
A/Denmark/1089/2024,A/Norway/12374/2023,80
A/Dakar/038/2024,A/Norway/12374/2023,160
A/France/GES-IPP11346/2024,A/Norway/12374/2023,160
A/France/GES-IPP11347/2024,A/Norway/12374/2023,160
A/Netherlands/10641/2024,A/Norway/12374/2023,160
A/Salamanca/174/2024,A/Norway/12374/2023,320
A/Denmark/2440/2024,A/Norway/12374/2023,160
A/Ghana/7376/2024,A/Norway/12374/2023,80
A/Bulgaria/3356/2024,A/Norway/12374/2023,80
A/Qatar/89913/2024,A/Norway/12374/2023,160
A/Bulgaria/3365/2024,A/Norway/12374/2023,80
A/Bulgaria/3375/2024,A/Norway/12374/2023,80
A/Bulgaria/3483/2024,A/Norway/12374/2023,80
A/Bulgaria/3484/2024,A/Norway/12374/2023,80
A/Bulgaria/3540/2024,A/Norway/12374/2023,80
A/Bulgaria/3542/2024,A/Norway/12374/2023,160
A/Bulgaria/3571/2024,A/Norway/12374/2023,80
A/Bulgaria/3568/2024,A/Norway/12374/2023,160
A/Bulgaria/3618/2024,A/Norway/12374/2023,80
A/Salamanca/161/2024,A/Norway/12374/2023,80
A/France/BRE-IPP10218/2024,A/Norway/12374/2023,80
A/France/GES-RELAB-IPP10601/2024,A/Norway/12374/2023,160
A/Netherlands/10645/2024,A/Norway/12374/2023,160
A/Dakar/042/2024,A/Norway/12374/2023,160
A/Denmark/2348/2024,A/Norway/12374/2023,80
A/Denmark/2352/2024,A/Norway/12374/2023,160
A/Denmark/2353/2024,A/Norway/12374/2023,80
A/Denmark/2392/2024,A/Norway/12374/2023,160
A/Denmark/2441/2024,A/Norway/12374/2023,160
A/Denmark/2452/2024,A/Norway/12374/2023,80
A/Dakar/036/2024,A/Norway/12374/2023,160
A/Dakar/037/2024,A/Norway/12374/2023,160
A/Dakar/040/2024,A/Norway/12374/2023,160
A/Dakar/039/2024,A/Norway/12374/2023,80
A/Dakar/041/2024,A/Norway/12374/2023,80
A/Salamanca/204/2024,A/Norway/12374/2023,160
A/Massachusetts/18/2022,A/BurkinaFaso/3131/2023,80
A/Thailand/08/2022,A/BurkinaFaso/3131/2023,160
A/DistrictOfColumbia/27/2023,A/BurkinaFaso/3131/2023,80
A/Croatia/10136RV/2023,A/BurkinaFaso/3131/2023,160
A/Netherlands/10563/2023,A/BurkinaFaso/3131/2023,160
A/Lisboa/216/2023,A/BurkinaFaso/3131/2023,160
A/Slovenia/49/2024,A/BurkinaFaso/3131/2023,40
A/Switzerland/47775/2024,A/BurkinaFaso/3131/2023,80
A/Norway/12374/2023,A/BurkinaFaso/3131/2023,80
A/BurkinaFaso/3131/2023,A/BurkinaFaso/3131/2023,80
A/Denmark/1089/2024,A/BurkinaFaso/3131/2023,40
A/Dakar/038/2024,A/BurkinaFaso/3131/2023,80
A/France/GES-IPP11346/2024,A/BurkinaFaso/3131/2023,80
A/France/GES-IPP11347/2024,A/BurkinaFaso/3131/2023,80
A/Netherlands/10641/2024,A/BurkinaFaso/3131/2023,40
A/Salamanca/174/2024,A/BurkinaFaso/3131/2023,80
A/Denmark/2440/2024,A/BurkinaFaso/3131/2023,80
A/Ghana/7376/2024,A/BurkinaFaso/3131/2023,40
A/Bulgaria/3356/2024,A/BurkinaFaso/3131/2023,40
A/Qatar/89913/2024,A/BurkinaFaso/3131/2023,80
A/Bulgaria/3365/2024,A/BurkinaFaso/3131/2023,40
A/Bulgaria/3375/2024,A/BurkinaFaso/3131/2023,40
A/Bulgaria/3483/2024,A/BurkinaFaso/3131/2023,40
A/Bulgaria/3484/2024,A/BurkinaFaso/3131/2023,40
A/Bulgaria/3540/2024,A/BurkinaFaso/3131/2023,40
A/Bulgaria/3542/2024,A/BurkinaFaso/3131/2023,80
A/Bulgaria/3571/2024,A/BurkinaFaso/3131/2023,40
A/Bulgaria/3568/2024,A/BurkinaFaso/3131/2023,40
A/Bulgaria/3618/2024,A/BurkinaFaso/3131/2023,40
A/Salamanca/161/2024,A/BurkinaFaso/3131/2023,40
A/France/BRE-IPP10218/2024,A/BurkinaFaso/3131/2023,40
A/France/GES-RELAB-IPP10601/2024,A/BurkinaFaso/3131/2023,80
A/Netherlands/10645/2024,A/BurkinaFaso/3131/2023,40
A/Dakar/042/2024,A/BurkinaFaso/3131/2023,40
A/Denmark/2348/2024,A/BurkinaFaso/3131/2023,40
A/Denmark/2352/2024,A/BurkinaFaso/3131/2023,80
A/Denmark/2353/2024,A/BurkinaFaso/3131/2023,40
A/Denmark/2392/2024,A/BurkinaFaso/3131/2023,40
A/Denmark/2441/2024,A/BurkinaFaso/3131/2023,80
A/Denmark/2452/2024,A/BurkinaFaso/3131/2023,40
A/Dakar/036/2024,A/BurkinaFaso/3131/2023,40
A/Dakar/037/2024,A/BurkinaFaso/3131/2023,40
A/Dakar/040/2024,A/BurkinaFaso/3131/2023,40
A/Dakar/039/2024,A/BurkinaFaso/3131/2023,160
A/Dakar/041/2024,A/BurkinaFaso/3131/2023,160
A/Salamanca/204/2024,A/BurkinaFaso/3131/2023,80
A/Massachusetts/18/2022,A/Massachusetts/18/2022,640
A/Thailand/08/2022,A/Massachusetts/18/2022,320
A/DistrictOfColumbia/27/2023,A/Massachusetts/18/2022,80
A/Croatia/10136RV/2023,A/Massachusetts/18/2022,320
A/Netherlands/10563/2023,A/Massachusetts/18/2022,160
A/Lisboa/216/2023,A/Massachusetts/18/2022,640
A/Slovenia/49/2024,A/Massachusetts/18/2022,40
A/Switzerland/47775/2024,A/Massachusetts/18/2022,<40
A/Norway/12374/2023,A/Massachusetts/18/2022,160
A/BurkinaFaso/3131/2023,A/Massachusetts/18/2022,<40
A/CoteD'Ivoire/4459/2024,A/Massachusetts/18/2022,<40
A/Madagascar/03189/2024,A/Massachusetts/18/2022,320
A/Madagascar/03198/2024,A/Massachusetts/18/2022,320
A/Madagascar/03788/2024,A/Massachusetts/18/2022,320
A/Madagascar/03415/2024,A/Massachusetts/18/2022,320
A/Madagascar/03416/2024,A/Massachusetts/18/2022,320
A/Dakar/035/2024,A/Massachusetts/18/2022,<40
A/Belgium/7898/2024,A/Massachusetts/18/2022,80
A/CoteD'Ivoire/4452/2024,A/Massachusetts/18/2022,160
A/CoteD'Ivoire/4555/2024,A/Massachusetts/18/2022,80
A/Belgium/8075/2024,A/Massachusetts/18/2022,160
A/CoteD'Ivoire/4592/2024,A/Massachusetts/18/2022,320
A/CoteD'Ivoire/4610/2024,A/Massachusetts/18/2022,160
A/Switzerland/8886/2024,A/Massachusetts/18/2022,40
A/Belgium/8271/2024,A/Massachusetts/18/2022,160
A/Belgium/912/2024,A/Massachusetts/18/2022,80
A/Bulgaria/3485/2024,A/Massachusetts/18/2022,40
A/Belgium/8787/2024,A/Massachusetts/18/2022,160
A/Bulgaria/3541/2024,A/Massachusetts/18/2022,80
A/Switzerland/0365/2024,A/Massachusetts/18/2022,80
A/Newport/5620/2024,A/Massachusetts/18/2022,80
A/Switzerland/5735/2024,A/Massachusetts/18/2022,80
A/Switzerland/5158/2024,A/Massachusetts/18/2022,80
A/Caerphilly/1560/2024,A/Massachusetts/18/2022,80
A/Dakar/030/2024,A/Massachusetts/18/2022,160
A/Dakar/032/2024,A/Massachusetts/18/2022,160
A/Dakar/034/2024,A/Massachusetts/18/2022,160
A/CoteD'Ivoire/4448/2024,A/Massachusetts/18/2022,80
A/CoteD'Ivoire/4450/2024,A/Massachusetts/18/2022,40
A/CoteD'Ivoire/4460/2024,A/Massachusetts/18/2022,320
A/CoteD'Ivoire/4492/2024,A/Massachusetts/18/2022,160
A/CoteD'Ivoire/4593/2024,A/Massachusetts/18/2022,160
A/Belgium/8309/2024,A/Massachusetts/18/2022,80
A/Dakar/031/2024,A/Massachusetts/18/2022,160
A/Dakar/033/2024,A/Massachusetts/18/2022,80
A/Switzerland/8932/2024,A/Massachusetts/18/2022,80
A/Switzerland/5118/2024,A/Massachusetts/18/2022,160
A/Dakar/029/2024,A/Massachusetts/18/2022,<40
A/Massachusetts/18/2022,A/Thailand/08/2022,1280
A/Thailand/08/2022,A/Thailand/08/2022,1280
A/DistrictOfColumbia/27/2023,A/Thailand/08/2022,160
A/Croatia/10136RV/2023,A/Thailand/08/2022,640
A/Netherlands/10563/2023,A/Thailand/08/2022,320
A/Lisboa/216/2023,A/Thailand/08/2022,1280
A/Slovenia/49/2024,A/Thailand/08/2022,320
A/Switzerland/47775/2024,A/Thailand/08/2022,40
A/Norway/12374/2023,A/Thailand/08/2022,320
A/BurkinaFaso/3131/2023,A/Thailand/08/2022,80
A/CoteD'Ivoire/4459/2024,A/Thailand/08/2022,80
A/Madagascar/03189/2024,A/Thailand/08/2022,640
A/Madagascar/03198/2024,A/Thailand/08/2022,640
A/Madagascar/03788/2024,A/Thailand/08/2022,640
A/Madagascar/03415/2024,A/Thailand/08/2022,640
A/Madagascar/03416/2024,A/Thailand/08/2022,640
A/Dakar/035/2024,A/Thailand/08/2022,80
A/Belgium/7898/2024,A/Thailand/08/2022,160
A/CoteD'Ivoire/4452/2024,A/Thailand/08/2022,320
A/CoteD'Ivoire/4555/2024,A/Thailand/08/2022,160
A/Belgium/8075/2024,A/Thailand/08/2022,320
A/CoteD'Ivoire/4592/2024,A/Thailand/08/2022,640
A/CoteD'Ivoire/4610/2024,A/Thailand/08/2022,320
A/Switzerland/8886/2024,A/Thailand/08/2022,160
A/Belgium/8271/2024,A/Thailand/08/2022,320
A/Belgium/912/2024,A/Thailand/08/2022,80
A/Bulgaria/3485/2024,A/Thailand/08/2022,160
A/Belgium/8787/2024,A/Thailand/08/2022,320
A/Bulgaria/3541/2024,A/Thailand/08/2022,160
A/Switzerland/0365/2024,A/Thailand/08/2022,160
A/Newport/5620/2024,A/Thailand/08/2022,160
A/Switzerland/5735/2024,A/Thailand/08/2022,160
A/Switzerland/5158/2024,A/Thailand/08/2022,320
A/Caerphilly/1560/2024,A/Thailand/08/2022,160
A/Dakar/030/2024,A/Thailand/08/2022,320
A/Dakar/032/2024,A/Thailand/08/2022,320
A/Dakar/034/2024,A/Thailand/08/2022,320
A/CoteD'Ivoire/4448/2024,A/Thailand/08/2022,160
A/CoteD'Ivoire/4450/2024,A/Thailand/08/2022,80
A/CoteD'Ivoire/4460/2024,A/Thailand/08/2022,640
A/CoteD'Ivoire/4492/2024,A/Thailand/08/2022,320
A/CoteD'Ivoire/4593/2024,A/Thailand/08/2022,320
A/Belgium/8309/2024,A/Thailand/08/2022,160
A/Dakar/031/2024,A/Thailand/08/2022,320
A/Dakar/033/2024,A/Thailand/08/2022,160
A/Switzerland/8932/2024,A/Thailand/08/2022,160
A/Switzerland/5118/2024,A/Thailand/08/2022,320
A/Dakar/029/2024,A/Thailand/08/2022,80
A/Massachusetts/18/2022,A/DistrictOfColumbia/27/2023,320
A/Thailand/08/2022,A/DistrictOfColumbia/27/2023,640
A/DistrictOfColumbia/27/2023,A/DistrictOfColumbia/27/2023,320
A/Croatia/10136RV/2023,A/DistrictOfColumbia/27/2023,1280
A/Netherlands/10563/2023,A/DistrictOfColumbia/27/2023,320
A/Lisboa/216/2023,A/DistrictOfColumbia/27/2023,1280
A/Slovenia/49/2024,A/DistrictOfColumbia/27/2023,320
A/Switzerland/47775/2024,A/DistrictOfColumbia/27/2023,160
A/Norway/12374/2023,A/DistrictOfColumbia/27/2023,320
A/BurkinaFaso/3131/2023,A/DistrictOfColumbia/27/2023,160
A/CoteD'Ivoire/4459/2024,A/DistrictOfColumbia/27/2023,80
A/Madagascar/03189/2024,A/DistrictOfColumbia/27/2023,160
A/Madagascar/03198/2024,A/DistrictOfColumbia/27/2023,320
A/Madagascar/03788/2024,A/DistrictOfColumbia/27/2023,80
A/Madagascar/03415/2024,A/DistrictOfColumbia/27/2023,160
A/Madagascar/03416/2024,A/DistrictOfColumbia/27/2023,160
A/Dakar/035/2024,A/DistrictOfColumbia/27/2023,160
A/Belgium/7898/2024,A/DistrictOfColumbia/27/2023,160
A/CoteD'Ivoire/4452/2024,A/DistrictOfColumbia/27/2023,320
A/CoteD'Ivoire/4555/2024,A/DistrictOfColumbia/27/2023,320
A/Belgium/8075/2024,A/DistrictOfColumbia/27/2023,320
A/CoteD'Ivoire/4592/2024,A/DistrictOfColumbia/27/2023,640
A/CoteD'Ivoire/4610/2024,A/DistrictOfColumbia/27/2023,320
A/Switzerland/8886/2024,A/DistrictOfColumbia/27/2023,160
A/Belgium/8271/2024,A/DistrictOfColumbia/27/2023,320
A/Belgium/912/2024,A/DistrictOfColumbia/27/2023,160
A/Bulgaria/3485/2024,A/DistrictOfColumbia/27/2023,160
A/Belgium/8787/2024,A/DistrictOfColumbia/27/2023,320
A/Bulgaria/3541/2024,A/DistrictOfColumbia/27/2023,160
A/Switzerland/0365/2024,A/DistrictOfColumbia/27/2023,160
A/Newport/5620/2024,A/DistrictOfColumbia/27/2023,160
A/Switzerland/5735/2024,A/DistrictOfColumbia/27/2023,160
A/Switzerland/5158/2024,A/DistrictOfColumbia/27/2023,160
A/Caerphilly/1560/2024,A/DistrictOfColumbia/27/2023,160
A/Dakar/030/2024,A/DistrictOfColumbia/27/2023,320
A/Dakar/032/2024,A/DistrictOfColumbia/27/2023,320
A/Dakar/034/2024,A/DistrictOfColumbia/27/2023,320
A/CoteD'Ivoire/4448/2024,A/DistrictOfColumbia/27/2023,160
A/CoteD'Ivoire/4450/2024,A/DistrictOfColumbia/27/2023,80
A/CoteD'Ivoire/4460/2024,A/DistrictOfColumbia/27/2023,640
A/CoteD'Ivoire/4492/2024,A/DistrictOfColumbia/27/2023,640
A/CoteD'Ivoire/4593/2024,A/DistrictOfColumbia/27/2023,320
A/Belgium/8309/2024,A/DistrictOfColumbia/27/2023,160
A/Dakar/031/2024,A/DistrictOfColumbia/27/2023,160
A/Dakar/033/2024,A/DistrictOfColumbia/27/2023,160
A/Switzerland/8932/2024,A/DistrictOfColumbia/27/2023,160
A/Switzerland/5118/2024,A/DistrictOfColumbia/27/2023,160
A/Dakar/029/2024,A/DistrictOfColumbia/27/2023,160
A/Massachusetts/18/2022,A/Croatia/10136RV/2023,320
A/Thailand/08/2022,A/Croatia/10136RV/2023,640
A/DistrictOfColumbia/27/2023,A/Croatia/10136RV/2023,160
A/Croatia/10136RV/2023,A/Croatia/10136RV/2023,640
A/Netherlands/10563/2023,A/Croatia/10136RV/2023,160
A/Lisboa/216/2023,A/Croatia/10136RV/2023,640
A/Slovenia/49/2024,A/Croatia/10136RV/2023,80
A/Switzerland/47775/2024,A/Croatia/10136RV/2023,40
A/Norway/12374/2023,A/Croatia/10136RV/2023,160
A/BurkinaFaso/3131/2023,A/Croatia/10136RV/2023,40
A/CoteD'Ivoire/4459/2024,A/Croatia/10136RV/2023,80
A/Madagascar/03189/2024,A/Croatia/10136RV/2023,80
A/Madagascar/03198/2024,A/Croatia/10136RV/2023,160
A/Madagascar/03788/2024,A/Croatia/10136RV/2023,80
A/Madagascar/03415/2024,A/Croatia/10136RV/2023,160
A/Madagascar/03416/2024,A/Croatia/10136RV/2023,160
A/Dakar/035/2024,A/Croatia/10136RV/2023,80
A/Belgium/7898/2024,A/Croatia/10136RV/2023,160
A/CoteD'Ivoire/4452/2024,A/Croatia/10136RV/2023,320
A/CoteD'Ivoire/4555/2024,A/Croatia/10136RV/2023,160
A/Belgium/8075/2024,A/Croatia/10136RV/2023,160
A/CoteD'Ivoire/4592/2024,A/Croatia/10136RV/2023,640
A/CoteD'Ivoire/4610/2024,A/Croatia/10136RV/2023,160
A/Switzerland/8886/2024,A/Croatia/10136RV/2023,80
A/Belgium/8271/2024,A/Croatia/10136RV/2023,160
A/Belgium/912/2024,A/Croatia/10136RV/2023,160
A/Bulgaria/3485/2024,A/Croatia/10136RV/2023,80
A/Belgium/8787/2024,A/Croatia/10136RV/2023,320
A/Bulgaria/3541/2024,A/Croatia/10136RV/2023,80
A/Switzerland/0365/2024,A/Croatia/10136RV/2023,160
A/Newport/5620/2024,A/Croatia/10136RV/2023,80
A/Switzerland/5735/2024,A/Croatia/10136RV/2023,160
A/Switzerland/5158/2024,A/Croatia/10136RV/2023,160
A/Caerphilly/1560/2024,A/Croatia/10136RV/2023,80
A/Dakar/030/2024,A/Croatia/10136RV/2023,160
A/Dakar/032/2024,A/Croatia/10136RV/2023,160
A/Dakar/034/2024,A/Croatia/10136RV/2023,160
A/CoteD'Ivoire/4448/2024,A/Croatia/10136RV/2023,160
A/CoteD'Ivoire/4450/2024,A/Croatia/10136RV/2023,80
A/CoteD'Ivoire/4460/2024,A/Croatia/10136RV/2023,320
A/CoteD'Ivoire/4492/2024,A/Croatia/10136RV/2023,160
A/CoteD'Ivoire/4593/2024,A/Croatia/10136RV/2023,160
A/Belgium/8309/2024,A/Croatia/10136RV/2023,160
A/Dakar/031/2024,A/Croatia/10136RV/2023,160
A/Dakar/033/2024,A/Croatia/10136RV/2023,160
A/Switzerland/8932/2024,A/Croatia/10136RV/2023,160
A/Switzerland/5118/2024,A/Croatia/10136RV/2023,320
A/Dakar/029/2024,A/Croatia/10136RV/2023,80
A/Massachusetts/18/2022,A/Netherlands/10563/2023,640
A/Thailand/08/2022,A/Netherlands/10563/2023,640
A/DistrictOfColumbia/27/2023,A/Netherlands/10563/2023,320
A/Croatia/10136RV/2023,A/Netherlands/10563/2023,1280
A/Netherlands/10563/2023,A/Netherlands/10563/2023,320
A/Lisboa/216/2023,A/Netherlands/10563/2023,640
A/Slovenia/49/2024,A/Netherlands/10563/2023,160
A/Switzerland/47775/2024,A/Netherlands/10563/2023,80
A/Norway/12374/2023,A/Netherlands/10563/2023,320
A/BurkinaFaso/3131/2023,A/Netherlands/10563/2023,80
A/CoteD'Ivoire/4459/2024,A/Netherlands/10563/2023,160
A/Madagascar/03189/2024,A/Netherlands/10563/2023,160
A/Madagascar/03198/2024,A/Netherlands/10563/2023,160
A/Madagascar/03788/2024,A/Netherlands/10563/2023,160
A/Madagascar/03415/2024,A/Netherlands/10563/2023,160
A/Madagascar/03416/2024,A/Netherlands/10563/2023,160
A/Dakar/035/2024,A/Netherlands/10563/2023,160
A/Belgium/7898/2024,A/Netherlands/10563/2023,160
A/CoteD'Ivoire/4452/2024,A/Netherlands/10563/2023,640
A/CoteD'Ivoire/4555/2024,A/Netherlands/10563/2023,320
A/Belgium/8075/2024,A/Netherlands/10563/2023,320
A/CoteD'Ivoire/4592/2024,A/Netherlands/10563/2023,640
A/CoteD'Ivoire/4610/2024,A/Netherlands/10563/2023,320
A/Switzerland/8886/2024,A/Netherlands/10563/2023,160
A/Belgium/8271/2024,A/Netherlands/10563/2023,320
A/Belgium/912/2024,A/Netherlands/10563/2023,320
A/Bulgaria/3485/2024,A/Netherlands/10563/2023,160
A/Belgium/8787/2024,A/Netherlands/10563/2023,320
A/Bulgaria/3541/2024,A/Netherlands/10563/2023,160
A/Switzerland/0365/2024,A/Netherlands/10563/2023,160
A/Newport/5620/2024,A/Netherlands/10563/2023,160
A/Switzerland/5735/2024,A/Netherlands/10563/2023,160
A/Switzerland/5158/2024,A/Netherlands/10563/2023,320
A/Caerphilly/1560/2024,A/Netherlands/10563/2023,160
A/Dakar/030/2024,A/Netherlands/10563/2023,320
A/Dakar/032/2024,A/Netherlands/10563/2023,320
A/Dakar/034/2024,A/Netherlands/10563/2023,320
A/CoteD'Ivoire/4448/2024,A/Netherlands/10563/2023,160
A/CoteD'Ivoire/4450/2024,A/Netherlands/10563/2023,160
A/CoteD'Ivoire/4460/2024,A/Netherlands/10563/2023,320
A/CoteD'Ivoire/4492/2024,A/Netherlands/10563/2023,320
A/CoteD'Ivoire/4593/2024,A/Netherlands/10563/2023,320
A/Belgium/8309/2024,A/Netherlands/10563/2023,320
A/Dakar/031/2024,A/Netherlands/10563/2023,320
A/Dakar/033/2024,A/Netherlands/10563/2023,160
A/Switzerland/8932/2024,A/Netherlands/10563/2023,160
A/Switzerland/5118/2024,A/Netherlands/10563/2023,320
A/Dakar/029/2024,A/Netherlands/10563/2023,80
A/Massachusetts/18/2022,A/Lisboa/216/2023,320
A/Thailand/08/2022,A/Lisboa/216/2023,640
A/DistrictOfColumbia/27/2023,A/Lisboa/216/2023,320
A/Croatia/10136RV/2023,A/Lisboa/216/2023,640
A/Netherlands/10563/2023,A/Lisboa/216/2023,640
A/Lisboa/216/2023,A/Lisboa/216/2023,640
A/Slovenia/49/2024,A/Lisboa/216/2023,320
A/Switzerland/47775/2024,A/Lisboa/216/2023,40
A/Norway/12374/2023,A/Lisboa/216/2023,320
A/BurkinaFaso/3131/2023,A/Lisboa/216/2023,40
A/CoteD'Ivoire/4459/2024,A/Lisboa/216/2023,160
A/Madagascar/03189/2024,A/Lisboa/216/2023,160
A/Madagascar/03198/2024,A/Lisboa/216/2023,160
A/Madagascar/03788/2024,A/Lisboa/216/2023,160
A/Madagascar/03415/2024,A/Lisboa/216/2023,160
A/Madagascar/03416/2024,A/Lisboa/216/2023,160
A/Dakar/035/2024,A/Lisboa/216/2023,80
A/Belgium/7898/2024,A/Lisboa/216/2023,160
A/CoteD'Ivoire/4452/2024,A/Lisboa/216/2023,320
A/CoteD'Ivoire/4555/2024,A/Lisboa/216/2023,320
A/Belgium/8075/2024,A/Lisboa/216/2023,320
A/CoteD'Ivoire/4592/2024,A/Lisboa/216/2023,640
A/CoteD'Ivoire/4610/2024,A/Lisboa/216/2023,320
A/Switzerland/8886/2024,A/Lisboa/216/2023,160
A/Belgium/8271/2024,A/Lisboa/216/2023,320
A/Belgium/912/2024,A/Lisboa/216/2023,160
A/Bulgaria/3485/2024,A/Lisboa/216/2023,160
A/Belgium/8787/2024,A/Lisboa/216/2023,320
A/Bulgaria/3541/2024,A/Lisboa/216/2023,160
A/Switzerland/0365/2024,A/Lisboa/216/2023,160
A/Newport/5620/2024,A/Lisboa/216/2023,160
A/Switzerland/5735/2024,A/Lisboa/216/2023,160
A/Switzerland/5158/2024,A/Lisboa/216/2023,160
A/Caerphilly/1560/2024,A/Lisboa/216/2023,160
A/Dakar/030/2024,A/Lisboa/216/2023,320
A/Dakar/032/2024,A/Lisboa/216/2023,320
A/Dakar/034/2024,A/Lisboa/216/2023,320
A/CoteD'Ivoire/4448/2024,A/Lisboa/216/2023,160
A/CoteD'Ivoire/4450/2024,A/Lisboa/216/2023,160
A/CoteD'Ivoire/4460/2024,A/Lisboa/216/2023,640
A/CoteD'Ivoire/4492/2024,A/Lisboa/216/2023,320
A/CoteD'Ivoire/4593/2024,A/Lisboa/216/2023,320
A/Belgium/8309/2024,A/Lisboa/216/2023,160
A/Dakar/031/2024,A/Lisboa/216/2023,320
A/Dakar/033/2024,A/Lisboa/216/2023,160
A/Switzerland/8932/2024,A/Lisboa/216/2023,160
A/Switzerland/5118/2024,A/Lisboa/216/2023,320
A/Dakar/029/2024,A/Lisboa/216/2023,40
A/Massachusetts/18/2022,A/Slovenia/49/2024,160
A/Thailand/08/2022,A/Slovenia/49/2024,320
A/DistrictOfColumbia/27/2023,A/Slovenia/49/2024,160
A/Croatia/10136RV/2023,A/Slovenia/49/2024,640
A/Netherlands/10563/2023,A/Slovenia/49/2024,320
A/Lisboa/216/2023,A/Slovenia/49/2024,640
A/Slovenia/49/2024,A/Slovenia/49/2024,2560
A/Switzerland/47775/2024,A/Slovenia/49/2024,<40
A/Norway/12374/2023,A/Slovenia/49/2024,160
A/BurkinaFaso/3131/2023,A/Slovenia/49/2024,<40
A/CoteD'Ivoire/4459/2024,A/Slovenia/49/2024,80
A/Madagascar/03189/2024,A/Slovenia/49/2024,80
A/Madagascar/03198/2024,A/Slovenia/49/2024,80
A/Madagascar/03788/2024,A/Slovenia/49/2024,80
A/Madagascar/03415/2024,A/Slovenia/49/2024,80
A/Madagascar/03416/2024,A/Slovenia/49/2024,80
A/Dakar/035/2024,A/Slovenia/49/2024,<40
A/Belgium/7898/2024,A/Slovenia/49/2024,80
A/CoteD'Ivoire/4452/2024,A/Slovenia/49/2024,320
A/CoteD'Ivoire/4555/2024,A/Slovenia/49/2024,160
A/Belgium/8075/2024,A/Slovenia/49/2024,160
A/CoteD'Ivoire/4592/2024,A/Slovenia/49/2024,320
A/CoteD'Ivoire/4610/2024,A/Slovenia/49/2024,160
A/Switzerland/8886/2024,A/Slovenia/49/2024,80
A/Belgium/8271/2024,A/Slovenia/49/2024,160
A/Belgium/912/2024,A/Slovenia/49/2024,80
A/Bulgaria/3485/2024,A/Slovenia/49/2024,80
A/Belgium/8787/2024,A/Slovenia/49/2024,160
A/Bulgaria/3541/2024,A/Slovenia/49/2024,80
A/Switzerland/0365/2024,A/Slovenia/49/2024,80
A/Newport/5620/2024,A/Slovenia/49/2024,160
A/Switzerland/5735/2024,A/Slovenia/49/2024,160
A/Switzerland/5158/2024,A/Slovenia/49/2024,80
A/Caerphilly/1560/2024,A/Slovenia/49/2024,80
A/Dakar/030/2024,A/Slovenia/49/2024,160
A/Dakar/032/2024,A/Slovenia/49/2024,160
A/Dakar/034/2024,A/Slovenia/49/2024,160
A/CoteD'Ivoire/4448/2024,A/Slovenia/49/2024,160
A/CoteD'Ivoire/4450/2024,A/Slovenia/49/2024,80
A/CoteD'Ivoire/4460/2024,A/Slovenia/49/2024,640
A/CoteD'Ivoire/4492/2024,A/Slovenia/49/2024,160
A/CoteD'Ivoire/4593/2024,A/Slovenia/49/2024,320
A/Belgium/8309/2024,A/Slovenia/49/2024,80
A/Dakar/031/2024,A/Slovenia/49/2024,160
A/Dakar/033/2024,A/Slovenia/49/2024,80
A/Switzerland/8932/2024,A/Slovenia/49/2024,80
A/Switzerland/5118/2024,A/Slovenia/49/2024,160
A/Dakar/029/2024,A/Slovenia/49/2024,<40
A/Massachusetts/18/2022,A/Switzerland/47775/2024,80
A/Thailand/08/2022,A/Switzerland/47775/2024,320
A/DistrictOfColumbia/27/2023,A/Switzerland/47775/2024,80
A/Croatia/10136RV/2023,A/Switzerland/47775/2024,320
A/Netherlands/10563/2023,A/Switzerland/47775/2024,80
A/Lisboa/216/2023,A/Switzerland/47775/2024,160
A/Slovenia/49/2024,A/Switzerland/47775/2024,80
A/Switzerland/47775/2024,A/Switzerland/47775/2024,160
A/Norway/12374/2023,A/Switzerland/47775/2024,80
A/BurkinaFaso/3131/2023,A/Switzerland/47775/2024,80
A/CoteD'Ivoire/4459/2024,A/Switzerland/47775/2024,40
A/Madagascar/03189/2024,A/Switzerland/47775/2024,<40
A/Madagascar/03198/2024,A/Switzerland/47775/2024,80
A/Madagascar/03788/2024,A/Switzerland/47775/2024,<40
A/Madagascar/03415/2024,A/Switzerland/47775/2024,40
A/Madagascar/03416/2024,A/Switzerland/47775/2024,40
A/Dakar/035/2024,A/Switzerland/47775/2024,80
A/Belgium/7898/2024,A/Switzerland/47775/2024,40
A/CoteD'Ivoire/4452/2024,A/Switzerland/47775/2024,80
A/CoteD'Ivoire/4555/2024,A/Switzerland/47775/2024,80
A/Belgium/8075/2024,A/Switzerland/47775/2024,80
A/CoteD'Ivoire/4592/2024,A/Switzerland/47775/2024,160
A/CoteD'Ivoire/4610/2024,A/Switzerland/47775/2024,80
A/Switzerland/8886/2024,A/Switzerland/47775/2024,40
A/Belgium/8271/2024,A/Switzerland/47775/2024,80
A/Belgium/912/2024,A/Switzerland/47775/2024,40
A/Bulgaria/3485/2024,A/Switzerland/47775/2024,40
A/Belgium/8787/2024,A/Switzerland/47775/2024,80
A/Bulgaria/3541/2024,A/Switzerland/47775/2024,<40
A/Switzerland/0365/2024,A/Switzerland/47775/2024,40
A/Newport/5620/2024,A/Switzerland/47775/2024,40
A/Switzerland/5735/2024,A/Switzerland/47775/2024,40
A/Switzerland/5158/2024,A/Switzerland/47775/2024,40
A/Caerphilly/1560/2024,A/Switzerland/47775/2024,40
A/Dakar/030/2024,A/Switzerland/47775/2024,80
A/Dakar/032/2024,A/Switzerland/47775/2024,80
A/Dakar/034/2024,A/Switzerland/47775/2024,80
A/CoteD'Ivoire/4448/2024,A/Switzerland/47775/2024,40
A/CoteD'Ivoire/4450/2024,A/Switzerland/47775/2024,<40
A/CoteD'Ivoire/4460/2024,A/Switzerland/47775/2024,80
A/CoteD'Ivoire/4492/2024,A/Switzerland/47775/2024,80
A/CoteD'Ivoire/4593/2024,A/Switzerland/47775/2024,80
A/Belgium/8309/2024,A/Switzerland/47775/2024,40
A/Dakar/031/2024,A/Switzerland/47775/2024,40
A/Dakar/033/2024,A/Switzerland/47775/2024,40
A/Switzerland/8932/2024,A/Switzerland/47775/2024,40
A/Switzerland/5118/2024,A/Switzerland/47775/2024,80
A/Dakar/029/2024,A/Switzerland/47775/2024,80
A/Massachusetts/18/2022,A/Norway/12374/2023,320
A/Thailand/08/2022,A/Norway/12374/2023,320
A/DistrictOfColumbia/27/2023,A/Norway/12374/2023,160
A/Croatia/10136RV/2023,A/Norway/12374/2023,320
A/Netherlands/10563/2023,A/Norway/12374/2023,160
A/Lisboa/216/2023,A/Norway/12374/2023,320
A/Slovenia/49/2024,A/Norway/12374/2023,80
A/Switzerland/47775/2024,A/Norway/12374/2023,80
A/Norway/12374/2023,A/Norway/12374/2023,160
A/BurkinaFaso/3131/2023,A/Norway/12374/2023,80
A/CoteD'Ivoire/4459/2024,A/Norway/12374/2023,80
A/Madagascar/03189/2024,A/Norway/12374/2023,80
A/Madagascar/03198/2024,A/Norway/12374/2023,80
A/Madagascar/03788/2024,A/Norway/12374/2023,40
A/Madagascar/03415/2024,A/Norway/12374/2023,40
A/Madagascar/03416/2024,A/Norway/12374/2023,40
A/Dakar/035/2024,A/Norway/12374/2023,40
A/Belgium/7898/2024,A/Norway/12374/2023,40
A/CoteD'Ivoire/4452/2024,A/Norway/12374/2023,160
A/CoteD'Ivoire/4555/2024,A/Norway/12374/2023,160
A/Belgium/8075/2024,A/Norway/12374/2023,160
A/CoteD'Ivoire/4592/2024,A/Norway/12374/2023,320
A/CoteD'Ivoire/4610/2024,A/Norway/12374/2023,80
A/Switzerland/8886/2024,A/Norway/12374/2023,40
A/Belgium/8271/2024,A/Norway/12374/2023,80
A/Belgium/912/2024,A/Norway/12374/2023,40
A/Bulgaria/3485/2024,A/Norway/12374/2023,40
A/Belgium/8787/2024,A/Norway/12374/2023,80
A/Bulgaria/3541/2024,A/Norway/12374/2023,40
A/Switzerland/0365/2024,A/Norway/12374/2023,80
A/Newport/5620/2024,A/Norway/12374/2023,80
A/Switzerland/5735/2024,A/Norway/12374/2023,80
A/Switzerland/5158/2024,A/Norway/12374/2023,80
A/Caerphilly/1560/2024,A/Norway/12374/2023,80
A/Dakar/030/2024,A/Norway/12374/2023,80
A/Dakar/032/2024,A/Norway/12374/2023,80
A/Dakar/034/2024,A/Norway/12374/2023,80
A/CoteD'Ivoire/4448/2024,A/Norway/12374/2023,160
A/CoteD'Ivoire/4450/2024,A/Norway/12374/2023,80
A/CoteD'Ivoire/4460/2024,A/Norway/12374/2023,320
A/CoteD'Ivoire/4492/2024,A/Norway/12374/2023,320
A/CoteD'Ivoire/4593/2024,A/Norway/12374/2023,160
A/Belgium/8309/2024,A/Norway/12374/2023,80
A/Dakar/031/2024,A/Norway/12374/2023,80
A/Dakar/033/2024,A/Norway/12374/2023,80
A/Switzerland/8932/2024,A/Norway/12374/2023,40
A/Switzerland/5118/2024,A/Norway/12374/2023,80
A/Dakar/029/2024,A/Norway/12374/2023,40
A/Massachusetts/18/2022,A/BurkinaFaso/3131/2023,160
A/Thailand/08/2022,A/BurkinaFaso/3131/2023,160
A/DistrictOfColumbia/27/2023,A/BurkinaFaso/3131/2023,80
A/Croatia/10136RV/2023,A/BurkinaFaso/3131/2023,160
A/Netherlands/10563/2023,A/BurkinaFaso/3131/2023,80
A/Lisboa/216/2023,A/BurkinaFaso/3131/2023,160
A/Slovenia/49/2024,A/BurkinaFaso/3131/2023,40
A/Switzerland/47775/2024,A/BurkinaFaso/3131/2023,80
A/Norway/12374/2023,A/BurkinaFaso/3131/2023,80
A/BurkinaFaso/3131/2023,A/BurkinaFaso/3131/2023,80
A/CoteD'Ivoire/4459/2024,A/BurkinaFaso/3131/2023,40
A/Madagascar/03189/2024,A/BurkinaFaso/3131/2023,20
A/Madagascar/03198/2024,A/BurkinaFaso/3131/2023,80
A/Madagascar/03788/2024,A/BurkinaFaso/3131/2023,40
A/Madagascar/03415/2024,A/BurkinaFaso/3131/2023,40
A/Madagascar/03416/2024,A/BurkinaFaso/3131/2023,80
A/Dakar/035/2024,A/BurkinaFaso/3131/2023,80
A/Belgium/7898/2024,A/BurkinaFaso/3131/2023,40
A/CoteD'Ivoire/4452/2024,A/BurkinaFaso/3131/2023,80
A/CoteD'Ivoire/4555/2024,A/BurkinaFaso/3131/2023,40
A/Belgium/8075/2024,A/BurkinaFaso/3131/2023,80
A/CoteD'Ivoire/4592/2024,A/BurkinaFaso/3131/2023,160
A/CoteD'Ivoire/4610/2024,A/BurkinaFaso/3131/2023,40
A/Switzerland/8886/2024,A/BurkinaFaso/3131/2023,40
A/Belgium/8271/2024,A/BurkinaFaso/3131/2023,80
A/Belgium/912/2024,A/BurkinaFaso/3131/2023,40
A/Bulgaria/3485/2024,A/BurkinaFaso/3131/2023,40
A/Belgium/8787/2024,A/BurkinaFaso/3131/2023,80
A/Bulgaria/3541/2024,A/BurkinaFaso/3131/2023,40
A/Switzerland/0365/2024,A/BurkinaFaso/3131/2023,40
A/Newport/5620/2024,A/BurkinaFaso/3131/2023,40
A/Switzerland/5735/2024,A/BurkinaFaso/3131/2023,40
A/Switzerland/5158/2024,A/BurkinaFaso/3131/2023,40
A/Caerphilly/1560/2024,A/BurkinaFaso/3131/2023,40
A/Dakar/030/2024,A/BurkinaFaso/3131/2023,40
A/Dakar/032/2024,A/BurkinaFaso/3131/2023,80
A/Dakar/034/2024,A/BurkinaFaso/3131/2023,40
A/CoteD'Ivoire/4448/2024,A/BurkinaFaso/3131/2023,40
A/CoteD'Ivoire/4450/2024,A/BurkinaFaso/3131/2023,10
A/CoteD'Ivoire/4460/2024,A/BurkinaFaso/3131/2023,40
A/CoteD'Ivoire/4492/2024,A/BurkinaFaso/3131/2023,40
A/CoteD'Ivoire/4593/2024,A/BurkinaFaso/3131/2023,40
A/Belgium/8309/2024,A/BurkinaFaso/3131/2023,40
A/Dakar/031/2024,A/BurkinaFaso/3131/2023,40
A/Dakar/033/2024,A/BurkinaFaso/3131/2023,40
A/Switzerland/8932/2024,A/BurkinaFaso/3131/2023,20
A/Switzerland/5118/2024,A/BurkinaFaso/3131/2023,40
A/Dakar/029/2024,A/BurkinaFaso/3131/2023,80
A/Massachusetts/18/2022,A/Massachusetts/18/2022,640
A/Thailand/08/2022,A/Massachusetts/18/2022,320
A/DistrictOfColumbia/27/2023,A/Massachusetts/18/2022,80
A/Croatia/10136RV/2023,A/Massachusetts/18/2022,320
A/Netherlands/10563/2023,A/Massachusetts/18/2022,160
A/Lisboa/216/2023,A/Massachusetts/18/2022,640
A/Slovenia/49/2024,A/Massachusetts/18/2022,40
A/Switzerland/47775/2024,A/Massachusetts/18/2022,<40
A/Norway/12374/2023,A/Massachusetts/18/2022,80
A/BurkinaFaso/3131/2023,A/Massachusetts/18/2022,<40
A/France/GES-RELAB-IPP10320/2024,A/Massachusetts/18/2022,80
A/LaRioja/2278/2024,A/Massachusetts/18/2022,160
A/Belgium/799/2024,A/Massachusetts/18/2022,80
A/ComunidadValenciana/1925/2024,A/Massachusetts/18/2022,160
A/LaRioja/2274/2024,A/Massachusetts/18/2022,160
A/Goteborg/SE24-14319/2024,A/Massachusetts/18/2022,80
A/LaRioja/2276/2024,A/Massachusetts/18/2022,160
A/Jonkoping/SE24-14227/2024,A/Massachusetts/18/2022,80
A/Cantabria/2340/2024,A/Massachusetts/18/2022,160
A/Navarra/2114/2024,A/Massachusetts/18/2022,80
A/Salamanca/142/2024,A/Massachusetts/18/2022,80
A/Burgos/182/2024,A/Massachusetts/18/2022,320
A/PaisVasco/2327/2024,A/Massachusetts/18/2022,40
A/PaisVasco/2329/2024,A/Massachusetts/18/2022,80
A/Rheinland-Pfalz/39/2024,A/Massachusetts/18/2022,80
A/Nordrhein-Westfalen/114/2024,A/Massachusetts/18/2022,80
A/Salamanca/2656/2024,A/Massachusetts/18/2022,80
A/Salamanca/2657/2024,A/Massachusetts/18/2022,80
A/Salamanca/2662/2024,A/Massachusetts/18/2022,80
A/Salamanca/2663/2024,A/Massachusetts/18/2022,160
A/CastillaLaMancha/2087/2024,A/Massachusetts/18/2022,160
A/ComunidadValenciana/2045/2024,A/Massachusetts/18/2022,80
A/CoteD'Ivoire/4612/2024,A/Massachusetts/18/2022,80
A/Mauritius/1186095/2024,A/Massachusetts/18/2022,160
A/Berlin/45/2024,A/Massachusetts/18/2022,80
A/Navarra/2163/2024,A/Massachusetts/18/2022,80
A/Massachusetts/18/2022,A/Thailand/08/2022,1280
A/Thailand/08/2022,A/Thailand/08/2022,640
A/DistrictOfColumbia/27/2023,A/Thailand/08/2022,160
A/Croatia/10136RV/2023,A/Thailand/08/2022,640
A/Netherlands/10563/2023,A/Thailand/08/2022,320
A/Lisboa/216/2023,A/Thailand/08/2022,1280
A/Slovenia/49/2024,A/Thailand/08/2022,160
A/Switzerland/47775/2024,A/Thailand/08/2022,80
A/Norway/12374/2023,A/Thailand/08/2022,320
A/BurkinaFaso/3131/2023,A/Thailand/08/2022,80
A/France/GES-RELAB-IPP10320/2024,A/Thailand/08/2022,320
A/LaRioja/2278/2024,A/Thailand/08/2022,320
A/Belgium/799/2024,A/Thailand/08/2022,320
A/ComunidadValenciana/1925/2024,A/Thailand/08/2022,320
A/LaRioja/2274/2024,A/Thailand/08/2022,320
A/Goteborg/SE24-14319/2024,A/Thailand/08/2022,160
A/LaRioja/2276/2024,A/Thailand/08/2022,320
A/Jonkoping/SE24-14227/2024,A/Thailand/08/2022,160
A/Cantabria/2340/2024,A/Thailand/08/2022,320
A/Navarra/2114/2024,A/Thailand/08/2022,160
A/Salamanca/142/2024,A/Thailand/08/2022,160
A/Burgos/182/2024,A/Thailand/08/2022,640
A/PaisVasco/2327/2024,A/Thailand/08/2022,80
A/PaisVasco/2329/2024,A/Thailand/08/2022,160
A/Rheinland-Pfalz/39/2024,A/Thailand/08/2022,160
A/Nordrhein-Westfalen/114/2024,A/Thailand/08/2022,320
A/Salamanca/2656/2024,A/Thailand/08/2022,320
A/Salamanca/2657/2024,A/Thailand/08/2022,160
A/Salamanca/2662/2024,A/Thailand/08/2022,160
A/Salamanca/2663/2024,A/Thailand/08/2022,320
A/CastillaLaMancha/2087/2024,A/Thailand/08/2022,320
A/ComunidadValenciana/2045/2024,A/Thailand/08/2022,160
A/CoteD'Ivoire/4612/2024,A/Thailand/08/2022,160
A/Mauritius/1186095/2024,A/Thailand/08/2022,320
A/Berlin/45/2024,A/Thailand/08/2022,320
A/Navarra/2163/2024,A/Thailand/08/2022,160
A/Massachusetts/18/2022,A/DistrictOfColumbia/27/2023,320
A/Thailand/08/2022,A/DistrictOfColumbia/27/2023,640
A/DistrictOfColumbia/27/2023,A/DistrictOfColumbia/27/2023,320
A/Croatia/10136RV/2023,A/DistrictOfColumbia/27/2023,1280
A/Netherlands/10563/2023,A/DistrictOfColumbia/27/2023,320
A/Lisboa/216/2023,A/DistrictOfColumbia/27/2023,1280
A/Slovenia/49/2024,A/DistrictOfColumbia/27/2023,160
A/Switzerland/47775/2024,A/DistrictOfColumbia/27/2023,160
A/Norway/12374/2023,A/DistrictOfColumbia/27/2023,320
A/BurkinaFaso/3131/2023,A/DistrictOfColumbia/27/2023,160
A/France/GES-RELAB-IPP10320/2024,A/DistrictOfColumbia/27/2023,320
A/LaRioja/2278/2024,A/DistrictOfColumbia/27/2023,320
A/Belgium/799/2024,A/DistrictOfColumbia/27/2023,160
A/ComunidadValenciana/1925/2024,A/DistrictOfColumbia/27/2023,320
A/LaRioja/2274/2024,A/DistrictOfColumbia/27/2023,320
A/Goteborg/SE24-14319/2024,A/DistrictOfColumbia/27/2023,160
A/LaRioja/2276/2024,A/DistrictOfColumbia/27/2023,320
A/Jonkoping/SE24-14227/2024,A/DistrictOfColumbia/27/2023,160
A/Cantabria/2340/2024,A/DistrictOfColumbia/27/2023,320
A/Navarra/2114/2024,A/DistrictOfColumbia/27/2023,160
A/Salamanca/142/2024,A/DistrictOfColumbia/27/2023,160
A/Burgos/182/2024,A/DistrictOfColumbia/27/2023,320
A/PaisVasco/2327/2024,A/DistrictOfColumbia/27/2023,80
A/PaisVasco/2329/2024,A/DistrictOfColumbia/27/2023,320
A/Rheinland-Pfalz/39/2024,A/DistrictOfColumbia/27/2023,160
A/Nordrhein-Westfalen/114/2024,A/DistrictOfColumbia/27/2023,320
A/Salamanca/2656/2024,A/DistrictOfColumbia/27/2023,160
A/Salamanca/2657/2024,A/DistrictOfColumbia/27/2023,320
A/Salamanca/2662/2024,A/DistrictOfColumbia/27/2023,160
A/Salamanca/2663/2024,A/DistrictOfColumbia/27/2023,320
A/CastillaLaMancha/2087/2024,A/DistrictOfColumbia/27/2023,320
A/ComunidadValenciana/2045/2024,A/DistrictOfColumbia/27/2023,160
A/CoteD'Ivoire/4612/2024,A/DistrictOfColumbia/27/2023,320
A/Mauritius/1186095/2024,A/DistrictOfColumbia/27/2023,320
A/Berlin/45/2024,A/DistrictOfColumbia/27/2023,320
A/Navarra/2163/2024,A/DistrictOfColumbia/27/2023,160
A/Massachusetts/18/2022,A/Croatia/10136RV/2023,160
A/Thailand/08/2022,A/Croatia/10136RV/2023,320
A/DistrictOfColumbia/27/2023,A/Croatia/10136RV/2023,320
A/Croatia/10136RV/2023,A/Croatia/10136RV/2023,640
A/Netherlands/10563/2023,A/Croatia/10136RV/2023,320
A/Lisboa/216/2023,A/Croatia/10136RV/2023,640
A/Slovenia/49/2024,A/Croatia/10136RV/2023,80
A/Switzerland/47775/2024,A/Croatia/10136RV/2023,80
A/Norway/12374/2023,A/Croatia/10136RV/2023,160
A/BurkinaFaso/3131/2023,A/Croatia/10136RV/2023,40
A/France/GES-RELAB-IPP10320/2024,A/Croatia/10136RV/2023,320
A/LaRioja/2278/2024,A/Croatia/10136RV/2023,320
A/Belgium/799/2024,A/Croatia/10136RV/2023,160
A/ComunidadValenciana/1925/2024,A/Croatia/10136RV/2023,160
A/LaRioja/2274/2024,A/Croatia/10136RV/2023,320
A/Goteborg/SE24-14319/2024,A/Croatia/10136RV/2023,160
A/LaRioja/2276/2024,A/Croatia/10136RV/2023,320
A/Jonkoping/SE24-14227/2024,A/Croatia/10136RV/2023,160
A/Cantabria/2340/2024,A/Croatia/10136RV/2023,160
A/Navarra/2114/2024,A/Croatia/10136RV/2023,160
A/Salamanca/142/2024,A/Croatia/10136RV/2023,160
A/Burgos/182/2024,A/Croatia/10136RV/2023,320
A/PaisVasco/2327/2024,A/Croatia/10136RV/2023,80
A/PaisVasco/2329/2024,A/Croatia/10136RV/2023,160
A/Rheinland-Pfalz/39/2024,A/Croatia/10136RV/2023,160
A/Nordrhein-Westfalen/114/2024,A/Croatia/10136RV/2023,160
A/Salamanca/2656/2024,A/Croatia/10136RV/2023,320
A/Salamanca/2657/2024,A/Croatia/10136RV/2023,160
A/Salamanca/2662/2024,A/Croatia/10136RV/2023,160
A/Salamanca/2663/2024,A/Croatia/10136RV/2023,160
A/CastillaLaMancha/2087/2024,A/Croatia/10136RV/2023,160
A/ComunidadValenciana/2045/2024,A/Croatia/10136RV/2023,160
A/CoteD'Ivoire/4612/2024,A/Croatia/10136RV/2023,160
A/Mauritius/1186095/2024,A/Croatia/10136RV/2023,320
A/Berlin/45/2024,A/Croatia/10136RV/2023,320
A/Navarra/2163/2024,A/Croatia/10136RV/2023,160
A/Massachusetts/18/2022,A/Netherlands/10563/2023,320
A/Thailand/08/2022,A/Netherlands/10563/2023,320
A/DistrictOfColumbia/27/2023,A/Netherlands/10563/2023,320
A/Croatia/10136RV/2023,A/Netherlands/10563/2023,640
A/Netherlands/10563/2023,A/Netherlands/10563/2023,320
A/Lisboa/216/2023,A/Netherlands/10563/2023,640
A/Slovenia/49/2024,A/Netherlands/10563/2023,80
A/Switzerland/47775/2024,A/Netherlands/10563/2023,80
A/Norway/12374/2023,A/Netherlands/10563/2023,320
A/BurkinaFaso/3131/2023,A/Netherlands/10563/2023,80
A/France/GES-RELAB-IPP10320/2024,A/Netherlands/10563/2023,320
A/LaRioja/2278/2024,A/Netherlands/10563/2023,320
A/Belgium/799/2024,A/Netherlands/10563/2023,160
A/ComunidadValenciana/1925/2024,A/Netherlands/10563/2023,320
A/LaRioja/2274/2024,A/Netherlands/10563/2023,320
A/Goteborg/SE24-14319/2024,A/Netherlands/10563/2023,160
A/LaRioja/2276/2024,A/Netherlands/10563/2023,320
A/Jonkoping/SE24-14227/2024,A/Netherlands/10563/2023,320
A/Cantabria/2340/2024,A/Netherlands/10563/2023,320
A/Navarra/2114/2024,A/Netherlands/10563/2023,320
A/Salamanca/142/2024,A/Netherlands/10563/2023,320
A/Burgos/182/2024,A/Netherlands/10563/2023,320
A/PaisVasco/2327/2024,A/Netherlands/10563/2023,80
A/PaisVasco/2329/2024,A/Netherlands/10563/2023,320
A/Rheinland-Pfalz/39/2024,A/Netherlands/10563/2023,160
A/Nordrhein-Westfalen/114/2024,A/Netherlands/10563/2023,160
A/Salamanca/2656/2024,A/Netherlands/10563/2023,320
A/Salamanca/2657/2024,A/Netherlands/10563/2023,320
A/Salamanca/2662/2024,A/Netherlands/10563/2023,320
A/Salamanca/2663/2024,A/Netherlands/10563/2023,320
A/CastillaLaMancha/2087/2024,A/Netherlands/10563/2023,320
A/ComunidadValenciana/2045/2024,A/Netherlands/10563/2023,160
A/CoteD'Ivoire/4612/2024,A/Netherlands/10563/2023,160
A/Mauritius/1186095/2024,A/Netherlands/10563/2023,320
A/Berlin/45/2024,A/Netherlands/10563/2023,320
A/Navarra/2163/2024,A/Netherlands/10563/2023,160
A/Massachusetts/18/2022,A/Lisboa/216/2023,320
A/Thailand/08/2022,A/Lisboa/216/2023,320
A/DistrictOfColumbia/27/2023,A/Lisboa/216/2023,160
A/Croatia/10136RV/2023,A/Lisboa/216/2023,640
A/Netherlands/10563/2023,A/Lisboa/216/2023,320
A/Lisboa/216/2023,A/Lisboa/216/2023,640
A/Slovenia/49/2024,A/Lisboa/216/2023,160
A/Switzerland/47775/2024,A/Lisboa/216/2023,40
A/Norway/12374/2023,A/Lisboa/216/2023,160
A/BurkinaFaso/3131/2023,A/Lisboa/216/2023,40
A/France/GES-RELAB-IPP10320/2024,A/Lisboa/216/2023,320
A/LaRioja/2278/2024,A/Lisboa/216/2023,320
A/Belgium/799/2024,A/Lisboa/216/2023,320
A/ComunidadValenciana/1925/2024,A/Lisboa/216/2023,320
A/LaRioja/2274/2024,A/Lisboa/216/2023,320
A/Goteborg/SE24-14319/2024,A/Lisboa/216/2023,160
A/LaRioja/2276/2024,A/Lisboa/216/2023,320
A/Jonkoping/SE24-14227/2024,A/Lisboa/216/2023,160
A/Cantabria/2340/2024,A/Lisboa/216/2023,320
A/Navarra/2114/2024,A/Lisboa/216/2023,160
A/Salamanca/142/2024,A/Lisboa/216/2023,160
A/Burgos/182/2024,A/Lisboa/216/2023,320
A/PaisVasco/2327/2024,A/Lisboa/216/2023,80
A/PaisVasco/2329/2024,A/Lisboa/216/2023,320
A/Rheinland-Pfalz/39/2024,A/Lisboa/216/2023,160
A/Nordrhein-Westfalen/114/2024,A/Lisboa/216/2023,160
A/Salamanca/2656/2024,A/Lisboa/216/2023,320
A/Salamanca/2657/2024,A/Lisboa/216/2023,160
A/Salamanca/2662/2024,A/Lisboa/216/2023,160
A/Salamanca/2663/2024,A/Lisboa/216/2023,320
A/CastillaLaMancha/2087/2024,A/Lisboa/216/2023,320
A/ComunidadValenciana/2045/2024,A/Lisboa/216/2023,160
A/CoteD'Ivoire/4612/2024,A/Lisboa/216/2023,160
A/Mauritius/1186095/2024,A/Lisboa/216/2023,320
A/Berlin/45/2024,A/Lisboa/216/2023,320
A/Navarra/2163/2024,A/Lisboa/216/2023,160
A/Massachusetts/18/2022,A/Slovenia/49/2024,160
A/Thailand/08/2022,A/Slovenia/49/2024,320
A/DistrictOfColumbia/27/2023,A/Slovenia/49/2024,160
A/Croatia/10136RV/2023,A/Slovenia/49/2024,320
A/Netherlands/10563/2023,A/Slovenia/49/2024,160
A/Lisboa/216/2023,A/Slovenia/49/2024,640
A/Slovenia/49/2024,A/Slovenia/49/2024,2560
A/Switzerland/47775/2024,A/Slovenia/49/2024,<40
A/Norway/12374/2023,A/Slovenia/49/2024,160
A/BurkinaFaso/3131/2023,A/Slovenia/49/2024,<40
A/France/GES-RELAB-IPP10320/2024,A/Slovenia/49/2024,160
A/LaRioja/2278/2024,A/Slovenia/49/2024,320
A/Belgium/799/2024,A/Slovenia/49/2024,160
A/ComunidadValenciana/1925/2024,A/Slovenia/49/2024,80
A/LaRioja/2274/2024,A/Slovenia/49/2024,160
A/Goteborg/SE24-14319/2024,A/Slovenia/49/2024,80
A/LaRioja/2276/2024,A/Slovenia/49/2024,160
A/Jonkoping/SE24-14227/2024,A/Slovenia/49/2024,160
A/Cantabria/2340/2024,A/Slovenia/49/2024,160
A/Navarra/2114/2024,A/Slovenia/49/2024,160
A/Salamanca/142/2024,A/Slovenia/49/2024,160
A/Burgos/182/2024,A/Slovenia/49/2024,320
A/PaisVasco/2327/2024,A/Slovenia/49/2024,40
A/PaisVasco/2329/2024,A/Slovenia/49/2024,160
A/Rheinland-Pfalz/39/2024,A/Slovenia/49/2024,80
A/Nordrhein-Westfalen/114/2024,A/Slovenia/49/2024,80
A/Salamanca/2656/2024,A/Slovenia/49/2024,160
A/Salamanca/2657/2024,A/Slovenia/49/2024,160
A/Salamanca/2662/2024,A/Slovenia/49/2024,160
A/Salamanca/2663/2024,A/Slovenia/49/2024,160
A/CastillaLaMancha/2087/2024,A/Slovenia/49/2024,160
A/ComunidadValenciana/2045/2024,A/Slovenia/49/2024,80
A/CoteD'Ivoire/4612/2024,A/Slovenia/49/2024,160
A/Mauritius/1186095/2024,A/Slovenia/49/2024,160
A/Berlin/45/2024,A/Slovenia/49/2024,160
A/Navarra/2163/2024,A/Slovenia/49/2024,160
A/Massachusetts/18/2022,A/Switzerland/47775/2024,80
A/Thailand/08/2022,A/Switzerland/47775/2024,160
A/DistrictOfColumbia/27/2023,A/Switzerland/47775/2024,80
A/Croatia/10136RV/2023,A/Switzerland/47775/2024,160
A/Netherlands/10563/2023,A/Switzerland/47775/2024,80
A/Lisboa/216/2023,A/Switzerland/47775/2024,160
A/Slovenia/49/2024,A/Switzerland/47775/2024,40
A/Switzerland/47775/2024,A/Switzerland/47775/2024,160
A/Norway/12374/2023,A/Switzerland/47775/2024,80
A/BurkinaFaso/3131/2023,A/Switzerland/47775/2024,80
A/France/GES-RELAB-IPP10320/2024,A/Switzerland/47775/2024,80
A/LaRioja/2278/2024,A/Switzerland/47775/2024,80
A/Belgium/799/2024,A/Switzerland/47775/2024,40
A/ComunidadValenciana/1925/2024,A/Switzerland/47775/2024,80
A/LaRioja/2274/2024,A/Switzerland/47775/2024,80
A/Goteborg/SE24-14319/2024,A/Switzerland/47775/2024,40
A/LaRioja/2276/2024,A/Switzerland/47775/2024,80
A/Jonkoping/SE24-14227/2024,A/Switzerland/47775/2024,40
A/Cantabria/2340/2024,A/Switzerland/47775/2024,80
A/Navarra/2114/2024,A/Switzerland/47775/2024,40
A/Salamanca/142/2024,A/Switzerland/47775/2024,40
A/Burgos/182/2024,A/Switzerland/47775/2024,80
A/PaisVasco/2327/2024,A/Switzerland/47775/2024,<40
A/PaisVasco/2329/2024,A/Switzerland/47775/2024,40
A/Rheinland-Pfalz/39/2024,A/Switzerland/47775/2024,40
A/Nordrhein-Westfalen/114/2024,A/Switzerland/47775/2024,80
A/Salamanca/2656/2024,A/Switzerland/47775/2024,80
A/Salamanca/2657/2024,A/Switzerland/47775/2024,80
A/Salamanca/2662/2024,A/Switzerland/47775/2024,80
A/Salamanca/2663/2024,A/Switzerland/47775/2024,80
A/CastillaLaMancha/2087/2024,A/Switzerland/47775/2024,80
A/ComunidadValenciana/2045/2024,A/Switzerland/47775/2024,40
A/CoteD'Ivoire/4612/2024,A/Switzerland/47775/2024,40
A/Mauritius/1186095/2024,A/Switzerland/47775/2024,80
A/Berlin/45/2024,A/Switzerland/47775/2024,80
A/Navarra/2163/2024,A/Switzerland/47775/2024,40
A/Massachusetts/18/2022,A/Norway/12374/2023,160
A/Thailand/08/2022,A/Norway/12374/2023,160
A/DistrictOfColumbia/27/2023,A/Norway/12374/2023,80
A/Croatia/10136RV/2023,A/Norway/12374/2023,320
A/Netherlands/10563/2023,A/Norway/12374/2023,160
A/Lisboa/216/2023,A/Norway/12374/2023,320
A/Slovenia/49/2024,A/Norway/12374/2023,40
A/Switzerland/47775/2024,A/Norway/12374/2023,40
A/Norway/12374/2023,A/Norway/12374/2023,80
A/BurkinaFaso/3131/2023,A/Norway/12374/2023,40
A/France/GES-RELAB-IPP10320/2024,A/Norway/12374/2023,80
A/LaRioja/2278/2024,A/Norway/12374/2023,160
A/Belgium/799/2024,A/Norway/12374/2023,80
A/ComunidadValenciana/1925/2024,A/Norway/12374/2023,160
A/LaRioja/2274/2024,A/Norway/12374/2023,80
A/Goteborg/SE24-14319/2024,A/Norway/12374/2023,40
A/LaRioja/2276/2024,A/Norway/12374/2023,160
A/Jonkoping/SE24-14227/2024,A/Norway/12374/2023,80
A/Cantabria/2340/2024,A/Norway/12374/2023,160
A/Navarra/2114/2024,A/Norway/12374/2023,80
A/Salamanca/142/2024,A/Norway/12374/2023,80
A/Burgos/182/2024,A/Norway/12374/2023,160
A/PaisVasco/2327/2024,A/Norway/12374/2023,20
A/PaisVasco/2329/2024,A/Norway/12374/2023,80
A/Rheinland-Pfalz/39/2024,A/Norway/12374/2023,40
A/Nordrhein-Westfalen/114/2024,A/Norway/12374/2023,80
A/Salamanca/2656/2024,A/Norway/12374/2023,80
A/Salamanca/2657/2024,A/Norway/12374/2023,80
A/Salamanca/2662/2024,A/Norway/12374/2023,80
A/Salamanca/2663/2024,A/Norway/12374/2023,80
A/CastillaLaMancha/2087/2024,A/Norway/12374/2023,160
A/ComunidadValenciana/2045/2024,A/Norway/12374/2023,80
A/CoteD'Ivoire/4612/2024,A/Norway/12374/2023,160
A/Mauritius/1186095/2024,A/Norway/12374/2023,160
A/Berlin/45/2024,A/Norway/12374/2023,80
A/Navarra/2163/2024,A/Norway/12374/2023,80
A/Massachusetts/18/2022,A/BurkinaFaso/3131/2023,160
A/Thailand/08/2022,A/BurkinaFaso/3131/2023,80
A/DistrictOfColumbia/27/2023,A/BurkinaFaso/3131/2023,80
A/Croatia/10136RV/2023,A/BurkinaFaso/3131/2023,160
A/Netherlands/10563/2023,A/BurkinaFaso/3131/2023,80
A/Lisboa/216/2023,A/BurkinaFaso/3131/2023,160
A/Slovenia/49/2024,A/BurkinaFaso/3131/2023,<40
A/Switzerland/47775/2024,A/BurkinaFaso/3131/2023,80
A/Norway/12374/2023,A/BurkinaFaso/3131/2023,80
A/BurkinaFaso/3131/2023,A/BurkinaFaso/3131/2023,80
A/France/GES-RELAB-IPP10320/2024,A/BurkinaFaso/3131/2023,80
A/LaRioja/2278/2024,A/BurkinaFaso/3131/2023,40
A/Belgium/799/2024,A/BurkinaFaso/3131/2023,20
A/ComunidadValenciana/1925/2024,A/BurkinaFaso/3131/2023,80
A/LaRioja/2274/2024,A/BurkinaFaso/3131/2023,80
A/Goteborg/SE24-14319/2024,A/BurkinaFaso/3131/2023,40
A/LaRioja/2276/2024,A/BurkinaFaso/3131/2023,80
A/Jonkoping/SE24-14227/2024,A/BurkinaFaso/3131/2023,40
A/Cantabria/2340/2024,A/BurkinaFaso/3131/2023,80
A/Navarra/2114/2024,A/BurkinaFaso/3131/2023,20
A/Salamanca/142/2024,A/BurkinaFaso/3131/2023,10
A/Burgos/182/2024,A/BurkinaFaso/3131/2023,40
A/PaisVasco/2327/2024,A/BurkinaFaso/3131/2023,<10
A/PaisVasco/2329/2024,A/BurkinaFaso/3131/2023,20
A/Rheinland-Pfalz/39/2024,A/BurkinaFaso/3131/2023,40
A/Nordrhein-Westfalen/114/2024,A/BurkinaFaso/3131/2023,40
A/Salamanca/2656/2024,A/BurkinaFaso/3131/2023,40
A/Salamanca/2657/2024,A/BurkinaFaso/3131/2023,40
A/Salamanca/2662/2024,A/BurkinaFaso/3131/2023,40
A/Salamanca/2663/2024,A/BurkinaFaso/3131/2023,80
A/CastillaLaMancha/2087/2024,A/BurkinaFaso/3131/2023,80
A/ComunidadValenciana/2045/2024,A/BurkinaFaso/3131/2023,40
A/CoteD'Ivoire/4612/2024,A/BurkinaFaso/3131/2023,10
A/Mauritius/1186095/2024,A/BurkinaFaso/3131/2023,80
A/Berlin/45/2024,A/BurkinaFaso/3131/2023,40
A/Navarra/2163/2024,A/BurkinaFaso/3131/2023,10
A/Massachusetts/18/2022,A/Massachusetts/18/2022,640
A/Thailand/08/2022,A/Massachusetts/18/2022,320
A/DistrictOfColumbia/27/2023,A/Massachusetts/18/2022,80
A/Croatia/10136RV/2023,A/Massachusetts/18/2022,320
A/Netherlands/10563/2023,A/Massachusetts/18/2022,160
A/Lisboa/216/2023,A/Massachusetts/18/2022,320
A/Slovenia/49/2024,A/Massachusetts/18/2022,<40
A/Switzerland/47775/2024,A/Massachusetts/18/2022,<40
A/Norway/12374/2023,A/Massachusetts/18/2022,80
A/BurkinaFaso/3131/2023,A/Massachusetts/18/2022,<40
A/Toulon/0241495940/2024,A/Massachusetts/18/2022,160
A/Limoges/0241559093/2024,A/Massachusetts/18/2022,160
A/StEtienne/0241649490/2024,A/Massachusetts/18/2022,160
A/AixEnProvence/0241778640/2024,A/Massachusetts/18/2022,80
A/Turkmenistan/1805/2025,A/Massachusetts/18/2022,80
A/Turkmenistan/784/2025,A/Massachusetts/18/2022,80
A/Turkmenistan/801/2025,A/Massachusetts/18/2022,80
A/Lyon/0241964953/2024,A/Massachusetts/18/2022,80
A/Lyon/CHU/0242,A/Massachusetts/18/2022,160
A/Lyon/CHU/0242,A/Massachusetts/18/2022,160
A/Lyon/CHU/0242,A/Massachusetts/18/2022,80
A/Grenoble/0241924080/2024,A/Massachusetts/18/2022,80
A/Toulouse/0241506958/2024,A/Massachusetts/18/2022,80
A/Lyon/CHU/0241,A/Massachusetts/18/2022,80
A/Lyon CHU/0241955101/2024,A/Massachusetts/18/2022,40
A/Massachusetts/18/2022,A/Thailand/08/2022,1280
A/Thailand/08/2022,A/Thailand/08/2022,640
A/DistrictOfColumbia/27/2023,A/Thailand/08/2022,320
A/Croatia/10136RV/2023,A/Thailand/08/2022,640
A/Netherlands/10563/2023,A/Thailand/08/2022,320
A/Lisboa/216/2023,A/Thailand/08/2022,1280
A/Slovenia/49/2024,A/Thailand/08/2022,80
A/Switzerland/47775/2024,A/Thailand/08/2022,40
A/Norway/12374/2023,A/Thailand/08/2022,160
A/BurkinaFaso/3131/2023,A/Thailand/08/2022,80
A/Toulon/0241495940/2024,A/Thailand/08/2022,320
A/Limoges/0241559093/2024,A/Thailand/08/2022,320
A/StEtienne/0241649490/2024,A/Thailand/08/2022,320
A/AixEnProvence/0241778640/2024,A/Thailand/08/2022,320
A/Turkmenistan/1805/2025,A/Thailand/08/2022,160
A/Turkmenistan/784/2025,A/Thailand/08/2022,160
A/Turkmenistan/801/2025,A/Thailand/08/2022,320
A/Lyon/0241964953/2024,A/Thailand/08/2022,320
A/Lyon/CHU/0242,A/Thailand/08/2022,320
A/Lyon/CHU/0242,A/Thailand/08/2022,320
A/Lyon/CHU/0242,A/Thailand/08/2022,320
A/Grenoble/0241924080/2024,A/Thailand/08/2022,320
A/Toulouse/0241506958/2024,A/Thailand/08/2022,160
A/Lyon/CHU/0241,A/Thailand/08/2022,160
A/Lyon CHU/0241955101/2024,A/Thailand/08/2022,160
A/Massachusetts/18/2022,A/DistrictOfColumbia/27/2023,320
A/Thailand/08/2022,A/DistrictOfColumbia/27/2023,640
A/DistrictOfColumbia/27/2023,A/DistrictOfColumbia/27/2023,320
A/Croatia/10136RV/2023,A/DistrictOfColumbia/27/2023,1280
A/Netherlands/10563/2023,A/DistrictOfColumbia/27/2023,320
A/Lisboa/216/2023,A/DistrictOfColumbia/27/2023,640
A/Slovenia/49/2024,A/DistrictOfColumbia/27/2023,80
A/Switzerland/47775/2024,A/DistrictOfColumbia/27/2023,160
A/Norway/12374/2023,A/DistrictOfColumbia/27/2023,320
A/BurkinaFaso/3131/2023,A/DistrictOfColumbia/27/2023,160
A/Toulon/0241495940/2024,A/DistrictOfColumbia/27/2023,320
A/Limoges/0241559093/2024,A/DistrictOfColumbia/27/2023,320
A/StEtienne/0241649490/2024,A/DistrictOfColumbia/27/2023,320
A/AixEnProvence/0241778640/2024,A/DistrictOfColumbia/27/2023,320
A/Turkmenistan/1805/2025,A/DistrictOfColumbia/27/2023,160
A/Turkmenistan/784/2025,A/DistrictOfColumbia/27/2023,160
A/Turkmenistan/801/2025,A/DistrictOfColumbia/27/2023,160
A/Lyon/0241964953/2024,A/DistrictOfColumbia/27/2023,320
A/Lyon/CHU/0242,A/DistrictOfColumbia/27/2023,320
A/Lyon/CHU/0242,A/DistrictOfColumbia/27/2023,320
A/Lyon/CHU/0242,A/DistrictOfColumbia/27/2023,320
A/Grenoble/0241924080/2024,A/DistrictOfColumbia/27/2023,320
A/Toulouse/0241506958/2024,A/DistrictOfColumbia/27/2023,320
A/Lyon/CHU/0241,A/DistrictOfColumbia/27/2023,160
A/Lyon CHU/0241955101/2024,A/DistrictOfColumbia/27/2023,320
A/Massachusetts/18/2022,A/Croatia/10136RV/2023,160
A/Thailand/08/2022,A/Croatia/10136RV/2023,320
A/DistrictOfColumbia/27/2023,A/Croatia/10136RV/2023,320
A/Croatia/10136RV/2023,A/Croatia/10136RV/2023,1280
A/Netherlands/10563/2023,A/Croatia/10136RV/2023,320
A/Lisboa/216/2023,A/Croatia/10136RV/2023,320
A/Slovenia/49/2024,A/Croatia/10136RV/2023,160
A/Switzerland/47775/2024,A/Croatia/10136RV/2023,80
A/Norway/12374/2023,A/Croatia/10136RV/2023,160
A/BurkinaFaso/3131/2023,A/Croatia/10136RV/2023,80
A/Toulon/0241495940/2024,A/Croatia/10136RV/2023,320
A/Limoges/0241559093/2024,A/Croatia/10136RV/2023,320
A/StEtienne/0241649490/2024,A/Croatia/10136RV/2023,320
A/AixEnProvence/0241778640/2024,A/Croatia/10136RV/2023,320
A/Turkmenistan/1805/2025,A/Croatia/10136RV/2023,160
A/Turkmenistan/784/2025,A/Croatia/10136RV/2023,160
A/Turkmenistan/801/2025,A/Croatia/10136RV/2023,160
A/Lyon/0241964953/2024,A/Croatia/10136RV/2023,160
A/Lyon/CHU/0242,A/Croatia/10136RV/2023,320
A/Lyon/CHU/0242,A/Croatia/10136RV/2023,320
A/Lyon/CHU/0242,A/Croatia/10136RV/2023,320
A/Grenoble/0241924080/2024,A/Croatia/10136RV/2023,320
A/Toulouse/0241506958/2024,A/Croatia/10136RV/2023,160
A/Lyon/CHU/0241,A/Croatia/10136RV/2023,160
A/Lyon CHU/0241955101/2024,A/Croatia/10136RV/2023,160
A/Massachusetts/18/2022,A/Netherlands/10563/2023,320
A/Thailand/08/2022,A/Netherlands/10563/2023,320
A/DistrictOfColumbia/27/2023,A/Netherlands/10563/2023,320
A/Croatia/10136RV/2023,A/Netherlands/10563/2023,640
A/Netherlands/10563/2023,A/Netherlands/10563/2023,320
A/Lisboa/216/2023,A/Netherlands/10563/2023,640
A/Slovenia/49/2024,A/Netherlands/10563/2023,80
A/Switzerland/47775/2024,A/Netherlands/10563/2023,80
A/Norway/12374/2023,A/Netherlands/10563/2023,160
A/BurkinaFaso/3131/2023,A/Netherlands/10563/2023,80
A/Toulon/0241495940/2024,A/Netherlands/10563/2023,320
A/Limoges/0241559093/2024,A/Netherlands/10563/2023,320
A/StEtienne/0241649490/2024,A/Netherlands/10563/2023,320
A/AixEnProvence/0241778640/2024,A/Netherlands/10563/2023,320
A/Turkmenistan/1805/2025,A/Netherlands/10563/2023,160
A/Turkmenistan/784/2025,A/Netherlands/10563/2023,160
A/Turkmenistan/801/2025,A/Netherlands/10563/2023,160
A/Lyon/0241964953/2024,A/Netherlands/10563/2023,320
A/Lyon/CHU/0242,A/Netherlands/10563/2023,320
A/Lyon/CHU/0242,A/Netherlands/10563/2023,320
A/Lyon/CHU/0242,A/Netherlands/10563/2023,320
A/Grenoble/0241924080/2024,A/Netherlands/10563/2023,320
A/Toulouse/0241506958/2024,A/Netherlands/10563/2023,320
A/Lyon/CHU/0241,A/Netherlands/10563/2023,160
A/Lyon CHU/0241955101/2024,A/Netherlands/10563/2023,160
A/Massachusetts/18/2022,A/Lisboa/216/2023,320
A/Thailand/08/2022,A/Lisboa/216/2023,640
A/DistrictOfColumbia/27/2023,A/Lisboa/216/2023,160
A/Croatia/10136RV/2023,A/Lisboa/216/2023,640
A/Netherlands/10563/2023,A/Lisboa/216/2023,320
A/Lisboa/216/2023,A/Lisboa/216/2023,640
A/Slovenia/49/2024,A/Lisboa/216/2023,160
A/Switzerland/47775/2024,A/Lisboa/216/2023,40
A/Norway/12374/2023,A/Lisboa/216/2023,160
A/BurkinaFaso/3131/2023,A/Lisboa/216/2023,40
A/Toulon/0241495940/2024,A/Lisboa/216/2023,320
A/Limoges/0241559093/2024,A/Lisboa/216/2023,320
A/StEtienne/0241649490/2024,A/Lisboa/216/2023,320
A/AixEnProvence/0241778640/2024,A/Lisboa/216/2023,320
A/Turkmenistan/1805/2025,A/Lisboa/216/2023,160
A/Turkmenistan/784/2025,A/Lisboa/216/2023,160
A/Turkmenistan/801/2025,A/Lisboa/216/2023,160
A/Lyon/0241964953/2024,A/Lisboa/216/2023,320
A/Lyon/CHU/0242,A/Lisboa/216/2023,320
A/Lyon/CHU/0242,A/Lisboa/216/2023,320
A/Lyon/CHU/0242,A/Lisboa/216/2023,160
A/Grenoble/0241924080/2024,A/Lisboa/216/2023,320
A/Toulouse/0241506958/2024,A/Lisboa/216/2023,160
A/Lyon/CHU/0241,A/Lisboa/216/2023,160
A/Lyon CHU/0241955101/2024,A/Lisboa/216/2023,160
A/Massachusetts/18/2022,A/Slovenia/49/2024,80
A/Thailand/08/2022,A/Slovenia/49/2024,320
A/DistrictOfColumbia/27/2023,A/Slovenia/49/2024,160
A/Croatia/10136RV/2023,A/Slovenia/49/2024,320
A/Netherlands/10563/2023,A/Slovenia/49/2024,160
A/Lisboa/216/2023,A/Slovenia/49/2024,320
A/Slovenia/49/2024,A/Slovenia/49/2024,1280
A/Switzerland/47775/2024,A/Slovenia/49/2024,<40
A/Norway/12374/2023,A/Slovenia/49/2024,160
A/BurkinaFaso/3131/2023,A/Slovenia/49/2024,<40
A/Toulon/0241495940/2024,A/Slovenia/49/2024,160
A/Limoges/0241559093/2024,A/Slovenia/49/2024,160
A/StEtienne/0241649490/2024,A/Slovenia/49/2024,160
A/AixEnProvence/0241778640/2024,A/Slovenia/49/2024,160
A/Turkmenistan/1805/2025,A/Slovenia/49/2024,80
A/Turkmenistan/784/2025,A/Slovenia/49/2024,80
A/Turkmenistan/801/2025,A/Slovenia/49/2024,80
A/Lyon/0241964953/2024,A/Slovenia/49/2024,160
A/Lyon/CHU/0242,A/Slovenia/49/2024,160
A/Lyon/CHU/0242,A/Slovenia/49/2024,160
A/Lyon/CHU/0242,A/Slovenia/49/2024,160
A/Grenoble/0241924080/2024,A/Slovenia/49/2024,160
A/Toulouse/0241506958/2024,A/Slovenia/49/2024,80
A/Lyon/CHU/0241,A/Slovenia/49/2024,80
A/Lyon CHU/0241955101/2024,A/Slovenia/49/2024,160
A/Massachusetts/18/2022,A/Switzerland/47775/2024,80
A/Thailand/08/2022,A/Switzerland/47775/2024,160
A/DistrictOfColumbia/27/2023,A/Switzerland/47775/2024,80
A/Croatia/10136RV/2023,A/Switzerland/47775/2024,160
A/Netherlands/10563/2023,A/Switzerland/47775/2024,80
A/Lisboa/216/2023,A/Switzerland/47775/2024,160
A/Slovenia/49/2024,A/Switzerland/47775/2024,40
A/Switzerland/47775/2024,A/Switzerland/47775/2024,160
A/Norway/12374/2023,A/Switzerland/47775/2024,80
A/BurkinaFaso/3131/2023,A/Switzerland/47775/2024,80
A/Toulon/0241495940/2024,A/Switzerland/47775/2024,80
A/Limoges/0241559093/2024,A/Switzerland/47775/2024,80
A/StEtienne/0241649490/2024,A/Switzerland/47775/2024,80
A/AixEnProvence/0241778640/2024,A/Switzerland/47775/2024,80
A/Turkmenistan/1805/2025,A/Switzerland/47775/2024,40
A/Turkmenistan/784/2025,A/Switzerland/47775/2024,40
A/Turkmenistan/801/2025,A/Switzerland/47775/2024,40
A/Lyon/0241964953/2024,A/Switzerland/47775/2024,40
A/Lyon/CHU/0242,A/Switzerland/47775/2024,80
A/Lyon/CHU/0242,A/Switzerland/47775/2024,80
A/Lyon/CHU/0242,A/Switzerland/47775/2024,80
A/Grenoble/0241924080/2024,A/Switzerland/47775/2024,80
A/Toulouse/0241506958/2024,A/Switzerland/47775/2024,80
A/Lyon/CHU/0241,A/Switzerland/47775/2024,80
A/Lyon CHU/0241955101/2024,A/Switzerland/47775/2024,80
A/Massachusetts/18/2022,A/Norway/12374/2023,80
A/Thailand/08/2022,A/Norway/12374/2023,160
A/DistrictOfColumbia/27/2023,A/Norway/12374/2023,80
A/Croatia/10136RV/2023,A/Norway/12374/2023,160
A/Netherlands/10563/2023,A/Norway/12374/2023,160
A/Lisboa/216/2023,A/Norway/12374/2023,160
A/Slovenia/49/2024,A/Norway/12374/2023,20
A/Switzerland/47775/2024,A/Norway/12374/2023,40
A/Norway/12374/2023,A/Norway/12374/2023,80
A/BurkinaFaso/3131/2023,A/Norway/12374/2023,40
A/Toulon/0241495940/2024,A/Norway/12374/2023,80
A/Limoges/0241559093/2024,A/Norway/12374/2023,80
A/StEtienne/0241649490/2024,A/Norway/12374/2023,80
A/AixEnProvence/0241778640/2024,A/Norway/12374/2023,80
A/Turkmenistan/1805/2025,A/Norway/12374/2023,80
A/Turkmenistan/784/2025,A/Norway/12374/2023,80
A/Turkmenistan/801/2025,A/Norway/12374/2023,40
A/Lyon/0241964953/2024,A/Norway/12374/2023,80
A/Lyon/CHU/0242,A/Norway/12374/2023,160
A/Lyon/CHU/0242,A/Norway/12374/2023,160
A/Lyon/CHU/0242,A/Norway/12374/2023,80
A/Grenoble/0241924080/2024,A/Norway/12374/2023,80
A/Toulouse/0241506958/2024,A/Norway/12374/2023,80
A/Lyon/CHU/0241,A/Norway/12374/2023,80
A/Lyon CHU/0241955101/2024,A/Norway/12374/2023,80
A/Massachusetts/18/2022,A/BurkinaFaso/3131/2023,80
A/Thailand/08/2022,A/BurkinaFaso/3131/2023,160
A/DistrictOfColumbia/27/2023,A/BurkinaFaso/3131/2023,80
A/Croatia/10136RV/2023,A/BurkinaFaso/3131/2023,160
A/Netherlands/10563/2023,A/BurkinaFaso/3131/2023,40
A/Lisboa/216/2023,A/BurkinaFaso/3131/2023,80
A/Slovenia/49/2024,A/BurkinaFaso/3131/2023,<40
A/Switzerland/47775/2024,A/BurkinaFaso/3131/2023,40
A/Norway/12374/2023,A/BurkinaFaso/3131/2023,80
A/BurkinaFaso/3131/2023,A/BurkinaFaso/3131/2023,160
A/Toulon/0241495940/2024,A/BurkinaFaso/3131/2023,80
A/Limoges/0241559093/2024,A/BurkinaFaso/3131/2023,40
A/StEtienne/0241649490/2024,A/BurkinaFaso/3131/2023,80
A/AixEnProvence/0241778640/2024,A/BurkinaFaso/3131/2023,80
A/Turkmenistan/1805/2025,A/BurkinaFaso/3131/2023,40
A/Turkmenistan/784/2025,A/BurkinaFaso/3131/2023,40
A/Turkmenistan/801/2025,A/BurkinaFaso/3131/2023,40
A/Lyon/0241964953/2024,A/BurkinaFaso/3131/2023,20
A/Lyon/CHU/0242,A/BurkinaFaso/3131/2023,80
A/Lyon/CHU/0242,A/BurkinaFaso/3131/2023,80
A/Lyon/CHU/0242,A/BurkinaFaso/3131/2023,80
A/Grenoble/0241924080/2024,A/BurkinaFaso/3131/2023,80
A/Toulouse/0241506958/2024,A/BurkinaFaso/3131/2023,40
A/Lyon/CHU/0241,A/BurkinaFaso/3131/2023,40
A/Lyon CHU/0241955101/2024,A/BurkinaFaso/3131/2023,80
A/Massachusetts/18/2022,A/Massachusetts/18/2022,320
A/Thailand/08/2022,A/Massachusetts/18/2022,320
A/DistrictOfColumbia/27/2023,A/Massachusetts/18/2022,80
A/Croatia/10136RV/2023,A/Massachusetts/18/2022,320
A/Netherlands/10563/2023,A/Massachusetts/18/2022,160
A/Lisboa/216/2023,A/Massachusetts/18/2022,320
A/Slovenia/49/2024,A/Massachusetts/18/2022,40
A/Switzerland/47775/2024,A/Massachusetts/18/2022,<40
A/Norway/12374/2023,A/Massachusetts/18/2022,160
A/BurkinaFaso/3131/2023,A/Massachusetts/18/2022,<40
A/France/GES-RELAB-IPP10320/2024,A/Massachusetts/18/2022,160
A/Slovenia/NLZOH-8008-21-1540/2024,A/Massachusetts/18/2022,160
A/France/GES-RELAB-IPP12013/2024,A/Massachusetts/18/2022,160
A/Parma/50/2024,A/Massachusetts/18/2022,80
A/France/BFC-RELAB-IPP13100/2024,A/Massachusetts/18/2022,80
A/Slovenia/NLZOH-8008-21-2023/2024,A/Massachusetts/18/2022,80
A/France/NOR-IPP13834/2024,A/Massachusetts/18/2022,80
A/Denmark/2759/2024,A/Massachusetts/18/2022,80
A/Ireland/00089814/2024,A/Massachusetts/18/2022,80
A/France/CVL-IPP14531/2024,A/Massachusetts/18/2022,80
A/Luxembourg/3193181/2024,A/Massachusetts/18/2022,80
A/France/BRE-IPP14647/2024,A/Massachusetts/18/2022,160
A/France/GES-IPP14626/2024,A/Massachusetts/18/2022,80
A/Luxembourg/3066447/2024,A/Massachusetts/18/2022,320
A/Algeria/16913/2024,A/Massachusetts/18/2022,80
A/Switzerland/7828/2024,A/Massachusetts/18/2022,320
A/Israel/R18785/2024,A/Massachusetts/18/2022,160
A/Switzerland/0800/2025,A/Massachusetts/18/2022,80
A/Switzerland/3127/2025,A/Massachusetts/18/2022,160
A/Switzerland/6246/2025,A/Massachusetts/18/2022,80
A/Slovenia/NLZOH-8008-21-1393/2024,A/Massachusetts/18/2022,160
A/SouthSudan/983/2024,A/Massachusetts/18/2022,160
A/SouthSudan/988/2024,A/Massachusetts/18/2022,160
A/SouthSudan/987/2024,A/Massachusetts/18/2022,80
A/France/BRE-IPP10218/2024,A/Massachusetts/18/2022,320
A/France/GES-RELAB-IPP14015/2024,A/Massachusetts/18/2022,80
A/Algeria/16901/2024,A/Massachusetts/18/2022,160
A/Denmark/2643/2024,A/Massachusetts/18/2022,160
A/Switzerland/5118/2024,A/Massachusetts/18/2022,160
A/Denmark/2674/2024,A/Massachusetts/18/2022,160
A/France/BFC-IPP14556/2024,A/Massachusetts/18/2022,320
A/Switzerland/7776/2024,A/Massachusetts/18/2022,160
A/Switzerland/7581/2024,A/Massachusetts/18/2022,160
A/Ireland/00000108/2024,A/Massachusetts/18/2022,160
A/Algeria/459/2025,A/Massachusetts/18/2022,80
A/Massachusetts/18/2022,A/Thailand/08/2022,640
A/Thailand/08/2022,A/Thailand/08/2022,1280
A/DistrictOfColumbia/27/2023,A/Thailand/08/2022,320
A/Croatia/10136RV/2023,A/Thailand/08/2022,640
A/Netherlands/10563/2023,A/Thailand/08/2022,320
A/Lisboa/216/2023,A/Thailand/08/2022,640
A/Slovenia/49/2024,A/Thailand/08/2022,160
A/Switzerland/47775/2024,A/Thailand/08/2022,40
A/Norway/12374/2023,A/Thailand/08/2022,320
A/BurkinaFaso/3131/2023,A/Thailand/08/2022,160
A/France/GES-RELAB-IPP10320/2024,A/Thailand/08/2022,640
A/Slovenia/NLZOH-8008-21-1540/2024,A/Thailand/08/2022,320
A/France/GES-RELAB-IPP12013/2024,A/Thailand/08/2022,320
A/Parma/50/2024,A/Thailand/08/2022,160
A/France/BFC-RELAB-IPP13100/2024,A/Thailand/08/2022,160
A/Slovenia/NLZOH-8008-21-2023/2024,A/Thailand/08/2022,160
A/France/NOR-IPP13834/2024,A/Thailand/08/2022,160
A/Denmark/2759/2024,A/Thailand/08/2022,160
A/Ireland/00089814/2024,A/Thailand/08/2022,160
A/France/CVL-IPP14531/2024,A/Thailand/08/2022,160
A/Luxembourg/3193181/2024,A/Thailand/08/2022,320
A/France/BRE-IPP14647/2024,A/Thailand/08/2022,320
A/France/GES-IPP14626/2024,A/Thailand/08/2022,160
A/Luxembourg/3066447/2024,A/Thailand/08/2022,640
A/Algeria/16913/2024,A/Thailand/08/2022,160
A/Switzerland/7828/2024,A/Thailand/08/2022,640
A/Israel/R18785/2024,A/Thailand/08/2022,320
A/Switzerland/0800/2025,A/Thailand/08/2022,160
A/Switzerland/3127/2025,A/Thailand/08/2022,320
A/Switzerland/6246/2025,A/Thailand/08/2022,160
A/Slovenia/NLZOH-8008-21-1393/2024,A/Thailand/08/2022,320
A/SouthSudan/983/2024,A/Thailand/08/2022,320
A/SouthSudan/988/2024,A/Thailand/08/2022,320
A/SouthSudan/987/2024,A/Thailand/08/2022,320
A/France/BRE-IPP10218/2024,A/Thailand/08/2022,640
A/France/GES-RELAB-IPP14015/2024,A/Thailand/08/2022,320
A/Algeria/16901/2024,A/Thailand/08/2022,320
A/Denmark/2643/2024,A/Thailand/08/2022,320
A/Switzerland/5118/2024,A/Thailand/08/2022,320
A/Denmark/2674/2024,A/Thailand/08/2022,320
A/France/BFC-IPP14556/2024,A/Thailand/08/2022,640
A/Switzerland/7776/2024,A/Thailand/08/2022,320
A/Switzerland/7581/2024,A/Thailand/08/2022,320
A/Ireland/00000108/2024,A/Thailand/08/2022,320
A/Algeria/459/2025,A/Thailand/08/2022,160
A/Massachusetts/18/2022,A/DistrictOfColumbia/27/2023,320
A/Thailand/08/2022,A/DistrictOfColumbia/27/2023,640
A/DistrictOfColumbia/27/2023,A/DistrictOfColumbia/27/2023,320
A/Croatia/10136RV/2023,A/DistrictOfColumbia/27/2023,1280
A/Netherlands/10563/2023,A/DistrictOfColumbia/27/2023,320
A/Lisboa/216/2023,A/DistrictOfColumbia/27/2023,320
A/Slovenia/49/2024,A/DistrictOfColumbia/27/2023,160
A/Switzerland/47775/2024,A/DistrictOfColumbia/27/2023,160
A/Norway/12374/2023,A/DistrictOfColumbia/27/2023,320
A/BurkinaFaso/3131/2023,A/DistrictOfColumbia/27/2023,160
A/France/GES-RELAB-IPP10320/2024,A/DistrictOfColumbia/27/2023,640
A/Slovenia/NLZOH-8008-21-1540/2024,A/DistrictOfColumbia/27/2023,320
A/France/GES-RELAB-IPP12013/2024,A/DistrictOfColumbia/27/2023,320
A/Parma/50/2024,A/DistrictOfColumbia/27/2023,320
A/France/BFC-RELAB-IPP13100/2024,A/DistrictOfColumbia/27/2023,160
A/Slovenia/NLZOH-8008-21-2023/2024,A/DistrictOfColumbia/27/2023,160
A/France/NOR-IPP13834/2024,A/DistrictOfColumbia/27/2023,80
A/Denmark/2759/2024,A/DistrictOfColumbia/27/2023,160
A/Ireland/00089814/2024,A/DistrictOfColumbia/27/2023,320
A/France/CVL-IPP14531/2024,A/DistrictOfColumbia/27/2023,320
A/Luxembourg/3193181/2024,A/DistrictOfColumbia/27/2023,320
A/France/BRE-IPP14647/2024,A/DistrictOfColumbia/27/2023,320
A/France/GES-IPP14626/2024,A/DistrictOfColumbia/27/2023,320
A/Luxembourg/3066447/2024,A/DistrictOfColumbia/27/2023,640
A/Algeria/16913/2024,A/DistrictOfColumbia/27/2023,320
A/Switzerland/7828/2024,A/DistrictOfColumbia/27/2023,640
A/Israel/R18785/2024,A/DistrictOfColumbia/27/2023,320
A/Switzerland/0800/2025,A/DistrictOfColumbia/27/2023,320
A/Switzerland/3127/2025,A/DistrictOfColumbia/27/2023,320
A/Switzerland/6246/2025,A/DistrictOfColumbia/27/2023,320
A/Slovenia/NLZOH-8008-21-1393/2024,A/DistrictOfColumbia/27/2023,320
A/SouthSudan/983/2024,A/DistrictOfColumbia/27/2023,320
A/SouthSudan/988/2024,A/DistrictOfColumbia/27/2023,320
A/SouthSudan/987/2024,A/DistrictOfColumbia/27/2023,320
A/France/BRE-IPP10218/2024,A/DistrictOfColumbia/27/2023,160
A/France/GES-RELAB-IPP14015/2024,A/DistrictOfColumbia/27/2023,320
A/Algeria/16901/2024,A/DistrictOfColumbia/27/2023,320
A/Denmark/2643/2024,A/DistrictOfColumbia/27/2023,320
A/Switzerland/5118/2024,A/DistrictOfColumbia/27/2023,160
A/Denmark/2674/2024,A/DistrictOfColumbia/27/2023,320
A/France/BFC-IPP14556/2024,A/DistrictOfColumbia/27/2023,640
A/Switzerland/7776/2024,A/DistrictOfColumbia/27/2023,320
A/Switzerland/7581/2024,A/DistrictOfColumbia/27/2023,320
A/Ireland/00000108/2024,A/DistrictOfColumbia/27/2023,320
A/Algeria/459/2025,A/DistrictOfColumbia/27/2023,160
A/Massachusetts/18/2022,A/Croatia/10136RV/2023,160
A/Thailand/08/2022,A/Croatia/10136RV/2023,640
A/DistrictOfColumbia/27/2023,A/Croatia/10136RV/2023,320
A/Croatia/10136RV/2023,A/Croatia/10136RV/2023,1280
A/Netherlands/10563/2023,A/Croatia/10136RV/2023,320
A/Lisboa/216/2023,A/Croatia/10136RV/2023,640
A/Slovenia/49/2024,A/Croatia/10136RV/2023,160
A/Switzerland/47775/2024,A/Croatia/10136RV/2023,80
A/Norway/12374/2023,A/Croatia/10136RV/2023,320
A/BurkinaFaso/3131/2023,A/Croatia/10136RV/2023,160
A/France/GES-RELAB-IPP10320/2024,A/Croatia/10136RV/2023,640
A/Slovenia/NLZOH-8008-21-1540/2024,A/Croatia/10136RV/2023,320
A/France/GES-RELAB-IPP12013/2024,A/Croatia/10136RV/2023,320
A/Parma/50/2024,A/Croatia/10136RV/2023,320
A/France/BFC-RELAB-IPP13100/2024,A/Croatia/10136RV/2023,320
A/Slovenia/NLZOH-8008-21-2023/2024,A/Croatia/10136RV/2023,160
A/France/NOR-IPP13834/2024,A/Croatia/10136RV/2023,160
A/Denmark/2759/2024,A/Croatia/10136RV/2023,160
A/Ireland/00089814/2024,A/Croatia/10136RV/2023,320
A/France/CVL-IPP14531/2024,A/Croatia/10136RV/2023,320
A/Luxembourg/3193181/2024,A/Croatia/10136RV/2023,320
A/France/BRE-IPP14647/2024,A/Croatia/10136RV/2023,320
A/France/GES-IPP14626/2024,A/Croatia/10136RV/2023,320
A/Luxembourg/3066447/2024,A/Croatia/10136RV/2023,640
A/Algeria/16913/2024,A/Croatia/10136RV/2023,320
A/Switzerland/7828/2024,A/Croatia/10136RV/2023,640
A/Israel/R18785/2024,A/Croatia/10136RV/2023,320
A/Switzerland/0800/2025,A/Croatia/10136RV/2023,320
A/Switzerland/3127/2025,A/Croatia/10136RV/2023,640
A/Switzerland/6246/2025,A/Croatia/10136RV/2023,160
A/Slovenia/NLZOH-8008-21-1393/2024,A/Croatia/10136RV/2023,320
A/SouthSudan/983/2024,A/Croatia/10136RV/2023,320
A/SouthSudan/988/2024,A/Croatia/10136RV/2023,320
A/SouthSudan/987/2024,A/Croatia/10136RV/2023,320
A/France/BRE-IPP10218/2024,A/Croatia/10136RV/2023,160
A/France/GES-RELAB-IPP14015/2024,A/Croatia/10136RV/2023,160
A/Algeria/16901/2024,A/Croatia/10136RV/2023,320
A/Denmark/2643/2024,A/Croatia/10136RV/2023,320
A/Switzerland/5118/2024,A/Croatia/10136RV/2023,320
A/Denmark/2674/2024,A/Croatia/10136RV/2023,320
A/France/BFC-IPP14556/2024,A/Croatia/10136RV/2023,640
A/Switzerland/7776/2024,A/Croatia/10136RV/2023,320
A/Switzerland/7581/2024,A/Croatia/10136RV/2023,320
A/Ireland/00000108/2024,A/Croatia/10136RV/2023,320
A/Algeria/459/2025,A/Croatia/10136RV/2023,160
A/Massachusetts/18/2022,A/Netherlands/10563/2023,320
A/Thailand/08/2022,A/Netherlands/10563/2023,640
A/DistrictOfColumbia/27/2023,A/Netherlands/10563/2023,320
A/Croatia/10136RV/2023,A/Netherlands/10563/2023,1280
A/Netherlands/10563/2023,A/Netherlands/10563/2023,320
A/Lisboa/216/2023,A/Netherlands/10563/2023,320
A/Slovenia/49/2024,A/Netherlands/10563/2023,80
A/Switzerland/47775/2024,A/Netherlands/10563/2023,80
A/Norway/12374/2023,A/Netherlands/10563/2023,320
A/BurkinaFaso/3131/2023,A/Netherlands/10563/2023,80
A/France/GES-RELAB-IPP10320/2024,A/Netherlands/10563/2023,640
A/Slovenia/NLZOH-8008-21-1540/2024,A/Netherlands/10563/2023,320
A/France/GES-RELAB-IPP12013/2024,A/Netherlands/10563/2023,320
A/Parma/50/2024,A/Netherlands/10563/2023,320
A/France/BFC-RELAB-IPP13100/2024,A/Netherlands/10563/2023,320
A/Slovenia/NLZOH-8008-21-2023/2024,A/Netherlands/10563/2023,160
A/France/NOR-IPP13834/2024,A/Netherlands/10563/2023,160
A/Denmark/2759/2024,A/Netherlands/10563/2023,160
A/Ireland/00089814/2024,A/Netherlands/10563/2023,320
A/France/CVL-IPP14531/2024,A/Netherlands/10563/2023,320
A/Luxembourg/3193181/2024,A/Netherlands/10563/2023,320
A/France/BRE-IPP14647/2024,A/Netherlands/10563/2023,320
A/France/GES-IPP14626/2024,A/Netherlands/10563/2023,320
A/Luxembourg/3066447/2024,A/Netherlands/10563/2023,640
A/Algeria/16913/2024,A/Netherlands/10563/2023,160
A/Switzerland/7828/2024,A/Netherlands/10563/2023,640
A/Israel/R18785/2024,A/Netherlands/10563/2023,320
A/Switzerland/0800/2025,A/Netherlands/10563/2023,320
A/Switzerland/3127/2025,A/Netherlands/10563/2023,320
A/Switzerland/6246/2025,A/Netherlands/10563/2023,320
A/Slovenia/NLZOH-8008-21-1393/2024,A/Netherlands/10563/2023,320
A/SouthSudan/983/2024,A/Netherlands/10563/2023,320
A/SouthSudan/988/2024,A/Netherlands/10563/2023,320
A/SouthSudan/987/2024,A/Netherlands/10563/2023,320
A/France/BRE-IPP10218/2024,A/Netherlands/10563/2023,160
A/France/GES-RELAB-IPP14015/2024,A/Netherlands/10563/2023,320
A/Algeria/16901/2024,A/Netherlands/10563/2023,320
A/Denmark/2643/2024,A/Netherlands/10563/2023,320
A/Switzerland/5118/2024,A/Netherlands/10563/2023,320
A/Denmark/2674/2024,A/Netherlands/10563/2023,320
A/France/BFC-IPP14556/2024,A/Netherlands/10563/2023,640
A/Switzerland/7776/2024,A/Netherlands/10563/2023,320
A/Switzerland/7581/2024,A/Netherlands/10563/2023,320
A/Ireland/00000108/2024,A/Netherlands/10563/2023,320
A/Algeria/459/2025,A/Netherlands/10563/2023,160
A/Massachusetts/18/2022,A/Lisboa/216/2023,160
A/Thailand/08/2022,A/Lisboa/216/2023,640
A/DistrictOfColumbia/27/2023,A/Lisboa/216/2023,320
A/Croatia/10136RV/2023,A/Lisboa/216/2023,640
A/Netherlands/10563/2023,A/Lisboa/216/2023,320
A/Lisboa/216/2023,A/Lisboa/216/2023,320
A/Slovenia/49/2024,A/Lisboa/216/2023,160
A/Switzerland/47775/2024,A/Lisboa/216/2023,40
A/Norway/12374/2023,A/Lisboa/216/2023,320
A/BurkinaFaso/3131/2023,A/Lisboa/216/2023,40
A/France/GES-RELAB-IPP10320/2024,A/Lisboa/216/2023,640
A/Slovenia/NLZOH-8008-21-1540/2024,A/Lisboa/216/2023,320
A/France/GES-RELAB-IPP12013/2024,A/Lisboa/216/2023,320
A/Parma/50/2024,A/Lisboa/216/2023,160
A/France/BFC-RELAB-IPP13100/2024,A/Lisboa/216/2023,160
A/Slovenia/NLZOH-8008-21-2023/2024,A/Lisboa/216/2023,160
A/France/NOR-IPP13834/2024,A/Lisboa/216/2023,160
A/Denmark/2759/2024,A/Lisboa/216/2023,320
A/Ireland/00089814/2024,A/Lisboa/216/2023,160
A/France/CVL-IPP14531/2024,A/Lisboa/216/2023,160
A/Luxembourg/3193181/2024,A/Lisboa/216/2023,160
A/France/BRE-IPP14647/2024,A/Lisboa/216/2023,320
A/France/GES-IPP14626/2024,A/Lisboa/216/2023,160
A/Luxembourg/3066447/2024,A/Lisboa/216/2023,640
A/Algeria/16913/2024,A/Lisboa/216/2023,160
A/Switzerland/7828/2024,A/Lisboa/216/2023,640
A/Israel/R18785/2024,A/Lisboa/216/2023,320
A/Switzerland/0800/2025,A/Lisboa/216/2023,160
A/Switzerland/3127/2025,A/Lisboa/216/2023,320
A/Switzerland/6246/2025,A/Lisboa/216/2023,160
A/Slovenia/NLZOH-8008-21-1393/2024,A/Lisboa/216/2023,160
A/SouthSudan/983/2024,A/Lisboa/216/2023,320
A/SouthSudan/988/2024,A/Lisboa/216/2023,320
A/SouthSudan/987/2024,A/Lisboa/216/2023,320
A/France/BRE-IPP10218/2024,A/Lisboa/216/2023,160
A/France/GES-RELAB-IPP14015/2024,A/Lisboa/216/2023,160
A/Algeria/16901/2024,A/Lisboa/216/2023,160
A/Denmark/2643/2024,A/Lisboa/216/2023,320
A/Switzerland/5118/2024,A/Lisboa/216/2023,320
A/Denmark/2674/2024,A/Lisboa/216/2023,320
A/France/BFC-IPP14556/2024,A/Lisboa/216/2023,640
A/Switzerland/7776/2024,A/Lisboa/216/2023,320
A/Switzerland/7581/2024,A/Lisboa/216/2023,320
A/Ireland/00000108/2024,A/Lisboa/216/2023,320
A/Algeria/459/2025,A/Lisboa/216/2023,160
A/Massachusetts/18/2022,A/Slovenia/49/2024,80
A/Thailand/08/2022,A/Slovenia/49/2024,320
A/DistrictOfColumbia/27/2023,A/Slovenia/49/2024,160
A/Croatia/10136RV/2023,A/Slovenia/49/2024,640
A/Netherlands/10563/2023,A/Slovenia/49/2024,160
A/Lisboa/216/2023,A/Slovenia/49/2024,320
A/Slovenia/49/2024,A/Slovenia/49/2024,2560
A/Switzerland/47775/2024,A/Slovenia/49/2024,<40
A/Norway/12374/2023,A/Slovenia/49/2024,160
A/BurkinaFaso/3131/2023,A/Slovenia/49/2024,<40
A/France/GES-RELAB-IPP10320/2024,A/Slovenia/49/2024,320
A/Slovenia/NLZOH-8008-21-1540/2024,A/Slovenia/49/2024,320
A/France/GES-RELAB-IPP12013/2024,A/Slovenia/49/2024,160
A/Parma/50/2024,A/Slovenia/49/2024,160
A/France/BFC-RELAB-IPP13100/2024,A/Slovenia/49/2024,160
A/Slovenia/NLZOH-8008-21-2023/2024,A/Slovenia/49/2024,80
A/France/NOR-IPP13834/2024,A/Slovenia/49/2024,80
A/Denmark/2759/2024,A/Slovenia/49/2024,160
A/Ireland/00089814/2024,A/Slovenia/49/2024,160
A/France/CVL-IPP14531/2024,A/Slovenia/49/2024,160
A/Luxembourg/3193181/2024,A/Slovenia/49/2024,160
A/France/BRE-IPP14647/2024,A/Slovenia/49/2024,160
A/France/GES-IPP14626/2024,A/Slovenia/49/2024,160
A/Luxembourg/3066447/2024,A/Slovenia/49/2024,320
A/Algeria/16913/2024,A/Slovenia/49/2024,80
A/Switzerland/7828/2024,A/Slovenia/49/2024,320
A/Israel/R18785/2024,A/Slovenia/49/2024,160
A/Switzerland/0800/2025,A/Slovenia/49/2024,160
A/Switzerland/3127/2025,A/Slovenia/49/2024,320
A/Switzerland/6246/2025,A/Slovenia/49/2024,160
A/Slovenia/NLZOH-8008-21-1393/2024,A/Slovenia/49/2024,160
A/SouthSudan/983/2024,A/Slovenia/49/2024,160
A/SouthSudan/988/2024,A/Slovenia/49/2024,160
A/SouthSudan/987/2024,A/Slovenia/49/2024,160
A/France/BRE-IPP10218/2024,A/Slovenia/49/2024,40
A/France/GES-RELAB-IPP14015/2024,A/Slovenia/49/2024,160
A/Algeria/16901/2024,A/Slovenia/49/2024,160
A/Denmark/2643/2024,A/Slovenia/49/2024,160
A/Switzerland/5118/2024,A/Slovenia/49/2024,160
A/Denmark/2674/2024,A/Slovenia/49/2024,160
A/France/BFC-IPP14556/2024,A/Slovenia/49/2024,320
A/Switzerland/7776/2024,A/Slovenia/49/2024,160
A/Switzerland/7581/2024,A/Slovenia/49/2024,160
A/Ireland/00000108/2024,A/Slovenia/49/2024,160
A/Algeria/459/2025,A/Slovenia/49/2024,80
A/Massachusetts/18/2022,A/Switzerland/47775/2024,40
A/Thailand/08/2022,A/Switzerland/47775/2024,160
A/DistrictOfColumbia/27/2023,A/Switzerland/47775/2024,80
A/Croatia/10136RV/2023,A/Switzerland/47775/2024,320
A/Netherlands/10563/2023,A/Switzerland/47775/2024,80
A/Lisboa/216/2023,A/Switzerland/47775/2024,80
A/Slovenia/49/2024,A/Switzerland/47775/2024,40
A/Switzerland/47775/2024,A/Switzerland/47775/2024,160
A/Norway/12374/2023,A/Switzerland/47775/2024,80
A/BurkinaFaso/3131/2023,A/Switzerland/47775/2024,160
A/France/GES-RELAB-IPP10320/2024,A/Switzerland/47775/2024,160
A/Slovenia/NLZOH-8008-21-1540/2024,A/Switzerland/47775/2024,40
A/France/GES-RELAB-IPP12013/2024,A/Switzerland/47775/2024,80
A/Parma/50/2024,A/Switzerland/47775/2024,80
A/France/BFC-RELAB-IPP13100/2024,A/Switzerland/47775/2024,<40
A/Slovenia/NLZOH-8008-21-2023/2024,A/Switzerland/47775/2024,40
A/France/NOR-IPP13834/2024,A/Switzerland/47775/2024,<40
A/Denmark/2759/2024,A/Switzerland/47775/2024,40
A/Ireland/00089814/2024,A/Switzerland/47775/2024,80
A/France/CVL-IPP14531/2024,A/Switzerland/47775/2024,40
A/Luxembourg/3193181/2024,A/Switzerland/47775/2024,40
A/France/BRE-IPP14647/2024,A/Switzerland/47775/2024,80
A/France/GES-IPP14626/2024,A/Switzerland/47775/2024,40
A/Luxembourg/3066447/2024,A/Switzerland/47775/2024,160
A/Algeria/16913/2024,A/Switzerland/47775/2024,40
A/Switzerland/7828/2024,A/Switzerland/47775/2024,160
A/Israel/R18785/2024,A/Switzerland/47775/2024,80
A/Switzerland/0800/2025,A/Switzerland/47775/2024,40
A/Switzerland/3127/2025,A/Switzerland/47775/2024,40
A/Switzerland/6246/2025,A/Switzerland/47775/2024,80
A/Slovenia/NLZOH-8008-21-1393/2024,A/Switzerland/47775/2024,80
A/SouthSudan/983/2024,A/Switzerland/47775/2024,80
A/SouthSudan/988/2024,A/Switzerland/47775/2024,80
A/SouthSudan/987/2024,A/Switzerland/47775/2024,80
A/France/BRE-IPP10218/2024,A/Switzerland/47775/2024,40
A/France/GES-RELAB-IPP14015/2024,A/Switzerland/47775/2024,80
A/Algeria/16901/2024,A/Switzerland/47775/2024,80
A/Denmark/2643/2024,A/Switzerland/47775/2024,80
A/Switzerland/5118/2024,A/Switzerland/47775/2024,80
A/Denmark/2674/2024,A/Switzerland/47775/2024,80
A/France/BFC-IPP14556/2024,A/Switzerland/47775/2024,160
A/Switzerland/7776/2024,A/Switzerland/47775/2024,80
A/Switzerland/7581/2024,A/Switzerland/47775/2024,80
A/Ireland/00000108/2024,A/Switzerland/47775/2024,80
A/Algeria/459/2025,A/Switzerland/47775/2024,40
A/Massachusetts/18/2022,A/Norway/12374/2023,80
A/Thailand/08/2022,A/Norway/12374/2023,160
A/DistrictOfColumbia/27/2023,A/Norway/12374/2023,160
A/Croatia/10136RV/2023,A/Norway/12374/2023,320
A/Netherlands/10563/2023,A/Norway/12374/2023,160
A/Lisboa/216/2023,A/Norway/12374/2023,160
A/Slovenia/49/2024,A/Norway/12374/2023,40
A/Switzerland/47775/2024,A/Norway/12374/2023,40
A/Norway/12374/2023,A/Norway/12374/2023,80
A/BurkinaFaso/3131/2023,A/Norway/12374/2023,40
A/France/GES-RELAB-IPP10320/2024,A/Norway/12374/2023,160
A/Slovenia/NLZOH-8008-21-1540/2024,A/Norway/12374/2023,160
A/France/GES-RELAB-IPP12013/2024,A/Norway/12374/2023,80
A/Parma/50/2024,A/Norway/12374/2023,80
A/France/BFC-RELAB-IPP13100/2024,A/Norway/12374/2023,80
A/Slovenia/NLZOH-8008-21-2023/2024,A/Norway/12374/2023,80
A/France/NOR-IPP13834/2024,A/Norway/12374/2023,40
A/Denmark/2759/2024,A/Norway/12374/2023,80
A/Ireland/00089814/2024,A/Norway/12374/2023,80
A/France/CVL-IPP14531/2024,A/Norway/12374/2023,80
A/Luxembourg/3193181/2024,A/Norway/12374/2023,80
A/France/BRE-IPP14647/2024,A/Norway/12374/2023,80
A/France/GES-IPP14626/2024,A/Norway/12374/2023,80
A/Luxembourg/3066447/2024,A/Norway/12374/2023,160
A/Algeria/16913/2024,A/Norway/12374/2023,40
A/Switzerland/7828/2024,A/Norway/12374/2023,320
A/Israel/R18785/2024,A/Norway/12374/2023,80
A/Switzerland/0800/2025,A/Norway/12374/2023,80
A/Switzerland/3127/2025,A/Norway/12374/2023,80
A/Switzerland/6246/2025,A/Norway/12374/2023,80
A/Slovenia/NLZOH-8008-21-1393/2024,A/Norway/12374/2023,80
A/SouthSudan/983/2024,A/Norway/12374/2023,80
A/SouthSudan/988/2024,A/Norway/12374/2023,160
A/SouthSudan/987/2024,A/Norway/12374/2023,80
A/France/BRE-IPP10218/2024,A/Norway/12374/2023,80
A/France/GES-RELAB-IPP14015/2024,A/Norway/12374/2023,80
A/Algeria/16901/2024,A/Norway/12374/2023,80
A/Denmark/2643/2024,A/Norway/12374/2023,160
A/Switzerland/5118/2024,A/Norway/12374/2023,80
A/Denmark/2674/2024,A/Norway/12374/2023,80
A/France/BFC-IPP14556/2024,A/Norway/12374/2023,160
A/Switzerland/7776/2024,A/Norway/12374/2023,80
A/Switzerland/7581/2024,A/Norway/12374/2023,160
A/Ireland/00000108/2024,A/Norway/12374/2023,80
A/Algeria/459/2025,A/Norway/12374/2023,80
A/Massachusetts/18/2022,A/BurkinaFaso/3131/2023,80
A/Thailand/08/2022,A/BurkinaFaso/3131/2023,160
A/DistrictOfColumbia/27/2023,A/BurkinaFaso/3131/2023,80
A/Croatia/10136RV/2023,A/BurkinaFaso/3131/2023,160
A/Netherlands/10563/2023,A/BurkinaFaso/3131/2023,80
A/Lisboa/216/2023,A/BurkinaFaso/3131/2023,80
A/Slovenia/49/2024,A/BurkinaFaso/3131/2023,<10
A/Switzerland/47775/2024,A/BurkinaFaso/3131/2023,40
A/Norway/12374/2023,A/BurkinaFaso/3131/2023,80
A/BurkinaFaso/3131/2023,A/BurkinaFaso/3131/2023,160
A/France/GES-RELAB-IPP10320/2024,A/BurkinaFaso/3131/2023,160
A/Slovenia/NLZOH-8008-21-1540/2024,A/BurkinaFaso/3131/2023,40
A/France/GES-RELAB-IPP12013/2024,A/BurkinaFaso/3131/2023,80
A/Parma/50/2024,A/BurkinaFaso/3131/2023,40
A/France/BFC-RELAB-IPP13100/2024,A/BurkinaFaso/3131/2023,10
A/Slovenia/NLZOH-8008-21-2023/2024,A/BurkinaFaso/3131/2023,40
A/France/NOR-IPP13834/2024,A/BurkinaFaso/3131/2023,10
A/Denmark/2759/2024,A/BurkinaFaso/3131/2023,20
A/Ireland/00089814/2024,A/BurkinaFaso/3131/2023,40
A/France/CVL-IPP14531/2024,A/BurkinaFaso/3131/2023,10
A/Luxembourg/3193181/2024,A/BurkinaFaso/3131/2023,40
A/France/BRE-IPP14647/2024,A/BurkinaFaso/3131/2023,80
A/France/GES-IPP14626/2024,A/BurkinaFaso/3131/2023,40
A/Luxembourg/3066447/2024,A/BurkinaFaso/3131/2023,80
A/Algeria/16913/2024,A/BurkinaFaso/3131/2023,40
A/Switzerland/7828/2024,A/BurkinaFaso/3131/2023,160
A/Israel/R18785/2024,A/BurkinaFaso/3131/2023,80
A/Switzerland/0800/2025,A/BurkinaFaso/3131/2023,20
A/Switzerland/3127/2025,A/BurkinaFaso/3131/2023,20
A/Switzerland/6246/2025,A/BurkinaFaso/3131/2023,80
A/Slovenia/NLZOH-8008-21-1393/2024,A/BurkinaFaso/3131/2023,40
A/SouthSudan/983/2024,A/BurkinaFaso/3131/2023,80
A/SouthSudan/988/2024,A/BurkinaFaso/3131/2023,80
A/SouthSudan/987/2024,A/BurkinaFaso/3131/2023,40
A/France/BRE-IPP10218/2024,A/BurkinaFaso/3131/2023,40
A/France/GES-RELAB-IPP14015/2024,A/BurkinaFaso/3131/2023,40
A/Algeria/16901/2024,A/BurkinaFaso/3131/2023,40
A/Denmark/2643/2024,A/BurkinaFaso/3131/2023,80
A/Switzerland/5118/2024,A/BurkinaFaso/3131/2023,40
A/Denmark/2674/2024,A/BurkinaFaso/3131/2023,80
A/France/BFC-IPP14556/2024,A/BurkinaFaso/3131/2023,80
A/Switzerland/7776/2024,A/BurkinaFaso/3131/2023,80
A/Switzerland/7581/2024,A/BurkinaFaso/3131/2023,80
A/Ireland/00000108/2024,A/BurkinaFaso/3131/2023,40
A/Algeria/459/2025,A/BurkinaFaso/3131/2023,40
A/Massachusetts/18/2022,A/Massachusetts/18/2022,320
A/Thailand/08/2022,A/Massachusetts/18/2022,320
A/DistrictOfColumbia/27/2023,A/Massachusetts/18/2022,160
A/Croatia/10136RV/2023,A/Massachusetts/18/2022,320
A/Netherlands/10563/2023,A/Massachusetts/18/2022,320
A/Lisboa/216/2023,A/Massachusetts/18/2022,320
A/Slovenia/49/2024,A/Massachusetts/18/2022,80
A/Switzerland/47775/2024,A/Massachusetts/18/2022,40
A/Norway/12374/2023,A/Massachusetts/18/2022,160
A/BurkinaFaso/3131/2023,A/Massachusetts/18/2022,40
A/Algeria/339/2025,A/Massachusetts/18/2022,160
A/Milano/284/2024,A/Massachusetts/18/2022,160
A/Poland/PL51/2024,A/Massachusetts/18/2022,160
A/Netherlands/10660/2024,A/Massachusetts/18/2022,160
A/Netherlands/10662/2024,A/Massachusetts/18/2022,160
A/Netherlands/10665/2024,A/Massachusetts/18/2022,160
A/Netherlands/10667/2024,A/Massachusetts/18/2022,160
A/Netherlands/10685/2024,A/Massachusetts/18/2022,<40
A/France/HDF-RELAB-IPP14464/2024,A/Massachusetts/18/2022,160
A/Poland/PL19/2024,A/Massachusetts/18/2022,160
A/Poland/PL54/2024,A/Massachusetts/18/2022,320
A/Ireland/00094642/2024,A/Massachusetts/18/2022,160
A/Romania_BB/586841/2024,A/Massachusetts/18/2022,160
A/Poland/57/2025,A/Massachusetts/18/2022,160
A/Romania_BB/586906/2025,A/Massachusetts/18/2022,160
A/Montenegro/1004782502/2025,A/Massachusetts/18/2022,160
A/Poland/12/2025,A/Massachusetts/18/2022,320
A/Poland/PL64/2024,A/Massachusetts/18/2022,320
A/Netherlands/10722/2024,A/Massachusetts/18/2022,160
A/Iran/8N28/2024,A/Massachusetts/18/2022,160
A/Poland/PL40/2024,A/Massachusetts/18/2022,160
A/Massachusetts/18/2022,A/Thailand/08/2022,320
A/Thailand/08/2022,A/Thailand/08/2022,640
A/DistrictOfColumbia/27/2023,A/Thailand/08/2022,320
A/Croatia/10136RV/2023,A/Thailand/08/2022,640
A/Netherlands/10563/2023,A/Thailand/08/2022,320
A/Lisboa/216/2023,A/Thailand/08/2022,640
A/Slovenia/49/2024,A/Thailand/08/2022,160
A/Switzerland/47775/2024,A/Thailand/08/2022,80
A/Norway/12374/2023,A/Thailand/08/2022,320
A/BurkinaFaso/3131/2023,A/Thailand/08/2022,160
A/Algeria/339/2025,A/Thailand/08/2022,160
A/Milano/284/2024,A/Thailand/08/2022,160
A/Poland/PL51/2024,A/Thailand/08/2022,160
A/Netherlands/10660/2024,A/Thailand/08/2022,320
A/Netherlands/10662/2024,A/Thailand/08/2022,320
A/Netherlands/10665/2024,A/Thailand/08/2022,640
A/Netherlands/10667/2024,A/Thailand/08/2022,320
A/Netherlands/10685/2024,A/Thailand/08/2022,40
A/France/HDF-RELAB-IPP14464/2024,A/Thailand/08/2022,160
A/Poland/PL19/2024,A/Thailand/08/2022,320
A/Poland/PL54/2024,A/Thailand/08/2022,640
A/Ireland/00094642/2024,A/Thailand/08/2022,320
A/Romania_BB/586841/2024,A/Thailand/08/2022,160
A/Poland/57/2025,A/Thailand/08/2022,320
A/Romania_BB/586906/2025,A/Thailand/08/2022,320
A/Montenegro/1004782502/2025,A/Thailand/08/2022,160
A/Poland/12/2025,A/Thailand/08/2022,640
A/Poland/PL64/2024,A/Thailand/08/2022,160
A/Netherlands/10722/2024,A/Thailand/08/2022,320
A/Iran/8N28/2024,A/Thailand/08/2022,160
A/Poland/PL40/2024,A/Thailand/08/2022,160
A/Massachusetts/18/2022,A/DistrictOfColumbia/27/2023,320
A/Thailand/08/2022,A/DistrictOfColumbia/27/2023,640
A/DistrictOfColumbia/27/2023,A/DistrictOfColumbia/27/2023,320
A/Croatia/10136RV/2023,A/DistrictOfColumbia/27/2023,640
A/Netherlands/10563/2023,A/DistrictOfColumbia/27/2023,320
A/Lisboa/216/2023,A/DistrictOfColumbia/27/2023,640
A/Slovenia/49/2024,A/DistrictOfColumbia/27/2023,160
A/Switzerland/47775/2024,A/DistrictOfColumbia/27/2023,320
A/Norway/12374/2023,A/DistrictOfColumbia/27/2023,320
A/BurkinaFaso/3131/2023,A/DistrictOfColumbia/27/2023,160
A/Algeria/339/2025,A/DistrictOfColumbia/27/2023,160
A/Milano/284/2024,A/DistrictOfColumbia/27/2023,320
A/Poland/PL51/2024,A/DistrictOfColumbia/27/2023,320
A/Netherlands/10660/2024,A/DistrictOfColumbia/27/2023,320
A/Netherlands/10662/2024,A/DistrictOfColumbia/27/2023,320
A/Netherlands/10665/2024,A/DistrictOfColumbia/27/2023,320
A/Netherlands/10667/2024,A/DistrictOfColumbia/27/2023,320
A/Netherlands/10685/2024,A/DistrictOfColumbia/27/2023,40
A/France/HDF-RELAB-IPP14464/2024,A/DistrictOfColumbia/27/2023,320
A/Poland/PL19/2024,A/DistrictOfColumbia/27/2023,320
A/Poland/PL54/2024,A/DistrictOfColumbia/27/2023,320
A/Ireland/00094642/2024,A/DistrictOfColumbia/27/2023,320
A/Romania_BB/586841/2024,A/DistrictOfColumbia/27/2023,320
A/Poland/57/2025,A/DistrictOfColumbia/27/2023,320
A/Romania_BB/586906/2025,A/DistrictOfColumbia/27/2023,320
A/Montenegro/1004782502/2025,A/DistrictOfColumbia/27/2023,320
A/Poland/12/2025,A/DistrictOfColumbia/27/2023,320
A/Poland/PL64/2024,A/DistrictOfColumbia/27/2023,320
A/Netherlands/10722/2024,A/DistrictOfColumbia/27/2023,320
A/Iran/8N28/2024,A/DistrictOfColumbia/27/2023,320
A/Poland/PL40/2024,A/DistrictOfColumbia/27/2023,320
A/Massachusetts/18/2022,A/Croatia/10136RV/2023,320
A/Thailand/08/2022,A/Croatia/10136RV/2023,640
A/DistrictOfColumbia/27/2023,A/Croatia/10136RV/2023,640
A/Croatia/10136RV/2023,A/Croatia/10136RV/2023,1280
A/Netherlands/10563/2023,A/Croatia/10136RV/2023,640
A/Lisboa/216/2023,A/Croatia/10136RV/2023,640
A/Slovenia/49/2024,A/Croatia/10136RV/2023,320
A/Switzerland/47775/2024,A/Croatia/10136RV/2023,160
A/Norway/12374/2023,A/Croatia/10136RV/2023,640
A/BurkinaFaso/3131/2023,A/Croatia/10136RV/2023,160
A/Algeria/339/2025,A/Croatia/10136RV/2023,320
A/Milano/284/2024,A/Croatia/10136RV/2023,320
A/Poland/PL51/2024,A/Croatia/10136RV/2023,320
A/Netherlands/10660/2024,A/Croatia/10136RV/2023,640
A/Netherlands/10662/2024,A/Croatia/10136RV/2023,640
A/Netherlands/10665/2024,A/Croatia/10136RV/2023,640
A/Netherlands/10667/2024,A/Croatia/10136RV/2023,640
A/Netherlands/10685/2024,A/Croatia/10136RV/2023,40
A/France/HDF-RELAB-IPP14464/2024,A/Croatia/10136RV/2023,320
A/Poland/PL19/2024,A/Croatia/10136RV/2023,640
A/Poland/PL54/2024,A/Croatia/10136RV/2023,640
A/Ireland/00094642/2024,A/Croatia/10136RV/2023,640
A/Romania_BB/586841/2024,A/Croatia/10136RV/2023,640
A/Poland/57/2025,A/Croatia/10136RV/2023,640
A/Romania_BB/586906/2025,A/Croatia/10136RV/2023,640
A/Montenegro/1004782502/2025,A/Croatia/10136RV/2023,320
A/Poland/12/2025,A/Croatia/10136RV/2023,640
A/Poland/PL64/2024,A/Croatia/10136RV/2023,640
A/Netherlands/10722/2024,A/Croatia/10136RV/2023,640
A/Iran/8N28/2024,A/Croatia/10136RV/2023,320
A/Poland/PL40/2024,A/Croatia/10136RV/2023,320
A/Massachusetts/18/2022,A/Netherlands/10563/2023,320
A/Thailand/08/2022,A/Netherlands/10563/2023,640
A/DistrictOfColumbia/27/2023,A/Netherlands/10563/2023,320
A/Croatia/10136RV/2023,A/Netherlands/10563/2023,640
A/Netherlands/10563/2023,A/Netherlands/10563/2023,320
A/Lisboa/216/2023,A/Netherlands/10563/2023,320
A/Slovenia/49/2024,A/Netherlands/10563/2023,80
A/Switzerland/47775/2024,A/Netherlands/10563/2023,160
A/Norway/12374/2023,A/Netherlands/10563/2023,320
A/BurkinaFaso/3131/2023,A/Netherlands/10563/2023,160
A/Algeria/339/2025,A/Netherlands/10563/2023,160
A/Milano/284/2024,A/Netherlands/10563/2023,160
A/Poland/PL51/2024,A/Netherlands/10563/2023,320
A/Netherlands/10660/2024,A/Netherlands/10563/2023,320
A/Netherlands/10662/2024,A/Netherlands/10563/2023,320
A/Netherlands/10665/2024,A/Netherlands/10563/2023,320
A/Netherlands/10667/2024,A/Netherlands/10563/2023,320
A/Netherlands/10685/2024,A/Netherlands/10563/2023,<40
A/France/HDF-RELAB-IPP14464/2024,A/Netherlands/10563/2023,320
A/Poland/PL19/2024,A/Netherlands/10563/2023,320
A/Poland/PL54/2024,A/Netherlands/10563/2023,320
A/Ireland/00094642/2024,A/Netherlands/10563/2023,320
A/Romania_BB/586841/2024,A/Netherlands/10563/2023,320
A/Poland/57/2025,A/Netherlands/10563/2023,320
A/Romania_BB/586906/2025,A/Netherlands/10563/2023,320
A/Montenegro/1004782502/2025,A/Netherlands/10563/2023,160
A/Poland/12/2025,A/Netherlands/10563/2023,320
A/Poland/PL64/2024,A/Netherlands/10563/2023,320
A/Netherlands/10722/2024,A/Netherlands/10563/2023,320
A/Iran/8N28/2024,A/Netherlands/10563/2023,320
A/Poland/PL40/2024,A/Netherlands/10563/2023,320
A/Massachusetts/18/2022,A/Lisboa/216/2023,320
A/Thailand/08/2022,A/Lisboa/216/2023,320
A/DistrictOfColumbia/27/2023,A/Lisboa/216/2023,640
A/Croatia/10136RV/2023,A/Lisboa/216/2023,640
A/Netherlands/10563/2023,A/Lisboa/216/2023,640
A/Lisboa/216/2023,A/Lisboa/216/2023,320
A/Slovenia/49/2024,A/Lisboa/216/2023,320
A/Switzerland/47775/2024,A/Lisboa/216/2023,80
A/Norway/12374/2023,A/Lisboa/216/2023,320
A/BurkinaFaso/3131/2023,A/Lisboa/216/2023,80
A/Algeria/339/2025,A/Lisboa/216/2023,160
A/Milano/284/2024,A/Lisboa/216/2023,320
A/Poland/PL51/2024,A/Lisboa/216/2023,320
A/Netherlands/10660/2024,A/Lisboa/216/2023,640
A/Netherlands/10662/2024,A/Lisboa/216/2023,640
A/Netherlands/10665/2024,A/Lisboa/216/2023,320
A/Netherlands/10667/2024,A/Lisboa/216/2023,320
A/Netherlands/10685/2024,A/Lisboa/216/2023,80
A/France/HDF-RELAB-IPP14464/2024,A/Lisboa/216/2023,320
A/Poland/PL19/2024,A/Lisboa/216/2023,640
A/Poland/PL54/2024,A/Lisboa/216/2023,640
A/Ireland/00094642/2024,A/Lisboa/216/2023,640
A/Romania_BB/586841/2024,A/Lisboa/216/2023,320
A/Poland/57/2025,A/Lisboa/216/2023,320
A/Romania_BB/586906/2025,A/Lisboa/216/2023,40
A/Montenegro/1004782502/2025,A/Lisboa/216/2023,320
A/Poland/12/2025,A/Lisboa/216/2023,640
A/Poland/PL64/2024,A/Lisboa/216/2023,640
A/Netherlands/10722/2024,A/Lisboa/216/2023,320
A/Iran/8N28/2024,A/Lisboa/216/2023,320
A/Poland/PL40/2024,A/Lisboa/216/2023,320
A/Massachusetts/18/2022,A/Slovenia/49/2024,80
A/Thailand/08/2022,A/Slovenia/49/2024,160
A/DistrictOfColumbia/27/2023,A/Slovenia/49/2024,80
A/Croatia/10136RV/2023,A/Slovenia/49/2024,320
A/Netherlands/10563/2023,A/Slovenia/49/2024,320
A/Lisboa/216/2023,A/Slovenia/49/2024,160
A/Slovenia/49/2024,A/Slovenia/49/2024,2560
A/Switzerland/47775/2024,A/Slovenia/49/2024,<40
A/Norway/12374/2023,A/Slovenia/49/2024,160
A/BurkinaFaso/3131/2023,A/Slovenia/49/2024,40
A/Algeria/339/2025,A/Slovenia/49/2024,80
A/Milano/284/2024,A/Slovenia/49/2024,80
A/Poland/PL51/2024,A/Slovenia/49/2024,80
A/Netherlands/10660/2024,A/Slovenia/49/2024,80
A/Netherlands/10662/2024,A/Slovenia/49/2024,80
A/Netherlands/10665/2024,A/Slovenia/49/2024,40
A/Netherlands/10667/2024,A/Slovenia/49/2024,40
A/Netherlands/10685/2024,A/Slovenia/49/2024,40
A/France/HDF-RELAB-IPP14464/2024,A/Slovenia/49/2024,80
A/Poland/PL19/2024,A/Slovenia/49/2024,160
A/Poland/PL54/2024,A/Slovenia/49/2024,320
A/Ireland/00094642/2024,A/Slovenia/49/2024,40
A/Romania_BB/586841/2024,A/Slovenia/49/2024,160
A/Poland/57/2025,A/Slovenia/49/2024,80
A/Romania_BB/586906/2025,A/Slovenia/49/2024,40
A/Montenegro/1004782502/2025,A/Slovenia/49/2024,160
A/Poland/12/2025,A/Slovenia/49/2024,40
A/Poland/PL64/2024,A/Slovenia/49/2024,320
A/Netherlands/10722/2024,A/Slovenia/49/2024,80
A/Iran/8N28/2024,A/Slovenia/49/2024,160
A/Poland/PL40/2024,A/Slovenia/49/2024,160
A/Massachusetts/18/2022,A/Switzerland/47775/2024,80
A/Thailand/08/2022,A/Switzerland/47775/2024,320
A/DistrictOfColumbia/27/2023,A/Switzerland/47775/2024,160
A/Croatia/10136RV/2023,A/Switzerland/47775/2024,320
A/Netherlands/10563/2023,A/Switzerland/47775/2024,160
A/Lisboa/216/2023,A/Switzerland/47775/2024,160
A/Slovenia/49/2024,A/Switzerland/47775/2024,80
A/Switzerland/47775/2024,A/Switzerland/47775/2024,160
A/Norway/12374/2023,A/Switzerland/47775/2024,160
A/BurkinaFaso/3131/2023,A/Switzerland/47775/2024,160
A/Algeria/339/2025,A/Switzerland/47775/2024,80
A/Milano/284/2024,A/Switzerland/47775/2024,80
A/Poland/PL51/2024,A/Switzerland/47775/2024,160
A/Netherlands/10660/2024,A/Switzerland/47775/2024,160
A/Netherlands/10662/2024,A/Switzerland/47775/2024,160
A/Netherlands/10665/2024,A/Switzerland/47775/2024,80
A/Netherlands/10667/2024,A/Switzerland/47775/2024,160
A/Netherlands/10685/2024,A/Switzerland/47775/2024,40
A/France/HDF-RELAB-IPP14464/2024,A/Switzerland/47775/2024,80
A/Poland/PL19/2024,A/Switzerland/47775/2024,160
A/Poland/PL54/2024,A/Switzerland/47775/2024,160
A/Ireland/00094642/2024,A/Switzerland/47775/2024,160
A/Romania_BB/586841/2024,A/Switzerland/47775/2024,160
A/Poland/57/2025,A/Switzerland/47775/2024,160
A/Romania_BB/586906/2025,A/Switzerland/47775/2024,80
A/Montenegro/1004782502/2025,A/Switzerland/47775/2024,160
A/Poland/12/2025,A/Switzerland/47775/2024,160
A/Poland/PL64/2024,A/Switzerland/47775/2024,160
A/Netherlands/10722/2024,A/Switzerland/47775/2024,160
A/Iran/8N28/2024,A/Switzerland/47775/2024,160
A/Poland/PL40/2024,A/Switzerland/47775/2024,80
A/Massachusetts/18/2022,A/Norway/12374/2023,80
A/Thailand/08/2022,A/Norway/12374/2023,160
A/DistrictOfColumbia/27/2023,A/Norway/12374/2023,80
A/Croatia/10136RV/2023,A/Norway/12374/2023,160
A/Netherlands/10563/2023,A/Norway/12374/2023,160
A/Lisboa/216/2023,A/Norway/12374/2023,160
A/Slovenia/49/2024,A/Norway/12374/2023,40
A/Switzerland/47775/2024,A/Norway/12374/2023,80
A/Norway/12374/2023,A/Norway/12374/2023,160
A/BurkinaFaso/3131/2023,A/Norway/12374/2023,80
A/Algeria/339/2025,A/Norway/12374/2023,40
A/Milano/284/2024,A/Norway/12374/2023,80
A/Poland/PL51/2024,A/Norway/12374/2023,80
A/Netherlands/10660/2024,A/Norway/12374/2023,160
A/Netherlands/10662/2024,A/Norway/12374/2023,80
A/Netherlands/10665/2024,A/Norway/12374/2023,80
A/Netherlands/10667/2024,A/Norway/12374/2023,80
A/Netherlands/10685/2024,A/Norway/12374/2023,20
A/France/HDF-RELAB-IPP14464/2024,A/Norway/12374/2023,80
A/Poland/PL19/2024,A/Norway/12374/2023,80
A/Poland/PL54/2024,A/Norway/12374/2023,80
A/Ireland/00094642/2024,A/Norway/12374/2023,160
A/Romania_BB/586841/2024,A/Norway/12374/2023,80
A/Poland/57/2025,A/Norway/12374/2023,80
A/Romania_BB/586906/2025,A/Norway/12374/2023,80
A/Montenegro/1004782502/2025,A/Norway/12374/2023,80
A/Poland/12/2025,A/Norway/12374/2023,160
A/Poland/PL64/2024,A/Norway/12374/2023,80
A/Netherlands/10722/2024,A/Norway/12374/2023,80
A/Iran/8N28/2024,A/Norway/12374/2023,80
A/Poland/PL40/2024,A/Norway/12374/2023,80
A/Massachusetts/18/2022,A/BurkinaFaso/3131/2023,160
A/Thailand/08/2022,A/BurkinaFaso/3131/2023,160
A/DistrictOfColumbia/27/2023,A/BurkinaFaso/3131/2023,160
A/Croatia/10136RV/2023,A/BurkinaFaso/3131/2023,160
A/Netherlands/10563/2023,A/BurkinaFaso/3131/2023,160
A/Lisboa/216/2023,A/BurkinaFaso/3131/2023,80
A/Slovenia/49/2024,A/BurkinaFaso/3131/2023,20
A/Switzerland/47775/2024,A/BurkinaFaso/3131/2023,80
A/Norway/12374/2023,A/BurkinaFaso/3131/2023,160
A/BurkinaFaso/3131/2023,A/BurkinaFaso/3131/2023,160
A/Algeria/339/2025,A/BurkinaFaso/3131/2023,80
A/Milano/284/2024,A/BurkinaFaso/3131/2023,80
A/Poland/PL51/2024,A/BurkinaFaso/3131/2023,80
A/Netherlands/10660/2024,A/BurkinaFaso/3131/2023,80
A/Netherlands/10662/2024,A/BurkinaFaso/3131/2023,80
A/Netherlands/10665/2024,A/BurkinaFaso/3131/2023,80
A/Netherlands/10667/2024,A/BurkinaFaso/3131/2023,80
A/Netherlands/10685/2024,A/BurkinaFaso/3131/2023,10
A/France/HDF-RELAB-IPP14464/2024,A/BurkinaFaso/3131/2023,80
A/Poland/PL19/2024,A/BurkinaFaso/3131/2023,80
A/Poland/PL54/2024,A/BurkinaFaso/3131/2023,160
A/Ireland/00094642/2024,A/BurkinaFaso/3131/2023,80
A/Romania_BB/586841/2024,A/BurkinaFaso/3131/2023,80
A/Poland/57/2025,A/BurkinaFaso/3131/2023,80
A/Romania_BB/586906/2025,A/BurkinaFaso/3131/2023,80
A/Montenegro/1004782502/2025,A/BurkinaFaso/3131/2023,80
A/Poland/12/2025,A/BurkinaFaso/3131/2023,160
A/Poland/PL64/2024,A/BurkinaFaso/3131/2023,160
A/Netherlands/10722/2024,A/BurkinaFaso/3131/2023,80
A/Iran/8N28/2024,A/BurkinaFaso/3131/2023,80
A/Poland/PL40/2024,A/BurkinaFaso/3131/2023,80
A/Massachusetts/18/2022,A/Massachusetts/18/2022,320
A/Thailand/08/2022,A/Massachusetts/18/2022,320
A/DistrictOfColumbia/27/2023,A/Massachusetts/18/2022,160
A/Croatia/10136RV/2023,A/Massachusetts/18/2022,320
A/Netherlands/10563/2023,A/Massachusetts/18/2022,320
A/Lisboa/216/2023,A/Massachusetts/18/2022,320
A/Slovenia/49/2024,A/Massachusetts/18/2022,40
A/Switzerland/47775/2024,A/Massachusetts/18/2022,<40
A/Norway/12374/2023,A/Massachusetts/18/2022,320
A/BurkinaFaso/3131/2023,A/Massachusetts/18/2022,<40
A/Norway/08009/2024,A/Massachusetts/18/2022,160
A/Norway/08601/2024,A/Massachusetts/18/2022,<40
A/Poland/PL45/2024,A/Massachusetts/18/2022,160
A/Poland/PL53/2024,A/Massachusetts/18/2022,80
A/Norway/00392/2025,A/Massachusetts/18/2022,80
A/Poland/PL44/2024,A/Massachusetts/18/2022,80
A/Massachusetts/18/2022,A/Thailand/08/2022,640
A/Thailand/08/2022,A/Thailand/08/2022,1280
A/DistrictOfColumbia/27/2023,A/Thailand/08/2022,320
A/Croatia/10136RV/2023,A/Thailand/08/2022,640
A/Netherlands/10563/2023,A/Thailand/08/2022,640
A/Lisboa/216/2023,A/Thailand/08/2022,640
A/Slovenia/49/2024,A/Thailand/08/2022,160
A/Switzerland/47775/2024,A/Thailand/08/2022,80
A/Norway/12374/2023,A/Thailand/08/2022,640
A/BurkinaFaso/3131/2023,A/Thailand/08/2022,160
A/Norway/08009/2024,A/Thailand/08/2022,160
A/Norway/08601/2024,A/Thailand/08/2022,80
A/Poland/PL45/2024,A/Thailand/08/2022,320
A/Poland/PL53/2024,A/Thailand/08/2022,320
A/Norway/00392/2025,A/Thailand/08/2022,160
A/Poland/PL44/2024,A/Thailand/08/2022,160
A/Massachusetts/18/2022,A/DistrictOfColumbia/27/2023,160
A/Thailand/08/2022,A/DistrictOfColumbia/27/2023,320
A/DistrictOfColumbia/27/2023,A/DistrictOfColumbia/27/2023,320
A/Croatia/10136RV/2023,A/DistrictOfColumbia/27/2023,640
A/Netherlands/10563/2023,A/DistrictOfColumbia/27/2023,640
A/Lisboa/216/2023,A/DistrictOfColumbia/27/2023,640
A/Slovenia/49/2024,A/DistrictOfColumbia/27/2023,160
A/Switzerland/47775/2024,A/DistrictOfColumbia/27/2023,160
A/Norway/12374/2023,A/DistrictOfColumbia/27/2023,320
A/BurkinaFaso/3131/2023,A/DistrictOfColumbia/27/2023,160
A/Norway/08009/2024,A/DistrictOfColumbia/27/2023,320
A/Norway/08601/2024,A/DistrictOfColumbia/27/2023,80
A/Poland/PL45/2024,A/DistrictOfColumbia/27/2023,320
A/Poland/PL53/2024,A/DistrictOfColumbia/27/2023,320
A/Norway/00392/2025,A/DistrictOfColumbia/27/2023,320
A/Poland/PL44/2024,A/DistrictOfColumbia/27/2023,160
A/Massachusetts/18/2022,A/Croatia/10136RV/2023,320
A/Thailand/08/2022,A/Croatia/10136RV/2023,640
A/DistrictOfColumbia/27/2023,A/Croatia/10136RV/2023,640
A/Croatia/10136RV/2023,A/Croatia/10136RV/2023,1280
A/Netherlands/10563/2023,A/Croatia/10136RV/2023,640
A/Lisboa/216/2023,A/Croatia/10136RV/2023,640
A/Slovenia/49/2024,A/Croatia/10136RV/2023,160
A/Switzerland/47775/2024,A/Croatia/10136RV/2023,80
A/Norway/12374/2023,A/Croatia/10136RV/2023,320
A/BurkinaFaso/3131/2023,A/Croatia/10136RV/2023,160
A/Norway/08009/2024,A/Croatia/10136RV/2023,320
A/Norway/08601/2024,A/Croatia/10136RV/2023,160
A/Poland/PL45/2024,A/Croatia/10136RV/2023,320
A/Poland/PL53/2024,A/Croatia/10136RV/2023,320
A/Norway/00392/2025,A/Croatia/10136RV/2023,320
A/Poland/PL44/2024,A/Croatia/10136RV/2023,320
A/Massachusetts/18/2022,A/Netherlands/10563/2023,320
A/Thailand/08/2022,A/Netherlands/10563/2023,640
A/DistrictOfColumbia/27/2023,A/Netherlands/10563/2023,320
A/Croatia/10136RV/2023,A/Netherlands/10563/2023,640
A/Netherlands/10563/2023,A/Netherlands/10563/2023,640
A/Lisboa/216/2023,A/Netherlands/10563/2023,320
A/Slovenia/49/2024,A/Netherlands/10563/2023,80
A/Switzerland/47775/2024,A/Netherlands/10563/2023,80
A/Norway/12374/2023,A/Netherlands/10563/2023,320
A/BurkinaFaso/3131/2023,A/Netherlands/10563/2023,80
A/Norway/08009/2024,A/Netherlands/10563/2023,320
A/Norway/08601/2024,A/Netherlands/10563/2023,40
A/Poland/PL45/2024,A/Netherlands/10563/2023,320
A/Poland/PL53/2024,A/Netherlands/10563/2023,320
A/Norway/00392/2025,A/Netherlands/10563/2023,320
A/Poland/PL44/2024,A/Netherlands/10563/2023,320
A/Massachusetts/18/2022,A/Lisboa/216/2023,320
A/Thailand/08/2022,A/Lisboa/216/2023,640
A/DistrictOfColumbia/27/2023,A/Lisboa/216/2023,320
A/Croatia/10136RV/2023,A/Lisboa/216/2023,640
A/Netherlands/10563/2023,A/Lisboa/216/2023,640
A/Lisboa/216/2023,A/Lisboa/216/2023,320
A/Slovenia/49/2024,A/Lisboa/216/2023,160
A/Switzerland/47775/2024,A/Lisboa/216/2023,80
A/Norway/12374/2023,A/Lisboa/216/2023,640
A/BurkinaFaso/3131/2023,A/Lisboa/216/2023,80
A/Norway/08009/2024,A/Lisboa/216/2023,320
A/Norway/08601/2024,A/Lisboa/216/2023,160
A/Poland/PL45/2024,A/Lisboa/216/2023,320
A/Poland/PL53/2024,A/Lisboa/216/2023,160
A/Norway/00392/2025,A/Lisboa/216/2023,160
A/Poland/PL44/2024,A/Lisboa/216/2023,160
A/Massachusetts/18/2022,A/Slovenia/49/2024,80
A/Thailand/08/2022,A/Slovenia/49/2024,320
A/DistrictOfColumbia/27/2023,A/Slovenia/49/2024,160
A/Croatia/10136RV/2023,A/Slovenia/49/2024,640
A/Netherlands/10563/2023,A/Slovenia/49/2024,320
A/Lisboa/216/2023,A/Slovenia/49/2024,320
A/Slovenia/49/2024,A/Slovenia/49/2024,1280
A/Switzerland/47775/2024,A/Slovenia/49/2024,<40
A/Norway/12374/2023,A/Slovenia/49/2024,320
A/BurkinaFaso/3131/2023,A/Slovenia/49/2024,<40
A/Norway/08009/2024,A/Slovenia/49/2024,160
A/Norway/08601/2024,A/Slovenia/49/2024,2560
A/Poland/PL45/2024,A/Slovenia/49/2024,160
A/Poland/PL53/2024,A/Slovenia/49/2024,160
A/Norway/00392/2025,A/Slovenia/49/2024,160
A/Poland/PL44/2024,A/Slovenia/49/2024,80
A/Massachusetts/18/2022,A/Switzerland/47775/2024,40
A/Thailand/08/2022,A/Switzerland/47775/2024,160
A/DistrictOfColumbia/27/2023,A/Switzerland/47775/2024,160
A/Croatia/10136RV/2023,A/Switzerland/47775/2024,160
A/Netherlands/10563/2023,A/Switzerland/47775/2024,160
A/Lisboa/216/2023,A/Switzerland/47775/2024,80
A/Slovenia/49/2024,A/Switzerland/47775/2024,40
A/Switzerland/47775/2024,A/Switzerland/47775/2024,160
A/Norway/12374/2023,A/Switzerland/47775/2024,160
A/BurkinaFaso/3131/2023,A/Switzerland/47775/2024,160
A/Norway/08009/2024,A/Switzerland/47775/2024,80
A/Norway/08601/2024,A/Switzerland/47775/2024,40
A/Poland/PL45/2024,A/Switzerland/47775/2024,80
A/Poland/PL53/2024,A/Switzerland/47775/2024,80
A/Norway/00392/2025,A/Switzerland/47775/2024,80
A/Poland/PL44/2024,A/Switzerland/47775/2024,40
A/Massachusetts/18/2022,A/Norway/12374/2023,80
A/Thailand/08/2022,A/Norway/12374/2023,160
A/DistrictOfColumbia/27/2023,A/Norway/12374/2023,80
A/Croatia/10136RV/2023,A/Norway/12374/2023,160
A/Netherlands/10563/2023,A/Norway/12374/2023,320
A/Lisboa/216/2023,A/Norway/12374/2023,160
A/Slovenia/49/2024,A/Norway/12374/2023,20
A/Switzerland/47775/2024,A/Norway/12374/2023,40
A/Norway/12374/2023,A/Norway/12374/2023,160
A/BurkinaFaso/3131/2023,A/Norway/12374/2023,40
A/Norway/08009/2024,A/Norway/12374/2023,80
A/Norway/08601/2024,A/Norway/12374/2023,20
A/Poland/PL45/2024,A/Norway/12374/2023,80
A/Poland/PL53/2024,A/Norway/12374/2023,80
A/Norway/00392/2025,A/Norway/12374/2023,80
A/Poland/PL44/2024,A/Norway/12374/2023,80
A/Massachusetts/18/2022,A/BurkinaFaso/3131/2023,80
A/Thailand/08/2022,A/BurkinaFaso/3131/2023,160
A/DistrictOfColumbia/27/2023,A/BurkinaFaso/3131/2023,80
A/Croatia/10136RV/2023,A/BurkinaFaso/3131/2023,160
A/Netherlands/10563/2023,A/BurkinaFaso/3131/2023,160
A/Lisboa/216/2023,A/BurkinaFaso/3131/2023,80
A/Slovenia/49/2024,A/BurkinaFaso/3131/2023,<10
A/Switzerland/47775/2024,A/BurkinaFaso/3131/2023,80
A/Norway/12374/2023,A/BurkinaFaso/3131/2023,160
A/BurkinaFaso/3131/2023,A/BurkinaFaso/3131/2023,160
A/Norway/08009/2024,A/BurkinaFaso/3131/2023,80
A/Norway/08601/2024,A/BurkinaFaso/3131/2023,<10
A/Poland/PL45/2024,A/BurkinaFaso/3131/2023,80
A/Poland/PL53/2024,A/BurkinaFaso/3131/2023,80
A/Norway/00392/2025,A/BurkinaFaso/3131/2023,80
A/Poland/PL44/2024,A/BurkinaFaso/3131/2023,40
A/Massachusetts/18/2022,A/Massachusetts/18/2022,320
A/Thailand/08/2022,A/Massachusetts/18/2022,320
A/DistrictOfColumbia/27/2023,A/Massachusetts/18/2022,160
A/Croatia/10136RV/2023,A/Massachusetts/18/2022,320
A/Netherlands/10563/2023,A/Massachusetts/18/2022,320
A/Lisboa/216/2023,A/Massachusetts/18/2022,320
A/Slovenia/49/2024,A/Massachusetts/18/2022,40
A/Switzerland/47775/2024,A/Massachusetts/18/2022,<40
A/Norway/12374/2023,A/Massachusetts/18/2022,160
A/BurkinaFaso/3131/2023,A/Massachusetts/18/2022,<40
A/Norway/00396/2025,A/Massachusetts/18/2022,40
A/Netherlands/01577/2024,A/Massachusetts/18/2022,<40
A/Netherlands/01285/2024,A/Massachusetts/18/2022,<40
A/Norway/07962/2024,A/Massachusetts/18/2022,160
A/Netherlands/01829/2024,A/Massachusetts/18/2022,<40
A/Massachusetts/18/2022,A/Thailand/08/2022,640
A/Thailand/08/2022,A/Thailand/08/2022,640
A/DistrictOfColumbia/27/2023,A/Thailand/08/2022,320
A/Croatia/10136RV/2023,A/Thailand/08/2022,640
A/Netherlands/10563/2023,A/Thailand/08/2022,640
A/Lisboa/216/2023,A/Thailand/08/2022,640
A/Slovenia/49/2024,A/Thailand/08/2022,80
A/Switzerland/47775/2024,A/Thailand/08/2022,40
A/Norway/12374/2023,A/Thailand/08/2022,320
A/BurkinaFaso/3131/2023,A/Thailand/08/2022,160
A/Norway/00396/2025,A/Thailand/08/2022,160
A/Netherlands/01577/2024,A/Thailand/08/2022,40
A/Netherlands/01285/2024,A/Thailand/08/2022,<40
A/Norway/07962/2024,A/Thailand/08/2022,320
A/Netherlands/01829/2024,A/Thailand/08/2022,40
A/Massachusetts/18/2022,A/DistrictOfColumbia/27/2023,160
A/Thailand/08/2022,A/DistrictOfColumbia/27/2023,320
A/DistrictOfColumbia/27/2023,A/DistrictOfColumbia/27/2023,320
A/Croatia/10136RV/2023,A/DistrictOfColumbia/27/2023,640
A/Netherlands/10563/2023,A/DistrictOfColumbia/27/2023,640
A/Lisboa/216/2023,A/DistrictOfColumbia/27/2023,640
A/Slovenia/49/2024,A/DistrictOfColumbia/27/2023,80
A/Switzerland/47775/2024,A/DistrictOfColumbia/27/2023,160
A/Norway/12374/2023,A/DistrictOfColumbia/27/2023,320
A/BurkinaFaso/3131/2023,A/DistrictOfColumbia/27/2023,160
A/Norway/00396/2025,A/DistrictOfColumbia/27/2023,160
A/Netherlands/01577/2024,A/DistrictOfColumbia/27/2023,40
A/Netherlands/01285/2024,A/DistrictOfColumbia/27/2023,80
A/Norway/07962/2024,A/DistrictOfColumbia/27/2023,320
A/Netherlands/01829/2024,A/DistrictOfColumbia/27/2023,80
A/Massachusetts/18/2022,A/Croatia/10136RV/2023,160
A/Thailand/08/2022,A/Croatia/10136RV/2023,640
A/DistrictOfColumbia/27/2023,A/Croatia/10136RV/2023,320
A/Croatia/10136RV/2023,A/Croatia/10136RV/2023,640
A/Netherlands/10563/2023,A/Croatia/10136RV/2023,640
A/Lisboa/216/2023,A/Croatia/10136RV/2023,640
A/Slovenia/49/2024,A/Croatia/10136RV/2023,160
A/Switzerland/47775/2024,A/Croatia/10136RV/2023,80
A/Norway/12374/2023,A/Croatia/10136RV/2023,320
A/BurkinaFaso/3131/2023,A/Croatia/10136RV/2023,160
A/Norway/00396/2025,A/Croatia/10136RV/2023,160
A/Netherlands/01577/2024,A/Croatia/10136RV/2023,80
A/Netherlands/01285/2024,A/Croatia/10136RV/2023,40
A/Norway/07962/2024,A/Croatia/10136RV/2023,320
A/Netherlands/01829/2024,A/Croatia/10136RV/2023,40
A/Massachusetts/18/2022,A/Netherlands/10563/2023,160
A/Thailand/08/2022,A/Netherlands/10563/2023,320
A/DistrictOfColumbia/27/2023,A/Netherlands/10563/2023,320
A/Croatia/10136RV/2023,A/Netherlands/10563/2023,640
A/Netherlands/10563/2023,A/Netherlands/10563/2023,640
A/Lisboa/216/2023,A/Netherlands/10563/2023,640
A/Slovenia/49/2024,A/Netherlands/10563/2023,40
A/Switzerland/47775/2024,A/Netherlands/10563/2023,80
A/Norway/12374/2023,A/Netherlands/10563/2023,320
A/BurkinaFaso/3131/2023,A/Netherlands/10563/2023,160
A/Norway/00396/2025,A/Netherlands/10563/2023,160
A/Netherlands/01577/2024,A/Netherlands/10563/2023,40
A/Netherlands/01285/2024,A/Netherlands/10563/2023,40
A/Norway/07962/2024,A/Netherlands/10563/2023,320
A/Netherlands/01829/2024,A/Netherlands/10563/2023,40
A/Massachusetts/18/2022,A/Lisboa/216/2023,160
A/Thailand/08/2022,A/Lisboa/216/2023,640
A/DistrictOfColumbia/27/2023,A/Lisboa/216/2023,320
A/Croatia/10136RV/2023,A/Lisboa/216/2023,640
A/Netherlands/10563/2023,A/Lisboa/216/2023,640
A/Lisboa/216/2023,A/Lisboa/216/2023,320
A/Slovenia/49/2024,A/Lisboa/216/2023,160
A/Switzerland/47775/2024,A/Lisboa/216/2023,40
A/Norway/12374/2023,A/Lisboa/216/2023,320
A/BurkinaFaso/3131/2023,A/Lisboa/216/2023,80
A/Norway/00396/2025,A/Lisboa/216/2023,160
A/Netherlands/01577/2024,A/Lisboa/216/2023,80
A/Netherlands/01285/2024,A/Lisboa/216/2023,<40
A/Norway/07962/2024,A/Lisboa/216/2023,320
A/Netherlands/01829/2024,A/Lisboa/216/2023,40
A/Massachusetts/18/2022,A/Slovenia/49/2024,80
A/Thailand/08/2022,A/Slovenia/49/2024,320
A/DistrictOfColumbia/27/2023,A/Slovenia/49/2024,160
A/Croatia/10136RV/2023,A/Slovenia/49/2024,320
A/Netherlands/10563/2023,A/Slovenia/49/2024,320
A/Lisboa/216/2023,A/Slovenia/49/2024,320
A/Slovenia/49/2024,A/Slovenia/49/2024,1280
A/Switzerland/47775/2024,A/Slovenia/49/2024,<40
A/Norway/12374/2023,A/Slovenia/49/2024,160
A/BurkinaFaso/3131/2023,A/Slovenia/49/2024,<40
A/Norway/00396/2025,A/Slovenia/49/2024,80
A/Netherlands/01577/2024,A/Slovenia/49/2024,1280
A/Netherlands/01285/2024,A/Slovenia/49/2024,<40
A/Norway/07962/2024,A/Slovenia/49/2024,160
A/Netherlands/01829/2024,A/Slovenia/49/2024,<40
A/Massachusetts/18/2022,A/Switzerland/47775/2024,40
A/Thailand/08/2022,A/Switzerland/47775/2024,160
A/DistrictOfColumbia/27/2023,A/Switzerland/47775/2024,80
A/Croatia/10136RV/2023,A/Switzerland/47775/2024,160
A/Netherlands/10563/2023,A/Switzerland/47775/2024,160
A/Lisboa/216/2023,A/Switzerland/47775/2024,160
A/Slovenia/49/2024,A/Switzerland/47775/2024,40
A/Switzerland/47775/2024,A/Switzerland/47775/2024,160
A/Norway/12374/2023,A/Switzerland/47775/2024,80
A/BurkinaFaso/3131/2023,A/Switzerland/47775/2024,160
A/Norway/00396/2025,A/Switzerland/47775/2024,80
A/Netherlands/01577/2024,A/Switzerland/47775/2024,<40
A/Netherlands/01285/2024,A/Switzerland/47775/2024,80
A/Norway/07962/2024,A/Switzerland/47775/2024,80
A/Netherlands/01829/2024,A/Switzerland/47775/2024,80
A/Massachusetts/18/2022,A/Norway/12374/2023,40
A/Thailand/08/2022,A/Norway/12374/2023,160
A/DistrictOfColumbia/27/2023,A/Norway/12374/2023,80
A/Croatia/10136RV/2023,A/Norway/12374/2023,160
A/Netherlands/10563/2023,A/Norway/12374/2023,320
A/Lisboa/216/2023,A/Norway/12374/2023,160
A/Slovenia/49/2024,A/Norway/12374/2023,20
A/Switzerland/47775/2024,A/Norway/12374/2023,40
A/Norway/12374/2023,A/Norway/12374/2023,80
A/BurkinaFaso/3131/2023,A/Norway/12374/2023,80
A/Norway/00396/2025,A/Norway/12374/2023,80
A/Netherlands/01577/2024,A/Norway/12374/2023,10
A/Netherlands/01285/2024,A/Norway/12374/2023,20
A/Norway/07962/2024,A/Norway/12374/2023,80
A/Netherlands/01829/2024,A/Norway/12374/2023,40
A/Massachusetts/18/2022,A/BurkinaFaso/3131/2023,80
A/Thailand/08/2022,A/BurkinaFaso/3131/2023,160
A/DistrictOfColumbia/27/2023,A/BurkinaFaso/3131/2023,80
A/Croatia/10136RV/2023,A/BurkinaFaso/3131/2023,80
A/Netherlands/10563/2023,A/BurkinaFaso/3131/2023,160
A/Lisboa/216/2023,A/BurkinaFaso/3131/2023,80
A/Slovenia/49/2024,A/BurkinaFaso/3131/2023,<10
A/Switzerland/47775/2024,A/BurkinaFaso/3131/2023,40
A/Norway/12374/2023,A/BurkinaFaso/3131/2023,80
A/BurkinaFaso/3131/2023,A/BurkinaFaso/3131/2023,160
A/Norway/00396/2025,A/BurkinaFaso/3131/2023,40
A/Netherlands/01577/2024,A/BurkinaFaso/3131/2023,<10
A/Netherlands/01285/2024,A/BurkinaFaso/3131/2023,40
A/Norway/07962/2024,A/BurkinaFaso/3131/2023,80
A/Netherlands/01829/2024,A/BurkinaFaso/3131/2023,80
A/Oklahoma/05/2024,A/Oklahoma/05/2024,2560
A/Idaho/69/2023,A/Oklahoma/05/2024,<40
A/Switzerland/59652/2024,A/Oklahoma/05/2024,<40
A/Switzerland/59652/2024,A/Oklahoma/05/2024,<40
A/Norway/423/2024,A/Oklahoma/05/2024,2560
A/Norway/1952/2024,A/Oklahoma/05/2024,2560
A/Netherlands/10685/2024,A/Oklahoma/05/2024,160
A/Slovenia/49/204,A/Oklahoma/05/2024,1280
A/Switzerland/47775/2024,A/Oklahoma/05/2024,<40
A/Croatia/10136RV/2023,A/Oklahoma/05/2024,40
A/DistrictOfColumbia/27/2023,A/Oklahoma/05/2024,40
A/Oklahoma/05/2024,A/Idaho/69/2023,40
A/Idaho/69/2023,A/Idaho/69/2023,160
A/Switzerland/59652/2024,A/Idaho/69/2023,80
A/Switzerland/59652/2024,A/Idaho/69/2023,40
A/Norway/423/2024,A/Idaho/69/2023,40
A/Norway/1952/2024,A/Idaho/69/2023,80
A/Netherlands/10685/2024,A/Idaho/69/2023,40
A/Slovenia/49/204,A/Idaho/69/2023,40
A/Switzerland/47775/2024,A/Idaho/69/2023,40
A/Croatia/10136RV/2023,A/Idaho/69/2023,160
A/DistrictOfColumbia/27/2023,A/Idaho/69/2023,80
A/Oklahoma/05/2024,A/Norway/423/2024,640
A/Idaho/69/2023,A/Norway/423/2024,<40
A/Switzerland/59652/2024,A/Norway/423/2024,<40
A/Switzerland/59652/2024,A/Norway/423/2024,<40
A/Norway/423/2024,A/Norway/423/2024,640
A/Norway/1952/2024,A/Norway/423/2024,640
A/Netherlands/10685/2024,A/Norway/423/2024,160
A/Slovenia/49/204,A/Norway/423/2024,1280
A/Switzerland/47775/2024,A/Norway/423/2024,<40
A/Croatia/10136RV/2023,A/Norway/423/2024,160
A/DistrictOfColumbia/27/2023,A/Norway/423/2024,40
A/Oklahoma/05/2024,A/Norway/1952/2024,2560
A/Idaho/69/2023,A/Norway/1952/2024,80
A/Switzerland/59652/2024,A/Norway/1952/2024,<40
A/Switzerland/59652/2024,A/Norway/1952/2024,<40
A/Norway/423/2024,A/Norway/1952/2024,2560
A/Norway/1952/2024,A/Norway/1952/2024,5120
A/Netherlands/10685/2024,A/Norway/1952/2024,320
A/Slovenia/49/204,A/Norway/1952/2024,2560
A/Switzerland/47775/2024,A/Norway/1952/2024,<40
A/Croatia/10136RV/2023,A/Norway/1952/2024,160
A/DistrictOfColumbia/27/2023,A/Norway/1952/2024,80
A/Oklahoma/05/2024,A/Slovenia/49/204,2560
A/Idaho/69/2023,A/Slovenia/49/204,<40
A/Switzerland/59652/2024,A/Slovenia/49/204,40
A/Switzerland/59652/2024,A/Slovenia/49/204,<40
A/Norway/423/2024,A/Slovenia/49/204,1280
A/Norway/1952/2024,A/Slovenia/49/204,2560
A/Netherlands/10685/2024,A/Slovenia/49/204,320
A/Slovenia/49/204,A/Slovenia/49/204,2560
A/Switzerland/47775/2024,A/Slovenia/49/204,<40
A/Croatia/10136RV/2023,A/Slovenia/49/204,320
A/DistrictOfColumbia/27/2023,A/Slovenia/49/204,160
A/Oklahoma/05/2024,A/Switzerland/47775/2024,40
A/Idaho/69/2023,A/Switzerland/47775/2024,160
A/Switzerland/59652/2024,A/Switzerland/47775/2024,160
A/Switzerland/59652/2024,A/Switzerland/47775/2024,160
A/Norway/423/2024,A/Switzerland/47775/2024,<40
A/Norway/1952/2024,A/Switzerland/47775/2024,40
A/Netherlands/10685/2024,A/Switzerland/47775/2024,<40
A/Slovenia/49/204,A/Switzerland/47775/2024,40
A/Switzerland/47775/2024,A/Switzerland/47775/2024,160
A/Croatia/10136RV/2023,A/Switzerland/47775/2024,160
A/DistrictOfColumbia/27/2023,A/Switzerland/47775/2024,80
A/Oklahoma/05/2024,A/Netherlands/10685/2024,40
A/Idaho/69/2023,A/Netherlands/10685/2024,160
A/Switzerland/59652/2024,A/Netherlands/10685/2024,160
A/Switzerland/59652/2024,A/Netherlands/10685/2024,160
A/Norway/423/2024,A/Netherlands/10685/2024,40
A/Norway/1952/2024,A/Netherlands/10685/2024,80
A/Netherlands/10685/2024,A/Netherlands/10685/2024,<40
A/Slovenia/49/204,A/Netherlands/10685/2024,40
A/Switzerland/47775/2024,A/Netherlands/10685/2024,320
A/Croatia/10136RV/2023,A/Netherlands/10685/2024,320
A/DistrictOfColumbia/27/2023,A/Netherlands/10685/2024,80
A/Oklahoma/05/2024,A/Netherlands/10685/2024,80
A/Idaho/69/2023,A/Netherlands/10685/2024,160
A/Switzerland/59652/2024,A/Netherlands/10685/2024,160
A/Switzerland/59652/2024,A/Netherlands/10685/2024,160
A/Norway/423/2024,A/Netherlands/10685/2024,80
A/Norway/1952/2024,A/Netherlands/10685/2024,80
A/Netherlands/10685/2024,A/Netherlands/10685/2024,80
A/Slovenia/49/204,A/Netherlands/10685/2024,80
A/Switzerland/47775/2024,A/Netherlands/10685/2024,320
A/Croatia/10136RV/2023,A/Netherlands/10685/2024,320
A/DistrictOfColumbia/27/2023,A/Netherlands/10685/2024,80
A/Oklahoma/05/2024,A/Croatia/10136RV/2023,320
A/Idaho/69/2023,A/Croatia/10136RV/2023,160
A/Switzerland/59652/2024,A/Croatia/10136RV/2023,80
A/Switzerland/59652/2024,A/Croatia/10136RV/2023,80
A/Norway/423/2024,A/Croatia/10136RV/2023,320
A/Norway/1952/2024,A/Croatia/10136RV/2023,320
A/Netherlands/10685/2024,A/Croatia/10136RV/2023,<40
A/Slovenia/49/204,A/Croatia/10136RV/2023,160
A/Switzerland/47775/2024,A/Croatia/10136RV/2023,80
A/Croatia/10136RV/2023,A/Croatia/10136RV/2023,640
A/DistrictOfColumbia/27/2023,A/Croatia/10136RV/2023,320
A/Oklahoma/05/2024,A/DistrictOfColumbia/27/2023,160
A/Idaho/69/2023,A/DistrictOfColumbia/27/2023,320
A/Switzerland/59652/2024,A/DistrictOfColumbia/27/2023,160
A/Switzerland/59652/2024,A/DistrictOfColumbia/27/2023,80
A/Norway/423/2024,A/DistrictOfColumbia/27/2023,80
A/Norway/1952/2024,A/DistrictOfColumbia/27/2023,160
A/Netherlands/10685/2024,A/DistrictOfColumbia/27/2023,<40
A/Slovenia/49/204,A/DistrictOfColumbia/27/2023,80
A/Switzerland/47775/2024,A/DistrictOfColumbia/27/2023,160
A/Croatia/10136RV/2023,A/DistrictOfColumbia/27/2023,640
A/DistrictOfColumbia/27/2023,A/DistrictOfColumbia/27/2023,320
A/Massachusetts/18/2022,A/Massachusetts/18/2022,320
A/Thailand/08/2022,A/Massachusetts/18/2022,320
A/DistrictOfColumbia/27/2023,A/Massachusetts/18/2022,160
A/Croatia/10136RV/2023,A/Massachusetts/18/2022,320
A/Netherlands/10563/2023,A/Massachusetts/18/2022,320
A/Lisboa/216/2023,A/Massachusetts/18/2022,320
A/Slovenia/49/2024,A/Massachusetts/18/2022,40
A/Switzerland/47775/2024,A/Massachusetts/18/2022,<40
A/Norway/12374/2023,A/Massachusetts/18/2022,160
A/BurkinaFaso/3131/2023,A/Massachusetts/18/2022,<40
A/Netherlands/00024/2025,A/Massachusetts/18/2022,<40
A/Netherlands/00077/2025,A/Massachusetts/18/2022,<40
A/Netherlands/00156/2025,A/Massachusetts/18/2022,<40
A/Netherlands/00328/2025,A/Massachusetts/18/2022,<40
A/Netherlands/00401/2025,A/Massachusetts/18/2022,<40
A/Netherlands/00520/2025,A/Massachusetts/18/2022,<40
A/Netherlands/02093/2024,A/Massachusetts/18/2022,<40
A/Netherlands/02175/2024,A/Massachusetts/18/2022,<40
A/Netherlands/02182/2024,A/Massachusetts/18/2022,<40
A/Massachusetts/18/2022,A/Thailand/08/2022,640
A/Thailand/08/2022,A/Thailand/08/2022,640
A/DistrictOfColumbia/27/2023,A/Thailand/08/2022,320
A/Croatia/10136RV/2023,A/Thailand/08/2022,640
A/Netherlands/10563/2023,A/Thailand/08/2022,640
A/Lisboa/216/2023,A/Thailand/08/2022,640
A/Slovenia/49/2024,A/Thailand/08/2022,80
A/Switzerland/47775/2024,A/Thailand/08/2022,40
A/Norway/12374/2023,A/Thailand/08/2022,320
A/BurkinaFaso/3131/2023,A/Thailand/08/2022,160
A/Netherlands/00024/2025,A/Thailand/08/2022,<40
A/Netherlands/00077/2025,A/Thailand/08/2022,<40
A/Netherlands/00156/2025,A/Thailand/08/2022,<40
A/Netherlands/00328/2025,A/Thailand/08/2022,<40
A/Netherlands/00401/2025,A/Thailand/08/2022,<40
A/Netherlands/00520/2025,A/Thailand/08/2022,<40
A/Netherlands/02093/2024,A/Thailand/08/2022,<40
A/Netherlands/02175/2024,A/Thailand/08/2022,<40
A/Netherlands/02182/2024,A/Thailand/08/2022,<40
A/Massachusetts/18/2022,A/DistrictOfColumbia/27/2023,160
A/Thailand/08/2022,A/DistrictOfColumbia/27/2023,320
A/DistrictOfColumbia/27/2023,A/DistrictOfColumbia/27/2023,320
A/Croatia/10136RV/2023,A/DistrictOfColumbia/27/2023,640
A/Netherlands/10563/2023,A/DistrictOfColumbia/27/2023,640
A/Lisboa/216/2023,A/DistrictOfColumbia/27/2023,640
A/Slovenia/49/2024,A/DistrictOfColumbia/27/2023,80
A/Switzerland/47775/2024,A/DistrictOfColumbia/27/2023,160
A/Norway/12374/2023,A/DistrictOfColumbia/27/2023,320
A/BurkinaFaso/3131/2023,A/DistrictOfColumbia/27/2023,160
A/Netherlands/00024/2025,A/DistrictOfColumbia/27/2023,<40
A/Netherlands/00077/2025,A/DistrictOfColumbia/27/2023,<40
A/Netherlands/00156/2025,A/DistrictOfColumbia/27/2023,<40
A/Netherlands/00328/2025,A/DistrictOfColumbia/27/2023,<40
A/Netherlands/00401/2025,A/DistrictOfColumbia/27/2023,<40
A/Netherlands/00520/2025,A/DistrictOfColumbia/27/2023,<40
A/Netherlands/02093/2024,A/DistrictOfColumbia/27/2023,<40
A/Netherlands/02175/2024,A/DistrictOfColumbia/27/2023,<40
A/Netherlands/02182/2024,A/DistrictOfColumbia/27/2023,<40
A/Massachusetts/18/2022,A/Croatia/10136RV/2023,160
A/Thailand/08/2022,A/Croatia/10136RV/2023,640
A/DistrictOfColumbia/27/2023,A/Croatia/10136RV/2023,320
A/Croatia/10136RV/2023,A/Croatia/10136RV/2023,640
A/Netherlands/10563/2023,A/Croatia/10136RV/2023,640
A/Lisboa/216/2023,A/Croatia/10136RV/2023,640
A/Slovenia/49/2024,A/Croatia/10136RV/2023,160
A/Switzerland/47775/2024,A/Croatia/10136RV/2023,80
A/Norway/12374/2023,A/Croatia/10136RV/2023,320
A/BurkinaFaso/3131/2023,A/Croatia/10136RV/2023,160
A/Netherlands/00024/2025,A/Croatia/10136RV/2023,<40
A/Netherlands/00077/2025,A/Croatia/10136RV/2023,<40
A/Netherlands/00156/2025,A/Croatia/10136RV/2023,<40
A/Netherlands/00328/2025,A/Croatia/10136RV/2023,<40
A/Netherlands/00401/2025,A/Croatia/10136RV/2023,<40
A/Netherlands/00520/2025,A/Croatia/10136RV/2023,<40
A/Netherlands/02093/2024,A/Croatia/10136RV/2023,<40
A/Netherlands/02175/2024,A/Croatia/10136RV/2023,<40
A/Netherlands/02182/2024,A/Croatia/10136RV/2023,<40
A/Massachusetts/18/2022,A/Netherlands/10563/2023,160
A/Thailand/08/2022,A/Netherlands/10563/2023,320
A/DistrictOfColumbia/27/2023,A/Netherlands/10563/2023,320
A/Croatia/10136RV/2023,A/Netherlands/10563/2023,640
A/Netherlands/10563/2023,A/Netherlands/10563/2023,640
A/Lisboa/216/2023,A/Netherlands/10563/2023,640
A/Slovenia/49/2024,A/Netherlands/10563/2023,40
A/Switzerland/47775/2024,A/Netherlands/10563/2023,80
A/Norway/12374/2023,A/Netherlands/10563/2023,320
A/BurkinaFaso/3131/2023,A/Netherlands/10563/2023,160
A/Netherlands/00024/2025,A/Netherlands/10563/2023,<40
A/Netherlands/00077/2025,A/Netherlands/10563/2023,<40
A/Netherlands/00156/2025,A/Netherlands/10563/2023,<40
A/Netherlands/00328/2025,A/Netherlands/10563/2023,<40
A/Netherlands/00401/2025,A/Netherlands/10563/2023,<40
A/Netherlands/00520/2025,A/Netherlands/10563/2023,<40
A/Netherlands/02093/2024,A/Netherlands/10563/2023,<40
A/Netherlands/02175/2024,A/Netherlands/10563/2023,<40
A/Netherlands/02182/2024,A/Netherlands/10563/2023,<40
A/Massachusetts/18/2022,A/Lisboa/216/2023,160
A/Thailand/08/2022,A/Lisboa/216/2023,640
A/DistrictOfColumbia/27/2023,A/Lisboa/216/2023,320
A/Croatia/10136RV/2023,A/Lisboa/216/2023,640
A/Netherlands/10563/2023,A/Lisboa/216/2023,640
A/Lisboa/216/2023,A/Lisboa/216/2023,320
A/Slovenia/49/2024,A/Lisboa/216/2023,160
A/Switzerland/47775/2024,A/Lisboa/216/2023,40
A/Norway/12374/2023,A/Lisboa/216/2023,320
A/BurkinaFaso/3131/2023,A/Lisboa/216/2023,80
A/Netherlands/00024/2025,A/Lisboa/216/2023,<40
A/Netherlands/00077/2025,A/Lisboa/216/2023,40
A/Netherlands/00156/2025,A/Lisboa/216/2023,80
A/Netherlands/00328/2025,A/Lisboa/216/2023,40
A/Netherlands/00401/2025,A/Lisboa/216/2023,40
A/Netherlands/00520/2025,A/Lisboa/216/2023,40
A/Netherlands/02093/2024,A/Lisboa/216/2023,40
A/Netherlands/02175/2024,A/Lisboa/216/2023,80
A/Netherlands/02182/2024,A/Lisboa/216/2023,80
A/Massachusetts/18/2022,A/Slovenia/49/2024,80
A/Thailand/08/2022,A/Slovenia/49/2024,320
A/DistrictOfColumbia/27/2023,A/Slovenia/49/2024,160
A/Croatia/10136RV/2023,A/Slovenia/49/2024,320
A/Netherlands/10563/2023,A/Slovenia/49/2024,320
A/Lisboa/216/2023,A/Slovenia/49/2024,320
A/Slovenia/49/2024,A/Slovenia/49/2024,1280
A/Switzerland/47775/2024,A/Slovenia/49/2024,<40
A/Norway/12374/2023,A/Slovenia/49/2024,160
A/BurkinaFaso/3131/2023,A/Slovenia/49/2024,<40
A/Netherlands/00024/2025,A/Slovenia/49/2024,160
A/Netherlands/00077/2025,A/Slovenia/49/2024,320
A/Netherlands/00156/2025,A/Slovenia/49/2024,320
A/Netherlands/00328/2025,A/Slovenia/49/2024,320
A/Netherlands/00401/2025,A/Slovenia/49/2024,320
A/Netherlands/00520/2025,A/Slovenia/49/2024,320
A/Netherlands/02093/2024,A/Slovenia/49/2024,320
A/Netherlands/02175/2024,A/Slovenia/49/2024,320
A/Netherlands/02182/2024,A/Slovenia/49/2024,320
A/Massachusetts/18/2022,A/Switzerland/47775/2024,40
A/Thailand/08/2022,A/Switzerland/47775/2024,160
A/DistrictOfColumbia/27/2023,A/Switzerland/47775/2024,80
A/Croatia/10136RV/2023,A/Switzerland/47775/2024,160
A/Netherlands/10563/2023,A/Switzerland/47775/2024,160
A/Lisboa/216/2023,A/Switzerland/47775/2024,160
A/Slovenia/49/2024,A/Switzerland/47775/2024,40
A/Switzerland/47775/2024,A/Switzerland/47775/2024,160
A/Norway/12374/2023,A/Switzerland/47775/2024,80
A/BurkinaFaso/3131/2023,A/Switzerland/47775/2024,160
A/Netherlands/00024/2025,A/Switzerland/47775/2024,<40
A/Netherlands/00077/2025,A/Switzerland/47775/2024,40
A/Netherlands/00156/2025,A/Switzerland/47775/2024,40
A/Netherlands/00328/2025,A/Switzerland/47775/2024,<40
A/Netherlands/00401/2025,A/Switzerland/47775/2024,<40
A/Netherlands/00520/2025,A/Switzerland/47775/2024,<40
A/Netherlands/02093/2024,A/Switzerland/47775/2024,<40
A/Netherlands/02175/2024,A/Switzerland/47775/2024,<40
A/Netherlands/02182/2024,A/Switzerland/47775/2024,40
A/Massachusetts/18/2022,A/Norway/12374/2023,40
A/Thailand/08/2022,A/Norway/12374/2023,160
A/DistrictOfColumbia/27/2023,A/Norway/12374/2023,80
A/Croatia/10136RV/2023,A/Norway/12374/2023,160
A/Netherlands/10563/2023,A/Norway/12374/2023,320
A/Lisboa/216/2023,A/Norway/12374/2023,160
A/Slovenia/49/2024,A/Norway/12374/2023,20
A/Switzerland/47775/2024,A/Norway/12374/2023,40
A/Norway/12374/2023,A/Norway/12374/2023,80
A/BurkinaFaso/3131/2023,A/Norway/12374/2023,80
A/Netherlands/00024/2025,A/Norway/12374/2023,<10
A/Netherlands/00077/2025,A/Norway/12374/2023,10
A/Netherlands/00156/2025,A/Norway/12374/2023,10
A/Netherlands/00328/2025,A/Norway/12374/2023,10
A/Netherlands/00401/2025,A/Norway/12374/2023,<10
A/Netherlands/00520/2025,A/Norway/12374/2023,<10
A/Netherlands/02093/2024,A/Norway/12374/2023,<10
A/Netherlands/02175/2024,A/Norway/12374/2023,10
A/Netherlands/02182/2024,A/Norway/12374/2023,10
A/Massachusetts/18/2022,A/BurkinaFaso/3131/2023,80
A/Thailand/08/2022,A/BurkinaFaso/3131/2023,160
A/DistrictOfColumbia/27/2023,A/BurkinaFaso/3131/2023,80
A/Croatia/10136RV/2023,A/BurkinaFaso/3131/2023,80
A/Netherlands/10563/2023,A/BurkinaFaso/3131/2023,160
A/Lisboa/216/2023,A/BurkinaFaso/3131/2023,80
A/Slovenia/49/2024,A/BurkinaFaso/3131/2023,<10
A/Switzerland/47775/2024,A/BurkinaFaso/3131/2023,40
A/Norway/12374/2023,A/BurkinaFaso/3131/2023,80
A/BurkinaFaso/3131/2023,A/BurkinaFaso/3131/2023,160
A/Netherlands/00024/2025,A/BurkinaFaso/3131/2023,<10
A/Netherlands/00077/2025,A/BurkinaFaso/3131/2023,<10
A/Netherlands/00156/2025,A/BurkinaFaso/3131/2023,<10
A/Netherlands/00328/2025,A/BurkinaFaso/3131/2023,<10
A/Netherlands/00401/2025,A/BurkinaFaso/3131/2023,<10
A/Netherlands/00520/2025,A/BurkinaFaso/3131/2023,<10
A/Netherlands/02093/2024,A/BurkinaFaso/3131/2023,<10
A/Netherlands/02175/2024,A/BurkinaFaso/3131/2023,<10
A/Netherlands/02182/2024,A/BurkinaFaso/3131/2023,<10
