Test Virus,Reference Virus,Titre
A/Acores/SU43/2012,A/Berlin/93/2011,528
A/Acores/SU43/2012,A/Finland/40/2010,210
A/Acores/SU43/2012,A/Hawaii/22/2012,264
A/Acores/SU43/2012,A/Iowa/19/2010,244
A/Acores/SU43/2012,A/Johannesburg/126/2009,106
A/Acores/SU43/2012,A/Minsk/1737/2012,760
A/Acores/SU43/2012,A/Perth/16/2009,84
A/Acores/SU43/2012,A/Samara/73/2013,80
A/Acores/SU43/2012,A/Victoria/361/2011,281
A/Adana/199/2014,A/Finland/40/2010,320
A/Adana/199/2014,A/Iowa/19/2010,160
A/Adana/199/2014,A/Minsk/1737/2012,160
A/Adana/199/2014,A/Paris/1988/2012,320
A/Adana/199/2014,A/Perth/16/2009,40
A/Adana/199/2014,A/Samara/73/2013,640
A/Adana/199/2014,A/Victoria/361/2011,320
A/Adjame/GR1272/2011,A/Brisbane/10/2007,40
A/Adjame/GR1272/2011,A/Finland/40/2010,640
A/Adjame/GR1272/2011,A/Iowa/19/2010,320
A/Adjame/GR1272/2011,A/Johannesburg/126/2009,160
A/Adjame/GR1272/2011,A/Perth/10/2010,320
A/Adjame/GR1272/2011,A/Perth/16/2009,80
A/Adjame/GR1272/2011,A/Victoria/210/2009,160
A/Adjame/GR1327/2011,A/Brisbane/10/2007,40
A/Adjame/GR1327/2011,A/Finland/40/2010,640
A/Adjame/GR1327/2011,A/Iowa/19/2010,320
A/Adjame/GR1327/2011,A/Johannesburg/126/2009,160
A/Adjame/GR1327/2011,A/Perth/10/2010,640
A/Adjame/GR1327/2011,A/Perth/16/2009,80
A/Adjame/GR1327/2011,A/Victoria/210/2009,160
A/Agadir/87/2011,A/Brisbane/10/2007,40
A/Agadir/87/2011,A/Finland/40/2010,320
A/Agadir/87/2011,A/Iowa/19/2010,320
A/Agadir/87/2011,A/Johannesburg/126/2009,160
A/Agadir/87/2011,A/Perth/10/2010,640
A/Agadir/87/2011,A/Perth/16/2009,160
A/Agadir/87/2011,A/Victoria/210/2009,160
A/Akkar.LBN/6728/2021,A/Arsal/5767/2021,960
A/Akkar.LBN/6728/2021,A/Bangladesh/4005/2020,320
A/Akkar.LBN/6728/2021,A/Brandenburg/2/2022,240
A/Akkar.LBN/6728/2021,A/Cambodia/925256/2020,93
A/Akkar.LBN/6728/2021,A/Cambodia/e0826360/2020,80
A/Akkar.LBN/6728/2021,A/Darwin/9/2021,1066
A/Akkar.LBN/6728/2021,A/England/195200780/2019,80
A/Akkar.LBN/6728/2021,A/England/214040936/2021,360
A/Akkar.LBN/6728/2021,A/Ghana/1724/2022,40
A/Akkar.LBN/6728/2021,A/Israel/R-742/2016,<40
A/Akkar.LBN/6728/2021,A/Kyiv/1/2022,2560
A/Akkar.LBN/6728/2021,A/Norway/28542/2022,640
A/Akkar.LBN/6728/2021,A/Stockholm/5/2021,853
A/Akkar.LBN/6728/2021,A/Ukraine/354/2021,640
A/Alabama/05/2010,A/Brisbane/10/2007,<40
A/Alabama/05/2010,A/England/232/2009,40
A/Alabama/05/2010,A/Johannesburg/126/2009,40
A/Alabama/05/2010,A/Perth/16/2009,320
A/Alabama/05/2010,A/Uruguay/716/2007,80
A/Alabama/05/2010,A/Victoria/210/2009,80
A/Alabama/05/2010,A/Wisconsin/67/2005,<40
A/Alaska/5/2010,A/Bremen/1/2010,213
A/Alaska/5/2010,A/Brisbane/10/2007,80
A/Alaska/5/2010,A/England/232/2009,160
A/Alaska/5/2010,A/Guadeloupe/202/2010,240
A/Alaska/5/2010,A/Iowa/19/2010,1280
A/Alaska/5/2010,A/Johannesburg/126/2009,2880
A/Alaska/5/2010,A/Norway/1186/2011,320
A/Alaska/5/2010,A/Norway/685/2011,320
A/Alaska/5/2010,A/Panama/307149/2010,160
A/Alaska/5/2010,A/Perth/10/2010,660
A/Alaska/5/2010,A/Perth/16/2009,800
A/Alaska/5/2010,A/Stockholm/5/2011,320
A/Alaska/5/2010,A/Stockholm/6/2011,160
A/Alaska/5/2010,A/Stockholm/7/2011,160
A/Alaska/5/2010,A/Victoria/210/2009,1920
A/Alaska/5/2010,A/Wisconsin/67/2005,160
A/Albania/289605/2022,A/Arsal/5767/2021,240
A/Albania/289605/2022,A/Brandenburg/2/2022,480
A/Albania/289605/2022,A/Cambodia/925256/2020,120
A/Albania/289605/2022,A/Cambodia/e0826360/2020,240
A/Albania/289605/2022,A/Darwin/9/2021,240
A/Albania/289605/2022,A/England/214040936/2021,140
A/Albania/289605/2022,A/Lille/50053/2022,320
A/Albania/289605/2022,A/Stockholm/5/2021,480
A/Albania/289605/2022,A/Ukraine/354/2021,120
A/Albania/289788/2022,A/Arsal/5767/2021,320
A/Albania/289788/2022,A/Brandenburg/2/2022,320
A/Albania/289788/2022,A/Cambodia/925256/2020,80
A/Albania/289788/2022,A/Cambodia/e0826360/2020,320
A/Albania/289788/2022,A/Darwin/9/2021,320
A/Albania/289788/2022,A/England/214040936/2021,120
A/Albania/289788/2022,A/Lille/50053/2022,640
A/Albania/289788/2022,A/Stockholm/5/2021,320
A/Albania/289788/2022,A/Ukraine/354/2021,160
A/Albania/289813/2022,A/Albania/290243/2022,280
A/Albania/289813/2022,A/Albania/290270/2022,720
A/Albania/289813/2022,A/Albania/299565/2023,320
A/Albania/289813/2022,A/Albania/302203/2024,240
A/Albania/289813/2022,A/Albania/302412/2024,320
A/Albania/289813/2022,A/Albania/302481/2024,400
A/Albania/289813/2022,A/Albania/302626/2024,1280
A/Albania/289813/2022,A/Albania/302684/2024,640
A/Albania/289813/2022,A/Albania/302765/2024,1280
A/Albania/289813/2022,A/Albania/302946/2024,640
A/Albania/289813/2022,A/Alsace/06300/2024,560
A/Albania/289813/2022,A/Ambositra/01616/2024,640
A/Albania/289813/2022,A/Ambositra/02034/2024,320
A/Albania/289813/2022,A/Antananarivo/02702/2023,640
A/Albania/289813/2022,A/Antananarivo/03320/2023,640
A/Albania/289813/2022,A/Antananarivo/50000/2024,320
A/Albania/289813/2022,A/Antsirabe/01583/2024,640
A/Albania/289813/2022,A/Argentina/1065/2024,266
A/Albania/289813/2022,A/Argentina/1084/2024,320
A/Albania/289813/2022,A/Argentina/1130/2024,320
A/Albania/289813/2022,A/Argentina/1163/2024,320
A/Albania/289813/2022,A/Argentina/1173/2024,640
A/Albania/289813/2022,A/Argentina/1178/2024,320
A/Albania/289813/2022,A/Argentina/1182/2024,320
A/Albania/289813/2022,A/Argentina/1211/2024,480
A/Albania/289813/2022,A/Argentina/1221/2024,240
A/Albania/289813/2022,A/Arsal/5767/2021,286
A/Albania/289813/2022,A/Austria/1573799/2022,960
A/Albania/289813/2022,A/Bangui/172/2024,640
A/Albania/289813/2022,A/BanskaBystrica/83/2024,320
A/Albania/289813/2022,A/Bayern/10/2023,640
A/Albania/289813/2022,A/Belgium/106/2023,320
A/Albania/289813/2022,A/Belgium/2817/2024,320
A/Albania/289813/2022,A/Belgium/S0898/2023,120
A/Albania/289813/2022,A/BeniMellal/131/2022,320
A/Albania/289813/2022,A/Berlin/27/2023,480
A/Albania/289813/2022,A/Blida/42154/2022,966
A/Albania/289813/2022,A/Boras/SE23-16165/2023,320
A/Albania/289813/2022,A/BosniaAndHerzegovina/167/2023,80
A/Albania/289813/2022,A/BosniaAndHerzegovina/483/2024,320
A/Albania/289813/2022,A/Brandenburg/2/2022,112
A/Albania/289813/2022,A/Brandenburg/3/2023,320
A/Albania/289813/2022,A/Bretagne/02975/2023,160
A/Albania/289813/2022,A/Bretagne/04092/2024,640
A/Albania/289813/2022,A/Bretagne/04824/2024,1280
A/Albania/289813/2022,A/Bretagne/05154/2024,640
A/Albania/289813/2022,A/Bucuresti/565777/2024,480
A/Albania/289813/2022,A/Bucuresti/565832/2024,1280
A/Albania/289813/2022,A/Bucuresti/566045/2024,800
A/Albania/289813/2022,A/Bucuresti/570056/2024,320
A/Albania/289813/2022,A/Bulgaria/1075/2024,640
A/Albania/289813/2022,A/Bulgaria/1718/2024,320
A/Albania/289813/2022,A/Bulgaria/2020/2024,640
A/Albania/289813/2022,A/Bulgaria/2091/2024,320
A/Albania/289813/2022,A/Bulgaria/2222/2024,480
A/Albania/289813/2022,A/Bulgaria/2261/2024,320
A/Albania/289813/2022,A/Bulgaria/2402/2024,320
A/Albania/289813/2022,A/Bulgaria/2502/2024,480
A/Albania/289813/2022,A/Burgos/4014/2023,160
A/Albania/289813/2022,A/Burgos/4245/2023,40
A/Albania/289813/2022,A/Burgos/64/2023,640
A/Albania/289813/2022,A/BurkinaFaso/182/2023,40
A/Albania/289813/2022,A/BurkinaFaso/2070/2023,<40
A/Albania/289813/2022,A/BurkinaFaso/2101/2023,40
A/Albania/289813/2022,A/BurkinaFaso/211/2023,40
A/Albania/289813/2022,A/BurkinaFaso/232/2023,<40
A/Albania/289813/2022,A/BurkinaFaso/244/2023,40
A/Albania/289813/2022,A/BurkinaFaso/3419/2023,<40
A/Albania/289813/2022,A/BurkinaFaso/3442/2023,70
A/Albania/289813/2022,A/BurkinaFaso/3446/2023,<40
A/Albania/289813/2022,A/California/122/2022,640
A/Albania/289813/2022,A/Cameroon/2919/2023,240
A/Albania/289813/2022,A/Cameroon/2925/2023,1280
A/Albania/289813/2022,A/Cameroon/3172/2024,160
A/Albania/289813/2022,A/Cameroon/541/2023,480
A/Albania/289813/2022,A/Cameroon/6984/2024,160
A/Albania/289813/2022,A/Cameroon/8474/2023,640
A/Albania/289813/2022,A/Cameroon/9092/2023,320
A/Albania/289813/2022,A/Cameroon/9812/2023,220
A/Albania/289813/2022,A/CastillaLaMancha/2303/2023,224
A/Albania/289813/2022,A/Catalonia/2262797NS/2022,160
A/Albania/289813/2022,A/Catalonia/NSJO510768271/2024,80
A/Albania/289813/2022,A/Catalonia/NSVH102155361/2023,160
A/Albania/289813/2022,A/Catalonia/NSVH102158148/2023,640
A/Albania/289813/2022,A/Catalonia/NSVH102337351/2024,640
A/Albania/289813/2022,A/Catalonia/NSVH102367246/2024,160
A/Albania/289813/2022,A/Centre/03353/2023,320
A/Albania/289813/2022,A/Champagne_Ardenne/02109/2023,120
A/Albania/289813/2022,A/Champagne_Ardenne/05242/2023,120
A/Albania/289813/2022,A/Croatia/14020/2023,960
A/Albania/289813/2022,A/Croatia/14051/2023,320
A/Albania/289813/2022,A/Croatia/1613/2024,160
A/Albania/289813/2022,A/Dakar/040/2024,306
A/Albania/289813/2022,A/Dakar/13/2024,80
A/Albania/289813/2022,A/Dakar/17/2024,1280
A/Albania/289813/2022,A/Dakar/23/2024,80
A/Albania/289813/2022,A/Dakar/25/2024,1280
A/Albania/289813/2022,A/Dakar/62/2021,320
A/Albania/289813/2022,A/Darwin/9/2021,306
A/Albania/289813/2022,A/Denmark/2208/2024,80
A/Albania/289813/2022,A/Denmark/2245/2024,80
A/Albania/289813/2022,A/Dijon/04835/2023,106
A/Albania/289813/2022,A/DistrictOfColumbia/27/2023,304
A/Albania/289813/2022,A/England/189/2023,895
A/Albania/289813/2022,A/England/214040936/2021,496
A/Albania/289813/2022,A/England/40/2023,320
A/Albania/289813/2022,A/England/42/2023,480
A/Albania/289813/2022,A/England/61/2024,80
A/Albania/289813/2022,A/England/62/2024,320
A/Albania/289813/2022,A/England/67/2024,320
A/Albania/289813/2022,A/England/68/2024,160
A/Albania/289813/2022,A/England/69/2024,320
A/Albania/289813/2022,A/Eskilstuna/SE24-03387/2024,320
A/Albania/289813/2022,A/Extremadura/240460/2023,640
A/Albania/289813/2022,A/FVG-Udine/99/2023,160
A/Albania/289813/2022,A/Fianarantsoa/01771/2024,640
A/Albania/289813/2022,A/Firq/7242349/2024,320
A/Albania/289813/2022,A/France/28187/2023,640
A/Albania/289813/2022,A/France/33503/2023,320
A/Albania/289813/2022,A/France/GES-IPP14626/2024,297
A/Albania/289813/2022,A/France/GES-IPP26703/2023,640
A/Albania/289813/2022,A/Gavle/SE23-16072/2023,1066
A/Albania/289813/2022,A/Georgia/GEO42/2024,320
A/Albania/289813/2022,A/Ghana/1031/2024,1280
A/Albania/289813/2022,A/Ghana/1036/2024,320
A/Albania/289813/2022,A/Ghana/1406/2024,640
A/Albania/289813/2022,A/Ghana/1725/2024,960
A/Albania/289813/2022,A/Ghana/1922/2023,<40
A/Albania/289813/2022,A/Ghana/3409/2024,120
A/Albania/289813/2022,A/Ghana/7129/2024,640
A/Albania/289813/2022,A/Ghana/7400/2023,160
A/Albania/289813/2022,A/Ghana/7529/2023,320
A/Albania/289813/2022,A/Ghana/7625/2023,320
A/Albania/289813/2022,A/Ghana/818/2024,293
A/Albania/289813/2022,A/Halmstad/SE24-03868/2024,640
A/Albania/289813/2022,A/Hessen/45/2022,83
A/Albania/289813/2022,A/HongKong/1539/2023,640
A/Albania/289813/2022,A/HongKong/1543/2023,480
A/Albania/289813/2022,A/HongKong/1544/2023,640
A/Albania/289813/2022,A/HongKong/1937/2024,80
A/Albania/289813/2022,A/HongKong/1973/2024,640
A/Albania/289813/2022,A/HongKong/2121/2024,320
A/Albania/289813/2022,A/HongKong/2122/2024,320
A/Albania/289813/2022,A/HongKong/2123/2024,320
A/Albania/289813/2022,A/HongKong/2810/2024,640
A/Albania/289813/2022,A/HongKong/3048/2023,640
A/Albania/289813/2022,A/HongKong/3055/2023,320
A/Albania/289813/2022,A/HongKong/3081/2023,320
A/Albania/289813/2022,A/Hungary/141/2023,1280
A/Albania/289813/2022,A/Hungary/148/2023,400
A/Albania/289813/2022,A/Hungary/169/2023,640
A/Albania/289813/2022,A/Hungary/174/2023,800
A/Albania/289813/2022,A/Hungary/199/2023,746
A/Albania/289813/2022,A/Hungary/206/2023,640
A/Albania/289813/2022,A/Iasi/565596/2024,320
A/Albania/289813/2022,A/Iasi/567841/2024,1280
A/Albania/289813/2022,A/Iceland/10426/2024,320
A/Albania/289813/2022,A/Iceland/12053/2024,320
A/Albania/289813/2022,A/Iceland/12516/2024,320
A/Albania/289813/2022,A/Iceland/34327/2023,853
A/Albania/289813/2022,A/Iceland/5614/2024,160
A/Albania/289813/2022,A/Iceland/7184/2024,640
A/Albania/289813/2022,A/Iceland/8862/2024,160
A/Albania/289813/2022,A/Ile_de_France/03349/2024,640
A/Albania/289813/2022,A/Ile_de_France/03976/2024,240
A/Albania/289813/2022,A/Ile_de_France/04381/2024,1280
A/Albania/289813/2022,A/Ile_de_France/04632/2024,640
A/Albania/289813/2022,A/Ile_de_France/04633/2024,426
A/Albania/289813/2022,A/Ile_de_France/05012/2024,1280
A/Albania/289813/2022,A/Ile_de_France/05017/2024,640
A/Albania/289813/2022,A/Ile_de_France/05020/2024,640
A/Albania/289813/2022,A/Iran/23E11/2023,80
A/Albania/289813/2022,A/Ireland/00013633/2024,640
A/Albania/289813/2022,A/Ireland/00013655/2024,320
A/Albania/289813/2022,A/Ireland/00016985/2024,40
A/Albania/289813/2022,A/Ireland/00019283/2024,320
A/Albania/289813/2022,A/Ireland/00019853/2024,480
A/Albania/289813/2022,A/Ireland/00021613/2024,640
A/Albania/289813/2022,A/Ireland/00024264/2024,1280
A/Albania/289813/2022,A/Ireland/00024704/2024,320
A/Albania/289813/2022,A/Ireland/00028483/2024,320
A/Albania/289813/2022,A/Ireland/00033352/2024,640
A/Albania/289813/2022,A/Ireland/00100281/2023,640
A/Albania/289813/2022,A/Ireland/00100379/2023,640
A/Albania/289813/2022,A/Ireland/00102017/2023,640
A/Albania/289813/2022,A/Ireland/00105655/2023,640
A/Albania/289813/2022,A/Israel/R1511/2024,640
A/Albania/289813/2022,A/Israel/R1564/2024,640
A/Albania/289813/2022,A/Israel/R1571/2024,1280
A/Albania/289813/2022,A/Israel/R1598/2024,960
A/Albania/289813/2022,A/Israel/R1617/2024,640
A/Albania/289813/2022,A/Israel/R1721/2024,640
A/Albania/289813/2022,A/Israel/R1753/2024,1280
A/Albania/289813/2022,A/Israel/R17814/2023,1280
A/Albania/289813/2022,A/Israel/R1805/2024,320
A/Albania/289813/2022,A/Israel/R1836/2024,640
A/Albania/289813/2022,A/Israel/R1880/2024,640
A/Albania/289813/2022,A/Israel/R1994/2024,1280
A/Albania/289813/2022,A/Israel/R2058/2024,640
A/Albania/289813/2022,A/Israel/R2212/2024,320
A/Albania/289813/2022,A/Israel/R2231/2024,640
A/Albania/289813/2022,A/Israel/R2239/2024,640
A/Albania/289813/2022,A/Israel/R2254/2024,640
A/Albania/289813/2022,A/Kazakhstan/275/2023,320
A/Albania/289813/2022,A/Kazakhstan/277/2023,320
A/Albania/289813/2022,A/Kazakhstan/336/2023,320
A/Albania/289813/2022,A/Kosice/130/2023,160
A/Albania/289813/2022,A/Kosice/158/2023,480
A/Albania/289813/2022,A/Krasnodar/RII-02/2024,320
A/Albania/289813/2022,A/Kyiv/2385/2024,320
A/Albania/289813/2022,A/Kyrgyzstan/101/2023,320
A/Albania/289813/2022,A/Kyrgyzstan/108/2023,320
A/Albania/289813/2022,A/Kyrgyzstan/117/2023,160
A/Albania/289813/2022,A/Kyrgyzstan/124/2023,516
A/Albania/289813/2022,A/Kyrgyzstan/14/2023,320
A/Albania/289813/2022,A/Kyrgyzstan/16/2023,853
A/Albania/289813/2022,A/Kyrgyzstan/20/2023,640
A/Albania/289813/2022,A/Kyrgyzstan/23/2023,640
A/Albania/289813/2022,A/Kyrgyzstan/318/2023,80
A/Albania/289813/2022,A/Kyrgyzstan/39/2023,533
A/Albania/289813/2022,A/Kyrgyzstan/58/2023,342
A/Albania/289813/2022,A/Kyrgyzstan/9/2023,320
A/Albania/289813/2022,A/Kyrgyzstan/99/2023,186
A/Albania/289813/2022,A/Lille/50053/2022,168
A/Albania/289813/2022,A/Linkoping/SE23-14481/2023,640
A/Albania/289813/2022,A/Lisboa/216/2023,576
A/Albania/289813/2022,A/Lisboa/3/2024,1280
A/Albania/289813/2022,A/Lorraine/03877/2024,320
A/Albania/289813/2022,A/Luxembourg/4634126/2023,640
A/Albania/289813/2022,A/Luxembourg/510839/2023,480
A/Albania/289813/2022,A/Manandona/03215/2023,480
A/Albania/289813/2022,A/Mauritius/P50061/2023,640
A/Albania/289813/2022,A/Mauritius/P53142/2023,320
A/Albania/289813/2022,A/Mecklenburg-Vorpommern/88/2022,2560
A/Albania/289813/2022,A/Moldova/2025278/2023,80
A/Albania/289813/2022,A/Montenegro/222910/2023,640
A/Albania/289813/2022,A/Montenegro/242559/2023,640
A/Albania/289813/2022,A/Morocco/1291/2024,320
A/Albania/289813/2022,A/Morocco/1846/2024,320
A/Albania/289813/2022,A/Mozambique/699047/2024,640
A/Albania/289813/2022,A/Mozambique/699067/2024,1280
A/Albania/289813/2022,A/Mozambique/699070/2024,640
A/Albania/289813/2022,A/Mozambique/699103/2024,640
A/Albania/289813/2022,A/Muscat/7234671/2023,80
A/Albania/289813/2022,A/Netherlands/01643/2023,320
A/Albania/289813/2022,A/Netherlands/01685/2023,640
A/Albania/289813/2022,A/Netherlands/01729/2023,229
A/Albania/289813/2022,A/Netherlands/01732/2023,640
A/Albania/289813/2022,A/Netherlands/01733/2023,592
A/Albania/289813/2022,A/Netherlands/10194/2021,1280
A/Albania/289813/2022,A/Netherlands/10431/2024,640
A/Albania/289813/2022,A/Netherlands/10510/2024,40
A/Albania/289813/2022,A/Netherlands/10536/2023,320
A/Albania/289813/2022,A/Netherlands/10541/2023,640
A/Albania/289813/2022,A/Netherlands/10551/2023,640
A/Albania/289813/2022,A/Netherlands/10553/2024,160
A/Albania/289813/2022,A/Netherlands/10556/2023,160
A/Albania/289813/2022,A/Netherlands/10561/2023,1280
A/Albania/289813/2022,A/Netherlands/10563/2023,581
A/Albania/289813/2022,A/Nordrhein-Westfalen/16/2023,640
A/Albania/289813/2022,A/Norway/07066/2024,270
A/Albania/289813/2022,A/Norway/11294/2023,160
A/Albania/289813/2022,A/Norway/11360/2023,160
A/Albania/289813/2022,A/Norway/12374/2023,256
A/Albania/289813/2022,A/Norway/1592/2024,<40
A/Albania/289813/2022,A/Norway/2003/2023,40
A/Albania/289813/2022,A/Norway/3170/2023,1280
A/Albania/289813/2022,A/Norway/319/2024,320
A/Albania/289813/2022,A/Norway/3384/2023,40
A/Albania/289813/2022,A/Norway/3821/2023,320
A/Albania/289813/2022,A/Norway/47/2024,80
A/Albania/289813/2022,A/Oklahoma/05/2024,52
A/Albania/289813/2022,A/Ostersund/SE23-14558/2023,640
A/Albania/289813/2022,A/Perm/RII-04/2024,320
A/Albania/289813/2022,A/Poland/205/2023,160
A/Albania/289813/2022,A/Poland/50/2024,640
A/Albania/289813/2022,A/Poland/PL65/2022,184
A/Albania/289813/2022,A/Prahova/566118/2024,480
A/Albania/289813/2022,A/Qatar/10-VI-23-0095120/2023,1280
A/Albania/289813/2022,A/Qatar/10-VI-23-0095583/2023,1066
A/Albania/289813/2022,A/Qatar/10-VI-23-0098543/2023,960
A/Albania/289813/2022,A/Qatar/10-VI-23-0101936/2023,1280
A/Albania/289813/2022,A/Qatar/10-VI-23-0102647/2023,480
A/Albania/289813/2022,A/Qatar/10-VI-23-0103751/2023,80
A/Albania/289813/2022,A/Qatar/10-VI-23-0106239/2023,640
A/Albania/289813/2022,A/Qatar/10-VI-23-0107179/2023,1280
A/Albania/289813/2022,A/Qatar/16-VI-23-0105945/2023,640
A/Albania/289813/2022,A/Qatar/23-VI-23-0106322/2023,160
A/Albania/289813/2022,A/Qatar/25-VI-23-0107245/2023,640
A/Albania/289813/2022,A/Rheinland-Pfalz/11/2023,640
A/Albania/289813/2022,A/Roma/1/2023,640
A/Albania/289813/2022,A/Romania/563027/2023,320
A/Albania/289813/2022,A/Romania/563219/2023,160
A/Albania/289813/2022,A/Romania/563383/2023,320
A/Albania/289813/2022,A/Sassari/5/2023,100
A/Albania/289813/2022,A/SaudiArabia/10299/2024,160
A/Albania/289813/2022,A/Serbia/1354/2024,640
A/Albania/289813/2022,A/Serbia/248/2024,611
A/Albania/289813/2022,A/Serbia/668/2023,60
A/Albania/289813/2022,A/Serbia/7976/2023,320
A/Albania/289813/2022,A/Serbia/8127/2023,1280
A/Albania/289813/2022,A/Serbia/8265/2023,840
A/Albania/289813/2022,A/Shanghai-Fengxian/1912/2023,443
A/Albania/289813/2022,A/Siracusa/5/2024,80
A/Albania/289813/2022,A/Slovenia/11517/2022,60
A/Albania/289813/2022,A/Slovenia/370/2024,426
A/Albania/289813/2022,A/Slovenia/453/2024,320
A/Albania/289813/2022,A/Slovenia/588/2024,320
A/Albania/289813/2022,A/Slovenia/648/2024,416
A/Albania/289813/2022,A/Slovenia/8/2024,640
A/Albania/289813/2022,A/Slovenia/NLZOH-8008-21-2023/2024,360
A/Albania/289813/2022,A/Sohar/52328337/2023,320
A/Albania/289813/2022,A/SouthSudan/996/2023,640
A/Albania/289813/2022,A/Spain/1707/2024,160
A/Albania/289813/2022,A/Spain/2026/2024,160
A/Albania/289813/2022,A/Spain/2389/2024,160
A/Albania/289813/2022,A/Spain/2561/2024,120
A/Albania/289813/2022,A/Spain/575/2023,640
A/Albania/289813/2022,A/Spain/968/2023,320
A/Albania/289813/2022,A/Stockholm/5/2021,161
A/Albania/289813/2022,A/Stockholm/SE24-52993/2024,160
A/Albania/289813/2022,A/Sweden/3098/2023,40
A/Albania/289813/2022,A/Switzerland/11159/2023,320
A/Albania/289813/2022,A/Switzerland/18284/2022,58
A/Albania/289813/2022,A/Switzerland/20498/2023,60
A/Albania/289813/2022,A/Switzerland/28719/2022,232
A/Albania/289813/2022,A/Switzerland/32862/2023,120
A/Albania/289813/2022,A/Switzerland/59652/2024,<40
A/Albania/289813/2022,A/Switzerland/71762/2023,453
A/Albania/289813/2022,A/Switzerland/79656/2024,640
A/Albania/289813/2022,A/Switzerland/82850/2023,640
A/Albania/289813/2022,A/Switzerland/8649/2023,426
A/Albania/289813/2022,A/Switzerland/91699/2024,160
A/Albania/289813/2022,A/Toamasina/02991/2023,640
A/Albania/289813/2022,A/Toamasina/03143/2023,640
A/Albania/289813/2022,A/Toamasina/03219/2023,640
A/Albania/289813/2022,A/Togo/1057/2023,320
A/Albania/289813/2022,A/Toliary/03152/2023,640
A/Albania/289813/2022,A/Trollhattan/SE24-03639/2024,640
A/Albania/289813/2022,A/Trollhattan/SE24-04469/2024,160
A/Albania/289813/2022,A/Tunisia/3500/2024,320
A/Albania/289813/2022,A/Turkmenistan/142/2024,680
A/Albania/289813/2022,A/Ukraine/2777/2024,640
A/Albania/289813/2022,A/Ukraine/774/2022,160
A/Albania/289813/2022,A/Uppsala/SE24-04691/2024,640
A/Albania/289813/2022,A/Vasteras/SE23-14213/2023,533
A/Albania/289902/2022,A/Arsal/5767/2021,320
A/Albania/289902/2022,A/Brandenburg/2/2022,640
A/Albania/289902/2022,A/Cambodia/925256/2020,160
A/Albania/289902/2022,A/Cambodia/e0826360/2020,640
A/Albania/289902/2022,A/Darwin/9/2021,640
A/Albania/289902/2022,A/England/214040936/2021,320
A/Albania/289902/2022,A/Lille/50053/2022,1280
A/Albania/289902/2022,A/Stockholm/5/2021,640
A/Albania/289902/2022,A/Ukraine/354/2021,160
A/Albania/290243/2022,A/Albania/290270/2022,160
A/Albania/290243/2022,A/Arsal/5767/2021,373
A/Albania/290243/2022,A/Blida/42154/2022,640
A/Albania/290243/2022,A/Brandenburg/2/2022,440
A/Albania/290243/2022,A/Cambodia/925256/2020,160
A/Albania/290243/2022,A/Cambodia/e0826360/2020,320
A/Albania/290243/2022,A/Cameroon/2919/2023,320
A/Albania/290243/2022,A/Cameroon/2925/2023,1280
A/Albania/290243/2022,A/Cameroon/541/2023,640
A/Albania/290243/2022,A/Darwin/9/2021,666
A/Albania/290243/2022,A/England/189/2023,640
A/Albania/290243/2022,A/England/214040936/2021,486
A/Albania/290243/2022,A/HongKong/1539/2023,640
A/Albania/290243/2022,A/HongKong/1543/2023,960
A/Albania/290243/2022,A/HongKong/1544/2023,640
A/Albania/290243/2022,A/Lille/50053/2022,533
A/Albania/290243/2022,A/Netherlands/10194/2021,1280
A/Albania/290243/2022,A/Poland/PL65/2022,160
A/Albania/290243/2022,A/Stockholm/5/2021,666
A/Albania/290243/2022,A/Ukraine/354/2021,320
A/Albania/290243/2022,A/Ukraine/774/2022,160
A/Albania/290270/2022,A/Arsal/5767/2021,426
A/Albania/290270/2022,A/Blida/42154/2022,560
A/Albania/290270/2022,A/Brandenburg/2/2022,213
A/Albania/290270/2022,A/Cambodia/925256/2020,80
A/Albania/290270/2022,A/Cambodia/e0826360/2020,160
A/Albania/290270/2022,A/Cameroon/2919/2023,160
A/Albania/290270/2022,A/Cameroon/2925/2023,1280
A/Albania/290270/2022,A/Cameroon/541/2023,640
A/Albania/290270/2022,A/Darwin/9/2021,426
A/Albania/290270/2022,A/England/189/2023,480
A/Albania/290270/2022,A/England/214040936/2021,533
A/Albania/290270/2022,A/HongKong/1539/2023,640
A/Albania/290270/2022,A/HongKong/1543/2023,640
A/Albania/290270/2022,A/HongKong/1544/2023,320
A/Albania/290270/2022,A/Lille/50053/2022,266
A/Albania/290270/2022,A/Netherlands/10194/2021,1280
A/Albania/290270/2022,A/Poland/PL65/2022,120
A/Albania/290270/2022,A/Stockholm/5/2021,186
A/Albania/290270/2022,A/Ukraine/354/2021,160
A/Albania/290270/2022,A/Ukraine/774/2022,160
A/Albania/290350/2022,A/Arsal/5767/2021,1280
A/Albania/290350/2022,A/Brandenburg/2/2022,160
A/Albania/290350/2022,A/Cambodia/925256/2020,80
A/Albania/290350/2022,A/Cambodia/e0826360/2020,320
A/Albania/290350/2022,A/Darwin/9/2021,640
A/Albania/290350/2022,A/England/214040936/2021,120
A/Albania/290350/2022,A/Lille/50053/2022,1280
A/Albania/290350/2022,A/Stockholm/5/2021,320
A/Albania/290350/2022,A/Ukraine/354/2021,320
A/Albania/290380/2022,A/Arsal/5767/2021,160
A/Albania/290380/2022,A/Brandenburg/2/2022,320
A/Albania/290380/2022,A/Cambodia/925256/2020,80
A/Albania/290380/2022,A/Cambodia/e0826360/2020,160
A/Albania/290380/2022,A/Darwin/9/2021,160
A/Albania/290380/2022,A/England/214040936/2021,80
A/Albania/290380/2022,A/Lille/50053/2022,640
A/Albania/290380/2022,A/Stockholm/5/2021,320
A/Albania/290380/2022,A/Ukraine/354/2021,80
A/Albania/290469/2023,A/Arsal/5767/2021,640
A/Albania/290469/2023,A/Brandenburg/2/2022,320
A/Albania/290469/2023,A/Cambodia/925256/2020,40
A/Albania/290469/2023,A/Cambodia/e0826360/2020,320
A/Albania/290469/2023,A/Darwin/9/2021,640
A/Albania/290469/2023,A/England/214040936/2021,800
A/Albania/290469/2023,A/Lille/50053/2022,320
A/Albania/290469/2023,A/Stockholm/5/2021,320
A/Albania/290469/2023,A/Ukraine/354/2021,320
A/Albania/290520/2023,A/Arsal/5767/2021,160
A/Albania/290520/2023,A/Brandenburg/2/2022,160
A/Albania/290520/2023,A/Cambodia/925256/2020,80
A/Albania/290520/2023,A/Cambodia/e0826360/2020,160
A/Albania/290520/2023,A/Darwin/9/2021,320
A/Albania/290520/2023,A/England/214040936/2021,80
A/Albania/290520/2023,A/Lille/50053/2022,640
A/Albania/290520/2023,A/Stockholm/5/2021,320
A/Albania/290520/2023,A/Ukraine/354/2021,160
A/Albania/290558/2023,A/Arsal/5767/2021,1493
A/Albania/290558/2023,A/Brandenburg/2/2022,106
A/Albania/290558/2023,A/Cambodia/925256/2020,40
A/Albania/290558/2023,A/Cambodia/e0826360/2020,186
A/Albania/290558/2023,A/Darwin/9/2021,533
A/Albania/290558/2023,A/England/214040936/2021,173
A/Albania/290558/2023,A/Lille/50053/2022,1493
A/Albania/290558/2023,A/Stockholm/5/2021,373
A/Albania/290558/2023,A/Ukraine/354/2021,426
A/Albania/299565/2023,A/Blida/42154/2022,160
A/Albania/299565/2023,A/BurkinaFaso/3442/2023,160
A/Albania/299565/2023,A/England/189/2023,320
A/Albania/299565/2023,A/Lisboa/216/2023,320
A/Albania/299565/2023,A/Netherlands/10563/2023,320
A/Albania/299565/2023,A/Norway/12374/2023,80
A/Albania/299565/2023,A/Oklahoma/05/2024,160
A/Albania/302203/2024,A/Blida/42154/2022,120
A/Albania/302203/2024,A/BurkinaFaso/3442/2023,160
A/Albania/302203/2024,A/England/189/2023,160
A/Albania/302203/2024,A/Lisboa/216/2023,320
A/Albania/302203/2024,A/Netherlands/10563/2023,320
A/Albania/302203/2024,A/Norway/12374/2023,80
A/Albania/302203/2024,A/Oklahoma/05/2024,160
A/Albania/302412/2024,A/Blida/42154/2022,160
A/Albania/302412/2024,A/BurkinaFaso/3442/2023,160
A/Albania/302412/2024,A/England/189/2023,160
A/Albania/302412/2024,A/Lisboa/216/2023,320
A/Albania/302412/2024,A/Netherlands/10563/2023,320
A/Albania/302412/2024,A/Norway/12374/2023,160
A/Albania/302412/2024,A/Oklahoma/05/2024,160
A/Albania/302481/2024,A/Blida/42154/2022,160
A/Albania/302481/2024,A/BurkinaFaso/3442/2023,320
A/Albania/302481/2024,A/England/189/2023,240
A/Albania/302481/2024,A/Lisboa/216/2023,320
A/Albania/302481/2024,A/Netherlands/10563/2023,480
A/Albania/302481/2024,A/Norway/12374/2023,160
A/Albania/302481/2024,A/Oklahoma/05/2024,160
A/Albania/302626/2024,A/Blida/42154/2022,640
A/Albania/302626/2024,A/England/189/2023,1280
A/Albania/302626/2024,A/Lisboa/216/2023,1280
A/Albania/302626/2024,A/Netherlands/10563/2023,1280
A/Albania/302626/2024,A/Oklahoma/05/2024,640
A/Albania/302684/2024,A/Blida/42154/2022,640
A/Albania/302684/2024,A/England/189/2023,1280
A/Albania/302684/2024,A/Lisboa/216/2023,640
A/Albania/302684/2024,A/Netherlands/10563/2023,640
A/Albania/302684/2024,A/Oklahoma/05/2024,640
A/Albania/302765/2024,A/Blida/42154/2022,320
A/Albania/302765/2024,A/England/189/2023,1280
A/Albania/302765/2024,A/Lisboa/216/2023,640
A/Albania/302765/2024,A/Netherlands/10563/2023,640
A/Albania/302765/2024,A/Oklahoma/05/2024,320
A/Albania/302946/2024,A/Blida/42154/2022,160
A/Albania/302946/2024,A/England/189/2023,1280
A/Albania/302946/2024,A/Lisboa/216/2023,640
A/Albania/302946/2024,A/Netherlands/10563/2023,640
A/Albania/302946/2024,A/Oklahoma/05/2024,320
A/Alborz/96/2012,A/Brisbane/10/2007,40
A/Alborz/96/2012,A/Finland/40/2010,640
A/Alborz/96/2012,A/Iowa/19/2010,640
A/Alborz/96/2012,A/Johannesburg/126/2009,320
A/Alborz/96/2012,A/Perth/10/2010,640
A/Alborz/96/2012,A/Perth/16/2009,160
A/Alborz/96/2012,A/Victoria/210/2009,160
A/Algeria/16901/2024,A/Blida/42154/2022,160
A/Algeria/16901/2024,A/BurkinaFaso/3442/2023,40
A/Algeria/16901/2024,A/DistrictOfColumbia/27/2023,320
A/Algeria/16901/2024,A/Lisboa/216/2023,160
A/Algeria/16901/2024,A/Netherlands/10510/2024,80
A/Algeria/16901/2024,A/Netherlands/10563/2023,320
A/Algeria/16901/2024,A/Norway/12374/2023,80
A/Algeria/16901/2024,A/Oklahoma/05/2024,160
A/Algeria/16913/2024,A/Blida/42154/2022,80
A/Algeria/16913/2024,A/BurkinaFaso/3442/2023,40
A/Algeria/16913/2024,A/DistrictOfColumbia/27/2023,320
A/Algeria/16913/2024,A/Lisboa/216/2023,160
A/Algeria/16913/2024,A/Netherlands/10510/2024,40
A/Algeria/16913/2024,A/Netherlands/10563/2023,160
A/Algeria/16913/2024,A/Norway/12374/2023,40
A/Algeria/16913/2024,A/Oklahoma/05/2024,80
A/Algeria/339/2025,A/Blida/42154/2022,160
A/Algeria/339/2025,A/BurkinaFaso/3442/2023,80
A/Algeria/339/2025,A/DistrictOfColumbia/27/2023,240
A/Algeria/339/2025,A/Lisboa/216/2023,160
A/Algeria/339/2025,A/Netherlands/10510/2024,80
A/Algeria/339/2025,A/Netherlands/10563/2023,160
A/Algeria/339/2025,A/Norway/12374/2023,40
A/Algeria/339/2025,A/Oklahoma/05/2024,80
A/Algeria/459/2025,A/Blida/42154/2022,80
A/Algeria/459/2025,A/BurkinaFaso/3442/2023,40
A/Algeria/459/2025,A/DistrictOfColumbia/27/2023,160
A/Algeria/459/2025,A/Lisboa/216/2023,160
A/Algeria/459/2025,A/Netherlands/10510/2024,40
A/Algeria/459/2025,A/Netherlands/10563/2023,160
A/Algeria/459/2025,A/Norway/12374/2023,80
A/Algeria/459/2025,A/Oklahoma/05/2024,80
A/Alsace/06300/2024,A/Blida/42154/2022,140
A/Alsace/06300/2024,A/BurkinaFaso/3442/2023,175
A/Alsace/06300/2024,A/England/189/2023,280
A/Alsace/06300/2024,A/Lisboa/216/2023,320
A/Alsace/06300/2024,A/Netherlands/10563/2023,360
A/Alsace/06300/2024,A/Norway/12374/2023,140
A/Alsace/06300/2024,A/Oklahoma/05/2024,140
A/Ambositra/01616/2024,A/Blida/42154/2022,320
A/Ambositra/01616/2024,A/BurkinaFaso/3442/2023,160
A/Ambositra/01616/2024,A/England/189/2023,640
A/Ambositra/01616/2024,A/Lisboa/216/2023,160
A/Ambositra/01616/2024,A/Netherlands/10563/2023,160
A/Ambositra/01616/2024,A/Norway/12374/2023,80
A/Ambositra/01616/2024,A/Oklahoma/05/2024,80
A/Ambositra/02034/2024,A/Blida/42154/2022,160
A/Ambositra/02034/2024,A/BurkinaFaso/3442/2023,320
A/Ambositra/02034/2024,A/England/189/2023,160
A/Ambositra/02034/2024,A/Lisboa/216/2023,320
A/Ambositra/02034/2024,A/Netherlands/10563/2023,320
A/Ambositra/02034/2024,A/Norway/12374/2023,160
A/Ambositra/02034/2024,A/Oklahoma/05/2024,160
A/Andalucia/2703/2022,A/Bangladesh/4005/2020,160
A/Andalucia/2703/2022,A/Cambodia/925256/2020,<40
A/Andalucia/2703/2022,A/Cambodia/e0826360/2020,40
A/Andalucia/2703/2022,A/Darwin/9/2021,320
A/Andalucia/2703/2022,A/England/195200780/2019,40
A/Andalucia/2703/2022,A/England/214040936/2021,320
A/Andalucia/2703/2022,A/Israel/R-742/2016,<40
A/Andalucia/2703/2022,A/Spain/90/2021,*
A/Andalucia/2703/2022,A/Stockholm/5/2021,320
A/Andalucia/9561/2021,A/Bangladesh/4005/2020,640
A/Andalucia/9561/2021,A/Cambodia/925256/2020,160
A/Andalucia/9561/2021,A/Cambodia/e0826360/2020,320
A/Andalucia/9561/2021,A/Darwin/9/2021,1280
A/Andalucia/9561/2021,A/England/195200780/2019,320
A/Andalucia/9561/2021,A/England/214040936/2021,640
A/Andalucia/9561/2021,A/Israel/R-742/2016,160
A/Andalucia/9561/2021,A/Stockholm/5/2021,320
A/Ankara/1907/2016,A/Georgia/532/2015,53
A/Ankara/1907/2016,A/Greece/4/2017,160
A/Ankara/1907/2016,A/Madrid/SO13031/2014,<40
A/Ankara/1907/2016,A/Minsk/1737/2012,43
A/Ankara/1907/2016,A/Netherlands/398/2014,133
A/Ankara/1907/2016,A/Palermo/6/2016,171
A/Ankara/1907/2016,A/Sachsen/74/2016,177
A/Ankara/1907/2016,A/Samara/73/2013,44
A/Ankara/1907/2016,A/Switzerland/9715293/2013,54
A/Ankara/5139/2015,A/Georgia/532/2015,80
A/Ankara/5139/2015,A/Madrid/SO13031/2014,<40
A/Ankara/5139/2015,A/Minsk/1737/2012,80
A/Ankara/5139/2015,A/Netherlands/398/2014,100
A/Ankara/5139/2015,A/Samara/73/2013,<40
A/Ankara/5139/2015,A/Switzerland/9715293/2013,<40
A/Antalya/204/2011,A/Denmark/90/2011,640
A/Antalya/204/2011,A/England/259/2011,320
A/Antalya/204/2011,A/Finland/40/2010,320
A/Antalya/204/2011,A/Iowa/19/2010,160
A/Antalya/204/2011,A/Johannesburg/126/2009,80
A/Antalya/204/2011,A/Netherlands/34/2010,320
A/Antalya/204/2011,A/Perth/16/2009,80
A/Antalya/3562/2016,A/Bucuresti/193605/2016,80
A/Antalya/3562/2016,A/Georgia/532/2015,106
A/Antalya/3562/2016,A/Madrid/SO13031/2014,40
A/Antalya/3562/2016,A/Minsk/1737/2012,80
A/Antalya/3562/2016,A/Netherlands/398/2014,280
A/Antalya/3562/2016,A/Samara/73/2013,40
A/Antalya/3562/2016,A/Slovenia/129/2016,160
A/Antalya/3562/2016,A/Slovenia/3188/2015,160
A/Antalya/3562/2016,A/Switzerland/9715293/2013,76
A/Antalya/7/2018,A/Bretagne/1413/2017,<40
A/Antalya/7/2018,A/Fes/67/2016,80
A/Antalya/7/2018,A/Israel/R-742/2016,73
A/Antalya/7/2018,A/Norway/3275/2018,80
A/Antalya/7/2018,A/Switzerland/8060/2017,40
A/Antananarivo/02702/2023,A/Blida/42154/2022,320
A/Antananarivo/02702/2023,A/England/189/2023,320
A/Antananarivo/02702/2023,A/Lisboa/216/2023,320
A/Antananarivo/02702/2023,A/Netherlands/10563/2023,320
A/Antananarivo/02702/2023,A/Oklahoma/05/2024,80
A/Antananarivo/03320/2023,A/Blida/42154/2022,332
A/Antananarivo/03320/2023,A/Brandenburg/2/2022,114
A/Antananarivo/03320/2023,A/Darwin/9/2021,297
A/Antananarivo/03320/2023,A/England/189/2023,590
A/Antananarivo/03320/2023,A/Lisboa/216/2023,240
A/Antananarivo/03320/2023,A/Netherlands/10563/2023,264
A/Antananarivo/03320/2023,A/Oklahoma/05/2024,80
A/Antananarivo/03320/2023,A/Poland/PL65/2022,91
A/Antananarivo/03320/2023,A/Stockholm/5/2021,137
A/Antananarivo/03320/2023,A/Switzerland/28719/2022,297
A/Antananarivo/03601/2022,A/Arsal/5767/2021,320
A/Antananarivo/03601/2022,A/Bangladesh/4005/2020,160
A/Antananarivo/03601/2022,A/Cambodia/925256/2020,80
A/Antananarivo/03601/2022,A/Cambodia/e0826360/2020,80
A/Antananarivo/03601/2022,A/Darwin/9/2021,640
A/Antananarivo/03601/2022,A/England/195200780/2019,80
A/Antananarivo/03601/2022,A/England/214040936/2021,640
A/Antananarivo/03601/2022,A/Israel/R-742/2016,40
A/Antananarivo/03601/2022,A/Stockholm/5/2021,320
A/Antananarivo/04020/2022,A/Arsal/5767/2021,320
A/Antananarivo/04020/2022,A/Bangladesh/4005/2020,160
A/Antananarivo/04020/2022,A/Cambodia/925256/2020,40
A/Antananarivo/04020/2022,A/Cambodia/e0826360/2020,80
A/Antananarivo/04020/2022,A/Darwin/9/2021,320
A/Antananarivo/04020/2022,A/England/195200780/2019,80
A/Antananarivo/04020/2022,A/England/214040936/2021,320
A/Antananarivo/04020/2022,A/Israel/R-742/2016,<40
A/Antananarivo/04020/2022,A/Stockholm/5/2021,320
A/Antananarivo/04650/2022,A/Arsal/5767/2021,240
A/Antananarivo/04650/2022,A/Bangladesh/4005/2020,160
A/Antananarivo/04650/2022,A/Cambodia/925256/2020,80
A/Antananarivo/04650/2022,A/Cambodia/e0826360/2020,80
A/Antananarivo/04650/2022,A/Darwin/9/2021,320
A/Antananarivo/04650/2022,A/England/195200780/2019,80
A/Antananarivo/04650/2022,A/England/214040936/2021,640
A/Antananarivo/04650/2022,A/Israel/R-742/2016,<40
A/Antananarivo/04650/2022,A/Stockholm/5/2021,320
A/Antananarivo/05015/2022,A/Arsal/5767/2021,280
A/Antananarivo/05015/2022,A/Bangladesh/4005/2020,160
A/Antananarivo/05015/2022,A/Cambodia/925256/2020,60
A/Antananarivo/05015/2022,A/Cambodia/e0826360/2020,80
A/Antananarivo/05015/2022,A/Darwin/9/2021,320
A/Antananarivo/05015/2022,A/England/195200780/2019,60
A/Antananarivo/05015/2022,A/England/214040936/2021,480
A/Antananarivo/05015/2022,A/Israel/R-742/2016,<40
A/Antananarivo/05015/2022,A/Stockholm/5/2021,320
A/Antananarivo/4906/2012,A/Berlin/93/2011,266
A/Antananarivo/4906/2012,A/Finland/40/2010,186
A/Antananarivo/4906/2012,A/Hawaii/22/2012,<40
A/Antananarivo/4906/2012,A/Iowa/19/2010,120
A/Antananarivo/4906/2012,A/Johannesburg/126/2009,80
A/Antananarivo/4906/2012,A/Minsk/1737/2012,160
A/Antananarivo/4906/2012,A/Perth/16/2009,40
A/Antananarivo/4906/2012,A/Victoria/361/2011,186
A/Antananarivo/50000/2024,A/Blida/42154/2022,320
A/Antananarivo/50000/2024,A/Brandenburg/2/2022,80
A/Antananarivo/50000/2024,A/Darwin/9/2021,160
A/Antananarivo/50000/2024,A/England/189/2023,640
A/Antananarivo/50000/2024,A/Netherlands/10563/2023,160
A/Antananarivo/50000/2024,A/Poland/PL65/2022,80
A/Antananarivo/50000/2024,A/Stockholm/5/2021,80
A/Antananarivo/50000/2024,A/Switzerland/28719/2022,160
A/Antsirabe/01583/2024,A/Blida/42154/2022,240
A/Antsirabe/01583/2024,A/BurkinaFaso/3442/2023,200
A/Antsirabe/01583/2024,A/England/189/2023,240
A/Antsirabe/01583/2024,A/Lisboa/216/2023,240
A/Antsirabe/01583/2024,A/Netherlands/10563/2023,400
A/Antsirabe/01583/2024,A/Norway/12374/2023,100
A/Antsirabe/01583/2024,A/Oklahoma/05/2024,200
A/Antsirabe/03366/2022,A/Arsal/5767/2021,<40
A/Antsirabe/03366/2022,A/Bangladesh/4005/2020,40
A/Antsirabe/03366/2022,A/Cambodia/925256/2020,160
A/Antsirabe/03366/2022,A/Cambodia/e0826360/2020,<40
A/Antsirabe/03366/2022,A/Darwin/9/2021,40
A/Antsirabe/03366/2022,A/England/195200780/2019,80
A/Antsirabe/03366/2022,A/England/214040936/2021,<40
A/Antsirabe/03366/2022,A/Israel/R-742/2016,<40
A/Antsirabe/03366/2022,A/Stockholm/5/2021,<40
A/Antsirabe/2096/2017,A/Greece/4/2017,160
A/Antsirabe/2096/2017,A/Netherlands/398/2014,160
A/Antsirabe/2096/2017,A/Palermo/6/2016,160
A/Antsirabe/2096/2017,A/Switzerland/9715293/2013,40
A/Antsirabe/3857/2015,A/Georgia/532/2015,80
A/Antsirabe/3857/2015,A/Madrid/SO13031/2014,40
A/Antsirabe/3857/2015,A/Minsk/1737/2012,80
A/Antsirabe/3857/2015,A/Netherlands/398/2014,240
A/Antsirabe/3857/2015,A/Samara/73/2013,40
A/Antsirabe/3857/2015,A/Switzerland/9715293/2013,80
A/Aragon/13140/2020,A/England/195200780/2019,160
A/Aragon/13140/2020,A/Fes/67/2016,80
A/Aragon/13140/2020,A/Israel/R-742/2016,120
A/Aragon/13140/2020,A/Norway/3275/2018,<40
A/Aragon/13141/2020,A/England/195200780/2019,40
A/Aragon/13141/2020,A/Fes/67/2016,80
A/Aragon/13141/2020,A/Israel/R-742/2016,280
A/Aragon/13141/2020,A/Norway/3275/2018,<40
A/Aragon/271/2014,A/Finland/40/2010,320
A/Aragon/271/2014,A/Iowa/19/2010,160
A/Aragon/271/2014,A/Minsk/1737/2012,320
A/Aragon/271/2014,A/Paris/1988/2012,480
A/Aragon/271/2014,A/Perth/16/2009,40
A/Aragon/271/2014,A/Samara/73/2013,1280
A/Aragon/271/2014,A/Victoria/361/2011,640
A/Argentina/1065/2024,A/Blida/42154/2022,133
A/Argentina/1065/2024,A/BurkinaFaso/3442/2023,320
A/Argentina/1065/2024,A/England/189/2023,133
A/Argentina/1065/2024,A/Lisboa/216/2023,266
A/Argentina/1065/2024,A/Netherlands/10563/2023,320
A/Argentina/1065/2024,A/Norway/12374/2023,106
A/Argentina/1065/2024,A/Oklahoma/05/2024,133
A/Argentina/1084/2024,A/Blida/42154/2022,80
A/Argentina/1084/2024,A/BurkinaFaso/3442/2023,160
A/Argentina/1084/2024,A/England/189/2023,320
A/Argentina/1084/2024,A/Lisboa/216/2023,320
A/Argentina/1084/2024,A/Netherlands/10563/2023,320
A/Argentina/1084/2024,A/Norway/12374/2023,80
A/Argentina/1084/2024,A/Oklahoma/05/2024,160
A/Argentina/1130/2024,A/Blida/42154/2022,160
A/Argentina/1130/2024,A/BurkinaFaso/3442/2023,320
A/Argentina/1130/2024,A/England/189/2023,320
A/Argentina/1130/2024,A/Lisboa/216/2023,320
A/Argentina/1130/2024,A/Netherlands/10563/2023,320
A/Argentina/1130/2024,A/Norway/12374/2023,160
A/Argentina/1130/2024,A/Oklahoma/05/2024,160
A/Argentina/1163/2024,A/Blida/42154/2022,160
A/Argentina/1163/2024,A/BurkinaFaso/3442/2023,320
A/Argentina/1163/2024,A/England/189/2023,320
A/Argentina/1163/2024,A/Lisboa/216/2023,320
A/Argentina/1163/2024,A/Netherlands/10563/2023,320
A/Argentina/1163/2024,A/Norway/12374/2023,160
A/Argentina/1163/2024,A/Oklahoma/05/2024,160
A/Argentina/1173/2024,A/Blida/42154/2022,320
A/Argentina/1173/2024,A/BurkinaFaso/3442/2023,160
A/Argentina/1173/2024,A/England/189/2023,640
A/Argentina/1173/2024,A/Lisboa/216/2023,320
A/Argentina/1173/2024,A/Netherlands/10563/2023,320
A/Argentina/1173/2024,A/Norway/12374/2023,80
A/Argentina/1173/2024,A/Oklahoma/05/2024,160
A/Argentina/1178/2024,A/Blida/42154/2022,160
A/Argentina/1178/2024,A/BurkinaFaso/3442/2023,160
A/Argentina/1178/2024,A/England/189/2023,320
A/Argentina/1178/2024,A/Lisboa/216/2023,320
A/Argentina/1178/2024,A/Netherlands/10563/2023,320
A/Argentina/1178/2024,A/Norway/12374/2023,160
A/Argentina/1178/2024,A/Oklahoma/05/2024,160
A/Argentina/1182/2024,A/Blida/42154/2022,160
A/Argentina/1182/2024,A/BurkinaFaso/3442/2023,320
A/Argentina/1182/2024,A/England/189/2023,320
A/Argentina/1182/2024,A/Lisboa/216/2023,320
A/Argentina/1182/2024,A/Netherlands/10563/2023,320
A/Argentina/1182/2024,A/Norway/12374/2023,160
A/Argentina/1182/2024,A/Oklahoma/05/2024,160
A/Argentina/1211/2024,A/Blida/42154/2022,240
A/Argentina/1211/2024,A/BurkinaFaso/3442/2023,120
A/Argentina/1211/2024,A/England/189/2023,480
A/Argentina/1211/2024,A/Lisboa/216/2023,240
A/Argentina/1211/2024,A/Netherlands/10563/2023,200
A/Argentina/1211/2024,A/Norway/12374/2023,100
A/Argentina/1211/2024,A/Oklahoma/05/2024,60
A/Argentina/1221/2024,A/Blida/42154/2022,120
A/Argentina/1221/2024,A/BurkinaFaso/3442/2023,160
A/Argentina/1221/2024,A/England/189/2023,160
A/Argentina/1221/2024,A/Lisboa/216/2023,320
A/Argentina/1221/2024,A/Netherlands/10563/2023,320
A/Argentina/1221/2024,A/Norway/12374/2023,80
A/Argentina/1221/2024,A/Oklahoma/05/2024,160
A/Argentina/2745/2022,A/Bangladesh/4005/2020,160
A/Argentina/2745/2022,A/Brandenburg/2/2022,40
A/Argentina/2745/2022,A/Cambodia/925256/2020,<40
A/Argentina/2745/2022,A/Cambodia/e0826360/2020,80
A/Argentina/2745/2022,A/Darwin/9/2021,640
A/Argentina/2745/2022,A/England/195200780/2019,<40
A/Argentina/2745/2022,A/England/214040936/2021,640
A/Argentina/2745/2022,A/Israel/R-742/2016,<40
A/Argentina/2745/2022,A/Stockholm/5/2021,320
A/Argentina/2784/2022,A/Bangladesh/4005/2020,320
A/Argentina/2784/2022,A/Brandenburg/2/2022,160
A/Argentina/2784/2022,A/Cambodia/925256/2020,80
A/Argentina/2784/2022,A/Cambodia/e0826360/2020,160
A/Argentina/2784/2022,A/Darwin/9/2021,640
A/Argentina/2784/2022,A/England/195200780/2019,80
A/Argentina/2784/2022,A/England/214040936/2021,640
A/Argentina/2784/2022,A/Israel/R-742/2016,40
A/Argentina/2784/2022,A/Stockholm/5/2021,320
A/Argentina/2822/2022,A/Bangladesh/4005/2020,320
A/Argentina/2822/2022,A/Brandenburg/2/2022,80
A/Argentina/2822/2022,A/Cambodia/925256/2020,80
A/Argentina/2822/2022,A/Cambodia/e0826360/2020,80
A/Argentina/2822/2022,A/Darwin/9/2021,640
A/Argentina/2822/2022,A/England/195200780/2019,40
A/Argentina/2822/2022,A/England/214040936/2021,640
A/Argentina/2822/2022,A/Israel/R-742/2016,40
A/Argentina/2822/2022,A/Stockholm/5/2021,320
A/Argentina/28367/2010,A/Brisbane/10/2007,120
A/Argentina/28367/2010,A/Johannesburg/126/2009,320
A/Argentina/28367/2010,A/Perth/10/2010,640
A/Argentina/28367/2010,A/Perth/16/2009,640
A/Argentina/28370/2010,A/Brisbane/10/2007,80
A/Argentina/28370/2010,A/Johannesburg/126/2009,320
A/Argentina/28370/2010,A/Perth/10/2010,640
A/Argentina/28370/2010,A/Perth/16/2009,640
A/Argentina/2863/2022,A/Bangladesh/4005/2020,160
A/Argentina/2863/2022,A/Brandenburg/2/2022,80
A/Argentina/2863/2022,A/Cambodia/925256/2020,80
A/Argentina/2863/2022,A/Cambodia/e0826360/2020,80
A/Argentina/2863/2022,A/Darwin/9/2021,640
A/Argentina/2863/2022,A/England/195200780/2019,40
A/Argentina/2863/2022,A/England/214040936/2021,640
A/Argentina/2863/2022,A/Israel/R-742/2016,<40
A/Argentina/2863/2022,A/Stockholm/5/2021,320
A/Argentina/2894/2022,A/Bangladesh/4005/2020,160
A/Argentina/2894/2022,A/Brandenburg/2/2022,160
A/Argentina/2894/2022,A/Cambodia/925256/2020,160
A/Argentina/2894/2022,A/Cambodia/e0826360/2020,80
A/Argentina/2894/2022,A/Darwin/9/2021,640
A/Argentina/2894/2022,A/England/195200780/2019,40
A/Argentina/2894/2022,A/England/214040936/2021,640
A/Argentina/2894/2022,A/Israel/R-742/2016,40
A/Argentina/2894/2022,A/Stockholm/5/2021,640
A/Argentina/3104/2022,A/Arsal/5767/2021,160
A/Argentina/3104/2022,A/Brandenburg/2/2022,72
A/Argentina/3104/2022,A/Cambodia/925256/2020,40
A/Argentina/3104/2022,A/Cambodia/e0826360/2020,144
A/Argentina/3104/2022,A/Darwin/9/2021,256
A/Argentina/3104/2022,A/England/214040936/2021,232
A/Argentina/3104/2022,A/Lille/50053/2022,320
A/Argentina/3104/2022,A/Stockholm/5/2021,120
A/Argentina/3104/2022,A/Ukraine/354/2021,128
A/Argentina/3486/2022,A/Arsal/5767/2021,320
A/Argentina/3486/2022,A/Brandenburg/2/2022,80
A/Argentina/3486/2022,A/Cambodia/925256/2020,80
A/Argentina/3486/2022,A/Cambodia/e0826360/2020,80
A/Argentina/3486/2022,A/Darwin/9/2021,640
A/Argentina/3486/2022,A/England/214040936/2021,480
A/Argentina/3486/2022,A/Stockholm/5/2021,320
A/Argentina/3486/2022,A/Ukraine/354/2021,160
A/Armenia/1/2017,A/Fes/67/2016,200
A/Armenia/1/2017,A/Greece/4/2017,160
A/Armenia/1/2017,A/Netherlands/398/2014,160
A/Armenia/1/2017,A/Palermo/6/2016,160
A/Armenia/1/2017,A/Sachsen/74/2016,160
A/Armenia/1/2017,A/Switzerland/9715293/2013,80
A/Armenia/10/2017,A/Fes/67/2016,200
A/Armenia/10/2017,A/Greece/4/2017,320
A/Armenia/10/2017,A/Netherlands/398/2014,320
A/Armenia/10/2017,A/Palermo/6/2016,160
A/Armenia/10/2017,A/Sachsen/74/2016,320
A/Armenia/10/2017,A/Switzerland/9715293/2013,80
A/Armenia/12/2017,A/Fes/67/2016,200
A/Armenia/12/2017,A/Greece/4/2017,160
A/Armenia/12/2017,A/Netherlands/398/2014,160
A/Armenia/12/2017,A/Palermo/6/2016,80
A/Armenia/12/2017,A/Sachsen/74/2016,160
A/Armenia/12/2017,A/Switzerland/9715293/2013,80
A/Armenia/13/2019,A/Bretagne/1413/2017,<40
A/Armenia/13/2019,A/Fes/67/2016,160
A/Armenia/13/2019,A/Israel/R-742/2016,<40
A/Armenia/13/2019,A/Norway/3275/2018,160
A/Armenia/13/2019,A/Switzerland/8060/2017,<40
A/Armenia/15/2019,A/Bretagne/1413/2017,<40
A/Armenia/15/2019,A/Fes/67/2016,80
A/Armenia/15/2019,A/Israel/R-742/2016,<40
A/Armenia/15/2019,A/Norway/3275/2018,80
A/Armenia/15/2019,A/Switzerland/8060/2017,<40
A/Armenia/2363/2016,A/Georgia/532/2015,66
A/Armenia/2363/2016,A/Greece/4/2017,160
A/Armenia/2363/2016,A/Minsk/1737/2012,40
A/Armenia/2363/2016,A/Netherlands/398/2014,110
A/Armenia/2363/2016,A/Palermo/6/2016,153
A/Armenia/2363/2016,A/Sachsen/74/2016,130
A/Armenia/2363/2016,A/Samara/73/2013,40
A/Armenia/2363/2016,A/Switzerland/9715293/2013,60
A/Armenia/3/2017,A/Fes/67/2016,200
A/Armenia/3/2017,A/Greece/4/2017,320
A/Armenia/3/2017,A/Netherlands/398/2014,320
A/Armenia/3/2017,A/Palermo/6/2016,320
A/Armenia/3/2017,A/Sachsen/74/2016,320
A/Armenia/3/2017,A/Switzerland/9715293/2013,160
A/Armenia/4/2017,A/Fes/67/2016,100
A/Armenia/4/2017,A/Greece/4/2017,320
A/Armenia/4/2017,A/Netherlands/398/2014,160
A/Armenia/4/2017,A/Palermo/6/2016,160
A/Armenia/4/2017,A/Sachsen/74/2016,320
A/Armenia/4/2017,A/Switzerland/9715293/2013,80
A/Armenia/501/2019,A/Bretagne/1413/2017,80
A/Armenia/501/2019,A/Christchurch/515/2019,160
A/Armenia/501/2019,A/Fes/67/2016,80
A/Armenia/501/2019,A/Israel/R-742/2016,70
A/Armenia/501/2019,A/Norway/3275/2018,160
A/Armenia/501/2019,A/Switzerland/8060/2017,80
A/Armenia/885/2021,A/Bangladesh/4005/2020,320
A/Armenia/885/2021,A/Cambodia/925256/2020,80
A/Armenia/885/2021,A/Cambodia/e0826360/2020,320
A/Armenia/885/2021,A/Darwin/9/2021,320
A/Armenia/885/2021,A/England/195200780/2019,160
A/Armenia/885/2021,A/Israel/R-742/2016,80
A/Armenia/885/2021,A/Stockholm/5/2021,320
A/Armenia/887/2021,A/Bangladesh/4005/2020,320
A/Armenia/887/2021,A/Cambodia/925256/2020,160
A/Armenia/887/2021,A/Cambodia/e0826360/2020,640
A/Armenia/887/2021,A/Darwin/9/2021,1280
A/Armenia/887/2021,A/England/195200780/2019,320
A/Armenia/887/2021,A/Israel/R-742/2016,80
A/Armenia/887/2021,A/Stockholm/5/2021,640
A/Armenia/922/2021,A/Bangladesh/4005/2020,320
A/Armenia/922/2021,A/Cambodia/925256/2020,60
A/Armenia/922/2021,A/Cambodia/e0826360/2020,320
A/Armenia/922/2021,A/Darwin/9/2021,640
A/Armenia/922/2021,A/England/195200780/2019,160
A/Armenia/922/2021,A/Israel/R-742/2016,60
A/Armenia/922/2021,A/Stockholm/5/2021,320
A/Armenia/941/2019,A/Bretagne/1413/2017,160
A/Armenia/941/2019,A/Christchurch/515/2019,320
A/Armenia/941/2019,A/Fes/67/2016,160
A/Armenia/941/2019,A/Israel/R-742/2016,160
A/Armenia/941/2019,A/Norway/3275/2018,320
A/Armenia/941/2019,A/Switzerland/8060/2017,160
A/Arsal/5767/2021,A/Austria/1496862/2022,*
A/Arsal/5767/2021,A/Austria/1499572/2022,*
A/Arsal/5767/2021,A/Austria/1503342/2022,*
A/Arsal/5767/2021,A/Austria/1505788/2022,*
A/Arsal/5767/2021,A/Austria/1508277/2022,*
A/Arsal/5767/2021,A/Austria/1514532/2022,*
A/Arsal/5767/2021,A/Austria/1572440/2022,320
A/Arsal/5767/2021,A/Austria/1573799/2022,280
A/Arsal/5767/2021,A/Austria/1574200/2022,320
A/Arsal/5767/2021,A/Bangladesh/4005/2020,196
A/Arsal/5767/2021,A/Bawshar/72212056/2022,80
A/Arsal/5767/2021,A/Bayern/6/2023,160
A/Arsal/5767/2021,A/Belgium/G0007/2023,320
A/Arsal/5767/2021,A/Belgium/G0314/2022,80
A/Arsal/5767/2021,A/Belgium/G0393/2022,160
A/Arsal/5767/2021,A/Belgium/S0898/2023,160
A/Arsal/5767/2021,A/Belgium/S1030/2022,640
A/Arsal/5767/2021,A/Belgium/S1045/2022,533
A/Arsal/5767/2021,A/Belgium/S2653/2022,320
A/Arsal/5767/2021,A/Belgium/S2699/2022,80
A/Arsal/5767/2021,A/BeniMellal/131/2022,320
A/Arsal/5767/2021,A/Berlin/145/2022,160
A/Arsal/5767/2021,A/Berlin/4/2021,800
A/Arsal/5767/2021,A/Blida/42154/2022,235
A/Arsal/5767/2021,A/Bolzano/40/2022,640
A/Arsal/5767/2021,A/BosniaAndHerzegovina/167/2023,480
A/Arsal/5767/2021,A/Boumerdes/44092/2022,160
A/Arsal/5767/2021,A/Brandenburg/2/2022,99
A/Arsal/5767/2021,A/Bremen/28/2022,320
A/Arsal/5767/2021,A/Bretagne/02975/2023,640
A/Arsal/5767/2021,A/Bulgaria/1536/2022,1280
A/Arsal/5767/2021,A/Bulgaria/1581/2022,1280
A/Arsal/5767/2021,A/Bulgaria/1666/2022,1280
A/Arsal/5767/2021,A/Bulgaria/1726/2022,1280
A/Arsal/5767/2021,A/Bulgaria/1813/2022,1280
A/Arsal/5767/2021,A/Bulgaria/664/2023,80
A/Arsal/5767/2021,A/Burgos/246/2022,80
A/Arsal/5767/2021,A/Burgos/260/2022,40
A/Arsal/5767/2021,A/Burgos/262/2022,80
A/Arsal/5767/2021,A/Burgos/4014/2023,480
A/Arsal/5767/2021,A/Burgos/4245/2023,80
A/Arsal/5767/2021,A/Burgos/5/2023,640
A/Arsal/5767/2021,A/Cambodia/925256/2020,49
A/Arsal/5767/2021,A/Cambodia/e0826360/2020,83
A/Arsal/5767/2021,A/Cameroon/2919/2023,160
A/Arsal/5767/2021,A/Cameroon/2925/2023,160
A/Arsal/5767/2021,A/Cameroon/541/2023,160
A/Arsal/5767/2021,A/Cameroon/9645/2022,160
A/Arsal/5767/2021,A/Catalonia/2262797NS/2022,480
A/Arsal/5767/2021,A/Catalonia/3512677NS/2022,160
A/Arsal/5767/2021,A/Catalonia/NSVH198242704/2022,160
A/Arsal/5767/2021,A/Centre/03353/2023,1280
A/Arsal/5767/2021,A/Champagne_Ardenne/02109/2023,320
A/Arsal/5767/2021,A/Champagne_Ardenne/05242/2023,320
A/Arsal/5767/2021,A/Croatia/111538/2022,320
A/Arsal/5767/2021,A/Croatia/70648/2022,480
A/Arsal/5767/2021,A/Croatia/70723/2022,960
A/Arsal/5767/2021,A/Croatia/77372/2022,480
A/Arsal/5767/2021,A/Dakar/27/2022,320
A/Arsal/5767/2021,A/Dakar/62/2021,371
A/Arsal/5767/2021,A/Darwin/9/2021,687
A/Arsal/5767/2021,A/Dijon/04835/2023,266
A/Arsal/5767/2021,A/Egypt/2319996/2022,160
A/Arsal/5767/2021,A/England/189/2023,160
A/Arsal/5767/2021,A/England/195200780/2019,71
A/Arsal/5767/2021,A/England/214040936/2021,340
A/Arsal/5767/2021,A/Estonia/172437/2022,640
A/Arsal/5767/2021,A/Estonia/KL283/2023,320
A/Arsal/5767/2021,A/Estonia/KL4992/2022,*
A/Arsal/5767/2021,A/FVG-Udine/99/2023,320
A/Arsal/5767/2021,A/Florida/02/2021,177
A/Arsal/5767/2021,A/Fort-De-France/53820/2022,320
A/Arsal/5767/2021,A/Galicia/3991/2022,240
A/Arsal/5767/2021,A/Georgia/K18-57/2022,80
A/Arsal/5767/2021,A/Georgia/K20-14/2022,160
A/Arsal/5767/2021,A/Georgia/T2/2022,613
A/Arsal/5767/2021,A/Georgia/T26-26/2022,640
A/Arsal/5767/2021,A/Georgia/T27-25/2022,480
A/Arsal/5767/2021,A/Ghana/1724/2022,180
A/Arsal/5767/2021,A/Greece/15/2023,640
A/Arsal/5767/2021,A/Greece/370/2022,640
A/Arsal/5767/2021,A/Hessen/45/2022,171
A/Arsal/5767/2021,A/HongKong/1539/2023,160
A/Arsal/5767/2021,A/HongKong/1543/2023,160
A/Arsal/5767/2021,A/HongKong/1544/2023,160
A/Arsal/5767/2021,A/Hungary/68/2022,640
A/Arsal/5767/2021,A/Hungary/73/2022,160
A/Arsal/5767/2021,A/Hungary/75/2022,640
A/Arsal/5767/2021,A/Hungary/87/2022,160
A/Arsal/5767/2021,A/Ibra/72211258/2022,320
A/Arsal/5767/2021,A/Ibra/72211780/2022,160
A/Arsal/5767/2021,A/Ibra/72211857/2022,80
A/Arsal/5767/2021,A/Ibra/72211987/2022,40
A/Arsal/5767/2021,A/Iceland/34327/2023,320
A/Arsal/5767/2021,A/Iran/Mehr28/2021,*
A/Arsal/5767/2021,A/Ireland/65707/2022,160
A/Arsal/5767/2021,A/Ireland/69896/2022,80
A/Arsal/5767/2021,A/Ireland/74535/2022,160
A/Arsal/5767/2021,A/Ireland/80523/2022,320
A/Arsal/5767/2021,A/Ireland/8169/2023,160
A/Arsal/5767/2021,A/Ireland/8661/2023,320
A/Arsal/5767/2021,A/Ireland/9045/2023,1280
A/Arsal/5767/2021,A/Ireland/9468/2023,320
A/Arsal/5767/2021,A/Ireland/9830/2023,320
A/Arsal/5767/2021,A/Israel/B1398/2022,133
A/Arsal/5767/2021,A/Israel/B1644/2022,80
A/Arsal/5767/2021,A/Israel/B1719/2022,320
A/Arsal/5767/2021,A/Israel/R-742/2016,42
A/Arsal/5767/2021,A/Israel/R11447/2022,80
A/Arsal/5767/2021,A/Kosice/130/2023,320
A/Arsal/5767/2021,A/Kosice/158/2023,640
A/Arsal/5767/2021,A/Kosova/114/2021,640
A/Arsal/5767/2021,A/Kosova/710/2021,960
A/Arsal/5767/2021,A/Kyiv/1/2022,1440
A/Arsal/5767/2021,A/Latvia/01-091445/2023,640
A/Arsal/5767/2021,A/Lebanon/8510/2021,640
A/Arsal/5767/2021,A/Lille/50053/2022,875
A/Arsal/5767/2021,A/Lisboa/554/2022,80
A/Arsal/5767/2021,A/Lisboa/561/2022,160
A/Arsal/5767/2021,A/Lisboa/584/2022,80
A/Arsal/5767/2021,A/Lisboa/595/2022,160
A/Arsal/5767/2021,A/Lisboa/597/2022,200
A/Arsal/5767/2021,A/Lisboa/706/2022,120
A/Arsal/5767/2021,A/Lisboa/731/2022,80
A/Arsal/5767/2021,A/Lisboa/751/2022,80
A/Arsal/5767/2021,A/Lithuania/36696/2022,*
A/Arsal/5767/2021,A/Lithuania/47481/2022,160
A/Arsal/5767/2021,A/Lithuania/48379/2022,80
A/Arsal/5767/2021,A/Lithuania/48708/2022,320
A/Arsal/5767/2021,A/Macedonia/133/2023,320
A/Arsal/5767/2021,A/Madrid/3803/2022,320
A/Arsal/5767/2021,A/Mauritius/P61639/2022,80
A/Arsal/5767/2021,A/Mayotte/508/21,<40
A/Arsal/5767/2021,A/Mecklenburg-Vorpommern/88/2022,284
A/Arsal/5767/2021,A/Milano/257/2022,160
A/Arsal/5767/2021,A/Milano/331/2022,80
A/Arsal/5767/2021,A/Milano/397/2022,80
A/Arsal/5767/2021,A/Moldova/2025278/2023,320
A/Arsal/5767/2021,A/Montenegro/101668/2023,1280
A/Arsal/5767/2021,A/Montenegro/1614822202/2022,*
A/Arsal/5767/2021,A/Montenegro/519452/2022,640
A/Arsal/5767/2021,A/MountLebanon/65/2023,160
A/Arsal/5767/2021,A/Navarra/4220/2022,640
A/Arsal/5767/2021,A/Navarra/4320/2022,320
A/Arsal/5767/2021,A/Navarra/4439/2022,160
A/Arsal/5767/2021,A/Navarra/4440/2022,160
A/Arsal/5767/2021,A/Navarra/4550/2022,200
A/Arsal/5767/2021,A/Netherlands/01476/2022,80
A/Arsal/5767/2021,A/Netherlands/01867/2022,40
A/Arsal/5767/2021,A/Netherlands/10142/2023,1280
A/Arsal/5767/2021,A/Netherlands/10194/2021,160
A/Arsal/5767/2021,A/Netherlands/10203/2021,1280
A/Arsal/5767/2021,A/Netherlands/10205/2021,228
A/Arsal/5767/2021,A/Netherlands/10210/2021,640
A/Arsal/5767/2021,A/Netherlands/10228/2023,960
A/Arsal/5767/2021,A/Netherlands/11812/2022,320
A/Arsal/5767/2021,A/Netherlands/11816/2022,160
A/Arsal/5767/2021,A/Netherlands/11832/2022,160
A/Arsal/5767/2021,A/Netherlands/11833/2022,640
A/Arsal/5767/2021,A/Netherlands/11968/2022,480
A/Arsal/5767/2021,A/Nordrhein-Westfalen/36/2022,640
A/Arsal/5767/2021,A/Nordrhein-Westfalen/37/2022,640
A/Arsal/5767/2021,A/Nordrhein-Westfalen/40/2022,80
A/Arsal/5767/2021,A/Norway/2003/2023,160
A/Arsal/5767/2021,A/Norway/28394/2022,800
A/Arsal/5767/2021,A/Norway/28542/2022,560
A/Arsal/5767/2021,A/Norway/28830/2021,176
A/Arsal/5767/2021,A/Norway/3170/2023,640
A/Arsal/5767/2021,A/Norway/32026/2022,160
A/Arsal/5767/2021,A/Norway/32641/2022,215
A/Arsal/5767/2021,A/Norway/33371/2022,640
A/Arsal/5767/2021,A/Norway/33404/2022,1280
A/Arsal/5767/2021,A/Norway/33475/2022,160
A/Arsal/5767/2021,A/Norway/3384/2023,160
A/Arsal/5767/2021,A/Norway/3821/2023,640
A/Arsal/5767/2021,A/Palencia/118/2022,320
A/Arsal/5767/2021,A/Palencia/30/2022,464
A/Arsal/5767/2021,A/Palermo/2/2022,160
A/Arsal/5767/2021,A/Parma/83/2022,160
A/Arsal/5767/2021,A/Parma/84/2022,160
A/Arsal/5767/2021,A/Parma/88/2022,160
A/Arsal/5767/2021,A/Poland/205/2023,640
A/Arsal/5767/2021,A/Poland/98/2022,960
A/Arsal/5767/2021,A/Poland/PL65/2022,551
A/Arsal/5767/2021,A/Poland/PL78/2022,320
A/Arsal/5767/2021,A/Poland/PL83/2022,320
A/Arsal/5767/2021,A/Poland/PL93/2022,640
A/Arsal/5767/2021,A/Qatar/10-VI-21-3886441/2021,160
A/Arsal/5767/2021,A/Qatar/10-VI-22-1463000/2022,480
A/Arsal/5767/2021,A/Qatar/10-VI-22-2015495/2022,160
A/Arsal/5767/2021,A/Qatar/10-VI-22-2015935/2022,80
A/Arsal/5767/2021,A/Qatar/15-VI-22-1438736/2022,<40
A/Arsal/5767/2021,A/Qatar/16-VI-22-1972944/2022,160
A/Arsal/5767/2021,A/Rheinland-Pfalz/18/2022,160
A/Arsal/5767/2021,A/Romania/493219/2021,252
A/Arsal/5767/2021,A/Romania/544187/2022,40
A/Arsal/5767/2021,A/Salamanca/35/2022,320
A/Arsal/5767/2021,A/Salamanca/36/2022,160
A/Arsal/5767/2021,A/Sassari/5/2023,160
A/Arsal/5767/2021,A/SaudiArabia/1404/2022,320
A/Arsal/5767/2021,A/SaudiArabia/556/2022,160
A/Arsal/5767/2021,A/Schleswig-Holstein/14/2022,160
A/Arsal/5767/2021,A/Segovia/233/2022,640
A/Arsal/5767/2021,A/Serbia/668/2023,80
A/Arsal/5767/2021,A/Serbia/7028/2022,320
A/Arsal/5767/2021,A/Slovenia/10543/2022,160
A/Arsal/5767/2021,A/Slovenia/10919/2022,1280
A/Arsal/5767/2021,A/Slovenia/11321/2022,320
A/Arsal/5767/2021,A/Slovenia/11329/2022,320
A/Arsal/5767/2021,A/Slovenia/11413/2022,160
A/Arsal/5767/2021,A/Slovenia/11422/2022,320
A/Arsal/5767/2021,A/Slovenia/11445/2022,560
A/Arsal/5767/2021,A/Slovenia/11512/2022,120
A/Arsal/5767/2021,A/Slovenia/11514/2022,160
A/Arsal/5767/2021,A/Slovenia/11517/2022,133
A/Arsal/5767/2021,A/Slovenia/11665/2022,320
A/Arsal/5767/2021,A/Slovenia/657/2023,640
A/Arsal/5767/2021,A/Slovenia/9216/2022,350
A/Arsal/5767/2021,A/Slovenia/9318/2022,410
A/Arsal/5767/2021,A/Slovenia/9449/2022,100
A/Arsal/5767/2021,A/Slovenia/9891/2022,1280
A/Arsal/5767/2021,A/Spain/90/2021,340
A/Arsal/5767/2021,A/Stockholm/5/2021,409
A/Arsal/5767/2021,A/Sweden/3098/2023,160
A/Arsal/5767/2021,A/Switzerland/11159/2023,640
A/Arsal/5767/2021,A/Switzerland/12082/2022,480
A/Arsal/5767/2021,A/Switzerland/12981/2022,640
A/Arsal/5767/2021,A/Switzerland/18284/2022,185
A/Arsal/5767/2021,A/Switzerland/20498/2023,160
A/Arsal/5767/2021,A/Switzerland/28719/2022,93
A/Arsal/5767/2021,A/Switzerland/32862/2023,320
A/Arsal/5767/2021,A/Switzerland/68971/2022,160
A/Arsal/5767/2021,A/Switzerland/86247/2022,213
A/Arsal/5767/2021,A/Tajikistan/2/2021,1280
A/Arsal/5767/2021,A/Tunisia/20957/2022,640
A/Arsal/5767/2021,A/Tunisia/22684/2022,160
A/Arsal/5767/2021,A/Tunisia/22985/2022,160
A/Arsal/5767/2021,A/Tunisia/23669/2022,160
A/Arsal/5767/2021,A/Ukraine/354/2021,351
A/Arsal/5767/2021,A/Ukraine/774/2022,533
A/Arsal/5767/2021,A/Ukraine/779/2022,480
A/Arsal/5767/2021,A/Valladolid/12/2022,320
A/Arsal/5767/2021,A/Valladolid/14/2023,80
A/Arsal/5767/2021,A/Valladolid/16/2022,160
A/Arsal/5767/2021,A/Valladolid/20/2022,120
A/Arsal/5767/2021,A/Valladolid/50/2022,80
A/Arsal/5767/2021,A/Zamora/57/2022,320
A/Arsal/5768/2021,A/Bangladesh/4005/2020,128
A/Arsal/5768/2021,A/Cambodia/925256/2020,40
A/Arsal/5768/2021,A/Cambodia/e0826360/2020,66
A/Arsal/5768/2021,A/Darwin/9/2021,768
A/Arsal/5768/2021,A/England/195200780/2019,60
A/Arsal/5768/2021,A/England/214040936/2021,320
A/Arsal/5768/2021,A/Israel/R-742/2016,40
A/Arsal/5768/2021,A/Stockholm/5/2021,512
A/Astrakhan/01/2021,A/Bangladesh/4005/2020,80
A/Astrakhan/01/2021,A/Cambodia/925256/2020,<40
A/Astrakhan/01/2021,A/Cambodia/e0826360/2020,80
A/Astrakhan/01/2021,A/Darwin/9/2021,160
A/Astrakhan/01/2021,A/England/195200780/2019,40
A/Astrakhan/01/2021,A/Israel/R-742/2016,40
A/Astrakhan/01/2021,A/Stockholm/5/2021,160
A/Astrakhan/05/2021,A/Bangladesh/4005/2020,320
A/Astrakhan/05/2021,A/Cambodia/925256/2020,80
A/Astrakhan/05/2021,A/Cambodia/e0826360/2020,320
A/Astrakhan/05/2021,A/Darwin/9/2021,640
A/Astrakhan/05/2021,A/England/195200780/2019,320
A/Astrakhan/05/2021,A/Israel/R-742/2016,80
A/Astrakhan/05/2021,A/Stockholm/5/2021,640
A/Astrakhan/07/2021,A/Bangladesh/4005/2020,640
A/Astrakhan/07/2021,A/Cambodia/925256/2020,80
A/Astrakhan/07/2021,A/Cambodia/e0826360/2020,640
A/Astrakhan/07/2021,A/Darwin/9/2021,640
A/Astrakhan/07/2021,A/England/195200780/2019,320
A/Astrakhan/07/2021,A/Israel/R-742/2016,160
A/Astrakhan/07/2021,A/Stockholm/5/2021,640
A/Astrakhan/32/2017,A/Fes/67/2016,320
A/Astrakhan/32/2017,A/Greece/4/2017,160
A/Astrakhan/32/2017,A/Netherlands/398/2014,80
A/Astrakhan/32/2017,A/Norway/4465/2016,<40
A/Astrakhan/32/2017,A/Palermo/6/2016,80
A/Astrakhan/32/2017,A/Sachsen/74/2016,80
A/Astrakhan/32/2017,A/Switzerland/9715293/2013,40
A/Astrakhan/65/2012,A/Denmark/90/2011,80
A/Astrakhan/65/2012,A/Finland/40/2010,80
A/Astrakhan/65/2012,A/Iowa/19/2010,80
A/Astrakhan/65/2012,A/Johannesburg/126/2009,40
A/Astrakhan/65/2012,A/Netherlands/34/2010,80
A/Astrakhan/65/2012,A/Perth/16/2009,<40
A/Astrakhan/65/2012,A/Victoria/361/2011,40
A/Athens.GR/1848/2019,A/Fes/67/2016,160
A/Athens.GR/1848/2019,A/Israel/R-742/2016,120
A/Athens.GR/1848/2019,A/Norway/3275/2018,320
A/Athens.GR/84/2020,A/Fes/67/2016,320
A/Athens.GR/84/2020,A/Israel/R-742/2016,480
A/Athens.GR/84/2020,A/Norway/3275/2018,640
A/Athens/108/2011,A/Brisbane/10/2007,80
A/Athens/108/2011,A/England/232/2009,320
A/Athens/108/2011,A/Johannesburg/126/2009,320
A/Athens/108/2011,A/Perth/10/2010,640
A/Athens/108/2011,A/Perth/16/2009,320
A/Athens/108/2011,A/Victoria/210/2009,320
A/Athens/108/2011,A/Wisconsin/67/2005,<40
A/Aubenas/2399/2017,A/Bretagne/1413/2017,320
A/Aubenas/2399/2017,A/Fes/67/2016,160
A/Aubenas/2399/2017,A/Greece/4/2017,160
A/Aubenas/2399/2017,A/Netherlands/398/2014,80
A/Aubenas/2399/2017,A/Palermo/6/2016,160
A/Aubenas/2399/2017,A/Sachsen/74/2016,160
A/Austria/1102969/2018,A/Bretagne/1413/2017,40
A/Austria/1102969/2018,A/Fes/67/2016,140
A/Austria/1102969/2018,A/Greece/4/2017,320
A/Austria/1102969/2018,A/Israel/R-742/2016,91
A/Austria/1102969/2018,A/Netherlands/10260/2018,160
A/Austria/1102969/2018,A/Netherlands/398/2014,120
A/Austria/1102969/2018,A/Norway/3275/2018,133
A/Austria/1102969/2018,A/Sachsen/74/2016,320
A/Austria/1102969/2018,A/Switzerland/8060/2017,70
A/Austria/1113943/2018,A/Bretagne/1413/2017,48
A/Austria/1113943/2018,A/Fes/67/2016,81
A/Austria/1113943/2018,A/Greece/4/2017,180
A/Austria/1113943/2018,A/Israel/R-742/2016,75
A/Austria/1113943/2018,A/Netherlands/10260/2018,108
A/Austria/1113943/2018,A/Netherlands/398/2014,107
A/Austria/1113943/2018,A/Norway/2516/2018,<40
A/Austria/1113943/2018,A/Norway/3275/2018,127
A/Austria/1113943/2018,A/Norway/484/2017,40
A/Austria/1113943/2018,A/Sachsen/74/2016,120
A/Austria/1113943/2018,A/Switzerland/8060/2017,69
A/Austria/1115342/2019,A/Bretagne/1413/2017,80
A/Austria/1115342/2019,A/Fes/67/2016,160
A/Austria/1115342/2019,A/Israel/R-742/2016,320
A/Austria/1115342/2019,A/Norway/3275/2018,160
A/Austria/1115342/2019,A/Switzerland/8060/2017,160
A/Austria/1121450/2019,A/Bretagne/1413/2017,160
A/Austria/1121450/2019,A/Fes/67/2016,40
A/Austria/1121450/2019,A/Israel/R-742/2016,70
A/Austria/1121450/2019,A/Norway/3275/2018,160
A/Austria/1121450/2019,A/Switzerland/8060/2017,160
A/Austria/1121455/2019,A/Bretagne/1413/2017,40
A/Austria/1121455/2019,A/Fes/67/2016,40
A/Austria/1121455/2019,A/Israel/R-742/2016,40
A/Austria/1121455/2019,A/Norway/3275/2018,80
A/Austria/1121455/2019,A/Switzerland/8060/2017,40
A/Austria/1129536/2019,A/Bretagne/1413/2017,100
A/Austria/1129536/2019,A/Fes/67/2016,40
A/Austria/1129536/2019,A/Israel/R-742/2016,40
A/Austria/1129536/2019,A/Norway/3275/2018,160
A/Austria/1129536/2019,A/Switzerland/8060/2017,60
A/Austria/1209023/2019,A/Bretagne/1413/2017,<40
A/Austria/1209023/2019,A/Fes/67/2016,40
A/Austria/1209023/2019,A/Israel/R-742/2016,400
A/Austria/1209023/2019,A/Mauritius/I-3006/2019,<40
A/Austria/1209023/2019,A/Norway/3275/2018,<40
A/Austria/1496862/2022,A/Bangladesh/4005/2020,160
A/Austria/1496862/2022,A/Cambodia/925256/2020,40
A/Austria/1496862/2022,A/Cambodia/e0826360/2020,80
A/Austria/1496862/2022,A/Darwin/9/2021,320
A/Austria/1496862/2022,A/England/195200780/2019,40
A/Austria/1496862/2022,A/England/214040936/2021,320
A/Austria/1496862/2022,A/Israel/R-742/2016,<40
A/Austria/1496862/2022,A/Slovenia/9216/2022,*
A/Austria/1496862/2022,A/Slovenia/9318/2022,*
A/Austria/1496862/2022,A/Stockholm/5/2021,320
A/Austria/1499572/2022,A/Bangladesh/4005/2020,320
A/Austria/1499572/2022,A/Cambodia/925256/2020,40
A/Austria/1499572/2022,A/Cambodia/e0826360/2020,160
A/Austria/1499572/2022,A/Darwin/9/2021,160
A/Austria/1499572/2022,A/England/195200780/2019,80
A/Austria/1499572/2022,A/England/214040936/2021,320
A/Austria/1499572/2022,A/Israel/R-742/2016,80
A/Austria/1499572/2022,A/Slovenia/9216/2022,*
A/Austria/1499572/2022,A/Slovenia/9318/2022,*
A/Austria/1499572/2022,A/Stockholm/5/2021,320
A/Austria/1503342/2022,A/Bangladesh/4005/2020,160
A/Austria/1503342/2022,A/Cambodia/925256/2020,40
A/Austria/1503342/2022,A/Cambodia/e0826360/2020,80
A/Austria/1503342/2022,A/Darwin/9/2021,320
A/Austria/1503342/2022,A/England/195200780/2019,40
A/Austria/1503342/2022,A/England/214040936/2021,320
A/Austria/1503342/2022,A/Israel/R-742/2016,40
A/Austria/1503342/2022,A/Slovenia/9216/2022,*
A/Austria/1503342/2022,A/Slovenia/9318/2022,*
A/Austria/1503342/2022,A/Stockholm/5/2021,320
A/Austria/1505762/2022,A/Bangladesh/4005/2020,160
A/Austria/1505762/2022,A/Cambodia/925256/2020,40
A/Austria/1505762/2022,A/Cambodia/e0826360/2020,80
A/Austria/1505762/2022,A/Darwin/9/2021,640
A/Austria/1505762/2022,A/England/195200780/2019,80
A/Austria/1505762/2022,A/England/214040936/2021,320
A/Austria/1505762/2022,A/Israel/R-742/2016,40
A/Austria/1505762/2022,A/Stockholm/5/2021,320
A/Austria/1505788/2022,A/Bangladesh/4005/2020,160
A/Austria/1505788/2022,A/Cambodia/925256/2020,40
A/Austria/1505788/2022,A/Cambodia/e0826360/2020,80
A/Austria/1505788/2022,A/Darwin/9/2021,400
A/Austria/1505788/2022,A/England/195200780/2019,60
A/Austria/1505788/2022,A/England/214040936/2021,320
A/Austria/1505788/2022,A/Israel/R-742/2016,40
A/Austria/1505788/2022,A/Slovenia/9216/2022,*
A/Austria/1505788/2022,A/Slovenia/9318/2022,*
A/Austria/1505788/2022,A/Stockholm/5/2021,320
A/Austria/1507395/2022,A/Bangladesh/4005/2020,160
A/Austria/1507395/2022,A/Cambodia/925256/2020,40
A/Austria/1507395/2022,A/Cambodia/e0826360/2020,80
A/Austria/1507395/2022,A/Darwin/9/2021,640
A/Austria/1507395/2022,A/England/195200780/2019,40
A/Austria/1507395/2022,A/England/214040936/2021,320
A/Austria/1507395/2022,A/Israel/R-742/2016,40
A/Austria/1507395/2022,A/Stockholm/5/2021,320
A/Austria/1508277/2022,A/Bangladesh/4005/2020,320
A/Austria/1508277/2022,A/Cambodia/925256/2020,40
A/Austria/1508277/2022,A/Cambodia/e0826360/2020,160
A/Austria/1508277/2022,A/Darwin/9/2021,160
A/Austria/1508277/2022,A/England/195200780/2019,160
A/Austria/1508277/2022,A/England/214040936/2021,320
A/Austria/1508277/2022,A/Israel/R-742/2016,80
A/Austria/1508277/2022,A/Slovenia/9216/2022,*
A/Austria/1508277/2022,A/Slovenia/9318/2022,*
A/Austria/1508277/2022,A/Stockholm/5/2021,320
A/Austria/1514532/2022,A/Bangladesh/4005/2020,320
A/Austria/1514532/2022,A/Cambodia/925256/2020,40
A/Austria/1514532/2022,A/Cambodia/e0826360/2020,160
A/Austria/1514532/2022,A/Darwin/9/2021,160
A/Austria/1514532/2022,A/England/195200780/2019,80
A/Austria/1514532/2022,A/England/214040936/2021,320
A/Austria/1514532/2022,A/Israel/R-742/2016,80
A/Austria/1514532/2022,A/Slovenia/9216/2022,*
A/Austria/1514532/2022,A/Slovenia/9318/2022,*
A/Austria/1514532/2022,A/Stockholm/5/2021,320
A/Austria/1572440/2022,A/Brandenburg/2/2022,640
A/Austria/1572440/2022,A/Cambodia/925256/2020,320
A/Austria/1572440/2022,A/Cambodia/e0826360/2020,320
A/Austria/1572440/2022,A/Darwin/9/2021,320
A/Austria/1572440/2022,A/England/214040936/2021,240
A/Austria/1572440/2022,A/Lille/50053/2022,320
A/Austria/1572440/2022,A/Stockholm/5/2021,320
A/Austria/1572440/2022,A/Ukraine/354/2021,160
A/Austria/1573799/2022,A/Blida/42154/2022,640
A/Austria/1573799/2022,A/Brandenburg/2/2022,140
A/Austria/1573799/2022,A/Cambodia/925256/2020,40
A/Austria/1573799/2022,A/Cambodia/e0826360/2020,80
A/Austria/1573799/2022,A/Darwin/9/2021,400
A/Austria/1573799/2022,A/England/214040936/2021,400
A/Austria/1573799/2022,A/Lille/50053/2022,200
A/Austria/1573799/2022,A/Stockholm/5/2021,160
A/Austria/1573799/2022,A/Ukraine/354/2021,186
A/Austria/1574200/2022,A/Brandenburg/2/2022,320
A/Austria/1574200/2022,A/Cambodia/925256/2020,160
A/Austria/1574200/2022,A/Cambodia/e0826360/2020,160
A/Austria/1574200/2022,A/Darwin/9/2021,320
A/Austria/1574200/2022,A/England/214040936/2021,240
A/Austria/1574200/2022,A/Lille/50053/2022,320
A/Austria/1574200/2022,A/Stockholm/5/2021,320
A/Austria/1574200/2022,A/Ukraine/354/2021,160
A/Austria/655242/2012,A/Denmark/90/2011,640
A/Austria/655242/2012,A/England/259/2011,320
A/Austria/655242/2012,A/Finland/40/2010,320
A/Austria/655242/2012,A/Iowa/19/2010,320
A/Austria/655242/2012,A/Johannesburg/126/2009,160
A/Austria/655242/2012,A/Netherlands/34/2010,1280
A/Austria/655242/2012,A/Perth/16/2009,80
A/Austria/709778/2012,A/Berlin/93/2011,640
A/Austria/709778/2012,A/Finland/40/2010,200
A/Austria/709778/2012,A/Hawaii/22/2012,640
A/Austria/709778/2012,A/Iowa/19/2010,320
A/Austria/709778/2012,A/Johannesburg/126/2009,160
A/Austria/709778/2012,A/Minsk/1737/2012,960
A/Austria/709778/2012,A/Perth/16/2009,80
A/Austria/709778/2012,A/Victoria/361/2011,300
A/Austria/710638/2012,A/Berlin/93/2011,960
A/Austria/710638/2012,A/Finland/40/2010,320
A/Austria/710638/2012,A/Hawaii/22/2012,480
A/Austria/710638/2012,A/Iowa/19/2010,480
A/Austria/710638/2012,A/Johannesburg/126/2009,160
A/Austria/710638/2012,A/Minsk/1737/2012,960
A/Austria/710638/2012,A/Perth/16/2009,160
A/Austria/710638/2012,A/Victoria/361/2011,500
A/Austria/892085/2015,A/Georgia/532/2015,120
A/Austria/892085/2015,A/Madrid/SO13031/2014,60
A/Austria/892085/2015,A/Minsk/1737/2012,120
A/Austria/892085/2015,A/Netherlands/398/2014,400
A/Austria/892085/2015,A/Samara/73/2013,60
A/Austria/892085/2015,A/Switzerland/9715293/2013,120
A/Austria/956928/2016,A/Georgia/532/2015,160
A/Austria/956928/2016,A/Minsk/1737/2012,80
A/Austria/956928/2016,A/Netherlands/398/2014,160
A/Austria/956928/2016,A/Palermo/6/2016,160
A/Austria/956928/2016,A/Sachsen/74/2016,160
A/Austria/956928/2016,A/Samara/73/2013,80
A/Austria/956928/2016,A/Switzerland/9715293/2013,80
A/Austria/960579/2016,A/Georgia/532/2015,40
A/Austria/960579/2016,A/Madrid/SO13031/2014,<40
A/Austria/960579/2016,A/Minsk/1737/2012,<40
A/Austria/960579/2016,A/Netherlands/398/2014,60
A/Austria/960579/2016,A/Samara/73/2013,<40
A/Austria/960579/2016,A/Switzerland/9715293/2013,<40
A/Avila/15/2019,A/Bretagne/1413/2017,40
A/Avila/15/2019,A/Fes/67/2016,80
A/Avila/15/2019,A/Israel/R-742/2016,400
A/Avila/15/2019,A/Netherlands/398/2014,80
A/Avila/15/2019,A/Norway/3275/2018,<40
A/Avila/15/2019,A/Switzerland/8060/2017,80
A/Aydin/3060/2016,A/Bucuresti/193605/2016,*
A/Aydin/3060/2016,A/Georgia/532/2015,160
A/Aydin/3060/2016,A/Madrid/SO13031/2014,80
A/Aydin/3060/2016,A/Minsk/1737/2012,80
A/Aydin/3060/2016,A/Netherlands/398/2014,240
A/Aydin/3060/2016,A/Samara/73/2013,40
A/Aydin/3060/2016,A/Switzerland/9715293/2013,160
A/Bacau/89197/2012,A/Brisbane/299/2011,*
A/Bacau/89197/2012,A/Denmark/90/2011,1280
A/Bacau/89197/2012,A/England/259/2011,640
A/Bacau/89197/2012,A/Finland/40/2010,320
A/Bacau/89197/2012,A/Iowa/19/2010,320
A/Bacau/89197/2012,A/Johannesburg/126/2009,160
A/Bacau/89197/2012,A/Netherlands/34/2010,640
A/Bacau/89197/2012,A/Perth/16/2009,160
A/Baden-Wurttemberg/17/2020,A/Fes/67/2016,160
A/Baden-Wurttemberg/17/2020,A/Israel/R-742/2016,140
A/Baden-Wurttemberg/17/2020,A/Norway/3275/2018,160
A/Baden-Wurttemberg/87/2014,A/Minsk/1737/2012,80
A/Baden-Wurttemberg/87/2014,A/Netherlands/398/2014,120
A/Baden-Wurttemberg/87/2014,A/Perth/16/2009,40
A/Baden-Wurttemberg/87/2014,A/Samara/73/2013,160
A/Baden-Wurttemberg/87/2014,A/Switzerland/9715293/2013,60
A/Baden-Wurttemberg/87/2014,A/Victoria/361/2011,80
A/Baden-Wurttemberg/87/2019,A/Bretagne/1413/2017,80
A/Baden-Wurttemberg/87/2019,A/Fes/67/2016,80
A/Baden-Wurttemberg/87/2019,A/Israel/R-742/2016,480
A/Baden-Wurttemberg/87/2019,A/Netherlands/398/2014,160
A/Baden-Wurttemberg/87/2019,A/Norway/3275/2018,40
A/Baden-Wurttemberg/87/2019,A/Switzerland/8060/2017,80
A/Baleares/14038/2013,A/Finland/40/2010,320
A/Baleares/14038/2013,A/Iowa/19/2010,320
A/Baleares/14038/2013,A/Minsk/1737/2012,320
A/Baleares/14038/2013,A/Paris/1988/2012,400
A/Baleares/14038/2013,A/Perth/16/2009,60
A/Baleares/14038/2013,A/Samara/73/2013,1280
A/Baleares/14038/2013,A/Victoria/361/2011,640
A/Baleares/1521/2013,A/Finland/40/2010,320
A/Baleares/1521/2013,A/Iowa/19/2010,160
A/Baleares/1521/2013,A/Minsk/1737/2012,160
A/Baleares/1521/2013,A/Paris/1988/2012,300
A/Baleares/1521/2013,A/Perth/16/2009,80
A/Baleares/1521/2013,A/Samara/73/2013,640
A/Baleares/1521/2013,A/Victoria/361/2011,320
A/Baleares/RR6848/2010,A/Brisbane/10/2007,80
A/Baleares/RR6848/2010,A/Johannesburg/126/2009,80
A/Baleares/RR6848/2010,A/Perth/10/2010,320
A/Baleares/RR6848/2010,A/Perth/16/2009,160
A/Bangladesh/4005/2020,A/Barka/72126850/2021,160
A/Bangladesh/4005/2020,A/Bayern/7/2022,160
A/Bangladesh/4005/2020,A/Belgium/G0153/2022,320
A/Bangladesh/4005/2020,A/Belgium/G0159/2022,320
A/Bangladesh/4005/2020,A/Belgium/G0182/2022,320
A/Bangladesh/4005/2020,A/Belgium/H0010/2021,240
A/Bangladesh/4005/2020,A/Belgium/S0757/2022,160
A/Bangladesh/4005/2020,A/Belgium/S0772/2022,320
A/Bangladesh/4005/2020,A/Belgium/S0814/2022,160
A/Bangladesh/4005/2020,A/Belgium/S1030/2022,160
A/Bangladesh/4005/2020,A/Belgium/S1045/2022,205
A/Bangladesh/4005/2020,A/Berlin/4/2021,232
A/Bangladesh/4005/2020,A/Berlin/5/2021,160
A/Bangladesh/4005/2020,A/Bolzano/24/2022,320
A/Bangladesh/4005/2020,A/Brandenburg/2/2022,331
A/Bangladesh/4005/2020,A/Bremen/4/2022,160
A/Bangladesh/4005/2020,A/Bretagne/32468/2022,80
A/Bangladesh/4005/2020,A/BuenosAires/R12/2022,160
A/Bangladesh/4005/2020,A/Bulgaria/1536/2022,320
A/Bangladesh/4005/2020,A/Bulgaria/1581/2022,320
A/Bangladesh/4005/2020,A/Bulgaria/1666/2022,320
A/Bangladesh/4005/2020,A/Bulgaria/1726/2022,320
A/Bangladesh/4005/2020,A/Bulgaria/1813/2022,320
A/Bangladesh/4005/2020,A/Cambodia/925256/2020,252
A/Bangladesh/4005/2020,A/Cambodia/e0826360/2020,281
A/Bangladesh/4005/2020,A/Catalonia/13758/2022,80
A/Bangladesh/4005/2020,A/Catalonia/3551005/2021,213
A/Bangladesh/4005/2020,A/Chambery/760/2021,40
A/Bangladesh/4005/2020,A/Croatia/70648/2022,160
A/Bangladesh/4005/2020,A/Croatia/70723/2022,160
A/Bangladesh/4005/2020,A/Croatia/77372/2022,160
A/Bangladesh/4005/2020,A/Dakar/03/2022,160
A/Bangladesh/4005/2020,A/Dakar/05/2022,320
A/Bangladesh/4005/2020,A/Dakar/08/2022,320
A/Bangladesh/4005/2020,A/Dakar/10/2022,266
A/Bangladesh/4005/2020,A/Dakar/11/2022,320
A/Bangladesh/4005/2020,A/Dakar/14/2022,240
A/Bangladesh/4005/2020,A/Dakar/20/2022,160
A/Bangladesh/4005/2020,A/Dakar/22/2022,320
A/Bangladesh/4005/2020,A/Dakar/24/2022,320
A/Bangladesh/4005/2020,A/Dakar/62/2021,263
A/Bangladesh/4005/2020,A/Dakar/64/2021,110
A/Bangladesh/4005/2020,A/Darwin/9/2021,702
A/Bangladesh/4005/2020,A/Delaware/01/2021,266
A/Bangladesh/4005/2020,A/Denmark/21/2021,640
A/Bangladesh/4005/2020,A/Denmark/333/2022,160
A/Bangladesh/4005/2020,A/Dunkerque/16908/2022,160
A/Bangladesh/4005/2020,A/England/195200780/2019,242
A/Bangladesh/4005/2020,A/England/214040936/2021,163
A/Bangladesh/4005/2020,A/England/214420670/2021,160
A/Bangladesh/4005/2020,A/Eskilstuna/1/2022,160
A/Bangladesh/4005/2020,A/Eskilstuna/3/2022,426
A/Bangladesh/4005/2020,A/Estonia/167744/2021,266
A/Bangladesh/4005/2020,A/Estonia/168131/2022,160
A/Bangladesh/4005/2020,A/Estonia/168141/2022,160
A/Bangladesh/4005/2020,A/Estonia/KL4992/2022,160
A/Bangladesh/4005/2020,A/Florida/02/2021,240
A/Bangladesh/4005/2020,A/Georgia/132/2022,160
A/Bangladesh/4005/2020,A/Georgia/2048/2021,320
A/Bangladesh/4005/2020,A/Georgia/2063/2021,320
A/Bangladesh/4005/2020,A/Ghana/1724/2022,320
A/Bangladesh/4005/2020,A/Ghana/1836/2022,80
A/Bangladesh/4005/2020,A/Ghana/195/2022,320
A/Bangladesh/4005/2020,A/Ghana/3122/2022,320
A/Bangladesh/4005/2020,A/Ghana/3353/2022,320
A/Bangladesh/4005/2020,A/Ghana/390/2022,640
A/Bangladesh/4005/2020,A/Ghana/392/2022,160
A/Bangladesh/4005/2020,A/Hungary/60/2022,160
A/Bangladesh/4005/2020,A/Hungary/63/2022,160
A/Bangladesh/4005/2020,A/Ibra/72126272/2021,240
A/Bangladesh/4005/2020,A/Iran/Aban17A/2021,384
A/Bangladesh/4005/2020,A/Iran/Mehr28/2021,320
A/Bangladesh/4005/2020,A/Ireland/14993/2022,320
A/Bangladesh/4005/2020,A/Ireland/16348/2022,320
A/Bangladesh/4005/2020,A/Ireland/24347/2022,320
A/Bangladesh/4005/2020,A/Ireland/4594/2021,160
A/Bangladesh/4005/2020,A/Ireland/92285/2021,640
A/Bangladesh/4005/2020,A/Israel/B-145/2021,320
A/Bangladesh/4005/2020,A/Israel/R-6983/2021,640
A/Bangladesh/4005/2020,A/Israel/R-742/2016,146
A/Bangladesh/4005/2020,A/Israel/R-9337/2021,160
A/Bangladesh/4005/2020,A/Israel/R-9526/2021,320
A/Bangladesh/4005/2020,A/Kaliningrad/RII-03/2021,320
A/Bangladesh/4005/2020,A/Kaliningrad/RII-05/2021,160
A/Bangladesh/4005/2020,A/Kaliningrad/RII-06/2021,160
A/Bangladesh/4005/2020,A/Kosova/114/2021,150
A/Bangladesh/4005/2020,A/Kosova/587/2021,320
A/Bangladesh/4005/2020,A/Kosova/607/2021,240
A/Bangladesh/4005/2020,A/Kosova/710/2021,376
A/Bangladesh/4005/2020,A/Kosova/78/2021,320
A/Bangladesh/4005/2020,A/Kyiv/1/2022,288
A/Bangladesh/4005/2020,A/Kyiv/393/2021,240
A/Bangladesh/4005/2020,A/Kyiv/4/2022,320
A/Bangladesh/4005/2020,A/Latvia/01-089648/2022,160
A/Bangladesh/4005/2020,A/Latvia/04-58975/2022,160
A/Bangladesh/4005/2020,A/Latvia/04-78381/2022,160
A/Bangladesh/4005/2020,A/Latvia/04-86299/2022,160
A/Bangladesh/4005/2020,A/Latvia/12-045953/2021,160
A/Bangladesh/4005/2020,A/Latvia/12-091317/2021,320
A/Bangladesh/4005/2020,A/Latvia/12-091325/2021,640
A/Bangladesh/4005/2020,A/Latvia/12-097744/2021,80
A/Bangladesh/4005/2020,A/Lebanon/8276/2021,138
A/Bangladesh/4005/2020,A/Lebanon/8325/2021,160
A/Bangladesh/4005/2020,A/Lebanon/8510/2021,213
A/Bangladesh/4005/2020,A/Lebanon/8515/2021,160
A/Bangladesh/4005/2020,A/Linkoping/3/2022,320
A/Bangladesh/4005/2020,A/Linkoping/5/2022,160
A/Bangladesh/4005/2020,A/Lithuania/33224/2022,160
A/Bangladesh/4005/2020,A/Lithuania/33830/2022,160
A/Bangladesh/4005/2020,A/Lithuania/36453/2022,160
A/Bangladesh/4005/2020,A/Lithuania/36696/2022,320
A/Bangladesh/4005/2020,A/Madrid/1436/2022,160
A/Bangladesh/4005/2020,A/Mahajanga/12570/2021,640
A/Bangladesh/4005/2020,A/Mahajanga/13001/2021,384
A/Bangladesh/4005/2020,A/Mayotte/508/21,80
A/Bangladesh/4005/2020,A/Mayotte/513/2021,<40
A/Bangladesh/4005/2020,A/Mayotte/517/2021,80
A/Bangladesh/4005/2020,A/Mayotte/564/2021,640
A/Bangladesh/4005/2020,A/Mecklenburg-Vorpommern/69/2022,160
A/Bangladesh/4005/2020,A/Michigan/173/2020,960
A/Bangladesh/4005/2020,A/Milano/01/2021,320
A/Bangladesh/4005/2020,A/Milano/30/2022,320
A/Bangladesh/4005/2020,A/Milano/37/2022,320
A/Bangladesh/4005/2020,A/Moldova/6649/2022,320
A/Bangladesh/4005/2020,A/Montenegro/1082622202/2022,213
A/Bangladesh/4005/2020,A/Montenegro/1614822202/2022,213
A/Bangladesh/4005/2020,A/Montenegro/1651632202/2022,160
A/Bangladesh/4005/2020,A/Montenegro/1651692202/2022,320
A/Bangladesh/4005/2020,A/Montenegro/1714472202/2022,160
A/Bangladesh/4005/2020,A/Navarra/9534/2021,160
A/Bangladesh/4005/2020,A/Navarra/9843/2021,160
A/Bangladesh/4005/2020,A/Netherlands/00001/2022,640
A/Bangladesh/4005/2020,A/Netherlands/00092/2021,80
A/Bangladesh/4005/2020,A/Netherlands/00110/2021,160
A/Bangladesh/4005/2020,A/Netherlands/00832/2022,160
A/Bangladesh/4005/2020,A/Netherlands/10004/2021,320
A/Bangladesh/4005/2020,A/Netherlands/10018/2021,80
A/Bangladesh/4005/2020,A/Netherlands/10025/2022,320
A/Bangladesh/4005/2020,A/Netherlands/10057/2021,146
A/Bangladesh/4005/2020,A/Netherlands/10062/2021,160
A/Bangladesh/4005/2020,A/Netherlands/10065/2021,160
A/Bangladesh/4005/2020,A/Netherlands/10067/2021,120
A/Bangladesh/4005/2020,A/Netherlands/10074/2021,80
A/Bangladesh/4005/2020,A/Netherlands/10140/2021,160
A/Bangladesh/4005/2020,A/Netherlands/10184/2021,160
A/Bangladesh/4005/2020,A/Netherlands/10194/2021,160
A/Bangladesh/4005/2020,A/Netherlands/10195/2021,640
A/Bangladesh/4005/2020,A/Netherlands/10202/2021,160
A/Bangladesh/4005/2020,A/Netherlands/10203/2021,213
A/Bangladesh/4005/2020,A/Netherlands/10204/2021,160
A/Bangladesh/4005/2020,A/Netherlands/10205/2021,480
A/Bangladesh/4005/2020,A/Netherlands/10206/2021,200
A/Bangladesh/4005/2020,A/Netherlands/10210/2021,240
A/Bangladesh/4005/2020,A/Netherlands/10866/2022,160
A/Bangladesh/4005/2020,A/Nordrhein-Westfalen/1/2021,640
A/Bangladesh/4005/2020,A/Nordrhein-Westfalen/2/2021,160
A/Bangladesh/4005/2020,A/Nordrhein-Westfalen/36/2022,192
A/Bangladesh/4005/2020,A/Nordrhein-Westfalen/5/2022,160
A/Bangladesh/4005/2020,A/Norway/12245/2022,426
A/Bangladesh/4005/2020,A/Norway/18090/2022,240
A/Bangladesh/4005/2020,A/Norway/18657/2022,213
A/Bangladesh/4005/2020,A/Norway/28394/2022,288
A/Bangladesh/4005/2020,A/Norway/28542/2022,160
A/Bangladesh/4005/2020,A/Norway/28830/2021,746
A/Bangladesh/4005/2020,A/Norway/31262/2021,80
A/Bangladesh/4005/2020,A/Norway/530/2022,160
A/Bangladesh/4005/2020,A/Novosibirsk/RII-02/2021,320
A/Bangladesh/4005/2020,A/Novosibirsk/RII-03/2021,426
A/Bangladesh/4005/2020,A/Orenburg/45/2021,320
A/Bangladesh/4005/2020,A/Orenburg/5/2022,320
A/Bangladesh/4005/2020,A/Parma/01/2021,640
A/Bangladesh/4005/2020,A/Parma/02/2021,160
A/Bangladesh/4005/2020,A/Parma/03/2021,320
A/Bangladesh/4005/2020,A/Parma/04/2021,320
A/Bangladesh/4005/2020,A/Parma/5/2022,320
A/Bangladesh/4005/2020,A/Poland/98/2022,213
A/Bangladesh/4005/2020,A/Poland/PL07/2022,320
A/Bangladesh/4005/2020,A/Poland/PL40/2022,160
A/Bangladesh/4005/2020,A/Poland/PL42/2022,160
A/Bangladesh/4005/2020,A/Poland/PL45/2022,240
A/Bangladesh/4005/2020,A/Poland/PL65/2022,160
A/Bangladesh/4005/2020,A/Portugal/210210/2022,160
A/Bangladesh/4005/2020,A/Portugal/211242/2022,160
A/Bangladesh/4005/2020,A/Portugal/211316/2022,320
A/Bangladesh/4005/2020,A/Portugal/211338/2022,320
A/Bangladesh/4005/2020,A/Portugal/211456/2022,320
A/Bangladesh/4005/2020,A/Portugal/58/2021,160
A/Bangladesh/4005/2020,A/Qatar/10-VI-21-3843467/2021,320
A/Bangladesh/4005/2020,A/Qatar/10-VI-21-3886441/2021,322
A/Bangladesh/4005/2020,A/Qatar/10-VI-21-4396149/2021,320
A/Bangladesh/4005/2020,A/Qatar/10-VI-22-1463000/2022,160
A/Bangladesh/4005/2020,A/Qatar/15-VI-22-1438736/2022,320
A/Bangladesh/4005/2020,A/Qatar/15-VI-22-1520419/2022,320
A/Bangladesh/4005/2020,A/Qatar/16-VI-21-3673175/2021,320
A/Bangladesh/4005/2020,A/Qatar/16-VI-21-3798042/2021,320
A/Bangladesh/4005/2020,A/Qatar/16-VI-21-4035218/2021,320
A/Bangladesh/4005/2020,A/Qatar/16-VI-21-4035811/2021,160
A/Bangladesh/4005/2020,A/Qatar/24-VI-21-3752470/2021,640
A/Bangladesh/4005/2020,A/Qatar/24-VI-21-3985321/2021,320
A/Bangladesh/4005/2020,A/Qatar/24-VI-21-4041206/2021,320
A/Bangladesh/4005/2020,A/Qatar/39-VI-21-4154225/2021,320
A/Bangladesh/4005/2020,A/Reims/30384/2021,800
A/Bangladesh/4005/2020,A/Rheinland-Pfalz/2/2021,320
A/Bangladesh/4005/2020,A/Romania/493219/2021,167
A/Bangladesh/4005/2020,A/Romania/495025/2021,160
A/Bangladesh/4005/2020,A/Romania/515280/2022,160
A/Bangladesh/4005/2020,A/Romania/515290/2022,160
A/Bangladesh/4005/2020,A/Romania/515331/2022,160
A/Bangladesh/4005/2020,A/Romania/515894/2022,160
A/Bangladesh/4005/2020,A/Romania/516540/2022,160
A/Bangladesh/4005/2020,A/Romania/518142/2022,160
A/Bangladesh/4005/2020,A/Romania/518147/2022,320
A/Bangladesh/4005/2020,A/S.Petersburg/RII-08/2021,266
A/Bangladesh/4005/2020,A/S.Petersburg/RII-19/2021,320
A/Bangladesh/4005/2020,A/S.Petersburg/RII-23/2021,160
A/Bangladesh/4005/2020,A/S.Petersburg/RII-24/2021,320
A/Bangladesh/4005/2020,A/S.Petersburg/RII-25/2021,320
A/Bangladesh/4005/2020,A/S.Petersburg/RII-32/2021,320
A/Bangladesh/4005/2020,A/S.Petersburg/RII-36/2021,320
A/Bangladesh/4005/2020,A/Saarland/1/2022,160
A/Bangladesh/4005/2020,A/Sachsen/2/2022,320
A/Bangladesh/4005/2020,A/Salalah/72124837/2021,80
A/Bangladesh/4005/2020,A/Salalah/72126169/2021,640
A/Bangladesh/4005/2020,A/Salalah/72127281/2021,320
A/Bangladesh/4005/2020,A/Sassari/2/2022,320
A/Bangladesh/4005/2020,A/Schleswig-Holstein/1/2021,160
A/Bangladesh/4005/2020,A/Serbia/1172/2022,320
A/Bangladesh/4005/2020,A/Slovenia/8828/2022,80
A/Bangladesh/4005/2020,A/Slovenia/9091/2022,80
A/Bangladesh/4005/2020,A/Slovenia/9146/2022,160
A/Bangladesh/4005/2020,A/Slovenia/9216/2022,213
A/Bangladesh/4005/2020,A/Slovenia/9318/2022,213
A/Bangladesh/4005/2020,A/Slovenia/9448/2022,160
A/Bangladesh/4005/2020,A/Slovenia/9449/2022,240
A/Bangladesh/4005/2020,A/Slovenia/9614/2022,160
A/Bangladesh/4005/2020,A/Slovenia/9626/2022,160
A/Bangladesh/4005/2020,A/Slovenia/9659/2022,160
A/Bangladesh/4005/2020,A/Slovenia/9671/2022,160
A/Bangladesh/4005/2020,A/Slovenia/9705/2022,160
A/Bangladesh/4005/2020,A/Slovenia/9726/2022,160
A/Bangladesh/4005/2020,A/Slovenia/9854/2022,320
A/Bangladesh/4005/2020,A/Slovenia/9860/2022,640
A/Bangladesh/4005/2020,A/Slovenia/9891/2022,320
A/Bangladesh/4005/2020,A/Spain/1126/2022,160
A/Bangladesh/4005/2020,A/Spain/1127/2022,160
A/Bangladesh/4005/2020,A/Spain/58/2021,160
A/Bangladesh/4005/2020,A/Spain/81/2021,133
A/Bangladesh/4005/2020,A/Spain/84/2021,160
A/Bangladesh/4005/2020,A/Spain/90/2021,198
A/Bangladesh/4005/2020,A/Stockholm/5/2021,319
A/Bangladesh/4005/2020,A/Stockholm/8/2021,160
A/Bangladesh/4005/2020,A/Stockholm/9/2021,160
A/Bangladesh/4005/2020,A/Stockholm/9/2022,160
A/Bangladesh/4005/2020,A/Switzerland/09683/2022,320
A/Bangladesh/4005/2020,A/Switzerland/12229/2022,160
A/Bangladesh/4005/2020,A/Switzerland/12981/2022,160
A/Bangladesh/4005/2020,A/Switzerland/18559/2022,320
A/Bangladesh/4005/2020,A/Switzerland/51230/2021,160
A/Bangladesh/4005/2020,A/Switzerland/67859/2022,160
A/Bangladesh/4005/2020,A/Switzerland/98693/2021,320
A/Bangladesh/4005/2020,A/Tajikistan/2/2021,334
A/Bangladesh/4005/2020,A/Thuringen/3/2022,1280
A/Bangladesh/4005/2020,A/Thuringen/6/2022,160
A/Bangladesh/4005/2020,A/Thuringen/7/2022,320
A/Bangladesh/4005/2020,A/Togo/1122/2022,320
A/Bangladesh/4005/2020,A/Togo/1153/2022,320
A/Bangladesh/4005/2020,A/Togo/771/2020,40
A/Bangladesh/4005/2020,A/Tripoli.LBN/7180/2021,160
A/Bangladesh/4005/2020,A/Tripoli.LBN/7347/2021,320
A/Bangladesh/4005/2020,A/Tripoli.LBN/7350/2021,240
A/Bangladesh/4005/2020,A/Tunisia/7468/2022,160
A/Bangladesh/4005/2020,A/Tunisia/8259/2022,160
A/Bangladesh/4005/2020,A/Ukraine/354/2021,278
A/Bangladesh/4005/2020,A/Ukraine/358/2022,160
A/Bangladesh/4005/2020,A/Wisconsin/02/2021,640
A/Bangladesh/4005/2020,A/Yaroslavl/24/2021,160
A/Bangladesh/4005/2020,A/Yaroslavl/32/2021,320
A/Bangladesh/4005/2020,A/Zghorta.LBN/7491/2021,160
A/Bangladesh/4005/2020,A/Zghorta.LBN/7493/2021,160
A/Bangui/172/2024,A/Blida/42154/2022,160
A/Bangui/172/2024,A/BurkinaFaso/3442/2023,100
A/Bangui/172/2024,A/England/189/2023,320
A/Bangui/172/2024,A/Lisboa/216/2023,320
A/Bangui/172/2024,A/Netherlands/10563/2023,320
A/Bangui/172/2024,A/Norway/12374/2023,160
A/Bangui/172/2024,A/Oklahoma/05/2024,160
A/BanskaBystrica/83/2024,A/Blida/42154/2022,80
A/BanskaBystrica/83/2024,A/BurkinaFaso/3442/2023,160
A/BanskaBystrica/83/2024,A/England/189/2023,160
A/BanskaBystrica/83/2024,A/Lisboa/216/2023,320
A/BanskaBystrica/83/2024,A/Netherlands/10563/2023,160
A/BanskaBystrica/83/2024,A/Norway/12374/2023,80
A/BanskaBystrica/83/2024,A/Oklahoma/05/2024,160
A/Barka/72126850/2021,A/Cambodia/925256/2020,40
A/Barka/72126850/2021,A/Cambodia/e0826360/2020,40
A/Barka/72126850/2021,A/Darwin/9/2021,480
A/Barka/72126850/2021,A/England/195200780/2019,40
A/Barka/72126850/2021,A/Israel/R-742/2016,<40
A/Barka/72126850/2021,A/Stockholm/5/2021,240
A/Barnaul/139/2017,A/Greece/4/2017,160
A/Barnaul/139/2017,A/Netherlands/398/2014,160
A/Barnaul/139/2017,A/Oman/5466/2016,160
A/Barnaul/139/2017,A/Palermo/6/2016,160
A/Barnaul/139/2017,A/Switzerland/9715293/2013,80
A/Bawshar/72212056/2022,A/Brandenburg/2/2022,320
A/Bawshar/72212056/2022,A/Cambodia/925256/2020,40
A/Bawshar/72212056/2022,A/Cambodia/e0826360/2020,40
A/Bawshar/72212056/2022,A/Darwin/9/2021,160
A/Bawshar/72212056/2022,A/England/214040936/2021,120
A/Bawshar/72212056/2022,A/Stockholm/5/2021,320
A/Bawshar/72212056/2022,A/Ukraine/354/2021,40
A/Bayern/10/2023,A/Blida/42154/2022,480
A/Bayern/10/2023,A/Brandenburg/2/2022,80
A/Bayern/10/2023,A/Darwin/9/2021,320
A/Bayern/10/2023,A/Poland/PL65/2022,80
A/Bayern/10/2023,A/Stockholm/5/2021,160
A/Bayern/10/2023,A/Switzerland/28719/2022,320
A/Bayern/113/2019,A/Bretagne/1413/2017,160
A/Bayern/113/2019,A/Fes/67/2016,160
A/Bayern/113/2019,A/Israel/R-742/2016,120
A/Bayern/113/2019,A/Norway/3275/2018,640
A/Bayern/6/2023,A/Brandenburg/2/2022,80
A/Bayern/6/2023,A/Cambodia/925256/2020,40
A/Bayern/6/2023,A/Cambodia/e0826360/2020,80
A/Bayern/6/2023,A/Darwin/9/2021,320
A/Bayern/6/2023,A/England/214040936/2021,240
A/Bayern/6/2023,A/Lille/50053/2022,160
A/Bayern/6/2023,A/Stockholm/5/2021,160
A/Bayern/6/2023,A/Ukraine/354/2021,80
A/Bayern/7/2022,A/Cambodia/925256/2020,40
A/Bayern/7/2022,A/Cambodia/e0826360/2020,40
A/Bayern/7/2022,A/Darwin/9/2021,640
A/Bayern/7/2022,A/England/195200780/2019,40
A/Bayern/7/2022,A/England/214040936/2021,160
A/Bayern/7/2022,A/Israel/R-742/2016,<40
A/Bayern/7/2022,A/Stockholm/5/2021,320
A/Behoririka/355/2015,A/Minsk/1737/2012,40
A/Behoririka/355/2015,A/Netherlands/398/2014,200
A/Behoririka/355/2015,A/Perth/16/2009,<40
A/Behoririka/355/2015,A/Samara/73/2013,80
A/Behoririka/355/2015,A/Switzerland/9715293/2013,40
A/Behoririka/355/2015,A/Victoria/361/2011,40
A/Beijing-Chaoyang/12841/2018,A/Bretagne/1413/2017,320
A/Beijing-Chaoyang/12841/2018,A/Fes/67/2016,160
A/Beijing-Chaoyang/12841/2018,A/Israel/R-742/2016,160
A/Beijing-Chaoyang/12841/2018,A/Netherlands/10260/2018,40
A/Beijing-Chaoyang/12841/2018,A/Netherlands/398/2014,160
A/Beijing-Chaoyang/12841/2018,A/Norway/3275/2018,160
A/Beijing-Chaoyang/12841/2018,A/Switzerland/8060/2017,320
A/Beijing-Xicheng/13100/2014,A/Henan-Xigong/11041/2014,320
A/Beijing-Xicheng/13100/2014,A/Minsk/1737/2012,60
A/Beijing-Xicheng/13100/2014,A/Netherlands/398/2014,310
A/Beijing-Xicheng/13100/2014,A/Perth/16/2009,<40
A/Beijing-Xicheng/13100/2014,A/Samara/73/2013,160
A/Beijing-Xicheng/13100/2014,A/Switzerland/9715293/2013,90
A/Beijing-Xicheng/13100/2014,A/Victoria/361/2011,50
A/Beijing/2019-15554/2018,A/Bretagne/1413/2017,340
A/Beijing/2019-15554/2018,A/Fes/67/2016,180
A/Beijing/2019-15554/2018,A/Israel/R-742/2016,310
A/Beijing/2019-15554/2018,A/Norway/3275/2018,660
A/Beijing/2019-15554/2018,A/Switzerland/8060/2017,340
A/Beirut/331/2020,A/Fes/67/2016,80
A/Beirut/331/2020,A/Israel/R-742/2016,140
A/Beirut/331/2020,A/Norway/3275/2018,160
A/Belgium/106/2023,A/Blida/42154/2022,160
A/Belgium/106/2023,A/Brandenburg/2/2022,160
A/Belgium/106/2023,A/Darwin/9/2021,320
A/Belgium/106/2023,A/Poland/PL65/2022,80
A/Belgium/106/2023,A/Stockholm/5/2021,160
A/Belgium/106/2023,A/Switzerland/28719/2022,320
A/Belgium/13G1308/2013,A/Finland/40/2010,320
A/Belgium/13G1308/2013,A/Iowa/19/2010,160
A/Belgium/13G1308/2013,A/Minsk/1737/2012,160
A/Belgium/13G1308/2013,A/Paris/1988/2012,320
A/Belgium/13G1308/2013,A/Perth/16/2009,80
A/Belgium/13G1308/2013,A/Samara/73/2013,640
A/Belgium/13G1308/2013,A/Victoria/361/2011,320
A/Belgium/14G0496/2014,A/Henan-Xigong/11041/2014,160
A/Belgium/14G0496/2014,A/Minsk/1737/2012,320
A/Belgium/14G0496/2014,A/Netherlands/398/2014,640
A/Belgium/14G0496/2014,A/Paris/1988/2012,320
A/Belgium/14G0496/2014,A/Perth/16/2009,160
A/Belgium/14G0496/2014,A/Samara/73/2013,640
A/Belgium/14G0496/2014,A/Stockholm/1/2013,160
A/Belgium/14G0496/2014,A/Switzerland/9715293/2013,80
A/Belgium/14G0496/2014,A/Victoria/361/2011,320
A/Belgium/2817/2024,A/Blida/42154/2022,160
A/Belgium/2817/2024,A/BurkinaFaso/3442/2023,100
A/Belgium/2817/2024,A/England/189/2023,160
A/Belgium/2817/2024,A/Lisboa/216/2023,320
A/Belgium/2817/2024,A/Netherlands/10563/2023,320
A/Belgium/2817/2024,A/Norway/12374/2023,160
A/Belgium/2817/2024,A/Oklahoma/05/2024,160
A/Belgium/7898/2024,A/Blida/42154/2022,80
A/Belgium/7898/2024,A/BurkinaFaso/3442/2023,40
A/Belgium/7898/2024,A/DistrictOfColumbia/27/2023,160
A/Belgium/7898/2024,A/Lisboa/216/2023,160
A/Belgium/7898/2024,A/Netherlands/10510/2024,40
A/Belgium/7898/2024,A/Netherlands/10563/2023,160
A/Belgium/7898/2024,A/Norway/12374/2023,40
A/Belgium/7898/2024,A/Oklahoma/05/2024,80
A/Belgium/912/2024,A/Blida/42154/2022,80
A/Belgium/912/2024,A/BurkinaFaso/3442/2023,40
A/Belgium/912/2024,A/DistrictOfColumbia/27/2023,160
A/Belgium/912/2024,A/Lisboa/216/2023,160
A/Belgium/912/2024,A/Netherlands/10510/2024,40
A/Belgium/912/2024,A/Netherlands/10563/2023,320
A/Belgium/912/2024,A/Norway/12374/2023,40
A/Belgium/912/2024,A/Oklahoma/05/2024,80
A/Belgium/G0007/2023,A/Brandenburg/2/2022,40
A/Belgium/G0007/2023,A/Cambodia/925256/2020,<40
A/Belgium/G0007/2023,A/Cambodia/e0826360/2020,40
A/Belgium/G0007/2023,A/Darwin/9/2021,160
A/Belgium/G0007/2023,A/England/214040936/2021,60
A/Belgium/G0007/2023,A/Stockholm/5/2021,80
A/Belgium/G0007/2023,A/Ukraine/354/2021,80
A/Belgium/G0153/2022,A/Brandenburg/2/2022,160
A/Belgium/G0153/2022,A/Cambodia/925256/2020,80
A/Belgium/G0153/2022,A/Cambodia/e0826360/2020,160
A/Belgium/G0153/2022,A/Darwin/9/2021,640
A/Belgium/G0153/2022,A/England/195200780/2019,40
A/Belgium/G0153/2022,A/England/214040936/2021,640
A/Belgium/G0153/2022,A/Israel/R-742/2016,40
A/Belgium/G0153/2022,A/Stockholm/5/2021,320
A/Belgium/G0159/2022,A/Cambodia/925256/2020,80
A/Belgium/G0159/2022,A/Cambodia/e0826360/2020,160
A/Belgium/G0159/2022,A/Darwin/9/2021,320
A/Belgium/G0159/2022,A/England/195200780/2019,160
A/Belgium/G0159/2022,A/England/214040936/2021,320
A/Belgium/G0159/2022,A/Israel/R-742/2016,80
A/Belgium/G0159/2022,A/Stockholm/5/2021,320
A/Belgium/G0182/2022,A/Cambodia/925256/2020,40
A/Belgium/G0182/2022,A/Cambodia/e0826360/2020,320
A/Belgium/G0182/2022,A/Darwin/9/2021,640
A/Belgium/G0182/2022,A/England/195200780/2019,160
A/Belgium/G0182/2022,A/England/214040936/2021,640
A/Belgium/G0182/2022,A/Israel/R-742/2016,80
A/Belgium/G0182/2022,A/Stockholm/5/2021,640
A/Belgium/G0229/2020,A/Fes/67/2016,<40
A/Belgium/G0229/2020,A/Israel/R-742/2016,220
A/Belgium/G0229/2020,A/Norway/3275/2018,<40
A/Belgium/G0274/2020,A/Fes/67/2016,80
A/Belgium/G0274/2020,A/Israel/R-742/2016,280
A/Belgium/G0274/2020,A/Norway/3275/2018,<40
A/Belgium/G0314/2022,A/Brandenburg/2/2022,160
A/Belgium/G0314/2022,A/Cambodia/925256/2020,40
A/Belgium/G0314/2022,A/Cambodia/e0826360/2020,160
A/Belgium/G0314/2022,A/Darwin/9/2021,160
A/Belgium/G0314/2022,A/England/214040936/2021,40
A/Belgium/G0314/2022,A/Lille/50053/2022,160
A/Belgium/G0314/2022,A/Stockholm/5/2021,160
A/Belgium/G0314/2022,A/Ukraine/354/2021,40
A/Belgium/G0393/2022,A/Brandenburg/2/2022,160
A/Belgium/G0393/2022,A/Cambodia/925256/2020,40
A/Belgium/G0393/2022,A/Cambodia/e0826360/2020,160
A/Belgium/G0393/2022,A/Darwin/9/2021,160
A/Belgium/G0393/2022,A/England/214040936/2021,40
A/Belgium/G0393/2022,A/Lille/50053/2022,160
A/Belgium/G0393/2022,A/Stockholm/5/2021,160
A/Belgium/G0393/2022,A/Ukraine/354/2021,80
A/Belgium/G0687/2016,A/Georgia/532/2015,80
A/Belgium/G0687/2016,A/Minsk/1737/2012,40
A/Belgium/G0687/2016,A/Netherlands/398/2014,120
A/Belgium/G0687/2016,A/Palermo/6/2016,320
A/Belgium/G0687/2016,A/Sachsen/74/2016,320
A/Belgium/G0687/2016,A/Samara/73/2013,40
A/Belgium/G0687/2016,A/Switzerland/9715293/2013,40
A/Belgium/G1034/2013,A/Berlin/93/2011,320
A/Belgium/G1034/2013,A/Finland/40/2010,160
A/Belgium/G1034/2013,A/Hawaii/22/2012,320
A/Belgium/G1034/2013,A/Iowa/19/2010,160
A/Belgium/G1034/2013,A/Johannesburg/126/2009,80
A/Belgium/G1034/2013,A/Minsk/1737/2012,640
A/Belgium/G1034/2013,A/Perth/16/2009,<40
A/Belgium/G1034/2013,A/Victoria/361/2011,240
A/Belgium/G1147/2011,A/Brisbane/10/2007,80
A/Belgium/G1147/2011,A/Finland/40/2010,1280
A/Belgium/G1147/2011,A/Iowa/19/2010,400
A/Belgium/G1147/2011,A/Johannesburg/126/2009,320
A/Belgium/G1147/2011,A/Perth/10/2010,640
A/Belgium/G1147/2011,A/Perth/16/2009,120
A/Belgium/G1147/2011,A/Victoria/210/2009,160
A/Belgium/G589/2014,A/Minsk/1737/2012,80
A/Belgium/G589/2014,A/Netherlands/398/2014,160
A/Belgium/G589/2014,A/Perth/16/2009,40
A/Belgium/G589/2014,A/Samara/73/2013,160
A/Belgium/G589/2014,A/Switzerland/9715293/2013,60
A/Belgium/G589/2014,A/Victoria/361/2011,80
A/Belgium/H0010/2021,A/Cambodia/925256/2020,60
A/Belgium/H0010/2021,A/Cambodia/e0826360/2020,160
A/Belgium/H0010/2021,A/Darwin/9/2021,1280
A/Belgium/H0010/2021,A/England/195200780/2019,80
A/Belgium/H0010/2021,A/England/214040936/2021,320
A/Belgium/H0010/2021,A/Israel/R-742/2016,60
A/Belgium/H0010/2021,A/Stockholm/5/2021,640
A/Belgium/H0017/2020,A/Fes/67/2016,40
A/Belgium/H0017/2020,A/Israel/R-742/2016,280
A/Belgium/H0017/2020,A/Norway/3275/2018,<40
A/Belgium/S0304/2012,A/Berlin/93/2011,1280
A/Belgium/S0304/2012,A/Finland/40/2010,640
A/Belgium/S0304/2012,A/Hawaii/22/2012,640
A/Belgium/S0304/2012,A/Iowa/19/2010,640
A/Belgium/S0304/2012,A/Johannesburg/126/2009,320
A/Belgium/S0304/2012,A/Minsk/1737/2012,2560
A/Belgium/S0304/2012,A/Perth/16/2009,640
A/Belgium/S0304/2012,A/Victoria/361/2011,480
A/Belgium/S0734/2020,A/Fes/67/2016,80
A/Belgium/S0734/2020,A/Israel/R-742/2016,480
A/Belgium/S0734/2020,A/Norway/3275/2018,<40
A/Belgium/S0751/2020,A/Fes/67/2016,40
A/Belgium/S0751/2020,A/Israel/R-742/2016,440
A/Belgium/S0751/2020,A/Norway/3275/2018,<40
A/Belgium/S0757/2022,A/Cambodia/925256/2020,40
A/Belgium/S0757/2022,A/Cambodia/e0826360/2020,80
A/Belgium/S0757/2022,A/Darwin/9/2021,640
A/Belgium/S0757/2022,A/England/195200780/2019,40
A/Belgium/S0757/2022,A/England/214040936/2021,320
A/Belgium/S0757/2022,A/Israel/R-742/2016,<40
A/Belgium/S0757/2022,A/Stockholm/5/2021,320
A/Belgium/S0772/2022,A/Cambodia/925256/2020,40
A/Belgium/S0772/2022,A/Cambodia/e0826360/2020,160
A/Belgium/S0772/2022,A/Darwin/9/2021,640
A/Belgium/S0772/2022,A/England/195200780/2019,80
A/Belgium/S0772/2022,A/England/214040936/2021,320
A/Belgium/S0772/2022,A/Israel/R-742/2016,40
A/Belgium/S0772/2022,A/Stockholm/5/2021,640
A/Belgium/S0814/2022,A/Cambodia/925256/2020,40
A/Belgium/S0814/2022,A/Cambodia/e0826360/2020,160
A/Belgium/S0814/2022,A/Darwin/9/2021,320
A/Belgium/S0814/2022,A/England/195200780/2019,80
A/Belgium/S0814/2022,A/England/214040936/2021,320
A/Belgium/S0814/2022,A/Israel/R-742/2016,40
A/Belgium/S0814/2022,A/Stockholm/5/2021,160
A/Belgium/S0826/2020,A/Fes/67/2016,80
A/Belgium/S0826/2020,A/Israel/R-742/2016,360
A/Belgium/S0826/2020,A/Norway/3275/2018,<40
A/Belgium/S0898/2023,A/Blida/42154/2022,40
A/Belgium/S0898/2023,A/Brandenburg/2/2022,320
A/Belgium/S0898/2023,A/Darwin/9/2021,160
A/Belgium/S0898/2023,A/England/214040936/2021,120
A/Belgium/S0898/2023,A/Lille/50053/2022,320
A/Belgium/S0898/2023,A/Stockholm/5/2021,320
A/Belgium/S1030/2022,A/Cambodia/925256/2020,40
A/Belgium/S1030/2022,A/Cambodia/e0826360/2020,80
A/Belgium/S1030/2022,A/Darwin/9/2021,320
A/Belgium/S1030/2022,A/England/195200780/2019,80
A/Belgium/S1030/2022,A/England/214040936/2021,320
A/Belgium/S1030/2022,A/Israel/R-742/2016,40
A/Belgium/S1030/2022,A/Slovenia/9216/2022,320
A/Belgium/S1030/2022,A/Slovenia/9318/2022,320
A/Belgium/S1030/2022,A/Stockholm/5/2021,320
A/Belgium/S1045/2022,A/Cambodia/925256/2020,91
A/Belgium/S1045/2022,A/Cambodia/e0826360/2020,125
A/Belgium/S1045/2022,A/Darwin/9/2021,868
A/Belgium/S1045/2022,A/England/195200780/2019,91
A/Belgium/S1045/2022,A/England/214040936/2021,457
A/Belgium/S1045/2022,A/Israel/R-742/2016,53
A/Belgium/S1045/2022,A/Norway/28830/2021,*
A/Belgium/S1045/2022,A/Slovenia/9216/2022,160
A/Belgium/S1045/2022,A/Slovenia/9318/2022,160
A/Belgium/S1045/2022,A/Stockholm/5/2021,411
A/Belgium/S1081/2020,A/Fes/67/2016,160
A/Belgium/S1081/2020,A/Israel/R-742/2016,110
A/Belgium/S1081/2020,A/Norway/3275/2018,40
A/Belgium/S2653/2022,A/Brandenburg/2/2022,80
A/Belgium/S2653/2022,A/Cambodia/925256/2020,40
A/Belgium/S2653/2022,A/Cambodia/e0826360/2020,80
A/Belgium/S2653/2022,A/Darwin/9/2021,320
A/Belgium/S2653/2022,A/England/214040936/2021,60
A/Belgium/S2653/2022,A/Lille/50053/2022,320
A/Belgium/S2653/2022,A/Stockholm/5/2021,160
A/Belgium/S2653/2022,A/Ukraine/354/2021,160
A/Belgium/S2699/2022,A/Brandenburg/2/2022,160
A/Belgium/S2699/2022,A/Cambodia/925256/2020,40
A/Belgium/S2699/2022,A/Cambodia/e0826360/2020,80
A/Belgium/S2699/2022,A/Darwin/9/2021,80
A/Belgium/S2699/2022,A/England/214040936/2021,40
A/Belgium/S2699/2022,A/Stockholm/5/2021,160
A/Belgium/S2699/2022,A/Ukraine/354/2021,40
A/Belgrade/1470/2012,A/Berlin/93/2011,2560
A/Belgrade/1470/2012,A/Finland/40/2010,320
A/Belgrade/1470/2012,A/Iowa/19/2010,320
A/Belgrade/1470/2012,A/Johannesburg/126/2009,160
A/Belgrade/1470/2012,A/Perth/16/2009,80
A/Belgrade/1470/2012,A/Victoria/361/2011,400
A/Belgrade/1544/2012,A/Berlin/93/2011,2560
A/Belgrade/1544/2012,A/Finland/40/2010,320
A/Belgrade/1544/2012,A/Iowa/19/2010,640
A/Belgrade/1544/2012,A/Johannesburg/126/2009,320
A/Belgrade/1544/2012,A/Perth/16/2009,160
A/Belgrade/1544/2012,A/Victoria/361/2011,480
A/Belgrade/898/2012,A/Berlin/93/2011,853
A/Belgrade/898/2012,A/Finland/40/2010,160
A/Belgrade/898/2012,A/Iowa/19/2010,160
A/Belgrade/898/2012,A/Johannesburg/126/2009,80
A/Belgrade/898/2012,A/Perth/16/2009,53
A/Belgrade/898/2012,A/Victoria/361/2011,226
A/BeniMellal/131/2022,A/Blida/42154/2022,160
A/BeniMellal/131/2022,A/Brandenburg/2/2022,80
A/BeniMellal/131/2022,A/Darwin/9/2021,320
A/BeniMellal/131/2022,A/England/214040936/2021,400
A/BeniMellal/131/2022,A/Lille/50053/2022,320
A/BeniMellal/131/2022,A/Stockholm/5/2021,80
A/Beograd/1549/2012,A/Berlin/93/2011,1280
A/Beograd/1549/2012,A/Finland/40/2010,160
A/Beograd/1549/2012,A/Iowa/19/2010,320
A/Beograd/1549/2012,A/Johannesburg/126/2009,160
A/Beograd/1549/2012,A/Perth/16/2009,80
A/Beograd/1549/2012,A/Victoria/361/2011,400
A/Beograd/1607/2012,A/Berlin/93/2011,2560
A/Beograd/1607/2012,A/Finland/40/2010,320
A/Beograd/1607/2012,A/Iowa/19/2010,640
A/Beograd/1607/2012,A/Johannesburg/126/2009,320
A/Beograd/1607/2012,A/Perth/16/2009,160
A/Beograd/1607/2012,A/Victoria/361/2011,800
A/Berlin/145/2022,A/Brandenburg/2/2022,160
A/Berlin/145/2022,A/Cambodia/925256/2020,40
A/Berlin/145/2022,A/Cambodia/e0826360/2020,80
A/Berlin/145/2022,A/Darwin/9/2021,320
A/Berlin/145/2022,A/England/214040936/2021,480
A/Berlin/145/2022,A/Ghana/1724/2022,80
A/Berlin/145/2022,A/Kyiv/1/2022,320
A/Berlin/145/2022,A/Norway/28542/2022,160
A/Berlin/145/2022,A/Stockholm/5/2021,320
A/Berlin/145/2022,A/Ukraine/354/2021,160
A/Berlin/173/2015,A/Georgia/532/2015,40
A/Berlin/173/2015,A/Madrid/SO13031/2014,40
A/Berlin/173/2015,A/Minsk/1737/2012,40
A/Berlin/173/2015,A/Netherlands/398/2014,145
A/Berlin/173/2015,A/Samara/73/2013,<40
A/Berlin/173/2015,A/Switzerland/9715293/2013,48
A/Berlin/215/2013,A/Finland/40/2010,160
A/Berlin/215/2013,A/Iowa/19/2010,80
A/Berlin/215/2013,A/Minsk/1737/2012,160
A/Berlin/215/2013,A/Paris/1988/2012,240
A/Berlin/215/2013,A/Perth/16/2009,<40
A/Berlin/215/2013,A/Samara/73/2013,400
A/Berlin/215/2013,A/Victoria/361/2011,240
A/Berlin/27/2023,A/Blida/42154/2022,186
A/Berlin/27/2023,A/Brandenburg/2/2022,80
A/Berlin/27/2023,A/BurkinaFaso/3442/2023,320
A/Berlin/27/2023,A/Darwin/9/2021,160
A/Berlin/27/2023,A/England/189/2023,640
A/Berlin/27/2023,A/Lisboa/216/2023,640
A/Berlin/27/2023,A/Netherlands/10563/2023,640
A/Berlin/27/2023,A/Norway/12374/2023,320
A/Berlin/27/2023,A/Oklahoma/05/2024,320
A/Berlin/27/2023,A/Poland/PL65/2022,40
A/Berlin/27/2023,A/Stockholm/5/2021,80
A/Berlin/27/2023,A/Switzerland/28719/2022,160
A/Berlin/32/2006,A/California/7/2004,160
A/Berlin/32/2006,A/Hiroshima/52/2005,160
A/Berlin/32/2006,A/Panama/2007/1999,<40
A/Berlin/32/2006,A/Wisconsin/67/2005,160
A/Berlin/32/2006,A/Wyoming/3/2003,40
A/Berlin/4/2021,A/Cambodia/925256/2020,73
A/Berlin/4/2021,A/Cambodia/e0826360/2020,98
A/Berlin/4/2021,A/Darwin/9/2021,1020
A/Berlin/4/2021,A/England/195200780/2019,99
A/Berlin/4/2021,A/England/214040936/2021,465
A/Berlin/4/2021,A/Israel/R-742/2016,40
A/Berlin/4/2021,A/Norway/28830/2021,160
A/Berlin/4/2021,A/Stockholm/5/2021,502
A/Berlin/5/2006,A/California/7/2004,640
A/Berlin/5/2006,A/Hiroshima/52/2005,160
A/Berlin/5/2006,A/Panama/2007/1999,<40
A/Berlin/5/2006,A/Wisconsin/67/2005,640
A/Berlin/5/2006,A/Wyoming/3/2003,40
A/Berlin/5/2021,A/Cambodia/925256/2020,40
A/Berlin/5/2021,A/Cambodia/e0826360/2020,80
A/Berlin/5/2021,A/Darwin/9/2021,853
A/Berlin/5/2021,A/England/195200780/2019,66
A/Berlin/5/2021,A/England/214040936/2021,320
A/Berlin/5/2021,A/Israel/R-742/2016,40
A/Berlin/5/2021,A/Stockholm/5/2021,320
A/Berlin/52/2016,A/Fes/67/2016,120
A/Berlin/52/2016,A/Georgia/532/2015,60
A/Berlin/52/2016,A/Greece/4/2017,160
A/Berlin/52/2016,A/Madrid/SO13031/2014,<40
A/Berlin/52/2016,A/Minsk/1737/2012,40
A/Berlin/52/2016,A/Netherlands/398/2014,100
A/Berlin/52/2016,A/Palermo/6/2016,120
A/Berlin/52/2016,A/Sachsen/74/2016,160
A/Berlin/52/2016,A/Saitama/103/2014,*
A/Berlin/52/2016,A/Samara/73/2013,40
A/Berlin/52/2016,A/Switzerland/9715293/2013,60
A/Berlin/62/2019,A/Bretagne/1413/2017,40
A/Berlin/62/2019,A/Fes/67/2016,80
A/Berlin/62/2019,A/Israel/R-742/2016,250
A/Berlin/62/2019,A/Mauritius/I-3006/2019,<40
A/Berlin/62/2019,A/Norway/3275/2018,<40
A/Berlin/8/2014,A/Finland/40/2010,160
A/Berlin/8/2014,A/Iowa/19/2010,160
A/Berlin/8/2014,A/Minsk/1737/2012,160
A/Berlin/8/2014,A/Paris/1988/2012,320
A/Berlin/8/2014,A/Perth/16/2009,<40
A/Berlin/8/2014,A/Samara/73/2013,640
A/Berlin/8/2014,A/Victoria/361/2011,320
A/Berlin/9/2017,A/Georgia/532/2015,<40
A/Berlin/9/2017,A/Minsk/1737/2012,<40
A/Berlin/9/2017,A/Netherlands/398/2014,100
A/Berlin/9/2017,A/Palermo/6/2016,160
A/Berlin/9/2017,A/Sachsen/74/2016,160
A/Berlin/9/2017,A/Samara/73/2013,<40
A/Berlin/9/2017,A/Switzerland/9715293/2013,<40
A/Berlin/93/2011,A/Brandenburg/3/2012,640
A/Berlin/93/2011,A/Bratislava/811/2013,1280
A/Berlin/93/2011,A/Bratislava/887/2013,1280
A/Berlin/93/2011,A/Brisbane/1/2012,1280
A/Berlin/93/2011,A/Brisbane/1/2013,1280
A/Berlin/93/2011,A/Brisbane/10/2007,80
A/Berlin/93/2011,A/Bulgaria/218/2012,640
A/Berlin/93/2011,A/Bulgaria/253/2013,640
A/Berlin/93/2011,A/Cairo/132/2012,1280
A/Berlin/93/2011,A/Cairo/136/2012,853
A/Berlin/93/2011,A/Cairo/140/2012,960
A/Berlin/93/2011,A/Cairo/158/2013,320
A/Berlin/93/2011,A/Cairo/59/2012,640
A/Berlin/93/2011,A/Cairo/63/2012,640
A/Berlin/93/2011,A/Cairo/93/2012,1280
A/Berlin/93/2011,A/Cameroon/12V-2580/2012,320
A/Berlin/93/2011,A/Cameroon/12V-4093/2012,320
A/Berlin/93/2011,A/Cameroon/12V-4223/2012,320
A/Berlin/93/2011,A/Cameroon/12V-4580/2012,743
A/Berlin/93/2011,A/Cameroon/12V-4685/2012,1280
A/Berlin/93/2011,A/Catalonia/5689S/2013,2560
A/Berlin/93/2011,A/Chiba-C/39/2013,<40
A/Berlin/93/2011,A/Christchurch/512/2012,5120
A/Berlin/93/2011,A/Dakar/16/2012,160
A/Berlin/93/2011,A/Denmark/28/2012,1280
A/Berlin/93/2011,A/Denmark/36/2012,5120
A/Berlin/93/2011,A/Denmark/42/2012,2560
A/Berlin/93/2011,A/Denmark/45/2012,5120
A/Berlin/93/2011,A/Denmark/6/2012,640
A/Berlin/93/2011,A/Denmark/67/2012,640
A/Berlin/93/2011,A/Denmark/68/2012,640
A/Berlin/93/2011,A/Denmark/71/2012,640
A/Berlin/93/2011,A/Denmark/78/2012,320
A/Berlin/93/2011,A/Denmark/90/2011,1280
A/Berlin/93/2011,A/Ekaterinburg/2/2012,640
A/Berlin/93/2011,A/Ekaterinburg/4/2012,640
A/Berlin/93/2011,A/England/188/2013,640
A/Berlin/93/2011,A/England/316/2012,2560
A/Berlin/93/2011,A/England/476/2012,2560
A/Berlin/93/2011,A/England/49/2012,2560
A/Berlin/93/2011,A/England/517/2012,1280
A/Berlin/93/2011,A/England/531/2012,320
A/Berlin/93/2011,A/England/565/2012,160
A/Berlin/93/2011,A/England/568/2012,610
A/Berlin/93/2011,A/England/569/2012,160
A/Berlin/93/2011,A/England/586/2012,544
A/Berlin/93/2011,A/England/668/2012,320
A/Berlin/93/2011,A/England/670/2012,533
A/Berlin/93/2011,A/Estonia/65266/2012,1386
A/Berlin/93/2011,A/Estonia/66234/2012,1280
A/Berlin/93/2011,A/Estonia/66239/2012,960
A/Berlin/93/2011,A/Estonia/76614/2013,800
A/Berlin/93/2011,A/Estonia/76663/2013,320
A/Berlin/93/2011,A/Estonia/77365/2013,320
A/Berlin/93/2011,A/Finland/40/2010,814
A/Berlin/93/2011,A/Firenze/1/2011,640
A/Berlin/93/2011,A/Galanta/592/2013,640
A/Berlin/93/2011,A/Galicia/RR9908/2012,640
A/Berlin/93/2011,A/Galicia/RR9911/2012,2560
A/Berlin/93/2011,A/Georgia/255/2012,640
A/Berlin/93/2011,A/Georgia/301/2012,320
A/Berlin/93/2011,A/Georgia/370/2012,640
A/Berlin/93/2011,A/Georgia/512/2012,1280
A/Berlin/93/2011,A/Ghana/DARI-0063/2013,640
A/Berlin/93/2011,A/Ghana/DILI-0405/2012,320
A/Berlin/93/2011,A/Ghana/DILI-0467/2013,640
A/Berlin/93/2011,A/Ghana/DILI-495/2013,800
A/Berlin/93/2011,A/Glasgow/RVL5/2012,640
A/Berlin/93/2011,A/Gothenburg/1/2010,2560
A/Berlin/93/2011,A/Hawaii/22/2012,1011
A/Berlin/93/2011,A/Hunan-Lusong/1532/2013,640
A/Berlin/93/2011,A/Iceland/18/2012,320
A/Berlin/93/2011,A/Iceland/24/2012,720
A/Berlin/93/2011,A/Iceland/25/2012,746
A/Berlin/93/2011,A/Iceland/56/2013,640
A/Berlin/93/2011,A/Iowa/19/2010,1292
A/Berlin/93/2011,A/Ireland/00367/2013,800
A/Berlin/93/2011,A/Ireland/14M00149/2013,640
A/Berlin/93/2011,A/Ireland/M20189/2013,640
A/Berlin/93/2011,A/Ireland/M28426/2013,320
A/Berlin/93/2011,A/Ireland/M28859/2013,640
A/Berlin/93/2011,A/Israel/10/2012,160
A/Berlin/93/2011,A/Jiangxi-Yushui/1220/2013,640
A/Berlin/93/2011,A/Johannesburg/126/2009,2119
A/Berlin/93/2011,A/Johannesburg/3224/2012,480
A/Berlin/93/2011,A/Johannesburg/5223/2012,320
A/Berlin/93/2011,A/Jordan/20110030749/2011,944
A/Berlin/93/2011,A/Jordan/30502/2012,640
A/Berlin/93/2011,A/Jordan/30677/2013,1280
A/Berlin/93/2011,A/Kaliningrad/4/2012,1280
A/Berlin/93/2011,A/Latvia/1-30021/2013,640
A/Berlin/93/2011,A/Leskovac/1655/2013,320
A/Berlin/93/2011,A/Leskovac/1701/2012,2560
A/Berlin/93/2011,A/Lisboa/38/2012,640
A/Berlin/93/2011,A/Maevatanana/563/2013,320
A/Berlin/93/2011,A/Maevatanana/974/2013,1280
A/Berlin/93/2011,A/Mauritius/167/2013,640
A/Berlin/93/2011,A/Mauritius/610/2013,640
A/Berlin/93/2011,A/Mauritius/703/2013,640
A/Berlin/93/2011,A/Minsk/1431/2013,640
A/Berlin/93/2011,A/Minsk/1737/2012,1792
A/Berlin/93/2011,A/Moldova/368/2013,640
A/Berlin/93/2011,A/Moldova/440/2013,320
A/Berlin/93/2011,A/Montenegro/190/2012,640
A/Berlin/93/2011,A/Netherlands/34/2010,1226
A/Berlin/93/2011,A/Netherlands/533/2012,640
A/Berlin/93/2011,A/Niedersachsen/113/2013,640
A/Berlin/93/2011,A/Norway/1252/2012,1280
A/Berlin/93/2011,A/Norway/1292/2012,640
A/Berlin/93/2011,A/Norway/1359/2012,1280
A/Berlin/93/2011,A/Norway/1775/2011,320
A/Berlin/93/2011,A/Norway/2400/2011,1792
A/Berlin/93/2011,A/Norway/2418/2013,320
A/Berlin/93/2011,A/Norway/624/2012,1280
A/Berlin/93/2011,A/Norway/625/2012,640
A/Berlin/93/2011,A/Norway/708/2012,1706
A/Berlin/93/2011,A/NosyBe/429/2013,640
A/Berlin/93/2011,A/Novosibirsk/32/2013,320
A/Berlin/93/2011,A/Novosibirsk/78/2012,720
A/Berlin/93/2011,A/Ohio/2/2012,293
A/Berlin/93/2011,A/Omsk/1/2012,1280
A/Berlin/93/2011,A/Panama/307149/2010,918
A/Berlin/93/2011,A/Paris/1744/2011,480
A/Berlin/93/2011,A/Paris/1912/2012,320
A/Berlin/93/2011,A/Paris/1988/2012,588
A/Berlin/93/2011,A/Paris/2133/2011,480
A/Berlin/93/2011,A/Paris/972/2012,160
A/Berlin/93/2011,A/Parma/139/2012,1280
A/Berlin/93/2011,A/Parma/173/2011,1280
A/Berlin/93/2011,A/Pavia/158/2012,640
A/Berlin/93/2011,A/Perth/10/2010,640
A/Berlin/93/2011,A/Perth/16/2009,257
A/Berlin/93/2011,A/Picardie/1274/2013,960
A/Berlin/93/2011,A/Poitiers/2745/2012,320
A/Berlin/93/2011,A/Rabat/197/2011,640
A/Berlin/93/2011,A/Roma/04/2013,640
A/Berlin/93/2011,A/Samara/73/2013,984
A/Berlin/93/2011,A/Singapore/22/2012,640
A/Berlin/93/2011,A/Slovenia/1049/2012,1920
A/Berlin/93/2011,A/Slovenia/2855/2011,1760
A/Berlin/93/2011,A/Slovenia/459/2012,2560
A/Berlin/93/2011,A/Slovenia/709/2013,1280
A/Berlin/93/2011,A/Spain/14758/2012,640
A/Berlin/93/2011,A/Stockholm/1/2013,640
A/Berlin/93/2011,A/Stockholm/14/2012,640
A/Berlin/93/2011,A/Stockholm/39/2012,320
A/Berlin/93/2011,A/Stockholm/9/2013,640
A/Berlin/93/2011,A/Switzerland/7586983/2012,320
A/Berlin/93/2011,A/Switzerland/7628499/2012,320
A/Berlin/93/2011,A/Sydney/195/2012,2560
A/Berlin/93/2011,A/Taraz/2922/2013,640
A/Berlin/93/2011,A/Tehran/58191/2013,640
A/Berlin/93/2011,A/Ukraine/250/2012,1066
A/Berlin/93/2011,A/Ukraine/5339/2012,1280
A/Berlin/93/2011,A/Ukraine/5403/2012,1413
A/Berlin/93/2011,A/Ukraine/5426/2012,320
A/Berlin/93/2011,A/Ukraine/5837/2013,640
A/Berlin/93/2011,A/Ukraine/5896/2013,1280
A/Berlin/93/2011,A/Ukraine/5909/2013,640
A/Berlin/93/2011,A/Valladolid/118/2013,320
A/Berlin/93/2011,A/Victoria/210/2009,320
A/Berlin/93/2011,A/Victoria/361/2011,682
A/Berlin/93/2011,A/Victoria/505/2013,1280
A/Berlin/93/2011,A/Victoria/527/2012,1280
A/Berlin/93/2011,A/Victoria/84/2012,640
A/Berlin/93/2011,A/Vladivostok/73/2013,320
A/Bitlis/4351/2016,A/Bucuresti/193605/2016,160
A/Bitlis/4351/2016,A/Georgia/532/2015,160
A/Bitlis/4351/2016,A/Madrid/SO13031/2014,40
A/Bitlis/4351/2016,A/Minsk/1737/2012,80
A/Bitlis/4351/2016,A/Netherlands/398/2014,480
A/Bitlis/4351/2016,A/Samara/73/2013,40
A/Bitlis/4351/2016,A/Switzerland/9715293/2013,120
A/Blida/42154/2022,A/Boras/SE23-16165/2023,160
A/Blida/42154/2022,A/BosniaAndHerzegovina/483/2024,160
A/Blida/42154/2022,A/Brandenburg/2/2022,155
A/Blida/42154/2022,A/Brandenburg/3/2023,160
A/Blida/42154/2022,A/Bretagne/02975/2023,80
A/Blida/42154/2022,A/Bretagne/04092/2024,320
A/Blida/42154/2022,A/Bretagne/04824/2024,320
A/Blida/42154/2022,A/Bretagne/05154/2024,160
A/Blida/42154/2022,A/Bucuresti/565777/2024,240
A/Blida/42154/2022,A/Bucuresti/565832/2024,320
A/Blida/42154/2022,A/Bucuresti/566045/2024,240
A/Blida/42154/2022,A/Bucuresti/570056/2024,160
A/Blida/42154/2022,A/Bulgaria/1075/2024,320
A/Blida/42154/2022,A/Bulgaria/1718/2024,160
A/Blida/42154/2022,A/Bulgaria/2020/2024,320
A/Blida/42154/2022,A/Bulgaria/2091/2024,320
A/Blida/42154/2022,A/Bulgaria/2222/2024,320
A/Blida/42154/2022,A/Bulgaria/2261/2024,160
A/Blida/42154/2022,A/Bulgaria/2402/2024,160
A/Blida/42154/2022,A/Bulgaria/2502/2024,160
A/Blida/42154/2022,A/Burgos/4014/2023,80
A/Blida/42154/2022,A/Burgos/4245/2023,<40
A/Blida/42154/2022,A/Burgos/64/2023,240
A/Blida/42154/2022,A/BurkinaFaso/182/2023,<40
A/Blida/42154/2022,A/BurkinaFaso/2070/2023,<40
A/Blida/42154/2022,A/BurkinaFaso/2101/2023,<40
A/Blida/42154/2022,A/BurkinaFaso/211/2023,<40
A/Blida/42154/2022,A/BurkinaFaso/232/2023,<40
A/Blida/42154/2022,A/BurkinaFaso/244/2023,<40
A/Blida/42154/2022,A/BurkinaFaso/3419/2023,<40
A/Blida/42154/2022,A/BurkinaFaso/3442/2023,66
A/Blida/42154/2022,A/BurkinaFaso/3446/2023,<40
A/Blida/42154/2022,A/California/122/2022,640
A/Blida/42154/2022,A/Cambodia/925256/2020,56
A/Blida/42154/2022,A/Cambodia/e0826360/2020,130
A/Blida/42154/2022,A/Cameroon/3172/2024,80
A/Blida/42154/2022,A/Cameroon/6984/2024,80
A/Blida/42154/2022,A/Cameroon/8474/2023,640
A/Blida/42154/2022,A/Cameroon/9092/2023,160
A/Blida/42154/2022,A/Cameroon/9812/2023,100
A/Blida/42154/2022,A/CastillaLaMancha/2303/2023,112
A/Blida/42154/2022,A/Catalonia/NSJO510768271/2024,80
A/Blida/42154/2022,A/Catalonia/NSVH102155361/2023,120
A/Blida/42154/2022,A/Catalonia/NSVH102158148/2023,480
A/Blida/42154/2022,A/Catalonia/NSVH102337351/2024,320
A/Blida/42154/2022,A/Catalonia/NSVH102367246/2024,80
A/Blida/42154/2022,A/Centre/03353/2023,160
A/Blida/42154/2022,A/Champagne_Ardenne/02109/2023,160
A/Blida/42154/2022,A/Champagne_Ardenne/05242/2023,80
A/Blida/42154/2022,A/ComunidadValenciana/1925/2024,160
A/Blida/42154/2022,A/CoteD'Ivoire/4452/2024,160
A/Blida/42154/2022,A/CoteD'Ivoire/4459/2024,<40
A/Blida/42154/2022,A/CoteD'Ivoire/4460/2024,320
A/Blida/42154/2022,A/CoteD'Ivoire/4492/2024,160
A/Blida/42154/2022,A/CoteD'Ivoire/4555/2024,80
A/Blida/42154/2022,A/CoteD'Ivoire/4592/2024,320
A/Blida/42154/2022,A/CoteD'Ivoire/4593/2024,93
A/Blida/42154/2022,A/CoteD'Ivoire/4612/2024,80
A/Blida/42154/2022,A/Croatia/14020/2023,480
A/Blida/42154/2022,A/Croatia/14051/2023,160
A/Blida/42154/2022,A/Croatia/1613/2024,40
A/Blida/42154/2022,A/Dakar/030/2024,160
A/Blida/42154/2022,A/Dakar/033/2024,120
A/Blida/42154/2022,A/Dakar/034/2024,160
A/Blida/42154/2022,A/Dakar/035/2024,<40
A/Blida/42154/2022,A/Dakar/038/2024,320
A/Blida/42154/2022,A/Dakar/040/2024,124
A/Blida/42154/2022,A/Dakar/13/2024,40
A/Blida/42154/2022,A/Dakar/17/2024,320
A/Blida/42154/2022,A/Dakar/23/2024,40
A/Blida/42154/2022,A/Dakar/25/2024,746
A/Blida/42154/2022,A/Dakar/62/2021,160
A/Blida/42154/2022,A/Darwin/9/2021,361
A/Blida/42154/2022,A/Denmark/1089/2024,160
A/Blida/42154/2022,A/Denmark/2208/2024,80
A/Blida/42154/2022,A/Denmark/2245/2024,90
A/Blida/42154/2022,A/Denmark/2440/2024,160
A/Blida/42154/2022,A/Denmark/2452/2024,80
A/Blida/42154/2022,A/Denmark/2674/2024,160
A/Blida/42154/2022,A/Dijon/04835/2023,80
A/Blida/42154/2022,A/DistrictOfColumbia/27/2023,118
A/Blida/42154/2022,A/England/137/2024,106
A/Blida/42154/2022,A/England/144/2024,80
A/Blida/42154/2022,A/England/168/2024,53
A/Blida/42154/2022,A/England/169/2024,80
A/Blida/42154/2022,A/England/173/2024,80
A/Blida/42154/2022,A/England/189/2023,495
A/Blida/42154/2022,A/England/214040936/2021,378
A/Blida/42154/2022,A/England/40/2023,160
A/Blida/42154/2022,A/England/42/2023,160
A/Blida/42154/2022,A/England/61/2024,<40
A/Blida/42154/2022,A/England/62/2024,160
A/Blida/42154/2022,A/England/67/2024,80
A/Blida/42154/2022,A/England/68/2024,80
A/Blida/42154/2022,A/England/69/2024,80
A/Blida/42154/2022,A/Eskilstuna/SE24-03387/2024,160
A/Blida/42154/2022,A/Extremadura/240460/2023,320
A/Blida/42154/2022,A/FVG-Udine/99/2023,80
A/Blida/42154/2022,A/Fianarantsoa/01771/2024,320
A/Blida/42154/2022,A/Firq/7242349/2024,160
A/Blida/42154/2022,A/Firq/7245406/2024,320
A/Blida/42154/2022,A/France/28187/2023,320
A/Blida/42154/2022,A/France/33503/2023,160
A/Blida/42154/2022,A/France/BFC-IPP14556/2024,320
A/Blida/42154/2022,A/France/BFC-RELAB-IPP13100/2024,106
A/Blida/42154/2022,A/France/BRE-IPP10218/2024,320
A/Blida/42154/2022,A/France/GES-IPP14626/2024,112
A/Blida/42154/2022,A/France/GES-IPP26703/2023,320
A/Blida/42154/2022,A/France/GES-RELAB-IPP10320/2024,120
A/Blida/42154/2022,A/France/GES-RELAB-IPP12570/2024,160
A/Blida/42154/2022,A/France/GES-RELAB-IPP12571/2024,80
A/Blida/42154/2022,A/Gavle/SE23-16072/2023,533
A/Blida/42154/2022,A/Georgia/GEO42/2024,320
A/Blida/42154/2022,A/Ghana/1031/2024,640
A/Blida/42154/2022,A/Ghana/1036/2024,160
A/Blida/42154/2022,A/Ghana/1406/2024,320
A/Blida/42154/2022,A/Ghana/1725/2024,240
A/Blida/42154/2022,A/Ghana/1922/2023,<40
A/Blida/42154/2022,A/Ghana/3409/2024,60
A/Blida/42154/2022,A/Ghana/6173/2024,80
A/Blida/42154/2022,A/Ghana/7129/2024,102
A/Blida/42154/2022,A/Ghana/7376/2024,80
A/Blida/42154/2022,A/Ghana/7400/2023,80
A/Blida/42154/2022,A/Ghana/7529/2023,80
A/Blida/42154/2022,A/Ghana/7625/2023,160
A/Blida/42154/2022,A/Ghana/7698/2024,<40
A/Blida/42154/2022,A/Ghana/818/2024,93
A/Blida/42154/2022,A/Goteborg/SE24-14319/2024,82
A/Blida/42154/2022,A/Halmstad/SE24-03868/2024,160
A/Blida/42154/2022,A/Hessen/45/2022,231
A/Blida/42154/2022,A/HongKong/1937/2024,<40
A/Blida/42154/2022,A/HongKong/1973/2024,160
A/Blida/42154/2022,A/HongKong/2121/2024,160
A/Blida/42154/2022,A/HongKong/2122/2024,160
A/Blida/42154/2022,A/HongKong/2123/2024,160
A/Blida/42154/2022,A/HongKong/2725/2024,80
A/Blida/42154/2022,A/HongKong/2752/2024,60
A/Blida/42154/2022,A/HongKong/2753/2024,40
A/Blida/42154/2022,A/HongKong/2798/2024,80
A/Blida/42154/2022,A/HongKong/2810/2024,200
A/Blida/42154/2022,A/HongKong/2837/2024,100
A/Blida/42154/2022,A/HongKong/2861/2024,<40
A/Blida/42154/2022,A/HongKong/3048/2023,480
A/Blida/42154/2022,A/HongKong/3055/2023,120
A/Blida/42154/2022,A/HongKong/3081/2023,120
A/Blida/42154/2022,A/Hungary/141/2023,640
A/Blida/42154/2022,A/Hungary/148/2023,200
A/Blida/42154/2022,A/Hungary/169/2023,320
A/Blida/42154/2022,A/Hungary/174/2023,400
A/Blida/42154/2022,A/Hungary/199/2023,426
A/Blida/42154/2022,A/Hungary/206/2023,320
A/Blida/42154/2022,A/Hungary/288/2024,40
A/Blida/42154/2022,A/Hungary/289/2024,66
A/Blida/42154/2022,A/Iasi/565596/2024,160
A/Blida/42154/2022,A/Iasi/567841/2024,320
A/Blida/42154/2022,A/Ibra/7246065/2024,400
A/Blida/42154/2022,A/Iceland/10426/2024,160
A/Blida/42154/2022,A/Iceland/12053/2024,160
A/Blida/42154/2022,A/Iceland/12516/2024,160
A/Blida/42154/2022,A/Iceland/34327/2023,420
A/Blida/42154/2022,A/Iceland/35353/2024,80
A/Blida/42154/2022,A/Iceland/36410/2024,80
A/Blida/42154/2022,A/Iceland/37008/2024,60
A/Blida/42154/2022,A/Iceland/37274/2024,80
A/Blida/42154/2022,A/Iceland/5614/2024,80
A/Blida/42154/2022,A/Iceland/7184/2024,320
A/Blida/42154/2022,A/Iceland/8862/2024,80
A/Blida/42154/2022,A/Ile_de_France/03349/2024,320
A/Blida/42154/2022,A/Ile_de_France/03976/2024,120
A/Blida/42154/2022,A/Ile_de_France/04381/2024,320
A/Blida/42154/2022,A/Ile_de_France/04632/2024,320
A/Blida/42154/2022,A/Ile_de_France/04633/2024,186
A/Blida/42154/2022,A/Ile_de_France/05012/2024,640
A/Blida/42154/2022,A/Ile_de_France/05017/2024,320
A/Blida/42154/2022,A/Ile_de_France/05020/2024,320
A/Blida/42154/2022,A/Iran/23E11/2023,100
A/Blida/42154/2022,A/Iran/8N28/2024,160
A/Blida/42154/2022,A/Ireland/00000108/2024,160
A/Blida/42154/2022,A/Ireland/00013633/2024,320
A/Blida/42154/2022,A/Ireland/00013655/2024,80
A/Blida/42154/2022,A/Ireland/00016985/2024,40
A/Blida/42154/2022,A/Ireland/00019283/2024,160
A/Blida/42154/2022,A/Ireland/00019853/2024,200
A/Blida/42154/2022,A/Ireland/00021613/2024,160
A/Blida/42154/2022,A/Ireland/00024264/2024,320
A/Blida/42154/2022,A/Ireland/00024704/2024,160
A/Blida/42154/2022,A/Ireland/00028483/2024,160
A/Blida/42154/2022,A/Ireland/00033352/2024,320
A/Blida/42154/2022,A/Ireland/00100281/2023,160
A/Blida/42154/2022,A/Ireland/00100379/2023,320
A/Blida/42154/2022,A/Ireland/00102017/2023,320
A/Blida/42154/2022,A/Ireland/00105655/2023,320
A/Blida/42154/2022,A/Israel/R1511/2024,160
A/Blida/42154/2022,A/Israel/R1564/2024,320
A/Blida/42154/2022,A/Israel/R1571/2024,640
A/Blida/42154/2022,A/Israel/R1598/2024,320
A/Blida/42154/2022,A/Israel/R1617/2024,160
A/Blida/42154/2022,A/Israel/R1721/2024,160
A/Blida/42154/2022,A/Israel/R1753/2024,320
A/Blida/42154/2022,A/Israel/R17814/2023,320
A/Blida/42154/2022,A/Israel/R1805/2024,160
A/Blida/42154/2022,A/Israel/R1836/2024,320
A/Blida/42154/2022,A/Israel/R18785/2024,200
A/Blida/42154/2022,A/Israel/R1880/2024,320
A/Blida/42154/2022,A/Israel/R1994/2024,640
A/Blida/42154/2022,A/Israel/R2058/2024,160
A/Blida/42154/2022,A/Israel/R2212/2024,80
A/Blida/42154/2022,A/Israel/R2231/2024,640
A/Blida/42154/2022,A/Israel/R2239/2024,320
A/Blida/42154/2022,A/Israel/R2254/2024,320
A/Blida/42154/2022,A/Jonkoping/SE24-14227/2024,160
A/Blida/42154/2022,A/Kazakhstan/275/2023,160
A/Blida/42154/2022,A/Kazakhstan/277/2023,160
A/Blida/42154/2022,A/Kazakhstan/336/2023,160
A/Blida/42154/2022,A/Kosice/130/2023,80
A/Blida/42154/2022,A/Kosice/158/2023,160
A/Blida/42154/2022,A/Krasnodar/RII-02/2024,106
A/Blida/42154/2022,A/Kyiv/2385/2024,160
A/Blida/42154/2022,A/Kyrgyzstan/101/2023,160
A/Blida/42154/2022,A/Kyrgyzstan/108/2023,160
A/Blida/42154/2022,A/Kyrgyzstan/117/2023,80
A/Blida/42154/2022,A/Kyrgyzstan/124/2023,213
A/Blida/42154/2022,A/Kyrgyzstan/14/2023,140
A/Blida/42154/2022,A/Kyrgyzstan/16/2023,426
A/Blida/42154/2022,A/Kyrgyzstan/20/2023,320
A/Blida/42154/2022,A/Kyrgyzstan/23/2023,320
A/Blida/42154/2022,A/Kyrgyzstan/318/2023,40
A/Blida/42154/2022,A/Kyrgyzstan/39/2023,320
A/Blida/42154/2022,A/Kyrgyzstan/58/2023,148
A/Blida/42154/2022,A/Kyrgyzstan/9/2023,80
A/Blida/42154/2022,A/Kyrgyzstan/99/2023,93
A/Blida/42154/2022,A/LaRioja/2274/2024,160
A/Blida/42154/2022,A/Lille/50053/2022,304
A/Blida/42154/2022,A/Linkoping/SE23-14481/2023,320
A/Blida/42154/2022,A/Lisboa/178/2024,160
A/Blida/42154/2022,A/Lisboa/216/2023,320
A/Blida/42154/2022,A/Lisboa/3/2024,320
A/Blida/42154/2022,A/Lorraine/03877/2024,160
A/Blida/42154/2022,A/Luxembourg/4634126/2023,320
A/Blida/42154/2022,A/Luxembourg/510839/2023,240
A/Blida/42154/2022,A/Madagascar/03189/2024,320
A/Blida/42154/2022,A/Madagascar/03198/2024,320
A/Blida/42154/2022,A/Madagascar/03416/2024,320
A/Blida/42154/2022,A/Madagascar/03788/2024,320
A/Blida/42154/2022,A/Manandona/03215/2023,320
A/Blida/42154/2022,A/Mauritius/1186095/2024,160
A/Blida/42154/2022,A/Mauritius/I-176/2024,106
A/Blida/42154/2022,A/Mauritius/I-183/2024,80
A/Blida/42154/2022,A/Mauritius/I-185/2024,160
A/Blida/42154/2022,A/Mauritius/I-186/2024,93
A/Blida/42154/2022,A/Mauritius/P50061/2023,320
A/Blida/42154/2022,A/Mauritius/P53142/2023,160
A/Blida/42154/2022,A/Mecklenburg-Vorpommern/88/2022,1280
A/Blida/42154/2022,A/Moldova/2025278/2023,40
A/Blida/42154/2022,A/Montenegro/222910/2023,320
A/Blida/42154/2022,A/Montenegro/242559/2023,320
A/Blida/42154/2022,A/Morocco/1291/2024,80
A/Blida/42154/2022,A/Morocco/1846/2024,160
A/Blida/42154/2022,A/Mozambique/699047/2024,320
A/Blida/42154/2022,A/Mozambique/699067/2024,320
A/Blida/42154/2022,A/Mozambique/699070/2024,320
A/Blida/42154/2022,A/Mozambique/699103/2024,320
A/Blida/42154/2022,A/Muscat/7234671/2023,140
A/Blida/42154/2022,A/Navarra/2114/2024,72
A/Blida/42154/2022,A/Netherlands/00156/2025,<40
A/Blida/42154/2022,A/Netherlands/00328/2025,<40
A/Blida/42154/2022,A/Netherlands/00520/2025,<40
A/Blida/42154/2022,A/Netherlands/01563/2024,<40
A/Blida/42154/2022,A/Netherlands/01577/2024,<40
A/Blida/42154/2022,A/Netherlands/01643/2023,120
A/Blida/42154/2022,A/Netherlands/01685/2023,240
A/Blida/42154/2022,A/Netherlands/01697/2024,<40
A/Blida/42154/2022,A/Netherlands/01729/2023,101
A/Blida/42154/2022,A/Netherlands/01732/2023,320
A/Blida/42154/2022,A/Netherlands/01733/2023,184
A/Blida/42154/2022,A/Netherlands/01762/2024,40
A/Blida/42154/2022,A/Netherlands/01777/2024,80
A/Blida/42154/2022,A/Netherlands/01780/2024,40
A/Blida/42154/2022,A/Netherlands/01829/2024,40
A/Blida/42154/2022,A/Netherlands/02093/2024,<40
A/Blida/42154/2022,A/Netherlands/02175/2024,<40
A/Blida/42154/2022,A/Netherlands/10431/2024,320
A/Blida/42154/2022,A/Netherlands/10510/2024,64
A/Blida/42154/2022,A/Netherlands/10536/2023,320
A/Blida/42154/2022,A/Netherlands/10541/2023,320
A/Blida/42154/2022,A/Netherlands/10551/2023,320
A/Blida/42154/2022,A/Netherlands/10553/2024,40
A/Blida/42154/2022,A/Netherlands/10556/2023,320
A/Blida/42154/2022,A/Netherlands/10561/2023,320
A/Blida/42154/2022,A/Netherlands/10563/2023,394
A/Blida/42154/2022,A/Netherlands/10641/2024,186
A/Blida/42154/2022,A/Netherlands/10645/2024,320
A/Blida/42154/2022,A/Netherlands/10660/2024,160
A/Blida/42154/2022,A/Netherlands/10722/2024,160
A/Blida/42154/2022,A/Newport/5620/2024,80
A/Blida/42154/2022,A/Nordrhein-Westfalen/114/2024,80
A/Blida/42154/2022,A/Nordrhein-Westfalen/16/2023,160
A/Blida/42154/2022,A/Norway/00392/2025,80
A/Blida/42154/2022,A/Norway/00396/2025,40
A/Blida/42154/2022,A/Norway/06798/2024,80
A/Blida/42154/2022,A/Norway/06884/2024,160
A/Blida/42154/2022,A/Norway/07066/2024,128
A/Blida/42154/2022,A/Norway/07228/2024,160
A/Blida/42154/2022,A/Norway/07263/2024,80
A/Blida/42154/2022,A/Norway/07790/2024,80
A/Blida/42154/2022,A/Norway/11294/2023,160
A/Blida/42154/2022,A/Norway/11360/2023,120
A/Blida/42154/2022,A/Norway/12374/2023,146
A/Blida/42154/2022,A/Norway/1592/2024,53
A/Blida/42154/2022,A/Norway/2003/2023,80
A/Blida/42154/2022,A/Norway/3170/2023,640
A/Blida/42154/2022,A/Norway/319/2024,160
A/Blida/42154/2022,A/Norway/3384/2023,80
A/Blida/42154/2022,A/Norway/3821/2023,80
A/Blida/42154/2022,A/Norway/47/2024,40
A/Blida/42154/2022,A/Oklahoma/05/2024,103
A/Blida/42154/2022,A/Ostersund/SE23-14558/2023,320
A/Blida/42154/2022,A/Parma/50/2024,80
A/Blida/42154/2022,A/Perm/RII-03/2024,160
A/Blida/42154/2022,A/Perm/RII-04/2024,240
A/Blida/42154/2022,A/Poland/50/2024,320
A/Blida/42154/2022,A/Poland/PL44/2024,80
A/Blida/42154/2022,A/Poland/PL51/2024,160
A/Blida/42154/2022,A/Poland/PL53/2024,80
A/Blida/42154/2022,A/Poland/PL54/2024,320
A/Blida/42154/2022,A/Poland/PL64/2024,320
A/Blida/42154/2022,A/Poland/PL65/2022,97
A/Blida/42154/2022,A/Prahova/566118/2024,240
A/Blida/42154/2022,A/Qatar/10-VI-23-0095120/2023,640
A/Blida/42154/2022,A/Qatar/10-VI-23-0095583/2023,560
A/Blida/42154/2022,A/Qatar/10-VI-23-0098543/2023,240
A/Blida/42154/2022,A/Qatar/10-VI-23-0101936/2023,320
A/Blida/42154/2022,A/Qatar/10-VI-23-0102647/2023,186
A/Blida/42154/2022,A/Qatar/10-VI-23-0103751/2023,60
A/Blida/42154/2022,A/Qatar/10-VI-23-0106239/2023,480
A/Blida/42154/2022,A/Qatar/10-VI-23-0107179/2023,640
A/Blida/42154/2022,A/Qatar/16-VI-23-0105945/2023,200
A/Blida/42154/2022,A/Qatar/23-VI-23-0106322/2023,60
A/Blida/42154/2022,A/Qatar/25-VI-23-0107245/2023,480
A/Blida/42154/2022,A/Qatar/89814/2024,80
A/Blida/42154/2022,A/Qatar/89913/2024,80
A/Blida/42154/2022,A/Rheinland-Pfalz/11/2023,160
A/Blida/42154/2022,A/Rheinland-Pfalz/39/2024,80
A/Blida/42154/2022,A/Roma/1/2023,160
A/Blida/42154/2022,A/Romania/563027/2023,160
A/Blida/42154/2022,A/Romania/563219/2023,160
A/Blida/42154/2022,A/Romania/563383/2023,174
A/Blida/42154/2022,A/Romania_BB/586841/2024,120
A/Blida/42154/2022,A/Romania_BB/586906/2025,160
A/Blida/42154/2022,A/Saint-Petersburg/RII-48/2024,160
A/Blida/42154/2022,A/SaintPetersburg/RII-46/2024,160
A/Blida/42154/2022,A/SaintPetersburg/RII-47/2024,80
A/Blida/42154/2022,A/Salalah/52423943/2024,80
A/Blida/42154/2022,A/Salamanca/2657/2024,80
A/Blida/42154/2022,A/Sassari/5/2023,40
A/Blida/42154/2022,A/SaudiArabia/10299/2024,80
A/Blida/42154/2022,A/Schleswig-Holstein/54/2024,240
A/Blida/42154/2022,A/Serbia/1354/2024,160
A/Blida/42154/2022,A/Serbia/248/2024,230
A/Blida/42154/2022,A/Serbia/668/2023,<40
A/Blida/42154/2022,A/Serbia/7976/2023,160
A/Blida/42154/2022,A/Serbia/8127/2023,320
A/Blida/42154/2022,A/Serbia/8265/2023,260
A/Blida/42154/2022,A/Shanghai-Fengxian/1912/2023,160
A/Blida/42154/2022,A/Siracusa/5/2024,40
A/Blida/42154/2022,A/Slovenia/11517/2022,40
A/Blida/42154/2022,A/Slovenia/370/2024,186
A/Blida/42154/2022,A/Slovenia/453/2024,160
A/Blida/42154/2022,A/Slovenia/588/2024,160
A/Blida/42154/2022,A/Slovenia/648/2024,160
A/Blida/42154/2022,A/Slovenia/8/2024,320
A/Blida/42154/2022,A/Slovenia/NLZOH-8008-21-1540/2024,160
A/Blida/42154/2022,A/Slovenia/NLZOH-8008-21-2023/2024,169
A/Blida/42154/2022,A/Sohar/52328337/2023,240
A/Blida/42154/2022,A/SouthSudan/983/2024,120
A/Blida/42154/2022,A/SouthSudan/988/2024,160
A/Blida/42154/2022,A/SouthSudan/996/2023,320
A/Blida/42154/2022,A/Spain/1707/2024,80
A/Blida/42154/2022,A/Spain/2026/2024,80
A/Blida/42154/2022,A/Spain/2389/2024,80
A/Blida/42154/2022,A/Spain/2561/2024,80
A/Blida/42154/2022,A/Spain/575/2023,320
A/Blida/42154/2022,A/Spain/968/2023,106
A/Blida/42154/2022,A/Stockholm/5/2021,178
A/Blida/42154/2022,A/Stockholm/SE24-52993/2024,80
A/Blida/42154/2022,A/Switzerland/0800/2025,80
A/Blida/42154/2022,A/Switzerland/11159/2023,80
A/Blida/42154/2022,A/Switzerland/18284/2022,85
A/Blida/42154/2022,A/Switzerland/20498/2023,80
A/Blida/42154/2022,A/Switzerland/28719/2022,523
A/Blida/42154/2022,A/Switzerland/32862/2023,40
A/Blida/42154/2022,A/Switzerland/5118/2024,120
A/Blida/42154/2022,A/Switzerland/5735/2024,70
A/Blida/42154/2022,A/Switzerland/59652/2024,<40
A/Blida/42154/2022,A/Switzerland/71762/2023,240
A/Blida/42154/2022,A/Switzerland/7776/2024,160
A/Blida/42154/2022,A/Switzerland/7828/2024,320
A/Blida/42154/2022,A/Switzerland/79656/2024,320
A/Blida/42154/2022,A/Switzerland/82850/2023,320
A/Blida/42154/2022,A/Switzerland/8649/2023,320
A/Blida/42154/2022,A/Switzerland/8932/2024,80
A/Blida/42154/2022,A/Switzerland/91699/2024,80
A/Blida/42154/2022,A/Toamasina/02991/2023,320
A/Blida/42154/2022,A/Toamasina/03143/2023,320
A/Blida/42154/2022,A/Toamasina/03219/2023,640
A/Blida/42154/2022,A/Togo/1057/2023,240
A/Blida/42154/2022,A/Toliary/03152/2023,640
A/Blida/42154/2022,A/Toulon/0241495940/2024,160
A/Blida/42154/2022,A/Trollhattan/SE24-03639/2024,320
A/Blida/42154/2022,A/Trollhattan/SE24-04469/2024,80
A/Blida/42154/2022,A/Tunisia/3500/2024,160
A/Blida/42154/2022,A/Turkmenistan/142/2024,224
A/Blida/42154/2022,A/Turkmenistan/784/2025,80
A/Blida/42154/2022,A/Turkmenistan/801/2025,80
A/Blida/42154/2022,A/Ukraine/2777/2024,320
A/Blida/42154/2022,A/Ukraine/354/2021,137
A/Blida/42154/2022,A/Ukraine/774/2022,160
A/Blida/42154/2022,A/Uppsala/SE24-04691/2024,320
A/Blida/42154/2022,A/Vasteras/SE23-14213/2023,480
A/Bolu/3994/2016,A/Bucuresti/193605/2016,80
A/Bolu/3994/2016,A/Georgia/532/2015,80
A/Bolu/3994/2016,A/Madrid/SO13031/2014,<40
A/Bolu/3994/2016,A/Minsk/1737/2012,40
A/Bolu/3994/2016,A/Netherlands/398/2014,240
A/Bolu/3994/2016,A/Samara/73/2013,<40
A/Bolu/3994/2016,A/Switzerland/9715293/2013,60
A/Bolzano/24/2022,A/Cambodia/925256/2020,40
A/Bolzano/24/2022,A/Cambodia/e0826360/2020,160
A/Bolzano/24/2022,A/Darwin/9/2021,320
A/Bolzano/24/2022,A/England/195200780/2019,80
A/Bolzano/24/2022,A/England/214040936/2021,320
A/Bolzano/24/2022,A/Israel/R-742/2016,80
A/Bolzano/24/2022,A/Stockholm/5/2021,320
A/Bolzano/40/2022,A/Brandenburg/2/2022,80
A/Bolzano/40/2022,A/Cambodia/925256/2020,40
A/Bolzano/40/2022,A/Cambodia/e0826360/2020,40
A/Bolzano/40/2022,A/Darwin/9/2021,320
A/Bolzano/40/2022,A/England/214040936/2021,100
A/Bolzano/40/2022,A/Lille/50053/2022,640
A/Bolzano/40/2022,A/Stockholm/5/2021,160
A/Bolzano/40/2022,A/Ukraine/354/2021,160
A/Bolzano/7/2016,A/Georgia/532/2015,80
A/Bolzano/7/2016,A/Madrid/SO13031/2014,<40
A/Bolzano/7/2016,A/Minsk/1737/2012,80
A/Bolzano/7/2016,A/Netherlands/398/2014,120
A/Bolzano/7/2016,A/Samara/73/2013,40
A/Bolzano/7/2016,A/Switzerland/9715293/2013,80
A/Boras/SE23-16165/2023,A/Brandenburg/2/2022,80
A/Boras/SE23-16165/2023,A/Darwin/9/2021,320
A/Boras/SE23-16165/2023,A/England/189/2023,*
A/Boras/SE23-16165/2023,A/Kyrgyzstan/124/2023,*
A/Boras/SE23-16165/2023,A/Poland/PL65/2022,80
A/Boras/SE23-16165/2023,A/Stockholm/5/2021,160
A/Boras/SE23-16165/2023,A/Switzerland/28719/2022,320
A/BosniaAndHerzegovina/167/2023,A/Brandenburg/2/2022,240
A/BosniaAndHerzegovina/167/2023,A/Darwin/9/2021,240
A/BosniaAndHerzegovina/167/2023,A/England/214040936/2021,100
A/BosniaAndHerzegovina/167/2023,A/Lille/50053/2022,480
A/BosniaAndHerzegovina/167/2023,A/Stockholm/5/2021,320
A/BosniaAndHerzegovina/483/2024,A/BurkinaFaso/3442/2023,320
A/BosniaAndHerzegovina/483/2024,A/England/189/2023,320
A/BosniaAndHerzegovina/483/2024,A/Lisboa/216/2023,320
A/BosniaAndHerzegovina/483/2024,A/Netherlands/10563/2023,320
A/BosniaAndHerzegovina/483/2024,A/Norway/12374/2023,160
A/BosniaAndHerzegovina/483/2024,A/Oklahoma/05/2024,160
A/Boumerdes/44092/2022,A/Brandenburg/2/2022,80
A/Boumerdes/44092/2022,A/Cambodia/925256/2020,<40
A/Boumerdes/44092/2022,A/Cambodia/e0826360/2020,40
A/Boumerdes/44092/2022,A/Darwin/9/2021,160
A/Boumerdes/44092/2022,A/England/214040936/2021,240
A/Boumerdes/44092/2022,A/Lille/50053/2022,80
A/Boumerdes/44092/2022,A/Stockholm/5/2021,80
A/Boumerdes/44092/2022,A/Ukraine/354/2021,80
A/Brandenburg/2/2022,A/Brandenburg/3/2023,40
A/Brandenburg/2/2022,A/Bremen/28/2022,640
A/Brandenburg/2/2022,A/Bretagne/02975/2023,80
A/Brandenburg/2/2022,A/Bulgaria/664/2023,160
A/Brandenburg/2/2022,A/Burgos/246/2022,320
A/Brandenburg/2/2022,A/Burgos/260/2022,160
A/Brandenburg/2/2022,A/Burgos/262/2022,320
A/Brandenburg/2/2022,A/Burgos/4014/2023,80
A/Brandenburg/2/2022,A/Burgos/4245/2023,160
A/Brandenburg/2/2022,A/Burgos/5/2023,40
A/Brandenburg/2/2022,A/Burgos/64/2023,80
A/Brandenburg/2/2022,A/BurkinaFaso/182/2023,<40
A/Brandenburg/2/2022,A/BurkinaFaso/211/2023,<40
A/Brandenburg/2/2022,A/BurkinaFaso/232/2023,<40
A/Brandenburg/2/2022,A/BurkinaFaso/244/2023,40
A/Brandenburg/2/2022,A/BurkinaFaso/3442/2023,40
A/Brandenburg/2/2022,A/California/122/2022,160
A/Brandenburg/2/2022,A/Cambodia/925256/2020,52
A/Brandenburg/2/2022,A/Cambodia/e0826360/2020,156
A/Brandenburg/2/2022,A/Cameroon/2919/2023,80
A/Brandenburg/2/2022,A/Cameroon/2925/2023,80
A/Brandenburg/2/2022,A/Cameroon/541/2023,40
A/Brandenburg/2/2022,A/Cameroon/8474/2023,80
A/Brandenburg/2/2022,A/Cameroon/9092/2023,80
A/Brandenburg/2/2022,A/Cameroon/9645/2022,80
A/Brandenburg/2/2022,A/Cameroon/9812/2023,72
A/Brandenburg/2/2022,A/CastillaLaMancha/2303/2023,80
A/Brandenburg/2/2022,A/Catalonia/2262797NS/2022,120
A/Brandenburg/2/2022,A/Catalonia/3512677NS/2022,160
A/Brandenburg/2/2022,A/Catalonia/NSVH102155361/2023,80
A/Brandenburg/2/2022,A/Catalonia/NSVH102158148/2023,160
A/Brandenburg/2/2022,A/Catalonia/NSVH198242704/2022,160
A/Brandenburg/2/2022,A/Centre/03353/2023,80
A/Brandenburg/2/2022,A/Champagne_Ardenne/02109/2023,320
A/Brandenburg/2/2022,A/Champagne_Ardenne/05242/2023,320
A/Brandenburg/2/2022,A/Croatia/111538/2022,60
A/Brandenburg/2/2022,A/Croatia/14020/2023,120
A/Brandenburg/2/2022,A/Croatia/14051/2023,80
A/Brandenburg/2/2022,A/Dakar/27/2022,160
A/Brandenburg/2/2022,A/Dakar/62/2021,150
A/Brandenburg/2/2022,A/Darwin/9/2021,328
A/Brandenburg/2/2022,A/Dijon/04835/2023,320
A/Brandenburg/2/2022,A/DistrictOfColumbia/27/2023,80
A/Brandenburg/2/2022,A/Egypt/2319996/2022,320
A/Brandenburg/2/2022,A/England/189/2023,142
A/Brandenburg/2/2022,A/England/195200780/2019,113
A/Brandenburg/2/2022,A/England/214040936/2021,250
A/Brandenburg/2/2022,A/England/40/2023,80
A/Brandenburg/2/2022,A/England/42/2023,120
A/Brandenburg/2/2022,A/Estonia/172437/2022,80
A/Brandenburg/2/2022,A/Estonia/KL283/2023,320
A/Brandenburg/2/2022,A/Extremadura/240460/2023,80
A/Brandenburg/2/2022,A/FVG-Udine/99/2023,80
A/Brandenburg/2/2022,A/Fort-De-France/53820/2022,160
A/Brandenburg/2/2022,A/France/28187/2023,160
A/Brandenburg/2/2022,A/France/33503/2023,80
A/Brandenburg/2/2022,A/France/GES-IPP14626/2024,40
A/Brandenburg/2/2022,A/France/GES-IPP26703/2023,80
A/Brandenburg/2/2022,A/Galicia/3991/2022,240
A/Brandenburg/2/2022,A/Gavle/SE23-16072/2023,160
A/Brandenburg/2/2022,A/Georgia/GEO42/2024,160
A/Brandenburg/2/2022,A/Georgia/K18-57/2022,40
A/Brandenburg/2/2022,A/Georgia/K20-14/2022,40
A/Brandenburg/2/2022,A/Georgia/T2/2022,73
A/Brandenburg/2/2022,A/Georgia/T26-26/2022,80
A/Brandenburg/2/2022,A/Georgia/T27-25/2022,120
A/Brandenburg/2/2022,A/Ghana/1724/2022,100
A/Brandenburg/2/2022,A/Ghana/3122/2022,160
A/Brandenburg/2/2022,A/Ghana/3353/2022,160
A/Brandenburg/2/2022,A/Ghana/390/2022,320
A/Brandenburg/2/2022,A/Ghana/7400/2023,80
A/Brandenburg/2/2022,A/Ghana/7529/2023,80
A/Brandenburg/2/2022,A/Ghana/7625/2023,160
A/Brandenburg/2/2022,A/Greece/15/2023,80
A/Brandenburg/2/2022,A/Greece/370/2022,160
A/Brandenburg/2/2022,A/Hessen/45/2022,220
A/Brandenburg/2/2022,A/HongKong/1539/2023,80
A/Brandenburg/2/2022,A/HongKong/1543/2023,80
A/Brandenburg/2/2022,A/HongKong/1544/2023,80
A/Brandenburg/2/2022,A/HongKong/3048/2023,160
A/Brandenburg/2/2022,A/HongKong/3055/2023,160
A/Brandenburg/2/2022,A/HongKong/3081/2023,80
A/Brandenburg/2/2022,A/Hungary/141/2023,160
A/Brandenburg/2/2022,A/Hungary/148/2023,120
A/Brandenburg/2/2022,A/Hungary/169/2023,320
A/Brandenburg/2/2022,A/Hungary/174/2023,160
A/Brandenburg/2/2022,A/Hungary/199/2023,186
A/Brandenburg/2/2022,A/Hungary/206/2023,160
A/Brandenburg/2/2022,A/Hungary/68/2022,80
A/Brandenburg/2/2022,A/Hungary/73/2022,160
A/Brandenburg/2/2022,A/Hungary/75/2022,80
A/Brandenburg/2/2022,A/Hungary/87/2022,160
A/Brandenburg/2/2022,A/Ibra/72211258/2022,80
A/Brandenburg/2/2022,A/Ibra/72211780/2022,80
A/Brandenburg/2/2022,A/Ibra/72211857/2022,160
A/Brandenburg/2/2022,A/Ibra/72211987/2022,320
A/Brandenburg/2/2022,A/Iceland/34327/2023,173
A/Brandenburg/2/2022,A/Iceland/7184/2024,80
A/Brandenburg/2/2022,A/Iran/23E11/2023,40
A/Brandenburg/2/2022,A/Ireland/00100281/2023,80
A/Brandenburg/2/2022,A/Ireland/00100379/2023,80
A/Brandenburg/2/2022,A/Ireland/00102017/2023,160
A/Brandenburg/2/2022,A/Ireland/00105655/2023,160
A/Brandenburg/2/2022,A/Ireland/65707/2022,160
A/Brandenburg/2/2022,A/Ireland/69896/2022,40
A/Brandenburg/2/2022,A/Ireland/74535/2022,160
A/Brandenburg/2/2022,A/Ireland/80523/2022,320
A/Brandenburg/2/2022,A/Ireland/8169/2023,320
A/Brandenburg/2/2022,A/Ireland/8661/2023,320
A/Brandenburg/2/2022,A/Ireland/9045/2023,160
A/Brandenburg/2/2022,A/Ireland/9468/2023,320
A/Brandenburg/2/2022,A/Ireland/9830/2023,160
A/Brandenburg/2/2022,A/Israel/B1398/2022,133
A/Brandenburg/2/2022,A/Israel/B1644/2022,160
A/Brandenburg/2/2022,A/Israel/B1719/2022,480
A/Brandenburg/2/2022,A/Israel/R-742/2016,92
A/Brandenburg/2/2022,A/Israel/R11447/2022,160
A/Brandenburg/2/2022,A/Israel/R1564/2024,160
A/Brandenburg/2/2022,A/Israel/R1571/2024,160
A/Brandenburg/2/2022,A/Israel/R1598/2024,160
A/Brandenburg/2/2022,A/Israel/R1805/2024,80
A/Brandenburg/2/2022,A/Israel/R1836/2024,80
A/Brandenburg/2/2022,A/Israel/R1880/2024,40
A/Brandenburg/2/2022,A/Israel/R1994/2024,160
A/Brandenburg/2/2022,A/Israel/R2058/2024,160
A/Brandenburg/2/2022,A/Israel/R2212/2024,80
A/Brandenburg/2/2022,A/Israel/R2231/2024,320
A/Brandenburg/2/2022,A/Israel/R2239/2024,160
A/Brandenburg/2/2022,A/Israel/R2254/2024,160
A/Brandenburg/2/2022,A/Kazakhstan/275/2023,80
A/Brandenburg/2/2022,A/Kazakhstan/277/2023,80
A/Brandenburg/2/2022,A/Kazakhstan/336/2023,80
A/Brandenburg/2/2022,A/Kosice/130/2023,40
A/Brandenburg/2/2022,A/Kosice/158/2023,160
A/Brandenburg/2/2022,A/Kosova/114/2021,80
A/Brandenburg/2/2022,A/Kyiv/1/2022,220
A/Brandenburg/2/2022,A/Kyrgyzstan/117/2023,80
A/Brandenburg/2/2022,A/Kyrgyzstan/124/2023,133
A/Brandenburg/2/2022,A/Kyrgyzstan/14/2023,66
A/Brandenburg/2/2022,A/Kyrgyzstan/16/2023,120
A/Brandenburg/2/2022,A/Kyrgyzstan/20/2023,160
A/Brandenburg/2/2022,A/Kyrgyzstan/23/2023,160
A/Brandenburg/2/2022,A/Kyrgyzstan/39/2023,40
A/Brandenburg/2/2022,A/Kyrgyzstan/58/2023,133
A/Brandenburg/2/2022,A/Kyrgyzstan/99/2023,80
A/Brandenburg/2/2022,A/Latvia/01-091445/2023,160
A/Brandenburg/2/2022,A/Lille/50053/2022,231
A/Brandenburg/2/2022,A/Linkoping/SE23-14481/2023,160
A/Brandenburg/2/2022,A/Lisboa/216/2023,120
A/Brandenburg/2/2022,A/Lisboa/554/2022,320
A/Brandenburg/2/2022,A/Lisboa/561/2022,320
A/Brandenburg/2/2022,A/Lisboa/584/2022,320
A/Brandenburg/2/2022,A/Lisboa/595/2022,320
A/Brandenburg/2/2022,A/Lisboa/597/2022,320
A/Brandenburg/2/2022,A/Lisboa/706/2022,240
A/Brandenburg/2/2022,A/Lisboa/731/2022,160
A/Brandenburg/2/2022,A/Lisboa/751/2022,80
A/Brandenburg/2/2022,A/Lithuania/47481/2022,80
A/Brandenburg/2/2022,A/Lithuania/48379/2022,160
A/Brandenburg/2/2022,A/Lithuania/48708/2022,80
A/Brandenburg/2/2022,A/Luxembourg/4634126/2023,160
A/Brandenburg/2/2022,A/Luxembourg/510839/2023,160
A/Brandenburg/2/2022,A/Macedonia/133/2023,320
A/Brandenburg/2/2022,A/Madrid/3803/2022,40
A/Brandenburg/2/2022,A/Manandona/03215/2023,120
A/Brandenburg/2/2022,A/Mauritius/P50061/2023,80
A/Brandenburg/2/2022,A/Mauritius/P53142/2023,80
A/Brandenburg/2/2022,A/Mauritius/P61639/2022,160
A/Brandenburg/2/2022,A/Mecklenburg-Vorpommern/88/2022,182
A/Brandenburg/2/2022,A/Milano/257/2022,160
A/Brandenburg/2/2022,A/Milano/331/2022,160
A/Brandenburg/2/2022,A/Milano/397/2022,80
A/Brandenburg/2/2022,A/Moldova/2025278/2023,80
A/Brandenburg/2/2022,A/Montenegro/101668/2023,160
A/Brandenburg/2/2022,A/Montenegro/222910/2023,160
A/Brandenburg/2/2022,A/Montenegro/242559/2023,80
A/Brandenburg/2/2022,A/Montenegro/519452/2022,80
A/Brandenburg/2/2022,A/Morocco/1291/2024,40
A/Brandenburg/2/2022,A/Morocco/1846/2024,80
A/Brandenburg/2/2022,A/MountLebanon/65/2023,320
A/Brandenburg/2/2022,A/Muscat/7234671/2023,160
A/Brandenburg/2/2022,A/Navarra/4220/2022,<40
A/Brandenburg/2/2022,A/Navarra/4320/2022,320
A/Brandenburg/2/2022,A/Navarra/4439/2022,320
A/Brandenburg/2/2022,A/Navarra/4440/2022,320
A/Brandenburg/2/2022,A/Navarra/4550/2022,320
A/Brandenburg/2/2022,A/Netherlands/01476/2022,120
A/Brandenburg/2/2022,A/Netherlands/01643/2023,80
A/Brandenburg/2/2022,A/Netherlands/01685/2023,80
A/Brandenburg/2/2022,A/Netherlands/01729/2023,80
A/Brandenburg/2/2022,A/Netherlands/01732/2023,80
A/Brandenburg/2/2022,A/Netherlands/01733/2023,120
A/Brandenburg/2/2022,A/Netherlands/01867/2022,80
A/Brandenburg/2/2022,A/Netherlands/10142/2023,320
A/Brandenburg/2/2022,A/Netherlands/10194/2021,80
A/Brandenburg/2/2022,A/Netherlands/10205/2021,320
A/Brandenburg/2/2022,A/Netherlands/10210/2021,80
A/Brandenburg/2/2022,A/Netherlands/10228/2023,160
A/Brandenburg/2/2022,A/Netherlands/10536/2023,160
A/Brandenburg/2/2022,A/Netherlands/10541/2023,80
A/Brandenburg/2/2022,A/Netherlands/10551/2023,160
A/Brandenburg/2/2022,A/Netherlands/10556/2023,80
A/Brandenburg/2/2022,A/Netherlands/10561/2023,320
A/Brandenburg/2/2022,A/Netherlands/10563/2023,172
A/Brandenburg/2/2022,A/Netherlands/11812/2022,640
A/Brandenburg/2/2022,A/Netherlands/11816/2022,320
A/Brandenburg/2/2022,A/Netherlands/11832/2022,266
A/Brandenburg/2/2022,A/Netherlands/11833/2022,80
A/Brandenburg/2/2022,A/Netherlands/11968/2022,80
A/Brandenburg/2/2022,A/Nordrhein-Westfalen/16/2023,160
A/Brandenburg/2/2022,A/Nordrhein-Westfalen/36/2022,120
A/Brandenburg/2/2022,A/Nordrhein-Westfalen/37/2022,160
A/Brandenburg/2/2022,A/Nordrhein-Westfalen/40/2022,320
A/Brandenburg/2/2022,A/Norway/11294/2023,80
A/Brandenburg/2/2022,A/Norway/11360/2023,80
A/Brandenburg/2/2022,A/Norway/2003/2023,320
A/Brandenburg/2/2022,A/Norway/28394/2022,80
A/Brandenburg/2/2022,A/Norway/28542/2022,112
A/Brandenburg/2/2022,A/Norway/3170/2023,320
A/Brandenburg/2/2022,A/Norway/319/2024,80
A/Brandenburg/2/2022,A/Norway/32026/2022,80
A/Brandenburg/2/2022,A/Norway/32641/2022,326
A/Brandenburg/2/2022,A/Norway/33371/2022,40
A/Brandenburg/2/2022,A/Norway/33404/2022,80
A/Brandenburg/2/2022,A/Norway/33475/2022,80
A/Brandenburg/2/2022,A/Norway/3384/2023,320
A/Brandenburg/2/2022,A/Norway/3821/2023,80
A/Brandenburg/2/2022,A/Oklahoma/05/2024,73
A/Brandenburg/2/2022,A/Ostersund/SE23-14558/2023,160
A/Brandenburg/2/2022,A/Palencia/118/2022,320
A/Brandenburg/2/2022,A/Palencia/30/2022,40
A/Brandenburg/2/2022,A/Palermo/2/2022,160
A/Brandenburg/2/2022,A/Parma/83/2022,160
A/Brandenburg/2/2022,A/Parma/84/2022,160
A/Brandenburg/2/2022,A/Parma/88/2022,160
A/Brandenburg/2/2022,A/Perm/RII-04/2024,80
A/Brandenburg/2/2022,A/Poland/205/2023,80
A/Brandenburg/2/2022,A/Poland/98/2022,80
A/Brandenburg/2/2022,A/Poland/PL65/2022,91
A/Brandenburg/2/2022,A/Poland/PL78/2022,160
A/Brandenburg/2/2022,A/Poland/PL83/2022,320
A/Brandenburg/2/2022,A/Poland/PL93/2022,640
A/Brandenburg/2/2022,A/Qatar/10-VI-22-2015495/2022,160
A/Brandenburg/2/2022,A/Qatar/10-VI-22-2015935/2022,80
A/Brandenburg/2/2022,A/Qatar/10-VI-23-0095120/2023,160
A/Brandenburg/2/2022,A/Qatar/10-VI-23-0095583/2023,106
A/Brandenburg/2/2022,A/Qatar/10-VI-23-0098543/2023,160
A/Brandenburg/2/2022,A/Qatar/10-VI-23-0101936/2023,320
A/Brandenburg/2/2022,A/Qatar/10-VI-23-0102647/2023,100
A/Brandenburg/2/2022,A/Qatar/10-VI-23-0103751/2023,80
A/Brandenburg/2/2022,A/Qatar/10-VI-23-0106239/2023,40
A/Brandenburg/2/2022,A/Qatar/10-VI-23-0107179/2023,80
A/Brandenburg/2/2022,A/Qatar/16-VI-22-1972944/2022,80
A/Brandenburg/2/2022,A/Qatar/16-VI-23-0105945/2023,160
A/Brandenburg/2/2022,A/Qatar/23-VI-23-0106322/2023,80
A/Brandenburg/2/2022,A/Qatar/25-VI-23-0107245/2023,80
A/Brandenburg/2/2022,A/Rheinland-Pfalz/11/2023,160
A/Brandenburg/2/2022,A/Rheinland-Pfalz/18/2022,226
A/Brandenburg/2/2022,A/Roma/1/2023,160
A/Brandenburg/2/2022,A/Romania/493219/2021,120
A/Brandenburg/2/2022,A/Romania/544187/2022,160
A/Brandenburg/2/2022,A/Romania/563027/2023,160
A/Brandenburg/2/2022,A/Romania/563219/2023,80
A/Brandenburg/2/2022,A/Romania/563383/2023,60
A/Brandenburg/2/2022,A/Salamanca/35/2022,40
A/Brandenburg/2/2022,A/Salamanca/36/2022,320
A/Brandenburg/2/2022,A/Sassari/5/2023,160
A/Brandenburg/2/2022,A/SaudiArabia/1404/2022,160
A/Brandenburg/2/2022,A/SaudiArabia/556/2022,320
A/Brandenburg/2/2022,A/Schleswig-Holstein/14/2022,160
A/Brandenburg/2/2022,A/Segovia/233/2022,80
A/Brandenburg/2/2022,A/Serbia/248/2024,120
A/Brandenburg/2/2022,A/Serbia/668/2023,160
A/Brandenburg/2/2022,A/Serbia/7028/2022,320
A/Brandenburg/2/2022,A/Serbia/7976/2023,160
A/Brandenburg/2/2022,A/Serbia/8127/2023,160
A/Brandenburg/2/2022,A/Serbia/8265/2023,144
A/Brandenburg/2/2022,A/Shanghai-Fengxian/1912/2023,120
A/Brandenburg/2/2022,A/Slovenia/10543/2022,80
A/Brandenburg/2/2022,A/Slovenia/10919/2022,160
A/Brandenburg/2/2022,A/Slovenia/11321/2022,80
A/Brandenburg/2/2022,A/Slovenia/11329/2022,80
A/Brandenburg/2/2022,A/Slovenia/11413/2022,80
A/Brandenburg/2/2022,A/Slovenia/11422/2022,40
A/Brandenburg/2/2022,A/Slovenia/11445/2022,124
A/Brandenburg/2/2022,A/Slovenia/11512/2022,112
A/Brandenburg/2/2022,A/Slovenia/11514/2022,160
A/Brandenburg/2/2022,A/Slovenia/11517/2022,160
A/Brandenburg/2/2022,A/Slovenia/11665/2022,320
A/Brandenburg/2/2022,A/Slovenia/370/2024,120
A/Brandenburg/2/2022,A/Slovenia/453/2024,160
A/Brandenburg/2/2022,A/Slovenia/588/2024,80
A/Brandenburg/2/2022,A/Slovenia/648/2024,97
A/Brandenburg/2/2022,A/Slovenia/657/2023,160
A/Brandenburg/2/2022,A/Slovenia/8/2024,160
A/Brandenburg/2/2022,A/Slovenia/9216/2022,*
A/Brandenburg/2/2022,A/Slovenia/9318/2022,*
A/Brandenburg/2/2022,A/Sohar/52328337/2023,80
A/Brandenburg/2/2022,A/SouthSudan/996/2023,80
A/Brandenburg/2/2022,A/Spain/575/2023,80
A/Brandenburg/2/2022,A/Spain/968/2023,80
A/Brandenburg/2/2022,A/Stockholm/5/2021,306
A/Brandenburg/2/2022,A/Sweden/3098/2023,160
A/Brandenburg/2/2022,A/Switzerland/11159/2023,160
A/Brandenburg/2/2022,A/Switzerland/12082/2022,120
A/Brandenburg/2/2022,A/Switzerland/18284/2022,286
A/Brandenburg/2/2022,A/Switzerland/20498/2023,320
A/Brandenburg/2/2022,A/Switzerland/28719/2022,426
A/Brandenburg/2/2022,A/Switzerland/32862/2023,320
A/Brandenburg/2/2022,A/Switzerland/68971/2022,160
A/Brandenburg/2/2022,A/Switzerland/71762/2023,128
A/Brandenburg/2/2022,A/Switzerland/82850/2023,160
A/Brandenburg/2/2022,A/Switzerland/86247/2022,106
A/Brandenburg/2/2022,A/Switzerland/8649/2023,186
A/Brandenburg/2/2022,A/Toamasina/03143/2023,160
A/Brandenburg/2/2022,A/Toamasina/03219/2023,80
A/Brandenburg/2/2022,A/Togo/1057/2023,80
A/Brandenburg/2/2022,A/Toliary/03152/2023,80
A/Brandenburg/2/2022,A/Tunisia/20957/2022,80
A/Brandenburg/2/2022,A/Tunisia/22684/2022,320
A/Brandenburg/2/2022,A/Tunisia/22985/2022,160
A/Brandenburg/2/2022,A/Tunisia/23669/2022,80
A/Brandenburg/2/2022,A/Ukraine/354/2021,135
A/Brandenburg/2/2022,A/Ukraine/774/2022,113
A/Brandenburg/2/2022,A/Ukraine/779/2022,66
A/Brandenburg/2/2022,A/Valladolid/12/2022,40
A/Brandenburg/2/2022,A/Valladolid/14/2023,160
A/Brandenburg/2/2022,A/Valladolid/16/2022,160
A/Brandenburg/2/2022,A/Valladolid/20/2022,160
A/Brandenburg/2/2022,A/Valladolid/50/2022,80
A/Brandenburg/2/2022,A/Vasteras/SE23-14213/2023,160
A/Brandenburg/2/2022,A/Zamora/57/2022,40
A/Brandenburg/3/2012,A/Finland/40/2010,320
A/Brandenburg/3/2012,A/Hawaii/22/2012,320
A/Brandenburg/3/2012,A/Iowa/19/2010,160
A/Brandenburg/3/2012,A/Johannesburg/126/2009,80
A/Brandenburg/3/2012,A/Minsk/1737/2012,1280
A/Brandenburg/3/2012,A/Perth/16/2009,40
A/Brandenburg/3/2012,A/Victoria/361/2011,160
A/Brandenburg/3/2023,A/Darwin/9/2021,80
A/Brandenburg/3/2023,A/Poland/PL65/2022,40
A/Brandenburg/3/2023,A/Stockholm/5/2021,40
A/Brandenburg/3/2023,A/Switzerland/28719/2022,160
A/Brandenburg/40/2017,A/Georgia/532/2015,<40
A/Brandenburg/40/2017,A/Minsk/1737/2012,40
A/Brandenburg/40/2017,A/Netherlands/398/2014,100
A/Brandenburg/40/2017,A/Palermo/6/2016,160
A/Brandenburg/40/2017,A/Sachsen/74/2016,160
A/Brandenburg/40/2017,A/Samara/73/2013,<40
A/Brandenburg/40/2017,A/Switzerland/9715293/2013,40
A/Brandenburg/9/2020,A/Fes/67/2016,80
A/Brandenburg/9/2020,A/Israel/R-742/2016,440
A/Brandenburg/9/2020,A/Norway/3275/2018,<40
A/Bratislava/144/2009,A/Brisbane/10/2007,960
A/Bratislava/144/2009,A/Uruguay/716/2007,2560
A/Bratislava/144/2009,A/Wisconsin/67/2005,960
A/Bratislava/184/2016,A/Georgia/532/2015,320
A/Bratislava/184/2016,A/Madrid/SO13031/2014,40
A/Bratislava/184/2016,A/Minsk/1737/2012,80
A/Bratislava/184/2016,A/Netherlands/398/2014,120
A/Bratislava/184/2016,A/Samara/73/2013,40
A/Bratislava/184/2016,A/Switzerland/9715293/2013,40
A/Bratislava/319/2020,A/Fes/67/2016,80
A/Bratislava/319/2020,A/Israel/R-742/2016,440
A/Bratislava/319/2020,A/Norway/3275/2018,<40
A/Bratislava/322/2017,A/Georgia/532/2015,320
A/Bratislava/322/2017,A/Minsk/1737/2012,80
A/Bratislava/322/2017,A/Netherlands/398/2014,160
A/Bratislava/322/2017,A/Palermo/6/2016,160
A/Bratislava/322/2017,A/Sachsen/74/2016,320
A/Bratislava/322/2017,A/Samara/73/2013,80
A/Bratislava/322/2017,A/Switzerland/9715293/2013,60
A/Bratislava/446/2019,A/Bretagne/1413/2017,<40
A/Bratislava/446/2019,A/Fes/67/2016,40
A/Bratislava/446/2019,A/Israel/R-742/2016,60
A/Bratislava/446/2019,A/Norway/3275/2018,80
A/Bratislava/446/2019,A/Switzerland/8060/2017,40
A/Bratislava/811/2013,A/Finland/40/2010,480
A/Bratislava/811/2013,A/Hawaii/22/2012,640
A/Bratislava/811/2013,A/Iowa/19/2010,240
A/Bratislava/811/2013,A/Johannesburg/126/2009,240
A/Bratislava/811/2013,A/Minsk/1737/2012,1360
A/Bratislava/811/2013,A/Perth/16/2009,80
A/Bratislava/811/2013,A/Samara/73/2013,320
A/Bratislava/811/2013,A/Victoria/361/2011,450
A/Bratislava/887/2013,A/Finland/40/2010,320
A/Bratislava/887/2013,A/Hawaii/22/2012,640
A/Bratislava/887/2013,A/Iowa/19/2010,160
A/Bratislava/887/2013,A/Johannesburg/126/2009,160
A/Bratislava/887/2013,A/Minsk/1737/2012,720
A/Bratislava/887/2013,A/Perth/16/2009,80
A/Bratislava/887/2013,A/Samara/73/2013,160
A/Bratislava/887/2013,A/Victoria/361/2011,410
A/Bremen/1/2010,A/Brisbane/10/2007,61
A/Bremen/1/2010,A/England/232/2009,280
A/Bremen/1/2010,A/Guadeloupe/202/2010,426
A/Bremen/1/2010,A/Iowa/19/2010,426
A/Bremen/1/2010,A/Johannesburg/126/2009,209
A/Bremen/1/2010,A/Perth/10/2010,830
A/Bremen/1/2010,A/Perth/16/2009,254
A/Bremen/1/2010,A/Victoria/210/2009,195
A/Bremen/1/2010,A/Wisconsin/67/2005,40
A/Bremen/12/2019,A/Bretagne/1413/2017,60
A/Bremen/12/2019,A/Fes/67/2016,100
A/Bremen/12/2019,A/Israel/R-742/2016,340
A/Bremen/12/2019,A/Netherlands/398/2014,160
A/Bremen/12/2019,A/Norway/3275/2018,80
A/Bremen/12/2019,A/Switzerland/8060/2017,60
A/Bremen/27/2017,A/Georgia/532/2015,<40
A/Bremen/27/2017,A/Minsk/1737/2012,40
A/Bremen/27/2017,A/Netherlands/398/2014,120
A/Bremen/27/2017,A/Palermo/6/2016,40
A/Bremen/27/2017,A/Sachsen/74/2016,160
A/Bremen/27/2017,A/Samara/73/2013,<40
A/Bremen/27/2017,A/Switzerland/9715293/2013,40
A/Bremen/28/2022,A/Cambodia/925256/2020,160
A/Bremen/28/2022,A/Cambodia/e0826360/2020,320
A/Bremen/28/2022,A/Darwin/9/2021,1280
A/Bremen/28/2022,A/England/214040936/2021,960
A/Bremen/28/2022,A/Ghana/1724/2022,160
A/Bremen/28/2022,A/Kyiv/1/2022,1280
A/Bremen/28/2022,A/Norway/28542/2022,320
A/Bremen/28/2022,A/Stockholm/5/2021,640
A/Bremen/28/2022,A/Ukraine/354/2021,320
A/Bremen/4/2022,A/Cambodia/925256/2020,40
A/Bremen/4/2022,A/Cambodia/e0826360/2020,40
A/Bremen/4/2022,A/Darwin/9/2021,480
A/Bremen/4/2022,A/England/195200780/2019,60
A/Bremen/4/2022,A/England/214040936/2021,240
A/Bremen/4/2022,A/Israel/R-742/2016,<40
A/Bremen/4/2022,A/Stockholm/5/2021,240
A/Brest/1998/2019,A/Bretagne/1413/2017,<40
A/Brest/1998/2019,A/Fes/67/2016,<40
A/Brest/1998/2019,A/Israel/R-742/2016,220
A/Brest/1998/2019,A/Norway/3275/2018,<40
A/Brest/1998/2019,A/Switzerland/8060/2017,<40
A/Brest/2001/2019,A/Bretagne/1413/2017,40
A/Brest/2001/2019,A/Fes/67/2016,80
A/Brest/2001/2019,A/Israel/R-742/2016,240
A/Brest/2001/2019,A/Norway/3275/2018,<40
A/Brest/2001/2019,A/Switzerland/8060/2017,80
A/Brest/2002/2019,A/Bretagne/1413/2017,60
A/Brest/2002/2019,A/Fes/67/2016,66
A/Brest/2002/2019,A/Israel/R-742/2016,253
A/Brest/2002/2019,A/Norway/3275/2018,<40
A/Brest/2002/2019,A/Switzerland/8060/2017,66
A/Bretagne/014/2014,A/Finland/40/2010,320
A/Bretagne/014/2014,A/Iowa/19/2010,160
A/Bretagne/014/2014,A/Minsk/1737/2012,160
A/Bretagne/014/2014,A/Paris/1988/2012,200
A/Bretagne/014/2014,A/Perth/16/2009,80
A/Bretagne/014/2014,A/Samara/73/2013,480
A/Bretagne/014/2014,A/Victoria/361/2011,280
A/Bretagne/02975/2023,A/Darwin/9/2021,320
A/Bretagne/02975/2023,A/England/214040936/2021,120
A/Bretagne/02975/2023,A/Lille/50053/2022,640
A/Bretagne/02975/2023,A/Stockholm/5/2021,160
A/Bretagne/04092/2024,A/BurkinaFaso/3442/2023,200
A/Bretagne/04092/2024,A/England/189/2023,1280
A/Bretagne/04092/2024,A/Lisboa/216/2023,320
A/Bretagne/04092/2024,A/Netherlands/10563/2023,320
A/Bretagne/04092/2024,A/Norway/12374/2023,80
A/Bretagne/04092/2024,A/Oklahoma/05/2024,160
A/Bretagne/04824/2024,A/BurkinaFaso/3442/2023,200
A/Bretagne/04824/2024,A/England/189/2023,640
A/Bretagne/04824/2024,A/Lisboa/216/2023,640
A/Bretagne/04824/2024,A/Netherlands/10563/2023,640
A/Bretagne/04824/2024,A/Norway/12374/2023,320
A/Bretagne/04824/2024,A/Oklahoma/05/2024,320
A/Bretagne/05154/2024,A/BurkinaFaso/3442/2023,200
A/Bretagne/05154/2024,A/England/189/2023,640
A/Bretagne/05154/2024,A/Lisboa/216/2023,640
A/Bretagne/05154/2024,A/Netherlands/10563/2023,640
A/Bretagne/05154/2024,A/Norway/12374/2023,160
A/Bretagne/05154/2024,A/Oklahoma/05/2024,320
A/Bretagne/1323/2020,A/Fes/67/2016,160
A/Bretagne/1323/2020,A/Israel/R-742/2016,40
A/Bretagne/1323/2020,A/Norway/3275/2018,80
A/Bretagne/1413/2017,A/Brisbane/01/2018,1280
A/Bretagne/1413/2017,A/Brisbane/321/2016,3200
A/Bretagne/1413/2017,A/Bulgaria/1009/2020,53
A/Bretagne/1413/2017,A/Bulgaria/1134/2019,<40
A/Bretagne/1413/2017,A/Bulgaria/902/2019,320
A/Bretagne/1413/2017,A/Bulgaria/949/2019,40
A/Bretagne/1413/2017,A/Cameroon/9264/2018,93
A/Bretagne/1413/2017,A/Cameroon/9680/2018,58
A/Bretagne/1413/2017,A/Cannes/1846/2019,80
A/Bretagne/1413/2017,A/Centre/013/2019,<40
A/Bretagne/1413/2017,A/Centre/1846/2019,60
A/Bretagne/1413/2017,A/Centre/2559/2019,40
A/Bretagne/1413/2017,A/Christchurch/515/2019,80
A/Bretagne/1413/2017,A/Christchurch/516/2019,320
A/Bretagne/1413/2017,A/Constanta/239165/2018,<40
A/Bretagne/1413/2017,A/Croatia/3608/2017,640
A/Bretagne/1413/2017,A/Dakar/10/2018,80
A/Bretagne/1413/2017,A/Dakar/11/2019,40
A/Bretagne/1413/2017,A/Dakar/13/2019,40
A/Bretagne/1413/2017,A/Dakar/18/2019,40
A/Bretagne/1413/2017,A/Dakar/28/2018,40
A/Bretagne/1413/2017,A/Dakar/29/2018,80
A/Bretagne/1413/2017,A/Denmark/3292/2019,<40
A/Bretagne/1413/2017,A/Desgenettes/1941/2017,40
A/Bretagne/1413/2017,A/Diyarbakir/1208/2018,<40
A/Bretagne/1413/2017,A/England/154/2019,80
A/Bretagne/1413/2017,A/England/194660616/2019,<40
A/Bretagne/1413/2017,A/England/195200780/2019,44
A/Bretagne/1413/2017,A/England/3/2019,40
A/Bretagne/1413/2017,A/England/335/2019,64
A/Bretagne/1413/2017,A/England/612/2019,66
A/Bretagne/1413/2017,A/England/630/2018,160
A/Bretagne/1413/2017,A/England/754/2018,<40
A/Bretagne/1413/2017,A/England/93/2019,80
A/Bretagne/1413/2017,A/England/fmhwY2NxZm9pZg/2018,80
A/Bretagne/1413/2017,A/Eskilstuna/6/2019,160
A/Bretagne/1413/2017,A/Fes/67/2016,155
A/Bretagne/1413/2017,A/Finland/105/2019,640
A/Bretagne/1413/2017,A/Finland/114/2019,80
A/Bretagne/1413/2017,A/Finland/130/2019,40
A/Bretagne/1413/2017,A/Finland/99/2019,80
A/Bretagne/1413/2017,A/Fujian-Licheng/1729/2017,40
A/Bretagne/1413/2017,A/Ghana/1050/2019,<40
A/Bretagne/1413/2017,A/Ghana/154/2019,40
A/Bretagne/1413/2017,A/Ghana/312/2019,160
A/Bretagne/1413/2017,A/Ghana/758/2018,<40
A/Bretagne/1413/2017,A/Greece/1430/2018,60
A/Bretagne/1413/2017,A/Greece/4/2017,202
A/Bretagne/1413/2017,A/Guangxi-Babu/1913/2018,<40
A/Bretagne/1413/2017,A/Hessen/42/2019,60
A/Bretagne/1413/2017,A/Hungary/5/2019,<40
A/Bretagne/1413/2017,A/Iceland/100/2018,<40
A/Bretagne/1413/2017,A/Iceland/103/2018,<40
A/Bretagne/1413/2017,A/Iceland/107/2018,<40
A/Bretagne/1413/2017,A/Iceland/108/2018,<40
A/Bretagne/1413/2017,A/Iceland/12621/2019,640
A/Bretagne/1413/2017,A/Iceland/136/2017,480
A/Bretagne/1413/2017,A/Iceland/4/2019,<40
A/Bretagne/1413/2017,A/Iceland/59/2019,40
A/Bretagne/1413/2017,A/Iceland/77/2019,80
A/Bretagne/1413/2017,A/Iceland/78/2019,40
A/Bretagne/1413/2017,A/Iceland/81/2019,80
A/Bretagne/1413/2017,A/Iran/168555/2019,160
A/Bretagne/1413/2017,A/Iran/171909/2019,80
A/Bretagne/1413/2017,A/Ireland/22716/2019,<40
A/Bretagne/1413/2017,A/Ireland/28223/2019,80
A/Bretagne/1413/2017,A/Ireland/32103/2019,<40
A/Bretagne/1413/2017,A/Ireland/95061/2019,80
A/Bretagne/1413/2017,A/Israel/178/2018,80
A/Bretagne/1413/2017,A/Israel/338/2019,<40
A/Bretagne/1413/2017,A/Israel/590/2018,40
A/Bretagne/1413/2017,A/Israel/8701/2018,<40
A/Bretagne/1413/2017,A/Israel/8989/2018,40
A/Bretagne/1413/2017,A/Israel/R-742/2016,58
A/Bretagne/1413/2017,A/Jordan/30121/2019,40
A/Bretagne/1413/2017,A/Kanagawa/IC1618/2017,1280
A/Bretagne/1413/2017,A/Kharkiv/444/2018,40
A/Bretagne/1413/2017,A/Khmelnytskyi/145/2019,<40
A/Bretagne/1413/2017,A/Kyiv/491/2018,<40
A/Bretagne/1413/2017,A/Kyrgzstan/205/2019,<40
A/Bretagne/1413/2017,A/Latvia/02-053853/2019,40
A/Bretagne/1413/2017,A/Latvia/11-002559/2017,640
A/Bretagne/1413/2017,A/Latvia/11-019324/2018,640
A/Bretagne/1413/2017,A/Latvia/11-028714/2019,60
A/Bretagne/1413/2017,A/Latvia/11-032248/2019,160
A/Bretagne/1413/2017,A/Latvia/12-005233/2018,480
A/Bretagne/1413/2017,A/Lebanon/307/2019,80
A/Bretagne/1413/2017,A/Lebanon/397/2019,40
A/Bretagne/1413/2017,A/Liaoning-Yinzhou/1399/2017,320
A/Bretagne/1413/2017,A/Lisboa/100/2019,40
A/Bretagne/1413/2017,A/Lisboa/118/2019,40
A/Bretagne/1413/2017,A/Lisboa/93/2019,<40
A/Bretagne/1413/2017,A/Lisboa/97/2019,40
A/Bretagne/1413/2017,A/Lorraine/2365/2018,<40
A/Bretagne/1413/2017,A/Lorraine/2777/2019,80
A/Bretagne/1413/2017,A/Lyon/2106/2018,80
A/Bretagne/1413/2017,A/Lyon/2358/2019,40
A/Bretagne/1413/2017,A/Macedonia/1462/2019,80
A/Bretagne/1413/2017,A/Macedonia/723/2019,80
A/Bretagne/1413/2017,A/Marseille/2195/2017,40
A/Bretagne/1413/2017,A/Mauritania/08-2019/2019,<40
A/Bretagne/1413/2017,A/Mauritania/15-2019/2019,<40
A/Bretagne/1413/2017,A/Mauritius/I-1020/2018,320
A/Bretagne/1413/2017,A/Mauritius/I-1058/2018,40
A/Bretagne/1413/2017,A/Mauritius/I-1072/2018,40
A/Bretagne/1413/2017,A/Mauritius/I-1122/2018,<40
A/Bretagne/1413/2017,A/Mauritius/I-1921/2019,160
A/Bretagne/1413/2017,A/Mauritius/I-3006/2019,88
A/Bretagne/1413/2017,A/Mauritius/I-906/2018,40
A/Bretagne/1413/2017,A/Mauritius/I-925/2018,<40
A/Bretagne/1413/2017,A/Mauritius/I-967/2018,40
A/Bretagne/1413/2017,A/Moscow/127/2019,<40
A/Bretagne/1413/2017,A/Netherlands/10002/2019,40
A/Bretagne/1413/2017,A/Netherlands/10260/2018,76
A/Bretagne/1413/2017,A/Netherlands/10286/2019,40
A/Bretagne/1413/2017,A/Netherlands/398/2014,135
A/Bretagne/1413/2017,A/Newcastle/82/2018,112
A/Bretagne/1413/2017,A/Nordrhein-Westfalen/22/2019,40
A/Bretagne/1413/2017,A/Nordrhein-Westfalen/53/2019,80
A/Bretagne/1413/2017,A/Norway/2099/2019,40
A/Bretagne/1413/2017,A/Norway/2155/2019,40
A/Bretagne/1413/2017,A/Norway/2220/2019,40
A/Bretagne/1413/2017,A/Norway/2224/2019,80
A/Bretagne/1413/2017,A/Norway/234/2018,640
A/Bretagne/1413/2017,A/Norway/2425/2019,<40
A/Bretagne/1413/2017,A/Norway/2516/2018,160
A/Bretagne/1413/2017,A/Norway/279/2018,320
A/Bretagne/1413/2017,A/Norway/3275/2018,259
A/Bretagne/1413/2017,A/Norway/3668/2018,80
A/Bretagne/1413/2017,A/Norway/4465/2016,826
A/Bretagne/1413/2017,A/Norway/484/2017,240
A/Bretagne/1413/2017,A/Novosibirsk/265/2017,80
A/Bretagne/1413/2017,A/Oman/3329/2018,<40
A/Bretagne/1413/2017,A/Oman/3372/2018,40
A/Bretagne/1413/2017,A/Oman/3407/2018,<40
A/Bretagne/1413/2017,A/Oman/4471/2019,80
A/Bretagne/1413/2017,A/Oman/5362/2018,<40
A/Bretagne/1413/2017,A/Oman/6106/2018,<40
A/Bretagne/1413/2017,A/Palermo/327/2018,640
A/Bretagne/1413/2017,A/Palermo/6/2016,192
A/Bretagne/1413/2017,A/Paris/2544/2018,64
A/Bretagne/1413/2017,A/Parma/353/2019,40
A/Bretagne/1413/2017,A/Parma/379/2019,<40
A/Bretagne/1413/2017,A/Picardie/1898/2019,40
A/Bretagne/1413/2017,A/Poitiers/1976/2018,<40
A/Bretagne/1413/2017,A/Poitiers/1978/2018,<40
A/Bretagne/1413/2017,A/Poitiers/2003/2018,40
A/Bretagne/1413/2017,A/Poitiers/2028/2017,640
A/Bretagne/1413/2017,A/Portugal/16/2019,40
A/Bretagne/1413/2017,A/Prievidza/126/2019,<40
A/Bretagne/1413/2017,A/Qatar/10-VI-19-0048252/2019,60
A/Bretagne/1413/2017,A/Qatar/16-VI-19-0048499/2019,64
A/Bretagne/1413/2017,A/Qatar/16-VI-19-0048823/2019,80
A/Bretagne/1413/2017,A/Qatar/16-VI-19-0049409/2019,80
A/Bretagne/1413/2017,A/Qatar/16-VI-19-0069037/2019,<40
A/Bretagne/1413/2017,A/Saarland/15/2019,<40
A/Bretagne/1413/2017,A/Saarland/25/2019,<40
A/Bretagne/1413/2017,A/Sachsen/74/2016,266
A/Bretagne/1413/2017,A/Saint-Etienne/1912/2018,40
A/Bretagne/1413/2017,A/Sakha/3014V/2019,40
A/Bretagne/1413/2017,A/Salalah/5662/2019,40
A/Bretagne/1413/2017,A/Salalah/6611/2019,<40
A/Bretagne/1413/2017,A/Salalah/6905/2019,<40
A/Bretagne/1413/2017,A/Salalah/7183/2019,<40
A/Bretagne/1413/2017,A/Sanliurfa/1763/2018,<40
A/Bretagne/1413/2017,A/Serbia/1868/2019,40
A/Bretagne/1413/2017,A/Serbia/3031/2019,40
A/Bretagne/1413/2017,A/Serbia/584/2019,40
A/Bretagne/1413/2017,A/Singapore/GP0454/2018,<40
A/Bretagne/1413/2017,A/Singapore/KK0259/2018,1280
A/Bretagne/1413/2017,A/Skovde/1/2019,<40
A/Bretagne/1413/2017,A/Skovde/3/2019,160
A/Bretagne/1413/2017,A/Slovenia/3251/2019,<40
A/Bretagne/1413/2017,A/Soria/11/2019,40
A/Bretagne/1413/2017,A/Stockholm/22/2019,40
A/Bretagne/1413/2017,A/Stockholm/30/2019,100
A/Bretagne/1413/2017,A/Stockholm/32/2019,80
A/Bretagne/1413/2017,A/Stockholm/44/2017,53
A/Bretagne/1413/2017,A/Switzerland/7204/2019,160
A/Bretagne/1413/2017,A/Switzerland/8060/2017,1102
A/Bretagne/1413/2017,A/Switzerland/9715293/2013,66
A/Bretagne/1413/2017,A/Sydney/22/2018,80
A/Bretagne/1413/2017,A/Sydney/53/2019,100
A/Bretagne/1413/2017,A/Torino/544/2019,40
A/Bretagne/1413/2017,A/Trencin/74/2019,<40
A/Bretagne/1413/2017,A/Trnava/70/2019,<40
A/Bretagne/1413/2017,A/Turkey/66/2018,62
A/Bretagne/1413/2017,A/Turkey/70/2018,<40
A/Bretagne/1413/2017,A/Tyumen/RII-01/2018,320
A/Bretagne/1413/2017,A/Ukraine/8122/2018,<40
A/Bretagne/1413/2017,A/Ukraine/8210/2019,<40
A/Bretagne/1413/2017,A/Ukraine/8230/2019,<40
A/Bretagne/1413/2017,A/Uralsk/496/2017,320
A/Bretagne/1413/2017,A/Zambia/1-390/2018,160
A/Bretagne/1413/2017,A/Zaporizhia/156/2019,80
A/Bretagne/1413/2017,A/Zaragoza/1476697/2018,160
A/Bretagne/1413/2017,A/Zaragoza/1496248/2018,226
A/Bretagne/1413/2017,A/Zaragoza/1528894/2018,160
A/Bretagne/1413/2017,A/Zaragoza/492/2018,320
A/Bretagne/1413/2017,A/Zhejiang-Nanhu/1745/2017,80
A/Bretagne/2248/2010,A/Brisbane/10/2007,40
A/Bretagne/2248/2010,A/Johannesburg/126/2009,160
A/Bretagne/2248/2010,A/Perth/16/2009,320
A/Bretagne/2845/2016,A/Georgia/532/2015,80
A/Bretagne/2845/2016,A/Madrid/SO13031/2014,<40
A/Bretagne/2845/2016,A/Minsk/1737/2012,40
A/Bretagne/2845/2016,A/Netherlands/398/2014,80
A/Bretagne/2845/2016,A/Samara/73/2013,<40
A/Bretagne/2845/2016,A/Switzerland/9715293/2013,40
A/Bretagne/32468/2022,A/Cambodia/925256/2020,40
A/Bretagne/32468/2022,A/Cambodia/e0826360/2020,40
A/Bretagne/32468/2022,A/Darwin/9/2021,160
A/Bretagne/32468/2022,A/England/195200780/2019,40
A/Bretagne/32468/2022,A/England/214040936/2021,160
A/Bretagne/32468/2022,A/Israel/R-742/2016,<40
A/Bretagne/32468/2022,A/Stockholm/5/2021,160
A/Brisbane/01/2018,A/Fes/67/2016,640
A/Brisbane/01/2018,A/Greece/4/2017,320
A/Brisbane/01/2018,A/Netherlands/398/2014,40
A/Brisbane/01/2018,A/Sachsen/74/2016,160
A/Brisbane/01/2018,A/Switzerland/8060/2017,2560
A/Brisbane/1/2012,A/Finland/40/2010,640
A/Brisbane/1/2012,A/Iowa/19/2010,640
A/Brisbane/1/2012,A/Johannesburg/126/2009,1280
A/Brisbane/1/2012,A/Perth/16/2009,320
A/Brisbane/1/2012,A/Victoria/361/2011,1920
A/Brisbane/1/2013,A/Finland/40/2010,640
A/Brisbane/1/2013,A/Iowa/19/2010,640
A/Brisbane/1/2013,A/Minsk/1737/2012,2560
A/Brisbane/1/2013,A/Perth/16/2009,160
A/Brisbane/1/2013,A/Samara/73/2013,640
A/Brisbane/1/2013,A/Victoria/361/2011,640
A/Brisbane/10/2007,A/Brisbane/11/2010,40
A/Brisbane/10/2007,A/Brisbane/24/2008,4693
A/Brisbane/10/2007,A/Brisbane/299/2011,160
A/Brisbane/10/2007,A/Brisbane/54/2009,640
A/Brisbane/10/2007,A/Bucuresti/54/2009,120
A/Brisbane/10/2007,A/Cameroon/445/2009,<40
A/Brisbane/10/2007,A/Cameroon/658/2009,160
A/Brisbane/10/2007,A/Dakar/21/2011,<40
A/Brisbane/10/2007,A/Denmark/105/2010,80
A/Brisbane/10/2007,A/Denmark/90/2011,56
A/Brisbane/10/2007,A/England/12/2012,40
A/Brisbane/10/2007,A/England/232/2009,68
A/Brisbane/10/2007,A/England/257/2011,160
A/Brisbane/10/2007,A/England/258/2011,80
A/Brisbane/10/2007,A/England/259/2011,80
A/Brisbane/10/2007,A/England/270/2010,80
A/Brisbane/10/2007,A/England/669/2008,1040
A/Brisbane/10/2007,A/England/700/2009,160
A/Brisbane/10/2007,A/England/815/2009,160
A/Brisbane/10/2007,A/Esfahan/6117/2010,120
A/Brisbane/10/2007,A/Finland/40/2010,63
A/Brisbane/10/2007,A/Finland/640/2009,160
A/Brisbane/10/2007,A/Finland/9/2008,1536
A/Brisbane/10/2007,A/Firenze/1/2011,<40
A/Brisbane/10/2007,A/Firenze/24/08,160
A/Brisbane/10/2007,A/Galati/47519/2011,160
A/Brisbane/10/2007,A/Geneva/1514818/2009,2560
A/Brisbane/10/2007,A/Ghana/11/2008,160
A/Brisbane/10/2007,A/Ghana/FS-11-1981/2011,<40
A/Brisbane/10/2007,A/Ghana/FS-2240/2009,160
A/Brisbane/10/2007,A/Ghana/FS-271/2010,80
A/Brisbane/10/2007,A/Ghana/FS-376/2010,40
A/Brisbane/10/2007,A/Ghana/FS-467/2010,80
A/Brisbane/10/2007,A/Ghom/9677/2011,40
A/Brisbane/10/2007,A/Gothenburg/1/2010,40
A/Brisbane/10/2007,A/Guadeloupe/202/2010,<40
A/Brisbane/10/2007,A/Henan/Jinshui/147/2007,5120
A/Brisbane/10/2007,A/Iowa/19/2010,109
A/Brisbane/10/2007,A/Ireland/13527/2011,40
A/Brisbane/10/2007,A/Ireland/909/2011,80
A/Brisbane/10/2007,A/Johannesburg/107/2011,<40
A/Brisbane/10/2007,A/Johannesburg/126/2009,244
A/Brisbane/10/2007,A/Johannesburg/27/2011,40
A/Brisbane/10/2007,A/Johannesburg/34/2010,80
A/Brisbane/10/2007,A/Johannesburg/385/2009,160
A/Brisbane/10/2007,A/Johannesburg/60/2010,80
A/Brisbane/10/2007,A/Jordan/20110030749/2011,56
A/Brisbane/10/2007,A/Leon/5/2009,960
A/Brisbane/10/2007,A/Lithuania/142K/2009,506
A/Brisbane/10/2007,A/Lorraine/2073/2011,40
A/Brisbane/10/2007,A/Lyon/1135/2010,80
A/Brisbane/10/2007,A/Lyon/1381/2007,320
A/Brisbane/10/2007,A/Lyon/1715/2009,62
A/Brisbane/10/2007,A/Madagascar/0648/2011,80
A/Brisbane/10/2007,A/Madagascar/1121/2011,80
A/Brisbane/10/2007,A/Madagascar/4286/2009,480
A/Brisbane/10/2007,A/Madagascar/6613/2010,160
A/Brisbane/10/2007,A/Madagascar/7142/2010,80
A/Brisbane/10/2007,A/Madagascar/7749/2010,66
A/Brisbane/10/2007,A/Mauritius/511/2009,320
A/Brisbane/10/2007,A/Montana/05/2011,160
A/Brisbane/10/2007,A/Nepal/921/2006,2925
A/Brisbane/10/2007,A/Netherlands/34/2010,80
A/Brisbane/10/2007,A/Netherlands/702/2011,<40
A/Brisbane/10/2007,A/Netherlands/761/2009,400
A/Brisbane/10/2007,A/Nevada/05/2007,320
A/Brisbane/10/2007,A/Niigata/403/2009,53
A/Brisbane/10/2007,A/Norway/1186/2011,<40
A/Brisbane/10/2007,A/Norway/1330/2010,<40
A/Brisbane/10/2007,A/Norway/14/2009,2560
A/Brisbane/10/2007,A/Norway/1739/2009,160
A/Brisbane/10/2007,A/Norway/1762/2011,<40
A/Brisbane/10/2007,A/Norway/1775/2011,40
A/Brisbane/10/2007,A/Norway/2329/2011,40
A/Brisbane/10/2007,A/Norway/2366/2011,100
A/Brisbane/10/2007,A/Norway/2400/2011,80
A/Brisbane/10/2007,A/Norway/685/2011,80
A/Brisbane/10/2007,A/Norway/708/2012,20
A/Brisbane/10/2007,A/Panama/307149/2010,45
A/Brisbane/10/2007,A/Paris/1744/2011,40
A/Brisbane/10/2007,A/Paris/2097/2011,40
A/Brisbane/10/2007,A/Paris/2114/2011,<40
A/Brisbane/10/2007,A/Paris/2116/2011,<40
A/Brisbane/10/2007,A/Paris/2133/2011,40
A/Brisbane/10/2007,A/Paris/6047/2009,320
A/Brisbane/10/2007,A/Paris/972/2012,<40
A/Brisbane/10/2007,A/Parma/172/2011,40
A/Brisbane/10/2007,A/Parma/173/2011,40
A/Brisbane/10/2007,A/Parma/176/2011,40
A/Brisbane/10/2007,A/Perth/10/2010,161
A/Brisbane/10/2007,A/Perth/16/2009,142
A/Brisbane/10/2007,A/Philippines/2191/2009,320
A/Brisbane/10/2007,A/Poitiers/1071/2010,60
A/Brisbane/10/2007,A/Rabat/197/2011,40
A/Brisbane/10/2007,A/Rheinland-Pfalz/75/2011,<40
A/Brisbane/10/2007,A/Scotland/5/2009,80
A/Brisbane/10/2007,A/Seoul/4436/2008,640
A/Brisbane/10/2007,A/Serres/77/2007,1066
A/Brisbane/10/2007,A/Singapore/33/2009,80
A/Brisbane/10/2007,A/Singapore/37/2009,<40
A/Brisbane/10/2007,A/Slovenia/2855/2011,40
A/Brisbane/10/2007,A/Sofia/319/2007,1066
A/Brisbane/10/2007,A/Stockholm/1/2010,160
A/Brisbane/10/2007,A/Stockholm/15/2011,60
A/Brisbane/10/2007,A/Stockholm/17/2011,<40
A/Brisbane/10/2007,A/Stockholm/2/2010,120
A/Brisbane/10/2007,A/Stockholm/26/2008,960
A/Brisbane/10/2007,A/Stockholm/29/2011,<40
A/Brisbane/10/2007,A/Stockholm/33/2011,<40
A/Brisbane/10/2007,A/Stockholm/5/2011,40
A/Brisbane/10/2007,A/Stockholm/6/2010,40
A/Brisbane/10/2007,A/Stockholm/6/2011,80
A/Brisbane/10/2007,A/Stockholm/7/2010,40
A/Brisbane/10/2007,A/Stockholm/7/2011,40
A/Brisbane/10/2007,A/Stockholm/89/2009,160
A/Brisbane/10/2007,A/Sweden/2/2009,160
A/Brisbane/10/2007,A/Sweden/9/2008,640
A/Brisbane/10/2007,A/Switzerland/1397477/2008,120
A/Brisbane/10/2007,A/Switzerland/1409281/2008,950
A/Brisbane/10/2007,A/Taiwan/240/2009,640
A/Brisbane/10/2007,A/Taiwan/471/2008,960
A/Brisbane/10/2007,A/Taiwan/760/2007,640
A/Brisbane/10/2007,A/Taiwan/851/2010,<40
A/Brisbane/10/2007,A/Tehran/104/2012,40
A/Brisbane/10/2007,A/Texas/37/2007,1280
A/Brisbane/10/2007,A/Ukraine/175/2011,40
A/Brisbane/10/2007,A/Ulaanbaatar/1600/2008,160
A/Brisbane/10/2007,A/Umea/3/2011,<40
A/Brisbane/10/2007,A/Uruguay/716/2007,2465
A/Brisbane/10/2007,A/Utah/12/2011,80
A/Brisbane/10/2007,A/Valladolid/47/2011,<40
A/Brisbane/10/2007,A/Victoria/210/2009,370
A/Brisbane/10/2007,A/Victoria/361/2011,*
A/Brisbane/10/2007,A/Victoria/563/2010,320
A/Brisbane/10/2007,A/Washington/42/2007,640
A/Brisbane/10/2007,A/Wellington/1/2004,506
A/Brisbane/10/2007,A/Wisconsin/13/2010,<40
A/Brisbane/10/2007,A/Wisconsin/67/2005,1817
A/Brisbane/10/2007,A/Yokohama/96/2010,<40
A/Brisbane/11/2010,A/England/232/2009,40
A/Brisbane/11/2010,A/Johannesburg/126/2009,40
A/Brisbane/11/2010,A/Perth/16/2009,80
A/Brisbane/11/2010,A/Uruguay/716/2007,80
A/Brisbane/11/2010,A/Victoria/210/2009,40
A/Brisbane/11/2010,A/Wisconsin/67/2005,<40
A/Brisbane/23/2005,A/Brisbane/3/2005,640
A/Brisbane/23/2005,A/California/7/2004,640
A/Brisbane/23/2005,A/Finland/486/2004,640
A/Brisbane/23/2005,A/Panama/2007/1999,<40
A/Brisbane/23/2005,A/Wyoming/3/2003,320
A/Brisbane/24/2008,A/Finland/9/2008,800
A/Brisbane/24/2008,A/Johannesburg/126/2009,160
A/Brisbane/24/2008,A/Lithuania/142K/2009,160
A/Brisbane/24/2008,A/Madagascar/4286/2009,320
A/Brisbane/24/2008,A/Perth/16/2009,40
A/Brisbane/24/2008,A/Singapore/33/2009,40
A/Brisbane/24/2008,A/Uruguay/716/2007,4000
A/Brisbane/24/2008,A/Wisconsin/67/2005,2133
A/Brisbane/29/2017,A/Greece/4/2017,80
A/Brisbane/29/2017,A/Netherlands/398/2014,<40
A/Brisbane/29/2017,A/Palermo/6/2016,160
A/Brisbane/29/2017,A/Sachsen/74/2016,133
A/Brisbane/29/2017,A/Switzerland/9715293/2013,<40
A/Brisbane/299/2011,A/Dakar/21/2011,*
A/Brisbane/299/2011,A/Denmark/90/2011,533
A/Brisbane/299/2011,A/England/259/2011,533
A/Brisbane/299/2011,A/Finland/196/2012,*
A/Brisbane/299/2011,A/Finland/40/2010,440
A/Brisbane/299/2011,A/Iowa/19/2010,2080
A/Brisbane/299/2011,A/Johannesburg/126/2009,1600
A/Brisbane/299/2011,A/Jordan/20110030749/2011,*
A/Brisbane/299/2011,A/Latvia/12-47890p/2011,*
A/Brisbane/299/2011,A/Netherlands/34/2010,533
A/Brisbane/299/2011,A/Norway/1775/2011,*
A/Brisbane/299/2011,A/Panama/307149/2010,*
A/Brisbane/299/2011,A/Paris/1744/2011,*
A/Brisbane/299/2011,A/Perth/10/2010,640
A/Brisbane/299/2011,A/Perth/16/2009,208
A/Brisbane/299/2011,A/Spain/14758/2012,*
A/Brisbane/299/2011,A/Stockholm/12-00752/2012,*
A/Brisbane/299/2011,A/Stockholm/12-00974/2012,*
A/Brisbane/299/2011,A/Turkey/35/2011,*
A/Brisbane/299/2011,A/Turkey/54/2011,*
A/Brisbane/299/2011,A/Victoria/210/2009,1280
A/Brisbane/3/2005,A/California/7/2004,1440
A/Brisbane/3/2005,A/Christchurch/64/2005,80
A/Brisbane/3/2005,A/Finland/486/2004,720
A/Brisbane/3/2005,A/Macau/557/2005,40
A/Brisbane/3/2005,A/Panama/2007/1999,60
A/Brisbane/3/2005,A/Victoria/503/2005,640
A/Brisbane/3/2005,A/Wyoming/3/2003,240
A/Brisbane/321/2016,A/Fes/67/2016,960
A/Brisbane/321/2016,A/Greece/4/2017,360
A/Brisbane/321/2016,A/Netherlands/398/2014,70
A/Brisbane/321/2016,A/Oman/5466/2016,320
A/Brisbane/321/2016,A/Palermo/6/2016,320
A/Brisbane/321/2016,A/Sachsen/74/2016,280
A/Brisbane/321/2016,A/Switzerland/8060/2017,3200
A/Brisbane/321/2016,A/Switzerland/9715293/2013,40
A/Brisbane/4/2007,A/Nepal/921/2006,5120
A/Brisbane/4/2007,A/Serres/77/2007,640
A/Brisbane/4/2007,A/Sofia/319/2007,1280
A/Brisbane/4/2007,A/Wisconsin/67/2005,1920
A/Brisbane/47/2015,A/Madrid/SO13031/2014,40
A/Brisbane/47/2015,A/Minsk/1737/2012,40
A/Brisbane/47/2015,A/Netherlands/398/2014,60
A/Brisbane/47/2015,A/Perth/16/2009,<40
A/Brisbane/47/2015,A/Samara/73/2013,40
A/Brisbane/47/2015,A/Switzerland/9715293/2013,40
A/Brisbane/48/2007,A/Nepal/921/2006,160
A/Brisbane/48/2007,A/Serres/77/2007,40
A/Brisbane/48/2007,A/Sofia/319/2007,40
A/Brisbane/48/2007,A/Wisconsin/67/2005,80
A/Brisbane/54/2009,A/Finland/9/2008,640
A/Brisbane/54/2009,A/Perth/16/2009,*
A/Brisbane/54/2009,A/Uruguay/716/2007,2560
A/Brisbane/54/2009,A/Wisconsin/67/2005,640
A/Brisbane/82/2015,A/Georgia/532/2015,1280
A/Brisbane/82/2015,A/Madrid/SO13031/2014,40
A/Brisbane/82/2015,A/Minsk/1737/2012,80
A/Brisbane/82/2015,A/Netherlands/398/2014,80
A/Brisbane/82/2015,A/Perth/16/2009,<40
A/Brisbane/82/2015,A/Samara/73/2013,80
A/Brisbane/82/2015,A/Switzerland/9715293/2013,40
A/Bucuresti/193605/2016,A/Georgia/532/2015,72
A/Bucuresti/193605/2016,A/Greece/2263/2014,*
A/Bucuresti/193605/2016,A/Izmir/1020/2016,*
A/Bucuresti/193605/2016,A/Izmir/3575/2016,*
A/Bucuresti/193605/2016,A/Madrid/SO13031/2014,56
A/Bucuresti/193605/2016,A/Mardin/2834/2016,*
A/Bucuresti/193605/2016,A/Minsk/1737/2012,60
A/Bucuresti/193605/2016,A/Netherlands/398/2014,240
A/Bucuresti/193605/2016,A/Samara/73/2013,88
A/Bucuresti/193605/2016,A/Slovenia/129/2016,*
A/Bucuresti/193605/2016,A/Slovenia/3188/2015,*
A/Bucuresti/193605/2016,A/Switzerland/9715293/2013,112
A/Bucuresti/193605/2016,A/Valladolid/290/2016,*
A/Bucuresti/54/2009,A/Uruguay/716/2007,80
A/Bucuresti/54/2009,A/Wisconsin/67/2005,80
A/Bucuresti/565777/2024,A/BurkinaFaso/3442/2023,170
A/Bucuresti/565777/2024,A/England/189/2023,400
A/Bucuresti/565777/2024,A/Lisboa/216/2023,480
A/Bucuresti/565777/2024,A/Netherlands/10563/2023,480
A/Bucuresti/565777/2024,A/Norway/12374/2023,200
A/Bucuresti/565777/2024,A/Oklahoma/05/2024,240
A/Bucuresti/565832/2024,A/BurkinaFaso/3442/2023,200
A/Bucuresti/565832/2024,A/England/189/2023,640
A/Bucuresti/565832/2024,A/Lisboa/216/2023,640
A/Bucuresti/565832/2024,A/Netherlands/10563/2023,320
A/Bucuresti/565832/2024,A/Norway/12374/2023,160
A/Bucuresti/565832/2024,A/Oklahoma/05/2024,160
A/Bucuresti/566045/2024,A/BurkinaFaso/3442/2023,110
A/Bucuresti/566045/2024,A/England/189/2023,400
A/Bucuresti/566045/2024,A/Lisboa/216/2023,480
A/Bucuresti/566045/2024,A/Netherlands/10563/2023,480
A/Bucuresti/566045/2024,A/Norway/12374/2023,240
A/Bucuresti/566045/2024,A/Oklahoma/05/2024,240
A/Bucuresti/570056/2024,A/BurkinaFaso/3442/2023,200
A/Bucuresti/570056/2024,A/England/189/2023,160
A/Bucuresti/570056/2024,A/Lisboa/216/2023,320
A/Bucuresti/570056/2024,A/Netherlands/10563/2023,320
A/Bucuresti/570056/2024,A/Norway/12374/2023,160
A/Bucuresti/570056/2024,A/Oklahoma/05/2024,80
A/BuenosAires/R12/2022,A/Cambodia/925256/2020,40
A/BuenosAires/R12/2022,A/Cambodia/e0826360/2020,40
A/BuenosAires/R12/2022,A/Darwin/9/2021,640
A/BuenosAires/R12/2022,A/England/195200780/2019,40
A/BuenosAires/R12/2022,A/Israel/R-742/2016,<40
A/BuenosAires/R12/2022,A/Stockholm/5/2021,320
A/Bulgaria/040/2014,A/Finland/40/2010,640
A/Bulgaria/040/2014,A/Iowa/19/2010,320
A/Bulgaria/040/2014,A/Minsk/1737/2012,160
A/Bulgaria/040/2014,A/Paris/1988/2012,320
A/Bulgaria/040/2014,A/Perth/16/2009,40
A/Bulgaria/040/2014,A/Samara/73/2013,640
A/Bulgaria/040/2014,A/Victoria/361/2011,1280
A/Bulgaria/1009/2020,A/Fes/67/2016,80
A/Bulgaria/1009/2020,A/Israel/R-742/2016,373
A/Bulgaria/1009/2020,A/Mauritius/I-3006/2019,<40
A/Bulgaria/1009/2020,A/Norway/3275/2018,<40
A/Bulgaria/1024/2020,A/Fes/67/2016,<40
A/Bulgaria/1024/2020,A/Israel/R-742/2016,440
A/Bulgaria/1024/2020,A/Norway/3275/2018,40
A/Bulgaria/1075/2024,A/England/189/2023,640
A/Bulgaria/1075/2024,A/Lisboa/216/2023,320
A/Bulgaria/1075/2024,A/Netherlands/10563/2023,320
A/Bulgaria/1075/2024,A/Oklahoma/05/2024,160
A/Bulgaria/1134/2019,A/Fes/67/2016,40
A/Bulgaria/1134/2019,A/Israel/R-742/2016,<40
A/Bulgaria/1134/2019,A/Norway/3275/2018,150
A/Bulgaria/1134/2019,A/Switzerland/8060/2017,40
A/Bulgaria/127/2014,A/Finland/40/2010,640
A/Bulgaria/127/2014,A/Iowa/19/2010,320
A/Bulgaria/127/2014,A/Minsk/1737/2012,320
A/Bulgaria/127/2014,A/Paris/1988/2012,320
A/Bulgaria/127/2014,A/Perth/16/2009,40
A/Bulgaria/127/2014,A/Samara/73/2013,640
A/Bulgaria/127/2014,A/Victoria/361/2011,640
A/Bulgaria/1536/2022,A/Cambodia/925256/2020,80
A/Bulgaria/1536/2022,A/Cambodia/e0826360/2020,160
A/Bulgaria/1536/2022,A/Darwin/9/2021,1280
A/Bulgaria/1536/2022,A/England/195200780/2019,160
A/Bulgaria/1536/2022,A/England/214040936/2021,440
A/Bulgaria/1536/2022,A/Israel/R-742/2016,40
A/Bulgaria/1536/2022,A/Norway/28830/2021,160
A/Bulgaria/1536/2022,A/Stockholm/5/2021,640
A/Bulgaria/1581/2022,A/Cambodia/925256/2020,80
A/Bulgaria/1581/2022,A/Cambodia/e0826360/2020,320
A/Bulgaria/1581/2022,A/Darwin/9/2021,1280
A/Bulgaria/1581/2022,A/England/195200780/2019,160
A/Bulgaria/1581/2022,A/England/214040936/2021,640
A/Bulgaria/1581/2022,A/Israel/R-742/2016,80
A/Bulgaria/1581/2022,A/Norway/28830/2021,*
A/Bulgaria/1581/2022,A/Stockholm/5/2021,640
A/Bulgaria/1666/2022,A/Cambodia/925256/2020,80
A/Bulgaria/1666/2022,A/Cambodia/e0826360/2020,160
A/Bulgaria/1666/2022,A/Darwin/9/2021,1280
A/Bulgaria/1666/2022,A/England/195200780/2019,160
A/Bulgaria/1666/2022,A/England/214040936/2021,420
A/Bulgaria/1666/2022,A/Israel/R-742/2016,40
A/Bulgaria/1666/2022,A/Norway/28830/2021,160
A/Bulgaria/1666/2022,A/Stockholm/5/2021,640
A/Bulgaria/1718/2024,A/England/189/2023,320
A/Bulgaria/1718/2024,A/Lisboa/216/2023,640
A/Bulgaria/1718/2024,A/Netherlands/10563/2023,640
A/Bulgaria/1718/2024,A/Oklahoma/05/2024,320
A/Bulgaria/1726/2022,A/Cambodia/925256/2020,80
A/Bulgaria/1726/2022,A/Cambodia/e0826360/2020,160
A/Bulgaria/1726/2022,A/Darwin/9/2021,1280
A/Bulgaria/1726/2022,A/England/195200780/2019,160
A/Bulgaria/1726/2022,A/England/214040936/2021,420
A/Bulgaria/1726/2022,A/Israel/R-742/2016,40
A/Bulgaria/1726/2022,A/Norway/28830/2021,160
A/Bulgaria/1726/2022,A/Stockholm/5/2021,640
A/Bulgaria/1772/2020,A/Fes/67/2016,240
A/Bulgaria/1772/2020,A/Israel/R-742/2016,150
A/Bulgaria/1772/2020,A/Norway/3275/2018,120
A/Bulgaria/1813/2022,A/Cambodia/925256/2020,80
A/Bulgaria/1813/2022,A/Cambodia/e0826360/2020,160
A/Bulgaria/1813/2022,A/Darwin/9/2021,1280
A/Bulgaria/1813/2022,A/England/195200780/2019,80
A/Bulgaria/1813/2022,A/England/214040936/2021,420
A/Bulgaria/1813/2022,A/Israel/R-742/2016,40
A/Bulgaria/1813/2022,A/Norway/28830/2021,160
A/Bulgaria/1813/2022,A/Stockholm/5/2021,640
A/Bulgaria/182/2017,A/Georgia/532/2015,80
A/Bulgaria/182/2017,A/Minsk/1737/2012,80
A/Bulgaria/182/2017,A/Netherlands/398/2014,240
A/Bulgaria/182/2017,A/Palermo/6/2016,320
A/Bulgaria/182/2017,A/Sachsen/74/2016,320
A/Bulgaria/182/2017,A/Samara/73/2013,40
A/Bulgaria/182/2017,A/Switzerland/9715293/2013,80
A/Bulgaria/2/2017,A/Georgia/532/2015,80
A/Bulgaria/2/2017,A/Minsk/1737/2012,40
A/Bulgaria/2/2017,A/Netherlands/398/2014,200
A/Bulgaria/2/2017,A/Palermo/6/2016,320
A/Bulgaria/2/2017,A/Sachsen/74/2016,320
A/Bulgaria/2/2017,A/Samara/73/2013,40
A/Bulgaria/2/2017,A/Switzerland/9715293/2013,80
A/Bulgaria/2020/2024,A/England/189/2023,640
A/Bulgaria/2020/2024,A/Lisboa/216/2023,320
A/Bulgaria/2020/2024,A/Netherlands/10563/2023,320
A/Bulgaria/2020/2024,A/Oklahoma/05/2024,160
A/Bulgaria/2091/2024,A/England/189/2023,320
A/Bulgaria/2091/2024,A/Lisboa/216/2023,640
A/Bulgaria/2091/2024,A/Netherlands/10563/2023,320
A/Bulgaria/2091/2024,A/Oklahoma/05/2024,320
A/Bulgaria/218/2012,A/Denmark/90/2011,320
A/Bulgaria/218/2012,A/Finland/40/2010,160
A/Bulgaria/218/2012,A/Iowa/19/2010,160
A/Bulgaria/218/2012,A/Johannesburg/126/2009,320
A/Bulgaria/218/2012,A/Netherlands/34/2010,320
A/Bulgaria/218/2012,A/Perth/16/2009,40
A/Bulgaria/218/2012,A/Victoria/361/2011,80
A/Bulgaria/2222/2024,A/England/189/2023,800
A/Bulgaria/2222/2024,A/Lisboa/216/2023,640
A/Bulgaria/2222/2024,A/Netherlands/10563/2023,640
A/Bulgaria/2222/2024,A/Oklahoma/05/2024,320
A/Bulgaria/2261/2024,A/England/189/2023,320
A/Bulgaria/2261/2024,A/Lisboa/216/2023,320
A/Bulgaria/2261/2024,A/Netherlands/10563/2023,320
A/Bulgaria/2261/2024,A/Oklahoma/05/2024,160
A/Bulgaria/2402/2024,A/England/189/2023,160
A/Bulgaria/2402/2024,A/Lisboa/216/2023,320
A/Bulgaria/2402/2024,A/Netherlands/10563/2023,320
A/Bulgaria/2402/2024,A/Oklahoma/05/2024,160
A/Bulgaria/243/2015,A/Minsk/1737/2012,80
A/Bulgaria/243/2015,A/Netherlands/398/2014,120
A/Bulgaria/243/2015,A/Perth/16/2009,<40
A/Bulgaria/243/2015,A/Samara/73/2013,80
A/Bulgaria/243/2015,A/Switzerland/9715293/2013,40
A/Bulgaria/243/2015,A/Victoria/361/2011,40
A/Bulgaria/2502/2024,A/BurkinaFaso/3442/2023,200
A/Bulgaria/2502/2024,A/England/189/2023,480
A/Bulgaria/2502/2024,A/Lisboa/216/2023,480
A/Bulgaria/2502/2024,A/Netherlands/10563/2023,320
A/Bulgaria/2502/2024,A/Norway/12374/2023,160
A/Bulgaria/2502/2024,A/Oklahoma/05/2024,320
A/Bulgaria/253/2013,A/Finland/40/2010,320
A/Bulgaria/253/2013,A/Hawaii/22/2012,320
A/Bulgaria/253/2013,A/Iowa/19/2010,80
A/Bulgaria/253/2013,A/Johannesburg/126/2009,80
A/Bulgaria/253/2013,A/Minsk/1737/2012,640
A/Bulgaria/253/2013,A/Perth/16/2009,40
A/Bulgaria/253/2013,A/Victoria/361/2011,240
A/Bulgaria/253/2015,A/Minsk/1737/2012,140
A/Bulgaria/253/2015,A/Netherlands/398/2014,200
A/Bulgaria/253/2015,A/Perth/16/2009,<40
A/Bulgaria/253/2015,A/Samara/73/2013,120
A/Bulgaria/253/2015,A/Switzerland/9715293/2013,40
A/Bulgaria/253/2015,A/Victoria/361/2011,60
A/Bulgaria/373/2017,A/Georgia/532/2015,70
A/Bulgaria/373/2017,A/Minsk/1737/2012,40
A/Bulgaria/373/2017,A/Netherlands/398/2014,210
A/Bulgaria/373/2017,A/Palermo/6/2016,260
A/Bulgaria/373/2017,A/Sachsen/74/2016,280
A/Bulgaria/373/2017,A/Samara/73/2013,66
A/Bulgaria/373/2017,A/Switzerland/9715293/2013,80
A/Bulgaria/414/2017,A/Georgia/532/2015,120
A/Bulgaria/414/2017,A/Minsk/1737/2012,80
A/Bulgaria/414/2017,A/Netherlands/398/2014,160
A/Bulgaria/414/2017,A/Palermo/6/2016,200
A/Bulgaria/414/2017,A/Sachsen/74/2016,240
A/Bulgaria/414/2017,A/Samara/73/2013,80
A/Bulgaria/414/2017,A/Switzerland/9715293/2013,60
A/Bulgaria/664/2023,A/Cambodia/925256/2020,40
A/Bulgaria/664/2023,A/Cambodia/e0826360/2020,160
A/Bulgaria/664/2023,A/Darwin/9/2021,160
A/Bulgaria/664/2023,A/England/214040936/2021,60
A/Bulgaria/664/2023,A/Lille/50053/2022,320
A/Bulgaria/664/2023,A/Stockholm/5/2021,320
A/Bulgaria/664/2023,A/Ukraine/354/2021,80
A/Bulgaria/845/2014,A/Finland/40/2010,186
A/Bulgaria/845/2014,A/Iowa/19/2010,80
A/Bulgaria/845/2014,A/Minsk/1737/2012,100
A/Bulgaria/845/2014,A/Paris/1988/2012,109
A/Bulgaria/845/2014,A/Perth/16/2009,<40
A/Bulgaria/845/2014,A/Samara/73/2013,240
A/Bulgaria/845/2014,A/Victoria/361/2011,240
A/Bulgaria/902/2019,A/Fes/67/2016,80
A/Bulgaria/902/2019,A/Israel/R-742/2016,100
A/Bulgaria/902/2019,A/Norway/3275/2018,160
A/Bulgaria/902/2019,A/Switzerland/8060/2017,320
A/Bulgaria/927/2020,A/Fes/67/2016,160
A/Bulgaria/927/2020,A/Israel/R-742/2016,560
A/Bulgaria/927/2020,A/Norway/3275/2018,80
A/Bulgaria/949/2019,A/Fes/67/2016,60
A/Bulgaria/949/2019,A/Israel/R-742/2016,55
A/Bulgaria/949/2019,A/Norway/3275/2018,120
A/Bulgaria/949/2019,A/Switzerland/8060/2017,60
A/Burgos/207/2015,A/Minsk/1737/2012,160
A/Burgos/207/2015,A/Netherlands/398/2014,480
A/Burgos/207/2015,A/Perth/16/2009,<40
A/Burgos/207/2015,A/Samara/73/2013,320
A/Burgos/207/2015,A/Switzerland/9715293/2013,160
A/Burgos/207/2015,A/Victoria/361/2011,160
A/Burgos/246/2022,A/Cambodia/925256/2020,160
A/Burgos/246/2022,A/Cambodia/e0826360/2020,80
A/Burgos/246/2022,A/Darwin/9/2021,160
A/Burgos/246/2022,A/England/214040936/2021,160
A/Burgos/246/2022,A/Stockholm/5/2021,320
A/Burgos/246/2022,A/Ukraine/354/2021,80
A/Burgos/260/2022,A/Cambodia/925256/2020,40
A/Burgos/260/2022,A/Cambodia/e0826360/2020,80
A/Burgos/260/2022,A/Darwin/9/2021,80
A/Burgos/260/2022,A/England/214040936/2021,80
A/Burgos/260/2022,A/Stockholm/5/2021,160
A/Burgos/260/2022,A/Ukraine/354/2021,40
A/Burgos/262/2022,A/Cambodia/925256/2020,80
A/Burgos/262/2022,A/Cambodia/e0826360/2020,320
A/Burgos/262/2022,A/Darwin/9/2021,320
A/Burgos/262/2022,A/England/214040936/2021,240
A/Burgos/262/2022,A/Stockholm/5/2021,320
A/Burgos/262/2022,A/Ukraine/354/2021,80
A/Burgos/4014/2023,A/Darwin/9/2021,320
A/Burgos/4014/2023,A/England/214040936/2021,120
A/Burgos/4014/2023,A/Lille/50053/2022,640
A/Burgos/4014/2023,A/Stockholm/5/2021,160
A/Burgos/4245/2023,A/Darwin/9/2021,80
A/Burgos/4245/2023,A/England/214040936/2021,40
A/Burgos/4245/2023,A/Lille/50053/2022,320
A/Burgos/4245/2023,A/Stockholm/5/2021,160
A/Burgos/5/2023,A/Cambodia/925256/2020,<40
A/Burgos/5/2023,A/Cambodia/e0826360/2020,160
A/Burgos/5/2023,A/Darwin/9/2021,320
A/Burgos/5/2023,A/England/214040936/2021,60
A/Burgos/5/2023,A/Lille/50053/2022,640
A/Burgos/5/2023,A/Stockholm/5/2021,160
A/Burgos/5/2023,A/Ukraine/354/2021,320
A/Burgos/64/2023,A/Darwin/9/2021,160
A/Burgos/64/2023,A/Poland/PL65/2022,80
A/Burgos/64/2023,A/Stockholm/5/2021,80
A/Burgos/64/2023,A/Switzerland/28719/2022,160
A/BurkinaFaso/182/2023,A/Darwin/9/2021,80
A/BurkinaFaso/182/2023,A/England/189/2023,<40
A/BurkinaFaso/182/2023,A/Netherlands/10563/2023,80
A/BurkinaFaso/182/2023,A/Poland/PL65/2022,40
A/BurkinaFaso/182/2023,A/Stockholm/5/2021,80
A/BurkinaFaso/182/2023,A/Switzerland/28719/2022,40
A/BurkinaFaso/2070/2023,A/BurkinaFaso/3442/2023,80
A/BurkinaFaso/2070/2023,A/England/189/2023,<40
A/BurkinaFaso/2070/2023,A/Lisboa/216/2023,40
A/BurkinaFaso/2070/2023,A/Netherlands/10563/2023,80
A/BurkinaFaso/2070/2023,A/Norway/12374/2023,40
A/BurkinaFaso/2070/2023,A/Oklahoma/05/2024,<40
A/BurkinaFaso/2101/2023,A/England/189/2023,<40
A/BurkinaFaso/2101/2023,A/Lisboa/216/2023,40
A/BurkinaFaso/2101/2023,A/Netherlands/10563/2023,80
A/BurkinaFaso/2101/2023,A/Oklahoma/05/2024,<40
A/BurkinaFaso/211/2023,A/Darwin/9/2021,80
A/BurkinaFaso/211/2023,A/England/189/2023,<40
A/BurkinaFaso/211/2023,A/Netherlands/10563/2023,80
A/BurkinaFaso/211/2023,A/Poland/PL65/2022,40
A/BurkinaFaso/211/2023,A/Stockholm/5/2021,80
A/BurkinaFaso/211/2023,A/Switzerland/28719/2022,<40
A/BurkinaFaso/232/2023,A/Darwin/9/2021,80
A/BurkinaFaso/232/2023,A/England/189/2023,<40
A/BurkinaFaso/232/2023,A/Netherlands/10563/2023,80
A/BurkinaFaso/232/2023,A/Poland/PL65/2022,40
A/BurkinaFaso/232/2023,A/Stockholm/5/2021,40
A/BurkinaFaso/232/2023,A/Switzerland/28719/2022,40
A/BurkinaFaso/244/2023,A/Darwin/9/2021,160
A/BurkinaFaso/244/2023,A/England/189/2023,<40
A/BurkinaFaso/244/2023,A/Netherlands/10563/2023,80
A/BurkinaFaso/244/2023,A/Poland/PL65/2022,80
A/BurkinaFaso/244/2023,A/Stockholm/5/2021,80
A/BurkinaFaso/244/2023,A/Switzerland/28719/2022,80
A/BurkinaFaso/3419/2023,A/BurkinaFaso/3442/2023,40
A/BurkinaFaso/3419/2023,A/England/189/2023,<40
A/BurkinaFaso/3419/2023,A/Lisboa/216/2023,40
A/BurkinaFaso/3419/2023,A/Netherlands/10563/2023,80
A/BurkinaFaso/3419/2023,A/Norway/12374/2023,40
A/BurkinaFaso/3419/2023,A/Oklahoma/05/2024,<40
A/BurkinaFaso/3442/2023,A/BurkinaFaso/3446/2023,40
A/BurkinaFaso/3442/2023,A/Cameroon/3172/2024,60
A/BurkinaFaso/3442/2023,A/Cameroon/6984/2024,60
A/BurkinaFaso/3442/2023,A/Cameroon/9812/2023,80
A/BurkinaFaso/3442/2023,A/Catalonia/NSJO510768271/2024,320
A/BurkinaFaso/3442/2023,A/Catalonia/NSVH102337351/2024,160
A/BurkinaFaso/3442/2023,A/Catalonia/NSVH102367246/2024,160
A/BurkinaFaso/3442/2023,A/ComunidadValenciana/1925/2024,80
A/BurkinaFaso/3442/2023,A/CoteD'Ivoire/4452/2024,60
A/BurkinaFaso/3442/2023,A/CoteD'Ivoire/4459/2024,40
A/BurkinaFaso/3442/2023,A/CoteD'Ivoire/4460/2024,40
A/BurkinaFaso/3442/2023,A/CoteD'Ivoire/4492/2024,40
A/BurkinaFaso/3442/2023,A/CoteD'Ivoire/4555/2024,40
A/BurkinaFaso/3442/2023,A/CoteD'Ivoire/4592/2024,160
A/BurkinaFaso/3442/2023,A/CoteD'Ivoire/4593/2024,30
A/BurkinaFaso/3442/2023,A/CoteD'Ivoire/4612/2024,10
A/BurkinaFaso/3442/2023,A/Croatia/1613/2024,80
A/BurkinaFaso/3442/2023,A/Dakar/030/2024,40
A/BurkinaFaso/3442/2023,A/Dakar/033/2024,40
A/BurkinaFaso/3442/2023,A/Dakar/034/2024,40
A/BurkinaFaso/3442/2023,A/Dakar/035/2024,80
A/BurkinaFaso/3442/2023,A/Dakar/038/2024,80
A/BurkinaFaso/3442/2023,A/Dakar/040/2024,113
A/BurkinaFaso/3442/2023,A/Darwin/9/2021,80
A/BurkinaFaso/3442/2023,A/Denmark/1089/2024,40
A/BurkinaFaso/3442/2023,A/Denmark/2208/2024,180
A/BurkinaFaso/3442/2023,A/Denmark/2245/2024,110
A/BurkinaFaso/3442/2023,A/Denmark/2440/2024,80
A/BurkinaFaso/3442/2023,A/Denmark/2452/2024,40
A/BurkinaFaso/3442/2023,A/Denmark/2674/2024,80
A/BurkinaFaso/3442/2023,A/DistrictOfColumbia/27/2023,167
A/BurkinaFaso/3442/2023,A/England/137/2024,40
A/BurkinaFaso/3442/2023,A/England/144/2024,40
A/BurkinaFaso/3442/2023,A/England/168/2024,40
A/BurkinaFaso/3442/2023,A/England/169/2024,40
A/BurkinaFaso/3442/2023,A/England/173/2024,<40
A/BurkinaFaso/3442/2023,A/England/189/2023,91
A/BurkinaFaso/3442/2023,A/England/61/2024,80
A/BurkinaFaso/3442/2023,A/England/62/2024,80
A/BurkinaFaso/3442/2023,A/England/67/2024,160
A/BurkinaFaso/3442/2023,A/England/68/2024,160
A/BurkinaFaso/3442/2023,A/England/69/2024,160
A/BurkinaFaso/3442/2023,A/Eskilstuna/SE24-03387/2024,80
A/BurkinaFaso/3442/2023,A/Fianarantsoa/01771/2024,160
A/BurkinaFaso/3442/2023,A/Firq/7245406/2024,80
A/BurkinaFaso/3442/2023,A/France/33503/2023,320
A/BurkinaFaso/3442/2023,A/France/BFC-IPP14556/2024,80
A/BurkinaFaso/3442/2023,A/France/BFC-RELAB-IPP13100/2024,13
A/BurkinaFaso/3442/2023,A/France/BRE-IPP10218/2024,40
A/BurkinaFaso/3442/2023,A/France/GES-IPP14626/2024,160
A/BurkinaFaso/3442/2023,A/France/GES-RELAB-IPP10320/2024,120
A/BurkinaFaso/3442/2023,A/France/GES-RELAB-IPP12570/2024,40
A/BurkinaFaso/3442/2023,A/France/GES-RELAB-IPP12571/2024,<40
A/BurkinaFaso/3442/2023,A/Gavle/SE23-16072/2023,160
A/BurkinaFaso/3442/2023,A/Ghana/1031/2024,160
A/BurkinaFaso/3442/2023,A/Ghana/1406/2024,160
A/BurkinaFaso/3442/2023,A/Ghana/1725/2024,320
A/BurkinaFaso/3442/2023,A/Ghana/3409/2024,160
A/BurkinaFaso/3442/2023,A/Ghana/6173/2024,40
A/BurkinaFaso/3442/2023,A/Ghana/7129/2024,80
A/BurkinaFaso/3442/2023,A/Ghana/7376/2024,40
A/BurkinaFaso/3442/2023,A/Ghana/7698/2024,<40
A/BurkinaFaso/3442/2023,A/Ghana/818/2024,160
A/BurkinaFaso/3442/2023,A/Goteborg/SE24-14319/2024,45
A/BurkinaFaso/3442/2023,A/Halmstad/SE24-03868/2024,640
A/BurkinaFaso/3442/2023,A/HongKong/1937/2024,<40
A/BurkinaFaso/3442/2023,A/HongKong/1973/2024,200
A/BurkinaFaso/3442/2023,A/HongKong/2121/2024,200
A/BurkinaFaso/3442/2023,A/HongKong/2122/2024,120
A/BurkinaFaso/3442/2023,A/HongKong/2123/2024,200
A/BurkinaFaso/3442/2023,A/HongKong/2725/2024,<40
A/BurkinaFaso/3442/2023,A/HongKong/2752/2024,<40
A/BurkinaFaso/3442/2023,A/HongKong/2753/2024,<40
A/BurkinaFaso/3442/2023,A/HongKong/2798/2024,40
A/BurkinaFaso/3442/2023,A/HongKong/2810/2024,40
A/BurkinaFaso/3442/2023,A/HongKong/2837/2024,60
A/BurkinaFaso/3442/2023,A/HongKong/2861/2024,<40
A/BurkinaFaso/3442/2023,A/Hungary/174/2023,240
A/BurkinaFaso/3442/2023,A/Hungary/288/2024,<40
A/BurkinaFaso/3442/2023,A/Hungary/289/2024,40
A/BurkinaFaso/3442/2023,A/Iasi/565596/2024,200
A/BurkinaFaso/3442/2023,A/Iasi/567841/2024,100
A/BurkinaFaso/3442/2023,A/Ibra/7246065/2024,120
A/BurkinaFaso/3442/2023,A/Iceland/35353/2024,<40
A/BurkinaFaso/3442/2023,A/Iceland/36410/2024,40
A/BurkinaFaso/3442/2023,A/Iceland/37008/2024,40
A/BurkinaFaso/3442/2023,A/Iceland/37274/2024,40
A/BurkinaFaso/3442/2023,A/Ile_de_France/03349/2024,200
A/BurkinaFaso/3442/2023,A/Ile_de_France/03976/2024,133
A/BurkinaFaso/3442/2023,A/Ile_de_France/04381/2024,240
A/BurkinaFaso/3442/2023,A/Ile_de_France/04632/2024,200
A/BurkinaFaso/3442/2023,A/Ile_de_France/04633/2024,200
A/BurkinaFaso/3442/2023,A/Ile_de_France/05012/2024,240
A/BurkinaFaso/3442/2023,A/Ile_de_France/05017/2024,200
A/BurkinaFaso/3442/2023,A/Ile_de_France/05020/2024,200
A/BurkinaFaso/3442/2023,A/Iran/8N28/2024,80
A/BurkinaFaso/3442/2023,A/Ireland/00000108/2024,40
A/BurkinaFaso/3442/2023,A/Ireland/00028483/2024,320
A/BurkinaFaso/3442/2023,A/Israel/R18785/2024,100
A/BurkinaFaso/3442/2023,A/Jonkoping/SE24-14227/2024,64
A/BurkinaFaso/3442/2023,A/Krasnodar/RII-02/2024,40
A/BurkinaFaso/3442/2023,A/Kyrgyzstan/124/2023,184
A/BurkinaFaso/3442/2023,A/Kyrgyzstan/39/2023,80
A/BurkinaFaso/3442/2023,A/Kyrgyzstan/58/2023,320
A/BurkinaFaso/3442/2023,A/LaRioja/2274/2024,80
A/BurkinaFaso/3442/2023,A/Lisboa/178/2024,40
A/BurkinaFaso/3442/2023,A/Lisboa/216/2023,87
A/BurkinaFaso/3442/2023,A/Lisboa/3/2024,400
A/BurkinaFaso/3442/2023,A/Lorraine/03877/2024,200
A/BurkinaFaso/3442/2023,A/Luxembourg/510839/2023,200
A/BurkinaFaso/3442/2023,A/Madagascar/03189/2024,20
A/BurkinaFaso/3442/2023,A/Madagascar/03198/2024,80
A/BurkinaFaso/3442/2023,A/Madagascar/03416/2024,60
A/BurkinaFaso/3442/2023,A/Madagascar/03788/2024,40
A/BurkinaFaso/3442/2023,A/Mauritius/1186095/2024,80
A/BurkinaFaso/3442/2023,A/Mauritius/I-176/2024,40
A/BurkinaFaso/3442/2023,A/Mauritius/I-183/2024,40
A/BurkinaFaso/3442/2023,A/Mauritius/I-185/2024,40
A/BurkinaFaso/3442/2023,A/Mauritius/I-186/2024,60
A/BurkinaFaso/3442/2023,A/Navarra/2114/2024,15
A/BurkinaFaso/3442/2023,A/Netherlands/00156/2025,<10
A/BurkinaFaso/3442/2023,A/Netherlands/00328/2025,<10
A/BurkinaFaso/3442/2023,A/Netherlands/00520/2025,<10
A/BurkinaFaso/3442/2023,A/Netherlands/01563/2024,<40
A/BurkinaFaso/3442/2023,A/Netherlands/01577/2024,<10
A/BurkinaFaso/3442/2023,A/Netherlands/01697/2024,<40
A/BurkinaFaso/3442/2023,A/Netherlands/01729/2023,149
A/BurkinaFaso/3442/2023,A/Netherlands/01733/2023,177
A/BurkinaFaso/3442/2023,A/Netherlands/01762/2024,<40
A/BurkinaFaso/3442/2023,A/Netherlands/01777/2024,<40
A/BurkinaFaso/3442/2023,A/Netherlands/01780/2024,<40
A/BurkinaFaso/3442/2023,A/Netherlands/01829/2024,60
A/BurkinaFaso/3442/2023,A/Netherlands/02093/2024,10
A/BurkinaFaso/3442/2023,A/Netherlands/02175/2024,<10
A/BurkinaFaso/3442/2023,A/Netherlands/10510/2024,106
A/BurkinaFaso/3442/2023,A/Netherlands/10563/2023,117
A/BurkinaFaso/3442/2023,A/Netherlands/10641/2024,66
A/BurkinaFaso/3442/2023,A/Netherlands/10645/2024,40
A/BurkinaFaso/3442/2023,A/Netherlands/10660/2024,80
A/BurkinaFaso/3442/2023,A/Netherlands/10722/2024,80
A/BurkinaFaso/3442/2023,A/Newport/5620/2024,40
A/BurkinaFaso/3442/2023,A/Nordrhein-Westfalen/114/2024,40
A/BurkinaFaso/3442/2023,A/Norway/00392/2025,80
A/BurkinaFaso/3442/2023,A/Norway/00396/2025,40
A/BurkinaFaso/3442/2023,A/Norway/06798/2024,80
A/BurkinaFaso/3442/2023,A/Norway/06884/2024,80
A/BurkinaFaso/3442/2023,A/Norway/07066/2024,128
A/BurkinaFaso/3442/2023,A/Norway/07228/2024,40
A/BurkinaFaso/3442/2023,A/Norway/07263/2024,40
A/BurkinaFaso/3442/2023,A/Norway/07790/2024,40
A/BurkinaFaso/3442/2023,A/Norway/12374/2023,85
A/BurkinaFaso/3442/2023,A/Norway/1592/2024,40
A/BurkinaFaso/3442/2023,A/Oklahoma/05/2024,44
A/BurkinaFaso/3442/2023,A/Parma/50/2024,40
A/BurkinaFaso/3442/2023,A/Perm/RII-03/2024,80
A/BurkinaFaso/3442/2023,A/Perm/RII-04/2024,160
A/BurkinaFaso/3442/2023,A/Poland/PL44/2024,40
A/BurkinaFaso/3442/2023,A/Poland/PL51/2024,80
A/BurkinaFaso/3442/2023,A/Poland/PL53/2024,80
A/BurkinaFaso/3442/2023,A/Poland/PL54/2024,160
A/BurkinaFaso/3442/2023,A/Poland/PL64/2024,160
A/BurkinaFaso/3442/2023,A/Poland/PL65/2022,45
A/BurkinaFaso/3442/2023,A/Prahova/566118/2024,210
A/BurkinaFaso/3442/2023,A/Qatar/89814/2024,40
A/BurkinaFaso/3442/2023,A/Qatar/89913/2024,60
A/BurkinaFaso/3442/2023,A/Rheinland-Pfalz/39/2024,40
A/BurkinaFaso/3442/2023,A/Romania/563383/2023,214
A/BurkinaFaso/3442/2023,A/Romania_BB/586841/2024,60
A/BurkinaFaso/3442/2023,A/Romania_BB/586906/2025,80
A/BurkinaFaso/3442/2023,A/Saint-Petersburg/RII-48/2024,80
A/BurkinaFaso/3442/2023,A/SaintPetersburg/RII-46/2024,<40
A/BurkinaFaso/3442/2023,A/SaintPetersburg/RII-47/2024,40
A/BurkinaFaso/3442/2023,A/Salalah/52423943/2024,40
A/BurkinaFaso/3442/2023,A/Salamanca/2657/2024,40
A/BurkinaFaso/3442/2023,A/SaudiArabia/10299/2024,100
A/BurkinaFaso/3442/2023,A/Schleswig-Holstein/54/2024,120
A/BurkinaFaso/3442/2023,A/Serbia/1354/2024,320
A/BurkinaFaso/3442/2023,A/Serbia/248/2024,274
A/BurkinaFaso/3442/2023,A/Shanghai-Fengxian/1912/2023,131
A/BurkinaFaso/3442/2023,A/Siracusa/5/2024,160
A/BurkinaFaso/3442/2023,A/Slovenia/370/2024,280
A/BurkinaFaso/3442/2023,A/Slovenia/648/2024,160
A/BurkinaFaso/3442/2023,A/Slovenia/NLZOH-8008-21-1540/2024,40
A/BurkinaFaso/3442/2023,A/Slovenia/NLZOH-8008-21-2023/2024,98
A/BurkinaFaso/3442/2023,A/SouthSudan/983/2024,60
A/BurkinaFaso/3442/2023,A/SouthSudan/988/2024,80
A/BurkinaFaso/3442/2023,A/Spain/1707/2024,100
A/BurkinaFaso/3442/2023,A/Spain/2026/2024,60
A/BurkinaFaso/3442/2023,A/Spain/2389/2024,100
A/BurkinaFaso/3442/2023,A/Spain/2561/2024,150
A/BurkinaFaso/3442/2023,A/Spain/575/2023,150
A/BurkinaFaso/3442/2023,A/Spain/968/2023,160
A/BurkinaFaso/3442/2023,A/Stockholm/5/2021,53
A/BurkinaFaso/3442/2023,A/Stockholm/SE24-52993/2024,160
A/BurkinaFaso/3442/2023,A/Switzerland/0800/2025,20
A/BurkinaFaso/3442/2023,A/Switzerland/28719/2022,53
A/BurkinaFaso/3442/2023,A/Switzerland/5118/2024,40
A/BurkinaFaso/3442/2023,A/Switzerland/5735/2024,50
A/BurkinaFaso/3442/2023,A/Switzerland/59652/2024,80
A/BurkinaFaso/3442/2023,A/Switzerland/7776/2024,80
A/BurkinaFaso/3442/2023,A/Switzerland/7828/2024,160
A/BurkinaFaso/3442/2023,A/Switzerland/79656/2024,160
A/BurkinaFaso/3442/2023,A/Switzerland/8932/2024,20
A/BurkinaFaso/3442/2023,A/Switzerland/91699/2024,160
A/BurkinaFaso/3442/2023,A/Toulon/0241495940/2024,80
A/BurkinaFaso/3442/2023,A/Trollhattan/SE24-03639/2024,160
A/BurkinaFaso/3442/2023,A/Trollhattan/SE24-04469/2024,160
A/BurkinaFaso/3442/2023,A/Tunisia/3500/2024,320
A/BurkinaFaso/3442/2023,A/Turkmenistan/142/2024,93
A/BurkinaFaso/3442/2023,A/Turkmenistan/784/2025,40
A/BurkinaFaso/3442/2023,A/Turkmenistan/801/2025,40
A/BurkinaFaso/3442/2023,A/Uppsala/SE24-04691/2024,160
A/BurkinaFaso/3446/2023,A/England/189/2023,<40
A/BurkinaFaso/3446/2023,A/Lisboa/216/2023,40
A/BurkinaFaso/3446/2023,A/Netherlands/10563/2023,80
A/BurkinaFaso/3446/2023,A/Norway/12374/2023,40
A/BurkinaFaso/3446/2023,A/Oklahoma/05/2024,<40
A/Bursa/176/2013,A/Finland/40/2010,160
A/Bursa/176/2013,A/Iowa/19/2010,120
A/Bursa/176/2013,A/Minsk/1737/2012,160
A/Bursa/176/2013,A/Paris/1988/2012,240
A/Bursa/176/2013,A/Perth/16/2009,40
A/Bursa/176/2013,A/Samara/73/2013,480
A/Bursa/176/2013,A/Victoria/361/2011,240
A/Bursa/250/2011,A/Denmark/90/2011,640
A/Bursa/250/2011,A/England/259/2011,320
A/Bursa/250/2011,A/Finland/40/2010,320
A/Bursa/250/2011,A/Iowa/19/2010,160
A/Bursa/250/2011,A/Johannesburg/126/2009,160
A/Bursa/250/2011,A/Netherlands/34/2010,640
A/Bursa/250/2011,A/Perth/16/2009,80
A/Caen/2343/2014,A/Minsk/1737/2012,40
A/Caen/2343/2014,A/Netherlands/398/2014,240
A/Caen/2343/2014,A/Perth/16/2009,<40
A/Caen/2343/2014,A/Samara/73/2013,160
A/Caen/2343/2014,A/Switzerland/9715293/2013,80
A/Caen/2343/2014,A/Victoria/361/2011,80
A/Cairo/132/2012,A/Finland/40/2010,320
A/Cairo/132/2012,A/Hawaii/22/2012,640
A/Cairo/132/2012,A/Iowa/19/2010,320
A/Cairo/132/2012,A/Johannesburg/126/2009,240
A/Cairo/132/2012,A/Minsk/1737/2012,1600
A/Cairo/132/2012,A/Paris/1988/2012,160
A/Cairo/132/2012,A/Perth/16/2009,480
A/Cairo/132/2012,A/Victoria/361/2011,480
A/Cairo/136/2012,A/Finland/40/2010,346
A/Cairo/136/2012,A/Hawaii/22/2012,640
A/Cairo/136/2012,A/Iowa/19/2010,266
A/Cairo/136/2012,A/Johannesburg/126/2009,160
A/Cairo/136/2012,A/Minsk/1737/2012,1386
A/Cairo/136/2012,A/Paris/1988/2012,160
A/Cairo/136/2012,A/Perth/16/2009,640
A/Cairo/136/2012,A/Victoria/361/2011,466
A/Cairo/140/2012,A/Finland/40/2010,360
A/Cairo/140/2012,A/Hawaii/22/2012,640
A/Cairo/140/2012,A/Iowa/19/2010,240
A/Cairo/140/2012,A/Johannesburg/126/2009,160
A/Cairo/140/2012,A/Minsk/1737/2012,1440
A/Cairo/140/2012,A/Perth/16/2009,320
A/Cairo/140/2012,A/Victoria/361/2011,340
A/Cairo/158/2013,A/Finland/40/2010,320
A/Cairo/158/2013,A/Hawaii/22/2012,320
A/Cairo/158/2013,A/Iowa/19/2010,160
A/Cairo/158/2013,A/Johannesburg/126/2009,160
A/Cairo/158/2013,A/Minsk/1737/2012,1280
A/Cairo/158/2013,A/Paris/1988/2012,80
A/Cairo/158/2013,A/Perth/16/2009,320
A/Cairo/158/2013,A/Victoria/361/2011,240
A/Cairo/59/2012,A/Finland/40/2010,240
A/Cairo/59/2012,A/Hawaii/22/2012,640
A/Cairo/59/2012,A/Iowa/19/2010,320
A/Cairo/59/2012,A/Johannesburg/126/2009,160
A/Cairo/59/2012,A/Minsk/1737/2012,1600
A/Cairo/59/2012,A/Perth/16/2009,640
A/Cairo/59/2012,A/Victoria/361/2011,360
A/Cairo/63/2012,A/Finland/40/2010,213
A/Cairo/63/2012,A/Hawaii/22/2012,400
A/Cairo/63/2012,A/Iowa/19/2010,240
A/Cairo/63/2012,A/Johannesburg/126/2009,120
A/Cairo/63/2012,A/Minsk/1737/2012,853
A/Cairo/63/2012,A/Perth/16/2009,240
A/Cairo/63/2012,A/Victoria/361/2011,373
A/Cairo/93/2012,A/Finland/40/2010,640
A/Cairo/93/2012,A/Hawaii/22/2012,320
A/Cairo/93/2012,A/Iowa/19/2010,320
A/Cairo/93/2012,A/Johannesburg/126/2009,160
A/Cairo/93/2012,A/Minsk/1737/2012,2560
A/Cairo/93/2012,A/Perth/16/2009,320
A/Cairo/93/2012,A/Victoria/361/2011,480
A/Calarasi/162804/2014,A/Henan-Xigong/11041/2014,160
A/Calarasi/162804/2014,A/Minsk/1737/2012,80
A/Calarasi/162804/2014,A/Netherlands/398/2014,320
A/Calarasi/162804/2014,A/Paris/1988/2012,160
A/Calarasi/162804/2014,A/Perth/16/2009,40
A/Calarasi/162804/2014,A/Samara/73/2013,320
A/Calarasi/162804/2014,A/Stockholm/1/2013,80
A/Calarasi/162804/2014,A/Victoria/361/2011,160
A/California/122/2022,A/Catalonia/NSVH102155361/2023,640
A/California/122/2022,A/Catalonia/NSVH102158148/2023,640
A/California/122/2022,A/Darwin/9/2021,480
A/California/122/2022,A/England/189/2023,640
A/California/122/2022,A/Hungary/148/2023,480
A/California/122/2022,A/Kyrgyzstan/124/2023,480
A/California/122/2022,A/Poland/PL65/2022,160
A/California/122/2022,A/Stockholm/5/2021,160
A/California/122/2022,A/Switzerland/28719/2022,400
A/California/7/2004,A/Christchurch/28/2003,906
A/California/7/2004,A/Christchurch/64/2005,160
A/California/7/2004,A/Finland/486/2004,2260
A/California/7/2004,A/Finland/487/2004,2560
A/California/7/2004,A/Hamburg/1/2006,160
A/California/7/2004,A/Hiroshima/33/2006,320
A/California/7/2004,A/Hiroshima/52/2005,500
A/California/7/2004,A/Macau/557/2005,80
A/California/7/2004,A/Madagascar/2699/2006,640
A/California/7/2004,A/Nepal/921/2006,960
A/California/7/2004,A/Netherlands/363/2006,160
A/California/7/2004,A/Netherlands/548/2005,320
A/California/7/2004,A/Panama/2007/1999,96
A/California/7/2004,A/Singapore/37/2004,1813
A/California/7/2004,A/Sofia/319/2007,720
A/California/7/2004,A/Tennessee/6/2004,640
A/California/7/2004,A/Victoria/503/2005,1280
A/California/7/2004,A/Wellington/1/2004,1173
A/California/7/2004,A/Wisconsin/67/2005,1408
A/California/7/2004,A/Wyoming/3/2003,2088
A/Cambodia/925256/2020,A/Cambodia/e0826360/2020,172
A/Cambodia/925256/2020,A/Cameroon/9645/2022,<40
A/Cambodia/925256/2020,A/Catalonia/13758/2022,40
A/Cambodia/925256/2020,A/Catalonia/2262797NS/2022,80
A/Cambodia/925256/2020,A/Catalonia/3512677NS/2022,40
A/Cambodia/925256/2020,A/Catalonia/3551005/2021,80
A/Cambodia/925256/2020,A/Catalonia/NSVH198242704/2022,80
A/Cambodia/925256/2020,A/Chambery/760/2021,320
A/Cambodia/925256/2020,A/Croatia/111538/2022,40
A/Cambodia/925256/2020,A/Croatia/70648/2022,40
A/Cambodia/925256/2020,A/Croatia/70723/2022,40
A/Cambodia/925256/2020,A/Croatia/77372/2022,40
A/Cambodia/925256/2020,A/Dakar/03/2022,40
A/Cambodia/925256/2020,A/Dakar/05/2022,40
A/Cambodia/925256/2020,A/Dakar/08/2022,40
A/Cambodia/925256/2020,A/Dakar/10/2022,53
A/Cambodia/925256/2020,A/Dakar/11/2022,40
A/Cambodia/925256/2020,A/Dakar/14/2022,80
A/Cambodia/925256/2020,A/Dakar/20/2022,40
A/Cambodia/925256/2020,A/Dakar/22/2022,40
A/Cambodia/925256/2020,A/Dakar/24/2022,80
A/Cambodia/925256/2020,A/Dakar/27/2022,40
A/Cambodia/925256/2020,A/Dakar/62/2021,61
A/Cambodia/925256/2020,A/Dakar/64/2021,100
A/Cambodia/925256/2020,A/Darwin/9/2021,206
A/Cambodia/925256/2020,A/Delaware/01/2021,80
A/Cambodia/925256/2020,A/Denmark/21/2021,160
A/Cambodia/925256/2020,A/Denmark/333/2022,40
A/Cambodia/925256/2020,A/Dunkerque/16908/2022,40
A/Cambodia/925256/2020,A/Egypt/2319996/2022,40
A/Cambodia/925256/2020,A/England/195200780/2019,440
A/Cambodia/925256/2020,A/England/214040936/2021,58
A/Cambodia/925256/2020,A/England/214420670/2021,80
A/Cambodia/925256/2020,A/Eskilstuna/1/2022,40
A/Cambodia/925256/2020,A/Eskilstuna/3/2022,426
A/Cambodia/925256/2020,A/Estonia/167744/2021,106
A/Cambodia/925256/2020,A/Estonia/168131/2022,80
A/Cambodia/925256/2020,A/Estonia/168141/2022,40
A/Cambodia/925256/2020,A/Estonia/172437/2022,40
A/Cambodia/925256/2020,A/Estonia/KL283/2023,80
A/Cambodia/925256/2020,A/Estonia/KL4992/2022,40
A/Cambodia/925256/2020,A/Florida/02/2021,60
A/Cambodia/925256/2020,A/Fort-De-France/53820/2022,80
A/Cambodia/925256/2020,A/Galicia/3991/2022,60
A/Cambodia/925256/2020,A/Georgia/132/2022,80
A/Cambodia/925256/2020,A/Georgia/2048/2021,120
A/Cambodia/925256/2020,A/Georgia/2063/2021,80
A/Cambodia/925256/2020,A/Georgia/K18-57/2022,40
A/Cambodia/925256/2020,A/Georgia/K20-14/2022,40
A/Cambodia/925256/2020,A/Georgia/T2/2022,40
A/Cambodia/925256/2020,A/Georgia/T26-26/2022,80
A/Cambodia/925256/2020,A/Georgia/T27-25/2022,80
A/Cambodia/925256/2020,A/Ghana/1724/2022,60
A/Cambodia/925256/2020,A/Ghana/1836/2022,<40
A/Cambodia/925256/2020,A/Ghana/195/2022,80
A/Cambodia/925256/2020,A/Ghana/3122/2022,60
A/Cambodia/925256/2020,A/Ghana/3353/2022,160
A/Cambodia/925256/2020,A/Ghana/390/2022,160
A/Cambodia/925256/2020,A/Ghana/392/2022,40
A/Cambodia/925256/2020,A/Greece/15/2023,40
A/Cambodia/925256/2020,A/Greece/370/2022,40
A/Cambodia/925256/2020,A/Hessen/45/2022,83
A/Cambodia/925256/2020,A/Hungary/60/2022,40
A/Cambodia/925256/2020,A/Hungary/63/2022,80
A/Cambodia/925256/2020,A/Hungary/68/2022,40
A/Cambodia/925256/2020,A/Hungary/73/2022,80
A/Cambodia/925256/2020,A/Hungary/75/2022,40
A/Cambodia/925256/2020,A/Hungary/87/2022,40
A/Cambodia/925256/2020,A/Ibra/72126272/2021,60
A/Cambodia/925256/2020,A/Ibra/72211258/2022,80
A/Cambodia/925256/2020,A/Ibra/72211780/2022,40
A/Cambodia/925256/2020,A/Ibra/72211857/2022,40
A/Cambodia/925256/2020,A/Ibra/72211987/2022,80
A/Cambodia/925256/2020,A/Iran/Aban17A/2021,96
A/Cambodia/925256/2020,A/Iran/Mehr28/2021,60
A/Cambodia/925256/2020,A/Ireland/14993/2022,40
A/Cambodia/925256/2020,A/Ireland/16348/2022,40
A/Cambodia/925256/2020,A/Ireland/24347/2022,40
A/Cambodia/925256/2020,A/Ireland/4594/2021,40
A/Cambodia/925256/2020,A/Ireland/65707/2022,40
A/Cambodia/925256/2020,A/Ireland/69896/2022,40
A/Cambodia/925256/2020,A/Ireland/74535/2022,80
A/Cambodia/925256/2020,A/Ireland/80523/2022,160
A/Cambodia/925256/2020,A/Ireland/8169/2023,40
A/Cambodia/925256/2020,A/Ireland/8661/2023,80
A/Cambodia/925256/2020,A/Ireland/9045/2023,40
A/Cambodia/925256/2020,A/Ireland/92285/2021,160
A/Cambodia/925256/2020,A/Ireland/9468/2023,80
A/Cambodia/925256/2020,A/Ireland/9830/2023,40
A/Cambodia/925256/2020,A/Israel/B-145/2021,80
A/Cambodia/925256/2020,A/Israel/B1398/2022,53
A/Cambodia/925256/2020,A/Israel/B1644/2022,40
A/Cambodia/925256/2020,A/Israel/B1719/2022,240
A/Cambodia/925256/2020,A/Israel/R-6983/2021,160
A/Cambodia/925256/2020,A/Israel/R-742/2016,116
A/Cambodia/925256/2020,A/Israel/R-9337/2021,40
A/Cambodia/925256/2020,A/Israel/R-9526/2021,160
A/Cambodia/925256/2020,A/Israel/R11447/2022,40
A/Cambodia/925256/2020,A/Kaliningrad/RII-03/2021,40
A/Cambodia/925256/2020,A/Kaliningrad/RII-05/2021,40
A/Cambodia/925256/2020,A/Kaliningrad/RII-06/2021,40
A/Cambodia/925256/2020,A/Kosova/114/2021,40
A/Cambodia/925256/2020,A/Kosova/587/2021,80
A/Cambodia/925256/2020,A/Kosova/607/2021,50
A/Cambodia/925256/2020,A/Kosova/710/2021,107
A/Cambodia/925256/2020,A/Kosova/78/2021,80
A/Cambodia/925256/2020,A/Kyiv/1/2022,76
A/Cambodia/925256/2020,A/Kyiv/393/2021,60
A/Cambodia/925256/2020,A/Kyiv/4/2022,80
A/Cambodia/925256/2020,A/Latvia/01-089648/2022,40
A/Cambodia/925256/2020,A/Latvia/01-091445/2023,80
A/Cambodia/925256/2020,A/Latvia/04-58975/2022,40
A/Cambodia/925256/2020,A/Latvia/04-78381/2022,40
A/Cambodia/925256/2020,A/Latvia/04-86299/2022,40
A/Cambodia/925256/2020,A/Latvia/12-045953/2021,40
A/Cambodia/925256/2020,A/Latvia/12-091317/2021,60
A/Cambodia/925256/2020,A/Latvia/12-091325/2021,160
A/Cambodia/925256/2020,A/Latvia/12-097744/2021,40
A/Cambodia/925256/2020,A/Lebanon/8276/2021,50
A/Cambodia/925256/2020,A/Lebanon/8325/2021,40
A/Cambodia/925256/2020,A/Lebanon/8510/2021,40
A/Cambodia/925256/2020,A/Lebanon/8515/2021,40
A/Cambodia/925256/2020,A/Lille/50053/2022,91
A/Cambodia/925256/2020,A/Linkoping/3/2022,40
A/Cambodia/925256/2020,A/Linkoping/5/2022,40
A/Cambodia/925256/2020,A/Lisboa/554/2022,80
A/Cambodia/925256/2020,A/Lisboa/561/2022,80
A/Cambodia/925256/2020,A/Lisboa/584/2022,80
A/Cambodia/925256/2020,A/Lisboa/595/2022,80
A/Cambodia/925256/2020,A/Lisboa/597/2022,60
A/Cambodia/925256/2020,A/Lisboa/706/2022,40
A/Cambodia/925256/2020,A/Lisboa/731/2022,40
A/Cambodia/925256/2020,A/Lisboa/751/2022,40
A/Cambodia/925256/2020,A/Lithuania/33224/2022,40
A/Cambodia/925256/2020,A/Lithuania/33830/2022,40
A/Cambodia/925256/2020,A/Lithuania/36453/2022,40
A/Cambodia/925256/2020,A/Lithuania/36696/2022,80
A/Cambodia/925256/2020,A/Lithuania/47481/2022,40
A/Cambodia/925256/2020,A/Lithuania/48379/2022,40
A/Cambodia/925256/2020,A/Lithuania/48708/2022,40
A/Cambodia/925256/2020,A/Macedonia/133/2023,80
A/Cambodia/925256/2020,A/Madrid/1436/2022,40
A/Cambodia/925256/2020,A/Madrid/3803/2022,40
A/Cambodia/925256/2020,A/Mahajanga/12570/2021,640
A/Cambodia/925256/2020,A/Mahajanga/13001/2021,80
A/Cambodia/925256/2020,A/Mauritius/P61639/2022,40
A/Cambodia/925256/2020,A/Mayotte/508/21,416
A/Cambodia/925256/2020,A/Mayotte/513/2021,40
A/Cambodia/925256/2020,A/Mayotte/517/2021,320
A/Cambodia/925256/2020,A/Mayotte/564/2021,80
A/Cambodia/925256/2020,A/Mecklenburg-Vorpommern/69/2022,40
A/Cambodia/925256/2020,A/Mecklenburg-Vorpommern/88/2022,70
A/Cambodia/925256/2020,A/Michigan/173/2020,320
A/Cambodia/925256/2020,A/Milano/01/2021,160
A/Cambodia/925256/2020,A/Milano/257/2022,40
A/Cambodia/925256/2020,A/Milano/30/2022,40
A/Cambodia/925256/2020,A/Milano/331/2022,40
A/Cambodia/925256/2020,A/Milano/37/2022,80
A/Cambodia/925256/2020,A/Milano/397/2022,40
A/Cambodia/925256/2020,A/Moldova/6649/2022,80
A/Cambodia/925256/2020,A/Montenegro/101668/2023,80
A/Cambodia/925256/2020,A/Montenegro/1082622202/2022,40
A/Cambodia/925256/2020,A/Montenegro/1614822202/2022,53
A/Cambodia/925256/2020,A/Montenegro/1651632202/2022,40
A/Cambodia/925256/2020,A/Montenegro/1651692202/2022,160
A/Cambodia/925256/2020,A/Montenegro/1714472202/2022,40
A/Cambodia/925256/2020,A/Montenegro/519452/2022,40
A/Cambodia/925256/2020,A/MountLebanon/65/2023,80
A/Cambodia/925256/2020,A/Navarra/4220/2022,<40
A/Cambodia/925256/2020,A/Navarra/4320/2022,80
A/Cambodia/925256/2020,A/Navarra/4439/2022,40
A/Cambodia/925256/2020,A/Navarra/4440/2022,80
A/Cambodia/925256/2020,A/Navarra/4550/2022,100
A/Cambodia/925256/2020,A/Navarra/9534/2021,40
A/Cambodia/925256/2020,A/Navarra/9843/2021,80
A/Cambodia/925256/2020,A/Netherlands/00001/2022,160
A/Cambodia/925256/2020,A/Netherlands/00092/2021,40
A/Cambodia/925256/2020,A/Netherlands/00110/2021,320
A/Cambodia/925256/2020,A/Netherlands/00832/2022,40
A/Cambodia/925256/2020,A/Netherlands/01476/2022,40
A/Cambodia/925256/2020,A/Netherlands/01867/2022,<40
A/Cambodia/925256/2020,A/Netherlands/10004/2021,80
A/Cambodia/925256/2020,A/Netherlands/10018/2021,40
A/Cambodia/925256/2020,A/Netherlands/10025/2022,80
A/Cambodia/925256/2020,A/Netherlands/10057/2021,60
A/Cambodia/925256/2020,A/Netherlands/10062/2021,80
A/Cambodia/925256/2020,A/Netherlands/10065/2021,80
A/Cambodia/925256/2020,A/Netherlands/10067/2021,60
A/Cambodia/925256/2020,A/Netherlands/10074/2021,40
A/Cambodia/925256/2020,A/Netherlands/10140/2021,<40
A/Cambodia/925256/2020,A/Netherlands/10142/2023,80
A/Cambodia/925256/2020,A/Netherlands/10184/2021,80
A/Cambodia/925256/2020,A/Netherlands/10194/2021,40
A/Cambodia/925256/2020,A/Netherlands/10195/2021,80
A/Cambodia/925256/2020,A/Netherlands/10202/2021,40
A/Cambodia/925256/2020,A/Netherlands/10203/2021,93
A/Cambodia/925256/2020,A/Netherlands/10204/2021,40
A/Cambodia/925256/2020,A/Netherlands/10205/2021,76
A/Cambodia/925256/2020,A/Netherlands/10206/2021,240
A/Cambodia/925256/2020,A/Netherlands/10210/2021,40
A/Cambodia/925256/2020,A/Netherlands/10228/2023,60
A/Cambodia/925256/2020,A/Netherlands/10866/2022,<40
A/Cambodia/925256/2020,A/Netherlands/11812/2022,160
A/Cambodia/925256/2020,A/Netherlands/11816/2022,40
A/Cambodia/925256/2020,A/Netherlands/11832/2022,53
A/Cambodia/925256/2020,A/Netherlands/11833/2022,40
A/Cambodia/925256/2020,A/Netherlands/11968/2022,40
A/Cambodia/925256/2020,A/Nordrhein-Westfalen/1/2021,320
A/Cambodia/925256/2020,A/Nordrhein-Westfalen/2/2021,40
A/Cambodia/925256/2020,A/Nordrhein-Westfalen/36/2022,60
A/Cambodia/925256/2020,A/Nordrhein-Westfalen/37/2022,40
A/Cambodia/925256/2020,A/Nordrhein-Westfalen/40/2022,80
A/Cambodia/925256/2020,A/Nordrhein-Westfalen/5/2022,40
A/Cambodia/925256/2020,A/Norway/12245/2022,80
A/Cambodia/925256/2020,A/Norway/18090/2022,60
A/Cambodia/925256/2020,A/Norway/18657/2022,80
A/Cambodia/925256/2020,A/Norway/28394/2022,50
A/Cambodia/925256/2020,A/Norway/28542/2022,53
A/Cambodia/925256/2020,A/Norway/28830/2021,146
A/Cambodia/925256/2020,A/Norway/31262/2021,320
A/Cambodia/925256/2020,A/Norway/32026/2022,<40
A/Cambodia/925256/2020,A/Norway/32641/2022,102
A/Cambodia/925256/2020,A/Norway/33371/2022,40
A/Cambodia/925256/2020,A/Norway/33404/2022,40
A/Cambodia/925256/2020,A/Norway/33475/2022,40
A/Cambodia/925256/2020,A/Norway/530/2022,40
A/Cambodia/925256/2020,A/Novosibirsk/RII-02/2021,40
A/Cambodia/925256/2020,A/Novosibirsk/RII-03/2021,106
A/Cambodia/925256/2020,A/Orenburg/45/2021,160
A/Cambodia/925256/2020,A/Orenburg/5/2022,80
A/Cambodia/925256/2020,A/Palencia/118/2022,80
A/Cambodia/925256/2020,A/Palencia/30/2022,46
A/Cambodia/925256/2020,A/Palermo/2/2022,40
A/Cambodia/925256/2020,A/Parma/01/2021,160
A/Cambodia/925256/2020,A/Parma/02/2021,320
A/Cambodia/925256/2020,A/Parma/03/2021,320
A/Cambodia/925256/2020,A/Parma/04/2021,160
A/Cambodia/925256/2020,A/Parma/5/2022,80
A/Cambodia/925256/2020,A/Parma/83/2022,40
A/Cambodia/925256/2020,A/Parma/84/2022,80
A/Cambodia/925256/2020,A/Parma/88/2022,40
A/Cambodia/925256/2020,A/Poland/98/2022,50
A/Cambodia/925256/2020,A/Poland/PL07/2022,40
A/Cambodia/925256/2020,A/Poland/PL40/2022,40
A/Cambodia/925256/2020,A/Poland/PL42/2022,40
A/Cambodia/925256/2020,A/Poland/PL45/2022,80
A/Cambodia/925256/2020,A/Poland/PL65/2022,48
A/Cambodia/925256/2020,A/Poland/PL78/2022,80
A/Cambodia/925256/2020,A/Poland/PL83/2022,80
A/Cambodia/925256/2020,A/Poland/PL93/2022,320
A/Cambodia/925256/2020,A/Portugal/210210/2022,80
A/Cambodia/925256/2020,A/Portugal/211242/2022,40
A/Cambodia/925256/2020,A/Portugal/211316/2022,<40
A/Cambodia/925256/2020,A/Portugal/211338/2022,60
A/Cambodia/925256/2020,A/Portugal/211456/2022,40
A/Cambodia/925256/2020,A/Portugal/58/2021,40
A/Cambodia/925256/2020,A/Qatar/10-VI-21-3843467/2021,160
A/Cambodia/925256/2020,A/Qatar/10-VI-21-3886441/2021,104
A/Cambodia/925256/2020,A/Qatar/10-VI-21-4396149/2021,80
A/Cambodia/925256/2020,A/Qatar/10-VI-22-1463000/2022,<40
A/Cambodia/925256/2020,A/Qatar/10-VI-22-2015495/2022,40
A/Cambodia/925256/2020,A/Qatar/10-VI-22-2015935/2022,<40
A/Cambodia/925256/2020,A/Qatar/15-VI-22-1438736/2022,40
A/Cambodia/925256/2020,A/Qatar/15-VI-22-1520419/2022,80
A/Cambodia/925256/2020,A/Qatar/16-VI-21-3673175/2021,160
A/Cambodia/925256/2020,A/Qatar/16-VI-21-3798042/2021,160
A/Cambodia/925256/2020,A/Qatar/16-VI-21-4035218/2021,160
A/Cambodia/925256/2020,A/Qatar/16-VI-21-4035811/2021,80
A/Cambodia/925256/2020,A/Qatar/16-VI-22-1972944/2022,40
A/Cambodia/925256/2020,A/Qatar/24-VI-21-3752470/2021,160
A/Cambodia/925256/2020,A/Qatar/24-VI-21-3985321/2021,80
A/Cambodia/925256/2020,A/Qatar/24-VI-21-4041206/2021,160
A/Cambodia/925256/2020,A/Qatar/39-VI-21-4154225/2021,80
A/Cambodia/925256/2020,A/Reims/30384/2021,140
A/Cambodia/925256/2020,A/Rheinland-Pfalz/18/2022,72
A/Cambodia/925256/2020,A/Rheinland-Pfalz/2/2021,80
A/Cambodia/925256/2020,A/Romania/493219/2021,62
A/Cambodia/925256/2020,A/Romania/495025/2021,<40
A/Cambodia/925256/2020,A/Romania/515280/2022,40
A/Cambodia/925256/2020,A/Romania/515290/2022,40
A/Cambodia/925256/2020,A/Romania/515331/2022,40
A/Cambodia/925256/2020,A/Romania/515894/2022,40
A/Cambodia/925256/2020,A/Romania/516540/2022,40
A/Cambodia/925256/2020,A/Romania/518142/2022,40
A/Cambodia/925256/2020,A/Romania/518147/2022,80
A/Cambodia/925256/2020,A/Romania/544187/2022,40
A/Cambodia/925256/2020,A/S.Petersburg/RII-08/2021,53
A/Cambodia/925256/2020,A/S.Petersburg/RII-19/2021,40
A/Cambodia/925256/2020,A/S.Petersburg/RII-23/2021,40
A/Cambodia/925256/2020,A/S.Petersburg/RII-24/2021,40
A/Cambodia/925256/2020,A/S.Petersburg/RII-25/2021,80
A/Cambodia/925256/2020,A/S.Petersburg/RII-32/2021,80
A/Cambodia/925256/2020,A/S.Petersburg/RII-36/2021,80
A/Cambodia/925256/2020,A/Saarland/1/2022,60
A/Cambodia/925256/2020,A/Sachsen/2/2022,80
A/Cambodia/925256/2020,A/Salalah/72124837/2021,320
A/Cambodia/925256/2020,A/Salalah/72126169/2021,80
A/Cambodia/925256/2020,A/Salalah/72127281/2021,40
A/Cambodia/925256/2020,A/Salamanca/35/2022,40
A/Cambodia/925256/2020,A/Salamanca/36/2022,40
A/Cambodia/925256/2020,A/Sassari/2/2022,40
A/Cambodia/925256/2020,A/SaudiArabia/1404/2022,80
A/Cambodia/925256/2020,A/SaudiArabia/556/2022,80
A/Cambodia/925256/2020,A/Schleswig-Holstein/1/2021,80
A/Cambodia/925256/2020,A/Schleswig-Holstein/14/2022,40
A/Cambodia/925256/2020,A/Segovia/233/2022,<40
A/Cambodia/925256/2020,A/Serbia/1172/2022,93
A/Cambodia/925256/2020,A/Serbia/7028/2022,80
A/Cambodia/925256/2020,A/Slovenia/10543/2022,40
A/Cambodia/925256/2020,A/Slovenia/10919/2022,80
A/Cambodia/925256/2020,A/Slovenia/11321/2022,40
A/Cambodia/925256/2020,A/Slovenia/11329/2022,40
A/Cambodia/925256/2020,A/Slovenia/11413/2022,40
A/Cambodia/925256/2020,A/Slovenia/11422/2022,<40
A/Cambodia/925256/2020,A/Slovenia/11445/2022,57
A/Cambodia/925256/2020,A/Slovenia/11512/2022,40
A/Cambodia/925256/2020,A/Slovenia/11514/2022,53
A/Cambodia/925256/2020,A/Slovenia/11517/2022,80
A/Cambodia/925256/2020,A/Slovenia/11665/2022,160
A/Cambodia/925256/2020,A/Slovenia/657/2023,80
A/Cambodia/925256/2020,A/Slovenia/8828/2022,40
A/Cambodia/925256/2020,A/Slovenia/9091/2022,<40
A/Cambodia/925256/2020,A/Slovenia/9146/2022,<40
A/Cambodia/925256/2020,A/Slovenia/9216/2022,40
A/Cambodia/925256/2020,A/Slovenia/9318/2022,60
A/Cambodia/925256/2020,A/Slovenia/9448/2022,40
A/Cambodia/925256/2020,A/Slovenia/9449/2022,40
A/Cambodia/925256/2020,A/Slovenia/9614/2022,40
A/Cambodia/925256/2020,A/Slovenia/9626/2022,40
A/Cambodia/925256/2020,A/Slovenia/9659/2022,40
A/Cambodia/925256/2020,A/Slovenia/9671/2022,40
A/Cambodia/925256/2020,A/Slovenia/9705/2022,40
A/Cambodia/925256/2020,A/Slovenia/9726/2022,40
A/Cambodia/925256/2020,A/Slovenia/9854/2022,40
A/Cambodia/925256/2020,A/Slovenia/9860/2022,160
A/Cambodia/925256/2020,A/Slovenia/9891/2022,40
A/Cambodia/925256/2020,A/Spain/1126/2022,40
A/Cambodia/925256/2020,A/Spain/1127/2022,40
A/Cambodia/925256/2020,A/Spain/58/2021,40
A/Cambodia/925256/2020,A/Spain/81/2021,66
A/Cambodia/925256/2020,A/Spain/84/2021,80
A/Cambodia/925256/2020,A/Spain/90/2021,48
A/Cambodia/925256/2020,A/Stockholm/5/2021,109
A/Cambodia/925256/2020,A/Stockholm/8/2021,60
A/Cambodia/925256/2020,A/Stockholm/9/2021,640
A/Cambodia/925256/2020,A/Stockholm/9/2022,40
A/Cambodia/925256/2020,A/Switzerland/09683/2022,80
A/Cambodia/925256/2020,A/Switzerland/12082/2022,80
A/Cambodia/925256/2020,A/Switzerland/12229/2022,40
A/Cambodia/925256/2020,A/Switzerland/12981/2022,40
A/Cambodia/925256/2020,A/Switzerland/18284/2022,82
A/Cambodia/925256/2020,A/Switzerland/18559/2022,80
A/Cambodia/925256/2020,A/Switzerland/28719/2022,80
A/Cambodia/925256/2020,A/Switzerland/51230/2021,320
A/Cambodia/925256/2020,A/Switzerland/67859/2022,40
A/Cambodia/925256/2020,A/Switzerland/68971/2022,40
A/Cambodia/925256/2020,A/Switzerland/86247/2022,40
A/Cambodia/925256/2020,A/Switzerland/98693/2021,40
A/Cambodia/925256/2020,A/Tajikistan/2/2021,125
A/Cambodia/925256/2020,A/Thuringen/3/2022,160
A/Cambodia/925256/2020,A/Thuringen/6/2022,40
A/Cambodia/925256/2020,A/Thuringen/7/2022,160
A/Cambodia/925256/2020,A/Togo/1122/2022,40
A/Cambodia/925256/2020,A/Togo/1153/2022,80
A/Cambodia/925256/2020,A/Togo/771/2020,160
A/Cambodia/925256/2020,A/Tripoli.LBN/7180/2021,40
A/Cambodia/925256/2020,A/Tripoli.LBN/7347/2021,80
A/Cambodia/925256/2020,A/Tripoli.LBN/7350/2021,60
A/Cambodia/925256/2020,A/Tunisia/20957/2022,40
A/Cambodia/925256/2020,A/Tunisia/22684/2022,40
A/Cambodia/925256/2020,A/Tunisia/22985/2022,40
A/Cambodia/925256/2020,A/Tunisia/23669/2022,<40
A/Cambodia/925256/2020,A/Tunisia/7468/2022,320
A/Cambodia/925256/2020,A/Tunisia/8259/2022,40
A/Cambodia/925256/2020,A/Ukraine/354/2021,64
A/Cambodia/925256/2020,A/Ukraine/358/2022,<40
A/Cambodia/925256/2020,A/Ukraine/774/2022,53
A/Cambodia/925256/2020,A/Ukraine/779/2022,50
A/Cambodia/925256/2020,A/Valladolid/12/2022,40
A/Cambodia/925256/2020,A/Valladolid/14/2023,40
A/Cambodia/925256/2020,A/Valladolid/16/2022,40
A/Cambodia/925256/2020,A/Valladolid/20/2022,60
A/Cambodia/925256/2020,A/Valladolid/50/2022,<40
A/Cambodia/925256/2020,A/Wisconsin/02/2021,160
A/Cambodia/925256/2020,A/Yaroslavl/24/2021,40
A/Cambodia/925256/2020,A/Yaroslavl/32/2021,640
A/Cambodia/925256/2020,A/Zamora/57/2022,<40
A/Cambodia/925256/2020,A/Zghorta.LBN/7491/2021,80
A/Cambodia/925256/2020,A/Zghorta.LBN/7493/2021,40
A/Cambodia/e0826360/2020,A/Cameroon/9645/2022,40
A/Cambodia/e0826360/2020,A/Catalonia/13758/2022,40
A/Cambodia/e0826360/2020,A/Catalonia/2262797NS/2022,160
A/Cambodia/e0826360/2020,A/Catalonia/3512677NS/2022,80
A/Cambodia/e0826360/2020,A/Catalonia/3551005/2021,80
A/Cambodia/e0826360/2020,A/Catalonia/NSVH198242704/2022,80
A/Cambodia/e0826360/2020,A/Chambery/760/2021,<40
A/Cambodia/e0826360/2020,A/Croatia/111538/2022,60
A/Cambodia/e0826360/2020,A/Croatia/70648/2022,80
A/Cambodia/e0826360/2020,A/Croatia/70723/2022,80
A/Cambodia/e0826360/2020,A/Croatia/77372/2022,80
A/Cambodia/e0826360/2020,A/Dakar/03/2022,80
A/Cambodia/e0826360/2020,A/Dakar/05/2022,80
A/Cambodia/e0826360/2020,A/Dakar/08/2022,160
A/Cambodia/e0826360/2020,A/Dakar/10/2022,133
A/Cambodia/e0826360/2020,A/Dakar/11/2022,160
A/Cambodia/e0826360/2020,A/Dakar/14/2022,200
A/Cambodia/e0826360/2020,A/Dakar/20/2022,80
A/Cambodia/e0826360/2020,A/Dakar/22/2022,160
A/Cambodia/e0826360/2020,A/Dakar/24/2022,160
A/Cambodia/e0826360/2020,A/Dakar/27/2022,160
A/Cambodia/e0826360/2020,A/Dakar/62/2021,125
A/Cambodia/e0826360/2020,A/Dakar/64/2021,100
A/Cambodia/e0826360/2020,A/Darwin/9/2021,425
A/Cambodia/e0826360/2020,A/Delaware/01/2021,133
A/Cambodia/e0826360/2020,A/Denmark/21/2021,320
A/Cambodia/e0826360/2020,A/Denmark/333/2022,80
A/Cambodia/e0826360/2020,A/Dunkerque/16908/2022,160
A/Cambodia/e0826360/2020,A/Egypt/2319996/2022,40
A/Cambodia/e0826360/2020,A/England/195200780/2019,195
A/Cambodia/e0826360/2020,A/England/214040936/2021,82
A/Cambodia/e0826360/2020,A/England/214420670/2021,80
A/Cambodia/e0826360/2020,A/Eskilstuna/1/2022,80
A/Cambodia/e0826360/2020,A/Eskilstuna/3/2022,320
A/Cambodia/e0826360/2020,A/Estonia/167744/2021,320
A/Cambodia/e0826360/2020,A/Estonia/168131/2022,160
A/Cambodia/e0826360/2020,A/Estonia/168141/2022,80
A/Cambodia/e0826360/2020,A/Estonia/172437/2022,80
A/Cambodia/e0826360/2020,A/Estonia/KL283/2023,160
A/Cambodia/e0826360/2020,A/Estonia/KL4992/2022,80
A/Cambodia/e0826360/2020,A/Florida/02/2021,200
A/Cambodia/e0826360/2020,A/Fort-De-France/53820/2022,80
A/Cambodia/e0826360/2020,A/Galicia/3991/2022,120
A/Cambodia/e0826360/2020,A/Georgia/132/2022,80
A/Cambodia/e0826360/2020,A/Georgia/2048/2021,320
A/Cambodia/e0826360/2020,A/Georgia/2063/2021,640
A/Cambodia/e0826360/2020,A/Georgia/K18-57/2022,40
A/Cambodia/e0826360/2020,A/Georgia/K20-14/2022,40
A/Cambodia/e0826360/2020,A/Georgia/T2/2022,86
A/Cambodia/e0826360/2020,A/Georgia/T26-26/2022,160
A/Cambodia/e0826360/2020,A/Georgia/T27-25/2022,60
A/Cambodia/e0826360/2020,A/Ghana/1724/2022,120
A/Cambodia/e0826360/2020,A/Ghana/1836/2022,40
A/Cambodia/e0826360/2020,A/Ghana/195/2022,80
A/Cambodia/e0826360/2020,A/Ghana/3122/2022,160
A/Cambodia/e0826360/2020,A/Ghana/3353/2022,160
A/Cambodia/e0826360/2020,A/Ghana/390/2022,320
A/Cambodia/e0826360/2020,A/Ghana/392/2022,40
A/Cambodia/e0826360/2020,A/Greece/15/2023,40
A/Cambodia/e0826360/2020,A/Greece/370/2022,80
A/Cambodia/e0826360/2020,A/Hessen/45/2022,169
A/Cambodia/e0826360/2020,A/Hungary/60/2022,80
A/Cambodia/e0826360/2020,A/Hungary/63/2022,40
A/Cambodia/e0826360/2020,A/Hungary/68/2022,160
A/Cambodia/e0826360/2020,A/Hungary/73/2022,80
A/Cambodia/e0826360/2020,A/Hungary/75/2022,40
A/Cambodia/e0826360/2020,A/Hungary/87/2022,80
A/Cambodia/e0826360/2020,A/Ibra/72126272/2021,60
A/Cambodia/e0826360/2020,A/Ibra/72211258/2022,160
A/Cambodia/e0826360/2020,A/Ibra/72211780/2022,160
A/Cambodia/e0826360/2020,A/Ibra/72211857/2022,80
A/Cambodia/e0826360/2020,A/Ibra/72211987/2022,40
A/Cambodia/e0826360/2020,A/Iran/Aban17A/2021,384
A/Cambodia/e0826360/2020,A/Iran/Mehr28/2021,80
A/Cambodia/e0826360/2020,A/Ireland/14993/2022,80
A/Cambodia/e0826360/2020,A/Ireland/16348/2022,80
A/Cambodia/e0826360/2020,A/Ireland/24347/2022,80
A/Cambodia/e0826360/2020,A/Ireland/4594/2021,40
A/Cambodia/e0826360/2020,A/Ireland/65707/2022,80
A/Cambodia/e0826360/2020,A/Ireland/69896/2022,40
A/Cambodia/e0826360/2020,A/Ireland/74535/2022,160
A/Cambodia/e0826360/2020,A/Ireland/80523/2022,160
A/Cambodia/e0826360/2020,A/Ireland/8169/2023,80
A/Cambodia/e0826360/2020,A/Ireland/8661/2023,160
A/Cambodia/e0826360/2020,A/Ireland/9045/2023,80
A/Cambodia/e0826360/2020,A/Ireland/92285/2021,640
A/Cambodia/e0826360/2020,A/Ireland/9468/2023,160
A/Cambodia/e0826360/2020,A/Ireland/9830/2023,80
A/Cambodia/e0826360/2020,A/Israel/B-145/2021,320
A/Cambodia/e0826360/2020,A/Israel/B1398/2022,106
A/Cambodia/e0826360/2020,A/Israel/B1644/2022,40
A/Cambodia/e0826360/2020,A/Israel/B1719/2022,320
A/Cambodia/e0826360/2020,A/Israel/R-6983/2021,533
A/Cambodia/e0826360/2020,A/Israel/R-742/2016,85
A/Cambodia/e0826360/2020,A/Israel/R-9337/2021,80
A/Cambodia/e0826360/2020,A/Israel/R-9526/2021,320
A/Cambodia/e0826360/2020,A/Israel/R11447/2022,40
A/Cambodia/e0826360/2020,A/Kaliningrad/RII-03/2021,160
A/Cambodia/e0826360/2020,A/Kaliningrad/RII-05/2021,160
A/Cambodia/e0826360/2020,A/Kaliningrad/RII-06/2021,160
A/Cambodia/e0826360/2020,A/Kosova/114/2021,123
A/Cambodia/e0826360/2020,A/Kosova/587/2021,320
A/Cambodia/e0826360/2020,A/Kosova/607/2021,160
A/Cambodia/e0826360/2020,A/Kosova/710/2021,320
A/Cambodia/e0826360/2020,A/Kosova/78/2021,320
A/Cambodia/e0826360/2020,A/Kyiv/1/2022,157
A/Cambodia/e0826360/2020,A/Kyiv/393/2021,120
A/Cambodia/e0826360/2020,A/Kyiv/4/2022,80
A/Cambodia/e0826360/2020,A/Latvia/01-089648/2022,40
A/Cambodia/e0826360/2020,A/Latvia/01-091445/2023,320
A/Cambodia/e0826360/2020,A/Latvia/04-58975/2022,80
A/Cambodia/e0826360/2020,A/Latvia/04-78381/2022,80
A/Cambodia/e0826360/2020,A/Latvia/04-86299/2022,80
A/Cambodia/e0826360/2020,A/Latvia/12-045953/2021,80
A/Cambodia/e0826360/2020,A/Latvia/12-091317/2021,160
A/Cambodia/e0826360/2020,A/Latvia/12-091325/2021,640
A/Cambodia/e0826360/2020,A/Latvia/12-097744/2021,40
A/Cambodia/e0826360/2020,A/Lebanon/8276/2021,53
A/Cambodia/e0826360/2020,A/Lebanon/8325/2021,80
A/Cambodia/e0826360/2020,A/Lebanon/8510/2021,80
A/Cambodia/e0826360/2020,A/Lebanon/8515/2021,80
A/Cambodia/e0826360/2020,A/Lille/50053/2022,168
A/Cambodia/e0826360/2020,A/Linkoping/3/2022,80
A/Cambodia/e0826360/2020,A/Linkoping/5/2022,160
A/Cambodia/e0826360/2020,A/Lisboa/554/2022,160
A/Cambodia/e0826360/2020,A/Lisboa/561/2022,160
A/Cambodia/e0826360/2020,A/Lisboa/584/2022,160
A/Cambodia/e0826360/2020,A/Lisboa/595/2022,160
A/Cambodia/e0826360/2020,A/Lisboa/597/2022,120
A/Cambodia/e0826360/2020,A/Lisboa/706/2022,80
A/Cambodia/e0826360/2020,A/Lisboa/731/2022,160
A/Cambodia/e0826360/2020,A/Lisboa/751/2022,80
A/Cambodia/e0826360/2020,A/Lithuania/33224/2022,60
A/Cambodia/e0826360/2020,A/Lithuania/33830/2022,70
A/Cambodia/e0826360/2020,A/Lithuania/36453/2022,80
A/Cambodia/e0826360/2020,A/Lithuania/36696/2022,320
A/Cambodia/e0826360/2020,A/Lithuania/47481/2022,80
A/Cambodia/e0826360/2020,A/Lithuania/48379/2022,160
A/Cambodia/e0826360/2020,A/Lithuania/48708/2022,160
A/Cambodia/e0826360/2020,A/Macedonia/133/2023,160
A/Cambodia/e0826360/2020,A/Madrid/1436/2022,80
A/Cambodia/e0826360/2020,A/Madrid/3803/2022,80
A/Cambodia/e0826360/2020,A/Mahajanga/12570/2021,640
A/Cambodia/e0826360/2020,A/Mahajanga/13001/2021,448
A/Cambodia/e0826360/2020,A/Mauritius/P61639/2022,80
A/Cambodia/e0826360/2020,A/Mayotte/508/21,80
A/Cambodia/e0826360/2020,A/Mayotte/513/2021,<40
A/Cambodia/e0826360/2020,A/Mayotte/517/2021,<40
A/Cambodia/e0826360/2020,A/Mayotte/564/2021,640
A/Cambodia/e0826360/2020,A/Mecklenburg-Vorpommern/69/2022,40
A/Cambodia/e0826360/2020,A/Mecklenburg-Vorpommern/88/2022,135
A/Cambodia/e0826360/2020,A/Michigan/173/2020,800
A/Cambodia/e0826360/2020,A/Milano/01/2021,320
A/Cambodia/e0826360/2020,A/Milano/257/2022,80
A/Cambodia/e0826360/2020,A/Milano/30/2022,80
A/Cambodia/e0826360/2020,A/Milano/331/2022,40
A/Cambodia/e0826360/2020,A/Milano/37/2022,320
A/Cambodia/e0826360/2020,A/Milano/397/2022,40
A/Cambodia/e0826360/2020,A/Moldova/6649/2022,320
A/Cambodia/e0826360/2020,A/Montenegro/101668/2023,160
A/Cambodia/e0826360/2020,A/Montenegro/1082622202/2022,106
A/Cambodia/e0826360/2020,A/Montenegro/1614822202/2022,100
A/Cambodia/e0826360/2020,A/Montenegro/1651632202/2022,40
A/Cambodia/e0826360/2020,A/Montenegro/1651692202/2022,160
A/Cambodia/e0826360/2020,A/Montenegro/1714472202/2022,80
A/Cambodia/e0826360/2020,A/Montenegro/519452/2022,80
A/Cambodia/e0826360/2020,A/MountLebanon/65/2023,160
A/Cambodia/e0826360/2020,A/Navarra/4220/2022,40
A/Cambodia/e0826360/2020,A/Navarra/4320/2022,160
A/Cambodia/e0826360/2020,A/Navarra/4439/2022,80
A/Cambodia/e0826360/2020,A/Navarra/4440/2022,160
A/Cambodia/e0826360/2020,A/Navarra/4550/2022,120
A/Cambodia/e0826360/2020,A/Navarra/9534/2021,80
A/Cambodia/e0826360/2020,A/Navarra/9843/2021,80
A/Cambodia/e0826360/2020,A/Netherlands/00001/2022,160
A/Cambodia/e0826360/2020,A/Netherlands/00092/2021,40
A/Cambodia/e0826360/2020,A/Netherlands/00110/2021,180
A/Cambodia/e0826360/2020,A/Netherlands/00832/2022,80
A/Cambodia/e0826360/2020,A/Netherlands/01476/2022,40
A/Cambodia/e0826360/2020,A/Netherlands/01867/2022,40
A/Cambodia/e0826360/2020,A/Netherlands/10004/2021,160
A/Cambodia/e0826360/2020,A/Netherlands/10018/2021,80
A/Cambodia/e0826360/2020,A/Netherlands/10025/2022,320
A/Cambodia/e0826360/2020,A/Netherlands/10057/2021,113
A/Cambodia/e0826360/2020,A/Netherlands/10062/2021,160
A/Cambodia/e0826360/2020,A/Netherlands/10065/2021,80
A/Cambodia/e0826360/2020,A/Netherlands/10067/2021,60
A/Cambodia/e0826360/2020,A/Netherlands/10074/2021,40
A/Cambodia/e0826360/2020,A/Netherlands/10140/2021,80
A/Cambodia/e0826360/2020,A/Netherlands/10142/2023,160
A/Cambodia/e0826360/2020,A/Netherlands/10184/2021,240
A/Cambodia/e0826360/2020,A/Netherlands/10194/2021,40
A/Cambodia/e0826360/2020,A/Netherlands/10195/2021,160
A/Cambodia/e0826360/2020,A/Netherlands/10202/2021,80
A/Cambodia/e0826360/2020,A/Netherlands/10203/2021,106
A/Cambodia/e0826360/2020,A/Netherlands/10204/2021,40
A/Cambodia/e0826360/2020,A/Netherlands/10205/2021,180
A/Cambodia/e0826360/2020,A/Netherlands/10206/2021,180
A/Cambodia/e0826360/2020,A/Netherlands/10210/2021,130
A/Cambodia/e0826360/2020,A/Netherlands/10228/2023,120
A/Cambodia/e0826360/2020,A/Netherlands/10866/2022,<40
A/Cambodia/e0826360/2020,A/Netherlands/11812/2022,320
A/Cambodia/e0826360/2020,A/Netherlands/11816/2022,80
A/Cambodia/e0826360/2020,A/Netherlands/11832/2022,106
A/Cambodia/e0826360/2020,A/Netherlands/11833/2022,40
A/Cambodia/e0826360/2020,A/Netherlands/11968/2022,80
A/Cambodia/e0826360/2020,A/Nordrhein-Westfalen/1/2021,1280
A/Cambodia/e0826360/2020,A/Nordrhein-Westfalen/2/2021,80
A/Cambodia/e0826360/2020,A/Nordrhein-Westfalen/36/2022,120
A/Cambodia/e0826360/2020,A/Nordrhein-Westfalen/37/2022,40
A/Cambodia/e0826360/2020,A/Nordrhein-Westfalen/40/2022,160
A/Cambodia/e0826360/2020,A/Nordrhein-Westfalen/5/2022,40
A/Cambodia/e0826360/2020,A/Norway/12245/2022,320
A/Cambodia/e0826360/2020,A/Norway/18090/2022,80
A/Cambodia/e0826360/2020,A/Norway/18657/2022,80
A/Cambodia/e0826360/2020,A/Norway/28394/2022,88
A/Cambodia/e0826360/2020,A/Norway/28542/2022,60
A/Cambodia/e0826360/2020,A/Norway/28830/2021,200
A/Cambodia/e0826360/2020,A/Norway/31262/2021,80
A/Cambodia/e0826360/2020,A/Norway/32026/2022,80
A/Cambodia/e0826360/2020,A/Norway/32641/2022,126
A/Cambodia/e0826360/2020,A/Norway/33371/2022,40
A/Cambodia/e0826360/2020,A/Norway/33404/2022,80
A/Cambodia/e0826360/2020,A/Norway/33475/2022,80
A/Cambodia/e0826360/2020,A/Norway/530/2022,80
A/Cambodia/e0826360/2020,A/Novosibirsk/RII-02/2021,80
A/Cambodia/e0826360/2020,A/Novosibirsk/RII-03/2021,320
A/Cambodia/e0826360/2020,A/Orenburg/45/2021,320
A/Cambodia/e0826360/2020,A/Orenburg/5/2022,320
A/Cambodia/e0826360/2020,A/Palencia/118/2022,160
A/Cambodia/e0826360/2020,A/Palencia/30/2022,76
A/Cambodia/e0826360/2020,A/Palermo/2/2022,80
A/Cambodia/e0826360/2020,A/Parma/01/2021,320
A/Cambodia/e0826360/2020,A/Parma/02/2021,160
A/Cambodia/e0826360/2020,A/Parma/03/2021,640
A/Cambodia/e0826360/2020,A/Parma/04/2021,640
A/Cambodia/e0826360/2020,A/Parma/5/2022,160
A/Cambodia/e0826360/2020,A/Parma/83/2022,160
A/Cambodia/e0826360/2020,A/Parma/84/2022,160
A/Cambodia/e0826360/2020,A/Parma/88/2022,160
A/Cambodia/e0826360/2020,A/Poland/98/2022,101
A/Cambodia/e0826360/2020,A/Poland/PL07/2022,80
A/Cambodia/e0826360/2020,A/Poland/PL40/2022,40
A/Cambodia/e0826360/2020,A/Poland/PL42/2022,40
A/Cambodia/e0826360/2020,A/Poland/PL45/2022,240
A/Cambodia/e0826360/2020,A/Poland/PL65/2022,80
A/Cambodia/e0826360/2020,A/Poland/PL78/2022,80
A/Cambodia/e0826360/2020,A/Poland/PL83/2022,320
A/Cambodia/e0826360/2020,A/Poland/PL93/2022,320
A/Cambodia/e0826360/2020,A/Portugal/210210/2022,160
A/Cambodia/e0826360/2020,A/Portugal/211242/2022,80
A/Cambodia/e0826360/2020,A/Portugal/211316/2022,80
A/Cambodia/e0826360/2020,A/Portugal/211338/2022,120
A/Cambodia/e0826360/2020,A/Portugal/211456/2022,160
A/Cambodia/e0826360/2020,A/Portugal/58/2021,40
A/Cambodia/e0826360/2020,A/Qatar/10-VI-21-3843467/2021,320
A/Cambodia/e0826360/2020,A/Qatar/10-VI-21-3886441/2021,281
A/Cambodia/e0826360/2020,A/Qatar/10-VI-21-4396149/2021,160
A/Cambodia/e0826360/2020,A/Qatar/10-VI-22-1463000/2022,80
A/Cambodia/e0826360/2020,A/Qatar/10-VI-22-2015495/2022,80
A/Cambodia/e0826360/2020,A/Qatar/10-VI-22-2015935/2022,80
A/Cambodia/e0826360/2020,A/Qatar/15-VI-22-1438736/2022,160
A/Cambodia/e0826360/2020,A/Qatar/15-VI-22-1520419/2022,80
A/Cambodia/e0826360/2020,A/Qatar/16-VI-21-3673175/2021,320
A/Cambodia/e0826360/2020,A/Qatar/16-VI-21-3798042/2021,320
A/Cambodia/e0826360/2020,A/Qatar/16-VI-21-4035218/2021,80
A/Cambodia/e0826360/2020,A/Qatar/16-VI-21-4035811/2021,60
A/Cambodia/e0826360/2020,A/Qatar/16-VI-22-1972944/2022,40
A/Cambodia/e0826360/2020,A/Qatar/24-VI-21-3752470/2021,320
A/Cambodia/e0826360/2020,A/Qatar/24-VI-21-3985321/2021,160
A/Cambodia/e0826360/2020,A/Qatar/24-VI-21-4041206/2021,320
A/Cambodia/e0826360/2020,A/Qatar/39-VI-21-4154225/2021,80
A/Cambodia/e0826360/2020,A/Reims/30384/2021,480
A/Cambodia/e0826360/2020,A/Rheinland-Pfalz/18/2022,166
A/Cambodia/e0826360/2020,A/Rheinland-Pfalz/2/2021,80
A/Cambodia/e0826360/2020,A/Romania/493219/2021,86
A/Cambodia/e0826360/2020,A/Romania/495025/2021,<40
A/Cambodia/e0826360/2020,A/Romania/515280/2022,160
A/Cambodia/e0826360/2020,A/Romania/515290/2022,80
A/Cambodia/e0826360/2020,A/Romania/515331/2022,80
A/Cambodia/e0826360/2020,A/Romania/515894/2022,80
A/Cambodia/e0826360/2020,A/Romania/516540/2022,80
A/Cambodia/e0826360/2020,A/Romania/518142/2022,160
A/Cambodia/e0826360/2020,A/Romania/518147/2022,640
A/Cambodia/e0826360/2020,A/Romania/544187/2022,160
A/Cambodia/e0826360/2020,A/S.Petersburg/RII-08/2021,266
A/Cambodia/e0826360/2020,A/S.Petersburg/RII-19/2021,320
A/Cambodia/e0826360/2020,A/S.Petersburg/RII-23/2021,320
A/Cambodia/e0826360/2020,A/S.Petersburg/RII-24/2021,320
A/Cambodia/e0826360/2020,A/S.Petersburg/RII-25/2021,320
A/Cambodia/e0826360/2020,A/S.Petersburg/RII-32/2021,160
A/Cambodia/e0826360/2020,A/S.Petersburg/RII-36/2021,320
A/Cambodia/e0826360/2020,A/Saarland/1/2022,80
A/Cambodia/e0826360/2020,A/Sachsen/2/2022,320
A/Cambodia/e0826360/2020,A/Salalah/72124837/2021,80
A/Cambodia/e0826360/2020,A/Salalah/72126169/2021,100
A/Cambodia/e0826360/2020,A/Salalah/72127281/2021,80
A/Cambodia/e0826360/2020,A/Salamanca/35/2022,80
A/Cambodia/e0826360/2020,A/Salamanca/36/2022,640
A/Cambodia/e0826360/2020,A/Sassari/2/2022,80
A/Cambodia/e0826360/2020,A/SaudiArabia/1404/2022,80
A/Cambodia/e0826360/2020,A/SaudiArabia/556/2022,80
A/Cambodia/e0826360/2020,A/Schleswig-Holstein/1/2021,320
A/Cambodia/e0826360/2020,A/Schleswig-Holstein/14/2022,160
A/Cambodia/e0826360/2020,A/Segovia/233/2022,80
A/Cambodia/e0826360/2020,A/Serbia/1172/2022,66
A/Cambodia/e0826360/2020,A/Serbia/7028/2022,160
A/Cambodia/e0826360/2020,A/Slovenia/10543/2022,160
A/Cambodia/e0826360/2020,A/Slovenia/10919/2022,160
A/Cambodia/e0826360/2020,A/Slovenia/11321/2022,320
A/Cambodia/e0826360/2020,A/Slovenia/11329/2022,160
A/Cambodia/e0826360/2020,A/Slovenia/11413/2022,80
A/Cambodia/e0826360/2020,A/Slovenia/11422/2022,80
A/Cambodia/e0826360/2020,A/Slovenia/11445/2022,76
A/Cambodia/e0826360/2020,A/Slovenia/11512/2022,144
A/Cambodia/e0826360/2020,A/Slovenia/11514/2022,133
A/Cambodia/e0826360/2020,A/Slovenia/11517/2022,160
A/Cambodia/e0826360/2020,A/Slovenia/11665/2022,320
A/Cambodia/e0826360/2020,A/Slovenia/657/2023,80
A/Cambodia/e0826360/2020,A/Slovenia/8828/2022,80
A/Cambodia/e0826360/2020,A/Slovenia/9091/2022,<40
A/Cambodia/e0826360/2020,A/Slovenia/9146/2022,40
A/Cambodia/e0826360/2020,A/Slovenia/9216/2022,160
A/Cambodia/e0826360/2020,A/Slovenia/9318/2022,253
A/Cambodia/e0826360/2020,A/Slovenia/9448/2022,80
A/Cambodia/e0826360/2020,A/Slovenia/9449/2022,90
A/Cambodia/e0826360/2020,A/Slovenia/9614/2022,40
A/Cambodia/e0826360/2020,A/Slovenia/9626/2022,40
A/Cambodia/e0826360/2020,A/Slovenia/9659/2022,66
A/Cambodia/e0826360/2020,A/Slovenia/9671/2022,80
A/Cambodia/e0826360/2020,A/Slovenia/9705/2022,40
A/Cambodia/e0826360/2020,A/Slovenia/9726/2022,60
A/Cambodia/e0826360/2020,A/Slovenia/9854/2022,80
A/Cambodia/e0826360/2020,A/Slovenia/9860/2022,320
A/Cambodia/e0826360/2020,A/Slovenia/9891/2022,160
A/Cambodia/e0826360/2020,A/Spain/1126/2022,80
A/Cambodia/e0826360/2020,A/Spain/1127/2022,40
A/Cambodia/e0826360/2020,A/Spain/58/2021,40
A/Cambodia/e0826360/2020,A/Spain/81/2021,80
A/Cambodia/e0826360/2020,A/Spain/84/2021,80
A/Cambodia/e0826360/2020,A/Spain/90/2021,108
A/Cambodia/e0826360/2020,A/Stockholm/5/2021,121
A/Cambodia/e0826360/2020,A/Stockholm/8/2021,60
A/Cambodia/e0826360/2020,A/Stockholm/9/2021,160
A/Cambodia/e0826360/2020,A/Stockholm/9/2022,80
A/Cambodia/e0826360/2020,A/Switzerland/09683/2022,640
A/Cambodia/e0826360/2020,A/Switzerland/12082/2022,60
A/Cambodia/e0826360/2020,A/Switzerland/12229/2022,80
A/Cambodia/e0826360/2020,A/Switzerland/12981/2022,80
A/Cambodia/e0826360/2020,A/Switzerland/18284/2022,142
A/Cambodia/e0826360/2020,A/Switzerland/18559/2022,320
A/Cambodia/e0826360/2020,A/Switzerland/28719/2022,93
A/Cambodia/e0826360/2020,A/Switzerland/51230/2021,160
A/Cambodia/e0826360/2020,A/Switzerland/67859/2022,40
A/Cambodia/e0826360/2020,A/Switzerland/68971/2022,160
A/Cambodia/e0826360/2020,A/Switzerland/86247/2022,80
A/Cambodia/e0826360/2020,A/Switzerland/98693/2021,80
A/Cambodia/e0826360/2020,A/Tajikistan/2/2021,335
A/Cambodia/e0826360/2020,A/Thuringen/3/2022,640
A/Cambodia/e0826360/2020,A/Thuringen/6/2022,80
A/Cambodia/e0826360/2020,A/Thuringen/7/2022,160
A/Cambodia/e0826360/2020,A/Togo/1122/2022,160
A/Cambodia/e0826360/2020,A/Togo/1153/2022,160
A/Cambodia/e0826360/2020,A/Togo/771/2020,40
A/Cambodia/e0826360/2020,A/Tripoli.LBN/7180/2021,40
A/Cambodia/e0826360/2020,A/Tripoli.LBN/7347/2021,40
A/Cambodia/e0826360/2020,A/Tripoli.LBN/7350/2021,60
A/Cambodia/e0826360/2020,A/Tunisia/20957/2022,40
A/Cambodia/e0826360/2020,A/Tunisia/22684/2022,80
A/Cambodia/e0826360/2020,A/Tunisia/22985/2022,80
A/Cambodia/e0826360/2020,A/Tunisia/23669/2022,160
A/Cambodia/e0826360/2020,A/Tunisia/7468/2022,160
A/Cambodia/e0826360/2020,A/Tunisia/8259/2022,320
A/Cambodia/e0826360/2020,A/Ukraine/354/2021,142
A/Cambodia/e0826360/2020,A/Ukraine/358/2022,80
A/Cambodia/e0826360/2020,A/Ukraine/774/2022,110
A/Cambodia/e0826360/2020,A/Ukraine/779/2022,73
A/Cambodia/e0826360/2020,A/Valladolid/12/2022,70
A/Cambodia/e0826360/2020,A/Valladolid/14/2023,320
A/Cambodia/e0826360/2020,A/Valladolid/16/2022,80
A/Cambodia/e0826360/2020,A/Valladolid/20/2022,200
A/Cambodia/e0826360/2020,A/Valladolid/50/2022,80
A/Cambodia/e0826360/2020,A/Wisconsin/02/2021,320
A/Cambodia/e0826360/2020,A/Yaroslavl/24/2021,160
A/Cambodia/e0826360/2020,A/Yaroslavl/32/2021,320
A/Cambodia/e0826360/2020,A/Zamora/57/2022,80
A/Cambodia/e0826360/2020,A/Zghorta.LBN/7491/2021,40
A/Cambodia/e0826360/2020,A/Zghorta.LBN/7493/2021,40
A/Cameroon/12V-2580/2012,A/Finland/40/2010,160
A/Cameroon/12V-2580/2012,A/Hawaii/22/2012,160
A/Cameroon/12V-2580/2012,A/Iowa/19/2010,80
A/Cameroon/12V-2580/2012,A/Johannesburg/126/2009,40
A/Cameroon/12V-2580/2012,A/Minsk/1737/2012,320
A/Cameroon/12V-2580/2012,A/Perth/16/2009,<40
A/Cameroon/12V-2580/2012,A/Victoria/361/2011,160
A/Cameroon/12V-4093/2012,A/Finland/40/2010,160
A/Cameroon/12V-4093/2012,A/Hawaii/22/2012,160
A/Cameroon/12V-4093/2012,A/Iowa/19/2010,80
A/Cameroon/12V-4093/2012,A/Johannesburg/126/2009,40
A/Cameroon/12V-4093/2012,A/Minsk/1737/2012,320
A/Cameroon/12V-4093/2012,A/Perth/16/2009,40
A/Cameroon/12V-4093/2012,A/Victoria/361/2011,200
A/Cameroon/12V-4223/2012,A/Finland/40/2010,320
A/Cameroon/12V-4223/2012,A/Hawaii/22/2012,80
A/Cameroon/12V-4223/2012,A/Iowa/19/2010,80
A/Cameroon/12V-4223/2012,A/Johannesburg/126/2009,40
A/Cameroon/12V-4223/2012,A/Minsk/1737/2012,320
A/Cameroon/12V-4223/2012,A/Perth/16/2009,40
A/Cameroon/12V-4223/2012,A/Victoria/361/2011,160
A/Cameroon/12V-4580/2012,A/Finland/40/2010,291
A/Cameroon/12V-4580/2012,A/Hawaii/22/2012,363
A/Cameroon/12V-4580/2012,A/Iowa/19/2010,162
A/Cameroon/12V-4580/2012,A/Johannesburg/126/2009,101
A/Cameroon/12V-4580/2012,A/Minsk/1737/2012,894
A/Cameroon/12V-4580/2012,A/Perth/16/2009,90
A/Cameroon/12V-4580/2012,A/Samara/73/2013,400
A/Cameroon/12V-4580/2012,A/Victoria/361/2011,249
A/Cameroon/12V-4685/2012,A/Finland/40/2010,320
A/Cameroon/12V-4685/2012,A/Hawaii/22/2012,640
A/Cameroon/12V-4685/2012,A/Iowa/19/2010,320
A/Cameroon/12V-4685/2012,A/Johannesburg/126/2009,160
A/Cameroon/12V-4685/2012,A/Minsk/1737/2012,1280
A/Cameroon/12V-4685/2012,A/Perth/16/2009,80
A/Cameroon/12V-4685/2012,A/Victoria/361/2011,480
A/Cameroon/15V-6741/2015,A/Georgia/532/2015,40
A/Cameroon/15V-6741/2015,A/Madrid/SO13031/2014,<40
A/Cameroon/15V-6741/2015,A/Minsk/1737/2012,<40
A/Cameroon/15V-6741/2015,A/Netherlands/398/2014,100
A/Cameroon/15V-6741/2015,A/Saitama/103/2014,*
A/Cameroon/15V-6741/2015,A/Samara/73/2013,<40
A/Cameroon/15V-6741/2015,A/Switzerland/9715293/2013,<40
A/Cameroon/15V-7134/2015,A/Georgia/532/2015,40
A/Cameroon/15V-7134/2015,A/Madrid/SO13031/2014,<40
A/Cameroon/15V-7134/2015,A/Minsk/1737/2012,<40
A/Cameroon/15V-7134/2015,A/Netherlands/398/2014,100
A/Cameroon/15V-7134/2015,A/Saitama/103/2014,*
A/Cameroon/15V-7134/2015,A/Samara/73/2013,<40
A/Cameroon/15V-7134/2015,A/Switzerland/9715293/2013,<40
A/Cameroon/2919/2023,A/Darwin/9/2021,160
A/Cameroon/2919/2023,A/England/214040936/2021,80
A/Cameroon/2919/2023,A/Lille/50053/2022,80
A/Cameroon/2919/2023,A/Stockholm/5/2021,80
A/Cameroon/2925/2023,A/Darwin/9/2021,320
A/Cameroon/2925/2023,A/England/214040936/2021,320
A/Cameroon/2925/2023,A/Lille/50053/2022,160
A/Cameroon/2925/2023,A/Stockholm/5/2021,160
A/Cameroon/3172/2024,A/England/189/2023,80
A/Cameroon/3172/2024,A/Lisboa/216/2023,160
A/Cameroon/3172/2024,A/Netherlands/10563/2023,160
A/Cameroon/3172/2024,A/Norway/12374/2023,40
A/Cameroon/3172/2024,A/Oklahoma/05/2024,80
A/Cameroon/445/2009,A/England/232/2009,<40
A/Cameroon/445/2009,A/Finland/9/2008,40
A/Cameroon/445/2009,A/Perth/16/2009,<40
A/Cameroon/445/2009,A/Uruguay/716/2007,80
A/Cameroon/445/2009,A/Wisconsin/67/2005,<40
A/Cameroon/4680/2014,A/Henan-Xigong/11041/2014,320
A/Cameroon/4680/2014,A/Minsk/1737/2012,40
A/Cameroon/4680/2014,A/Netherlands/398/2014,400
A/Cameroon/4680/2014,A/Palau/6759/2014,120
A/Cameroon/4680/2014,A/Perth/16/2009,<40
A/Cameroon/4680/2014,A/Samara/73/2013,160
A/Cameroon/4680/2014,A/Switzerland/9715293/2013,120
A/Cameroon/4680/2014,A/Sydney/71/2014,*
A/Cameroon/4680/2014,A/Victoria/361/2011,40
A/Cameroon/541/2023,A/Darwin/9/2021,160
A/Cameroon/541/2023,A/England/214040936/2021,160
A/Cameroon/541/2023,A/Lille/50053/2022,160
A/Cameroon/541/2023,A/Stockholm/5/2021,80
A/Cameroon/5793/2013,A/Finland/40/2010,320
A/Cameroon/5793/2013,A/Iowa/19/2010,80
A/Cameroon/5793/2013,A/Minsk/1737/2012,80
A/Cameroon/5793/2013,A/Paris/1988/2012,160
A/Cameroon/5793/2013,A/Perth/16/2009,<40
A/Cameroon/5793/2013,A/Samara/73/2013,160
A/Cameroon/5793/2013,A/Victoria/361/2011,160
A/Cameroon/658/2009,A/England/232/2009,160
A/Cameroon/658/2009,A/Finland/9/2008,40
A/Cameroon/658/2009,A/Perth/16/2009,320
A/Cameroon/658/2009,A/Uruguay/716/2007,160
A/Cameroon/658/2009,A/Wisconsin/67/2005,40
A/Cameroon/6984/2024,A/England/189/2023,80
A/Cameroon/6984/2024,A/Lisboa/216/2023,160
A/Cameroon/6984/2024,A/Netherlands/10563/2023,160
A/Cameroon/6984/2024,A/Norway/12374/2023,40
A/Cameroon/6984/2024,A/Oklahoma/05/2024,40
A/Cameroon/8474/2023,A/Darwin/9/2021,160
A/Cameroon/8474/2023,A/England/189/2023,1280
A/Cameroon/8474/2023,A/Netherlands/10563/2023,640
A/Cameroon/8474/2023,A/Poland/PL65/2022,80
A/Cameroon/8474/2023,A/Stockholm/5/2021,80
A/Cameroon/8474/2023,A/Switzerland/28719/2022,160
A/Cameroon/9092/2023,A/Darwin/9/2021,320
A/Cameroon/9092/2023,A/England/189/2023,160
A/Cameroon/9092/2023,A/Netherlands/10563/2023,320
A/Cameroon/9092/2023,A/Poland/PL65/2022,80
A/Cameroon/9092/2023,A/Stockholm/5/2021,80
A/Cameroon/9092/2023,A/Switzerland/28719/2022,160
A/Cameroon/9264/2018,A/Christchurch/515/2019,160
A/Cameroon/9264/2018,A/Fes/67/2016,93
A/Cameroon/9264/2018,A/Israel/R-742/2016,196
A/Cameroon/9264/2018,A/Netherlands/398/2014,160
A/Cameroon/9264/2018,A/Norway/3275/2018,93
A/Cameroon/9264/2018,A/Switzerland/8060/2017,186
A/Cameroon/9645/2022,A/Darwin/9/2021,160
A/Cameroon/9645/2022,A/England/214040936/2021,240
A/Cameroon/9645/2022,A/Stockholm/5/2021,80
A/Cameroon/9645/2022,A/Ukraine/354/2021,80
A/Cameroon/9680/2018,A/Fes/67/2016,86
A/Cameroon/9680/2018,A/Greece/4/2017,320
A/Cameroon/9680/2018,A/Israel/R-742/2016,91
A/Cameroon/9680/2018,A/Netherlands/10260/2018,80
A/Cameroon/9680/2018,A/Netherlands/398/2014,160
A/Cameroon/9680/2018,A/Norway/3275/2018,87
A/Cameroon/9680/2018,A/Sachsen/74/2016,320
A/Cameroon/9680/2018,A/Switzerland/8060/2017,146
A/Cameroon/9812/2023,A/Darwin/9/2021,224
A/Cameroon/9812/2023,A/England/189/2023,160
A/Cameroon/9812/2023,A/Lisboa/216/2023,213
A/Cameroon/9812/2023,A/Netherlands/10563/2023,240
A/Cameroon/9812/2023,A/Norway/12374/2023,106
A/Cameroon/9812/2023,A/Oklahoma/05/2024,133
A/Cameroon/9812/2023,A/Poland/PL65/2022,60
A/Cameroon/9812/2023,A/Stockholm/5/2021,96
A/Cameroon/9812/2023,A/Switzerland/28719/2022,192
A/Canarias/1689/2014,A/Finland/40/2010,80
A/Canarias/1689/2014,A/Henan-Xigong/11041/2014,173
A/Canarias/1689/2014,A/Iowa/19/2010,160
A/Canarias/1689/2014,A/Minsk/1737/2012,140
A/Canarias/1689/2014,A/Netherlands/398/2014,426
A/Canarias/1689/2014,A/Paris/1988/2012,133
A/Canarias/1689/2014,A/Perth/16/2009,106
A/Canarias/1689/2014,A/Samara/73/2013,360
A/Canarias/1689/2014,A/Stockholm/1/2013,106
A/Canarias/1689/2014,A/Switzerland/9715293/2013,40
A/Canarias/1689/2014,A/Victoria/361/2011,160
A/Canberra/302/2023,A/Idaho/69/2023,1280
A/Canberra/302/2023,A/Kyrgyzstan/124/2023,800
A/Canberra/302/2023,A/Lisboa/216/2023,480
A/Canberra/302/2023,A/Netherlands/10563/2023,400
A/Canberra/302/2023,A/Oklahoma/05/2024,150
A/Canberra/302/2023,A/Shanghai-Fengxian/1912/2023,800
A/Canberra/309/2023,A/Idaho/69/2023,320
A/Canberra/309/2023,A/Kyrgyzstan/124/2023,640
A/Canberra/309/2023,A/Lisboa/216/2023,640
A/Canberra/309/2023,A/Netherlands/10563/2023,320
A/Canberra/309/2023,A/Oklahoma/05/2024,100
A/Canberra/309/2023,A/Shanghai-Fengxian/1912/2023,640
A/Canberra/373/2023,A/Idaho/69/2023,320
A/Canberra/373/2023,A/Kyrgyzstan/124/2023,320
A/Canberra/373/2023,A/Lisboa/216/2023,160
A/Canberra/373/2023,A/Netherlands/10563/2023,160
A/Canberra/373/2023,A/Oklahoma/05/2024,160
A/Canberra/373/2023,A/Shanghai-Fengxian/1912/2023,320
A/Canberra/82/2014,A/Minsk/1737/2012,40
A/Canberra/82/2014,A/Netherlands/398/2014,80
A/Canberra/82/2014,A/Perth/16/2009,40
A/Canberra/82/2014,A/Samara/73/2013,160
A/Canberra/82/2014,A/Switzerland/9715293/2013,40
A/Canberra/82/2014,A/Victoria/361/2011,40
A/Cannes/1846/2019,A/Fes/67/2016,160
A/Cannes/1846/2019,A/Israel/R-742/2016,60
A/Cannes/1846/2019,A/Norway/3275/2018,160
A/CastillaLaMancha/2303/2023,A/Darwin/9/2021,400
A/CastillaLaMancha/2303/2023,A/England/189/2023,320
A/CastillaLaMancha/2303/2023,A/Lisboa/216/2023,320
A/CastillaLaMancha/2303/2023,A/Netherlands/10563/2023,480
A/CastillaLaMancha/2303/2023,A/Oklahoma/05/2024,160
A/CastillaLaMancha/2303/2023,A/Poland/PL65/2022,80
A/CastillaLaMancha/2303/2023,A/Stockholm/5/2021,160
A/CastillaLaMancha/2303/2023,A/Switzerland/28719/2022,280
A/CastillaLaMancha/2303/2023,A/Vasteras/SE23-14213/2023,320
A/Catalonia/13758/2022,A/Darwin/9/2021,320
A/Catalonia/13758/2022,A/England/195200780/2019,<40
A/Catalonia/13758/2022,A/England/214040936/2021,320
A/Catalonia/13758/2022,A/Israel/R-742/2016,<40
A/Catalonia/13758/2022,A/Stockholm/5/2021,160
A/Catalonia/2141012NS/2013,A/Finland/40/2010,80
A/Catalonia/2141012NS/2013,A/Iowa/19/2010,160
A/Catalonia/2141012NS/2013,A/Minsk/1737/2012,80
A/Catalonia/2141012NS/2013,A/Paris/1988/2012,120
A/Catalonia/2141012NS/2013,A/Perth/16/2009,<40
A/Catalonia/2141012NS/2013,A/Samara/73/2013,320
A/Catalonia/2141012NS/2013,A/Victoria/361/2011,160
A/Catalonia/2152420NS/2014,A/Finland/40/2010,80
A/Catalonia/2152420NS/2014,A/Iowa/19/2010,80
A/Catalonia/2152420NS/2014,A/Minsk/1737/2012,80
A/Catalonia/2152420NS/2014,A/Paris/1988/2012,160
A/Catalonia/2152420NS/2014,A/Perth/16/2009,40
A/Catalonia/2152420NS/2014,A/Samara/73/2013,320
A/Catalonia/2152420NS/2014,A/Victoria/361/2011,160
A/Catalonia/2235376NS/2015,A/Minsk/1737/2012,40
A/Catalonia/2235376NS/2015,A/Netherlands/398/2014,100
A/Catalonia/2235376NS/2015,A/Perth/16/2009,<40
A/Catalonia/2235376NS/2015,A/Samara/73/2013,80
A/Catalonia/2235376NS/2015,A/Switzerland/9715293/2013,<40
A/Catalonia/2235376NS/2015,A/Victoria/361/2011,40
A/Catalonia/2235968NS/2015,A/Minsk/1737/2012,<40
A/Catalonia/2235968NS/2015,A/Netherlands/398/2014,100
A/Catalonia/2235968NS/2015,A/Perth/16/2009,<40
A/Catalonia/2235968NS/2015,A/Samara/73/2013,<40
A/Catalonia/2235968NS/2015,A/Switzerland/9715293/2013,<40
A/Catalonia/2235968NS/2015,A/Victoria/361/2011,<40
A/Catalonia/2262797NS/2022,A/Darwin/9/2021,400
A/Catalonia/2262797NS/2022,A/England/214040936/2021,90
A/Catalonia/2262797NS/2022,A/Lille/50053/2022,800
A/Catalonia/2262797NS/2022,A/Stockholm/5/2021,200
A/Catalonia/2262797NS/2022,A/Ukraine/354/2021,320
A/Catalonia/3509691NS/2017,A/Georgia/532/2015,80
A/Catalonia/3509691NS/2017,A/Minsk/1737/2012,40
A/Catalonia/3509691NS/2017,A/Netherlands/398/2014,120
A/Catalonia/3509691NS/2017,A/Palermo/6/2016,160
A/Catalonia/3509691NS/2017,A/Sachsen/74/2016,160
A/Catalonia/3509691NS/2017,A/Samara/73/2013,40
A/Catalonia/3509691NS/2017,A/Switzerland/9715293/2013,40
A/Catalonia/3512677NS/2022,A/Darwin/9/2021,320
A/Catalonia/3512677NS/2022,A/England/214040936/2021,320
A/Catalonia/3512677NS/2022,A/Lille/50053/2022,160
A/Catalonia/3512677NS/2022,A/Stockholm/5/2021,160
A/Catalonia/3512677NS/2022,A/Ukraine/354/2021,160
A/Catalonia/3551005/2021,A/Darwin/9/2021,640
A/Catalonia/3551005/2021,A/England/195200780/2019,53
A/Catalonia/3551005/2021,A/England/214040936/2021,640
A/Catalonia/3551005/2021,A/Israel/R-742/2016,40
A/Catalonia/3551005/2021,A/Stockholm/5/2021,426
A/Catalonia/5689S/2013,A/Finland/40/2010,640
A/Catalonia/5689S/2013,A/Hawaii/22/2012,320
A/Catalonia/5689S/2013,A/Iowa/19/2010,640
A/Catalonia/5689S/2013,A/Johannesburg/126/2009,160
A/Catalonia/5689S/2013,A/Minsk/1737/2012,2560
A/Catalonia/5689S/2013,A/Paris/1988/2012,80
A/Catalonia/5689S/2013,A/Perth/16/2009,160
A/Catalonia/5689S/2013,A/Victoria/361/2011,320
A/Catalonia/6623S/2013,A/Finland/40/2010,120
A/Catalonia/6623S/2013,A/Iowa/19/2010,160
A/Catalonia/6623S/2013,A/Minsk/1737/2012,120
A/Catalonia/6623S/2013,A/Paris/1988/2012,240
A/Catalonia/6623S/2013,A/Perth/16/2009,40
A/Catalonia/6623S/2013,A/Samara/73/2013,480
A/Catalonia/6623S/2013,A/Victoria/361/2011,240
A/Catalonia/8396S/2015,A/Georgia/532/2015,40
A/Catalonia/8396S/2015,A/Madrid/SO13031/2014,<40
A/Catalonia/8396S/2015,A/Minsk/1737/2012,40
A/Catalonia/8396S/2015,A/Netherlands/398/2014,100
A/Catalonia/8396S/2015,A/Samara/73/2013,<40
A/Catalonia/8396S/2015,A/Switzerland/9715293/2013,<40
A/Catalonia/NSJO510768271/2024,A/England/189/2023,160
A/Catalonia/NSJO510768271/2024,A/Lisboa/216/2023,320
A/Catalonia/NSJO510768271/2024,A/Netherlands/10563/2023,320
A/Catalonia/NSJO510768271/2024,A/Norway/12374/2023,80
A/Catalonia/NSJO510768271/2024,A/Oklahoma/05/2024,160
A/Catalonia/NSVH102155361/2023,A/Darwin/9/2021,320
A/Catalonia/NSVH102155361/2023,A/Poland/PL65/2022,160
A/Catalonia/NSVH102155361/2023,A/Stockholm/5/2021,80
A/Catalonia/NSVH102155361/2023,A/Switzerland/28719/2022,320
A/Catalonia/NSVH102158148/2023,A/Darwin/9/2021,320
A/Catalonia/NSVH102158148/2023,A/Poland/PL65/2022,80
A/Catalonia/NSVH102158148/2023,A/Stockholm/5/2021,160
A/Catalonia/NSVH102158148/2023,A/Switzerland/28719/2022,640
A/Catalonia/NSVH102337351/2024,A/England/189/2023,640
A/Catalonia/NSVH102337351/2024,A/Idaho/69/2023,640
A/Catalonia/NSVH102337351/2024,A/Kyrgyzstan/124/2023,320
A/Catalonia/NSVH102337351/2024,A/Lisboa/216/2023,240
A/Catalonia/NSVH102337351/2024,A/Netherlands/10563/2023,240
A/Catalonia/NSVH102337351/2024,A/Norway/12374/2023,80
A/Catalonia/NSVH102337351/2024,A/Oklahoma/05/2024,100
A/Catalonia/NSVH102337351/2024,A/Shanghai-Fengxian/1912/2023,320
A/Catalonia/NSVH102367246/2024,A/England/189/2023,160
A/Catalonia/NSVH102367246/2024,A/Lisboa/216/2023,320
A/Catalonia/NSVH102367246/2024,A/Netherlands/10563/2023,320
A/Catalonia/NSVH102367246/2024,A/Norway/12374/2023,80
A/Catalonia/NSVH102367246/2024,A/Oklahoma/05/2024,160
A/Catalonia/NSVH198242704/2022,A/Darwin/9/2021,640
A/Catalonia/NSVH198242704/2022,A/England/214040936/2021,240
A/Catalonia/NSVH198242704/2022,A/Stockholm/5/2021,320
A/Catalonia/NSVH198242704/2022,A/Ukraine/354/2021,320
A/Centre/013/2019,A/Fes/67/2016,80
A/Centre/013/2019,A/Israel/R-742/2016,<40
A/Centre/013/2019,A/Netherlands/10260/2018,160
A/Centre/013/2019,A/Netherlands/398/2014,160
A/Centre/013/2019,A/Norway/3275/2018,40
A/Centre/013/2019,A/Switzerland/8060/2017,<40
A/Centre/03353/2023,A/Darwin/9/2021,640
A/Centre/03353/2023,A/England/214040936/2021,240
A/Centre/03353/2023,A/Lille/50053/2022,1280
A/Centre/03353/2023,A/Stockholm/5/2021,320
A/Centre/1497/2014,A/Henan-Xigong/11041/2014,160
A/Centre/1497/2014,A/Minsk/1737/2012,160
A/Centre/1497/2014,A/Netherlands/398/2014,320
A/Centre/1497/2014,A/Perth/16/2009,80
A/Centre/1497/2014,A/Samara/73/2013,320
A/Centre/1497/2014,A/Switzerland/9715293/2013,120
A/Centre/1497/2014,A/Victoria/361/2011,160
A/Centre/1846/2019,A/Fes/67/2016,100
A/Centre/1846/2019,A/Israel/R-742/2016,400
A/Centre/1846/2019,A/Norway/3275/2018,40
A/Centre/1846/2019,A/Switzerland/8060/2017,80
A/Centre/2293/2020,A/Fes/67/2016,80
A/Centre/2293/2020,A/Israel/R-742/2016,340
A/Centre/2293/2020,A/Norway/3275/2018,<40
A/Centre/2484/2013,A/Finland/40/2010,240
A/Centre/2484/2013,A/Iowa/19/2010,240
A/Centre/2484/2013,A/Minsk/1737/2012,200
A/Centre/2484/2013,A/Paris/1988/2012,270
A/Centre/2484/2013,A/Perth/16/2009,60
A/Centre/2484/2013,A/Samara/73/2013,560
A/Centre/2484/2013,A/Victoria/361/2011,300
A/Centre/2559/2019,A/Fes/67/2016,128
A/Centre/2559/2019,A/Israel/R-742/2016,96
A/Centre/2559/2019,A/Norway/3275/2018,112
A/Centre/2559/2019,A/Switzerland/8060/2017,66
A/Chambery/760/2021,A/Darwin/9/2021,60
A/Chambery/760/2021,A/England/195200780/2019,400
A/Chambery/760/2021,A/Israel/R-742/2016,<40
A/Chambery/760/2021,A/Stockholm/5/2021,<40
A/Champagne_Ardenne/02109/2023,A/Darwin/9/2021,160
A/Champagne_Ardenne/02109/2023,A/England/214040936/2021,120
A/Champagne_Ardenne/02109/2023,A/Lille/50053/2022,320
A/Champagne_Ardenne/02109/2023,A/Stockholm/5/2021,320
A/Champagne_Ardenne/05242/2023,A/Darwin/9/2021,320
A/Champagne_Ardenne/05242/2023,A/England/214040936/2021,120
A/Champagne_Ardenne/05242/2023,A/Lille/50053/2022,320
A/Champagne_Ardenne/05242/2023,A/Stockholm/5/2021,320
A/Chiba-C/39/2013,A/Finland/40/2010,<40
A/Chiba-C/39/2013,A/Iowa/19/2010,<40
A/Chiba-C/39/2013,A/Minsk/1737/2012,160
A/Chiba-C/39/2013,A/Perth/16/2009,<40
A/Chiba-C/39/2013,A/Samara/73/2013,40
A/Chiba-C/39/2013,A/Victoria/361/2011,<40
A/Chiba/61/2014,A/Georgia/532/2015,<40
A/Chiba/61/2014,A/Madrid/SO13031/2014,40
A/Chiba/61/2014,A/Minsk/1737/2012,40
A/Chiba/61/2014,A/Netherlands/398/2014,200
A/Chiba/61/2014,A/Samara/73/2013,40
A/Chiba/61/2014,A/Switzerland/9715293/2013,40
A/Chita/259/2014,A/Minsk/1737/2012,80
A/Chita/259/2014,A/Netherlands/398/2014,400
A/Chita/259/2014,A/Perth/16/2009,<40
A/Chita/259/2014,A/Samara/73/2013,160
A/Chita/259/2014,A/Switzerland/9715293/2013,160
A/Chita/259/2014,A/Victoria/361/2011,80
A/Chita/261/2014,A/Georgia/532/2015,<40
A/Chita/261/2014,A/Madrid/SO13031/2014,40
A/Chita/261/2014,A/Minsk/1737/2012,68
A/Chita/261/2014,A/Netherlands/398/2014,325
A/Chita/261/2014,A/Perth/16/2009,<40
A/Chita/261/2014,A/Samara/73/2013,200
A/Chita/261/2014,A/Switzerland/9715293/2013,128
A/Chita/261/2014,A/Victoria/361/2011,80
A/Christchurch/28/2003,A/Finland/486/2004,373
A/Christchurch/28/2003,A/Finland/487/2004,320
A/Christchurch/28/2003,A/Netherlands/132/2004,320
A/Christchurch/28/2003,A/Norway/1191/2004,160
A/Christchurch/28/2003,A/Panama/2007/1999,208
A/Christchurch/28/2003,A/Singapore/37/2004,350
A/Christchurch/28/2003,A/Tennessee/6/2004,80
A/Christchurch/28/2003,A/Victoria/110/2004,640
A/Christchurch/28/2003,A/Victoria/500/2004,360
A/Christchurch/28/2003,A/Victoria/513/2004,360
A/Christchurch/28/2003,A/Wellington/1/2004,840
A/Christchurch/28/2003,A/Wyoming/3/2003,2967
A/Christchurch/512/2012,A/Finland/40/2010,2560
A/Christchurch/512/2012,A/Hawaii/22/2012,5120
A/Christchurch/512/2012,A/Iowa/19/2010,5120
A/Christchurch/512/2012,A/Johannesburg/126/2009,2560
A/Christchurch/512/2012,A/Minsk/1737/2012,5120
A/Christchurch/512/2012,A/Perth/16/2009,640
A/Christchurch/512/2012,A/Victoria/361/2011,2560
A/Christchurch/515/2019,A/Dakar/11/2019,<40
A/Christchurch/515/2019,A/Dakar/13/2019,<40
A/Christchurch/515/2019,A/Denmark/3292/2019,80
A/Christchurch/515/2019,A/Fes/67/2016,180
A/Christchurch/515/2019,A/Ghana/1050/2019,80
A/Christchurch/515/2019,A/Ghana/154/2019,160
A/Christchurch/515/2019,A/Ghana/312/2019,320
A/Christchurch/515/2019,A/Greece/1430/2018,160
A/Christchurch/515/2019,A/Ireland/22716/2019,<40
A/Christchurch/515/2019,A/Ireland/28223/2019,<40
A/Christchurch/515/2019,A/Ireland/32103/2019,160
A/Christchurch/515/2019,A/Israel/R-742/2016,40
A/Christchurch/515/2019,A/Newcastle/82/2018,160
A/Christchurch/515/2019,A/Norway/2099/2019,40
A/Christchurch/515/2019,A/Norway/2155/2019,160
A/Christchurch/515/2019,A/Norway/2220/2019,80
A/Christchurch/515/2019,A/Norway/2224/2019,320
A/Christchurch/515/2019,A/Norway/3275/2018,320
A/Christchurch/515/2019,A/Oman/4471/2019,40
A/Christchurch/515/2019,A/Switzerland/8060/2017,80
A/Christchurch/515/2019,A/Sydney/53/2019,160
A/Christchurch/515/2019,A/Turkey/66/2018,173
A/Christchurch/516/2019,A/Fes/67/2016,160
A/Christchurch/516/2019,A/Israel/R-742/2016,60
A/Christchurch/516/2019,A/Norway/3275/2018,320
A/Christchurch/516/2019,A/Switzerland/8060/2017,160
A/Christchurch/64/2005,A/Finland/486/2004,160
A/Christchurch/64/2005,A/Panama/2007/1999,80
A/Christchurch/64/2005,A/Wyoming/3/2003,160
A/ComunidadValenciana/1925/2024,A/DistrictOfColumbia/27/2023,240
A/ComunidadValenciana/1925/2024,A/Lisboa/216/2023,320
A/ComunidadValenciana/1925/2024,A/Netherlands/10510/2024,80
A/ComunidadValenciana/1925/2024,A/Netherlands/10563/2023,320
A/ComunidadValenciana/1925/2024,A/Norway/12374/2023,160
A/ComunidadValenciana/1925/2024,A/Oklahoma/05/2024,80
A/Constanta/239165/2018,A/Fes/67/2016,<40
A/Constanta/239165/2018,A/Israel/R-742/2016,<40
A/Constanta/239165/2018,A/Netherlands/10260/2018,40
A/Constanta/239165/2018,A/Netherlands/398/2014,<40
A/Constanta/239165/2018,A/Norway/3275/2018,40
A/Constanta/239165/2018,A/Switzerland/8060/2017,<40
A/CoteD'Ivoire/4452/2024,A/DistrictOfColumbia/27/2023,280
A/CoteD'Ivoire/4452/2024,A/Lisboa/216/2023,320
A/CoteD'Ivoire/4452/2024,A/Netherlands/10510/2024,80
A/CoteD'Ivoire/4452/2024,A/Netherlands/10563/2023,480
A/CoteD'Ivoire/4452/2024,A/Norway/12374/2023,120
A/CoteD'Ivoire/4452/2024,A/Oklahoma/05/2024,240
A/CoteD'Ivoire/4459/2024,A/DistrictOfColumbia/27/2023,80
A/CoteD'Ivoire/4459/2024,A/Lisboa/216/2023,160
A/CoteD'Ivoire/4459/2024,A/Netherlands/10510/2024,40
A/CoteD'Ivoire/4459/2024,A/Netherlands/10563/2023,160
A/CoteD'Ivoire/4459/2024,A/Norway/12374/2023,80
A/CoteD'Ivoire/4459/2024,A/Oklahoma/05/2024,80
A/CoteD'Ivoire/4460/2024,A/DistrictOfColumbia/27/2023,480
A/CoteD'Ivoire/4460/2024,A/Lisboa/216/2023,640
A/CoteD'Ivoire/4460/2024,A/Netherlands/10510/2024,80
A/CoteD'Ivoire/4460/2024,A/Netherlands/10563/2023,320
A/CoteD'Ivoire/4460/2024,A/Norway/12374/2023,320
A/CoteD'Ivoire/4460/2024,A/Oklahoma/05/2024,640
A/CoteD'Ivoire/4492/2024,A/DistrictOfColumbia/27/2023,400
A/CoteD'Ivoire/4492/2024,A/Lisboa/216/2023,320
A/CoteD'Ivoire/4492/2024,A/Netherlands/10510/2024,80
A/CoteD'Ivoire/4492/2024,A/Netherlands/10563/2023,320
A/CoteD'Ivoire/4492/2024,A/Norway/12374/2023,320
A/CoteD'Ivoire/4492/2024,A/Oklahoma/05/2024,160
A/CoteD'Ivoire/4555/2024,A/DistrictOfColumbia/27/2023,240
A/CoteD'Ivoire/4555/2024,A/Lisboa/216/2023,320
A/CoteD'Ivoire/4555/2024,A/Netherlands/10510/2024,80
A/CoteD'Ivoire/4555/2024,A/Netherlands/10563/2023,320
A/CoteD'Ivoire/4555/2024,A/Norway/12374/2023,160
A/CoteD'Ivoire/4555/2024,A/Oklahoma/05/2024,160
A/CoteD'Ivoire/4592/2024,A/DistrictOfColumbia/27/2023,640
A/CoteD'Ivoire/4592/2024,A/Lisboa/216/2023,640
A/CoteD'Ivoire/4592/2024,A/Netherlands/10510/2024,160
A/CoteD'Ivoire/4592/2024,A/Netherlands/10563/2023,640
A/CoteD'Ivoire/4592/2024,A/Norway/12374/2023,320
A/CoteD'Ivoire/4592/2024,A/Oklahoma/05/2024,320
A/CoteD'Ivoire/4593/2024,A/DistrictOfColumbia/27/2023,160
A/CoteD'Ivoire/4593/2024,A/Lisboa/216/2023,213
A/CoteD'Ivoire/4593/2024,A/Netherlands/10510/2024,60
A/CoteD'Ivoire/4593/2024,A/Netherlands/10563/2023,213
A/CoteD'Ivoire/4593/2024,A/Norway/12374/2023,133
A/CoteD'Ivoire/4593/2024,A/Oklahoma/05/2024,186
A/CoteD'Ivoire/4612/2024,A/DistrictOfColumbia/27/2023,240
A/CoteD'Ivoire/4612/2024,A/Lisboa/216/2023,160
A/CoteD'Ivoire/4612/2024,A/Netherlands/10510/2024,40
A/CoteD'Ivoire/4612/2024,A/Netherlands/10563/2023,160
A/CoteD'Ivoire/4612/2024,A/Norway/12374/2023,160
A/CoteD'Ivoire/4612/2024,A/Oklahoma/05/2024,160
A/Croatia/111538/2022,A/Darwin/9/2021,240
A/Croatia/111538/2022,A/England/214040936/2021,90
A/Croatia/111538/2022,A/Stockholm/5/2021,160
A/Croatia/111538/2022,A/Ukraine/354/2021,240
A/Croatia/14020/2023,A/Darwin/9/2021,320
A/Croatia/14020/2023,A/England/189/2023,640
A/Croatia/14020/2023,A/Kyrgyzstan/124/2023,*
A/Croatia/14020/2023,A/Netherlands/10563/2023,320
A/Croatia/14020/2023,A/Poland/PL65/2022,120
A/Croatia/14020/2023,A/Stockholm/5/2021,200
A/Croatia/14020/2023,A/Switzerland/28719/2022,320
A/Croatia/14051/2023,A/Darwin/9/2021,320
A/Croatia/14051/2023,A/England/189/2023,*
A/Croatia/14051/2023,A/Kyrgyzstan/124/2023,*
A/Croatia/14051/2023,A/Poland/PL65/2022,80
A/Croatia/14051/2023,A/Stockholm/5/2021,160
A/Croatia/14051/2023,A/Switzerland/28719/2022,160
A/Croatia/1613/2024,A/England/189/2023,80
A/Croatia/1613/2024,A/Lisboa/216/2023,160
A/Croatia/1613/2024,A/Netherlands/10563/2023,160
A/Croatia/1613/2024,A/Norway/12374/2023,40
A/Croatia/1613/2024,A/Oklahoma/05/2024,80
A/Croatia/1923/2014,A/Madrid/SO13031/2014,1280
A/Croatia/1923/2014,A/Minsk/1737/2012,360
A/Croatia/1923/2014,A/Netherlands/398/2014,240
A/Croatia/1923/2014,A/Perth/16/2009,60
A/Croatia/1923/2014,A/Samara/73/2013,320
A/Croatia/1923/2014,A/Switzerland/9715293/2013,90
A/Croatia/1923/2014,A/Victoria/361/2011,160
A/Croatia/3608/2017,A/Fes/67/2016,160
A/Croatia/3608/2017,A/Greece/4/2017,160
A/Croatia/3608/2017,A/Netherlands/398/2014,80
A/Croatia/3608/2017,A/Norway/4465/2016,320
A/Croatia/3608/2017,A/Palermo/6/2016,160
A/Croatia/3608/2017,A/Sachsen/74/2016,160
A/Croatia/3608/2017,A/Switzerland/9715293/2013,40
A/Croatia/70648/2022,A/Darwin/9/2021,160
A/Croatia/70648/2022,A/England/195200780/2019,80
A/Croatia/70648/2022,A/England/214040936/2021,160
A/Croatia/70648/2022,A/Israel/R-742/2016,<40
A/Croatia/70648/2022,A/Stockholm/5/2021,160
A/Croatia/70723/2022,A/Darwin/9/2021,640
A/Croatia/70723/2022,A/England/195200780/2019,40
A/Croatia/70723/2022,A/England/214040936/2021,640
A/Croatia/70723/2022,A/Israel/R-742/2016,<40
A/Croatia/70723/2022,A/Stockholm/5/2021,640
A/Croatia/77372/2022,A/Darwin/9/2021,320
A/Croatia/77372/2022,A/England/195200780/2019,80
A/Croatia/77372/2022,A/England/214040936/2021,320
A/Croatia/77372/2022,A/Israel/R-742/2016,<40
A/Croatia/77372/2022,A/Stockholm/5/2021,640
A/Cyprus/F1108/2020,A/Fes/67/2016,160
A/Cyprus/F1108/2020,A/Israel/R-742/2016,560
A/Cyprus/F1108/2020,A/Norway/3275/2018,40
A/Cyprus/F1123/2020,A/Fes/67/2016,160
A/Cyprus/F1123/2020,A/Israel/R-742/2016,560
A/Cyprus/F1123/2020,A/Norway/3275/2018,<40
A/Cyprus/F1165/2020,A/Fes/67/2016,320
A/Cyprus/F1165/2020,A/Israel/R-742/2016,880
A/Cyprus/F1165/2020,A/Norway/3275/2018,<40
A/Cyprus/F1218/2020,A/Fes/67/2016,320
A/Cyprus/F1218/2020,A/Israel/R-742/2016,560
A/Cyprus/F1218/2020,A/Norway/3275/2018,<40
A/Cyprus/F16/2016,A/Georgia/532/2015,80
A/Cyprus/F16/2016,A/Madrid/SO13031/2014,<40
A/Cyprus/F16/2016,A/Minsk/1737/2012,40
A/Cyprus/F16/2016,A/Netherlands/398/2014,100
A/Cyprus/F16/2016,A/Samara/73/2013,<40
A/Cyprus/F16/2016,A/Switzerland/9715293/2013,40
A/Cyprus/F19/2015,A/Minsk/1737/2012,<40
A/Cyprus/F19/2015,A/Netherlands/398/2014,40
A/Cyprus/F19/2015,A/Perth/16/2009,<40
A/Cyprus/F19/2015,A/Samara/73/2013,40
A/Cyprus/F19/2015,A/Switzerland/9715293/2013,<40
A/Cyprus/F19/2015,A/Victoria/361/2011,<40
A/Cyprus/F30/2014,A/Finland/40/2010,160
A/Cyprus/F30/2014,A/Iowa/19/2010,80
A/Cyprus/F30/2014,A/Minsk/1737/2012,80
A/Cyprus/F30/2014,A/Paris/1988/2012,160
A/Cyprus/F30/2014,A/Perth/16/2009,<40
A/Cyprus/F30/2014,A/Samara/73/2013,320
A/Cyprus/F30/2014,A/Victoria/361/2011,160
A/Cyprus/F411/2020,A/Fes/67/2016,160
A/Cyprus/F411/2020,A/Israel/R-742/2016,960
A/Cyprus/F411/2020,A/Norway/3275/2018,<40
A/Cyprus/F960/2020,A/Fes/67/2016,80
A/Cyprus/F960/2020,A/Israel/R-742/2016,480
A/Cyprus/F960/2020,A/Norway/3275/2018,40
A/Dakar/03/2022,A/Darwin/9/2021,320
A/Dakar/03/2022,A/England/195200780/2019,40
A/Dakar/03/2022,A/England/214040936/2021,640
A/Dakar/03/2022,A/Israel/R-742/2016,40
A/Dakar/03/2022,A/Stockholm/5/2021,320
A/Dakar/030/2024,A/DistrictOfColumbia/27/2023,240
A/Dakar/030/2024,A/Lisboa/216/2023,320
A/Dakar/030/2024,A/Netherlands/10510/2024,80
A/Dakar/030/2024,A/Netherlands/10563/2023,320
A/Dakar/030/2024,A/Norway/12374/2023,80
A/Dakar/030/2024,A/Oklahoma/05/2024,160
A/Dakar/033/2024,A/DistrictOfColumbia/27/2023,200
A/Dakar/033/2024,A/Lisboa/216/2023,240
A/Dakar/033/2024,A/Netherlands/10510/2024,60
A/Dakar/033/2024,A/Netherlands/10563/2023,240
A/Dakar/033/2024,A/Norway/12374/2023,120
A/Dakar/033/2024,A/Oklahoma/05/2024,120
A/Dakar/034/2024,A/DistrictOfColumbia/27/2023,240
A/Dakar/034/2024,A/Lisboa/216/2023,320
A/Dakar/034/2024,A/Netherlands/10510/2024,80
A/Dakar/034/2024,A/Netherlands/10563/2023,480
A/Dakar/034/2024,A/Norway/12374/2023,120
A/Dakar/034/2024,A/Oklahoma/05/2024,240
A/Dakar/035/2024,A/DistrictOfColumbia/27/2023,120
A/Dakar/035/2024,A/Lisboa/216/2023,80
A/Dakar/035/2024,A/Netherlands/10510/2024,80
A/Dakar/035/2024,A/Netherlands/10563/2023,160
A/Dakar/035/2024,A/Norway/12374/2023,40
A/Dakar/035/2024,A/Oklahoma/05/2024,<40
A/Dakar/038/2024,A/DistrictOfColumbia/27/2023,480
A/Dakar/038/2024,A/Lisboa/216/2023,640
A/Dakar/038/2024,A/Netherlands/10510/2024,80
A/Dakar/038/2024,A/Netherlands/10563/2023,640
A/Dakar/038/2024,A/Norway/12374/2023,160
A/Dakar/038/2024,A/Oklahoma/05/2024,320
A/Dakar/040/2024,A/DistrictOfColumbia/27/2023,280
A/Dakar/040/2024,A/England/189/2023,166
A/Dakar/040/2024,A/Idaho/69/2023,320
A/Dakar/040/2024,A/Kyrgyzstan/124/2023,320
A/Dakar/040/2024,A/Lisboa/216/2023,344
A/Dakar/040/2024,A/Netherlands/10510/2024,70
A/Dakar/040/2024,A/Netherlands/10563/2023,356
A/Dakar/040/2024,A/Norway/12374/2023,120
A/Dakar/040/2024,A/Oklahoma/05/2024,145
A/Dakar/040/2024,A/Shanghai-Fengxian/1912/2023,640
A/Dakar/05/2022,A/Darwin/9/2021,640
A/Dakar/05/2022,A/England/195200780/2019,80
A/Dakar/05/2022,A/England/214040936/2021,1280
A/Dakar/05/2022,A/Israel/R-742/2016,40
A/Dakar/05/2022,A/Stockholm/5/2021,320
A/Dakar/08/2022,A/Darwin/9/2021,640
A/Dakar/08/2022,A/England/195200780/2019,40
A/Dakar/08/2022,A/England/214040936/2021,640
A/Dakar/08/2022,A/Israel/R-742/2016,80
A/Dakar/08/2022,A/Stockholm/5/2021,320
A/Dakar/10/2018,A/Fes/67/2016,160
A/Dakar/10/2018,A/Israel/R-742/2016,640
A/Dakar/10/2018,A/Netherlands/10260/2018,80
A/Dakar/10/2018,A/Netherlands/398/2014,80
A/Dakar/10/2018,A/Switzerland/8060/2017,160
A/Dakar/10/2022,A/Darwin/9/2021,533
A/Dakar/10/2022,A/England/195200780/2019,80
A/Dakar/10/2022,A/England/214040936/2021,1066
A/Dakar/10/2022,A/Israel/R-742/2016,66
A/Dakar/10/2022,A/Stockholm/5/2021,426
A/Dakar/11/2019,A/Fes/67/2016,160
A/Dakar/11/2019,A/Israel/R-742/2016,280
A/Dakar/11/2019,A/Norway/3275/2018,40
A/Dakar/11/2019,A/Switzerland/8060/2017,40
A/Dakar/11/2022,A/Darwin/9/2021,1280
A/Dakar/11/2022,A/England/195200780/2019,160
A/Dakar/11/2022,A/England/214040936/2021,1280
A/Dakar/11/2022,A/Israel/R-742/2016,80
A/Dakar/11/2022,A/Stockholm/5/2021,1280
A/Dakar/13/2019,A/Fes/67/2016,80
A/Dakar/13/2019,A/Israel/R-742/2016,280
A/Dakar/13/2019,A/Norway/3275/2018,40
A/Dakar/13/2019,A/Switzerland/8060/2017,80
A/Dakar/13/2024,A/England/189/2023,40
A/Dakar/13/2024,A/Lisboa/216/2023,160
A/Dakar/13/2024,A/Netherlands/10563/2023,160
A/Dakar/13/2024,A/Oklahoma/05/2024,40
A/Dakar/14/2022,A/Darwin/9/2021,960
A/Dakar/14/2022,A/England/195200780/2019,80
A/Dakar/14/2022,A/England/214040936/2021,480
A/Dakar/14/2022,A/Israel/R-742/2016,60
A/Dakar/14/2022,A/Stockholm/5/2021,480
A/Dakar/16/2012,A/Finland/40/2010,80
A/Dakar/16/2012,A/Hawaii/22/2012,80
A/Dakar/16/2012,A/Iowa/19/2010,<40
A/Dakar/16/2012,A/Johannesburg/126/2009,<40
A/Dakar/16/2012,A/Minsk/1737/2012,160
A/Dakar/16/2012,A/Perth/16/2009,<40
A/Dakar/16/2012,A/Victoria/361/2011,100
A/Dakar/17/2024,A/England/189/2023,1280
A/Dakar/17/2024,A/Lisboa/216/2023,640
A/Dakar/17/2024,A/Netherlands/10563/2023,320
A/Dakar/17/2024,A/Oklahoma/05/2024,160
A/Dakar/18/2019,A/Fes/67/2016,80
A/Dakar/18/2019,A/Israel/R-742/2016,60
A/Dakar/18/2019,A/Norway/3275/2018,80
A/Dakar/18/2019,A/Switzerland/8060/2017,40
A/Dakar/20/2022,A/Darwin/9/2021,320
A/Dakar/20/2022,A/England/195200780/2019,80
A/Dakar/20/2022,A/England/214040936/2021,640
A/Dakar/20/2022,A/Israel/R-742/2016,40
A/Dakar/20/2022,A/Stockholm/5/2021,160
A/Dakar/21/2011,A/Denmark/90/2011,640
A/Dakar/21/2011,A/England/259/2011,320
A/Dakar/21/2011,A/Finland/40/2010,480
A/Dakar/21/2011,A/Iowa/19/2010,240
A/Dakar/21/2011,A/Johannesburg/126/2009,120
A/Dakar/21/2011,A/Netherlands/34/2010,320
A/Dakar/21/2011,A/Perth/10/2010,160
A/Dakar/21/2011,A/Perth/16/2009,70
A/Dakar/21/2011,A/Victoria/210/2009,80
A/Dakar/22/2022,A/Darwin/9/2021,320
A/Dakar/22/2022,A/England/195200780/2019,80
A/Dakar/22/2022,A/England/214040936/2021,640
A/Dakar/22/2022,A/Israel/R-742/2016,80
A/Dakar/22/2022,A/Stockholm/5/2021,320
A/Dakar/23/2024,A/England/189/2023,40
A/Dakar/23/2024,A/Lisboa/216/2023,160
A/Dakar/23/2024,A/Netherlands/10563/2023,160
A/Dakar/23/2024,A/Oklahoma/05/2024,40
A/Dakar/24/2022,A/Darwin/9/2021,320
A/Dakar/24/2022,A/England/195200780/2019,80
A/Dakar/24/2022,A/England/214040936/2021,1280
A/Dakar/24/2022,A/Israel/R-742/2016,80
A/Dakar/24/2022,A/Stockholm/5/2021,320
A/Dakar/25/2024,A/England/189/2023,1280
A/Dakar/25/2024,A/Lisboa/216/2023,1066
A/Dakar/25/2024,A/Netherlands/10563/2023,640
A/Dakar/25/2024,A/Oklahoma/05/2024,373
A/Dakar/27/2022,A/Darwin/9/2021,640
A/Dakar/27/2022,A/England/214040936/2021,400
A/Dakar/27/2022,A/Stockholm/5/2021,320
A/Dakar/27/2022,A/Ukraine/354/2021,160
A/Dakar/28/2018,A/Fes/67/2016,80
A/Dakar/28/2018,A/Israel/R-742/2016,320
A/Dakar/28/2018,A/Netherlands/10260/2018,40
A/Dakar/28/2018,A/Netherlands/398/2014,40
A/Dakar/28/2018,A/Switzerland/8060/2017,80
A/Dakar/29/2018,A/Fes/67/2016,80
A/Dakar/29/2018,A/Israel/R-742/2016,640
A/Dakar/29/2018,A/Netherlands/10260/2018,80
A/Dakar/29/2018,A/Netherlands/398/2014,40
A/Dakar/29/2018,A/Switzerland/8060/2017,80
A/Dakar/62/2021,A/Darwin/9/2021,563
A/Dakar/62/2021,A/England/195200780/2019,82
A/Dakar/62/2021,A/England/214040936/2021,849
A/Dakar/62/2021,A/Israel/R-742/2016,45
A/Dakar/62/2021,A/Lille/50053/2022,373
A/Dakar/62/2021,A/Stockholm/5/2021,428
A/Dakar/62/2021,A/Ukraine/354/2021,220
A/Dakar/64/2021,A/Darwin/9/2021,110
A/Dakar/64/2021,A/England/195200780/2019,90
A/Dakar/64/2021,A/England/214040936/2021,<40
A/Dakar/64/2021,A/Israel/R-742/2016,40
A/Dakar/64/2021,A/Stockholm/5/2021,93
A/Darwin/9/2021,A/Delaware/01/2021,906
A/Darwin/9/2021,A/Denmark/21/2021,640
A/Darwin/9/2021,A/Denmark/333/2022,640
A/Darwin/9/2021,A/Dijon/04835/2023,213
A/Darwin/9/2021,A/DistrictOfColumbia/27/2023,320
A/Darwin/9/2021,A/Dunkerque/16908/2022,320
A/Darwin/9/2021,A/Egypt/2319996/2022,160
A/Darwin/9/2021,A/England/189/2023,369
A/Darwin/9/2021,A/England/195200780/2019,256
A/Darwin/9/2021,A/England/214040936/2021,637
A/Darwin/9/2021,A/England/214420670/2021,640
A/Darwin/9/2021,A/England/40/2023,320
A/Darwin/9/2021,A/England/42/2023,320
A/Darwin/9/2021,A/Eskilstuna/1/2022,320
A/Darwin/9/2021,A/Eskilstuna/3/2022,320
A/Darwin/9/2021,A/Estonia/167744/2021,1493
A/Darwin/9/2021,A/Estonia/168131/2022,640
A/Darwin/9/2021,A/Estonia/168141/2022,960
A/Darwin/9/2021,A/Estonia/172437/2022,320
A/Darwin/9/2021,A/Estonia/KL283/2023,320
A/Darwin/9/2021,A/Estonia/KL4992/2022,320
A/Darwin/9/2021,A/Extremadura/240460/2023,320
A/Darwin/9/2021,A/FVG-Udine/99/2023,320
A/Darwin/9/2021,A/Florida/02/2021,800
A/Darwin/9/2021,A/Fort-De-France/53820/2022,640
A/Darwin/9/2021,A/France/28187/2023,320
A/Darwin/9/2021,A/France/33503/2023,320
A/Darwin/9/2021,A/France/GES-IPP14626/2024,213
A/Darwin/9/2021,A/France/GES-IPP26703/2023,320
A/Darwin/9/2021,A/Galicia/3991/2022,240
A/Darwin/9/2021,A/Gavle/SE23-16072/2023,480
A/Darwin/9/2021,A/Georgia/132/2022,1280
A/Darwin/9/2021,A/Georgia/2048/2021,1280
A/Darwin/9/2021,A/Georgia/2063/2021,1280
A/Darwin/9/2021,A/Georgia/GEO42/2024,320
A/Darwin/9/2021,A/Georgia/K18-57/2022,160
A/Darwin/9/2021,A/Georgia/K20-14/2022,80
A/Darwin/9/2021,A/Georgia/T2/2022,373
A/Darwin/9/2021,A/Georgia/T26-26/2022,320
A/Darwin/9/2021,A/Georgia/T27-25/2022,320
A/Darwin/9/2021,A/Ghana/1724/2022,346
A/Darwin/9/2021,A/Ghana/1836/2022,320
A/Darwin/9/2021,A/Ghana/195/2022,1280
A/Darwin/9/2021,A/Ghana/3122/2022,640
A/Darwin/9/2021,A/Ghana/3353/2022,640
A/Darwin/9/2021,A/Ghana/390/2022,1280
A/Darwin/9/2021,A/Ghana/392/2022,320
A/Darwin/9/2021,A/Ghana/7400/2023,320
A/Darwin/9/2021,A/Ghana/7529/2023,320
A/Darwin/9/2021,A/Ghana/7625/2023,320
A/Darwin/9/2021,A/Greece/15/2023,320
A/Darwin/9/2021,A/Greece/370/2022,320
A/Darwin/9/2021,A/Hessen/45/2022,228
A/Darwin/9/2021,A/HongKong/1539/2023,160
A/Darwin/9/2021,A/HongKong/1543/2023,160
A/Darwin/9/2021,A/HongKong/1544/2023,160
A/Darwin/9/2021,A/HongKong/3048/2023,320
A/Darwin/9/2021,A/HongKong/3055/2023,320
A/Darwin/9/2021,A/HongKong/3081/2023,320
A/Darwin/9/2021,A/Hungary/141/2023,320
A/Darwin/9/2021,A/Hungary/148/2023,280
A/Darwin/9/2021,A/Hungary/169/2023,640
A/Darwin/9/2021,A/Hungary/174/2023,640
A/Darwin/9/2021,A/Hungary/199/2023,373
A/Darwin/9/2021,A/Hungary/206/2023,640
A/Darwin/9/2021,A/Hungary/60/2022,1280
A/Darwin/9/2021,A/Hungary/63/2022,640
A/Darwin/9/2021,A/Hungary/68/2022,320
A/Darwin/9/2021,A/Hungary/73/2022,160
A/Darwin/9/2021,A/Hungary/75/2022,160
A/Darwin/9/2021,A/Hungary/87/2022,160
A/Darwin/9/2021,A/Ibra/72126272/2021,960
A/Darwin/9/2021,A/Ibra/72211258/2022,640
A/Darwin/9/2021,A/Ibra/72211780/2022,320
A/Darwin/9/2021,A/Ibra/72211857/2022,320
A/Darwin/9/2021,A/Ibra/72211987/2022,160
A/Darwin/9/2021,A/Iceland/34327/2023,320
A/Darwin/9/2021,A/Iceland/7184/2024,160
A/Darwin/9/2021,A/Iran/23E11/2023,160
A/Darwin/9/2021,A/Iran/Aban17A/2021,512
A/Darwin/9/2021,A/Iran/Mehr28/2021,480
A/Darwin/9/2021,A/Ireland/00100281/2023,160
A/Darwin/9/2021,A/Ireland/00100379/2023,320
A/Darwin/9/2021,A/Ireland/00102017/2023,640
A/Darwin/9/2021,A/Ireland/00105655/2023,640
A/Darwin/9/2021,A/Ireland/14993/2022,320
A/Darwin/9/2021,A/Ireland/16348/2022,640
A/Darwin/9/2021,A/Ireland/24347/2022,640
A/Darwin/9/2021,A/Ireland/4594/2021,640
A/Darwin/9/2021,A/Ireland/65707/2022,160
A/Darwin/9/2021,A/Ireland/69896/2022,160
A/Darwin/9/2021,A/Ireland/74535/2022,160
A/Darwin/9/2021,A/Ireland/80523/2022,320
A/Darwin/9/2021,A/Ireland/8169/2023,160
A/Darwin/9/2021,A/Ireland/8661/2023,160
A/Darwin/9/2021,A/Ireland/9045/2023,320
A/Darwin/9/2021,A/Ireland/92285/2021,1280
A/Darwin/9/2021,A/Ireland/9468/2023,320
A/Darwin/9/2021,A/Ireland/9830/2023,640
A/Darwin/9/2021,A/Israel/B-145/2021,640
A/Darwin/9/2021,A/Israel/B1398/2022,133
A/Darwin/9/2021,A/Israel/B1644/2022,80
A/Darwin/9/2021,A/Israel/B1719/2022,320
A/Darwin/9/2021,A/Israel/R-6983/2021,640
A/Darwin/9/2021,A/Israel/R-742/2016,115
A/Darwin/9/2021,A/Israel/R-9337/2021,640
A/Darwin/9/2021,A/Israel/R-9526/2021,1280
A/Darwin/9/2021,A/Israel/R11447/2022,160
A/Darwin/9/2021,A/Israel/R1564/2024,320
A/Darwin/9/2021,A/Israel/R1571/2024,640
A/Darwin/9/2021,A/Israel/R1598/2024,640
A/Darwin/9/2021,A/Israel/R1805/2024,160
A/Darwin/9/2021,A/Israel/R1836/2024,240
A/Darwin/9/2021,A/Israel/R1880/2024,160
A/Darwin/9/2021,A/Israel/R1994/2024,640
A/Darwin/9/2021,A/Israel/R2058/2024,320
A/Darwin/9/2021,A/Israel/R2212/2024,320
A/Darwin/9/2021,A/Israel/R2231/2024,1280
A/Darwin/9/2021,A/Israel/R2239/2024,640
A/Darwin/9/2021,A/Israel/R2254/2024,640
A/Darwin/9/2021,A/Kaliningrad/RII-03/2021,320
A/Darwin/9/2021,A/Kaliningrad/RII-05/2021,320
A/Darwin/9/2021,A/Kaliningrad/RII-06/2021,320
A/Darwin/9/2021,A/Kazakhstan/275/2023,160
A/Darwin/9/2021,A/Kazakhstan/277/2023,320
A/Darwin/9/2021,A/Kazakhstan/336/2023,160
A/Darwin/9/2021,A/Kosice/130/2023,160
A/Darwin/9/2021,A/Kosice/158/2023,640
A/Darwin/9/2021,A/Kosova/114/2021,436
A/Darwin/9/2021,A/Kosova/587/2021,1280
A/Darwin/9/2021,A/Kosova/607/2021,1120
A/Darwin/9/2021,A/Kosova/710/2021,1114
A/Darwin/9/2021,A/Kosova/78/2021,1280
A/Darwin/9/2021,A/Kyiv/1/2022,1450
A/Darwin/9/2021,A/Kyiv/393/2021,640
A/Darwin/9/2021,A/Kyiv/4/2022,1280
A/Darwin/9/2021,A/Kyrgyzstan/117/2023,160
A/Darwin/9/2021,A/Kyrgyzstan/124/2023,405
A/Darwin/9/2021,A/Kyrgyzstan/14/2023,320
A/Darwin/9/2021,A/Kyrgyzstan/16/2023,320
A/Darwin/9/2021,A/Kyrgyzstan/20/2023,640
A/Darwin/9/2021,A/Kyrgyzstan/23/2023,320
A/Darwin/9/2021,A/Kyrgyzstan/39/2023,160
A/Darwin/9/2021,A/Kyrgyzstan/58/2023,320
A/Darwin/9/2021,A/Kyrgyzstan/99/2023,240
A/Darwin/9/2021,A/Latvia/01-089648/2022,640
A/Darwin/9/2021,A/Latvia/01-091445/2023,640
A/Darwin/9/2021,A/Latvia/04-58975/2022,320
A/Darwin/9/2021,A/Latvia/04-78381/2022,320
A/Darwin/9/2021,A/Latvia/04-86299/2022,640
A/Darwin/9/2021,A/Latvia/12-045953/2021,640
A/Darwin/9/2021,A/Latvia/12-091317/2021,1280
A/Darwin/9/2021,A/Latvia/12-091325/2021,2560
A/Darwin/9/2021,A/Latvia/12-097744/2021,640
A/Darwin/9/2021,A/Lebanon/8276/2021,872
A/Darwin/9/2021,A/Lebanon/8325/2021,1280
A/Darwin/9/2021,A/Lebanon/8510/2021,746
A/Darwin/9/2021,A/Lebanon/8515/2021,1280
A/Darwin/9/2021,A/Lille/50053/2022,444
A/Darwin/9/2021,A/Linkoping/3/2022,640
A/Darwin/9/2021,A/Linkoping/5/2022,640
A/Darwin/9/2021,A/Linkoping/SE23-14481/2023,640
A/Darwin/9/2021,A/Lisboa/216/2023,320
A/Darwin/9/2021,A/Lisboa/554/2022,160
A/Darwin/9/2021,A/Lisboa/561/2022,320
A/Darwin/9/2021,A/Lisboa/584/2022,160
A/Darwin/9/2021,A/Lisboa/595/2022,320
A/Darwin/9/2021,A/Lisboa/597/2022,240
A/Darwin/9/2021,A/Lisboa/706/2022,240
A/Darwin/9/2021,A/Lisboa/731/2022,160
A/Darwin/9/2021,A/Lisboa/751/2022,80
A/Darwin/9/2021,A/Lithuania/33224/2022,480
A/Darwin/9/2021,A/Lithuania/33830/2022,560
A/Darwin/9/2021,A/Lithuania/36453/2022,640
A/Darwin/9/2021,A/Lithuania/36696/2022,768
A/Darwin/9/2021,A/Lithuania/47481/2022,320
A/Darwin/9/2021,A/Lithuania/48379/2022,160
A/Darwin/9/2021,A/Lithuania/48708/2022,320
A/Darwin/9/2021,A/Luxembourg/4634126/2023,320
A/Darwin/9/2021,A/Luxembourg/510839/2023,320
A/Darwin/9/2021,A/Macedonia/133/2023,320
A/Darwin/9/2021,A/Madrid/1436/2022,320
A/Darwin/9/2021,A/Madrid/3803/2022,320
A/Darwin/9/2021,A/Mahajanga/12570/2021,1280
A/Darwin/9/2021,A/Mahajanga/13001/2021,384
A/Darwin/9/2021,A/Manandona/03215/2023,240
A/Darwin/9/2021,A/Mauritius/P50061/2023,160
A/Darwin/9/2021,A/Mauritius/P53142/2023,320
A/Darwin/9/2021,A/Mauritius/P61639/2022,160
A/Darwin/9/2021,A/Mayotte/508/21,80
A/Darwin/9/2021,A/Mayotte/513/2021,40
A/Darwin/9/2021,A/Mayotte/517/2021,<40
A/Darwin/9/2021,A/Mayotte/564/2021,640
A/Darwin/9/2021,A/Mecklenburg-Vorpommern/69/2022,1280
A/Darwin/9/2021,A/Mecklenburg-Vorpommern/88/2022,346
A/Darwin/9/2021,A/Michigan/173/2020,200
A/Darwin/9/2021,A/Milano/01/2021,640
A/Darwin/9/2021,A/Milano/257/2022,160
A/Darwin/9/2021,A/Milano/30/2022,1280
A/Darwin/9/2021,A/Milano/331/2022,160
A/Darwin/9/2021,A/Milano/37/2022,640
A/Darwin/9/2021,A/Milano/397/2022,40
A/Darwin/9/2021,A/Moldova/2025278/2023,160
A/Darwin/9/2021,A/Moldova/6649/2022,640
A/Darwin/9/2021,A/Montenegro/101668/2023,640
A/Darwin/9/2021,A/Montenegro/1082622202/2022,853
A/Darwin/9/2021,A/Montenegro/1614822202/2022,800
A/Darwin/9/2021,A/Montenegro/1651632202/2022,320
A/Darwin/9/2021,A/Montenegro/1651692202/2022,640
A/Darwin/9/2021,A/Montenegro/1714472202/2022,640
A/Darwin/9/2021,A/Montenegro/222910/2023,320
A/Darwin/9/2021,A/Montenegro/242559/2023,320
A/Darwin/9/2021,A/Montenegro/519452/2022,320
A/Darwin/9/2021,A/Morocco/1291/2024,160
A/Darwin/9/2021,A/Morocco/1846/2024,320
A/Darwin/9/2021,A/MountLebanon/65/2023,320
A/Darwin/9/2021,A/Muscat/7234671/2023,640
A/Darwin/9/2021,A/Navarra/4220/2022,320
A/Darwin/9/2021,A/Navarra/4320/2022,640
A/Darwin/9/2021,A/Navarra/4439/2022,160
A/Darwin/9/2021,A/Navarra/4440/2022,160
A/Darwin/9/2021,A/Navarra/4550/2022,240
A/Darwin/9/2021,A/Navarra/9534/2021,640
A/Darwin/9/2021,A/Navarra/9843/2021,2560
A/Darwin/9/2021,A/Netherlands/00001/2022,640
A/Darwin/9/2021,A/Netherlands/00092/2021,320
A/Darwin/9/2021,A/Netherlands/00110/2021,80
A/Darwin/9/2021,A/Netherlands/00832/2022,160
A/Darwin/9/2021,A/Netherlands/01476/2022,80
A/Darwin/9/2021,A/Netherlands/01643/2023,320
A/Darwin/9/2021,A/Netherlands/01685/2023,160
A/Darwin/9/2021,A/Netherlands/01729/2023,240
A/Darwin/9/2021,A/Netherlands/01732/2023,320
A/Darwin/9/2021,A/Netherlands/01733/2023,320
A/Darwin/9/2021,A/Netherlands/01867/2022,80
A/Darwin/9/2021,A/Netherlands/10004/2021,1280
A/Darwin/9/2021,A/Netherlands/10018/2021,640
A/Darwin/9/2021,A/Netherlands/10025/2022,1280
A/Darwin/9/2021,A/Netherlands/10057/2021,586
A/Darwin/9/2021,A/Netherlands/10062/2021,640
A/Darwin/9/2021,A/Netherlands/10065/2021,640
A/Darwin/9/2021,A/Netherlands/10067/2021,480
A/Darwin/9/2021,A/Netherlands/10074/2021,640
A/Darwin/9/2021,A/Netherlands/10140/2021,640
A/Darwin/9/2021,A/Netherlands/10142/2023,1280
A/Darwin/9/2021,A/Netherlands/10184/2021,640
A/Darwin/9/2021,A/Netherlands/10194/2021,666
A/Darwin/9/2021,A/Netherlands/10195/2021,1280
A/Darwin/9/2021,A/Netherlands/10202/2021,640
A/Darwin/9/2021,A/Netherlands/10203/2021,1280
A/Darwin/9/2021,A/Netherlands/10204/2021,640
A/Darwin/9/2021,A/Netherlands/10205/2021,320
A/Darwin/9/2021,A/Netherlands/10206/2021,360
A/Darwin/9/2021,A/Netherlands/10210/2021,560
A/Darwin/9/2021,A/Netherlands/10228/2023,480
A/Darwin/9/2021,A/Netherlands/10536/2023,640
A/Darwin/9/2021,A/Netherlands/10541/2023,320
A/Darwin/9/2021,A/Netherlands/10551/2023,640
A/Darwin/9/2021,A/Netherlands/10556/2023,160
A/Darwin/9/2021,A/Netherlands/10561/2023,640
A/Darwin/9/2021,A/Netherlands/10563/2023,516
A/Darwin/9/2021,A/Netherlands/10866/2022,160
A/Darwin/9/2021,A/Netherlands/11812/2022,320
A/Darwin/9/2021,A/Netherlands/11816/2022,160
A/Darwin/9/2021,A/Netherlands/11832/2022,213
A/Darwin/9/2021,A/Netherlands/11833/2022,320
A/Darwin/9/2021,A/Netherlands/11968/2022,240
A/Darwin/9/2021,A/Nordrhein-Westfalen/1/2021,2560
A/Darwin/9/2021,A/Nordrhein-Westfalen/16/2023,320
A/Darwin/9/2021,A/Nordrhein-Westfalen/2/2021,640
A/Darwin/9/2021,A/Nordrhein-Westfalen/36/2022,640
A/Darwin/9/2021,A/Nordrhein-Westfalen/37/2022,640
A/Darwin/9/2021,A/Nordrhein-Westfalen/40/2022,320
A/Darwin/9/2021,A/Nordrhein-Westfalen/5/2022,640
A/Darwin/9/2021,A/Norway/11294/2023,320
A/Darwin/9/2021,A/Norway/11360/2023,320
A/Darwin/9/2021,A/Norway/12245/2022,533
A/Darwin/9/2021,A/Norway/18090/2022,960
A/Darwin/9/2021,A/Norway/18657/2022,640
A/Darwin/9/2021,A/Norway/2003/2023,160
A/Darwin/9/2021,A/Norway/28394/2022,704
A/Darwin/9/2021,A/Norway/28542/2022,533
A/Darwin/9/2021,A/Norway/28830/2021,906
A/Darwin/9/2021,A/Norway/31262/2021,80
A/Darwin/9/2021,A/Norway/3170/2023,640
A/Darwin/9/2021,A/Norway/319/2024,320
A/Darwin/9/2021,A/Norway/32026/2022,320
A/Darwin/9/2021,A/Norway/32641/2022,222
A/Darwin/9/2021,A/Norway/33371/2022,320
A/Darwin/9/2021,A/Norway/33404/2022,640
A/Darwin/9/2021,A/Norway/33475/2022,160
A/Darwin/9/2021,A/Norway/3384/2023,160
A/Darwin/9/2021,A/Norway/3821/2023,320
A/Darwin/9/2021,A/Norway/530/2022,1280
A/Darwin/9/2021,A/Novosibirsk/RII-02/2021,1280
A/Darwin/9/2021,A/Novosibirsk/RII-03/2021,533
A/Darwin/9/2021,A/Oklahoma/05/2024,146
A/Darwin/9/2021,A/Orenburg/45/2021,1280
A/Darwin/9/2021,A/Orenburg/5/2022,320
A/Darwin/9/2021,A/Ostersund/SE23-14558/2023,320
A/Darwin/9/2021,A/Palencia/118/2022,320
A/Darwin/9/2021,A/Palencia/30/2022,272
A/Darwin/9/2021,A/Palermo/2/2022,160
A/Darwin/9/2021,A/Parma/01/2021,640
A/Darwin/9/2021,A/Parma/02/2021,320
A/Darwin/9/2021,A/Parma/03/2021,320
A/Darwin/9/2021,A/Parma/04/2021,320
A/Darwin/9/2021,A/Parma/5/2022,1280
A/Darwin/9/2021,A/Parma/83/2022,160
A/Darwin/9/2021,A/Parma/84/2022,160
A/Darwin/9/2021,A/Parma/88/2022,160
A/Darwin/9/2021,A/Perm/RII-04/2024,320
A/Darwin/9/2021,A/Poland/205/2023,320
A/Darwin/9/2021,A/Poland/98/2022,623
A/Darwin/9/2021,A/Poland/PL07/2022,640
A/Darwin/9/2021,A/Poland/PL40/2022,640
A/Darwin/9/2021,A/Poland/PL42/2022,640
A/Darwin/9/2021,A/Poland/PL45/2022,960
A/Darwin/9/2021,A/Poland/PL65/2022,325
A/Darwin/9/2021,A/Poland/PL78/2022,320
A/Darwin/9/2021,A/Poland/PL83/2022,320
A/Darwin/9/2021,A/Poland/PL93/2022,320
A/Darwin/9/2021,A/Portugal/210210/2022,320
A/Darwin/9/2021,A/Portugal/211242/2022,640
A/Darwin/9/2021,A/Portugal/211316/2022,640
A/Darwin/9/2021,A/Portugal/211338/2022,480
A/Darwin/9/2021,A/Portugal/211456/2022,640
A/Darwin/9/2021,A/Portugal/58/2021,640
A/Darwin/9/2021,A/Qatar/10-VI-21-3843467/2021,160
A/Darwin/9/2021,A/Qatar/10-VI-21-3886441/2021,333
A/Darwin/9/2021,A/Qatar/10-VI-21-4396149/2021,2560
A/Darwin/9/2021,A/Qatar/10-VI-22-1463000/2022,640
A/Darwin/9/2021,A/Qatar/10-VI-22-2015495/2022,320
A/Darwin/9/2021,A/Qatar/10-VI-22-2015935/2022,160
A/Darwin/9/2021,A/Qatar/10-VI-23-0095120/2023,640
A/Darwin/9/2021,A/Qatar/10-VI-23-0095583/2023,533
A/Darwin/9/2021,A/Qatar/10-VI-23-0098543/2023,480
A/Darwin/9/2021,A/Qatar/10-VI-23-0101936/2023,1280
A/Darwin/9/2021,A/Qatar/10-VI-23-0102647/2023,400
A/Darwin/9/2021,A/Qatar/10-VI-23-0103751/2023,160
A/Darwin/9/2021,A/Qatar/10-VI-23-0106239/2023,320
A/Darwin/9/2021,A/Qatar/10-VI-23-0107179/2023,320
A/Darwin/9/2021,A/Qatar/15-VI-22-1438736/2022,160
A/Darwin/9/2021,A/Qatar/15-VI-22-1520419/2022,160
A/Darwin/9/2021,A/Qatar/16-VI-21-3673175/2021,160
A/Darwin/9/2021,A/Qatar/16-VI-21-3798042/2021,80
A/Darwin/9/2021,A/Qatar/16-VI-21-4035218/2021,160
A/Darwin/9/2021,A/Qatar/16-VI-21-4035811/2021,720
A/Darwin/9/2021,A/Qatar/16-VI-22-1972944/2022,320
A/Darwin/9/2021,A/Qatar/16-VI-23-0105945/2023,640
A/Darwin/9/2021,A/Qatar/23-VI-23-0106322/2023,320
A/Darwin/9/2021,A/Qatar/24-VI-21-3752470/2021,320
A/Darwin/9/2021,A/Qatar/24-VI-21-3985321/2021,80
A/Darwin/9/2021,A/Qatar/24-VI-21-4041206/2021,160
A/Darwin/9/2021,A/Qatar/25-VI-23-0107245/2023,320
A/Darwin/9/2021,A/Qatar/39-VI-21-4154225/2021,160
A/Darwin/9/2021,A/Reims/30384/2021,960
A/Darwin/9/2021,A/Rheinland-Pfalz/11/2023,640
A/Darwin/9/2021,A/Rheinland-Pfalz/18/2022,200
A/Darwin/9/2021,A/Rheinland-Pfalz/2/2021,1280
A/Darwin/9/2021,A/Roma/1/2023,320
A/Darwin/9/2021,A/Romania/493219/2021,471
A/Darwin/9/2021,A/Romania/495025/2021,640
A/Darwin/9/2021,A/Romania/515280/2022,640
A/Darwin/9/2021,A/Romania/515290/2022,640
A/Darwin/9/2021,A/Romania/515331/2022,320
A/Darwin/9/2021,A/Romania/515894/2022,640
A/Darwin/9/2021,A/Romania/516540/2022,640
A/Darwin/9/2021,A/Romania/518142/2022,640
A/Darwin/9/2021,A/Romania/518147/2022,1280
A/Darwin/9/2021,A/Romania/544187/2022,160
A/Darwin/9/2021,A/Romania/563027/2023,320
A/Darwin/9/2021,A/Romania/563219/2023,160
A/Darwin/9/2021,A/Romania/563383/2023,240
A/Darwin/9/2021,A/S.Petersburg/RII-08/2021,640
A/Darwin/9/2021,A/S.Petersburg/RII-19/2021,320
A/Darwin/9/2021,A/S.Petersburg/RII-23/2021,320
A/Darwin/9/2021,A/S.Petersburg/RII-24/2021,640
A/Darwin/9/2021,A/S.Petersburg/RII-25/2021,640
A/Darwin/9/2021,A/S.Petersburg/RII-32/2021,1280
A/Darwin/9/2021,A/S.Petersburg/RII-36/2021,320
A/Darwin/9/2021,A/Saarland/1/2022,960
A/Darwin/9/2021,A/Sachsen/2/2022,640
A/Darwin/9/2021,A/Salalah/72124837/2021,80
A/Darwin/9/2021,A/Salalah/72126169/2021,640
A/Darwin/9/2021,A/Salalah/72127281/2021,320
A/Darwin/9/2021,A/Salamanca/35/2022,160
A/Darwin/9/2021,A/Salamanca/36/2022,320
A/Darwin/9/2021,A/Sassari/2/2022,640
A/Darwin/9/2021,A/Sassari/5/2023,160
A/Darwin/9/2021,A/SaudiArabia/1404/2022,640
A/Darwin/9/2021,A/SaudiArabia/556/2022,160
A/Darwin/9/2021,A/Schleswig-Holstein/1/2021,640
A/Darwin/9/2021,A/Schleswig-Holstein/14/2022,160
A/Darwin/9/2021,A/Segovia/233/2022,160
A/Darwin/9/2021,A/Serbia/1172/2022,640
A/Darwin/9/2021,A/Serbia/248/2024,320
A/Darwin/9/2021,A/Serbia/668/2023,160
A/Darwin/9/2021,A/Serbia/7028/2022,320
A/Darwin/9/2021,A/Serbia/7976/2023,320
A/Darwin/9/2021,A/Serbia/8127/2023,320
A/Darwin/9/2021,A/Serbia/8265/2023,512
A/Darwin/9/2021,A/Shanghai-Fengxian/1912/2023,360
A/Darwin/9/2021,A/Slovenia/10543/2022,320
A/Darwin/9/2021,A/Slovenia/10919/2022,640
A/Darwin/9/2021,A/Slovenia/11321/2022,640
A/Darwin/9/2021,A/Slovenia/11329/2022,320
A/Darwin/9/2021,A/Slovenia/11413/2022,160
A/Darwin/9/2021,A/Slovenia/11422/2022,160
A/Darwin/9/2021,A/Slovenia/11445/2022,448
A/Darwin/9/2021,A/Slovenia/11512/2022,160
A/Darwin/9/2021,A/Slovenia/11514/2022,160
A/Darwin/9/2021,A/Slovenia/11517/2022,213
A/Darwin/9/2021,A/Slovenia/11665/2022,320
A/Darwin/9/2021,A/Slovenia/370/2024,320
A/Darwin/9/2021,A/Slovenia/453/2024,320
A/Darwin/9/2021,A/Slovenia/588/2024,320
A/Darwin/9/2021,A/Slovenia/648/2024,355
A/Darwin/9/2021,A/Slovenia/657/2023,640
A/Darwin/9/2021,A/Slovenia/8/2024,320
A/Darwin/9/2021,A/Slovenia/8828/2022,640
A/Darwin/9/2021,A/Slovenia/9091/2022,640
A/Darwin/9/2021,A/Slovenia/9146/2022,640
A/Darwin/9/2021,A/Slovenia/9216/2022,533
A/Darwin/9/2021,A/Slovenia/9318/2022,853
A/Darwin/9/2021,A/Slovenia/9448/2022,320
A/Darwin/9/2021,A/Slovenia/9449/2022,360
A/Darwin/9/2021,A/Slovenia/9614/2022,320
A/Darwin/9/2021,A/Slovenia/9626/2022,320
A/Darwin/9/2021,A/Slovenia/9659/2022,746
A/Darwin/9/2021,A/Slovenia/9671/2022,320
A/Darwin/9/2021,A/Slovenia/9705/2022,320
A/Darwin/9/2021,A/Slovenia/9726/2022,320
A/Darwin/9/2021,A/Slovenia/9854/2022,640
A/Darwin/9/2021,A/Slovenia/9860/2022,640
A/Darwin/9/2021,A/Slovenia/9891/2022,1280
A/Darwin/9/2021,A/Sohar/52328337/2023,640
A/Darwin/9/2021,A/SouthSudan/996/2023,160
A/Darwin/9/2021,A/Spain/1126/2022,320
A/Darwin/9/2021,A/Spain/1127/2022,320
A/Darwin/9/2021,A/Spain/575/2023,320
A/Darwin/9/2021,A/Spain/58/2021,640
A/Darwin/9/2021,A/Spain/81/2021,853
A/Darwin/9/2021,A/Spain/84/2021,640
A/Darwin/9/2021,A/Spain/90/2021,640
A/Darwin/9/2021,A/Spain/968/2023,320
A/Darwin/9/2021,A/Stockholm/5/2021,469
A/Darwin/9/2021,A/Stockholm/8/2021,1280
A/Darwin/9/2021,A/Stockholm/9/2021,160
A/Darwin/9/2021,A/Stockholm/9/2022,640
A/Darwin/9/2021,A/Sweden/3098/2023,160
A/Darwin/9/2021,A/Switzerland/09683/2022,1280
A/Darwin/9/2021,A/Switzerland/11159/2023,320
A/Darwin/9/2021,A/Switzerland/12082/2022,320
A/Darwin/9/2021,A/Switzerland/12229/2022,640
A/Darwin/9/2021,A/Switzerland/12981/2022,480
A/Darwin/9/2021,A/Switzerland/18284/2022,229
A/Darwin/9/2021,A/Switzerland/18559/2022,1280
A/Darwin/9/2021,A/Switzerland/20498/2023,160
A/Darwin/9/2021,A/Switzerland/28719/2022,349
A/Darwin/9/2021,A/Switzerland/32862/2023,160
A/Darwin/9/2021,A/Switzerland/51230/2021,160
A/Darwin/9/2021,A/Switzerland/67859/2022,320
A/Darwin/9/2021,A/Switzerland/68971/2022,160
A/Darwin/9/2021,A/Switzerland/71762/2023,480
A/Darwin/9/2021,A/Switzerland/82850/2023,640
A/Darwin/9/2021,A/Switzerland/86247/2022,320
A/Darwin/9/2021,A/Switzerland/8649/2023,426
A/Darwin/9/2021,A/Switzerland/98693/2021,1280
A/Darwin/9/2021,A/Tajikistan/2/2021,1392
A/Darwin/9/2021,A/Thuringen/3/2022,1280
A/Darwin/9/2021,A/Thuringen/6/2022,640
A/Darwin/9/2021,A/Thuringen/7/2022,1280
A/Darwin/9/2021,A/Toamasina/03143/2023,320
A/Darwin/9/2021,A/Toamasina/03219/2023,320
A/Darwin/9/2021,A/Togo/1057/2023,160
A/Darwin/9/2021,A/Togo/1122/2022,640
A/Darwin/9/2021,A/Togo/1153/2022,640
A/Darwin/9/2021,A/Togo/771/2020,<40
A/Darwin/9/2021,A/Toliary/03152/2023,320
A/Darwin/9/2021,A/Tripoli.LBN/7180/2021,1280
A/Darwin/9/2021,A/Tripoli.LBN/7347/2021,1280
A/Darwin/9/2021,A/Tripoli.LBN/7350/2021,1280
A/Darwin/9/2021,A/Tunisia/20957/2022,320
A/Darwin/9/2021,A/Tunisia/22684/2022,160
A/Darwin/9/2021,A/Tunisia/22985/2022,160
A/Darwin/9/2021,A/Tunisia/23669/2022,320
A/Darwin/9/2021,A/Tunisia/7468/2022,320
A/Darwin/9/2021,A/Tunisia/8259/2022,640
A/Darwin/9/2021,A/Ukraine/354/2021,811
A/Darwin/9/2021,A/Ukraine/358/2022,320
A/Darwin/9/2021,A/Ukraine/774/2022,426
A/Darwin/9/2021,A/Ukraine/779/2022,240
A/Darwin/9/2021,A/Valladolid/12/2022,280
A/Darwin/9/2021,A/Valladolid/14/2023,320
A/Darwin/9/2021,A/Valladolid/16/2022,160
A/Darwin/9/2021,A/Valladolid/20/2022,160
A/Darwin/9/2021,A/Valladolid/50/2022,160
A/Darwin/9/2021,A/Vasteras/SE23-14213/2023,533
A/Darwin/9/2021,A/Wisconsin/02/2021,2560
A/Darwin/9/2021,A/Yaroslavl/24/2021,640
A/Darwin/9/2021,A/Yaroslavl/32/2021,1280
A/Darwin/9/2021,A/Zamora/57/2022,160
A/Darwin/9/2021,A/Zghorta.LBN/7491/2021,640
A/Darwin/9/2021,A/Zghorta.LBN/7493/2021,640
A/Delaware/01/2021,A/England/195200780/2019,80
A/Delaware/01/2021,A/Israel/R-742/2016,66
A/Delaware/01/2021,A/Michigan/173/2020,160
A/Delaware/01/2021,A/Stockholm/5/2021,640
A/Denmark/01/2015,A/Minsk/1737/2012,40
A/Denmark/01/2015,A/Netherlands/398/2014,200
A/Denmark/01/2015,A/Perth/16/2009,<40
A/Denmark/01/2015,A/Samara/73/2013,80
A/Denmark/01/2015,A/Switzerland/9715293/2013,40
A/Denmark/01/2015,A/Victoria/361/2011,60
A/Denmark/103/2013,A/Finland/40/2010,160
A/Denmark/103/2013,A/Iowa/19/2010,160
A/Denmark/103/2013,A/Minsk/1737/2012,160
A/Denmark/103/2013,A/Paris/1988/2012,320
A/Denmark/103/2013,A/Perth/16/2009,40
A/Denmark/103/2013,A/Samara/73/2013,640
A/Denmark/103/2013,A/Victoria/361/2011,320
A/Denmark/104/2013,A/Finland/40/2010,320
A/Denmark/104/2013,A/Iowa/19/2010,320
A/Denmark/104/2013,A/Minsk/1737/2012,160
A/Denmark/104/2013,A/Paris/1988/2012,320
A/Denmark/104/2013,A/Perth/16/2009,80
A/Denmark/104/2013,A/Samara/73/2013,640
A/Denmark/104/2013,A/Victoria/361/2011,320
A/Denmark/105/2010,A/England/232/2009,160
A/Denmark/105/2010,A/Johannesburg/126/2009,160
A/Denmark/105/2010,A/Perth/16/2009,480
A/Denmark/105/2010,A/Victoria/210/2009,160
A/Denmark/105/2010,A/Wisconsin/67/2005,<40
A/Denmark/1089/2024,A/DistrictOfColumbia/27/2023,240
A/Denmark/1089/2024,A/Lisboa/216/2023,320
A/Denmark/1089/2024,A/Netherlands/10510/2024,80
A/Denmark/1089/2024,A/Netherlands/10563/2023,320
A/Denmark/1089/2024,A/Norway/12374/2023,80
A/Denmark/1089/2024,A/Oklahoma/05/2024,160
A/Denmark/1090/2020,A/Fes/67/2016,160
A/Denmark/1090/2020,A/Israel/R-742/2016,480
A/Denmark/1090/2020,A/Norway/3275/2018,80
A/Denmark/1138/2020,A/Fes/67/2016,80
A/Denmark/1138/2020,A/Israel/R-742/2016,480
A/Denmark/1138/2020,A/Norway/3275/2018,40
A/Denmark/1262/2020,A/Fes/67/2016,640
A/Denmark/1262/2020,A/Israel/R-742/2016,480
A/Denmark/1262/2020,A/Norway/3275/2018,640
A/Denmark/1295/2020,A/Fes/67/2016,160
A/Denmark/1295/2020,A/Israel/R-742/2016,40
A/Denmark/1295/2020,A/Norway/3275/2018,160
A/Denmark/21/2021,A/England/195200780/2019,160
A/Denmark/21/2021,A/England/214040936/2021,640
A/Denmark/21/2021,A/Israel/R-742/2016,160
A/Denmark/21/2021,A/Stockholm/5/2021,480
A/Denmark/2208/2024,A/England/189/2023,160
A/Denmark/2208/2024,A/Lisboa/216/2023,160
A/Denmark/2208/2024,A/Netherlands/10563/2023,320
A/Denmark/2208/2024,A/Norway/12374/2023,80
A/Denmark/2208/2024,A/Oklahoma/05/2024,160
A/Denmark/2245/2024,A/DistrictOfColumbia/27/2023,280
A/Denmark/2245/2024,A/England/189/2023,100
A/Denmark/2245/2024,A/Idaho/69/2023,320
A/Denmark/2245/2024,A/Kyrgyzstan/124/2023,320
A/Denmark/2245/2024,A/Lisboa/216/2023,220
A/Denmark/2245/2024,A/Netherlands/10510/2024,80
A/Denmark/2245/2024,A/Netherlands/10563/2023,280
A/Denmark/2245/2024,A/Norway/12374/2023,65
A/Denmark/2245/2024,A/Oklahoma/05/2024,112
A/Denmark/2245/2024,A/Shanghai-Fengxian/1912/2023,640
A/Denmark/2440/2024,A/DistrictOfColumbia/27/2023,240
A/Denmark/2440/2024,A/Lisboa/216/2023,320
A/Denmark/2440/2024,A/Netherlands/10510/2024,80
A/Denmark/2440/2024,A/Netherlands/10563/2023,320
A/Denmark/2440/2024,A/Norway/12374/2023,160
A/Denmark/2440/2024,A/Oklahoma/05/2024,160
A/Denmark/2452/2024,A/DistrictOfColumbia/27/2023,120
A/Denmark/2452/2024,A/Lisboa/216/2023,160
A/Denmark/2452/2024,A/Netherlands/10510/2024,80
A/Denmark/2452/2024,A/Netherlands/10563/2023,160
A/Denmark/2452/2024,A/Norway/12374/2023,80
A/Denmark/2452/2024,A/Oklahoma/05/2024,160
A/Denmark/2674/2024,A/DistrictOfColumbia/27/2023,320
A/Denmark/2674/2024,A/Lisboa/216/2023,320
A/Denmark/2674/2024,A/Netherlands/10510/2024,80
A/Denmark/2674/2024,A/Netherlands/10563/2023,320
A/Denmark/2674/2024,A/Norway/12374/2023,80
A/Denmark/2674/2024,A/Oklahoma/05/2024,160
A/Denmark/28/2012,A/Finland/40/2010,160
A/Denmark/28/2012,A/Iowa/19/2010,160
A/Denmark/28/2012,A/Johannesburg/126/2009,160
A/Denmark/28/2012,A/Perth/16/2009,80
A/Denmark/28/2012,A/Victoria/361/2011,240
A/Denmark/3292/2019,A/Fes/67/2016,80
A/Denmark/3292/2019,A/Israel/R-742/2016,41
A/Denmark/3292/2019,A/Norway/3275/2018,92
A/Denmark/3292/2019,A/Switzerland/8060/2017,<40
A/Denmark/333/2022,A/England/195200780/2019,80
A/Denmark/333/2022,A/England/214040936/2021,320
A/Denmark/333/2022,A/Israel/R-742/2016,<40
A/Denmark/333/2022,A/Stockholm/5/2021,320
A/Denmark/36/2012,A/Finland/40/2010,1280
A/Denmark/36/2012,A/Iowa/19/2010,640
A/Denmark/36/2012,A/Johannesburg/126/2009,640
A/Denmark/36/2012,A/Perth/16/2009,320
A/Denmark/36/2012,A/Victoria/361/2011,960
A/Denmark/42/2012,A/Finland/40/2010,320
A/Denmark/42/2012,A/Iowa/19/2010,320
A/Denmark/42/2012,A/Johannesburg/126/2009,160
A/Denmark/42/2012,A/Perth/16/2009,160
A/Denmark/42/2012,A/Victoria/361/2011,480
A/Denmark/45/2012,A/Finland/40/2010,1280
A/Denmark/45/2012,A/Iowa/19/2010,1280
A/Denmark/45/2012,A/Johannesburg/126/2009,1280
A/Denmark/45/2012,A/Perth/16/2009,640
A/Denmark/45/2012,A/Victoria/361/2011,1920
A/Denmark/45/2014,A/Minsk/1737/2012,40
A/Denmark/45/2014,A/Netherlands/398/2014,240
A/Denmark/45/2014,A/Perth/16/2009,<40
A/Denmark/45/2014,A/Samara/73/2013,160
A/Denmark/45/2014,A/Switzerland/9715293/2013,60
A/Denmark/45/2014,A/Victoria/361/2011,40
A/Denmark/6/2012,A/Finland/40/2010,160
A/Denmark/6/2012,A/Iowa/19/2010,160
A/Denmark/6/2012,A/Johannesburg/126/2009,80
A/Denmark/6/2012,A/Perth/16/2009,40
A/Denmark/6/2012,A/Victoria/361/2011,240
A/Denmark/67/2012,A/Finland/40/2010,200
A/Denmark/67/2012,A/Hawaii/22/2012,320
A/Denmark/67/2012,A/Iowa/19/2010,160
A/Denmark/67/2012,A/Johannesburg/126/2009,80
A/Denmark/67/2012,A/Minsk/1737/2012,640
A/Denmark/67/2012,A/Perth/16/2009,40
A/Denmark/67/2012,A/Victoria/361/2011,300
A/Denmark/68/2012,A/Finland/40/2010,200
A/Denmark/68/2012,A/Hawaii/22/2012,320
A/Denmark/68/2012,A/Iowa/19/2010,160
A/Denmark/68/2012,A/Johannesburg/126/2009,80
A/Denmark/68/2012,A/Minsk/1737/2012,480
A/Denmark/68/2012,A/Perth/16/2009,40
A/Denmark/68/2012,A/Victoria/361/2011,300
A/Denmark/71/2012,A/Finland/40/2010,200
A/Denmark/71/2012,A/Hawaii/22/2012,320
A/Denmark/71/2012,A/Iowa/19/2010,160
A/Denmark/71/2012,A/Johannesburg/126/2009,80
A/Denmark/71/2012,A/Minsk/1737/2012,480
A/Denmark/71/2012,A/Perth/16/2009,40
A/Denmark/71/2012,A/Victoria/361/2011,300
A/Denmark/78/2012,A/Finland/40/2010,160
A/Denmark/78/2012,A/Hawaii/22/2012,160
A/Denmark/78/2012,A/Iowa/19/2010,80
A/Denmark/78/2012,A/Johannesburg/126/2009,80
A/Denmark/78/2012,A/Minsk/1737/2012,480
A/Denmark/78/2012,A/Perth/16/2009,40
A/Denmark/78/2012,A/Victoria/361/2011,180
A/Denmark/90/2011,A/Ekaterinburg/2/2012,320
A/Denmark/90/2011,A/Ekaterinburg/4/2012,320
A/Denmark/90/2011,A/England/12/2012,640
A/Denmark/90/2011,A/England/259/2011,363
A/Denmark/90/2011,A/Estonia/65266/2012,746
A/Denmark/90/2011,A/Estonia/66234/2012,1280
A/Denmark/90/2011,A/Estonia/66239/2012,480
A/Denmark/90/2011,A/Finland/196/2012,320
A/Denmark/90/2011,A/Finland/40/2010,448
A/Denmark/90/2011,A/Firenze/1/2011,640
A/Denmark/90/2011,A/Hamburg/1/2012,640
A/Denmark/90/2011,A/Hawaii/22/2012,320
A/Denmark/90/2011,A/Iowa/19/2010,509
A/Denmark/90/2011,A/Johannesburg/126/2009,260
A/Denmark/90/2011,A/Jordan/20110030749/2011,347
A/Denmark/90/2011,A/Jordan/20110030780/2011,320
A/Denmark/90/2011,A/Kaliningrad/4/2012,1280
A/Denmark/90/2011,A/Latvia/12-47890p/2011,480
A/Denmark/90/2011,A/Minsk/1737/2012,1408
A/Denmark/90/2011,A/Montana/05/2011,640
A/Denmark/90/2011,A/Netherlands/34/2010,885
A/Denmark/90/2011,A/Netherlands/710/2011,320
A/Denmark/90/2011,A/Norway/1775/2011,360
A/Denmark/90/2011,A/Norway/2400/2011,822
A/Denmark/90/2011,A/Norway/624/2012,640
A/Denmark/90/2011,A/Norway/625/2012,320
A/Denmark/90/2011,A/Norway/708/2012,746
A/Denmark/90/2011,A/Omsk/1/2012,640
A/Denmark/90/2011,A/Panama/307149/2010,597
A/Denmark/90/2011,A/Paris/1744/2011,320
A/Denmark/90/2011,A/Pavia/158/2012,80
A/Denmark/90/2011,A/Perth/10/2010,672
A/Denmark/90/2011,A/Perth/16/2009,143
A/Denmark/90/2011,A/Slovenia/1049/2012,960
A/Denmark/90/2011,A/Slovenia/459/2012,1280
A/Denmark/90/2011,A/Spain/14758/2012,2560
A/Denmark/90/2011,A/Stockholm/12-00752/2012,320
A/Denmark/90/2011,A/Stockholm/12-00974/2012,320
A/Denmark/90/2011,A/Switzerland/5834730/2012,320
A/Denmark/90/2011,A/Turkey/23/2011,1280
A/Denmark/90/2011,A/Turkey/28/2011,480
A/Denmark/90/2011,A/Turkey/35/2011,320
A/Denmark/90/2011,A/Turkey/54/2011,640
A/Denmark/90/2011,A/Victoria/210/2009,202
A/Denmark/90/2011,A/Victoria/361/2011,416
A/Denmark/90/2011,A/Wisconsin/67/2005,<40
A/Desgenettes/1941/2017,A/Fes/67/2016,160
A/Desgenettes/1941/2017,A/Greece/4/2017,160
A/Desgenettes/1941/2017,A/Netherlands/398/2014,160
A/Desgenettes/1941/2017,A/Palermo/6/2016,80
A/Desgenettes/1941/2017,A/Sachsen/74/2016,80
A/Dijon/04835/2023,A/England/214040936/2021,120
A/Dijon/04835/2023,A/Lille/50053/2022,320
A/Dijon/04835/2023,A/Stockholm/5/2021,320
A/Dijon/1176/2017,A/Greece/4/2017,40
A/Dijon/1176/2017,A/Marseille/2588/2015,<40
A/Dijon/1176/2017,A/Netherlands/398/2014,80
A/Dijon/1176/2017,A/Palermo/6/2016,80
A/Dijon/1176/2017,A/Sachsen/74/2016,40
A/Dijon/1176/2017,A/Switzerland/9715293/2013,<40
A/DistrictOfColumbia/27/2023,A/England/137/2024,186
A/DistrictOfColumbia/27/2023,A/England/144/2024,180
A/DistrictOfColumbia/27/2023,A/England/168/2024,193
A/DistrictOfColumbia/27/2023,A/England/169/2024,280
A/DistrictOfColumbia/27/2023,A/England/173/2024,140
A/DistrictOfColumbia/27/2023,A/England/189/2023,344
A/DistrictOfColumbia/27/2023,A/Firq/7245406/2024,480
A/DistrictOfColumbia/27/2023,A/France/BFC-IPP14556/2024,640
A/DistrictOfColumbia/27/2023,A/France/BFC-RELAB-IPP13100/2024,346
A/DistrictOfColumbia/27/2023,A/France/BRE-IPP10218/2024,160
A/DistrictOfColumbia/27/2023,A/France/GES-IPP14626/2024,285
A/DistrictOfColumbia/27/2023,A/France/GES-RELAB-IPP10320/2024,480
A/DistrictOfColumbia/27/2023,A/France/GES-RELAB-IPP12570/2024,240
A/DistrictOfColumbia/27/2023,A/France/GES-RELAB-IPP12571/2024,120
A/DistrictOfColumbia/27/2023,A/Ghana/1031/2024,640
A/DistrictOfColumbia/27/2023,A/Ghana/1406/2024,320
A/DistrictOfColumbia/27/2023,A/Ghana/6173/2024,120
A/DistrictOfColumbia/27/2023,A/Ghana/7129/2024,130
A/DistrictOfColumbia/27/2023,A/Ghana/7376/2024,240
A/DistrictOfColumbia/27/2023,A/Ghana/7698/2024,60
A/DistrictOfColumbia/27/2023,A/Goteborg/SE24-14319/2024,155
A/DistrictOfColumbia/27/2023,A/HongKong/2725/2024,140
A/DistrictOfColumbia/27/2023,A/HongKong/2752/2024,140
A/DistrictOfColumbia/27/2023,A/HongKong/2753/2024,140
A/DistrictOfColumbia/27/2023,A/HongKong/2798/2024,160
A/DistrictOfColumbia/27/2023,A/HongKong/2810/2024,280
A/DistrictOfColumbia/27/2023,A/HongKong/2837/2024,260
A/DistrictOfColumbia/27/2023,A/HongKong/2861/2024,140
A/DistrictOfColumbia/27/2023,A/Hungary/288/2024,95
A/DistrictOfColumbia/27/2023,A/Hungary/289/2024,133
A/DistrictOfColumbia/27/2023,A/Ibra/7246065/2024,640
A/DistrictOfColumbia/27/2023,A/Iceland/35353/2024,120
A/DistrictOfColumbia/27/2023,A/Iceland/36410/2024,160
A/DistrictOfColumbia/27/2023,A/Iceland/37008/2024,180
A/DistrictOfColumbia/27/2023,A/Iceland/37274/2024,120
A/DistrictOfColumbia/27/2023,A/Idaho/69/2023,173
A/DistrictOfColumbia/27/2023,A/Iran/8N28/2024,320
A/DistrictOfColumbia/27/2023,A/Ireland/00000108/2024,320
A/DistrictOfColumbia/27/2023,A/Israel/R18785/2024,400
A/DistrictOfColumbia/27/2023,A/Jonkoping/SE24-14227/2024,272
A/DistrictOfColumbia/27/2023,A/Krasnodar/RII-02/2024,120
A/DistrictOfColumbia/27/2023,A/Kyrgyzstan/124/2023,297
A/DistrictOfColumbia/27/2023,A/Kyrgyzstan/39/2023,200
A/DistrictOfColumbia/27/2023,A/LaRioja/2274/2024,320
A/DistrictOfColumbia/27/2023,A/Lisboa/178/2024,240
A/DistrictOfColumbia/27/2023,A/Lisboa/216/2023,318
A/DistrictOfColumbia/27/2023,A/Madagascar/03189/2024,120
A/DistrictOfColumbia/27/2023,A/Madagascar/03198/2024,240
A/DistrictOfColumbia/27/2023,A/Madagascar/03416/2024,160
A/DistrictOfColumbia/27/2023,A/Madagascar/03788/2024,80
A/DistrictOfColumbia/27/2023,A/Mauritius/1186095/2024,320
A/DistrictOfColumbia/27/2023,A/Mauritius/I-176/2024,173
A/DistrictOfColumbia/27/2023,A/Mauritius/I-183/2024,160
A/DistrictOfColumbia/27/2023,A/Mauritius/I-185/2024,280
A/DistrictOfColumbia/27/2023,A/Mauritius/I-186/2024,233
A/DistrictOfColumbia/27/2023,A/Navarra/2114/2024,160
A/DistrictOfColumbia/27/2023,A/Netherlands/00156/2025,<40
A/DistrictOfColumbia/27/2023,A/Netherlands/00328/2025,<40
A/DistrictOfColumbia/27/2023,A/Netherlands/00520/2025,<40
A/DistrictOfColumbia/27/2023,A/Netherlands/01563/2024,80
A/DistrictOfColumbia/27/2023,A/Netherlands/01577/2024,60
A/DistrictOfColumbia/27/2023,A/Netherlands/01697/2024,80
A/DistrictOfColumbia/27/2023,A/Netherlands/01729/2023,140
A/DistrictOfColumbia/27/2023,A/Netherlands/01733/2023,160
A/DistrictOfColumbia/27/2023,A/Netherlands/01762/2024,70
A/DistrictOfColumbia/27/2023,A/Netherlands/01777/2024,140
A/DistrictOfColumbia/27/2023,A/Netherlands/01780/2024,70
A/DistrictOfColumbia/27/2023,A/Netherlands/01829/2024,45
A/DistrictOfColumbia/27/2023,A/Netherlands/02093/2024,146
A/DistrictOfColumbia/27/2023,A/Netherlands/02175/2024,<40
A/DistrictOfColumbia/27/2023,A/Netherlands/10510/2024,84
A/DistrictOfColumbia/27/2023,A/Netherlands/10563/2023,381
A/DistrictOfColumbia/27/2023,A/Netherlands/10641/2024,386
A/DistrictOfColumbia/27/2023,A/Netherlands/10645/2024,480
A/DistrictOfColumbia/27/2023,A/Netherlands/10660/2024,480
A/DistrictOfColumbia/27/2023,A/Netherlands/10722/2024,480
A/DistrictOfColumbia/27/2023,A/Newport/5620/2024,120
A/DistrictOfColumbia/27/2023,A/Nordrhein-Westfalen/114/2024,240
A/DistrictOfColumbia/27/2023,A/Norway/00392/2025,320
A/DistrictOfColumbia/27/2023,A/Norway/00396/2025,160
A/DistrictOfColumbia/27/2023,A/Norway/06798/2024,200
A/DistrictOfColumbia/27/2023,A/Norway/06884/2024,240
A/DistrictOfColumbia/27/2023,A/Norway/07066/2024,221
A/DistrictOfColumbia/27/2023,A/Norway/07228/2024,240
A/DistrictOfColumbia/27/2023,A/Norway/07263/2024,120
A/DistrictOfColumbia/27/2023,A/Norway/07790/2024,240
A/DistrictOfColumbia/27/2023,A/Norway/12374/2023,123
A/DistrictOfColumbia/27/2023,A/Norway/1592/2024,143
A/DistrictOfColumbia/27/2023,A/Oklahoma/05/2024,187
A/DistrictOfColumbia/27/2023,A/Parma/50/2024,320
A/DistrictOfColumbia/27/2023,A/Perm/RII-03/2024,320
A/DistrictOfColumbia/27/2023,A/Perm/RII-04/2024,480
A/DistrictOfColumbia/27/2023,A/Poland/PL44/2024,240
A/DistrictOfColumbia/27/2023,A/Poland/PL51/2024,320
A/DistrictOfColumbia/27/2023,A/Poland/PL53/2024,320
A/DistrictOfColumbia/27/2023,A/Poland/PL54/2024,480
A/DistrictOfColumbia/27/2023,A/Poland/PL64/2024,480
A/DistrictOfColumbia/27/2023,A/Poland/PL65/2022,80
A/DistrictOfColumbia/27/2023,A/Qatar/89814/2024,240
A/DistrictOfColumbia/27/2023,A/Qatar/89913/2024,280
A/DistrictOfColumbia/27/2023,A/Rheinland-Pfalz/39/2024,160
A/DistrictOfColumbia/27/2023,A/Romania_BB/586841/2024,360
A/DistrictOfColumbia/27/2023,A/Romania_BB/586906/2025,480
A/DistrictOfColumbia/27/2023,A/Saint-Petersburg/RII-48/2024,320
A/DistrictOfColumbia/27/2023,A/SaintPetersburg/RII-46/2024,240
A/DistrictOfColumbia/27/2023,A/SaintPetersburg/RII-47/2024,160
A/DistrictOfColumbia/27/2023,A/Salalah/52423943/2024,120
A/DistrictOfColumbia/27/2023,A/Salamanca/2657/2024,240
A/DistrictOfColumbia/27/2023,A/Schleswig-Holstein/54/2024,560
A/DistrictOfColumbia/27/2023,A/Shanghai-Fengxian/1912/2023,225
A/DistrictOfColumbia/27/2023,A/Slovenia/NLZOH-8008-21-1540/2024,320
A/DistrictOfColumbia/27/2023,A/Slovenia/NLZOH-8008-21-2023/2024,320
A/DistrictOfColumbia/27/2023,A/SouthSudan/983/2024,320
A/DistrictOfColumbia/27/2023,A/SouthSudan/988/2024,320
A/DistrictOfColumbia/27/2023,A/Stockholm/5/2021,120
A/DistrictOfColumbia/27/2023,A/Switzerland/0800/2025,320
A/DistrictOfColumbia/27/2023,A/Switzerland/28719/2022,240
A/DistrictOfColumbia/27/2023,A/Switzerland/5118/2024,280
A/DistrictOfColumbia/27/2023,A/Switzerland/5735/2024,170
A/DistrictOfColumbia/27/2023,A/Switzerland/59652/2024,100
A/DistrictOfColumbia/27/2023,A/Switzerland/7776/2024,320
A/DistrictOfColumbia/27/2023,A/Switzerland/7828/2024,640
A/DistrictOfColumbia/27/2023,A/Switzerland/8932/2024,160
A/DistrictOfColumbia/27/2023,A/Toulon/0241495940/2024,320
A/DistrictOfColumbia/27/2023,A/Turkmenistan/142/2024,160
A/DistrictOfColumbia/27/2023,A/Turkmenistan/784/2025,160
A/DistrictOfColumbia/27/2023,A/Turkmenistan/801/2025,160
A/Diyarbakir/1208/2018,A/Fes/67/2016,40
A/Diyarbakir/1208/2018,A/Israel/R-742/2016,40
A/Diyarbakir/1208/2018,A/Norway/3275/2018,80
A/Diyarbakir/1208/2018,A/Switzerland/8060/2017,40
A/Dnipro/229/2014,A/Finland/40/2010,320
A/Dnipro/229/2014,A/Henan-Xigong/11041/2014,320
A/Dnipro/229/2014,A/Iowa/19/2010,160
A/Dnipro/229/2014,A/Minsk/1737/2012,160
A/Dnipro/229/2014,A/Netherlands/398/2014,640
A/Dnipro/229/2014,A/Paris/1988/2012,240
A/Dnipro/229/2014,A/Perth/16/2009,<40
A/Dnipro/229/2014,A/Samara/73/2013,480
A/Dnipro/229/2014,A/Stockholm/1/2013,160
A/Dnipro/229/2014,A/Victoria/361/2011,480
A/Dnipro/232/2014,A/Minsk/1737/2012,320
A/Dnipro/232/2014,A/Paris/1988/2012,640
A/Dnipro/232/2014,A/Perth/16/2009,40
A/Dnipro/232/2014,A/Samara/73/2013,1280
A/Dnipro/232/2014,A/Stockholm/1/2013,160
A/Dnipro/232/2014,A/Victoria/361/2011,1280
A/Dnipro/244/2017,A/Georgia/532/2015,40
A/Dnipro/244/2017,A/Minsk/1737/2012,40
A/Dnipro/244/2017,A/Netherlands/398/2014,120
A/Dnipro/244/2017,A/Palermo/6/2016,320
A/Dnipro/244/2017,A/Sachsen/74/2016,160
A/Dnipro/244/2017,A/Samara/73/2013,40
A/Dnipro/244/2017,A/Switzerland/9715293/2013,60
A/Dunkerque/16908/2022,A/England/195200780/2019,80
A/Dunkerque/16908/2022,A/England/214040936/2021,320
A/Dunkerque/16908/2022,A/Israel/R-742/2016,40
A/Dunkerque/16908/2022,A/Stockholm/5/2021,320
A/Egypt/2319996/2022,A/England/214040936/2021,60
A/Egypt/2319996/2022,A/Lille/50053/2022,160
A/Egypt/2319996/2022,A/Stockholm/5/2021,160
A/Egypt/2319996/2022,A/Ukraine/354/2021,80
A/Egypt/8070/2016,A/Georgia/532/2015,66
A/Egypt/8070/2016,A/Greece/4/2017,226
A/Egypt/8070/2016,A/Marseille/2588/2015,40
A/Egypt/8070/2016,A/Minsk/1737/2012,48
A/Egypt/8070/2016,A/Netherlands/398/2014,168
A/Egypt/8070/2016,A/Palermo/6/2016,217
A/Egypt/8070/2016,A/Sachsen/74/2016,194
A/Egypt/8070/2016,A/Samara/73/2013,48
A/Egypt/8070/2016,A/Switzerland/9715293/2013,65
A/Egypt/8200/2016,A/Georgia/532/2015,40
A/Egypt/8200/2016,A/Minsk/1737/2012,60
A/Egypt/8200/2016,A/Netherlands/398/2014,153
A/Egypt/8200/2016,A/Palermo/6/2016,93
A/Egypt/8200/2016,A/Sachsen/74/2016,106
A/Egypt/8200/2016,A/Samara/73/2013,40
A/Egypt/8200/2016,A/Switzerland/9715293/2013,53
A/Egypt/8375/2016,A/Georgia/532/2015,40
A/Egypt/8375/2016,A/Minsk/1737/2012,<40
A/Egypt/8375/2016,A/Netherlands/398/2014,120
A/Egypt/8375/2016,A/Palermo/6/2016,160
A/Egypt/8375/2016,A/Sachsen/74/2016,160
A/Egypt/8375/2016,A/Samara/73/2013,40
A/Egypt/8375/2016,A/Switzerland/9715293/2013,60
A/Egypt/8437/2016,A/Georgia/532/2015,40
A/Egypt/8437/2016,A/Minsk/1737/2012,40
A/Egypt/8437/2016,A/Netherlands/398/2014,90
A/Egypt/8437/2016,A/Palermo/6/2016,160
A/Egypt/8437/2016,A/Sachsen/74/2016,240
A/Egypt/8437/2016,A/Samara/73/2013,40
A/Egypt/8437/2016,A/Switzerland/9715293/2013,50
A/Egypt/8619/2016,A/Georgia/532/2015,<40
A/Egypt/8619/2016,A/Minsk/1737/2012,<40
A/Egypt/8619/2016,A/Netherlands/398/2014,60
A/Egypt/8619/2016,A/Palermo/6/2016,80
A/Egypt/8619/2016,A/Sachsen/74/2016,80
A/Egypt/8619/2016,A/Samara/73/2013,<40
A/Egypt/8619/2016,A/Switzerland/9715293/2013,40
A/Egypt/GAB3932/2014,A/Henan-Xigong/11041/2014,320
A/Egypt/GAB3932/2014,A/Minsk/1737/2012,320
A/Egypt/GAB3932/2014,A/Netherlands/398/2014,400
A/Egypt/GAB3932/2014,A/Perth/16/2009,80
A/Egypt/GAB3932/2014,A/Samara/73/2013,640
A/Egypt/GAB3932/2014,A/Switzerland/9715293/2013,240
A/Egypt/GAB3932/2014,A/Victoria/361/2011,320
A/Ekaterinburg/2/2012,A/Finland/40/2010,160
A/Ekaterinburg/2/2012,A/Iowa/19/2010,160
A/Ekaterinburg/2/2012,A/Johannesburg/126/2009,80
A/Ekaterinburg/2/2012,A/Netherlands/34/2010,320
A/Ekaterinburg/2/2012,A/Perth/16/2009,40
A/Ekaterinburg/2/2012,A/Victoria/361/2011,80
A/Ekaterinburg/4/2012,A/Finland/40/2010,160
A/Ekaterinburg/4/2012,A/Iowa/19/2010,160
A/Ekaterinburg/4/2012,A/Johannesburg/126/2009,80
A/Ekaterinburg/4/2012,A/Netherlands/34/2010,320
A/Ekaterinburg/4/2012,A/Perth/16/2009,40
A/Ekaterinburg/4/2012,A/Victoria/361/2011,160
A/England/1/2014,A/Finland/40/2010,160
A/England/1/2014,A/Iowa/19/2010,80
A/England/1/2014,A/Minsk/1737/2012,80
A/England/1/2014,A/Paris/1988/2012,160
A/England/1/2014,A/Perth/16/2009,<40
A/England/1/2014,A/Samara/73/2013,640
A/England/1/2014,A/Victoria/361/2011,160
A/England/107/2020,A/Fes/67/2016,60
A/England/107/2020,A/Israel/R-742/2016,240
A/England/107/2020,A/Norway/3275/2018,80
A/England/12/2012,A/England/259/2011,320
A/England/12/2012,A/Finland/40/2010,426
A/England/12/2012,A/Iowa/19/2010,480
A/England/12/2012,A/Johannesburg/126/2009,240
A/England/12/2012,A/Netherlands/34/2010,1280
A/England/12/2012,A/Perth/10/2010,640
A/England/12/2012,A/Perth/16/2009,240
A/England/12/2012,A/Victoria/210/2009,320
A/England/12/2012,A/Victoria/361/2011,480
A/England/13/2015,A/Minsk/1737/2012,80
A/England/13/2015,A/Netherlands/398/2014,480
A/England/13/2015,A/Perth/16/2009,<40
A/England/13/2015,A/Samara/73/2013,320
A/England/13/2015,A/Switzerland/9715293/2013,160
A/England/13/2015,A/Victoria/361/2011,80
A/England/137/2024,A/Lisboa/216/2023,213
A/England/137/2024,A/Netherlands/10510/2024,53
A/England/137/2024,A/Netherlands/10563/2023,213
A/England/137/2024,A/Norway/12374/2023,80
A/England/137/2024,A/Oklahoma/05/2024,106
A/England/144/2024,A/Lisboa/216/2023,320
A/England/144/2024,A/Netherlands/10510/2024,40
A/England/144/2024,A/Netherlands/10563/2023,320
A/England/144/2024,A/Norway/12374/2023,80
A/England/144/2024,A/Oklahoma/05/2024,160
A/England/154/2019,A/Fes/67/2016,80
A/England/154/2019,A/Israel/R-742/2016,420
A/England/154/2019,A/Norway/3275/2018,40
A/England/154/2019,A/Switzerland/8060/2017,80
A/England/168/2024,A/Lisboa/216/2023,160
A/England/168/2024,A/Netherlands/10510/2024,40
A/England/168/2024,A/Netherlands/10563/2023,213
A/England/168/2024,A/Norway/12374/2023,66
A/England/168/2024,A/Oklahoma/05/2024,133
A/England/169/2024,A/Lisboa/216/2023,320
A/England/169/2024,A/Netherlands/10510/2024,40
A/England/169/2024,A/Netherlands/10563/2023,320
A/England/169/2024,A/Norway/12374/2023,80
A/England/169/2024,A/Oklahoma/05/2024,160
A/England/173/2024,A/Lisboa/216/2023,80
A/England/173/2024,A/Netherlands/10510/2024,40
A/England/173/2024,A/Netherlands/10563/2023,160
A/England/173/2024,A/Norway/12374/2023,40
A/England/173/2024,A/Oklahoma/05/2024,80
A/England/188/2013,A/Finland/40/2010,320
A/England/188/2013,A/Hawaii/22/2012,640
A/England/188/2013,A/Iowa/19/2010,40
A/England/188/2013,A/Johannesburg/126/2009,40
A/England/188/2013,A/Minsk/1737/2012,640
A/England/188/2013,A/Perth/16/2009,40
A/England/188/2013,A/Victoria/361/2011,400
A/England/189/2023,A/England/214040936/2021,240
A/England/189/2023,A/England/40/2023,*
A/England/189/2023,A/England/42/2023,640
A/England/189/2023,A/England/61/2024,40
A/England/189/2023,A/England/62/2024,320
A/England/189/2023,A/England/67/2024,160
A/England/189/2023,A/England/68/2024,160
A/England/189/2023,A/England/69/2024,160
A/England/189/2023,A/Eskilstuna/SE24-03387/2024,320
A/England/189/2023,A/Extremadura/240460/2023,640
A/England/189/2023,A/Fianarantsoa/01771/2024,320
A/England/189/2023,A/Firq/7242349/2024,320
A/England/189/2023,A/France/33503/2023,320
A/England/189/2023,A/France/GES-IPP14626/2024,422
A/England/189/2023,A/Gavle/SE23-16072/2023,640
A/England/189/2023,A/Georgia/GEO42/2024,*
A/England/189/2023,A/Ghana/1031/2024,640
A/England/189/2023,A/Ghana/1036/2024,320
A/England/189/2023,A/Ghana/1406/2024,640
A/England/189/2023,A/Ghana/1725/2024,800
A/England/189/2023,A/Ghana/1922/2023,<40
A/England/189/2023,A/Ghana/3409/2024,120
A/England/189/2023,A/Ghana/7129/2024,640
A/England/189/2023,A/Ghana/818/2024,266
A/England/189/2023,A/Halmstad/SE24-03868/2024,320
A/England/189/2023,A/HongKong/1937/2024,<40
A/England/189/2023,A/HongKong/1973/2024,320
A/England/189/2023,A/HongKong/2121/2024,640
A/England/189/2023,A/HongKong/2122/2024,320
A/England/189/2023,A/HongKong/2123/2024,160
A/England/189/2023,A/HongKong/2810/2024,320
A/England/189/2023,A/Hungary/141/2023,*
A/England/189/2023,A/Hungary/148/2023,640
A/England/189/2023,A/Hungary/169/2023,640
A/England/189/2023,A/Hungary/174/2023,640
A/England/189/2023,A/Hungary/199/2023,853
A/England/189/2023,A/Hungary/206/2023,640
A/England/189/2023,A/Iasi/565596/2024,320
A/England/189/2023,A/Iasi/567841/2024,640
A/England/189/2023,A/Iceland/10426/2024,320
A/England/189/2023,A/Iceland/12053/2024,320
A/England/189/2023,A/Iceland/12516/2024,320
A/England/189/2023,A/Iceland/5614/2024,160
A/England/189/2023,A/Iceland/7184/2024,640
A/England/189/2023,A/Iceland/8862/2024,160
A/England/189/2023,A/Ile_de_France/03349/2024,640
A/England/189/2023,A/Ile_de_France/03976/2024,120
A/England/189/2023,A/Ile_de_France/04381/2024,640
A/England/189/2023,A/Ile_de_France/04632/2024,640
A/England/189/2023,A/Ile_de_France/04633/2024,426
A/England/189/2023,A/Ile_de_France/05012/2024,1280
A/England/189/2023,A/Ile_de_France/05017/2024,640
A/England/189/2023,A/Ile_de_France/05020/2024,640
A/England/189/2023,A/Ireland/00013633/2024,320
A/England/189/2023,A/Ireland/00013655/2024,160
A/England/189/2023,A/Ireland/00016985/2024,<40
A/England/189/2023,A/Ireland/00019283/2024,320
A/England/189/2023,A/Ireland/00019853/2024,960
A/England/189/2023,A/Ireland/00021613/2024,320
A/England/189/2023,A/Ireland/00024264/2024,1280
A/England/189/2023,A/Ireland/00024704/2024,320
A/England/189/2023,A/Ireland/00028483/2024,320
A/England/189/2023,A/Ireland/00033352/2024,640
A/England/189/2023,A/Ireland/00105655/2023,640
A/England/189/2023,A/Israel/R1511/2024,640
A/England/189/2023,A/Israel/R1564/2024,640
A/England/189/2023,A/Israel/R1571/2024,1280
A/England/189/2023,A/Israel/R1598/2024,640
A/England/189/2023,A/Israel/R1617/2024,640
A/England/189/2023,A/Israel/R1721/2024,640
A/England/189/2023,A/Israel/R1753/2024,640
A/England/189/2023,A/Israel/R17814/2023,1280
A/England/189/2023,A/Israel/R1805/2024,640
A/England/189/2023,A/Israel/R1836/2024,640
A/England/189/2023,A/Israel/R1880/2024,640
A/England/189/2023,A/Israel/R1994/2024,2560
A/England/189/2023,A/Israel/R2058/2024,640
A/England/189/2023,A/Israel/R2212/2024,160
A/England/189/2023,A/Israel/R2231/2024,640
A/England/189/2023,A/Israel/R2239/2024,640
A/England/189/2023,A/Israel/R2254/2024,320
A/England/189/2023,A/Kazakhstan/275/2023,320
A/England/189/2023,A/Kazakhstan/277/2023,426
A/England/189/2023,A/Kazakhstan/336/2023,320
A/England/189/2023,A/Krasnodar/RII-02/2024,320
A/England/189/2023,A/Kyiv/2385/2024,160
A/England/189/2023,A/Kyrgyzstan/101/2023,320
A/England/189/2023,A/Kyrgyzstan/108/2023,320
A/England/189/2023,A/Kyrgyzstan/117/2023,160
A/England/189/2023,A/Kyrgyzstan/124/2023,486
A/England/189/2023,A/Kyrgyzstan/14/2023,560
A/England/189/2023,A/Kyrgyzstan/16/2023,1066
A/England/189/2023,A/Kyrgyzstan/20/2023,640
A/England/189/2023,A/Kyrgyzstan/23/2023,640
A/England/189/2023,A/Kyrgyzstan/318/2023,40
A/England/189/2023,A/Kyrgyzstan/39/2023,533
A/England/189/2023,A/Kyrgyzstan/58/2023,336
A/England/189/2023,A/Kyrgyzstan/9/2023,160
A/England/189/2023,A/Kyrgyzstan/99/2023,186
A/England/189/2023,A/Lille/50053/2022,160
A/England/189/2023,A/Linkoping/SE23-14481/2023,*
A/England/189/2023,A/Lisboa/216/2023,461
A/England/189/2023,A/Lisboa/3/2024,640
A/England/189/2023,A/Lorraine/03877/2024,640
A/England/189/2023,A/Luxembourg/4634126/2023,*
A/England/189/2023,A/Luxembourg/510839/2023,426
A/England/189/2023,A/Manandona/03215/2023,640
A/England/189/2023,A/Mauritius/P50061/2023,*
A/England/189/2023,A/Mauritius/P53142/2023,*
A/England/189/2023,A/Montenegro/222910/2023,640
A/England/189/2023,A/Montenegro/242559/2023,640
A/England/189/2023,A/Morocco/1291/2024,160
A/England/189/2023,A/Morocco/1846/2024,320
A/England/189/2023,A/Mozambique/699047/2024,640
A/England/189/2023,A/Mozambique/699067/2024,960
A/England/189/2023,A/Mozambique/699070/2024,640
A/England/189/2023,A/Mozambique/699103/2024,960
A/England/189/2023,A/Netherlands/01729/2023,156
A/England/189/2023,A/Netherlands/01733/2023,580
A/England/189/2023,A/Netherlands/10431/2024,640
A/England/189/2023,A/Netherlands/10510/2024,<40
A/England/189/2023,A/Netherlands/10536/2023,*
A/England/189/2023,A/Netherlands/10541/2023,*
A/England/189/2023,A/Netherlands/10551/2023,*
A/England/189/2023,A/Netherlands/10553/2024,80
A/England/189/2023,A/Netherlands/10556/2023,*
A/England/189/2023,A/Netherlands/10561/2023,*
A/England/189/2023,A/Netherlands/10563/2023,397
A/England/189/2023,A/Norway/07066/2024,160
A/England/189/2023,A/Norway/11294/2023,320
A/England/189/2023,A/Norway/12374/2023,101
A/England/189/2023,A/Norway/1592/2024,<40
A/England/189/2023,A/Norway/319/2024,320
A/England/189/2023,A/Norway/47/2024,40
A/England/189/2023,A/Oklahoma/05/2024,166
A/England/189/2023,A/Ostersund/SE23-14558/2023,*
A/England/189/2023,A/Perm/RII-04/2024,320
A/England/189/2023,A/Poland/50/2024,320
A/England/189/2023,A/Poland/PL65/2022,123
A/England/189/2023,A/Prahova/566118/2024,400
A/England/189/2023,A/Qatar/10-VI-23-0095120/2023,1280
A/England/189/2023,A/Qatar/10-VI-23-0095583/2023,1920
A/England/189/2023,A/Qatar/10-VI-23-0098543/2023,960
A/England/189/2023,A/Qatar/10-VI-23-0101936/2023,1280
A/England/189/2023,A/Qatar/10-VI-23-0102647/2023,640
A/England/189/2023,A/Romania/563027/2023,*
A/England/189/2023,A/Romania/563219/2023,*
A/England/189/2023,A/Romania/563383/2023,496
A/England/189/2023,A/SaudiArabia/10299/2024,160
A/England/189/2023,A/Serbia/1354/2024,320
A/England/189/2023,A/Serbia/248/2024,460
A/England/189/2023,A/Serbia/7976/2023,*
A/England/189/2023,A/Serbia/8127/2023,*
A/England/189/2023,A/Serbia/8265/2023,822
A/England/189/2023,A/Shanghai-Fengxian/1912/2023,355
A/England/189/2023,A/Siracusa/5/2024,80
A/England/189/2023,A/Slovenia/370/2024,384
A/England/189/2023,A/Slovenia/453/2024,320
A/England/189/2023,A/Slovenia/588/2024,320
A/England/189/2023,A/Slovenia/648/2024,400
A/England/189/2023,A/Slovenia/NLZOH-8008-21-2023/2024,320
A/England/189/2023,A/SouthSudan/996/2023,640
A/England/189/2023,A/Spain/1707/2024,80
A/England/189/2023,A/Spain/2026/2024,160
A/England/189/2023,A/Spain/2389/2024,160
A/England/189/2023,A/Spain/2561/2024,240
A/England/189/2023,A/Spain/575/2023,853
A/England/189/2023,A/Spain/968/2023,213
A/England/189/2023,A/Stockholm/5/2021,187
A/England/189/2023,A/Stockholm/SE24-52993/2024,160
A/England/189/2023,A/Switzerland/28719/2022,431
A/England/189/2023,A/Switzerland/59652/2024,<40
A/England/189/2023,A/Switzerland/71762/2023,373
A/England/189/2023,A/Switzerland/79656/2024,640
A/England/189/2023,A/Switzerland/8649/2023,640
A/England/189/2023,A/Switzerland/91699/2024,80
A/England/189/2023,A/Toamasina/02991/2023,640
A/England/189/2023,A/Toamasina/03143/2023,640
A/England/189/2023,A/Toamasina/03219/2023,640
A/England/189/2023,A/Togo/1057/2023,480
A/England/189/2023,A/Toliary/03152/2023,640
A/England/189/2023,A/Trollhattan/SE24-03639/2024,640
A/England/189/2023,A/Trollhattan/SE24-04469/2024,160
A/England/189/2023,A/Tunisia/3500/2024,160
A/England/189/2023,A/Turkmenistan/142/2024,840
A/England/189/2023,A/Ukraine/2777/2024,640
A/England/189/2023,A/Uppsala/SE24-04691/2024,320
A/England/189/2023,A/Vasteras/SE23-14213/2023,640
A/England/19/2017,A/Greece/4/2017,320
A/England/19/2017,A/Marseille/2588/2015,40
A/England/19/2017,A/Netherlands/398/2014,160
A/England/19/2017,A/Palermo/6/2016,80
A/England/19/2017,A/Sachsen/74/2016,120
A/England/19/2017,A/Switzerland/9715293/2013,80
A/England/194660616/2019,A/Fes/67/2016,90
A/England/194660616/2019,A/Israel/R-742/2016,80
A/England/194660616/2019,A/Norway/3275/2018,72
A/England/195200780/2019,A/England/214040936/2021,48
A/England/195200780/2019,A/England/214420670/2021,80
A/England/195200780/2019,A/Eskilstuna/1/2022,80
A/England/195200780/2019,A/Eskilstuna/3/2022,213
A/England/195200780/2019,A/Estonia/167744/2021,133
A/England/195200780/2019,A/Estonia/168131/2022,80
A/England/195200780/2019,A/Estonia/168141/2022,80
A/England/195200780/2019,A/Estonia/KL4992/2022,40
A/England/195200780/2019,A/Fes/67/2016,148
A/England/195200780/2019,A/Florida/02/2021,80
A/England/195200780/2019,A/Georgia/132/2022,80
A/England/195200780/2019,A/Georgia/2048/2021,160
A/England/195200780/2019,A/Georgia/2063/2021,320
A/England/195200780/2019,A/Ghana/1724/2022,80
A/England/195200780/2019,A/Ghana/1836/2022,<40
A/England/195200780/2019,A/Ghana/195/2022,80
A/England/195200780/2019,A/Ghana/3122/2022,80
A/England/195200780/2019,A/Ghana/3353/2022,80
A/England/195200780/2019,A/Ghana/390/2022,160
A/England/195200780/2019,A/Ghana/392/2022,40
A/England/195200780/2019,A/Hungary/60/2022,80
A/England/195200780/2019,A/Hungary/63/2022,80
A/England/195200780/2019,A/Hungary/91/2020,40
A/England/195200780/2019,A/Ibra/72126272/2021,100
A/England/195200780/2019,A/Iran/Aban17A/2021,160
A/England/195200780/2019,A/Iran/Mehr28/2021,80
A/England/195200780/2019,A/Ireland/14993/2022,60
A/England/195200780/2019,A/Ireland/16348/2022,80
A/England/195200780/2019,A/Ireland/24347/2022,80
A/England/195200780/2019,A/Ireland/4594/2021,40
A/England/195200780/2019,A/Ireland/92285/2021,160
A/England/195200780/2019,A/Israel/B-145/2021,160
A/England/195200780/2019,A/Israel/R-6983/2021,266
A/England/195200780/2019,A/Israel/R-742/2016,128
A/England/195200780/2019,A/Israel/R-9337/2021,40
A/England/195200780/2019,A/Israel/R-9526/2021,320
A/England/195200780/2019,A/Kaliningrad/RII-03/2021,80
A/England/195200780/2019,A/Kaliningrad/RII-05/2021,80
A/England/195200780/2019,A/Kaliningrad/RII-06/2021,160
A/England/195200780/2019,A/Kosova/114/2021,80
A/England/195200780/2019,A/Kosova/587/2021,80
A/England/195200780/2019,A/Kosova/607/2021,80
A/England/195200780/2019,A/Kosova/710/2021,162
A/England/195200780/2019,A/Kosova/78/2021,160
A/England/195200780/2019,A/Kyiv/1/2022,136
A/England/195200780/2019,A/Kyiv/393/2021,60
A/England/195200780/2019,A/Kyiv/4/2022,80
A/England/195200780/2019,A/Latvia/01-089648/2022,40
A/England/195200780/2019,A/Latvia/04-58975/2022,40
A/England/195200780/2019,A/Latvia/04-78381/2022,40
A/England/195200780/2019,A/Latvia/04-86299/2022,40
A/England/195200780/2019,A/Latvia/12-045953/2021,40
A/England/195200780/2019,A/Latvia/12-091317/2021,160
A/England/195200780/2019,A/Latvia/12-091325/2021,320
A/England/195200780/2019,A/Latvia/12-097744/2021,40
A/England/195200780/2019,A/Lebanon/8276/2021,62
A/England/195200780/2019,A/Lebanon/8325/2021,80
A/England/195200780/2019,A/Lebanon/8510/2021,93
A/England/195200780/2019,A/Lebanon/8515/2021,80
A/England/195200780/2019,A/Linkoping/3/2022,80
A/England/195200780/2019,A/Linkoping/5/2022,80
A/England/195200780/2019,A/Lithuania/33224/2022,40
A/England/195200780/2019,A/Lithuania/33830/2022,60
A/England/195200780/2019,A/Lithuania/36453/2022,40
A/England/195200780/2019,A/Lithuania/36696/2022,160
A/England/195200780/2019,A/Madrid/1436/2022,80
A/England/195200780/2019,A/Mahajanga/12570/2021,320
A/England/195200780/2019,A/Mahajanga/13001/2021,192
A/England/195200780/2019,A/Mauritius/I-3006/2019,40
A/England/195200780/2019,A/Mayotte/508/21,288
A/England/195200780/2019,A/Mayotte/513/2021,80
A/England/195200780/2019,A/Mayotte/517/2021,160
A/England/195200780/2019,A/Mayotte/564/2021,320
A/England/195200780/2019,A/Mecklenburg-Vorpommern/69/2022,80
A/England/195200780/2019,A/Michigan/173/2020,240
A/England/195200780/2019,A/Milano/01/2021,160
A/England/195200780/2019,A/Milano/30/2022,80
A/England/195200780/2019,A/Milano/37/2022,160
A/England/195200780/2019,A/Moldova/6649/2022,160
A/England/195200780/2019,A/Montenegro/1082622202/2022,80
A/England/195200780/2019,A/Montenegro/1614822202/2022,86
A/England/195200780/2019,A/Montenegro/1651632202/2022,40
A/England/195200780/2019,A/Montenegro/1651692202/2022,80
A/England/195200780/2019,A/Montenegro/1714472202/2022,80
A/England/195200780/2019,A/Navarra/9534/2021,80
A/England/195200780/2019,A/Navarra/9843/2021,80
A/England/195200780/2019,A/Netherlands/00001/2022,160
A/England/195200780/2019,A/Netherlands/00092/2021,<40
A/England/195200780/2019,A/Netherlands/00110/2021,320
A/England/195200780/2019,A/Netherlands/00832/2022,80
A/England/195200780/2019,A/Netherlands/10004/2021,80
A/England/195200780/2019,A/Netherlands/10018/2021,40
A/England/195200780/2019,A/Netherlands/10025/2022,80
A/England/195200780/2019,A/Netherlands/10057/2021,66
A/England/195200780/2019,A/Netherlands/10062/2021,160
A/England/195200780/2019,A/Netherlands/10065/2021,40
A/England/195200780/2019,A/Netherlands/10067/2021,40
A/England/195200780/2019,A/Netherlands/10074/2021,<40
A/England/195200780/2019,A/Netherlands/10140/2021,40
A/England/195200780/2019,A/Netherlands/10184/2021,80
A/England/195200780/2019,A/Netherlands/10194/2021,40
A/England/195200780/2019,A/Netherlands/10195/2021,160
A/England/195200780/2019,A/Netherlands/10202/2021,<40
A/England/195200780/2019,A/Netherlands/10203/2021,106
A/England/195200780/2019,A/Netherlands/10204/2021,40
A/England/195200780/2019,A/Netherlands/10205/2021,120
A/England/195200780/2019,A/Netherlands/10206/2021,100
A/England/195200780/2019,A/Netherlands/10210/2021,100
A/England/195200780/2019,A/Netherlands/10286/2019,40
A/England/195200780/2019,A/Netherlands/10866/2022,<40
A/England/195200780/2019,A/Nordrhein-Westfalen/1/2021,1280
A/England/195200780/2019,A/Nordrhein-Westfalen/2/2021,80
A/England/195200780/2019,A/Nordrhein-Westfalen/36/2022,56
A/England/195200780/2019,A/Nordrhein-Westfalen/5/2022,40
A/England/195200780/2019,A/Norway/12245/2022,160
A/England/195200780/2019,A/Norway/18090/2022,80
A/England/195200780/2019,A/Norway/18657/2022,53
A/England/195200780/2019,A/Norway/28394/2022,88
A/England/195200780/2019,A/Norway/28542/2022,40
A/England/195200780/2019,A/Norway/28830/2021,293
A/England/195200780/2019,A/Norway/31262/2021,160
A/England/195200780/2019,A/Norway/3275/2018,190
A/England/195200780/2019,A/Norway/530/2022,80
A/England/195200780/2019,A/Novosibirsk/RII-02/2021,80
A/England/195200780/2019,A/Novosibirsk/RII-03/2021,160
A/England/195200780/2019,A/Orenburg/45/2021,160
A/England/195200780/2019,A/Orenburg/5/2022,160
A/England/195200780/2019,A/Paris/2554/2019,240
A/England/195200780/2019,A/Parma/01/2021,320
A/England/195200780/2019,A/Parma/02/2021,160
A/England/195200780/2019,A/Parma/03/2021,320
A/England/195200780/2019,A/Parma/04/2021,160
A/England/195200780/2019,A/Parma/391/2019,40
A/England/195200780/2019,A/Parma/5/2022,320
A/England/195200780/2019,A/Poland/98/2022,93
A/England/195200780/2019,A/Poland/PL07/2022,80
A/England/195200780/2019,A/Poland/PL40/2022,40
A/England/195200780/2019,A/Poland/PL42/2022,80
A/England/195200780/2019,A/Poland/PL45/2022,160
A/England/195200780/2019,A/Poland/PL65/2022,120
A/England/195200780/2019,A/Portugal/210210/2022,80
A/England/195200780/2019,A/Portugal/211242/2022,80
A/England/195200780/2019,A/Portugal/211316/2022,<40
A/England/195200780/2019,A/Portugal/211338/2022,120
A/England/195200780/2019,A/Portugal/211456/2022,80
A/England/195200780/2019,A/Portugal/58/2021,40
A/England/195200780/2019,A/Qatar/10-VI-21-3843467/2021,160
A/England/195200780/2019,A/Qatar/10-VI-21-3886441/2021,167
A/England/195200780/2019,A/Qatar/10-VI-21-4396149/2021,160
A/England/195200780/2019,A/Qatar/10-VI-22-1463000/2022,40
A/England/195200780/2019,A/Qatar/15-VI-22-1438736/2022,80
A/England/195200780/2019,A/Qatar/15-VI-22-1520419/2022,160
A/England/195200780/2019,A/Qatar/16-VI-21-3673175/2021,160
A/England/195200780/2019,A/Qatar/16-VI-21-3798042/2021,160
A/England/195200780/2019,A/Qatar/16-VI-21-4035218/2021,160
A/England/195200780/2019,A/Qatar/16-VI-21-4035811/2021,120
A/England/195200780/2019,A/Qatar/24-VI-21-3752470/2021,320
A/England/195200780/2019,A/Qatar/24-VI-21-3985321/2021,160
A/England/195200780/2019,A/Qatar/24-VI-21-4041206/2021,160
A/England/195200780/2019,A/Qatar/39-VI-21-4154225/2021,80
A/England/195200780/2019,A/Reims/30384/2021,320
A/England/195200780/2019,A/Rheinland-Pfalz/2/2021,160
A/England/195200780/2019,A/Romania/493219/2021,44
A/England/195200780/2019,A/Romania/495025/2021,40
A/England/195200780/2019,A/Romania/515280/2022,80
A/England/195200780/2019,A/Romania/515290/2022,80
A/England/195200780/2019,A/Romania/515331/2022,40
A/England/195200780/2019,A/Romania/515894/2022,80
A/England/195200780/2019,A/Romania/516540/2022,40
A/England/195200780/2019,A/Romania/518142/2022,40
A/England/195200780/2019,A/Romania/518147/2022,160
A/England/195200780/2019,A/S.Petersburg/RII-08/2021,160
A/England/195200780/2019,A/S.Petersburg/RII-19/2021,160
A/England/195200780/2019,A/S.Petersburg/RII-23/2021,80
A/England/195200780/2019,A/S.Petersburg/RII-24/2021,80
A/England/195200780/2019,A/S.Petersburg/RII-25/2021,160
A/England/195200780/2019,A/S.Petersburg/RII-32/2021,160
A/England/195200780/2019,A/S.Petersburg/RII-36/2021,160
A/England/195200780/2019,A/Saarland/1/2022,60
A/England/195200780/2019,A/Sachsen/2/2022,160
A/England/195200780/2019,A/Salalah/72124837/2021,160
A/England/195200780/2019,A/Salalah/72126169/2021,280
A/England/195200780/2019,A/Salalah/72127281/2021,160
A/England/195200780/2019,A/Sassari/2/2022,80
A/England/195200780/2019,A/Schleswig-Holstein/1/2021,160
A/England/195200780/2019,A/Serbia/1172/2022,80
A/England/195200780/2019,A/Slovenia/8828/2022,<40
A/England/195200780/2019,A/Slovenia/9091/2022,<40
A/England/195200780/2019,A/Slovenia/9146/2022,<40
A/England/195200780/2019,A/Slovenia/9216/2022,80
A/England/195200780/2019,A/Slovenia/9318/2022,160
A/England/195200780/2019,A/Slovenia/9448/2022,80
A/England/195200780/2019,A/Slovenia/9449/2022,60
A/England/195200780/2019,A/Slovenia/9614/2022,80
A/England/195200780/2019,A/Slovenia/9626/2022,40
A/England/195200780/2019,A/Slovenia/9659/2022,80
A/England/195200780/2019,A/Slovenia/9671/2022,40
A/England/195200780/2019,A/Slovenia/9705/2022,40
A/England/195200780/2019,A/Slovenia/9726/2022,40
A/England/195200780/2019,A/Slovenia/9854/2022,80
A/England/195200780/2019,A/Slovenia/9860/2022,160
A/England/195200780/2019,A/Slovenia/9891/2022,80
A/England/195200780/2019,A/Spain/1126/2022,40
A/England/195200780/2019,A/Spain/1127/2022,40
A/England/195200780/2019,A/Spain/58/2021,40
A/England/195200780/2019,A/Spain/81/2021,40
A/England/195200780/2019,A/Spain/84/2021,40
A/England/195200780/2019,A/Spain/90/2021,96
A/England/195200780/2019,A/Stockholm/5/2021,118
A/England/195200780/2019,A/Stockholm/8/2021,80
A/England/195200780/2019,A/Stockholm/9/2021,320
A/England/195200780/2019,A/Stockholm/9/2022,40
A/England/195200780/2019,A/Switzerland/09683/2022,320
A/England/195200780/2019,A/Switzerland/12229/2022,80
A/England/195200780/2019,A/Switzerland/12981/2022,50
A/England/195200780/2019,A/Switzerland/18559/2022,160
A/England/195200780/2019,A/Switzerland/51230/2021,80
A/England/195200780/2019,A/Switzerland/67859/2022,40
A/England/195200780/2019,A/Switzerland/7204/2019,80
A/England/195200780/2019,A/Switzerland/98693/2021,80
A/England/195200780/2019,A/Tajikistan/2/2021,191
A/England/195200780/2019,A/Thuringen/3/2022,320
A/England/195200780/2019,A/Thuringen/6/2022,80
A/England/195200780/2019,A/Thuringen/7/2022,160
A/England/195200780/2019,A/Togo/1122/2022,80
A/England/195200780/2019,A/Togo/1153/2022,160
A/England/195200780/2019,A/Togo/771/2020,160
A/England/195200780/2019,A/Tripoli.LBN/7180/2021,80
A/England/195200780/2019,A/Tripoli.LBN/7347/2021,80
A/England/195200780/2019,A/Tripoli.LBN/7350/2021,80
A/England/195200780/2019,A/Tunisia/7468/2022,80
A/England/195200780/2019,A/Tunisia/8259/2022,80
A/England/195200780/2019,A/Ukraine/354/2021,63
A/England/195200780/2019,A/Ukraine/358/2022,80
A/England/195200780/2019,A/Wisconsin/02/2021,160
A/England/195200780/2019,A/Yaroslavl/24/2021,80
A/England/195200780/2019,A/Yaroslavl/32/2021,160
A/England/195200780/2019,A/Zghorta.LBN/7491/2021,80
A/England/195200780/2019,A/Zghorta.LBN/7493/2021,40
A/England/214040936/2021,A/Eskilstuna/1/2022,320
A/England/214040936/2021,A/Eskilstuna/3/2022,40
A/England/214040936/2021,A/Estonia/167744/2021,640
A/England/214040936/2021,A/Estonia/172437/2022,120
A/England/214040936/2021,A/Estonia/KL283/2023,120
A/England/214040936/2021,A/Estonia/KL4992/2022,320
A/England/214040936/2021,A/FVG-Udine/99/2023,60
A/England/214040936/2021,A/Florida/02/2021,320
A/England/214040936/2021,A/Fort-De-France/53820/2022,240
A/England/214040936/2021,A/Galicia/3991/2022,90
A/England/214040936/2021,A/Georgia/132/2022,640
A/England/214040936/2021,A/Georgia/2048/2021,640
A/England/214040936/2021,A/Georgia/2063/2021,640
A/England/214040936/2021,A/Georgia/K18-57/2022,40
A/England/214040936/2021,A/Georgia/K20-14/2022,40
A/England/214040936/2021,A/Georgia/T2/2022,126
A/England/214040936/2021,A/Georgia/T26-26/2022,120
A/England/214040936/2021,A/Georgia/T27-25/2022,90
A/England/214040936/2021,A/Ghana/1724/2022,420
A/England/214040936/2021,A/Ghana/1836/2022,160
A/England/214040936/2021,A/Ghana/195/2022,1280
A/England/214040936/2021,A/Ghana/3122/2022,640
A/England/214040936/2021,A/Ghana/3353/2022,1280
A/England/214040936/2021,A/Ghana/390/2022,2560
A/England/214040936/2021,A/Ghana/392/2022,640
A/England/214040936/2021,A/Greece/15/2023,80
A/England/214040936/2021,A/Greece/370/2022,120
A/England/214040936/2021,A/Hessen/45/2022,92
A/England/214040936/2021,A/HongKong/1539/2023,240
A/England/214040936/2021,A/HongKong/1543/2023,240
A/England/214040936/2021,A/HongKong/1544/2023,240
A/England/214040936/2021,A/Hungary/60/2022,640
A/England/214040936/2021,A/Hungary/63/2022,320
A/England/214040936/2021,A/Hungary/68/2022,120
A/England/214040936/2021,A/Hungary/73/2022,80
A/England/214040936/2021,A/Hungary/75/2022,80
A/England/214040936/2021,A/Hungary/87/2022,80
A/England/214040936/2021,A/Ibra/72211258/2022,80
A/England/214040936/2021,A/Ibra/72211780/2022,160
A/England/214040936/2021,A/Ibra/72211857/2022,240
A/England/214040936/2021,A/Ibra/72211987/2022,120
A/England/214040936/2021,A/Iceland/34327/2023,480
A/England/214040936/2021,A/Iran/Aban17A/2021,320
A/England/214040936/2021,A/Iran/Mehr28/2021,320
A/England/214040936/2021,A/Ireland/14993/2022,320
A/England/214040936/2021,A/Ireland/16348/2022,640
A/England/214040936/2021,A/Ireland/24347/2022,320
A/England/214040936/2021,A/Ireland/65707/2022,80
A/England/214040936/2021,A/Ireland/69896/2022,100
A/England/214040936/2021,A/Ireland/74535/2022,80
A/England/214040936/2021,A/Ireland/80523/2022,240
A/England/214040936/2021,A/Ireland/8169/2023,80
A/England/214040936/2021,A/Ireland/8661/2023,120
A/England/214040936/2021,A/Ireland/9045/2023,120
A/England/214040936/2021,A/Ireland/9468/2023,120
A/England/214040936/2021,A/Ireland/9830/2023,120
A/England/214040936/2021,A/Israel/B1398/2022,60
A/England/214040936/2021,A/Israel/B1644/2022,60
A/England/214040936/2021,A/Israel/B1719/2022,240
A/England/214040936/2021,A/Israel/R-742/2016,41
A/England/214040936/2021,A/Israel/R-9337/2021,320
A/England/214040936/2021,A/Israel/R-9526/2021,320
A/England/214040936/2021,A/Israel/R11447/2022,40
A/England/214040936/2021,A/Kosice/130/2023,60
A/England/214040936/2021,A/Kosice/158/2023,120
A/England/214040936/2021,A/Kosova/114/2021,210
A/England/214040936/2021,A/Kosova/587/2021,640
A/England/214040936/2021,A/Kosova/607/2021,560
A/England/214040936/2021,A/Kosova/710/2021,628
A/England/214040936/2021,A/Kosova/78/2021,640
A/England/214040936/2021,A/Kyiv/1/2022,440
A/England/214040936/2021,A/Kyiv/393/2021,960
A/England/214040936/2021,A/Latvia/01-091445/2023,240
A/England/214040936/2021,A/Latvia/04-58975/2022,640
A/England/214040936/2021,A/Latvia/04-78381/2022,320
A/England/214040936/2021,A/Latvia/04-86299/2022,320
A/England/214040936/2021,A/Lebanon/8276/2021,320
A/England/214040936/2021,A/Lebanon/8325/2021,320
A/England/214040936/2021,A/Lebanon/8510/2021,480
A/England/214040936/2021,A/Lebanon/8515/2021,320
A/England/214040936/2021,A/Lille/50053/2022,247
A/England/214040936/2021,A/Linkoping/3/2022,320
A/England/214040936/2021,A/Linkoping/5/2022,320
A/England/214040936/2021,A/Lisboa/554/2022,80
A/England/214040936/2021,A/Lisboa/561/2022,120
A/England/214040936/2021,A/Lisboa/584/2022,80
A/England/214040936/2021,A/Lisboa/595/2022,120
A/England/214040936/2021,A/Lisboa/597/2022,90
A/England/214040936/2021,A/Lisboa/706/2022,70
A/England/214040936/2021,A/Lisboa/731/2022,60
A/England/214040936/2021,A/Lisboa/751/2022,60
A/England/214040936/2021,A/Lithuania/33224/2022,320
A/England/214040936/2021,A/Lithuania/33830/2022,320
A/England/214040936/2021,A/Lithuania/36453/2022,320
A/England/214040936/2021,A/Lithuania/36696/2022,640
A/England/214040936/2021,A/Lithuania/47481/2022,240
A/England/214040936/2021,A/Lithuania/48379/2022,80
A/England/214040936/2021,A/Lithuania/48708/2022,80
A/England/214040936/2021,A/Macedonia/133/2023,120
A/England/214040936/2021,A/Madrid/1436/2022,320
A/England/214040936/2021,A/Madrid/3803/2022,60
A/England/214040936/2021,A/Mahajanga/12570/2021,640
A/England/214040936/2021,A/Mahajanga/13001/2021,640
A/England/214040936/2021,A/Mauritius/P61639/2022,60
A/England/214040936/2021,A/Mayotte/508/21,<40
A/England/214040936/2021,A/Mecklenburg-Vorpommern/69/2022,320
A/England/214040936/2021,A/Mecklenburg-Vorpommern/88/2022,404
A/England/214040936/2021,A/Milano/257/2022,80
A/England/214040936/2021,A/Milano/30/2022,640
A/England/214040936/2021,A/Milano/331/2022,60
A/England/214040936/2021,A/Milano/37/2022,640
A/England/214040936/2021,A/Milano/397/2022,40
A/England/214040936/2021,A/Moldova/2025278/2023,60
A/England/214040936/2021,A/Moldova/6649/2022,640
A/England/214040936/2021,A/Montenegro/101668/2023,160
A/England/214040936/2021,A/Montenegro/1082622202/2022,320
A/England/214040936/2021,A/Montenegro/1614822202/2022,280
A/England/214040936/2021,A/Montenegro/1651632202/2022,320
A/England/214040936/2021,A/Montenegro/1651692202/2022,640
A/England/214040936/2021,A/Montenegro/1714472202/2022,320
A/England/214040936/2021,A/Montenegro/519452/2022,240
A/England/214040936/2021,A/MountLebanon/65/2023,120
A/England/214040936/2021,A/Navarra/4220/2022,100
A/England/214040936/2021,A/Navarra/4320/2022,120
A/England/214040936/2021,A/Navarra/4439/2022,60
A/England/214040936/2021,A/Navarra/4440/2022,120
A/England/214040936/2021,A/Navarra/4550/2022,90
A/England/214040936/2021,A/Navarra/9843/2021,640
A/England/214040936/2021,A/Netherlands/00001/2022,320
A/England/214040936/2021,A/Netherlands/00092/2021,320
A/England/214040936/2021,A/Netherlands/00110/2021,<40
A/England/214040936/2021,A/Netherlands/00832/2022,160
A/England/214040936/2021,A/Netherlands/01476/2022,50
A/England/214040936/2021,A/Netherlands/01867/2022,40
A/England/214040936/2021,A/Netherlands/10018/2021,640
A/England/214040936/2021,A/Netherlands/10025/2022,640
A/England/214040936/2021,A/Netherlands/10057/2021,640
A/England/214040936/2021,A/Netherlands/10062/2021,320
A/England/214040936/2021,A/Netherlands/10065/2021,640
A/England/214040936/2021,A/Netherlands/10067/2021,480
A/England/214040936/2021,A/Netherlands/10140/2021,640
A/England/214040936/2021,A/Netherlands/10142/2023,240
A/England/214040936/2021,A/Netherlands/10184/2021,320
A/England/214040936/2021,A/Netherlands/10194/2021,816
A/England/214040936/2021,A/Netherlands/10195/2021,640
A/England/214040936/2021,A/Netherlands/10202/2021,320
A/England/214040936/2021,A/Netherlands/10203/2021,533
A/England/214040936/2021,A/Netherlands/10204/2021,320
A/England/214040936/2021,A/Netherlands/10205/2021,192
A/England/214040936/2021,A/Netherlands/10206/2021,40
A/England/214040936/2021,A/Netherlands/10210/2021,400
A/England/214040936/2021,A/Netherlands/10228/2023,120
A/England/214040936/2021,A/Netherlands/10866/2022,80
A/England/214040936/2021,A/Netherlands/11812/2022,120
A/England/214040936/2021,A/Netherlands/11816/2022,60
A/England/214040936/2021,A/Netherlands/11832/2022,66
A/England/214040936/2021,A/Netherlands/11833/2022,80
A/England/214040936/2021,A/Netherlands/11968/2022,70
A/England/214040936/2021,A/Nordrhein-Westfalen/36/2022,360
A/England/214040936/2021,A/Nordrhein-Westfalen/37/2022,240
A/England/214040936/2021,A/Nordrhein-Westfalen/40/2022,120
A/England/214040936/2021,A/Nordrhein-Westfalen/5/2022,320
A/England/214040936/2021,A/Norway/12245/2022,320
A/England/214040936/2021,A/Norway/18090/2022,320
A/England/214040936/2021,A/Norway/18657/2022,640
A/England/214040936/2021,A/Norway/2003/2023,80
A/England/214040936/2021,A/Norway/28394/2022,640
A/England/214040936/2021,A/Norway/28542/2022,232
A/England/214040936/2021,A/Norway/28830/2021,400
A/England/214040936/2021,A/Norway/3170/2023,480
A/England/214040936/2021,A/Norway/32026/2022,160
A/England/214040936/2021,A/Norway/32641/2022,127
A/England/214040936/2021,A/Norway/33371/2022,80
A/England/214040936/2021,A/Norway/33404/2022,120
A/England/214040936/2021,A/Norway/33475/2022,240
A/England/214040936/2021,A/Norway/3384/2023,60
A/England/214040936/2021,A/Norway/3821/2023,120
A/England/214040936/2021,A/Orenburg/5/2022,160
A/England/214040936/2021,A/Palencia/118/2022,120
A/England/214040936/2021,A/Palencia/30/2022,70
A/England/214040936/2021,A/Palermo/2/2022,80
A/England/214040936/2021,A/Parma/5/2022,640
A/England/214040936/2021,A/Parma/83/2022,60
A/England/214040936/2021,A/Parma/84/2022,80
A/England/214040936/2021,A/Parma/88/2022,80
A/England/214040936/2021,A/Poland/205/2023,100
A/England/214040936/2021,A/Poland/98/2022,416
A/England/214040936/2021,A/Poland/PL07/2022,640
A/England/214040936/2021,A/Poland/PL40/2022,320
A/England/214040936/2021,A/Poland/PL42/2022,320
A/England/214040936/2021,A/Poland/PL45/2022,480
A/England/214040936/2021,A/Poland/PL65/2022,118
A/England/214040936/2021,A/Poland/PL78/2022,320
A/England/214040936/2021,A/Poland/PL83/2022,240
A/England/214040936/2021,A/Poland/PL93/2022,240
A/England/214040936/2021,A/Portugal/210210/2022,640
A/England/214040936/2021,A/Portugal/211242/2022,320
A/England/214040936/2021,A/Portugal/211316/2022,640
A/England/214040936/2021,A/Portugal/211338/2022,960
A/England/214040936/2021,A/Portugal/211456/2022,320
A/England/214040936/2021,A/Portugal/58/2021,640
A/England/214040936/2021,A/Qatar/10-VI-21-3886441/2021,293
A/England/214040936/2021,A/Qatar/10-VI-21-4396149/2021,1280
A/England/214040936/2021,A/Qatar/10-VI-22-1463000/2022,320
A/England/214040936/2021,A/Qatar/10-VI-22-2015495/2022,240
A/England/214040936/2021,A/Qatar/10-VI-22-2015935/2022,240
A/England/214040936/2021,A/Qatar/15-VI-22-1438736/2022,<40
A/England/214040936/2021,A/Qatar/15-VI-22-1520419/2022,320
A/England/214040936/2021,A/Qatar/16-VI-22-1972944/2022,240
A/England/214040936/2021,A/Reims/30384/2021,480
A/England/214040936/2021,A/Rheinland-Pfalz/18/2022,100
A/England/214040936/2021,A/Romania/493219/2021,510
A/England/214040936/2021,A/Romania/515280/2022,640
A/England/214040936/2021,A/Romania/515290/2022,320
A/England/214040936/2021,A/Romania/515331/2022,640
A/England/214040936/2021,A/Romania/515894/2022,320
A/England/214040936/2021,A/Romania/516540/2022,320
A/England/214040936/2021,A/Romania/518142/2022,640
A/England/214040936/2021,A/Romania/518147/2022,640
A/England/214040936/2021,A/Romania/544187/2022,40
A/England/214040936/2021,A/Saarland/1/2022,320
A/England/214040936/2021,A/Sachsen/2/2022,640
A/England/214040936/2021,A/Salamanca/35/2022,80
A/England/214040936/2021,A/Salamanca/36/2022,80
A/England/214040936/2021,A/Sassari/2/2022,640
A/England/214040936/2021,A/Sassari/5/2023,80
A/England/214040936/2021,A/SaudiArabia/1404/2022,120
A/England/214040936/2021,A/SaudiArabia/556/2022,60
A/England/214040936/2021,A/Schleswig-Holstein/1/2021,160
A/England/214040936/2021,A/Schleswig-Holstein/14/2022,80
A/England/214040936/2021,A/Segovia/233/2022,60
A/England/214040936/2021,A/Serbia/1172/2022,320
A/England/214040936/2021,A/Serbia/668/2023,40
A/England/214040936/2021,A/Serbia/7028/2022,120
A/England/214040936/2021,A/Slovenia/10543/2022,160
A/England/214040936/2021,A/Slovenia/10919/2022,240
A/England/214040936/2021,A/Slovenia/11321/2022,80
A/England/214040936/2021,A/Slovenia/11329/2022,80
A/England/214040936/2021,A/Slovenia/11413/2022,160
A/England/214040936/2021,A/Slovenia/11422/2022,60
A/England/214040936/2021,A/Slovenia/11445/2022,96
A/England/214040936/2021,A/Slovenia/11512/2022,56
A/England/214040936/2021,A/Slovenia/11514/2022,93
A/England/214040936/2021,A/Slovenia/11517/2022,86
A/England/214040936/2021,A/Slovenia/11665/2022,120
A/England/214040936/2021,A/Slovenia/657/2023,120
A/England/214040936/2021,A/Slovenia/8828/2022,320
A/England/214040936/2021,A/Slovenia/9091/2022,160
A/England/214040936/2021,A/Slovenia/9146/2022,320
A/England/214040936/2021,A/Slovenia/9216/2022,266
A/England/214040936/2021,A/Slovenia/9318/2022,373
A/England/214040936/2021,A/Slovenia/9448/2022,320
A/England/214040936/2021,A/Slovenia/9449/2022,280
A/England/214040936/2021,A/Slovenia/9614/2022,320
A/England/214040936/2021,A/Slovenia/9626/2022,160
A/England/214040936/2021,A/Slovenia/9659/2022,320
A/England/214040936/2021,A/Slovenia/9671/2022,240
A/England/214040936/2021,A/Slovenia/9705/2022,320
A/England/214040936/2021,A/Slovenia/9726/2022,280
A/England/214040936/2021,A/Slovenia/9854/2022,320
A/England/214040936/2021,A/Slovenia/9860/2022,320
A/England/214040936/2021,A/Slovenia/9891/2022,640
A/England/214040936/2021,A/Spain/1126/2022,320
A/England/214040936/2021,A/Spain/1127/2022,320
A/England/214040936/2021,A/Spain/58/2021,640
A/England/214040936/2021,A/Spain/90/2021,188
A/England/214040936/2021,A/Stockholm/5/2021,307
A/England/214040936/2021,A/Stockholm/8/2021,320
A/England/214040936/2021,A/Stockholm/9/2022,320
A/England/214040936/2021,A/Sweden/3098/2023,60
A/England/214040936/2021,A/Switzerland/09683/2022,640
A/England/214040936/2021,A/Switzerland/11159/2023,120
A/England/214040936/2021,A/Switzerland/12082/2022,90
A/England/214040936/2021,A/Switzerland/12229/2022,320
A/England/214040936/2021,A/Switzerland/12981/2022,320
A/England/214040936/2021,A/Switzerland/18284/2022,102
A/England/214040936/2021,A/Switzerland/18559/2022,640
A/England/214040936/2021,A/Switzerland/20498/2023,80
A/England/214040936/2021,A/Switzerland/28719/2022,96
A/England/214040936/2021,A/Switzerland/32862/2023,120
A/England/214040936/2021,A/Switzerland/67859/2022,320
A/England/214040936/2021,A/Switzerland/68971/2022,80
A/England/214040936/2021,A/Switzerland/86247/2022,240
A/England/214040936/2021,A/Tajikistan/2/2021,640
A/England/214040936/2021,A/Thuringen/3/2022,1280
A/England/214040936/2021,A/Thuringen/6/2022,320
A/England/214040936/2021,A/Thuringen/7/2022,1280
A/England/214040936/2021,A/Togo/1122/2022,640
A/England/214040936/2021,A/Togo/1153/2022,1280
A/England/214040936/2021,A/Tripoli.LBN/7180/2021,320
A/England/214040936/2021,A/Tunisia/20957/2022,120
A/England/214040936/2021,A/Tunisia/22684/2022,80
A/England/214040936/2021,A/Tunisia/22985/2022,80
A/England/214040936/2021,A/Tunisia/23669/2022,400
A/England/214040936/2021,A/Tunisia/7468/2022,40
A/England/214040936/2021,A/Tunisia/8259/2022,320
A/England/214040936/2021,A/Ukraine/354/2021,365
A/England/214040936/2021,A/Ukraine/358/2022,320
A/England/214040936/2021,A/Ukraine/774/2022,166
A/England/214040936/2021,A/Ukraine/779/2022,80
A/England/214040936/2021,A/Valladolid/12/2022,60
A/England/214040936/2021,A/Valladolid/14/2023,80
A/England/214040936/2021,A/Valladolid/16/2022,60
A/England/214040936/2021,A/Valladolid/20/2022,60
A/England/214040936/2021,A/Valladolid/50/2022,120
A/England/214040936/2021,A/Zamora/57/2022,40
A/England/214420670/2021,A/Israel/R-742/2016,40
A/England/214420670/2021,A/Stockholm/5/2021,320
A/England/232/2009,A/England/270/2010,160
A/England/232/2009,A/England/700/2009,<40
A/England/232/2009,A/England/815/2009,160
A/England/232/2009,A/Esfahan/6117/2010,320
A/England/232/2009,A/Finland/40/2010,135
A/England/232/2009,A/Finland/640/2009,80
A/England/232/2009,A/Finland/9/2008,60
A/England/232/2009,A/Galati/47519/2011,1280
A/England/232/2009,A/Ghana/FS-2240/2009,853
A/England/232/2009,A/Ghana/FS-271/2010,240
A/England/232/2009,A/Ghana/FS-376/2010,80
A/England/232/2009,A/Ghana/FS-467/2010,320
A/England/232/2009,A/Gothenburg/1/2010,160
A/England/232/2009,A/Guadeloupe/202/2010,200
A/England/232/2009,A/Iowa/19/2010,640
A/England/232/2009,A/Ireland/13527/2011,320
A/England/232/2009,A/Ireland/909/2011,160
A/England/232/2009,A/Johannesburg/126/2009,237
A/England/232/2009,A/Johannesburg/27/2011,80
A/England/232/2009,A/Lithuania/142K/2009,1280
A/England/232/2009,A/Lyon/1135/2010,320
A/England/232/2009,A/Lyon/1715/2009,80
A/England/232/2009,A/Madagascar/0648/2011,160
A/England/232/2009,A/Madagascar/1121/2011,160
A/England/232/2009,A/Mauritius/511/2009,640
A/England/232/2009,A/Netherlands/34/2010,80
A/England/232/2009,A/Netherlands/761/2009,40
A/England/232/2009,A/Niigata/403/2009,640
A/England/232/2009,A/Norway/1186/2011,320
A/England/232/2009,A/Norway/1330/2010,320
A/England/232/2009,A/Norway/685/2011,320
A/England/232/2009,A/Panama/307149/2010,200
A/England/232/2009,A/Paris/6047/2009,160
A/England/232/2009,A/Perth/10/2010,231
A/England/232/2009,A/Perth/16/2009,617
A/England/232/2009,A/Philippines/2191/2009,680
A/England/232/2009,A/Poitiers/1071/2010,640
A/England/232/2009,A/Stockholm/1/2010,240
A/England/232/2009,A/Stockholm/15/2011,200
A/England/232/2009,A/Stockholm/17/2011,360
A/England/232/2009,A/Stockholm/2/2010,80
A/England/232/2009,A/Stockholm/5/2011,160
A/England/232/2009,A/Stockholm/6/2010,160
A/England/232/2009,A/Stockholm/6/2011,80
A/England/232/2009,A/Stockholm/7/2010,320
A/England/232/2009,A/Stockholm/7/2011,640
A/England/232/2009,A/Stockholm/89/2009,160
A/England/232/2009,A/Sweden/2/2009,640
A/England/232/2009,A/Taiwan/240/2009,<40
A/England/232/2009,A/Taiwan/851/2010,320
A/England/232/2009,A/Ukraine/175/2011,160
A/England/232/2009,A/Umea/3/2011,80
A/England/232/2009,A/Uruguay/716/2007,65
A/England/232/2009,A/Victoria/210/2009,633
A/England/232/2009,A/Wisconsin/13/2010,<40
A/England/232/2009,A/Wisconsin/67/2005,80
A/England/232/2009,A/Yokohama/96/2010,160
A/England/257/2011,A/Finland/40/2010,640
A/England/257/2011,A/Iowa/19/2010,320
A/England/257/2011,A/Johannesburg/126/2009,160
A/England/257/2011,A/Perth/10/2010,320
A/England/257/2011,A/Perth/16/2009,80
A/England/257/2011,A/Victoria/210/2009,160
A/England/258/2011,A/Finland/40/2010,320
A/England/258/2011,A/Iowa/19/2010,480
A/England/258/2011,A/Johannesburg/126/2009,80
A/England/258/2011,A/Perth/10/2010,320
A/England/258/2011,A/Perth/16/2009,120
A/England/258/2011,A/Victoria/210/2009,80
A/England/259/2011,A/Finland/196/2012,320
A/England/259/2011,A/Finland/40/2010,231
A/England/259/2011,A/Hamburg/1/2012,320
A/England/259/2011,A/Iowa/19/2010,800
A/England/259/2011,A/Johannesburg/126/2009,1104
A/England/259/2011,A/Jordan/20110030749/2011,235
A/England/259/2011,A/Jordan/20110030780/2011,320
A/England/259/2011,A/Latvia/12-47890p/2011,320
A/England/259/2011,A/Netherlands/34/2010,480
A/England/259/2011,A/Netherlands/710/2011,160
A/England/259/2011,A/Norway/1775/2011,160
A/England/259/2011,A/Norway/2400/2011,426
A/England/259/2011,A/Panama/307149/2010,512
A/England/259/2011,A/Paris/1744/2011,320
A/England/259/2011,A/Perth/10/2010,320
A/England/259/2011,A/Perth/16/2009,133
A/England/259/2011,A/Spain/14758/2012,640
A/England/259/2011,A/Stockholm/12-00752/2012,160
A/England/259/2011,A/Stockholm/12-00974/2012,160
A/England/259/2011,A/Switzerland/5834730/2012,160
A/England/259/2011,A/Turkey/23/2011,320
A/England/259/2011,A/Turkey/28/2011,240
A/England/259/2011,A/Turkey/35/2011,80
A/England/259/2011,A/Turkey/54/2011,160
A/England/259/2011,A/Victoria/210/2009,80
A/England/270/2010,A/Johannesburg/126/2009,120
A/England/270/2010,A/Perth/10/2010,640
A/England/270/2010,A/Perth/16/2009,240
A/England/270/2010,A/Victoria/210/2009,80
A/England/270/2010,A/Wisconsin/67/2005,<40
A/England/3/2019,A/Fes/67/2016,80
A/England/3/2019,A/Israel/R-742/2016,160
A/England/3/2019,A/Netherlands/10260/2018,<40
A/England/3/2019,A/Netherlands/398/2014,40
A/England/3/2019,A/Norway/3275/2018,*
A/England/3/2019,A/Switzerland/8060/2017,160
A/England/316/2012,A/Finland/40/2010,640
A/England/316/2012,A/Iowa/19/2010,640
A/England/316/2012,A/Johannesburg/126/2009,320
A/England/316/2012,A/Perth/16/2009,160
A/England/316/2012,A/Victoria/361/2011,1440
A/England/335/2015,A/Georgia/532/2015,40
A/England/335/2015,A/Madrid/SO13031/2014,<40
A/England/335/2015,A/Minsk/1737/2012,<40
A/England/335/2015,A/Netherlands/398/2014,80
A/England/335/2015,A/Samara/73/2013,40
A/England/335/2015,A/Switzerland/9715293/2013,<40
A/England/335/2019,A/Fes/67/2016,84
A/England/335/2019,A/Israel/R-742/2016,413
A/England/335/2019,A/Mauritius/I-3006/2019,<40
A/England/335/2019,A/Norway/3275/2018,40
A/England/335/2019,A/Switzerland/8060/2017,40
A/England/40/2023,A/Kyrgyzstan/124/2023,*
A/England/40/2023,A/Poland/PL65/2022,80
A/England/40/2023,A/Stockholm/5/2021,80
A/England/40/2023,A/Switzerland/28719/2022,320
A/England/42/2023,A/Kyrgyzstan/124/2023,*
A/England/42/2023,A/Netherlands/10563/2023,640
A/England/42/2023,A/Poland/PL65/2022,80
A/England/42/2023,A/Stockholm/5/2021,120
A/England/42/2023,A/Switzerland/28719/2022,320
A/England/476/2012,A/Finland/40/2010,640
A/England/476/2012,A/Iowa/19/2010,640
A/England/476/2012,A/Johannesburg/126/2009,320
A/England/476/2012,A/Perth/16/2009,160
A/England/476/2012,A/Victoria/361/2011,1600
A/England/49/2012,A/Finland/40/2010,640
A/England/49/2012,A/Iowa/19/2010,640
A/England/49/2012,A/Johannesburg/126/2009,320
A/England/49/2012,A/Perth/16/2009,160
A/England/49/2012,A/Victoria/361/2011,1440
A/England/513/2019,A/Fes/67/2016,80
A/England/513/2019,A/Israel/R-742/2016,280
A/England/513/2019,A/Norway/3275/2018,<40
A/England/517/2012,A/Finland/40/2010,320
A/England/517/2012,A/Iowa/19/2010,320
A/England/517/2012,A/Johannesburg/126/2009,160
A/England/517/2012,A/Perth/16/2009,80
A/England/517/2012,A/Victoria/361/2011,720
A/England/521/2019,A/Fes/67/2016,80
A/England/521/2019,A/Israel/R-742/2016,440
A/England/521/2019,A/Norway/3275/2018,40
A/England/527/2014,A/Henan-Xigong/11041/2014,160
A/England/527/2014,A/Lithuania/8237/2014,1120
A/England/527/2014,A/Madrid/SO13031/2014,960
A/England/527/2014,A/Minsk/1737/2012,200
A/England/527/2014,A/Netherlands/398/2014,120
A/England/527/2014,A/Perth/16/2009,200
A/England/527/2014,A/Samara/73/2013,320
A/England/527/2014,A/Stockholm/12/2015,160
A/England/527/2014,A/Stockholm/31/2014,*
A/England/527/2014,A/Stockholm/32/2014,40
A/England/527/2014,A/Stockholm/36/2014,40
A/England/527/2014,A/Switzerland/9715293/2013,66
A/England/527/2014,A/Victoria/361/2011,80
A/England/528/2014,A/Henan-Xigong/11041/2014,<40
A/England/528/2014,A/Minsk/1737/2012,<40
A/England/528/2014,A/Netherlands/398/2014,40
A/England/528/2014,A/Perth/16/2009,<40
A/England/528/2014,A/Samara/73/2013,80
A/England/528/2014,A/Switzerland/9715293/2013,<40
A/England/528/2014,A/Victoria/361/2011,<40
A/England/531/2012,A/Finland/40/2010,80
A/England/531/2012,A/Iowa/19/2010,80
A/England/531/2012,A/Johannesburg/126/2009,40
A/England/531/2012,A/Perth/16/2009,40
A/England/531/2012,A/Victoria/361/2011,360
A/England/561/2014,A/Minsk/1737/2012,53
A/England/561/2014,A/Netherlands/398/2014,186
A/England/561/2014,A/Perth/16/2009,100
A/England/561/2014,A/Samara/73/2013,213
A/England/561/2014,A/Switzerland/9715293/2013,73
A/England/561/2014,A/Victoria/361/2011,106
A/England/565/2012,A/Finland/40/2010,200
A/England/565/2012,A/Iowa/19/2010,40
A/England/565/2012,A/Johannesburg/126/2009,<40
A/England/565/2012,A/Minsk/1737/2012,1280
A/England/565/2012,A/Ohio/2/2012,80
A/England/565/2012,A/Perth/16/2009,<40
A/England/565/2012,A/Victoria/361/2011,460
A/England/568/2012,A/Finland/40/2010,222
A/England/568/2012,A/Hawaii/22/2012,328
A/England/568/2012,A/Henan-Xigong/11041/2014,240
A/England/568/2012,A/Iowa/19/2010,133
A/England/568/2012,A/Johannesburg/126/2009,89
A/England/568/2012,A/Minsk/1737/2012,624
A/England/568/2012,A/Netherlands/398/2014,373
A/England/568/2012,A/Ohio/2/2012,80
A/England/568/2012,A/Paris/1988/2012,219
A/England/568/2012,A/Perth/16/2009,59
A/England/568/2012,A/Samara/73/2013,385
A/England/568/2012,A/Stockholm/1/2013,106
A/England/568/2012,A/Switzerland/9715293/2013,80
A/England/568/2012,A/Victoria/361/2011,254
A/England/569/2012,A/Finland/40/2010,160
A/England/569/2012,A/Iowa/19/2010,40
A/England/569/2012,A/Johannesburg/126/2009,40
A/England/569/2012,A/Ohio/2/2012,80
A/England/569/2012,A/Perth/16/2009,<40
A/England/569/2012,A/Victoria/361/2011,120
A/England/586/2012,A/Finland/40/2010,248
A/England/586/2012,A/Hawaii/22/2012,288
A/England/586/2012,A/Iowa/19/2010,100
A/England/586/2012,A/Johannesburg/126/2009,76
A/England/586/2012,A/Minsk/1737/2012,688
A/England/586/2012,A/Perth/16/2009,40
A/England/586/2012,A/Victoria/361/2011,286
A/England/599/2019,A/Fes/67/2016,80
A/England/599/2019,A/Israel/R-742/2016,440
A/England/599/2019,A/Norway/3275/2018,<40
A/England/61/2024,A/Lisboa/216/2023,160
A/England/61/2024,A/Netherlands/10563/2023,160
A/England/61/2024,A/Norway/12374/2023,40
A/England/61/2024,A/Oklahoma/05/2024,80
A/England/612/2019,A/Fes/67/2016,106
A/England/612/2019,A/Israel/R-742/2016,440
A/England/612/2019,A/Mauritius/I-3006/2019,<40
A/England/612/2019,A/Norway/3275/2018,46
A/England/617/2013,A/Finland/40/2010,80
A/England/617/2013,A/Iowa/19/2010,40
A/England/617/2013,A/Minsk/1737/2012,80
A/England/617/2013,A/Paris/1988/2012,140
A/England/617/2013,A/Perth/16/2009,<40
A/England/617/2013,A/Samara/73/2013,240
A/England/617/2013,A/Victoria/361/2011,160
A/England/62/2024,A/Lisboa/216/2023,160
A/England/62/2024,A/Netherlands/10563/2023,160
A/England/62/2024,A/Norway/12374/2023,40
A/England/62/2024,A/Oklahoma/05/2024,40
A/England/630/2018,A/Fes/67/2016,80
A/England/630/2018,A/Israel/R-742/2016,40
A/England/630/2018,A/Netherlands/10260/2018,80
A/England/630/2018,A/Netherlands/398/2014,80
A/England/630/2018,A/Norway/3275/2018,160
A/England/630/2018,A/Switzerland/8060/2017,160
A/England/651/2013,A/Finland/40/2010,40
A/England/651/2013,A/Iowa/19/2010,<40
A/England/651/2013,A/Minsk/1737/2012,40
A/England/651/2013,A/Paris/1988/2012,40
A/England/651/2013,A/Perth/16/2009,<40
A/England/651/2013,A/Samara/73/2013,160
A/England/651/2013,A/Victoria/361/2011,80
A/England/668/2012,A/Finland/40/2010,160
A/England/668/2012,A/Hawaii/22/2012,320
A/England/668/2012,A/Iowa/19/2010,80
A/England/668/2012,A/Johannesburg/126/2009,40
A/England/668/2012,A/Minsk/1737/2012,640
A/England/668/2012,A/Perth/16/2009,<40
A/England/668/2012,A/Victoria/361/2011,200
A/England/669/2008,A/Uruguay/716/2007,1920
A/England/669/2008,A/Wellington/1/2004,80
A/England/669/2008,A/Wisconsin/67/2005,480
A/England/67/2024,A/Lisboa/216/2023,320
A/England/67/2024,A/Netherlands/10563/2023,320
A/England/67/2024,A/Norway/12374/2023,160
A/England/67/2024,A/Oklahoma/05/2024,160
A/England/670/2012,A/Finland/40/2010,213
A/England/670/2012,A/Hawaii/22/2012,160
A/England/670/2012,A/Iowa/19/2010,93
A/England/670/2012,A/Johannesburg/126/2009,40
A/England/670/2012,A/Minsk/1737/2012,533
A/England/670/2012,A/Perth/16/2009,40
A/England/670/2012,A/Samara/73/2013,640
A/England/670/2012,A/Victoria/361/2011,233
A/England/68/2024,A/Lisboa/216/2023,160
A/England/68/2024,A/Netherlands/10563/2023,320
A/England/68/2024,A/Norway/12374/2023,80
A/England/68/2024,A/Oklahoma/05/2024,80
A/England/69/2024,A/Lisboa/216/2023,320
A/England/69/2024,A/Netherlands/10563/2023,320
A/England/69/2024,A/Norway/12374/2023,80
A/England/69/2024,A/Oklahoma/05/2024,160
A/England/700/2009,A/Finland/9/2008,160
A/England/700/2009,A/Perth/16/2009,320
A/England/700/2009,A/Uruguay/716/2007,320
A/England/700/2009,A/Wisconsin/67/2005,80
A/England/754/2018,A/Fes/67/2016,<40
A/England/754/2018,A/Israel/R-742/2016,80
A/England/754/2018,A/Netherlands/10260/2018,<40
A/England/754/2018,A/Netherlands/398/2014,<40
A/England/754/2018,A/Norway/3275/2018,<40
A/England/754/2018,A/Switzerland/8060/2017,40
A/England/815/2009,A/Finland/9/2008,80
A/England/815/2009,A/Perth/16/2009,320
A/England/815/2009,A/Uruguay/716/2007,160
A/England/815/2009,A/Wisconsin/67/2005,40
A/England/929/2016,A/Georgia/532/2015,80
A/England/929/2016,A/Madrid/SO13031/2014,40
A/England/929/2016,A/Minsk/1737/2012,80
A/England/929/2016,A/Netherlands/398/2014,120
A/England/929/2016,A/Samara/73/2013,40
A/England/929/2016,A/Switzerland/9715293/2013,60
A/England/93/2019,A/Fes/67/2016,100
A/England/93/2019,A/Israel/R-742/2016,75
A/England/93/2019,A/Norway/3275/2018,160
A/England/93/2019,A/Switzerland/8060/2017,120
A/England/962/2016,A/Georgia/532/2015,80
A/England/962/2016,A/Madrid/SO13031/2014,<40
A/England/962/2016,A/Minsk/1737/2012,40
A/England/962/2016,A/Netherlands/398/2014,240
A/England/962/2016,A/Samara/73/2013,40
A/England/962/2016,A/Switzerland/9715293/2013,80
A/England/fmhwY2NxZm9pZg/2018,A/Fes/67/2016,160
A/England/fmhwY2NxZm9pZg/2018,A/Israel/R-742/2016,240
A/England/fmhwY2NxZm9pZg/2018,A/Norway/3275/2018,80
A/England/fmhwY2NxZm9pZg/2018,A/Switzerland/8060/2017,80
A/Erzurum/4165/2013,A/Finland/40/2010,160
A/Erzurum/4165/2013,A/Iowa/19/2010,112
A/Erzurum/4165/2013,A/Minsk/1737/2012,160
A/Erzurum/4165/2013,A/Paris/1988/2012,240
A/Erzurum/4165/2013,A/Perth/16/2009,40
A/Erzurum/4165/2013,A/Samara/73/2013,416
A/Erzurum/4165/2013,A/Victoria/361/2011,224
A/Erzurum/99/2014,A/Finland/40/2010,320
A/Erzurum/99/2014,A/Iowa/19/2010,160
A/Erzurum/99/2014,A/Minsk/1737/2012,160
A/Erzurum/99/2014,A/Paris/1988/2012,320
A/Erzurum/99/2014,A/Perth/16/2009,<40
A/Erzurum/99/2014,A/Samara/73/2013,640
A/Erzurum/99/2014,A/Victoria/361/2011,320
A/Esfahan/6117/2010,A/Johannesburg/126/2009,213
A/Esfahan/6117/2010,A/Perth/10/2010,320
A/Esfahan/6117/2010,A/Perth/16/2009,773
A/Esfahan/6117/2010,A/Victoria/210/2009,360
A/Esfahan/6117/2010,A/Wisconsin/67/2005,<40
A/Eskilstuna/1/2022,A/Israel/R-742/2016,40
A/Eskilstuna/1/2022,A/Stockholm/5/2021,160
A/Eskilstuna/3/2022,A/Israel/R-742/2016,106
A/Eskilstuna/3/2022,A/Stockholm/5/2021,320
A/Eskilstuna/6/2019,A/Fes/67/2016,80
A/Eskilstuna/6/2019,A/Israel/R-742/2016,60
A/Eskilstuna/6/2019,A/Norway/3275/2018,320
A/Eskilstuna/6/2019,A/Switzerland/8060/2017,160
A/Eskilstuna/SE24-03387/2024,A/Lisboa/216/2023,160
A/Eskilstuna/SE24-03387/2024,A/Netherlands/10563/2023,160
A/Eskilstuna/SE24-03387/2024,A/Norway/12374/2023,40
A/Eskilstuna/SE24-03387/2024,A/Oklahoma/05/2024,80
A/Estonia/126096/2020,A/Fes/67/2016,80
A/Estonia/126096/2020,A/Israel/R-742/2016,280
A/Estonia/126096/2020,A/Norway/3275/2018,<40
A/Estonia/126846/2020,A/Fes/67/2016,80
A/Estonia/126846/2020,A/Israel/R-742/2016,280
A/Estonia/126846/2020,A/Norway/3275/2018,<40
A/Estonia/167744/2021,A/Israel/R-742/2016,66
A/Estonia/167744/2021,A/Stockholm/5/2021,640
A/Estonia/168131/2022,A/Israel/R-742/2016,80
A/Estonia/168131/2022,A/Stockholm/5/2021,320
A/Estonia/168141/2022,A/Israel/R-742/2016,40
A/Estonia/168141/2022,A/Stockholm/5/2021,320
A/Estonia/172437/2022,A/Lille/50053/2022,640
A/Estonia/172437/2022,A/Stockholm/5/2021,160
A/Estonia/172437/2022,A/Ukraine/354/2021,160
A/Estonia/65266/2012,A/Finland/40/2010,346
A/Estonia/65266/2012,A/Iowa/19/2010,533
A/Estonia/65266/2012,A/Johannesburg/126/2009,173
A/Estonia/65266/2012,A/Netherlands/34/2010,586
A/Estonia/65266/2012,A/Perth/16/2009,173
A/Estonia/65266/2012,A/Victoria/361/2011,266
A/Estonia/66234/2012,A/Finland/40/2010,320
A/Estonia/66234/2012,A/Iowa/19/2010,640
A/Estonia/66234/2012,A/Johannesburg/126/2009,160
A/Estonia/66234/2012,A/Netherlands/34/2010,1280
A/Estonia/66234/2012,A/Perth/16/2009,160
A/Estonia/66234/2012,A/Victoria/361/2011,640
A/Estonia/66239/2012,A/Finland/40/2010,480
A/Estonia/66239/2012,A/Iowa/19/2010,320
A/Estonia/66239/2012,A/Johannesburg/126/2009,180
A/Estonia/66239/2012,A/Netherlands/34/2010,520
A/Estonia/66239/2012,A/Perth/16/2009,60
A/Estonia/66239/2012,A/Victoria/361/2011,120
A/Estonia/76614/2013,A/Finland/40/2010,320
A/Estonia/76614/2013,A/Hawaii/22/2012,400
A/Estonia/76614/2013,A/Henan-Xigong/11041/2014,240
A/Estonia/76614/2013,A/Iowa/19/2010,186
A/Estonia/76614/2013,A/Johannesburg/126/2009,140
A/Estonia/76614/2013,A/Minsk/1737/2012,426
A/Estonia/76614/2013,A/Netherlands/398/2014,608
A/Estonia/76614/2013,A/Paris/1988/2012,355
A/Estonia/76614/2013,A/Perth/16/2009,104
A/Estonia/76614/2013,A/Samara/73/2013,576
A/Estonia/76614/2013,A/Stockholm/1/2013,206
A/Estonia/76614/2013,A/Victoria/361/2011,305
A/Estonia/76663/2013,A/Finland/40/2010,160
A/Estonia/76663/2013,A/Hawaii/22/2012,160
A/Estonia/76663/2013,A/Iowa/19/2010,80
A/Estonia/76663/2013,A/Johannesburg/126/2009,40
A/Estonia/76663/2013,A/Minsk/1737/2012,220
A/Estonia/76663/2013,A/Perth/16/2009,<40
A/Estonia/76663/2013,A/Samara/73/2013,120
A/Estonia/76663/2013,A/Victoria/361/2011,150
A/Estonia/77365/2013,A/Finland/40/2010,160
A/Estonia/77365/2013,A/Hawaii/22/2012,320
A/Estonia/77365/2013,A/Iowa/19/2010,80
A/Estonia/77365/2013,A/Johannesburg/126/2009,80
A/Estonia/77365/2013,A/Minsk/1737/2012,320
A/Estonia/77365/2013,A/Perth/16/2009,<40
A/Estonia/77365/2013,A/Victoria/361/2011,200
A/Estonia/KL283/2023,A/Lille/50053/2022,160
A/Estonia/KL283/2023,A/Stockholm/5/2021,320
A/Estonia/KL283/2023,A/Ukraine/354/2021,80
A/Estonia/KL4992/2022,A/Israel/R-742/2016,<40
A/Estonia/KL4992/2022,A/Slovenia/9216/2022,*
A/Estonia/KL4992/2022,A/Slovenia/9318/2022,*
A/Estonia/KL4992/2022,A/Stockholm/5/2021,320
A/Extremadura/1749/2014,A/Finland/40/2010,320
A/Extremadura/1749/2014,A/Henan-Xigong/11041/2014,400
A/Extremadura/1749/2014,A/Iowa/19/2010,160
A/Extremadura/1749/2014,A/Minsk/1737/2012,240
A/Extremadura/1749/2014,A/Netherlands/398/2014,1280
A/Extremadura/1749/2014,A/Paris/1988/2012,320
A/Extremadura/1749/2014,A/Perth/16/2009,160
A/Extremadura/1749/2014,A/Samara/73/2013,640
A/Extremadura/1749/2014,A/Stockholm/1/2013,320
A/Extremadura/1749/2014,A/Victoria/361/2011,320
A/Extremadura/1753/2014,A/Henan-Xigong/11041/2014,160
A/Extremadura/1753/2014,A/Minsk/1737/2012,160
A/Extremadura/1753/2014,A/Netherlands/398/2014,160
A/Extremadura/1753/2014,A/Perth/16/2009,80
A/Extremadura/1753/2014,A/Samara/73/2013,640
A/Extremadura/1753/2014,A/Stockholm/1/2013,80
A/Extremadura/1753/2014,A/Victoria/361/2011,160
A/Extremadura/240460/2023,A/Netherlands/10563/2023,640
A/Extremadura/240460/2023,A/Poland/PL65/2022,80
A/Extremadura/240460/2023,A/Stockholm/5/2021,160
A/Extremadura/240460/2023,A/Switzerland/28719/2022,320
A/Extremadura/729/2015,A/Minsk/1737/2012,160
A/Extremadura/729/2015,A/Netherlands/398/2014,120
A/Extremadura/729/2015,A/Perth/16/2009,40
A/Extremadura/729/2015,A/Samara/73/2013,80
A/Extremadura/729/2015,A/Switzerland/9715293/2013,40
A/Extremadura/729/2015,A/Victoria/361/2011,40
A/FVG-Udine/99/2023,A/Lille/50053/2022,320
A/FVG-Udine/99/2023,A/Stockholm/5/2021,160
A/Fes/67/2016,A/Finland/105/2019,320
A/Fes/67/2016,A/Finland/114/2019,160
A/Fes/67/2016,A/Finland/130/2019,80
A/Fes/67/2016,A/Finland/171/2020,80
A/Fes/67/2016,A/Finland/183/2020,40
A/Fes/67/2016,A/Finland/99/2019,160
A/Fes/67/2016,A/Fujian-Licheng/1729/2017,40
A/Fes/67/2016,A/Georgia/532/2015,66
A/Fes/67/2016,A/Ghana/1050/2019,80
A/Fes/67/2016,A/Ghana/154/2019,160
A/Fes/67/2016,A/Ghana/2717/2017,320
A/Fes/67/2016,A/Ghana/312/2019,640
A/Fes/67/2016,A/Ghana/3532/2019,80
A/Fes/67/2016,A/Ghana/758/2018,40
A/Fes/67/2016,A/Greece/1430/2018,40
A/Fes/67/2016,A/Greece/4/2017,560
A/Fes/67/2016,A/Guangxi-Babu/1913/2018,<40
A/Fes/67/2016,A/Hessen/42/2019,100
A/Fes/67/2016,A/Hungary/5/2019,80
A/Fes/67/2016,A/Hungary/91/2020,80
A/Fes/67/2016,A/Iceland/05/2020,160
A/Fes/67/2016,A/Iceland/100/2018,40
A/Fes/67/2016,A/Iceland/103/2018,80
A/Fes/67/2016,A/Iceland/107/2018,40
A/Fes/67/2016,A/Iceland/108/2018,60
A/Fes/67/2016,A/Iceland/12621/2019,640
A/Fes/67/2016,A/Iceland/136/2017,120
A/Fes/67/2016,A/Iceland/23/2020,80
A/Fes/67/2016,A/Iceland/26/2020,160
A/Fes/67/2016,A/Iceland/37/2020,80
A/Fes/67/2016,A/Iceland/4/2019,40
A/Fes/67/2016,A/Iceland/59/2019,160
A/Fes/67/2016,A/Iceland/77/2019,160
A/Fes/67/2016,A/Iceland/78/2019,160
A/Fes/67/2016,A/Iceland/81/2019,160
A/Fes/67/2016,A/Iran/168555/2019,160
A/Fes/67/2016,A/Iran/171909/2019,80
A/Fes/67/2016,A/Ireland/22716/2019,40
A/Fes/67/2016,A/Ireland/23296/2020,320
A/Fes/67/2016,A/Ireland/28223/2019,80
A/Fes/67/2016,A/Ireland/32103/2019,160
A/Fes/67/2016,A/Ireland/89141/2019,80
A/Fes/67/2016,A/Ireland/95061/2019,160
A/Fes/67/2016,A/Israel/178/2018,160
A/Fes/67/2016,A/Israel/338/2019,160
A/Fes/67/2016,A/Israel/590/2018,66
A/Fes/67/2016,A/Israel/603/2018,120
A/Fes/67/2016,A/Israel/8701/2018,80
A/Fes/67/2016,A/Israel/8989/2018,56
A/Fes/67/2016,A/Israel/R-742/2016,90
A/Fes/67/2016,A/Israel/SK521/2017,80
A/Fes/67/2016,A/Jordan/30121/2019,160
A/Fes/67/2016,A/Kanagawa/IC1618/2017,320
A/Fes/67/2016,A/Kanagawa/ZC1617/2017,320
A/Fes/67/2016,A/Kanagawa/ZC1907/2019,80
A/Fes/67/2016,A/Kharkiv/444/2018,40
A/Fes/67/2016,A/Khmelnytskyi/145/2019,<40
A/Fes/67/2016,A/Kyiv/491/2018,<40
A/Fes/67/2016,A/Kyrgyzstan/168/2019,160
A/Fes/67/2016,A/Kyrgzstan/205/2019,120
A/Fes/67/2016,A/Latvia/02-053853/2019,80
A/Fes/67/2016,A/Latvia/11-002559/2017,160
A/Fes/67/2016,A/Latvia/11-019324/2018,160
A/Fes/67/2016,A/Latvia/11-028714/2019,160
A/Fes/67/2016,A/Latvia/11-032248/2019,160
A/Fes/67/2016,A/Latvia/12-005233/2018,240
A/Fes/67/2016,A/Lebanon/307/2019,320
A/Fes/67/2016,A/Lebanon/397/2019,80
A/Fes/67/2016,A/Liaoning-Yinzhou/1399/2017,80
A/Fes/67/2016,A/Lisboa/100/2019,80
A/Fes/67/2016,A/Lisboa/118/2019,80
A/Fes/67/2016,A/Lisboa/93/2019,40
A/Fes/67/2016,A/Lisboa/97/2019,80
A/Fes/67/2016,A/Lithuania/MB41185/2019,80
A/Fes/67/2016,A/Lithuania/MB41235/2019,40
A/Fes/67/2016,A/Lithuania/MB42123/2019,80
A/Fes/67/2016,A/Lithuania/MB42384/2019,80
A/Fes/67/2016,A/Lorraine/2365/2018,<40
A/Fes/67/2016,A/Lorraine/2777/2019,160
A/Fes/67/2016,A/Lyon/162/2020,80
A/Fes/67/2016,A/Lyon/2106/2018,160
A/Fes/67/2016,A/Lyon/2358/2019,80
A/Fes/67/2016,A/Lyon/86/2020,40
A/Fes/67/2016,A/Macedonia/1462/2019,80
A/Fes/67/2016,A/Macedonia/450/2020,160
A/Fes/67/2016,A/Macedonia/505/2020,160
A/Fes/67/2016,A/Macedonia/723/2019,80
A/Fes/67/2016,A/Madrid/SO13031/2014,<40
A/Fes/67/2016,A/Marseille/2195/2017,120
A/Fes/67/2016,A/Mauritania/08-2019/2019,80
A/Fes/67/2016,A/Mauritania/15-2019/2019,240
A/Fes/67/2016,A/Mauritius/I-1020/2018,160
A/Fes/67/2016,A/Mauritius/I-1058/2018,80
A/Fes/67/2016,A/Mauritius/I-1072/2018,80
A/Fes/67/2016,A/Mauritius/I-1122/2018,40
A/Fes/67/2016,A/Mauritius/I-1921/2019,160
A/Fes/67/2016,A/Mauritius/I-2000/2019,320
A/Fes/67/2016,A/Mauritius/I-3006/2019,172
A/Fes/67/2016,A/Mauritius/I-906/2018,160
A/Fes/67/2016,A/Mauritius/I-925/2018,60
A/Fes/67/2016,A/Mauritius/I-967/2018,160
A/Fes/67/2016,A/Milano/49/2020,160
A/Fes/67/2016,A/Milano/55/2020,320
A/Fes/67/2016,A/Minsk/1737/2012,53
A/Fes/67/2016,A/Moscow/127/2019,40
A/Fes/67/2016,A/Netherlands/01672/2019,40
A/Fes/67/2016,A/Netherlands/10002/2019,40
A/Fes/67/2016,A/Netherlands/10260/2018,80
A/Fes/67/2016,A/Netherlands/10286/2019,60
A/Fes/67/2016,A/Netherlands/398/2014,137
A/Fes/67/2016,A/Newcastle/82/2018,96
A/Fes/67/2016,A/Niedersachsen/51/2020,80
A/Fes/67/2016,A/Nordrhein-Westfalen/22/2019,80
A/Fes/67/2016,A/Nordrhein-Westfalen/53/2019,80
A/Fes/67/2016,A/Norway/2069/2020,80
A/Fes/67/2016,A/Norway/2099/2019,80
A/Fes/67/2016,A/Norway/2155/2019,80
A/Fes/67/2016,A/Norway/2220/2019,40
A/Fes/67/2016,A/Norway/2224/2019,160
A/Fes/67/2016,A/Norway/2320/2020,160
A/Fes/67/2016,A/Norway/234/2018,160
A/Fes/67/2016,A/Norway/2357/2020,320
A/Fes/67/2016,A/Norway/2425/2019,40
A/Fes/67/2016,A/Norway/2516/2018,80
A/Fes/67/2016,A/Norway/279/2018,160
A/Fes/67/2016,A/Norway/3275/2018,115
A/Fes/67/2016,A/Norway/3668/2018,160
A/Fes/67/2016,A/Norway/4465/2016,302
A/Fes/67/2016,A/Norway/47/2020,80
A/Fes/67/2016,A/Norway/484/2017,80
A/Fes/67/2016,A/Norway/828/2020,80
A/Fes/67/2016,A/Novosibirsk/265/2017,240
A/Fes/67/2016,A/Oman/3329/2018,40
A/Fes/67/2016,A/Oman/3372/2018,40
A/Fes/67/2016,A/Oman/3407/2018,40
A/Fes/67/2016,A/Oman/4471/2019,80
A/Fes/67/2016,A/Oman/5362/2018,40
A/Fes/67/2016,A/Oman/6106/2018,40
A/Fes/67/2016,A/Palermo/02/2020,80
A/Fes/67/2016,A/Palermo/327/2018,160
A/Fes/67/2016,A/Palermo/36/2019,80
A/Fes/67/2016,A/Palermo/6/2016,198
A/Fes/67/2016,A/Paris/2544/2018,66
A/Fes/67/2016,A/Paris/2554/2019,100
A/Fes/67/2016,A/Parma/23/2020,120
A/Fes/67/2016,A/Parma/26/2020,80
A/Fes/67/2016,A/Parma/31/2020,160
A/Fes/67/2016,A/Parma/353/2019,80
A/Fes/67/2016,A/Parma/379/2019,80
A/Fes/67/2016,A/Parma/391/2019,108
A/Fes/67/2016,A/Picardie/1898/2019,40
A/Fes/67/2016,A/Poitiers/1976/2018,<40
A/Fes/67/2016,A/Poitiers/1978/2018,40
A/Fes/67/2016,A/Poitiers/2003/2018,40
A/Fes/67/2016,A/Poitiers/2028/2017,160
A/Fes/67/2016,A/Poland/220/2020,160
A/Fes/67/2016,A/Portugal/139/2019,80
A/Fes/67/2016,A/Portugal/16/2019,160
A/Fes/67/2016,A/Portugal/MS74/2020,160
A/Fes/67/2016,A/Prievidza/126/2019,40
A/Fes/67/2016,A/Qatar/10-VI-19-0048252/2019,100
A/Fes/67/2016,A/Qatar/10-VI-19-0069058/2019,160
A/Fes/67/2016,A/Qatar/16-VI-19-0048499/2019,80
A/Fes/67/2016,A/Qatar/16-VI-19-0048823/2019,80
A/Fes/67/2016,A/Qatar/16-VI-19-0049409/2019,40
A/Fes/67/2016,A/Qatar/16-VI-19-0069037/2019,40
A/Fes/67/2016,A/Rheinland-Pfalz/26/2020,80
A/Fes/67/2016,A/S.Petersburg/RII-180/2020,40
A/Fes/67/2016,A/Saarland/15/2019,180
A/Fes/67/2016,A/Saarland/25/2019,40
A/Fes/67/2016,A/Sachsen/38/2020,80
A/Fes/67/2016,A/Sachsen/5/2020,<40
A/Fes/67/2016,A/Sachsen/74/2016,351
A/Fes/67/2016,A/Saint-Etienne/1912/2018,40
A/Fes/67/2016,A/Saint-Etienne/2539/2020,160
A/Fes/67/2016,A/Sakha/3014V/2019,40
A/Fes/67/2016,A/Salalah/5662/2019,88
A/Fes/67/2016,A/Salalah/6611/2019,80
A/Fes/67/2016,A/Salalah/6905/2019,80
A/Fes/67/2016,A/Salalah/7183/2019,80
A/Fes/67/2016,A/Samara/73/2013,40
A/Fes/67/2016,A/Sanliurfa/1763/2018,40
A/Fes/67/2016,A/Schleswig-Holstein/2/2020,320
A/Fes/67/2016,A/Serbia/1868/2019,120
A/Fes/67/2016,A/Serbia/3031/2019,80
A/Fes/67/2016,A/Serbia/584/2019,90
A/Fes/67/2016,A/Shanghai-Jiading/1977/2019,160
A/Fes/67/2016,A/Singapore/GP0454/2018,40
A/Fes/67/2016,A/Singapore/KK0259/2018,320
A/Fes/67/2016,A/Skovde/1/2019,40
A/Fes/67/2016,A/Skovde/3/2019,160
A/Fes/67/2016,A/Slovenia/1270/2020,80
A/Fes/67/2016,A/Slovenia/1465/2020,40
A/Fes/67/2016,A/Slovenia/1650/2020,80
A/Fes/67/2016,A/Slovenia/1752/2020,160
A/Fes/67/2016,A/Slovenia/2269/2017,160
A/Fes/67/2016,A/Slovenia/2792/2017,160
A/Fes/67/2016,A/Slovenia/3251/2019,80
A/Fes/67/2016,A/Soria/11/2019,80
A/Fes/67/2016,A/Stavropol/10/2020,80
A/Fes/67/2016,A/Stockholm/22/2019,80
A/Fes/67/2016,A/Stockholm/30/2019,180
A/Fes/67/2016,A/Stockholm/30/2020,40
A/Fes/67/2016,A/Stockholm/32/2019,160
A/Fes/67/2016,A/Stockholm/44/2017,140
A/Fes/67/2016,A/Sundsvall/1/2018,<40
A/Fes/67/2016,A/Switzerland/6206/2020,80
A/Fes/67/2016,A/Switzerland/7204/2019,125
A/Fes/67/2016,A/Switzerland/8060/2017,357
A/Fes/67/2016,A/Switzerland/8482/2020,80
A/Fes/67/2016,A/Switzerland/882/2017,100
A/Fes/67/2016,A/Switzerland/9715293/2013,65
A/Fes/67/2016,A/Sydney/22/2018,1280
A/Fes/67/2016,A/Sydney/53/2019,60
A/Fes/67/2016,A/Torino/544/2019,160
A/Fes/67/2016,A/Trencin/74/2019,<40
A/Fes/67/2016,A/Trnava/70/2019,40
A/Fes/67/2016,A/Turkey/66/2018,132
A/Fes/67/2016,A/Turkey/70/2018,40
A/Fes/67/2016,A/Tyumen/RII-01/2018,160
A/Fes/67/2016,A/Ukraine/8122/2018,40
A/Fes/67/2016,A/Ukraine/8210/2019,<40
A/Fes/67/2016,A/Ukraine/8230/2019,<40
A/Fes/67/2016,A/Uppsala/2/2017,320
A/Fes/67/2016,A/Uralsk/496/2017,80
A/Fes/67/2016,A/Zambia/1-390/2018,160
A/Fes/67/2016,A/Zaporizhia/156/2019,80
A/Fes/67/2016,A/Zaragoza/1476697/2018,160
A/Fes/67/2016,A/Zaragoza/1496248/2018,200
A/Fes/67/2016,A/Zaragoza/1528894/2018,160
A/Fes/67/2016,A/Zaragoza/492/2018,320
A/Fes/67/2016,A/Zhejiang-Nanhu/1745/2017,160
A/Fianarantsoa/01771/2024,A/Lisboa/216/2023,160
A/Fianarantsoa/01771/2024,A/Netherlands/10563/2023,160
A/Fianarantsoa/01771/2024,A/Norway/12374/2023,40
A/Fianarantsoa/01771/2024,A/Oklahoma/05/2024,40
A/Fiji/2/2015,A/Madrid/SO13031/2014,40
A/Fiji/2/2015,A/Minsk/1737/2012,40
A/Fiji/2/2015,A/Netherlands/398/2014,80
A/Fiji/2/2015,A/Perth/16/2009,<40
A/Fiji/2/2015,A/Samara/73/2013,40
A/Fiji/2/2015,A/Switzerland/9715293/2013,<40
A/Finland/105/2019,A/Israel/R-742/2016,400
A/Finland/105/2019,A/Norway/3275/2018,800
A/Finland/105/2019,A/Switzerland/8060/2017,320
A/Finland/114/2019,A/Israel/R-742/2016,880
A/Finland/114/2019,A/Norway/3275/2018,<40
A/Finland/114/2019,A/Switzerland/8060/2017,80
A/Finland/130/2019,A/Israel/R-742/2016,240
A/Finland/130/2019,A/Norway/3275/2018,<40
A/Finland/171/2020,A/Israel/R-742/2016,70
A/Finland/171/2020,A/Norway/3275/2018,160
A/Finland/183/2020,A/Israel/R-742/2016,40
A/Finland/183/2020,A/Norway/3275/2018,40
A/Finland/196/2012,A/Finland/40/2010,320
A/Finland/196/2012,A/Iowa/19/2010,160
A/Finland/196/2012,A/Johannesburg/126/2009,160
A/Finland/196/2012,A/Netherlands/34/2010,320
A/Finland/196/2012,A/Perth/16/2009,80
A/Finland/385/2013,A/Finland/40/2010,313
A/Finland/385/2013,A/Henan-Xigong/11041/2014,215
A/Finland/385/2013,A/Iowa/19/2010,135
A/Finland/385/2013,A/Minsk/1737/2012,166
A/Finland/385/2013,A/Nebraska/4/2014,<40
A/Finland/385/2013,A/Netherlands/398/2014,558
A/Finland/385/2013,A/Paris/1988/2012,233
A/Finland/385/2013,A/Perth/16/2009,103
A/Finland/385/2013,A/Samara/73/2013,530
A/Finland/385/2013,A/Stockholm/1/2013,136
A/Finland/385/2013,A/Switzerland/9715293/2013,171
A/Finland/385/2013,A/Victoria/361/2011,298
A/Finland/40/2010,A/Firenze/1/2011,240
A/Finland/40/2010,A/Galanta/592/2013,160
A/Finland/40/2010,A/Galicia/RR9908/2012,160
A/Finland/40/2010,A/Galicia/RR9911/2012,1280
A/Finland/40/2010,A/Georgia/255/2012,480
A/Finland/40/2010,A/Georgia/301/2012,240
A/Finland/40/2010,A/Georgia/370/2012,480
A/Finland/40/2010,A/Georgia/471/2012,160
A/Finland/40/2010,A/Georgia/512/2012,1280
A/Finland/40/2010,A/Ghana/DARI-0063/2013,160
A/Finland/40/2010,A/Ghana/DILI-0405/2012,160
A/Finland/40/2010,A/Ghana/DILI-0467/2013,186
A/Finland/40/2010,A/Ghana/DILI-495/2013,240
A/Finland/40/2010,A/Ghana/FS-11-1981/2011,640
A/Finland/40/2010,A/Ghom/9677/2011,640
A/Finland/40/2010,A/Glasgow/RVL5/2012,160
A/Finland/40/2010,A/Gothenburg/1/2010,640
A/Finland/40/2010,A/Hamburg/1/2012,320
A/Finland/40/2010,A/Hawaii/22/2012,259
A/Finland/40/2010,A/Henan-Xigong/11041/2014,40
A/Finland/40/2010,A/Hunan-Lusong/1532/2013,160
A/Finland/40/2010,A/Iceland/18/2012,80
A/Finland/40/2010,A/Iceland/24/2012,180
A/Finland/40/2010,A/Iceland/25/2012,207
A/Finland/40/2010,A/Iceland/56/2013,160
A/Finland/40/2010,A/Iowa/19/2010,281
A/Finland/40/2010,A/Ireland/00367/2013,240
A/Finland/40/2010,A/Ireland/14M00149/2013,266
A/Finland/40/2010,A/Ireland/M20189/2013,160
A/Finland/40/2010,A/Ireland/M28426/2013,80
A/Finland/40/2010,A/Ireland/M28859/2013,320
A/Finland/40/2010,A/Israel/10/2012,80
A/Finland/40/2010,A/Jiangxi-Yushui/1220/2013,320
A/Finland/40/2010,A/Johannesburg/107/2011,320
A/Finland/40/2010,A/Johannesburg/126/2009,169
A/Finland/40/2010,A/Johannesburg/3224/2012,240
A/Finland/40/2010,A/Johannesburg/5223/2012,320
A/Finland/40/2010,A/Jordan/20110030749/2011,289
A/Finland/40/2010,A/Jordan/20110030780/2011,320
A/Finland/40/2010,A/Jordan/20564/2013,160
A/Finland/40/2010,A/Jordan/30502/2012,160
A/Finland/40/2010,A/Jordan/30541/2013,224
A/Finland/40/2010,A/Jordan/30586/2013,160
A/Finland/40/2010,A/Jordan/30677/2013,400
A/Finland/40/2010,A/Kaliningrad/4/2012,320
A/Finland/40/2010,A/Latvia/1-30021/2013,160
A/Finland/40/2010,A/Latvia/12-47890p/2011,213
A/Finland/40/2010,A/Latvia/12019591/2013,160
A/Finland/40/2010,A/Leskovac/1655/2013,133
A/Finland/40/2010,A/Leskovac/1701/2012,320
A/Finland/40/2010,A/Limoges/3105/2013,80
A/Finland/40/2010,A/Lisboa/38/2012,160
A/Finland/40/2010,A/Lithuania/8237/2014,120
A/Finland/40/2010,A/Lorraine/2073/2011,640
A/Finland/40/2010,A/Lyon/1715/2009,448
A/Finland/40/2010,A/Madagascar/00153/2014,320
A/Finland/40/2010,A/Madagascar/04245/2013,224
A/Finland/40/2010,A/Maevatanana/563/2013,160
A/Finland/40/2010,A/Maevatanana/974/2013,320
A/Finland/40/2010,A/Mauritius/167/2013,240
A/Finland/40/2010,A/Mauritius/610/2013,320
A/Finland/40/2010,A/Mauritius/703/2013,320
A/Finland/40/2010,A/Milano/59/2013,320
A/Finland/40/2010,A/Minsk/1431/2013,160
A/Finland/40/2010,A/Minsk/1737/2012,482
A/Finland/40/2010,A/Moldova/368/2013,160
A/Finland/40/2010,A/Moldova/440/2013,40
A/Finland/40/2010,A/Montana/05/2011,230
A/Finland/40/2010,A/Montenegro/190/2012,160
A/Finland/40/2010,A/Mures/157328/2014,160
A/Finland/40/2010,A/Navarra/1528/2013,320
A/Finland/40/2010,A/Navarra/1565/2013,160
A/Finland/40/2010,A/Netherlands/2244/2013,80
A/Finland/40/2010,A/Netherlands/34/2010,358
A/Finland/40/2010,A/Netherlands/398/2014,60
A/Finland/40/2010,A/Netherlands/533/2012,320
A/Finland/40/2010,A/Netherlands/702/2011,160
A/Finland/40/2010,A/Netherlands/710/2011,80
A/Finland/40/2010,A/Niedersachsen/113/2013,160
A/Finland/40/2010,A/Norway/1252/2012,320
A/Finland/40/2010,A/Norway/1292/2012,320
A/Finland/40/2010,A/Norway/1359/2012,640
A/Finland/40/2010,A/Norway/1762/2011,160
A/Finland/40/2010,A/Norway/1775/2011,426
A/Finland/40/2010,A/Norway/2329/2011,480
A/Finland/40/2010,A/Norway/2366/2011,480
A/Finland/40/2010,A/Norway/2400/2011,534
A/Finland/40/2010,A/Norway/2418/2013,160
A/Finland/40/2010,A/Norway/272/2014,640
A/Finland/40/2010,A/Norway/3266/2013,186
A/Finland/40/2010,A/Norway/3290/2013,80
A/Finland/40/2010,A/Norway/3303/2013,80
A/Finland/40/2010,A/Norway/389/2014,160
A/Finland/40/2010,A/Norway/624/2012,320
A/Finland/40/2010,A/Norway/625/2012,160
A/Finland/40/2010,A/Norway/708/2012,453
A/Finland/40/2010,A/NosyBe/429/2013,320
A/Finland/40/2010,A/Novosibirsk/32/2013,160
A/Finland/40/2010,A/Novosibirsk/78/2012,260
A/Finland/40/2010,A/Ohio/2/2012,253
A/Finland/40/2010,A/Omsk/1/2012,320
A/Finland/40/2010,A/Panama/307149/2010,308
A/Finland/40/2010,A/Paris/1744/2011,440
A/Finland/40/2010,A/Paris/1912/2012,160
A/Finland/40/2010,A/Paris/1988/2012,228
A/Finland/40/2010,A/Paris/2097/2011,320
A/Finland/40/2010,A/Paris/2114/2011,320
A/Finland/40/2010,A/Paris/2116/2011,320
A/Finland/40/2010,A/Paris/2133/2011,253
A/Finland/40/2010,A/Paris/972/2012,100
A/Finland/40/2010,A/Parma/139/2012,640
A/Finland/40/2010,A/Parma/172/2011,720
A/Finland/40/2010,A/Parma/173/2011,800
A/Finland/40/2010,A/Parma/176/2011,1280
A/Finland/40/2010,A/Pavia/145/2013,320
A/Finland/40/2010,A/Pavia/158/2012,400
A/Finland/40/2010,A/Perth/10/2010,355
A/Finland/40/2010,A/Perth/16/2009,126
A/Finland/40/2010,A/Picardie/1274/2013,400
A/Finland/40/2010,A/Poitiers/2745/2012,80
A/Finland/40/2010,A/Poland/160/2014,320
A/Finland/40/2010,A/Rabat/197/2011,320
A/Finland/40/2010,A/Rheinland-Pfalz/2/2014,160
A/Finland/40/2010,A/Rheinland-Pfalz/75/2011,320
A/Finland/40/2010,A/Roma/04/2013,186
A/Finland/40/2010,A/Samara/73/2013,660
A/Finland/40/2010,A/Singapore/22/2012,640
A/Finland/40/2010,A/Slovenia/1049/2012,360
A/Finland/40/2010,A/Slovenia/108/2014,160
A/Finland/40/2010,A/Slovenia/17/2014,320
A/Finland/40/2010,A/Slovenia/2855/2011,448
A/Finland/40/2010,A/Slovenia/459/2012,640
A/Finland/40/2010,A/Slovenia/709/2013,640
A/Finland/40/2010,A/Spain/14758/2012,400
A/Finland/40/2010,A/Stockholm/1/2013,320
A/Finland/40/2010,A/Stockholm/12-00752/2012,320
A/Finland/40/2010,A/Stockholm/12-00974/2012,160
A/Finland/40/2010,A/Stockholm/14/2012,320
A/Finland/40/2010,A/Stockholm/17/2013,80
A/Finland/40/2010,A/Stockholm/18/2013,<40
A/Finland/40/2010,A/Stockholm/29/2011,320
A/Finland/40/2010,A/Stockholm/29/2013,640
A/Finland/40/2010,A/Stockholm/33/2011,320
A/Finland/40/2010,A/Stockholm/39/2012,240
A/Finland/40/2010,A/Stockholm/9/2013,320
A/Finland/40/2010,A/Switzerland/5834730/2012,160
A/Finland/40/2010,A/Switzerland/7586983/2012,160
A/Finland/40/2010,A/Switzerland/7628499/2012,160
A/Finland/40/2010,A/Switzerland/9715293/2013,40
A/Finland/40/2010,A/Switzerland/9851384/2014,160
A/Finland/40/2010,A/Sydney/195/2012,5120
A/Finland/40/2010,A/Taraz/2922/2013,160
A/Finland/40/2010,A/Tehran/104/2012,320
A/Finland/40/2010,A/Tehran/58191/2013,188
A/Finland/40/2010,A/Toulouse/2892/2013,80
A/Finland/40/2010,A/Turkey/23/2011,640
A/Finland/40/2010,A/Turkey/28/2011,400
A/Finland/40/2010,A/Turkey/35/2011,160
A/Finland/40/2010,A/Turkey/54/2011,320
A/Finland/40/2010,A/Ukraine/218/2014,320
A/Finland/40/2010,A/Ukraine/250/2012,266
A/Finland/40/2010,A/Ukraine/5339/2012,320
A/Finland/40/2010,A/Ukraine/5403/2012,422
A/Finland/40/2010,A/Ukraine/5426/2012,80
A/Finland/40/2010,A/Ukraine/5837/2013,80
A/Finland/40/2010,A/Ukraine/5896/2013,320
A/Finland/40/2010,A/Ukraine/5909/2013,160
A/Finland/40/2010,A/Ukraine/6004/2013,160
A/Finland/40/2010,A/Utah/12/2011,640
A/Finland/40/2010,A/Valladolid/118/2013,160
A/Finland/40/2010,A/Victoria/210/2009,160
A/Finland/40/2010,A/Victoria/361/2011,256
A/Finland/40/2010,A/Victoria/505/2013,1280
A/Finland/40/2010,A/Victoria/527/2012,640
A/Finland/40/2010,A/Victoria/84/2012,320
A/Finland/40/2010,A/Vladivostok/73/2013,195
A/Finland/40/2010,A/Wisconsin/67/2005,40
A/Finland/410/2014,A/Henan-Xigong/11041/2014,160
A/Finland/410/2014,A/Minsk/1737/2012,160
A/Finland/410/2014,A/Netherlands/398/2014,320
A/Finland/410/2014,A/Paris/1988/2012,160
A/Finland/410/2014,A/Perth/16/2009,160
A/Finland/410/2014,A/Samara/73/2013,320
A/Finland/410/2014,A/Stockholm/1/2013,160
A/Finland/410/2014,A/Victoria/361/2011,160
A/Finland/411/2014,A/Henan-Xigong/11041/2014,160
A/Finland/411/2014,A/Minsk/1737/2012,80
A/Finland/411/2014,A/Netherlands/398/2014,160
A/Finland/411/2014,A/Paris/1988/2012,160
A/Finland/411/2014,A/Perth/16/2009,<40
A/Finland/411/2014,A/Samara/73/2013,160
A/Finland/411/2014,A/Stockholm/1/2013,80
A/Finland/411/2014,A/Victoria/361/2011,160
A/Finland/462/2014,A/Georgia/532/2015,186
A/Finland/462/2014,A/Henan-Xigong/11041/2014,80
A/Finland/462/2014,A/Madrid/SO13031/2014,60
A/Finland/462/2014,A/Minsk/1737/2012,94
A/Finland/462/2014,A/Netherlands/398/2014,141
A/Finland/462/2014,A/Perth/16/2009,40
A/Finland/462/2014,A/Samara/73/2013,137
A/Finland/462/2014,A/Stockholm/36/2014,40
A/Finland/462/2014,A/Switzerland/9715293/2013,54
A/Finland/462/2014,A/Victoria/361/2011,86
A/Finland/486/2004,A/Finland/487/2004,1280
A/Finland/486/2004,A/Macau/557/2005,80
A/Finland/486/2004,A/Netherlands/132/2004,320
A/Finland/486/2004,A/Norway/1191/2004,160
A/Finland/486/2004,A/Panama/2007/1999,74
A/Finland/486/2004,A/Singapore/37/2004,773
A/Finland/486/2004,A/Tennessee/6/2004,160
A/Finland/486/2004,A/Victoria/110/2004,1280
A/Finland/486/2004,A/Victoria/500/2004,480
A/Finland/486/2004,A/Victoria/503/2005,1280
A/Finland/486/2004,A/Victoria/513/2004,800
A/Finland/486/2004,A/Wellington/1/2004,493
A/Finland/486/2004,A/Wyoming/3/2003,772
A/Finland/487/2004,A/Panama/2007/1999,80
A/Finland/487/2004,A/Singapore/37/2004,1280
A/Finland/487/2004,A/Wellington/1/2004,960
A/Finland/487/2004,A/Wyoming/3/2003,640
A/Finland/552/2015,A/Georgia/532/2015,<40
A/Finland/552/2015,A/Madrid/SO13031/2014,<40
A/Finland/552/2015,A/Minsk/1737/2012,40
A/Finland/552/2015,A/Netherlands/398/2014,60
A/Finland/552/2015,A/Samara/73/2013,<40
A/Finland/552/2015,A/Switzerland/9715293/2013,<40
A/Finland/586/2016,A/Georgia/532/2015,106
A/Finland/586/2016,A/Madrid/SO13031/2014,40
A/Finland/586/2016,A/Minsk/1737/2012,93
A/Finland/586/2016,A/Netherlands/398/2014,320
A/Finland/586/2016,A/Saitama/103/2014,*
A/Finland/586/2016,A/Samara/73/2013,40
A/Finland/586/2016,A/Slovenia/129/2016,80
A/Finland/586/2016,A/Slovenia/3188/2015,160
A/Finland/586/2016,A/Switzerland/9715293/2013,80
A/Finland/640/2009,A/Finland/9/2008,80
A/Finland/640/2009,A/Perth/16/2009,320
A/Finland/640/2009,A/Philippines/2191/2009,160
A/Finland/640/2009,A/Uruguay/716/2007,160
A/Finland/640/2009,A/Wisconsin/67/2005,40
A/Finland/9/2008,A/Ghana/11/2008,160
A/Finland/9/2008,A/Ghana/FS-2240/2009,120
A/Finland/9/2008,A/Henan/Jinshui/147/2007,133
A/Finland/9/2008,A/Johannesburg/126/2009,132
A/Finland/9/2008,A/Johannesburg/385/2009,80
A/Finland/9/2008,A/Lithuania/142K/2009,473
A/Finland/9/2008,A/Lyon/1715/2009,40
A/Finland/9/2008,A/Madagascar/4286/2009,160
A/Finland/9/2008,A/Mauritius/511/2009,160
A/Finland/9/2008,A/Nepal/921/2006,1576
A/Finland/9/2008,A/Netherlands/761/2009,240
A/Finland/9/2008,A/Niigata/403/2009,40
A/Finland/9/2008,A/Norway/1739/2009,40
A/Finland/9/2008,A/Paris/6047/2009,160
A/Finland/9/2008,A/Perth/16/2009,128
A/Finland/9/2008,A/Philippines/2191/2009,320
A/Finland/9/2008,A/Scotland/5/2009,40
A/Finland/9/2008,A/Serres/77/2007,<40
A/Finland/9/2008,A/Singapore/33/2009,40
A/Finland/9/2008,A/Singapore/37/2009,<40
A/Finland/9/2008,A/Sofia/319/2007,80
A/Finland/9/2008,A/Stockholm/89/2009,80
A/Finland/9/2008,A/Sweden/2/2009,160
A/Finland/9/2008,A/Switzerland/1409281/2008,346
A/Finland/9/2008,A/Taiwan/240/2009,640
A/Finland/9/2008,A/Ulaanbaatar/1600/2008,80
A/Finland/9/2008,A/Uruguay/716/2007,1381
A/Finland/9/2008,A/Washington/42/2007,320
A/Finland/9/2008,A/Wisconsin/67/2005,814
A/Finland/99/2019,A/Israel/R-742/2016,480
A/Finland/99/2019,A/Norway/3275/2018,80
A/Finland/99/2019,A/Switzerland/8060/2017,320
A/Firenze/1/2011,A/Iowa/19/2010,160
A/Firenze/1/2011,A/Johannesburg/126/2009,100
A/Firenze/1/2011,A/Netherlands/34/2010,160
A/Firenze/1/2011,A/Perth/10/2010,160
A/Firenze/1/2011,A/Perth/16/2009,40
A/Firenze/1/2011,A/Victoria/210/2009,80
A/Firenze/1/2011,A/Victoria/361/2011,80
A/Firenze/24/08,A/Uruguay/716/2007,160
A/Firenze/24/08,A/Wisconsin/67/2005,160
A/Firq/7242349/2024,A/Lisboa/216/2023,320
A/Firq/7242349/2024,A/Netherlands/10563/2023,320
A/Firq/7242349/2024,A/Oklahoma/05/2024,160
A/Firq/7245406/2024,A/Lisboa/216/2023,640
A/Firq/7245406/2024,A/Netherlands/10510/2024,160
A/Firq/7245406/2024,A/Netherlands/10563/2023,640
A/Firq/7245406/2024,A/Norway/12374/2023,160
A/Firq/7245406/2024,A/Oklahoma/05/2024,320
A/Florida/02/2021,A/Israel/R-742/2016,60
A/Florida/02/2021,A/Kosova/710/2021,320
A/Florida/02/2021,A/Poland/98/2022,160
A/Florida/02/2021,A/Poland/PL07/2022,320
A/Florida/02/2021,A/Poland/PL40/2022,160
A/Florida/02/2021,A/Poland/PL42/2022,160
A/Florida/02/2021,A/Poland/PL45/2022,240
A/Florida/02/2021,A/Qatar/10-VI-21-3886441/2021,80
A/Florida/02/2021,A/Spain/90/2021,320
A/Florida/02/2021,A/Stockholm/5/2021,480
A/Florida/02/2021,A/Ukraine/354/2021,261
A/Fort-De-France/53820/2022,A/Stockholm/5/2021,320
A/Fort-De-France/53820/2022,A/Ukraine/354/2021,160
A/France/28187/2023,A/Poland/PL65/2022,80
A/France/28187/2023,A/Stockholm/5/2021,160
A/France/28187/2023,A/Switzerland/28719/2022,320
A/France/33503/2023,A/Lisboa/216/2023,320
A/France/33503/2023,A/Netherlands/10563/2023,320
A/France/33503/2023,A/Norway/12374/2023,160
A/France/33503/2023,A/Oklahoma/05/2024,160
A/France/33503/2023,A/Poland/PL65/2022,80
A/France/33503/2023,A/Stockholm/5/2021,160
A/France/33503/2023,A/Switzerland/28719/2022,320
A/France/BFC-IPP14556/2024,A/Lisboa/216/2023,640
A/France/BFC-IPP14556/2024,A/Netherlands/10510/2024,160
A/France/BFC-IPP14556/2024,A/Netherlands/10563/2023,640
A/France/BFC-IPP14556/2024,A/Norway/12374/2023,160
A/France/BFC-IPP14556/2024,A/Oklahoma/05/2024,320
A/France/BFC-RELAB-IPP13100/2024,A/Lisboa/216/2023,213
A/France/BFC-RELAB-IPP13100/2024,A/Netherlands/10510/2024,40
A/France/BFC-RELAB-IPP13100/2024,A/Netherlands/10563/2023,320
A/France/BFC-RELAB-IPP13100/2024,A/Norway/12374/2023,80
A/France/BFC-RELAB-IPP13100/2024,A/Oklahoma/05/2024,213
A/France/BRE-IPP10218/2024,A/Lisboa/216/2023,160
A/France/BRE-IPP10218/2024,A/Netherlands/10510/2024,60
A/France/BRE-IPP10218/2024,A/Netherlands/10563/2023,240
A/France/BRE-IPP10218/2024,A/Norway/12374/2023,80
A/France/BRE-IPP10218/2024,A/Oklahoma/05/2024,60
A/France/GES-IPP14626/2024,A/Lisboa/216/2023,270
A/France/GES-IPP14626/2024,A/Netherlands/10510/2024,40
A/France/GES-IPP14626/2024,A/Netherlands/10563/2023,363
A/France/GES-IPP14626/2024,A/Norway/12374/2023,110
A/France/GES-IPP14626/2024,A/Oklahoma/05/2024,210
A/France/GES-IPP14626/2024,A/Poland/PL65/2022,66
A/France/GES-IPP14626/2024,A/Stockholm/5/2021,80
A/France/GES-IPP14626/2024,A/Switzerland/28719/2022,133
A/France/GES-IPP14626/2024,A/Vasteras/SE23-14213/2023,320
A/France/GES-IPP26703/2023,A/Poland/PL65/2022,80
A/France/GES-IPP26703/2023,A/Stockholm/5/2021,160
A/France/GES-IPP26703/2023,A/Switzerland/28719/2022,320
A/France/GES-RELAB-IPP10320/2024,A/Lisboa/216/2023,480
A/France/GES-RELAB-IPP10320/2024,A/Netherlands/10510/2024,120
A/France/GES-RELAB-IPP10320/2024,A/Netherlands/10563/2023,480
A/France/GES-RELAB-IPP10320/2024,A/Norway/12374/2023,120
A/France/GES-RELAB-IPP10320/2024,A/Oklahoma/05/2024,240
A/France/GES-RELAB-IPP12570/2024,A/Lisboa/216/2023,320
A/France/GES-RELAB-IPP12570/2024,A/Netherlands/10510/2024,80
A/France/GES-RELAB-IPP12570/2024,A/Netherlands/10563/2023,320
A/France/GES-RELAB-IPP12570/2024,A/Norway/12374/2023,160
A/France/GES-RELAB-IPP12570/2024,A/Oklahoma/05/2024,160
A/France/GES-RELAB-IPP12571/2024,A/Lisboa/216/2023,320
A/France/GES-RELAB-IPP12571/2024,A/Netherlands/10510/2024,40
A/France/GES-RELAB-IPP12571/2024,A/Netherlands/10563/2023,160
A/France/GES-RELAB-IPP12571/2024,A/Norway/12374/2023,80
A/France/GES-RELAB-IPP12571/2024,A/Oklahoma/05/2024,160
A/Fujian-Licheng/1729/2017,A/Greece/4/2017,40
A/Fujian-Licheng/1729/2017,A/Netherlands/398/2014,40
A/Fujian-Licheng/1729/2017,A/Palermo/6/2016,40
A/Fujian-Licheng/1729/2017,A/Sachsen/74/2016,40
A/Fujian/411/02,A/Henan/Jinshui/147/2007,160
A/Fujian/411/02,A/Netherlands/222/03,960
A/Galanta/592/2013,A/Hawaii/22/2012,640
A/Galanta/592/2013,A/Iowa/19/2010,80
A/Galanta/592/2013,A/Johannesburg/126/2009,80
A/Galanta/592/2013,A/Minsk/1737/2012,480
A/Galanta/592/2013,A/Perth/16/2009,40
A/Galanta/592/2013,A/Samara/73/2013,160
A/Galanta/592/2013,A/Victoria/361/2011,165
A/Galati/47519/2011,A/Johannesburg/126/2009,1280
A/Galati/47519/2011,A/Perth/10/2010,5120
A/Galati/47519/2011,A/Perth/16/2009,1280
A/Galati/47519/2011,A/Victoria/210/2009,2560
A/Galati/47519/2011,A/Wisconsin/67/2005,<40
A/Galicia/1786/2014,A/Henan-Xigong/11041/2014,160
A/Galicia/1786/2014,A/Minsk/1737/2012,80
A/Galicia/1786/2014,A/Netherlands/398/2014,320
A/Galicia/1786/2014,A/Perth/16/2009,40
A/Galicia/1786/2014,A/Samara/73/2013,320
A/Galicia/1786/2014,A/Stockholm/1/2013,80
A/Galicia/1786/2014,A/Victoria/361/2011,80
A/Galicia/3991/2022,A/Lille/50053/2022,320
A/Galicia/3991/2022,A/Stockholm/5/2021,240
A/Galicia/3991/2022,A/Ukraine/354/2021,60
A/Galicia/760/2015,A/Minsk/1737/2012,320
A/Galicia/760/2015,A/Netherlands/398/2014,240
A/Galicia/760/2015,A/Perth/16/2009,80
A/Galicia/760/2015,A/Samara/73/2013,320
A/Galicia/760/2015,A/Switzerland/9715293/2013,60
A/Galicia/760/2015,A/Victoria/361/2011,160
A/Galicia/RR9908/2012,A/Hawaii/22/2012,320
A/Galicia/RR9908/2012,A/Iowa/19/2010,320
A/Galicia/RR9908/2012,A/Johannesburg/126/2009,80
A/Galicia/RR9908/2012,A/Minsk/1737/2012,1280
A/Galicia/RR9908/2012,A/Perth/16/2009,80
A/Galicia/RR9908/2012,A/Victoria/361/2011,320
A/Galicia/RR9911/2012,A/Hawaii/22/2012,1280
A/Galicia/RR9911/2012,A/Iowa/19/2010,1280
A/Galicia/RR9911/2012,A/Johannesburg/126/2009,640
A/Galicia/RR9911/2012,A/Minsk/1737/2012,2560
A/Galicia/RR9911/2012,A/Perth/16/2009,640
A/Galicia/RR9911/2012,A/Victoria/361/2011,960
A/Gavle/SE23-16072/2023,A/Kyrgyzstan/124/2023,*
A/Gavle/SE23-16072/2023,A/Lisboa/216/2023,160
A/Gavle/SE23-16072/2023,A/Netherlands/10563/2023,160
A/Gavle/SE23-16072/2023,A/Norway/12374/2023,80
A/Gavle/SE23-16072/2023,A/Oklahoma/05/2024,80
A/Gavle/SE23-16072/2023,A/Poland/PL65/2022,160
A/Gavle/SE23-16072/2023,A/Stockholm/5/2021,240
A/Gavle/SE23-16072/2023,A/Switzerland/28719/2022,640
A/Gaziantep/1950/2016,A/Georgia/532/2015,60
A/Gaziantep/1950/2016,A/Minsk/1737/2012,60
A/Gaziantep/1950/2016,A/Netherlands/398/2014,150
A/Gaziantep/1950/2016,A/Palermo/6/2016,200
A/Gaziantep/1950/2016,A/Sachsen/74/2016,200
A/Gaziantep/1950/2016,A/Samara/73/2013,80
A/Gaziantep/1950/2016,A/Switzerland/9715293/2013,120
A/Geneva/1514818/2009,A/Uruguay/716/2007,5120
A/Geneva/1514818/2009,A/Wellington/1/2004,40
A/Georgia/1041/2016,A/Georgia/532/2015,80
A/Georgia/1041/2016,A/Madrid/SO13031/2014,40
A/Georgia/1041/2016,A/Minsk/1737/2012,<40
A/Georgia/1041/2016,A/Netherlands/398/2014,240
A/Georgia/1041/2016,A/Samara/73/2013,40
A/Georgia/1041/2016,A/Slovenia/129/2016,80
A/Georgia/1041/2016,A/Slovenia/3188/2015,160
A/Georgia/1041/2016,A/Switzerland/9715293/2013,80
A/Georgia/132/2022,A/Israel/R-742/2016,40
A/Georgia/132/2022,A/Stockholm/5/2021,640
A/Georgia/2048/2021,A/Israel/R-742/2016,80
A/Georgia/2048/2021,A/Stockholm/5/2021,640
A/Georgia/2063/2021,A/Israel/R-742/2016,80
A/Georgia/2063/2021,A/Stockholm/5/2021,320
A/Georgia/255/2012,A/Iowa/19/2010,160
A/Georgia/255/2012,A/Johannesburg/126/2009,160
A/Georgia/255/2012,A/Perth/16/2009,80
A/Georgia/255/2012,A/Victoria/361/2011,920
A/Georgia/301/2012,A/Iowa/19/2010,80
A/Georgia/301/2012,A/Johannesburg/126/2009,80
A/Georgia/301/2012,A/Perth/16/2009,80
A/Georgia/301/2012,A/Victoria/361/2011,200
A/Georgia/370/2012,A/Iowa/19/2010,320
A/Georgia/370/2012,A/Johannesburg/126/2009,320
A/Georgia/370/2012,A/Perth/16/2009,80
A/Georgia/370/2012,A/Victoria/361/2011,480
A/Georgia/471/2012,A/Victoria/361/2011,120
A/Georgia/512/2012,A/Iowa/19/2010,640
A/Georgia/512/2012,A/Johannesburg/126/2009,320
A/Georgia/512/2012,A/Perth/16/2009,320
A/Georgia/512/2012,A/Victoria/361/2011,960
A/Georgia/532/2015,A/Ghana/ARI-15-0132/2015,80
A/Georgia/532/2015,A/Gifu/46/2014,160
A/Georgia/532/2015,A/Greece/2263/2014,105
A/Georgia/532/2015,A/Guyane/1742/2015,80
A/Georgia/532/2015,A/Henan-Xigong/11041/2014,60
A/Georgia/532/2015,A/Hessen/14/2017,40
A/Georgia/532/2015,A/Hokkaido/6/2015,40
A/Georgia/532/2015,A/Hubei-Dongbao/1205/2015,40
A/Georgia/532/2015,A/Hungary/175/2016,40
A/Georgia/532/2015,A/Hungary/191/2016,80
A/Georgia/532/2015,A/Hungary/195/2016,186
A/Georgia/532/2015,A/Hungary/197/2016,80
A/Georgia/532/2015,A/Hungary/198/2016,40
A/Georgia/532/2015,A/Hungary/423/2015,160
A/Georgia/532/2015,A/Hungary/436/2015,<40
A/Georgia/532/2015,A/Hyogo/4001/2014,40
A/Georgia/532/2015,A/Iceland/40/2017,80
A/Georgia/532/2015,A/Iceland/64/2017,40
A/Georgia/532/2015,A/Iceland/65/2016,160
A/Georgia/532/2015,A/Iceland/70/2016,320
A/Georgia/532/2015,A/Iceland/72/2016,160
A/Georgia/532/2015,A/Iceland/74/2016,160
A/Georgia/532/2015,A/Iceland/76/2016,120
A/Georgia/532/2015,A/Iceland/78/2016,160
A/Georgia/532/2015,A/Iceland/84/2016,160
A/Georgia/532/2015,A/Iran/55457/2016,160
A/Georgia/532/2015,A/Ireland/00492/2017,160
A/Georgia/532/2015,A/Ireland/14M00149/2013,80
A/Georgia/532/2015,A/Ireland/72703/2016,40
A/Georgia/532/2015,A/Ireland/76255/2016,<40
A/Georgia/532/2015,A/Ireland/80971/2016,80
A/Georgia/532/2015,A/Ireland/81104/2016,160
A/Georgia/532/2015,A/Ireland/81180/2016,80
A/Georgia/532/2015,A/Ireland/81354/2016,160
A/Georgia/532/2015,A/Ireland/82745/2016,76
A/Georgia/532/2015,A/Ireland/86110/2016,40
A/Georgia/532/2015,A/Israel/C-791/2017,40
A/Georgia/532/2015,A/Israel/O-6994/2014,80
A/Georgia/532/2015,A/Israel/R-742/2016,80
A/Georgia/532/2015,A/Italy-FVG/105/2015,40
A/Georgia/532/2015,A/Izmir/1020/2016,80
A/Georgia/532/2015,A/Izmir/3575/2016,160
A/Georgia/532/2015,A/Jiangsu-Qingpu/1660/2015,80
A/Georgia/532/2015,A/Jordan/20160020743/2016,60
A/Georgia/532/2015,A/Jordan/20170020076/2017,160
A/Georgia/532/2015,A/Jordan/30226/2015,<40
A/Georgia/532/2015,A/Jordan/J-16-4294/2017,160
A/Georgia/532/2015,A/Khmelnitsky/1958/2016,80
A/Georgia/532/2015,A/Khmelnitsky/1981/2016,640
A/Georgia/532/2015,A/Khmelnitsky/2245/2016,68
A/Georgia/532/2015,A/Khmelnitsky/2479/2016,40
A/Georgia/532/2015,A/Kurgan/24/2016,160
A/Georgia/532/2015,A/Kyiv/926/2016,80
A/Georgia/532/2015,A/Kyrgyzstan/15/2017,80
A/Georgia/532/2015,A/Kyrgyzstan/28/2016,140
A/Georgia/532/2015,A/Kyrgyzstan/29/2016,160
A/Georgia/532/2015,A/Laos/1810/2015,160
A/Georgia/532/2015,A/Laos/F2884/2016,80
A/Georgia/532/2015,A/Latvia/01-024575/2017,160
A/Georgia/532/2015,A/Latvia/02-056748/2017,320
A/Georgia/532/2015,A/Latvia/04-003626/2017,80
A/Georgia/532/2015,A/Latvia/11-072125/2016,80
A/Georgia/532/2015,A/Latvia/12-020474/2016,80
A/Georgia/532/2015,A/Latvia/12-066660/2014,72
A/Georgia/532/2015,A/Liaoning-Baita/1293/2015,80
A/Georgia/532/2015,A/Liaoning-Shuangta/1491/2015,80
A/Georgia/532/2015,A/Lisboa/SU34/2014,<40
A/Georgia/532/2015,A/Lithuania/6165/2017,640
A/Georgia/532/2015,A/Lithuania/6583/2017,160
A/Georgia/532/2015,A/Lithuania/6735/2017,40
A/Georgia/532/2015,A/Lithuania/7612/2017,40
A/Georgia/532/2015,A/Lithuania/7703/2017,40
A/Georgia/532/2015,A/Lithuania/7906/2017,320
A/Georgia/532/2015,A/Lithuania/8237/2014,64
A/Georgia/532/2015,A/Lubica/132/2017,80
A/Georgia/532/2015,A/Luxembourg/62062/2016,160
A/Georgia/532/2015,A/Lyon/2608/2015,133
A/Georgia/532/2015,A/Madrid/15053/2014,80
A/Georgia/532/2015,A/Madrid/SO13031/2014,78
A/Georgia/532/2015,A/Mardin/2834/2016,160
A/Georgia/532/2015,A/Marseille/2588/2015,75
A/Georgia/532/2015,A/Mauritius/I-240/2015,120
A/Georgia/532/2015,A/Mayotte/2097/2016,160
A/Georgia/532/2015,A/Mie/21/2015,40
A/Georgia/532/2015,A/Milano/23/2016,40
A/Georgia/532/2015,A/Minsk/1737/2012,158
A/Georgia/532/2015,A/Montenegro/110/2016,80
A/Georgia/532/2015,A/Montenegro/78/2016,80
A/Georgia/532/2015,A/Mozambique/IR436/2015,80
A/Georgia/532/2015,A/Mozambique/IR451/2015,120
A/Georgia/532/2015,A/Mozambique/IR493/2015,40
A/Georgia/532/2015,A/Mozambique/IR803/2015,40
A/Georgia/532/2015,A/Netherlands/3768/2016,80
A/Georgia/532/2015,A/Netherlands/398/2014,153
A/Georgia/532/2015,A/Newcastle/30/2016,160
A/Georgia/532/2015,A/Niedersachsen/185/2017,40
A/Georgia/532/2015,A/Niedersachsen/5/2017,160
A/Georgia/532/2015,A/Nitra/157/2017,160
A/Georgia/532/2015,A/Nordrhein-Westfalen/106/2017,<40
A/Georgia/532/2015,A/Norway/0144/2015,40
A/Georgia/532/2015,A/Norway/1120/2017,160
A/Georgia/532/2015,A/Norway/1477/2017,80
A/Georgia/532/2015,A/Norway/1934/2017,40
A/Georgia/532/2015,A/Norway/1940/2017,160
A/Georgia/532/2015,A/Norway/2475/2015,80
A/Georgia/532/2015,A/Norway/2629/2017,160
A/Georgia/532/2015,A/Norway/4238/2016,40
A/Georgia/532/2015,A/Norway/4395/2016,100
A/Georgia/532/2015,A/Norway/4465/2016,320
A/Georgia/532/2015,A/Norway/4497/2016,106
A/Georgia/532/2015,A/Norway/484/2017,160
A/Georgia/532/2015,A/Odessa/695/2016,160
A/Georgia/532/2015,A/Oman/1819/2016,80
A/Georgia/532/2015,A/Oman/4681/2015,80
A/Georgia/532/2015,A/Oman/4940/2015,80
A/Georgia/532/2015,A/Oman/5009/2015,40
A/Georgia/532/2015,A/Oman/5011/2015,106
A/Georgia/532/2015,A/Oman/5357/2015,<40
A/Georgia/532/2015,A/Oman/5691/2015,40
A/Georgia/532/2015,A/Omsk/4174/2016,66
A/Georgia/532/2015,A/Palermo/6/2016,114
A/Georgia/532/2015,A/Paris/2332/2014,80
A/Georgia/532/2015,A/Parma/38/2016,80
A/Georgia/532/2015,A/Perth/16/2009,20
A/Georgia/532/2015,A/Perugia/26/2017,160
A/Georgia/532/2015,A/Poland/412/2017,80
A/Georgia/532/2015,A/Poland/555/2017,160
A/Georgia/532/2015,A/Prievidza/77/2016,160
A/Georgia/532/2015,A/Roma/12/2016,80
A/Georgia/532/2015,A/Sachsen-Anhalt/2/2017,40
A/Georgia/532/2015,A/Sachsen/107/2017,<40
A/Georgia/532/2015,A/Sachsen/4/2017,80
A/Georgia/532/2015,A/Sachsen/71/2017,<40
A/Georgia/532/2015,A/Sachsen/74/2016,109
A/Georgia/532/2015,A/Saitama/103/2014,960
A/Georgia/532/2015,A/Samara/73/2013,241
A/Georgia/532/2015,A/Serbia-NS/1565/2016,80
A/Georgia/532/2015,A/Shizuoka/34/2015,120
A/Georgia/532/2015,A/Slovenia/1070/2016,160
A/Georgia/532/2015,A/Slovenia/1172/2016,160
A/Georgia/532/2015,A/Slovenia/129/2016,880
A/Georgia/532/2015,A/Slovenia/1307/2016,160
A/Georgia/532/2015,A/Slovenia/1391/2017,80
A/Georgia/532/2015,A/Slovenia/1406/2017,<40
A/Georgia/532/2015,A/Slovenia/3188/2015,160
A/Georgia/532/2015,A/Slovenia/53/2017,80
A/Georgia/532/2015,A/Slovenia/625/2017,80
A/Georgia/532/2015,A/Slovenia/852/2016,160
A/Georgia/532/2015,A/Stockholm/24/2016,40
A/Georgia/532/2015,A/Stockholm/36/2014,85
A/Georgia/532/2015,A/Stockholm/42/2016,80
A/Georgia/532/2015,A/Stockholm/46/2016,80
A/Georgia/532/2015,A/Stockholm/63/2015,226
A/Georgia/532/2015,A/Switzerland/9715293/2013,108
A/Georgia/532/2015,A/Sydney/142/2016,120
A/Georgia/532/2015,A/Trencin/46/2016,80
A/Georgia/532/2015,A/Trencin/94/2016,640
A/Georgia/532/2015,A/Trnava/90/2016,160
A/Georgia/532/2015,A/Turkey/TR-17/2016,160
A/Georgia/532/2015,A/Turkey/TR-31/2016,160
A/Georgia/532/2015,A/Ukraine/7030/2016,80
A/Georgia/532/2015,A/Ukraine/7730/2017,<40
A/Georgia/532/2015,A/Ukraine/7768/2016,<40
A/Georgia/532/2015,A/Valladolid/290/2016,106
A/Georgia/532/2015,A/Victoria/361/2011,160
A/Georgia/532/2015,A/Victoria/511/2015,120
A/Georgia/532/2015,A/Wisconsin/20/2015,320
A/Georgia/532/2015,A/Yamaguchi/34/2016,80
A/Georgia/532/2015,A/Yokohama/120/2016,240
A/Georgia/532/2015,A/Yunnan-Wenshan/1893/2015,160
A/Georgia/532/2015,A/Zhejiang-Nanhu/1975/2016,640
A/Georgia/584/2014,A/Minsk/1737/2012,160
A/Georgia/584/2014,A/Paris/1988/2012,160
A/Georgia/584/2014,A/Perth/16/2009,<40
A/Georgia/584/2014,A/Samara/73/2013,640
A/Georgia/584/2014,A/Stockholm/1/2013,80
A/Georgia/584/2014,A/Victoria/361/2011,640
A/Georgia/GEO42/2024,A/Kyrgyzstan/124/2023,*
A/Georgia/GEO42/2024,A/Poland/PL65/2022,80
A/Georgia/GEO42/2024,A/Stockholm/5/2021,160
A/Georgia/GEO42/2024,A/Switzerland/28719/2022,640
A/Georgia/K18-57/2022,A/Stockholm/5/2021,80
A/Georgia/K18-57/2022,A/Ukraine/354/2021,80
A/Georgia/K20-14/2022,A/Stockholm/5/2021,80
A/Georgia/K20-14/2022,A/Ukraine/354/2021,80
A/Georgia/T2/2022,A/Stockholm/5/2021,306
A/Georgia/T2/2022,A/Ukraine/354/2021,426
A/Georgia/T26-26/2022,A/Lille/50053/2022,1706
A/Georgia/T26-26/2022,A/Stockholm/5/2021,213
A/Georgia/T26-26/2022,A/Ukraine/354/2021,320
A/Georgia/T27-25/2022,A/Lille/50053/2022,640
A/Georgia/T27-25/2022,A/Stockholm/5/2021,160
A/Georgia/T27-25/2022,A/Ukraine/354/2021,240
A/Ghana/1031/2024,A/Lisboa/216/2023,640
A/Ghana/1031/2024,A/Netherlands/10563/2023,640
A/Ghana/1031/2024,A/Norway/12374/2023,320
A/Ghana/1031/2024,A/Oklahoma/05/2024,640
A/Ghana/1036/2024,A/Lisboa/216/2023,640
A/Ghana/1036/2024,A/Netherlands/10563/2023,640
A/Ghana/1036/2024,A/Oklahoma/05/2024,320
A/Ghana/1050/2019,A/Israel/R-742/2016,80
A/Ghana/1050/2019,A/Norway/3275/2018,80
A/Ghana/1050/2019,A/Switzerland/8060/2017,40
A/Ghana/11/2008,A/Henan/Jinshui/147/2007,*
A/Ghana/11/2008,A/Nepal/921/2006,80
A/Ghana/11/2008,A/Uruguay/716/2007,160
A/Ghana/11/2008,A/Wisconsin/67/2005,40
A/Ghana/1406/2024,A/Lisboa/216/2023,640
A/Ghana/1406/2024,A/Netherlands/10563/2023,640
A/Ghana/1406/2024,A/Norway/12374/2023,320
A/Ghana/1406/2024,A/Oklahoma/05/2024,320
A/Ghana/154/2019,A/Israel/R-742/2016,70
A/Ghana/154/2019,A/Norway/3275/2018,40
A/Ghana/154/2019,A/Switzerland/8060/2017,40
A/Ghana/1724/2022,A/Hessen/45/2022,40
A/Ghana/1724/2022,A/Israel/R-742/2016,40
A/Ghana/1724/2022,A/Kyiv/1/2022,1280
A/Ghana/1724/2022,A/Mecklenburg-Vorpommern/88/2022,160
A/Ghana/1724/2022,A/Nordrhein-Westfalen/36/2022,40
A/Ghana/1724/2022,A/Nordrhein-Westfalen/37/2022,40
A/Ghana/1724/2022,A/Nordrhein-Westfalen/40/2022,<40
A/Ghana/1724/2022,A/Norway/28542/2022,140
A/Ghana/1724/2022,A/Norway/32641/2022,40
A/Ghana/1724/2022,A/Poland/PL65/2022,<40
A/Ghana/1724/2022,A/Rheinland-Pfalz/18/2022,40
A/Ghana/1724/2022,A/Stockholm/5/2021,480
A/Ghana/1724/2022,A/Switzerland/18284/2022,<40
A/Ghana/1724/2022,A/Ukraine/354/2021,200
A/Ghana/1725/2024,A/Lisboa/216/2023,640
A/Ghana/1725/2024,A/Netherlands/10563/2023,480
A/Ghana/1725/2024,A/Norway/12374/2023,160
A/Ghana/1725/2024,A/Oklahoma/05/2024,320
A/Ghana/1836/2022,A/Israel/R-742/2016,<40
A/Ghana/1836/2022,A/Stockholm/5/2021,160
A/Ghana/1922/2023,A/Lisboa/216/2023,<40
A/Ghana/1922/2023,A/Netherlands/10563/2023,<40
A/Ghana/1922/2023,A/Oklahoma/05/2024,<40
A/Ghana/195/2022,A/Israel/R-742/2016,80
A/Ghana/195/2022,A/Stockholm/5/2021,640
A/Ghana/2717/2017,A/Greece/4/2017,160
A/Ghana/2717/2017,A/Netherlands/398/2014,320
A/Ghana/2717/2017,A/Norway/4465/2016,100
A/Ghana/2717/2017,A/Palermo/6/2016,320
A/Ghana/2717/2017,A/Sachsen/74/2016,320
A/Ghana/2717/2017,A/Switzerland/9715293/2013,80
A/Ghana/312/2019,A/Israel/R-742/2016,160
A/Ghana/312/2019,A/Norway/3275/2018,640
A/Ghana/312/2019,A/Switzerland/8060/2017,160
A/Ghana/3122/2022,A/Israel/R-742/2016,40
A/Ghana/3122/2022,A/Stockholm/5/2021,640
A/Ghana/3353/2022,A/Israel/R-742/2016,40
A/Ghana/3353/2022,A/Stockholm/5/2021,640
A/Ghana/3409/2024,A/Lisboa/216/2023,160
A/Ghana/3409/2024,A/Netherlands/10563/2023,240
A/Ghana/3409/2024,A/Norway/12374/2023,80
A/Ghana/3409/2024,A/Oklahoma/05/2024,160
A/Ghana/3532/2019,A/Israel/R-742/2016,70
A/Ghana/3532/2019,A/Norway/3275/2018,160
A/Ghana/390/2022,A/Israel/R-742/2016,80
A/Ghana/390/2022,A/Stockholm/5/2021,1280
A/Ghana/392/2022,A/Israel/R-742/2016,<40
A/Ghana/392/2022,A/Stockholm/5/2021,320
A/Ghana/6173/2024,A/Lisboa/216/2023,160
A/Ghana/6173/2024,A/Netherlands/10510/2024,40
A/Ghana/6173/2024,A/Netherlands/10563/2023,160
A/Ghana/6173/2024,A/Norway/12374/2023,80
A/Ghana/6173/2024,A/Oklahoma/05/2024,80
A/Ghana/7129/2024,A/Lisboa/216/2023,285
A/Ghana/7129/2024,A/Netherlands/10510/2024,40
A/Ghana/7129/2024,A/Netherlands/10563/2023,285
A/Ghana/7129/2024,A/Norway/12374/2023,108
A/Ghana/7129/2024,A/Oklahoma/05/2024,114
A/Ghana/7376/2024,A/Lisboa/216/2023,160
A/Ghana/7376/2024,A/Netherlands/10510/2024,40
A/Ghana/7376/2024,A/Netherlands/10563/2023,320
A/Ghana/7376/2024,A/Norway/12374/2023,80
A/Ghana/7376/2024,A/Oklahoma/05/2024,160
A/Ghana/7400/2023,A/Poland/PL65/2022,80
A/Ghana/7400/2023,A/Stockholm/5/2021,80
A/Ghana/7400/2023,A/Switzerland/28719/2022,160
A/Ghana/7529/2023,A/Poland/PL65/2022,80
A/Ghana/7529/2023,A/Stockholm/5/2021,160
A/Ghana/7529/2023,A/Switzerland/28719/2022,160
A/Ghana/758/2018,A/Israel/R-742/2016,40
A/Ghana/758/2018,A/Netherlands/10260/2018,80
A/Ghana/758/2018,A/Netherlands/398/2014,80
A/Ghana/758/2018,A/Norway/3275/2018,<40
A/Ghana/758/2018,A/Switzerland/8060/2017,80
A/Ghana/7625/2023,A/Poland/PL65/2022,80
A/Ghana/7625/2023,A/Stockholm/5/2021,320
A/Ghana/7625/2023,A/Switzerland/28719/2022,320
A/Ghana/7698/2024,A/Lisboa/216/2023,<40
A/Ghana/7698/2024,A/Netherlands/10510/2024,40
A/Ghana/7698/2024,A/Netherlands/10563/2023,80
A/Ghana/7698/2024,A/Norway/12374/2023,<40
A/Ghana/7698/2024,A/Oklahoma/05/2024,<40
A/Ghana/818/2024,A/Lisboa/216/2023,533
A/Ghana/818/2024,A/Netherlands/10563/2023,426
A/Ghana/818/2024,A/Norway/12374/2023,120
A/Ghana/818/2024,A/Oklahoma/05/2024,213
A/Ghana/ARI-15-0132/2015,A/Madrid/SO13031/2014,<40
A/Ghana/ARI-15-0132/2015,A/Minsk/1737/2012,80
A/Ghana/ARI-15-0132/2015,A/Netherlands/398/2014,120
A/Ghana/ARI-15-0132/2015,A/Samara/73/2013,40
A/Ghana/ARI-15-0132/2015,A/Switzerland/9715293/2013,40
A/Ghana/DARI-0063/2013,A/Iowa/19/2010,160
A/Ghana/DARI-0063/2013,A/Minsk/1737/2012,640
A/Ghana/DARI-0063/2013,A/Perth/16/2009,40
A/Ghana/DARI-0063/2013,A/Samara/73/2013,320
A/Ghana/DARI-0063/2013,A/Victoria/361/2011,240
A/Ghana/DARI-13-111/2013,A/Minsk/1737/2012,160
A/Ghana/DARI-13-111/2013,A/Paris/1988/2012,240
A/Ghana/DARI-13-111/2013,A/Samara/73/2013,320
A/Ghana/DARI-13-111/2013,A/Victoria/361/2011,160
A/Ghana/DILI-0405/2012,A/Hawaii/22/2012,160
A/Ghana/DILI-0405/2012,A/Iowa/19/2010,160
A/Ghana/DILI-0405/2012,A/Johannesburg/126/2009,40
A/Ghana/DILI-0405/2012,A/Minsk/1737/2012,320
A/Ghana/DILI-0405/2012,A/Perth/16/2009,40
A/Ghana/DILI-0405/2012,A/Victoria/361/2011,120
A/Ghana/DILI-0467/2013,A/Hawaii/22/2012,640
A/Ghana/DILI-0467/2013,A/Iowa/19/2010,93
A/Ghana/DILI-0467/2013,A/Johannesburg/126/2009,160
A/Ghana/DILI-0467/2013,A/Minsk/1737/2012,373
A/Ghana/DILI-0467/2013,A/Paris/1988/2012,186
A/Ghana/DILI-0467/2013,A/Perth/16/2009,80
A/Ghana/DILI-0467/2013,A/Samara/73/2013,288
A/Ghana/DILI-0467/2013,A/Victoria/361/2011,166
A/Ghana/DILI-0479/2014,A/Henan-Xigong/11041/2014,180
A/Ghana/DILI-0479/2014,A/Minsk/1737/2012,40
A/Ghana/DILI-0479/2014,A/Netherlands/398/2014,320
A/Ghana/DILI-0479/2014,A/Perth/16/2009,<40
A/Ghana/DILI-0479/2014,A/Samara/73/2013,80
A/Ghana/DILI-0479/2014,A/Stockholm/1/2013,80
A/Ghana/DILI-0479/2014,A/Victoria/361/2011,40
A/Ghana/DILI-0483/2014,A/Henan-Xigong/11041/2014,180
A/Ghana/DILI-0483/2014,A/Minsk/1737/2012,<40
A/Ghana/DILI-0483/2014,A/Netherlands/398/2014,320
A/Ghana/DILI-0483/2014,A/Perth/16/2009,<40
A/Ghana/DILI-0483/2014,A/Samara/73/2013,80
A/Ghana/DILI-0483/2014,A/Stockholm/1/2013,80
A/Ghana/DILI-0483/2014,A/Victoria/361/2011,40
A/Ghana/DILI-495/2013,A/Hawaii/22/2012,640
A/Ghana/DILI-495/2013,A/Iowa/19/2010,120
A/Ghana/DILI-495/2013,A/Johannesburg/126/2009,160
A/Ghana/DILI-495/2013,A/Minsk/1737/2012,800
A/Ghana/DILI-495/2013,A/Perth/16/2009,80
A/Ghana/DILI-495/2013,A/Samara/73/2013,320
A/Ghana/DILI-495/2013,A/Victoria/361/2011,260
A/Ghana/FS-11-1981/2011,A/Iowa/19/2010,320
A/Ghana/FS-11-1981/2011,A/Johannesburg/126/2009,160
A/Ghana/FS-11-1981/2011,A/Perth/10/2010,320
A/Ghana/FS-11-1981/2011,A/Perth/16/2009,160
A/Ghana/FS-11-1981/2011,A/Victoria/210/2009,160
A/Ghana/FS-2240/2009,A/Perth/16/2009,2133
A/Ghana/FS-2240/2009,A/Philippines/2191/2009,2560
A/Ghana/FS-2240/2009,A/Uruguay/716/2007,133
A/Ghana/FS-2240/2009,A/Wisconsin/67/2005,60
A/Ghana/FS-271/2010,A/Perth/16/2009,800
A/Ghana/FS-271/2010,A/Uruguay/716/2007,120
A/Ghana/FS-271/2010,A/Wisconsin/67/2005,80
A/Ghana/FS-376/2010,A/Perth/16/2009,160
A/Ghana/FS-376/2010,A/Uruguay/716/2007,40
A/Ghana/FS-376/2010,A/Wisconsin/67/2005,<40
A/Ghana/FS-467/2010,A/Perth/16/2009,640
A/Ghana/FS-467/2010,A/Uruguay/716/2007,80
A/Ghana/FS-467/2010,A/Wisconsin/67/2005,80
A/Ghom/9677/2011,A/Iowa/19/2010,640
A/Ghom/9677/2011,A/Johannesburg/126/2009,320
A/Ghom/9677/2011,A/Perth/10/2010,640
A/Ghom/9677/2011,A/Perth/16/2009,160
A/Ghom/9677/2011,A/Victoria/210/2009,160
A/Gifu/46/2014,A/Madrid/SO13031/2014,<40
A/Gifu/46/2014,A/Minsk/1737/2012,80
A/Gifu/46/2014,A/Netherlands/398/2014,200
A/Gifu/46/2014,A/Samara/73/2013,160
A/Gifu/46/2014,A/Switzerland/9715293/2013,40
A/Glasgow/4165/2014,A/Henan-Xigong/11041/2014,160
A/Glasgow/4165/2014,A/Minsk/1737/2012,40
A/Glasgow/4165/2014,A/Netherlands/398/2014,640
A/Glasgow/4165/2014,A/Paris/1988/2012,80
A/Glasgow/4165/2014,A/Perth/16/2009,<40
A/Glasgow/4165/2014,A/Samara/73/2013,80
A/Glasgow/4165/2014,A/Stockholm/1/2013,80
A/Glasgow/4165/2014,A/Switzerland/9715293/2013,80
A/Glasgow/4165/2014,A/Victoria/361/2011,40
A/Glasgow/RVL5/2012,A/Hawaii/22/2012,320
A/Glasgow/RVL5/2012,A/Iowa/19/2010,160
A/Glasgow/RVL5/2012,A/Johannesburg/126/2009,80
A/Glasgow/RVL5/2012,A/Minsk/1737/2012,640
A/Glasgow/RVL5/2012,A/Perth/16/2009,<40
A/Glasgow/RVL5/2012,A/Victoria/361/2011,240
A/Goteborg/SE24-14319/2024,A/Lisboa/216/2023,193
A/Goteborg/SE24-14319/2024,A/Netherlands/10510/2024,45
A/Goteborg/SE24-14319/2024,A/Netherlands/10563/2023,218
A/Goteborg/SE24-14319/2024,A/Norway/12374/2023,75
A/Goteborg/SE24-14319/2024,A/Oklahoma/05/2024,101
A/Gothenburg/1/2010,A/Iowa/19/2010,1280
A/Gothenburg/1/2010,A/Johannesburg/126/2009,220
A/Gothenburg/1/2010,A/Perth/16/2009,140
A/Gothenburg/1/2010,A/Victoria/210/2009,160
A/Gothenburg/1/2010,A/Victoria/361/2011,1600
A/Gothenburg/1/2010,A/Wisconsin/67/2005,<40
A/Greece/1430/2018,A/Israel/R-742/2016,57
A/Greece/1430/2018,A/Netherlands/10260/2018,40
A/Greece/1430/2018,A/Netherlands/398/2014,<40
A/Greece/1430/2018,A/Norway/3275/2018,160
A/Greece/1430/2018,A/Switzerland/8060/2017,86
A/Greece/15/2023,A/Lille/50053/2022,640
A/Greece/15/2023,A/Stockholm/5/2021,160
A/Greece/15/2023,A/Ukraine/354/2021,320
A/Greece/17/2015,A/Minsk/1737/2012,160
A/Greece/17/2015,A/Netherlands/398/2014,240
A/Greece/17/2015,A/Perth/16/2009,40
A/Greece/17/2015,A/Samara/73/2013,320
A/Greece/17/2015,A/Switzerland/9715293/2013,60
A/Greece/17/2015,A/Victoria/361/2011,160
A/Greece/2263/2014,A/Henan-Xigong/11041/2014,320
A/Greece/2263/2014,A/Madrid/SO13031/2014,48
A/Greece/2263/2014,A/Minsk/1737/2012,118
A/Greece/2263/2014,A/Netherlands/398/2014,380
A/Greece/2263/2014,A/Perth/16/2009,40
A/Greece/2263/2014,A/Saitama/103/2014,*
A/Greece/2263/2014,A/Samara/73/2013,95
A/Greece/2263/2014,A/Slovenia/129/2016,120
A/Greece/2263/2014,A/Slovenia/3188/2015,160
A/Greece/2263/2014,A/Switzerland/9715293/2013,115
A/Greece/2263/2014,A/Victoria/361/2011,92
A/Greece/370/2022,A/Lille/50053/2022,640
A/Greece/370/2022,A/Stockholm/5/2021,160
A/Greece/370/2022,A/Ukraine/354/2021,320
A/Greece/4/2017,A/Iceland/100/2018,80
A/Greece/4/2017,A/Iceland/103/2018,80
A/Greece/4/2017,A/Iceland/107/2018,80
A/Greece/4/2017,A/Iceland/108/2018,80
A/Greece/4/2017,A/Iceland/136/2017,160
A/Greece/4/2017,A/Ireland/81180/2016,320
A/Greece/4/2017,A/Israel/R-742/2016,93
A/Greece/4/2017,A/Israel/SK521/2017,80
A/Greece/4/2017,A/Kanagawa/IC1618/2017,160
A/Greece/4/2017,A/Kanagawa/ZC1617/2017,80
A/Greece/4/2017,A/Khmelnitsky/2245/2016,400
A/Greece/4/2017,A/Latvia/11-002559/2017,120
A/Greece/4/2017,A/Latvia/11-019324/2018,160
A/Greece/4/2017,A/Latvia/12-005233/2018,320
A/Greece/4/2017,A/Liaoning-Yinzhou/1399/2017,160
A/Greece/4/2017,A/Lisboa/16/2017,320
A/Greece/4/2017,A/Lisboa/5/2017,320
A/Greece/4/2017,A/Lorraine/2365/2018,80
A/Greece/4/2017,A/Lyon/2106/2018,160
A/Greece/4/2017,A/Magadan/187/2017,320
A/Greece/4/2017,A/Marseille/2195/2017,160
A/Greece/4/2017,A/Marseille/2588/2015,400
A/Greece/4/2017,A/Mauritius/I-240/2015,40
A/Greece/4/2017,A/Mauritius/I-906/2018,320
A/Greece/4/2017,A/Mauritius/I-925/2018,80
A/Greece/4/2017,A/Mauritius/I-967/2018,160
A/Greece/4/2017,A/Netherlands/10260/2018,*
A/Greece/4/2017,A/Netherlands/398/2014,229
A/Greece/4/2017,A/Niedersachsen/186/2017,400
A/Greece/4/2017,A/Norway/234/2018,160
A/Greece/4/2017,A/Norway/279/2018,320
A/Greece/4/2017,A/Norway/3275/2018,160
A/Greece/4/2017,A/Norway/3668/2018,160
A/Greece/4/2017,A/Norway/4465/2016,285
A/Greece/4/2017,A/Norway/484/2017,80
A/Greece/4/2017,A/Novosibirsk/265/2017,160
A/Greece/4/2017,A/Oman/20/2016,80
A/Greece/4/2017,A/Oman/24/2016,80
A/Greece/4/2017,A/Oman/3329/2018,160
A/Greece/4/2017,A/Oman/3372/2018,240
A/Greece/4/2017,A/Oman/3407/2018,320
A/Greece/4/2017,A/Oman/4/2016,80
A/Greece/4/2017,A/Oman/47/2016,60
A/Greece/4/2017,A/Oman/5466/2016,320
A/Greece/4/2017,A/Oman/57/2017,320
A/Greece/4/2017,A/Palermo/6/2016,400
A/Greece/4/2017,A/Paris/1023/2017,80
A/Greece/4/2017,A/Paris/2544/2018,160
A/Greece/4/2017,A/Poitiers/1976/2018,80
A/Greece/4/2017,A/Poitiers/1978/2018,80
A/Greece/4/2017,A/Poitiers/2003/2018,80
A/Greece/4/2017,A/Poitiers/2028/2017,160
A/Greece/4/2017,A/Sachsen/74/2016,552
A/Greece/4/2017,A/Saint-Etienne/1912/2018,80
A/Greece/4/2017,A/Shanghai-Pudongxin/1987/2017,160
A/Greece/4/2017,A/Shizuoka/34/2015,160
A/Greece/4/2017,A/Singapore/GP0454/2018,40
A/Greece/4/2017,A/Singapore/GP2646/2016,80
A/Greece/4/2017,A/Singapore/INFTT-16-0612/2016,320
A/Greece/4/2017,A/Singapore/KK0259/2018,160
A/Greece/4/2017,A/Singapore/TT1374/2016,320
A/Greece/4/2017,A/Slovenia/2269/2017,160
A/Greece/4/2017,A/Slovenia/2792/2017,80
A/Greece/4/2017,A/Stockholm/44/2017,213
A/Greece/4/2017,A/Switzerland/8060/2017,240
A/Greece/4/2017,A/Switzerland/882/2017,160
A/Greece/4/2017,A/Switzerland/9715293/2013,130
A/Greece/4/2017,A/Sydney/22/2018,640
A/Greece/4/2017,A/Toamasina/2190/2017,320
A/Greece/4/2017,A/Tyumen/RII-01/2018,320
A/Greece/4/2017,A/Uppsala/2/2017,160
A/Greece/4/2017,A/Uralsk/496/2017,120
A/Greece/4/2017,A/Zaragoza/1476697/2018,160
A/Greece/4/2017,A/Zaragoza/1496248/2018,180
A/Greece/4/2017,A/Zaragoza/1528894/2018,80
A/Greece/4/2017,A/Zaragoza/492/2018,320
A/Greece/4/2017,A/Zhejiang-Nanhu/1745/2017,160
A/Guadeloupe/202/2010,A/Iowa/19/2010,800
A/Guadeloupe/202/2010,A/Johannesburg/126/2009,1280
A/Guadeloupe/202/2010,A/Norway/1186/2011,640
A/Guadeloupe/202/2010,A/Norway/685/2011,640
A/Guadeloupe/202/2010,A/Panama/307149/2010,160
A/Guadeloupe/202/2010,A/Perth/10/2010,240
A/Guadeloupe/202/2010,A/Perth/16/2009,400
A/Guadeloupe/202/2010,A/Stockholm/5/2011,640
A/Guadeloupe/202/2010,A/Stockholm/6/2011,320
A/Guadeloupe/202/2010,A/Stockholm/7/2011,640
A/Guadeloupe/202/2010,A/Victoria/210/2009,360
A/Guadeloupe/202/2010,A/Wisconsin/67/2005,<40
A/Guangxi-Babu/1913/2018,A/Israel/R-742/2016,40
A/Guangxi-Babu/1913/2018,A/Netherlands/10260/2018,40
A/Guangxi-Babu/1913/2018,A/Netherlands/398/2014,<40
A/Guangxi-Babu/1913/2018,A/Norway/3275/2018,40
A/Guangxi-Babu/1913/2018,A/Switzerland/8060/2017,<40
A/Guizhou-Xinyi/1799/2014,A/Minsk/1737/2012,80
A/Guizhou-Xinyi/1799/2014,A/Netherlands/398/2014,320
A/Guizhou-Xinyi/1799/2014,A/Perth/16/2009,<40
A/Guizhou-Xinyi/1799/2014,A/Samara/73/2013,320
A/Guizhou-Xinyi/1799/2014,A/Switzerland/9715293/2013,240
A/Guizhou-Xinyi/1799/2014,A/Victoria/361/2011,80
A/Guyane/1742/2015,A/Madrid/SO13031/2014,<40
A/Guyane/1742/2015,A/Minsk/1737/2012,80
A/Guyane/1742/2015,A/Netherlands/398/2014,240
A/Guyane/1742/2015,A/Perth/16/2009,<40
A/Guyane/1742/2015,A/Samara/73/2013,160
A/Guyane/1742/2015,A/Switzerland/9715293/2013,80
A/Halmstad/SE24-03868/2024,A/Lisboa/216/2023,640
A/Halmstad/SE24-03868/2024,A/Netherlands/10563/2023,640
A/Halmstad/SE24-03868/2024,A/Norway/12374/2023,160
A/Halmstad/SE24-03868/2024,A/Oklahoma/05/2024,320
A/Hamburg/1/2006,A/Hiroshima/52/2005,160
A/Hamburg/1/2006,A/Panama/2007/1999,<40
A/Hamburg/1/2006,A/Wisconsin/67/2005,160
A/Hamburg/1/2006,A/Wyoming/3/2003,40
A/Hamburg/1/2012,A/Iowa/19/2010,320
A/Hamburg/1/2012,A/Johannesburg/126/2009,160
A/Hamburg/1/2012,A/Netherlands/34/2010,160
A/Hamburg/1/2012,A/Perth/16/2009,160
A/Hawaii/22/2012,A/Iceland/25/2012,320
A/Hawaii/22/2012,A/Iceland/56/2013,320
A/Hawaii/22/2012,A/Iowa/19/2010,1092
A/Hawaii/22/2012,A/Ireland/00367/2013,400
A/Hawaii/22/2012,A/Israel/10/2012,40
A/Hawaii/22/2012,A/Johannesburg/126/2009,1812
A/Hawaii/22/2012,A/Jordan/20110030749/2011,693
A/Hawaii/22/2012,A/Jordan/30502/2012,160
A/Hawaii/22/2012,A/Jordan/30677/2013,640
A/Hawaii/22/2012,A/Latvia/1-30021/2013,640
A/Hawaii/22/2012,A/Leskovac/1655/2013,160
A/Hawaii/22/2012,A/Maevatanana/563/2013,160
A/Hawaii/22/2012,A/Maevatanana/974/2013,320
A/Hawaii/22/2012,A/Minsk/1431/2013,80
A/Hawaii/22/2012,A/Minsk/1737/2012,2729
A/Hawaii/22/2012,A/Netherlands/34/2010,320
A/Hawaii/22/2012,A/Netherlands/533/2012,320
A/Hawaii/22/2012,A/NosyBe/429/2013,320
A/Hawaii/22/2012,A/Novosibirsk/32/2013,160
A/Hawaii/22/2012,A/Novosibirsk/78/2012,560
A/Hawaii/22/2012,A/Panama/307149/2010,240
A/Hawaii/22/2012,A/Paris/1912/2012,160
A/Hawaii/22/2012,A/Paris/1988/2012,297
A/Hawaii/22/2012,A/Paris/2133/2011,426
A/Hawaii/22/2012,A/Perth/16/2009,217
A/Hawaii/22/2012,A/Picardie/1274/2013,640
A/Hawaii/22/2012,A/Poitiers/2745/2012,80
A/Hawaii/22/2012,A/Roma/04/2013,186
A/Hawaii/22/2012,A/Samara/73/2013,320
A/Hawaii/22/2012,A/Singapore/22/2012,2560
A/Hawaii/22/2012,A/Slovenia/709/2013,1280
A/Hawaii/22/2012,A/Spain/14758/2012,240
A/Hawaii/22/2012,A/Stockholm/1/2013,320
A/Hawaii/22/2012,A/Stockholm/39/2012,160
A/Hawaii/22/2012,A/Stockholm/9/2013,320
A/Hawaii/22/2012,A/Switzerland/7586983/2012,160
A/Hawaii/22/2012,A/Switzerland/7628499/2012,320
A/Hawaii/22/2012,A/Sydney/195/2012,5120
A/Hawaii/22/2012,A/Taraz/2922/2013,160
A/Hawaii/22/2012,A/Tehran/58191/2013,2560
A/Hawaii/22/2012,A/Ukraine/5403/2012,220
A/Hawaii/22/2012,A/Ukraine/5837/2013,160
A/Hawaii/22/2012,A/Ukraine/5896/2013,320
A/Hawaii/22/2012,A/Ukraine/5909/2013,320
A/Hawaii/22/2012,A/Valladolid/118/2013,160
A/Hawaii/22/2012,A/Victoria/361/2011,747
A/Henan-Xigong/11041/2014,A/Iceland/25/2012,80
A/Henan-Xigong/11041/2014,A/Iceland/45/2014,160
A/Henan-Xigong/11041/2014,A/Iowa/19/2010,<40
A/Henan-Xigong/11041/2014,A/Ireland/14M00149/2013,320
A/Henan-Xigong/11041/2014,A/Ireland/22878/2014,160
A/Henan-Xigong/11041/2014,A/Jiangxi-Donghu/11101/2014,80
A/Henan-Xigong/11041/2014,A/Jordan/30541/2013,160
A/Henan-Xigong/11041/2014,A/Jordan/30586/2013,160
A/Henan-Xigong/11041/2014,A/Khmelnitsky/244/2014,145
A/Henan-Xigong/11041/2014,A/Lisboa/MS105/2014,170
A/Henan-Xigong/11041/2014,A/Lithuania/11496/2014,100
A/Henan-Xigong/11041/2014,A/Lithuania/8237/2014,133
A/Henan-Xigong/11041/2014,A/Lithuania/9133/2014,100
A/Henan-Xigong/11041/2014,A/Madrid/SO13031/2014,168
A/Henan-Xigong/11041/2014,A/Milano/59/2013,176
A/Henan-Xigong/11041/2014,A/Minsk/1737/2012,69
A/Henan-Xigong/11041/2014,A/Nebraska/4/2014,160
A/Henan-Xigong/11041/2014,A/Netherlands/398/2014,318
A/Henan-Xigong/11041/2014,A/Newcastle/22/2014,120
A/Henan-Xigong/11041/2014,A/Norway/3290/2013,160
A/Henan-Xigong/11041/2014,A/Palau/6759/2014,335
A/Henan-Xigong/11041/2014,A/Panama/307149/2010,40
A/Henan-Xigong/11041/2014,A/Paris/1988/2012,166
A/Henan-Xigong/11041/2014,A/Perth/16/2009,42
A/Henan-Xigong/11041/2014,A/Pozarevac/1336/2014,400
A/Henan-Xigong/11041/2014,A/Rheinland-Pfalz/17/2014,320
A/Henan-Xigong/11041/2014,A/Rheinland-Pfalz/2/2014,160
A/Henan-Xigong/11041/2014,A/Sakai/72/2014,160
A/Henan-Xigong/11041/2014,A/Samara/73/2013,207
A/Henan-Xigong/11041/2014,A/Sapporo/116/2014,160
A/Henan-Xigong/11041/2014,A/Serbia/NS-783/2014,160
A/Henan-Xigong/11041/2014,A/Slovenia/1162/2014,160
A/Henan-Xigong/11041/2014,A/Slovenia/1213/2014,160
A/Henan-Xigong/11041/2014,A/Slovenia/712/2014,160
A/Henan-Xigong/11041/2014,A/Stockholm/1/2013,109
A/Henan-Xigong/11041/2014,A/Stockholm/39/2012,80
A/Henan-Xigong/11041/2014,A/Sweden/76/2014,160
A/Henan-Xigong/11041/2014,A/Switzerland/9715293/2013,139
A/Henan-Xigong/11041/2014,A/Sydney/71/2014,100
A/Henan-Xigong/11041/2014,A/Taiwan/442/2014,240
A/Henan-Xigong/11041/2014,A/Tasmania/11/2014,130
A/Henan-Xigong/11041/2014,A/Tehran/58191/2013,304
A/Henan-Xigong/11041/2014,A/Victoria/361/2011,71
A/Henan/Jinshui/147/2007,A/Lyon/1381/2007,160
A/Henan/Jinshui/147/2007,A/Nepal/921/2006,5120
A/Henan/Jinshui/147/2007,A/Nevada/05/2007,80
A/Henan/Jinshui/147/2007,A/Serres/77/2007,5120
A/Henan/Jinshui/147/2007,A/Sofia/319/2007,5120
A/Henan/Jinshui/147/2007,A/Switzerland/1409281/2008,80
A/Henan/Jinshui/147/2007,A/Taiwan/760/2007,160
A/Henan/Jinshui/147/2007,A/Texas/37/2007,640
A/Henan/Jinshui/147/2007,A/Ulaanbaatar/1600/2008,*
A/Henan/Jinshui/147/2007,A/Uruguay/716/2007,5120
A/Henan/Jinshui/147/2007,A/Washington/42/2007,*
A/Henan/Jinshui/147/2007,A/Wisconsin/67/2005,4266
A/Hessen/14/2017,A/Minsk/1737/2012,40
A/Hessen/14/2017,A/Netherlands/398/2014,200
A/Hessen/14/2017,A/Palermo/6/2016,160
A/Hessen/14/2017,A/Sachsen/74/2016,160
A/Hessen/14/2017,A/Samara/73/2013,40
A/Hessen/14/2017,A/Switzerland/9715293/2013,60
A/Hessen/42/2019,A/Israel/R-742/2016,380
A/Hessen/42/2019,A/Netherlands/398/2014,160
A/Hessen/42/2019,A/Norway/3275/2018,80
A/Hessen/42/2019,A/Switzerland/8060/2017,100
A/Hessen/45/2022,A/Iran/23E11/2023,<40
A/Hessen/45/2022,A/Kyiv/1/2022,133
A/Hessen/45/2022,A/Kyrgyzstan/124/2023,70
A/Hessen/45/2022,A/Lille/50053/2022,486
A/Hessen/45/2022,A/Muscat/7234671/2023,120
A/Hessen/45/2022,A/Norway/28542/2022,106
A/Hessen/45/2022,A/Poland/PL65/2022,80
A/Hessen/45/2022,A/Sohar/52328337/2023,60
A/Hessen/45/2022,A/Stockholm/5/2021,237
A/Hessen/45/2022,A/Switzerland/28719/2022,920
A/Hessen/45/2022,A/Ukraine/354/2021,88
A/Hiroshima/33/2006,A/Hiroshima/52/2005,480
A/Hiroshima/33/2006,A/Wisconsin/67/2005,320
A/Hiroshima/52/2005,A/Madagascar/2699/2006,320
A/Hiroshima/52/2005,A/Nepal/921/2006,800
A/Hiroshima/52/2005,A/Netherlands/363/2006,320
A/Hiroshima/52/2005,A/Panama/2007/1999,80
A/Hiroshima/52/2005,A/Wisconsin/67/2005,3349
A/Hiroshima/52/2005,A/Wyoming/3/2003,340
A/Hokkaido/6/2015,A/Madrid/SO13031/2014,40
A/Hokkaido/6/2015,A/Minsk/1737/2012,80
A/Hokkaido/6/2015,A/Netherlands/398/2014,200
A/Hokkaido/6/2015,A/Samara/73/2013,80
A/Hokkaido/6/2015,A/Switzerland/9715293/2013,60
A/HongKong/1539/2023,A/Lille/50053/2022,160
A/HongKong/1539/2023,A/Stockholm/5/2021,160
A/HongKong/1543/2023,A/Lille/50053/2022,160
A/HongKong/1543/2023,A/Stockholm/5/2021,120
A/HongKong/1544/2023,A/Lille/50053/2022,160
A/HongKong/1544/2023,A/Stockholm/5/2021,160
A/HongKong/1937/2024,A/Lisboa/216/2023,160
A/HongKong/1937/2024,A/Netherlands/10563/2023,<40
A/HongKong/1937/2024,A/Norway/12374/2023,<40
A/HongKong/1937/2024,A/Oklahoma/05/2024,1280
A/HongKong/1973/2024,A/Lisboa/216/2023,320
A/HongKong/1973/2024,A/Netherlands/10563/2023,320
A/HongKong/1973/2024,A/Norway/12374/2023,160
A/HongKong/1973/2024,A/Oklahoma/05/2024,160
A/HongKong/2121/2024,A/Lisboa/216/2023,480
A/HongKong/2121/2024,A/Netherlands/10563/2023,480
A/HongKong/2121/2024,A/Norway/12374/2023,160
A/HongKong/2121/2024,A/Oklahoma/05/2024,240
A/HongKong/2122/2024,A/Lisboa/216/2023,320
A/HongKong/2122/2024,A/Netherlands/10563/2023,320
A/HongKong/2122/2024,A/Norway/12374/2023,160
A/HongKong/2122/2024,A/Oklahoma/05/2024,160
A/HongKong/2123/2024,A/Lisboa/216/2023,320
A/HongKong/2123/2024,A/Netherlands/10563/2023,640
A/HongKong/2123/2024,A/Norway/12374/2023,160
A/HongKong/2123/2024,A/Oklahoma/05/2024,320
A/HongKong/2725/2024,A/Lisboa/216/2023,240
A/HongKong/2725/2024,A/Netherlands/10510/2024,40
A/HongKong/2725/2024,A/Netherlands/10563/2023,160
A/HongKong/2725/2024,A/Norway/12374/2023,80
A/HongKong/2725/2024,A/Oklahoma/05/2024,120
A/HongKong/2752/2024,A/Lisboa/216/2023,160
A/HongKong/2752/2024,A/Netherlands/10510/2024,40
A/HongKong/2752/2024,A/Netherlands/10563/2023,160
A/HongKong/2752/2024,A/Norway/12374/2023,80
A/HongKong/2752/2024,A/Oklahoma/05/2024,80
A/HongKong/2753/2024,A/Lisboa/216/2023,80
A/HongKong/2753/2024,A/Netherlands/10510/2024,40
A/HongKong/2753/2024,A/Netherlands/10563/2023,160
A/HongKong/2753/2024,A/Norway/12374/2023,40
A/HongKong/2753/2024,A/Oklahoma/05/2024,80
A/HongKong/2798/2024,A/Lisboa/216/2023,320
A/HongKong/2798/2024,A/Netherlands/10510/2024,80
A/HongKong/2798/2024,A/Netherlands/10563/2023,320
A/HongKong/2798/2024,A/Norway/12374/2023,80
A/HongKong/2798/2024,A/Oklahoma/05/2024,160
A/HongKong/2810/2024,A/Lisboa/216/2023,480
A/HongKong/2810/2024,A/Netherlands/10510/2024,40
A/HongKong/2810/2024,A/Netherlands/10563/2023,480
A/HongKong/2810/2024,A/Norway/12374/2023,80
A/HongKong/2810/2024,A/Oklahoma/05/2024,240
A/HongKong/2837/2024,A/Lisboa/216/2023,240
A/HongKong/2837/2024,A/Netherlands/10510/2024,80
A/HongKong/2837/2024,A/Netherlands/10563/2023,240
A/HongKong/2837/2024,A/Norway/12374/2023,80
A/HongKong/2837/2024,A/Oklahoma/05/2024,120
A/HongKong/2861/2024,A/Lisboa/216/2023,80
A/HongKong/2861/2024,A/Netherlands/10510/2024,40
A/HongKong/2861/2024,A/Netherlands/10563/2023,160
A/HongKong/2861/2024,A/Norway/12374/2023,40
A/HongKong/2861/2024,A/Oklahoma/05/2024,80
A/HongKong/3048/2023,A/Poland/PL65/2022,160
A/HongKong/3048/2023,A/Stockholm/5/2021,160
A/HongKong/3048/2023,A/Switzerland/28719/2022,320
A/HongKong/3055/2023,A/Poland/PL65/2022,80
A/HongKong/3055/2023,A/Stockholm/5/2021,160
A/HongKong/3055/2023,A/Switzerland/28719/2022,320
A/HongKong/3081/2023,A/Poland/PL65/2022,80
A/HongKong/3081/2023,A/Stockholm/5/2021,160
A/HongKong/3081/2023,A/Switzerland/28719/2022,320
A/Hubei-Dongbao/1205/2015,A/Madrid/SO13031/2014,<40
A/Hubei-Dongbao/1205/2015,A/Minsk/1737/2012,80
A/Hubei-Dongbao/1205/2015,A/Netherlands/398/2014,120
A/Hubei-Dongbao/1205/2015,A/Samara/73/2013,160
A/Hubei-Dongbao/1205/2015,A/Switzerland/9715293/2013,40
A/Hunan-Lusong/1532/2013,A/Iowa/19/2010,160
A/Hunan-Lusong/1532/2013,A/Minsk/1737/2012,640
A/Hunan-Lusong/1532/2013,A/Perth/16/2009,40
A/Hunan-Lusong/1532/2013,A/Samara/73/2013,320
A/Hunan-Lusong/1532/2013,A/Victoria/361/2011,240
A/Hungary/141/2023,A/Kyrgyzstan/124/2023,*
A/Hungary/141/2023,A/Poland/PL65/2022,160
A/Hungary/141/2023,A/Stockholm/5/2021,160
A/Hungary/141/2023,A/Switzerland/28719/2022,320
A/Hungary/148/2023,A/Kyrgyzstan/124/2023,640
A/Hungary/148/2023,A/Poland/PL65/2022,100
A/Hungary/148/2023,A/Stockholm/5/2021,180
A/Hungary/148/2023,A/Switzerland/28719/2022,400
A/Hungary/169/2023,A/Kyrgyzstan/124/2023,1280
A/Hungary/169/2023,A/Poland/PL65/2022,160
A/Hungary/169/2023,A/Stockholm/5/2021,640
A/Hungary/169/2023,A/Switzerland/28719/2022,640
A/Hungary/174/2023,A/Kyrgyzstan/124/2023,640
A/Hungary/174/2023,A/Lisboa/216/2023,640
A/Hungary/174/2023,A/Netherlands/10563/2023,640
A/Hungary/174/2023,A/Norway/12374/2023,320
A/Hungary/174/2023,A/Oklahoma/05/2024,320
A/Hungary/174/2023,A/Poland/PL65/2022,80
A/Hungary/174/2023,A/Stockholm/5/2021,160
A/Hungary/174/2023,A/Switzerland/28719/2022,320
A/Hungary/175/2016,A/Minsk/1737/2012,40
A/Hungary/175/2016,A/Netherlands/398/2014,80
A/Hungary/175/2016,A/Palermo/6/2016,160
A/Hungary/175/2016,A/Sachsen/74/2016,160
A/Hungary/175/2016,A/Samara/73/2013,<40
A/Hungary/175/2016,A/Switzerland/9715293/2013,40
A/Hungary/191/2016,A/Minsk/1737/2012,40
A/Hungary/191/2016,A/Netherlands/398/2014,120
A/Hungary/191/2016,A/Palermo/6/2016,160
A/Hungary/191/2016,A/Sachsen/74/2016,160
A/Hungary/191/2016,A/Samara/73/2013,40
A/Hungary/191/2016,A/Switzerland/9715293/2013,40
A/Hungary/195/2016,A/Madrid/SO13031/2014,<40
A/Hungary/195/2016,A/Minsk/1737/2012,80
A/Hungary/195/2016,A/Netherlands/398/2014,125
A/Hungary/195/2016,A/Palermo/6/2016,320
A/Hungary/195/2016,A/Sachsen/74/2016,640
A/Hungary/195/2016,A/Samara/73/2013,80
A/Hungary/195/2016,A/Switzerland/9715293/2013,66
A/Hungary/197/2016,A/Madrid/SO13031/2014,<40
A/Hungary/197/2016,A/Minsk/1737/2012,80
A/Hungary/197/2016,A/Netherlands/398/2014,110
A/Hungary/197/2016,A/Samara/73/2013,40
A/Hungary/197/2016,A/Switzerland/9715293/2013,60
A/Hungary/198/2016,A/Madrid/SO13031/2014,<40
A/Hungary/198/2016,A/Minsk/1737/2012,40
A/Hungary/198/2016,A/Netherlands/398/2014,60
A/Hungary/198/2016,A/Samara/73/2013,<40
A/Hungary/198/2016,A/Switzerland/9715293/2013,<40
A/Hungary/199/2023,A/Kyrgyzstan/124/2023,746
A/Hungary/199/2023,A/Poland/PL65/2022,186
A/Hungary/199/2023,A/Stockholm/5/2021,320
A/Hungary/199/2023,A/Switzerland/28719/2022,373
A/Hungary/206/2023,A/Kyrgyzstan/124/2023,1280
A/Hungary/206/2023,A/Poland/PL65/2022,160
A/Hungary/206/2023,A/Stockholm/5/2021,320
A/Hungary/206/2023,A/Switzerland/28719/2022,320
A/Hungary/288/2024,A/Lisboa/216/2023,160
A/Hungary/288/2024,A/Netherlands/10510/2024,40
A/Hungary/288/2024,A/Netherlands/10563/2023,160
A/Hungary/288/2024,A/Norway/12374/2023,60
A/Hungary/288/2024,A/Oklahoma/05/2024,80
A/Hungary/289/2024,A/Lisboa/216/2023,160
A/Hungary/289/2024,A/Netherlands/10510/2024,40
A/Hungary/289/2024,A/Netherlands/10563/2023,160
A/Hungary/289/2024,A/Norway/12374/2023,66
A/Hungary/289/2024,A/Oklahoma/05/2024,80
A/Hungary/423/2015,A/Madrid/SO13031/2014,<40
A/Hungary/423/2015,A/Minsk/1737/2012,80
A/Hungary/423/2015,A/Netherlands/398/2014,120
A/Hungary/423/2015,A/Samara/73/2013,160
A/Hungary/423/2015,A/Switzerland/9715293/2013,40
A/Hungary/436/2015,A/Madrid/SO13031/2014,640
A/Hungary/436/2015,A/Minsk/1737/2012,160
A/Hungary/436/2015,A/Netherlands/398/2014,100
A/Hungary/436/2015,A/Samara/73/2013,80
A/Hungary/436/2015,A/Switzerland/9715293/2013,40
A/Hungary/5/2019,A/Israel/R-742/2016,40
A/Hungary/5/2019,A/Netherlands/10260/2018,<40
A/Hungary/5/2019,A/Netherlands/398/2014,160
A/Hungary/5/2019,A/Switzerland/8060/2017,<40
A/Hungary/60/2022,A/Israel/R-742/2016,40
A/Hungary/60/2022,A/Stockholm/5/2021,320
A/Hungary/63/2022,A/Israel/R-742/2016,40
A/Hungary/63/2022,A/Stockholm/5/2021,320
A/Hungary/68/2022,A/Stockholm/5/2021,160
A/Hungary/68/2022,A/Ukraine/354/2021,320
A/Hungary/73/2022,A/Stockholm/5/2021,160
A/Hungary/73/2022,A/Ukraine/354/2021,40
A/Hungary/75/2022,A/Stockholm/5/2021,160
A/Hungary/75/2022,A/Ukraine/354/2021,160
A/Hungary/87/2022,A/Stockholm/5/2021,160
A/Hungary/87/2022,A/Ukraine/354/2021,40
A/Hungary/91/2020,A/Israel/R-742/2016,240
A/Hungary/91/2020,A/Norway/3275/2018,<40
A/Hungary/91/2020,A/Paris/2554/2019,40
A/Hyogo/4001/2014,A/Madrid/SO13031/2014,<40
A/Hyogo/4001/2014,A/Minsk/1737/2012,40
A/Hyogo/4001/2014,A/Netherlands/398/2014,60
A/Hyogo/4001/2014,A/Samara/73/2013,80
A/Hyogo/4001/2014,A/Switzerland/9715293/2013,<40
A/Iasi/565596/2024,A/Lisboa/216/2023,320
A/Iasi/565596/2024,A/Netherlands/10563/2023,320
A/Iasi/565596/2024,A/Norway/12374/2023,160
A/Iasi/565596/2024,A/Oklahoma/05/2024,160
A/Iasi/567841/2024,A/Lisboa/216/2023,320
A/Iasi/567841/2024,A/Netherlands/10563/2023,320
A/Iasi/567841/2024,A/Norway/12374/2023,80
A/Iasi/567841/2024,A/Oklahoma/05/2024,80
A/Ibra/72126272/2021,A/Israel/R-742/2016,<40
A/Ibra/72126272/2021,A/Stockholm/5/2021,480
A/Ibra/72211258/2022,A/Lille/50053/2022,320
A/Ibra/72211258/2022,A/Stockholm/5/2021,320
A/Ibra/72211258/2022,A/Ukraine/354/2021,160
A/Ibra/72211780/2022,A/Lille/50053/2022,160
A/Ibra/72211780/2022,A/Stockholm/5/2021,160
A/Ibra/72211780/2022,A/Ukraine/354/2021,80
A/Ibra/72211857/2022,A/Stockholm/5/2021,320
A/Ibra/72211857/2022,A/Ukraine/354/2021,80
A/Ibra/72211987/2022,A/Stockholm/5/2021,320
A/Ibra/72211987/2022,A/Ukraine/354/2021,40
A/Ibra/7246065/2024,A/Lisboa/216/2023,800
A/Ibra/7246065/2024,A/Netherlands/10510/2024,120
A/Ibra/7246065/2024,A/Netherlands/10563/2023,800
A/Ibra/7246065/2024,A/Norway/12374/2023,200
A/Ibra/7246065/2024,A/Oklahoma/05/2024,400
A/Iceland/05/2020,A/Israel/R-742/2016,80
A/Iceland/05/2020,A/Norway/3275/2018,160
A/Iceland/100/2018,A/Netherlands/398/2014,40
A/Iceland/100/2018,A/Sachsen/74/2016,40
A/Iceland/100/2018,A/Switzerland/8060/2017,40
A/Iceland/103/2018,A/Netherlands/398/2014,40
A/Iceland/103/2018,A/Sachsen/74/2016,80
A/Iceland/103/2018,A/Switzerland/8060/2017,<40
A/Iceland/10426/2024,A/Lisboa/216/2023,320
A/Iceland/10426/2024,A/Netherlands/10563/2023,320
A/Iceland/10426/2024,A/Oklahoma/05/2024,160
A/Iceland/107/2018,A/Netherlands/398/2014,40
A/Iceland/107/2018,A/Sachsen/74/2016,80
A/Iceland/107/2018,A/Switzerland/8060/2017,<40
A/Iceland/108/2018,A/Israel/R-742/2016,40
A/Iceland/108/2018,A/Netherlands/398/2014,40
A/Iceland/108/2018,A/Norway/3275/2018,80
A/Iceland/108/2018,A/Sachsen/74/2016,53
A/Iceland/108/2018,A/Switzerland/8060/2017,40
A/Iceland/12053/2024,A/Lisboa/216/2023,320
A/Iceland/12053/2024,A/Netherlands/10563/2023,320
A/Iceland/12053/2024,A/Oklahoma/05/2024,160
A/Iceland/12516/2024,A/Lisboa/216/2023,320
A/Iceland/12516/2024,A/Netherlands/10563/2023,320
A/Iceland/12516/2024,A/Oklahoma/05/2024,320
A/Iceland/12621/2019,A/Israel/R-742/2016,560
A/Iceland/12621/2019,A/Norway/3275/2018,640
A/Iceland/12621/2019,A/Switzerland/8060/2017,640
A/Iceland/136/2017,A/Israel/R-742/2016,100
A/Iceland/136/2017,A/Netherlands/398/2014,160
A/Iceland/136/2017,A/Norway/3275/2018,160
A/Iceland/136/2017,A/Norway/4465/2016,320
A/Iceland/136/2017,A/Palermo/6/2016,160
A/Iceland/136/2017,A/Sachsen/74/2016,160
A/Iceland/136/2017,A/Switzerland/8060/2017,320
A/Iceland/136/2017,A/Switzerland/9715293/2013,40
A/Iceland/18/2012,A/Iowa/19/2010,80
A/Iceland/18/2012,A/Johannesburg/126/2009,40
A/Iceland/18/2012,A/Perth/16/2009,<40
A/Iceland/18/2012,A/Victoria/361/2011,120
A/Iceland/23/2020,A/Israel/R-742/2016,60
A/Iceland/23/2020,A/Norway/3275/2018,40
A/Iceland/24/2012,A/Iowa/19/2010,100
A/Iceland/24/2012,A/Johannesburg/126/2009,80
A/Iceland/24/2012,A/Perth/16/2009,40
A/Iceland/24/2012,A/Victoria/361/2011,140
A/Iceland/25/2012,A/Iowa/19/2010,141
A/Iceland/25/2012,A/Johannesburg/126/2009,146
A/Iceland/25/2012,A/Minsk/1737/2012,213
A/Iceland/25/2012,A/Netherlands/398/2014,186
A/Iceland/25/2012,A/Paris/1988/2012,240
A/Iceland/25/2012,A/Perth/16/2009,61
A/Iceland/25/2012,A/Samara/73/2013,474
A/Iceland/25/2012,A/Stockholm/1/2013,113
A/Iceland/25/2012,A/Victoria/361/2011,382
A/Iceland/26/2020,A/Israel/R-742/2016,560
A/Iceland/26/2020,A/Norway/3275/2018,40
A/Iceland/34327/2023,A/Lille/50053/2022,320
A/Iceland/34327/2023,A/Poland/PL65/2022,88
A/Iceland/34327/2023,A/Stockholm/5/2021,160
A/Iceland/34327/2023,A/Switzerland/28719/2022,320
A/Iceland/35353/2024,A/Lisboa/216/2023,160
A/Iceland/35353/2024,A/Netherlands/10510/2024,40
A/Iceland/35353/2024,A/Netherlands/10563/2023,160
A/Iceland/35353/2024,A/Norway/12374/2023,80
A/Iceland/35353/2024,A/Oklahoma/05/2024,80
A/Iceland/36410/2024,A/Lisboa/216/2023,160
A/Iceland/36410/2024,A/Netherlands/10510/2024,40
A/Iceland/36410/2024,A/Netherlands/10563/2023,160
A/Iceland/36410/2024,A/Norway/12374/2023,80
A/Iceland/36410/2024,A/Oklahoma/05/2024,80
A/Iceland/37/2020,A/Israel/R-742/2016,440
A/Iceland/37/2020,A/Norway/3275/2018,<40
A/Iceland/37008/2024,A/Lisboa/216/2023,160
A/Iceland/37008/2024,A/Netherlands/10510/2024,40
A/Iceland/37008/2024,A/Netherlands/10563/2023,240
A/Iceland/37008/2024,A/Norway/12374/2023,60
A/Iceland/37008/2024,A/Oklahoma/05/2024,120
A/Iceland/37274/2024,A/Lisboa/216/2023,160
A/Iceland/37274/2024,A/Netherlands/10510/2024,40
A/Iceland/37274/2024,A/Netherlands/10563/2023,160
A/Iceland/37274/2024,A/Norway/12374/2023,80
A/Iceland/37274/2024,A/Oklahoma/05/2024,80
A/Iceland/4/2019,A/Israel/R-742/2016,40
A/Iceland/4/2019,A/Norway/3275/2018,80
A/Iceland/4/2019,A/Switzerland/8060/2017,<40
A/Iceland/40/2017,A/Minsk/1737/2012,<40
A/Iceland/40/2017,A/Netherlands/398/2014,100
A/Iceland/40/2017,A/Palermo/6/2016,80
A/Iceland/40/2017,A/Sachsen/74/2016,160
A/Iceland/40/2017,A/Samara/73/2013,<40
A/Iceland/40/2017,A/Switzerland/9715293/2013,40
A/Iceland/45/2014,A/Minsk/1737/2012,160
A/Iceland/45/2014,A/Netherlands/398/2014,320
A/Iceland/45/2014,A/Paris/1988/2012,160
A/Iceland/45/2014,A/Perth/16/2009,80
A/Iceland/45/2014,A/Samara/73/2013,320
A/Iceland/45/2014,A/Stockholm/1/2013,80
A/Iceland/45/2014,A/Victoria/361/2011,160
A/Iceland/56/2013,A/Iowa/19/2010,80
A/Iceland/56/2013,A/Johannesburg/126/2009,80
A/Iceland/56/2013,A/Minsk/1737/2012,640
A/Iceland/56/2013,A/Perth/16/2009,80
A/Iceland/56/2013,A/Victoria/361/2011,360
A/Iceland/5614/2024,A/Lisboa/216/2023,320
A/Iceland/5614/2024,A/Netherlands/10563/2023,320
A/Iceland/5614/2024,A/Oklahoma/05/2024,160
A/Iceland/59/2019,A/Israel/R-742/2016,440
A/Iceland/59/2019,A/Norway/3275/2018,40
A/Iceland/59/2019,A/Switzerland/8060/2017,40
A/Iceland/64/2017,A/Minsk/1737/2012,<40
A/Iceland/64/2017,A/Netherlands/398/2014,100
A/Iceland/64/2017,A/Palermo/6/2016,80
A/Iceland/64/2017,A/Sachsen/74/2016,160
A/Iceland/64/2017,A/Samara/73/2013,<40
A/Iceland/64/2017,A/Switzerland/9715293/2013,40
A/Iceland/65/2016,A/Minsk/1737/2012,40
A/Iceland/65/2016,A/Netherlands/398/2014,120
A/Iceland/65/2016,A/Norway/4465/2016,*
A/Iceland/65/2016,A/Palermo/6/2016,160
A/Iceland/65/2016,A/Sachsen/74/2016,160
A/Iceland/65/2016,A/Samara/73/2013,40
A/Iceland/65/2016,A/Switzerland/9715293/2013,40
A/Iceland/70/2016,A/Minsk/1737/2012,40
A/Iceland/70/2016,A/Netherlands/398/2014,120
A/Iceland/70/2016,A/Norway/4465/2016,120
A/Iceland/70/2016,A/Palermo/6/2016,160
A/Iceland/70/2016,A/Sachsen/74/2016,160
A/Iceland/70/2016,A/Samara/73/2013,40
A/Iceland/70/2016,A/Switzerland/9715293/2013,40
A/Iceland/7184/2024,A/Lisboa/216/2023,160
A/Iceland/7184/2024,A/Netherlands/10563/2023,240
A/Iceland/7184/2024,A/Oklahoma/05/2024,80
A/Iceland/7184/2024,A/Poland/PL65/2022,80
A/Iceland/7184/2024,A/Stockholm/5/2021,80
A/Iceland/7184/2024,A/Switzerland/28719/2022,160
A/Iceland/72/2016,A/Minsk/1737/2012,40
A/Iceland/72/2016,A/Netherlands/398/2014,120
A/Iceland/72/2016,A/Norway/4465/2016,60
A/Iceland/72/2016,A/Palermo/6/2016,160
A/Iceland/72/2016,A/Sachsen/74/2016,160
A/Iceland/72/2016,A/Samara/73/2013,40
A/Iceland/72/2016,A/Switzerland/9715293/2013,40
A/Iceland/74/2016,A/Minsk/1737/2012,40
A/Iceland/74/2016,A/Netherlands/398/2014,240
A/Iceland/74/2016,A/Norway/4465/2016,60
A/Iceland/74/2016,A/Palermo/6/2016,160
A/Iceland/74/2016,A/Sachsen/74/2016,160
A/Iceland/74/2016,A/Samara/73/2013,40
A/Iceland/74/2016,A/Switzerland/9715293/2013,80
A/Iceland/76/2016,A/Madrid/SO13031/2014,<40
A/Iceland/76/2016,A/Minsk/1737/2012,40
A/Iceland/76/2016,A/Netherlands/398/2014,90
A/Iceland/76/2016,A/Norway/4465/2016,100
A/Iceland/76/2016,A/Palermo/6/2016,160
A/Iceland/76/2016,A/Sachsen/74/2016,160
A/Iceland/76/2016,A/Samara/73/2013,40
A/Iceland/76/2016,A/Switzerland/9715293/2013,40
A/Iceland/77/2019,A/Israel/R-742/2016,60
A/Iceland/77/2019,A/Norway/3275/2018,160
A/Iceland/78/2016,A/Minsk/1737/2012,40
A/Iceland/78/2016,A/Netherlands/398/2014,120
A/Iceland/78/2016,A/Norway/4465/2016,130
A/Iceland/78/2016,A/Palermo/6/2016,160
A/Iceland/78/2016,A/Sachsen/74/2016,240
A/Iceland/78/2016,A/Samara/73/2013,40
A/Iceland/78/2016,A/Switzerland/9715293/2013,40
A/Iceland/78/2019,A/Israel/R-742/2016,70
A/Iceland/78/2019,A/Norway/3275/2018,160
A/Iceland/81/2019,A/Israel/R-742/2016,80
A/Iceland/81/2019,A/Norway/3275/2018,160
A/Iceland/84/2016,A/Madrid/SO13031/2014,40
A/Iceland/84/2016,A/Minsk/1737/2012,80
A/Iceland/84/2016,A/Netherlands/398/2014,160
A/Iceland/84/2016,A/Samara/73/2013,80
A/Iceland/84/2016,A/Switzerland/9715293/2013,80
A/Iceland/8862/2024,A/Lisboa/216/2023,240
A/Iceland/8862/2024,A/Netherlands/10563/2023,320
A/Iceland/8862/2024,A/Oklahoma/05/2024,160
A/Idaho/69/2023,A/Kyrgyzstan/124/2023,980
A/Idaho/69/2023,A/Lisboa/216/2023,340
A/Idaho/69/2023,A/Netherlands/02093/2024,120
A/Idaho/69/2023,A/Netherlands/10510/2024,100
A/Idaho/69/2023,A/Netherlands/10563/2023,240
A/Idaho/69/2023,A/Norway/1592/2024,80
A/Idaho/69/2023,A/Oklahoma/05/2024,71
A/Idaho/69/2023,A/Shanghai-Fengxian/1912/2023,880
A/Idaho/69/2023,A/Switzerland/59652/2024,60
A/Idaho/69/2023,A/Switzerland/8649/2023,320
A/Idaho/69/2023,A/Victoria/2776/2023,1280
A/Idaho/69/2023,A/Victoria/2997/2023,320
A/Ile_de_France/03349/2024,A/Lisboa/216/2023,640
A/Ile_de_France/03349/2024,A/Netherlands/10563/2023,640
A/Ile_de_France/03349/2024,A/Norway/12374/2023,320
A/Ile_de_France/03349/2024,A/Oklahoma/05/2024,320
A/Ile_de_France/03976/2024,A/Lisboa/216/2023,240
A/Ile_de_France/03976/2024,A/Netherlands/10563/2023,240
A/Ile_de_France/03976/2024,A/Norway/12374/2023,80
A/Ile_de_France/03976/2024,A/Oklahoma/05/2024,120
A/Ile_de_France/04381/2024,A/Lisboa/216/2023,640
A/Ile_de_France/04381/2024,A/Netherlands/10563/2023,640
A/Ile_de_France/04381/2024,A/Norway/12374/2023,320
A/Ile_de_France/04381/2024,A/Oklahoma/05/2024,320
A/Ile_de_France/04632/2024,A/Lisboa/216/2023,640
A/Ile_de_France/04632/2024,A/Netherlands/10563/2023,640
A/Ile_de_France/04632/2024,A/Norway/12374/2023,160
A/Ile_de_France/04632/2024,A/Oklahoma/05/2024,320
A/Ile_de_France/04633/2024,A/Lisboa/216/2023,426
A/Ile_de_France/04633/2024,A/Netherlands/10563/2023,426
A/Ile_de_France/04633/2024,A/Norway/12374/2023,160
A/Ile_de_France/04633/2024,A/Oklahoma/05/2024,213
A/Ile_de_France/05012/2024,A/Lisboa/216/2023,640
A/Ile_de_France/05012/2024,A/Netherlands/10563/2023,640
A/Ile_de_France/05012/2024,A/Norway/12374/2023,160
A/Ile_de_France/05012/2024,A/Oklahoma/05/2024,320
A/Ile_de_France/05017/2024,A/Lisboa/216/2023,640
A/Ile_de_France/05017/2024,A/Netherlands/10563/2023,640
A/Ile_de_France/05017/2024,A/Norway/12374/2023,160
A/Ile_de_France/05017/2024,A/Oklahoma/05/2024,320
A/Ile_de_France/05020/2024,A/Lisboa/216/2023,320
A/Ile_de_France/05020/2024,A/Netherlands/10563/2023,640
A/Ile_de_France/05020/2024,A/Norway/12374/2023,160
A/Ile_de_France/05020/2024,A/Oklahoma/05/2024,320
A/Iowa/19/2010,A/Ireland/00367/2013,240
A/Iowa/19/2010,A/Ireland/14M00149/2013,133
A/Iowa/19/2010,A/Ireland/M20189/2013,80
A/Iowa/19/2010,A/Ireland/M28426/2013,40
A/Iowa/19/2010,A/Ireland/M28859/2013,160
A/Iowa/19/2010,A/Israel/10/2012,80
A/Iowa/19/2010,A/Jiangxi-Yushui/1220/2013,160
A/Iowa/19/2010,A/Johannesburg/107/2011,480
A/Iowa/19/2010,A/Johannesburg/126/2009,2653
A/Iowa/19/2010,A/Johannesburg/3224/2012,240
A/Iowa/19/2010,A/Johannesburg/5223/2012,120
A/Iowa/19/2010,A/Jordan/20110030749/2011,223
A/Iowa/19/2010,A/Jordan/20110030780/2011,160
A/Iowa/19/2010,A/Jordan/20564/2013,160
A/Iowa/19/2010,A/Jordan/30502/2012,160
A/Iowa/19/2010,A/Jordan/30541/2013,112
A/Iowa/19/2010,A/Jordan/30586/2013,120
A/Iowa/19/2010,A/Jordan/30677/2013,240
A/Iowa/19/2010,A/Kaliningrad/4/2012,640
A/Iowa/19/2010,A/Latvia/1-30021/2013,160
A/Iowa/19/2010,A/Latvia/12-47890p/2011,186
A/Iowa/19/2010,A/Latvia/12019591/2013,160
A/Iowa/19/2010,A/Leskovac/1655/2013,40
A/Iowa/19/2010,A/Leskovac/1701/2012,640
A/Iowa/19/2010,A/Limoges/3105/2013,80
A/Iowa/19/2010,A/Lisboa/38/2012,160
A/Iowa/19/2010,A/Lithuania/8237/2014,80
A/Iowa/19/2010,A/Lorraine/2073/2011,1280
A/Iowa/19/2010,A/Lyon/1715/2009,608
A/Iowa/19/2010,A/Madagascar/00153/2014,640
A/Iowa/19/2010,A/Madagascar/04245/2013,144
A/Iowa/19/2010,A/Maevatanana/563/2013,80
A/Iowa/19/2010,A/Maevatanana/974/2013,320
A/Iowa/19/2010,A/Mauritius/167/2013,120
A/Iowa/19/2010,A/Mauritius/610/2013,160
A/Iowa/19/2010,A/Mauritius/703/2013,160
A/Iowa/19/2010,A/Milano/59/2013,120
A/Iowa/19/2010,A/Minsk/1431/2013,40
A/Iowa/19/2010,A/Minsk/1737/2012,676
A/Iowa/19/2010,A/Moldova/368/2013,160
A/Iowa/19/2010,A/Moldova/440/2013,40
A/Iowa/19/2010,A/Montana/05/2011,906
A/Iowa/19/2010,A/Montenegro/190/2012,320
A/Iowa/19/2010,A/Mures/157328/2014,80
A/Iowa/19/2010,A/Navarra/1528/2013,160
A/Iowa/19/2010,A/Navarra/1565/2013,160
A/Iowa/19/2010,A/Netherlands/2244/2013,40
A/Iowa/19/2010,A/Netherlands/34/2010,629
A/Iowa/19/2010,A/Netherlands/398/2014,40
A/Iowa/19/2010,A/Netherlands/533/2012,320
A/Iowa/19/2010,A/Netherlands/702/2011,200
A/Iowa/19/2010,A/Netherlands/710/2011,160
A/Iowa/19/2010,A/Niedersachsen/113/2013,106
A/Iowa/19/2010,A/Norway/1186/2011,640
A/Iowa/19/2010,A/Norway/1252/2012,320
A/Iowa/19/2010,A/Norway/1292/2012,320
A/Iowa/19/2010,A/Norway/1359/2012,640
A/Iowa/19/2010,A/Norway/1762/2011,200
A/Iowa/19/2010,A/Norway/1775/2011,266
A/Iowa/19/2010,A/Norway/2329/2011,280
A/Iowa/19/2010,A/Norway/2366/2011,320
A/Iowa/19/2010,A/Norway/2400/2011,509
A/Iowa/19/2010,A/Norway/2418/2013,80
A/Iowa/19/2010,A/Norway/272/2014,320
A/Iowa/19/2010,A/Norway/3266/2013,106
A/Iowa/19/2010,A/Norway/3290/2013,40
A/Iowa/19/2010,A/Norway/3303/2013,40
A/Iowa/19/2010,A/Norway/389/2014,80
A/Iowa/19/2010,A/Norway/624/2012,320
A/Iowa/19/2010,A/Norway/625/2012,320
A/Iowa/19/2010,A/Norway/685/2011,640
A/Iowa/19/2010,A/Norway/708/2012,533
A/Iowa/19/2010,A/NosyBe/429/2013,320
A/Iowa/19/2010,A/Novosibirsk/32/2013,80
A/Iowa/19/2010,A/Novosibirsk/78/2012,80
A/Iowa/19/2010,A/Ohio/2/2012,320
A/Iowa/19/2010,A/Omsk/1/2012,320
A/Iowa/19/2010,A/Panama/307149/2010,419
A/Iowa/19/2010,A/Paris/1744/2011,320
A/Iowa/19/2010,A/Paris/1912/2012,80
A/Iowa/19/2010,A/Paris/1988/2012,139
A/Iowa/19/2010,A/Paris/2097/2011,640
A/Iowa/19/2010,A/Paris/2114/2011,320
A/Iowa/19/2010,A/Paris/2116/2011,640
A/Iowa/19/2010,A/Paris/2133/2011,204
A/Iowa/19/2010,A/Paris/972/2012,40
A/Iowa/19/2010,A/Parma/139/2012,640
A/Iowa/19/2010,A/Parma/172/2011,190
A/Iowa/19/2010,A/Parma/173/2011,320
A/Iowa/19/2010,A/Parma/176/2011,640
A/Iowa/19/2010,A/Pavia/145/2013,160
A/Iowa/19/2010,A/Pavia/158/2012,320
A/Iowa/19/2010,A/Perth/10/2010,2442
A/Iowa/19/2010,A/Perth/16/2009,365
A/Iowa/19/2010,A/Picardie/1274/2013,400
A/Iowa/19/2010,A/Poitiers/2745/2012,40
A/Iowa/19/2010,A/Poland/160/2014,160
A/Iowa/19/2010,A/Rabat/197/2011,240
A/Iowa/19/2010,A/Rheinland-Pfalz/2/2014,80
A/Iowa/19/2010,A/Rheinland-Pfalz/75/2011,160
A/Iowa/19/2010,A/Roma/04/2013,173
A/Iowa/19/2010,A/Samara/73/2013,721
A/Iowa/19/2010,A/Singapore/22/2012,640
A/Iowa/19/2010,A/Slovenia/1049/2012,440
A/Iowa/19/2010,A/Slovenia/108/2014,80
A/Iowa/19/2010,A/Slovenia/17/2014,160
A/Iowa/19/2010,A/Slovenia/2855/2011,656
A/Iowa/19/2010,A/Slovenia/459/2012,640
A/Iowa/19/2010,A/Slovenia/709/2013,160
A/Iowa/19/2010,A/Spain/14758/2012,480
A/Iowa/19/2010,A/Stockholm/1/2013,160
A/Iowa/19/2010,A/Stockholm/12-00752/2012,160
A/Iowa/19/2010,A/Stockholm/12-00974/2012,80
A/Iowa/19/2010,A/Stockholm/14/2012,320
A/Iowa/19/2010,A/Stockholm/17/2013,40
A/Iowa/19/2010,A/Stockholm/18/2013,<40
A/Iowa/19/2010,A/Stockholm/29/2011,160
A/Iowa/19/2010,A/Stockholm/29/2013,320
A/Iowa/19/2010,A/Stockholm/33/2011,320
A/Iowa/19/2010,A/Stockholm/39/2012,160
A/Iowa/19/2010,A/Stockholm/5/2011,640
A/Iowa/19/2010,A/Stockholm/6/2011,320
A/Iowa/19/2010,A/Stockholm/7/2011,640
A/Iowa/19/2010,A/Stockholm/9/2013,160
A/Iowa/19/2010,A/Switzerland/5834730/2012,80
A/Iowa/19/2010,A/Switzerland/7586983/2012,80
A/Iowa/19/2010,A/Switzerland/7628499/2012,160
A/Iowa/19/2010,A/Switzerland/9715293/2013,<40
A/Iowa/19/2010,A/Switzerland/9851384/2014,160
A/Iowa/19/2010,A/Sydney/195/2012,5120
A/Iowa/19/2010,A/Taraz/2922/2013,80
A/Iowa/19/2010,A/Tehran/104/2012,160
A/Iowa/19/2010,A/Tehran/58191/2013,107
A/Iowa/19/2010,A/Toulouse/2892/2013,80
A/Iowa/19/2010,A/Turkey/23/2011,320
A/Iowa/19/2010,A/Turkey/28/2011,160
A/Iowa/19/2010,A/Turkey/35/2011,80
A/Iowa/19/2010,A/Turkey/54/2011,160
A/Iowa/19/2010,A/Ukraine/218/2014,160
A/Iowa/19/2010,A/Ukraine/250/2012,373
A/Iowa/19/2010,A/Ukraine/5339/2012,320
A/Iowa/19/2010,A/Ukraine/5403/2012,564
A/Iowa/19/2010,A/Ukraine/5426/2012,160
A/Iowa/19/2010,A/Ukraine/5837/2013,<40
A/Iowa/19/2010,A/Ukraine/5896/2013,160
A/Iowa/19/2010,A/Ukraine/5909/2013,80
A/Iowa/19/2010,A/Ukraine/6004/2013,80
A/Iowa/19/2010,A/Utah/12/2011,320
A/Iowa/19/2010,A/Valladolid/118/2013,80
A/Iowa/19/2010,A/Valladolid/47/2011,640
A/Iowa/19/2010,A/Victoria/210/2009,1834
A/Iowa/19/2010,A/Victoria/361/2011,975
A/Iowa/19/2010,A/Victoria/505/2013,1280
A/Iowa/19/2010,A/Victoria/527/2012,640
A/Iowa/19/2010,A/Victoria/84/2012,320
A/Iowa/19/2010,A/Vladivostok/73/2013,97
A/Iowa/19/2010,A/Wisconsin/67/2005,80
A/Iran/168555/2019,A/Israel/R-742/2016,70
A/Iran/168555/2019,A/Norway/3275/2018,320
A/Iran/168555/2019,A/Switzerland/8060/2017,80
A/Iran/171909/2019,A/Israel/R-742/2016,70
A/Iran/171909/2019,A/Norway/3275/2018,160
A/Iran/171909/2019,A/Switzerland/8060/2017,80
A/Iran/23E11/2023,A/Poland/PL65/2022,<40
A/Iran/23E11/2023,A/Stockholm/5/2021,80
A/Iran/23E11/2023,A/Switzerland/28719/2022,80
A/Iran/55457/2016,A/Minsk/1737/2012,80
A/Iran/55457/2016,A/Netherlands/398/2014,240
A/Iran/55457/2016,A/Palermo/6/2016,320
A/Iran/55457/2016,A/Sachsen/74/2016,320
A/Iran/55457/2016,A/Samara/73/2013,80
A/Iran/55457/2016,A/Switzerland/9715293/2013,120
A/Iran/8N28/2024,A/Lisboa/216/2023,320
A/Iran/8N28/2024,A/Netherlands/10510/2024,160
A/Iran/8N28/2024,A/Netherlands/10563/2023,320
A/Iran/8N28/2024,A/Norway/12374/2023,80
A/Iran/8N28/2024,A/Oklahoma/05/2024,160
A/Iran/Aban17A/2021,A/Israel/R-742/2016,128
A/Iran/Aban17A/2021,A/Stockholm/5/2021,384
A/Iran/Mehr28/2021,A/Israel/R-742/2016,40
A/Iran/Mehr28/2021,A/Slovenia/9216/2022,*
A/Iran/Mehr28/2021,A/Slovenia/9318/2022,*
A/Iran/Mehr28/2021,A/Stockholm/5/2021,640
A/Ireland/00000108/2024,A/Lisboa/216/2023,320
A/Ireland/00000108/2024,A/Netherlands/10510/2024,80
A/Ireland/00000108/2024,A/Netherlands/10563/2023,320
A/Ireland/00000108/2024,A/Norway/12374/2023,80
A/Ireland/00000108/2024,A/Oklahoma/05/2024,160
A/Ireland/00013633/2024,A/Lisboa/216/2023,640
A/Ireland/00013633/2024,A/Netherlands/10563/2023,640
A/Ireland/00013633/2024,A/Oklahoma/05/2024,320
A/Ireland/00013655/2024,A/Lisboa/216/2023,320
A/Ireland/00013655/2024,A/Netherlands/10563/2023,320
A/Ireland/00013655/2024,A/Oklahoma/05/2024,160
A/Ireland/00016985/2024,A/Lisboa/216/2023,320
A/Ireland/00016985/2024,A/Netherlands/10563/2023,80
A/Ireland/00016985/2024,A/Oklahoma/05/2024,2560
A/Ireland/00019283/2024,A/Lisboa/216/2023,640
A/Ireland/00019283/2024,A/Netherlands/10563/2023,320
A/Ireland/00019283/2024,A/Oklahoma/05/2024,320
A/Ireland/00019853/2024,A/Lisboa/216/2023,480
A/Ireland/00019853/2024,A/Netherlands/10563/2023,480
A/Ireland/00019853/2024,A/Oklahoma/05/2024,240
A/Ireland/00021613/2024,A/Lisboa/216/2023,640
A/Ireland/00021613/2024,A/Netherlands/10563/2023,640
A/Ireland/00021613/2024,A/Oklahoma/05/2024,320
A/Ireland/00024264/2024,A/Lisboa/216/2023,1280
A/Ireland/00024264/2024,A/Netherlands/10563/2023,1280
A/Ireland/00024264/2024,A/Oklahoma/05/2024,640
A/Ireland/00024704/2024,A/Lisboa/216/2023,640
A/Ireland/00024704/2024,A/Netherlands/10563/2023,640
A/Ireland/00024704/2024,A/Oklahoma/05/2024,320
A/Ireland/00028483/2024,A/Lisboa/216/2023,320
A/Ireland/00028483/2024,A/Netherlands/10563/2023,320
A/Ireland/00028483/2024,A/Norway/12374/2023,160
A/Ireland/00028483/2024,A/Oklahoma/05/2024,160
A/Ireland/00033352/2024,A/Lisboa/216/2023,640
A/Ireland/00033352/2024,A/Netherlands/10563/2023,640
A/Ireland/00033352/2024,A/Oklahoma/05/2024,320
A/Ireland/00100281/2023,A/Poland/PL65/2022,80
A/Ireland/00100281/2023,A/Stockholm/5/2021,80
A/Ireland/00100281/2023,A/Switzerland/28719/2022,160
A/Ireland/00100379/2023,A/Poland/PL65/2022,80
A/Ireland/00100379/2023,A/Stockholm/5/2021,80
A/Ireland/00100379/2023,A/Switzerland/28719/2022,160
A/Ireland/00102017/2023,A/Poland/PL65/2022,160
A/Ireland/00102017/2023,A/Stockholm/5/2021,320
A/Ireland/00102017/2023,A/Switzerland/28719/2022,640
A/Ireland/00105655/2023,A/Kyrgyzstan/124/2023,640
A/Ireland/00105655/2023,A/Poland/PL65/2022,80
A/Ireland/00105655/2023,A/Stockholm/5/2021,160
A/Ireland/00105655/2023,A/Switzerland/28719/2022,640
A/Ireland/00367/2013,A/Johannesburg/126/2009,100
A/Ireland/00367/2013,A/Minsk/1737/2012,960
A/Ireland/00367/2013,A/Perth/16/2009,160
A/Ireland/00367/2013,A/Victoria/361/2011,320
A/Ireland/00492/2017,A/Minsk/1737/2012,40
A/Ireland/00492/2017,A/Netherlands/398/2014,80
A/Ireland/00492/2017,A/Palermo/6/2016,160
A/Ireland/00492/2017,A/Sachsen/74/2016,160
A/Ireland/00492/2017,A/Samara/73/2013,40
A/Ireland/00492/2017,A/Switzerland/9715293/2013,40
A/Ireland/13527/2011,A/Johannesburg/126/2009,320
A/Ireland/13527/2011,A/Perth/10/2010,1280
A/Ireland/13527/2011,A/Perth/16/2009,320
A/Ireland/13527/2011,A/Victoria/210/2009,320
A/Ireland/13527/2011,A/Wisconsin/67/2005,<40
A/Ireland/14993/2022,A/Israel/R-742/2016,<40
A/Ireland/14993/2022,A/Stockholm/5/2021,320
A/Ireland/14M00149/2013,A/Madrid/SO13031/2014,160
A/Ireland/14M00149/2013,A/Minsk/1737/2012,560
A/Ireland/14M00149/2013,A/Netherlands/398/2014,373
A/Ireland/14M00149/2013,A/Paris/1988/2012,400
A/Ireland/14M00149/2013,A/Perth/16/2009,66
A/Ireland/14M00149/2013,A/Samara/73/2013,746
A/Ireland/14M00149/2013,A/Stockholm/1/2013,160
A/Ireland/14M00149/2013,A/Switzerland/9715293/2013,100
A/Ireland/14M00149/2013,A/Victoria/361/2011,400
A/Ireland/16348/2022,A/Israel/R-742/2016,<40
A/Ireland/16348/2022,A/Stockholm/5/2021,640
A/Ireland/22716/2019,A/Israel/R-742/2016,310
A/Ireland/22716/2019,A/Norway/3275/2018,<40
A/Ireland/22716/2019,A/Switzerland/8060/2017,<40
A/Ireland/22878/2014,A/Minsk/1737/2012,160
A/Ireland/22878/2014,A/Netherlands/398/2014,320
A/Ireland/22878/2014,A/Paris/1988/2012,160
A/Ireland/22878/2014,A/Perth/16/2009,40
A/Ireland/22878/2014,A/Samara/73/2013,320
A/Ireland/22878/2014,A/Stockholm/1/2013,80
A/Ireland/22878/2014,A/Victoria/361/2011,160
A/Ireland/23296/2020,A/Israel/R-742/2016,220
A/Ireland/23296/2020,A/Norway/3275/2018,320
A/Ireland/24347/2022,A/Israel/R-742/2016,<40
A/Ireland/24347/2022,A/Stockholm/5/2021,640
A/Ireland/28223/2019,A/Israel/R-742/2016,440
A/Ireland/28223/2019,A/Norway/3275/2018,40
A/Ireland/28223/2019,A/Switzerland/8060/2017,40
A/Ireland/32103/2019,A/Israel/R-742/2016,60
A/Ireland/32103/2019,A/Norway/3275/2018,160
A/Ireland/32103/2019,A/Switzerland/8060/2017,80
A/Ireland/4594/2021,A/Israel/R-742/2016,<40
A/Ireland/4594/2021,A/Stockholm/5/2021,320
A/Ireland/65707/2022,A/Lille/50053/2022,160
A/Ireland/65707/2022,A/Stockholm/5/2021,160
A/Ireland/65707/2022,A/Ukraine/354/2021,80
A/Ireland/69896/2022,A/Lille/50053/2022,320
A/Ireland/69896/2022,A/Stockholm/5/2021,40
A/Ireland/69896/2022,A/Ukraine/354/2021,80
A/Ireland/72703/2016,A/Minsk/1737/2012,<40
A/Ireland/72703/2016,A/Netherlands/398/2014,<40
A/Ireland/72703/2016,A/Palermo/6/2016,80
A/Ireland/72703/2016,A/Sachsen/74/2016,40
A/Ireland/72703/2016,A/Samara/73/2013,<40
A/Ireland/72703/2016,A/Switzerland/9715293/2013,<40
A/Ireland/74535/2022,A/Stockholm/5/2021,160
A/Ireland/74535/2022,A/Ukraine/354/2021,80
A/Ireland/76255/2016,A/Minsk/1737/2012,<40
A/Ireland/76255/2016,A/Netherlands/398/2014,<40
A/Ireland/76255/2016,A/Palermo/6/2016,40
A/Ireland/76255/2016,A/Sachsen/74/2016,40
A/Ireland/76255/2016,A/Samara/73/2013,<40
A/Ireland/76255/2016,A/Switzerland/9715293/2013,<40
A/Ireland/80523/2022,A/Lille/50053/2022,320
A/Ireland/80523/2022,A/Stockholm/5/2021,320
A/Ireland/80523/2022,A/Ukraine/354/2021,160
A/Ireland/80971/2016,A/Minsk/1737/2012,40
A/Ireland/80971/2016,A/Netherlands/398/2014,120
A/Ireland/80971/2016,A/Palermo/6/2016,160
A/Ireland/80971/2016,A/Sachsen/74/2016,160
A/Ireland/80971/2016,A/Samara/73/2013,40
A/Ireland/80971/2016,A/Switzerland/9715293/2013,40
A/Ireland/81104/2016,A/Minsk/1737/2012,80
A/Ireland/81104/2016,A/Netherlands/398/2014,480
A/Ireland/81104/2016,A/Palermo/6/2016,320
A/Ireland/81104/2016,A/Sachsen/74/2016,320
A/Ireland/81104/2016,A/Samara/73/2013,80
A/Ireland/81104/2016,A/Switzerland/9715293/2013,240
A/Ireland/81180/2016,A/Minsk/1737/2012,40
A/Ireland/81180/2016,A/Netherlands/398/2014,175
A/Ireland/81180/2016,A/Palermo/6/2016,200
A/Ireland/81180/2016,A/Sachsen/74/2016,160
A/Ireland/81180/2016,A/Samara/73/2013,<40
A/Ireland/81180/2016,A/Switzerland/9715293/2013,70
A/Ireland/81354/2016,A/Minsk/1737/2012,40
A/Ireland/81354/2016,A/Netherlands/398/2014,120
A/Ireland/81354/2016,A/Palermo/6/2016,160
A/Ireland/81354/2016,A/Sachsen/74/2016,160
A/Ireland/81354/2016,A/Samara/73/2013,<40
A/Ireland/81354/2016,A/Switzerland/9715293/2013,40
A/Ireland/8169/2023,A/Lille/50053/2022,160
A/Ireland/8169/2023,A/Stockholm/5/2021,160
A/Ireland/8169/2023,A/Ukraine/354/2021,80
A/Ireland/82745/2016,A/Minsk/1737/2012,52
A/Ireland/82745/2016,A/Netherlands/398/2014,326
A/Ireland/82745/2016,A/Norway/4465/2016,80
A/Ireland/82745/2016,A/Palermo/6/2016,146
A/Ireland/82745/2016,A/Sachsen/74/2016,146
A/Ireland/82745/2016,A/Samara/73/2013,50
A/Ireland/82745/2016,A/Switzerland/9715293/2013,123
A/Ireland/86110/2016,A/Minsk/1737/2012,<40
A/Ireland/86110/2016,A/Netherlands/398/2014,40
A/Ireland/86110/2016,A/Palermo/6/2016,80
A/Ireland/86110/2016,A/Sachsen/74/2016,80
A/Ireland/86110/2016,A/Samara/73/2013,<40
A/Ireland/86110/2016,A/Switzerland/9715293/2013,<40
A/Ireland/8661/2023,A/Lille/50053/2022,160
A/Ireland/8661/2023,A/Stockholm/5/2021,320
A/Ireland/8661/2023,A/Ukraine/354/2021,80
A/Ireland/89141/2019,A/Israel/R-742/2016,480
A/Ireland/89141/2019,A/Norway/3275/2018,40
A/Ireland/9045/2023,A/Lille/50053/2022,1280
A/Ireland/9045/2023,A/Stockholm/5/2021,320
A/Ireland/9045/2023,A/Ukraine/354/2021,320
A/Ireland/909/2011,A/Perth/10/2010,160
A/Ireland/909/2011,A/Perth/16/2009,320
A/Ireland/92285/2021,A/Israel/R-742/2016,320
A/Ireland/92285/2021,A/Stockholm/5/2021,640
A/Ireland/9468/2023,A/Lille/50053/2022,320
A/Ireland/9468/2023,A/Stockholm/5/2021,320
A/Ireland/9468/2023,A/Ukraine/354/2021,160
A/Ireland/95061/2019,A/Israel/R-742/2016,160
A/Ireland/95061/2019,A/Mauritius/I-3006/2019,40
A/Ireland/95061/2019,A/Norway/3275/2018,320
A/Ireland/9830/2023,A/Lille/50053/2022,320
A/Ireland/9830/2023,A/Stockholm/5/2021,320
A/Ireland/9830/2023,A/Ukraine/354/2021,320
A/Ireland/M20189/2013,A/Minsk/1737/2012,640
A/Ireland/M20189/2013,A/Perth/16/2009,40
A/Ireland/M20189/2013,A/Samara/73/2013,640
A/Ireland/M20189/2013,A/Victoria/361/2011,200
A/Ireland/M28426/2013,A/Minsk/1737/2012,320
A/Ireland/M28426/2013,A/Perth/16/2009,<40
A/Ireland/M28426/2013,A/Samara/73/2013,320
A/Ireland/M28426/2013,A/Victoria/361/2011,100
A/Ireland/M28859/2013,A/Minsk/1737/2012,640
A/Ireland/M28859/2013,A/Perth/16/2009,40
A/Ireland/M28859/2013,A/Samara/73/2013,640
A/Ireland/M28859/2013,A/Victoria/361/2011,240
A/Israel/10/2012,A/Johannesburg/126/2009,<40
A/Israel/10/2012,A/Minsk/1737/2012,160
A/Israel/10/2012,A/Perth/16/2009,<40
A/Israel/10/2012,A/Victoria/361/2011,60
A/Israel/178/2018,A/Israel/R-742/2016,80
A/Israel/178/2018,A/Netherlands/10260/2018,160
A/Israel/178/2018,A/Netherlands/398/2014,160
A/Israel/178/2018,A/Switzerland/8060/2017,160
A/Israel/338/2019,A/Israel/R-742/2016,110
A/Israel/338/2019,A/Norway/3275/2018,160
A/Israel/590/2018,A/Israel/R-742/2016,533
A/Israel/590/2018,A/Netherlands/10260/2018,53
A/Israel/590/2018,A/Netherlands/398/2014,40
A/Israel/590/2018,A/Switzerland/8060/2017,66
A/Israel/603/2018,A/Israel/R-742/2016,480
A/Israel/603/2018,A/Netherlands/10260/2018,<40
A/Israel/603/2018,A/Netherlands/398/2014,120
A/Israel/603/2018,A/Switzerland/8060/2017,120
A/Israel/8701/2018,A/Israel/R-742/2016,40
A/Israel/8701/2018,A/Netherlands/10260/2018,40
A/Israel/8701/2018,A/Netherlands/398/2014,40
A/Israel/8701/2018,A/Switzerland/8060/2017,80
A/Israel/8989/2018,A/Israel/R-742/2016,426
A/Israel/8989/2018,A/Netherlands/10260/2018,48
A/Israel/8989/2018,A/Netherlands/398/2014,50
A/Israel/8989/2018,A/Switzerland/8060/2017,46
A/Israel/B-145/2021,A/Israel/R-742/2016,80
A/Israel/B-145/2021,A/Stockholm/5/2021,640
A/Israel/B1398/2022,A/Lille/50053/2022,320
A/Israel/B1398/2022,A/Stockholm/5/2021,213
A/Israel/B1398/2022,A/Ukraine/354/2021,66
A/Israel/B1644/2022,A/Stockholm/5/2021,160
A/Israel/B1644/2022,A/Ukraine/354/2021,40
A/Israel/B1719/2022,A/Lille/50053/2022,320
A/Israel/B1719/2022,A/Stockholm/5/2021,480
A/Israel/B1719/2022,A/Ukraine/354/2021,160
A/Israel/C-791/2017,A/Minsk/1737/2012,40
A/Israel/C-791/2017,A/Netherlands/398/2014,100
A/Israel/C-791/2017,A/Palermo/6/2016,80
A/Israel/C-791/2017,A/Sachsen/74/2016,80
A/Israel/C-791/2017,A/Samara/73/2013,<40
A/Israel/C-791/2017,A/Switzerland/9715293/2013,<40
A/Israel/O-6286/2014,A/Minsk/1737/2012,80
A/Israel/O-6286/2014,A/Netherlands/398/2014,240
A/Israel/O-6286/2014,A/Perth/16/2009,40
A/Israel/O-6286/2014,A/Samara/73/2013,160
A/Israel/O-6286/2014,A/Switzerland/9715293/2013,80
A/Israel/O-6286/2014,A/Victoria/361/2011,80
A/Israel/O-6994/2014,A/Madrid/SO13031/2014,<40
A/Israel/O-6994/2014,A/Minsk/1737/2012,72
A/Israel/O-6994/2014,A/Netherlands/398/2014,130
A/Israel/O-6994/2014,A/Perth/16/2009,40
A/Israel/O-6994/2014,A/Samara/73/2013,80
A/Israel/O-6994/2014,A/Switzerland/9715293/2013,53
A/Israel/O-6994/2014,A/Victoria/361/2011,40
A/Israel/O-7414/2014,A/Minsk/1737/2012,80
A/Israel/O-7414/2014,A/Netherlands/398/2014,200
A/Israel/O-7414/2014,A/Perth/16/2009,<40
A/Israel/O-7414/2014,A/Samara/73/2013,160
A/Israel/O-7414/2014,A/Switzerland/9715293/2013,100
A/Israel/O-7414/2014,A/Victoria/361/2011,80
A/Israel/R-6983/2021,A/Israel/R-742/2016,160
A/Israel/R-6983/2021,A/Stockholm/5/2021,640
A/Israel/R-742/2016,A/Israel/R-9337/2021,40
A/Israel/R-742/2016,A/Israel/R-9526/2021,160
A/Israel/R-742/2016,A/Jordan/30121/2019,280
A/Israel/R-742/2016,A/Kaliningrad/RII-03/2021,40
A/Israel/R-742/2016,A/Kaliningrad/RII-05/2021,40
A/Israel/R-742/2016,A/Kaliningrad/RII-06/2021,80
A/Israel/R-742/2016,A/Kanagawa/ZC1907/2019,60
A/Israel/R-742/2016,A/Kharkiv/444/2018,48
A/Israel/R-742/2016,A/Khmelnytskyi/145/2019,<40
A/Israel/R-742/2016,A/Kosova/114/2021,40
A/Israel/R-742/2016,A/Kosova/587/2021,40
A/Israel/R-742/2016,A/Kosova/607/2021,40
A/Israel/R-742/2016,A/Kosova/710/2021,86
A/Israel/R-742/2016,A/Kosova/78/2021,80
A/Israel/R-742/2016,A/Kyiv/1/2022,40
A/Israel/R-742/2016,A/Kyiv/393/2021,60
A/Israel/R-742/2016,A/Kyiv/4/2022,40
A/Israel/R-742/2016,A/Kyiv/491/2018,40
A/Israel/R-742/2016,A/Kyrgyzstan/168/2019,70
A/Israel/R-742/2016,A/Kyrgzstan/205/2019,73
A/Israel/R-742/2016,A/Latvia/01-089648/2022,<40
A/Israel/R-742/2016,A/Latvia/02-053853/2019,40
A/Israel/R-742/2016,A/Latvia/04-58975/2022,<40
A/Israel/R-742/2016,A/Latvia/04-78381/2022,<40
A/Israel/R-742/2016,A/Latvia/04-86299/2022,<40
A/Israel/R-742/2016,A/Latvia/11-028714/2019,65
A/Israel/R-742/2016,A/Latvia/11-032248/2019,80
A/Israel/R-742/2016,A/Latvia/12-005233/2018,280
A/Israel/R-742/2016,A/Latvia/12-045953/2021,<40
A/Israel/R-742/2016,A/Latvia/12-091317/2021,40
A/Israel/R-742/2016,A/Latvia/12-091325/2021,160
A/Israel/R-742/2016,A/Latvia/12-097744/2021,<40
A/Israel/R-742/2016,A/Lebanon/307/2019,70
A/Israel/R-742/2016,A/Lebanon/397/2019,440
A/Israel/R-742/2016,A/Lebanon/8276/2021,40
A/Israel/R-742/2016,A/Lebanon/8325/2021,40
A/Israel/R-742/2016,A/Lebanon/8510/2021,40
A/Israel/R-742/2016,A/Lebanon/8515/2021,40
A/Israel/R-742/2016,A/Linkoping/3/2022,40
A/Israel/R-742/2016,A/Linkoping/5/2022,40
A/Israel/R-742/2016,A/Lisboa/100/2019,273
A/Israel/R-742/2016,A/Lisboa/118/2019,280
A/Israel/R-742/2016,A/Lisboa/93/2019,280
A/Israel/R-742/2016,A/Lisboa/97/2019,440
A/Israel/R-742/2016,A/Lithuania/33224/2022,<40
A/Israel/R-742/2016,A/Lithuania/33830/2022,<40
A/Israel/R-742/2016,A/Lithuania/36453/2022,<40
A/Israel/R-742/2016,A/Lithuania/36696/2022,80
A/Israel/R-742/2016,A/Lithuania/MB41185/2019,40
A/Israel/R-742/2016,A/Lithuania/MB41235/2019,40
A/Israel/R-742/2016,A/Lithuania/MB42123/2019,480
A/Israel/R-742/2016,A/Lithuania/MB42384/2019,240
A/Israel/R-742/2016,A/Lorraine/2777/2019,480
A/Israel/R-742/2016,A/Lyon/162/2020,280
A/Israel/R-742/2016,A/Lyon/2358/2019,280
A/Israel/R-742/2016,A/Lyon/86/2020,240
A/Israel/R-742/2016,A/Macedonia/1462/2019,440
A/Israel/R-742/2016,A/Macedonia/450/2020,560
A/Israel/R-742/2016,A/Macedonia/505/2020,480
A/Israel/R-742/2016,A/Macedonia/723/2019,60
A/Israel/R-742/2016,A/Madrid/1436/2022,40
A/Israel/R-742/2016,A/Mahajanga/12570/2021,320
A/Israel/R-742/2016,A/Mahajanga/13001/2021,80
A/Israel/R-742/2016,A/Mauritania/08-2019/2019,40
A/Israel/R-742/2016,A/Mauritania/15-2019/2019,100
A/Israel/R-742/2016,A/Mauritius/I-1020/2018,160
A/Israel/R-742/2016,A/Mauritius/I-1058/2018,80
A/Israel/R-742/2016,A/Mauritius/I-1072/2018,80
A/Israel/R-742/2016,A/Mauritius/I-1122/2018,40
A/Israel/R-742/2016,A/Mauritius/I-1921/2019,80
A/Israel/R-742/2016,A/Mauritius/I-2000/2019,140
A/Israel/R-742/2016,A/Mauritius/I-3006/2019,105
A/Israel/R-742/2016,A/Mauritius/I-925/2018,40
A/Israel/R-742/2016,A/Mayotte/508/21,100
A/Israel/R-742/2016,A/Mayotte/513/2021,<40
A/Israel/R-742/2016,A/Mayotte/517/2021,<40
A/Israel/R-742/2016,A/Mayotte/564/2021,160
A/Israel/R-742/2016,A/Mecklenburg-Vorpommern/69/2022,<40
A/Israel/R-742/2016,A/Michigan/173/2020,320
A/Israel/R-742/2016,A/Milano/01/2021,160
A/Israel/R-742/2016,A/Milano/30/2022,40
A/Israel/R-742/2016,A/Milano/37/2022,80
A/Israel/R-742/2016,A/Milano/49/2020,80
A/Israel/R-742/2016,A/Milano/55/2020,160
A/Israel/R-742/2016,A/Minsk/1737/2012,<40
A/Israel/R-742/2016,A/Moldova/6649/2022,80
A/Israel/R-742/2016,A/Montenegro/1082622202/2022,80
A/Israel/R-742/2016,A/Montenegro/1614822202/2022,40
A/Israel/R-742/2016,A/Montenegro/1651632202/2022,40
A/Israel/R-742/2016,A/Montenegro/1651692202/2022,80
A/Israel/R-742/2016,A/Montenegro/1714472202/2022,40
A/Israel/R-742/2016,A/Moscow/127/2019,60
A/Israel/R-742/2016,A/Navarra/9534/2021,<40
A/Israel/R-742/2016,A/Navarra/9843/2021,40
A/Israel/R-742/2016,A/Netherlands/00001/2022,160
A/Israel/R-742/2016,A/Netherlands/00092/2021,<40
A/Israel/R-742/2016,A/Netherlands/00110/2021,80
A/Israel/R-742/2016,A/Netherlands/00832/2022,80
A/Israel/R-742/2016,A/Netherlands/01672/2019,480
A/Israel/R-742/2016,A/Netherlands/10002/2019,640
A/Israel/R-742/2016,A/Netherlands/10004/2021,40
A/Israel/R-742/2016,A/Netherlands/10018/2021,40
A/Israel/R-742/2016,A/Netherlands/10025/2022,80
A/Israel/R-742/2016,A/Netherlands/10057/2021,60
A/Israel/R-742/2016,A/Netherlands/10062/2021,80
A/Israel/R-742/2016,A/Netherlands/10065/2021,<40
A/Israel/R-742/2016,A/Netherlands/10067/2021,<40
A/Israel/R-742/2016,A/Netherlands/10074/2021,<40
A/Israel/R-742/2016,A/Netherlands/10140/2021,<40
A/Israel/R-742/2016,A/Netherlands/10184/2021,40
A/Israel/R-742/2016,A/Netherlands/10194/2021,<40
A/Israel/R-742/2016,A/Netherlands/10195/2021,80
A/Israel/R-742/2016,A/Netherlands/10202/2021,<40
A/Israel/R-742/2016,A/Netherlands/10203/2021,60
A/Israel/R-742/2016,A/Netherlands/10204/2021,<40
A/Israel/R-742/2016,A/Netherlands/10205/2021,100
A/Israel/R-742/2016,A/Netherlands/10206/2021,80
A/Israel/R-742/2016,A/Netherlands/10210/2021,40
A/Israel/R-742/2016,A/Netherlands/10260/2018,61
A/Israel/R-742/2016,A/Netherlands/10286/2019,360
A/Israel/R-742/2016,A/Netherlands/10866/2022,<40
A/Israel/R-742/2016,A/Netherlands/398/2014,86
A/Israel/R-742/2016,A/Newcastle/82/2018,102
A/Israel/R-742/2016,A/Niedersachsen/51/2020,240
A/Israel/R-742/2016,A/Nordrhein-Westfalen/1/2021,320
A/Israel/R-742/2016,A/Nordrhein-Westfalen/2/2021,40
A/Israel/R-742/2016,A/Nordrhein-Westfalen/22/2019,640
A/Israel/R-742/2016,A/Nordrhein-Westfalen/36/2022,40
A/Israel/R-742/2016,A/Nordrhein-Westfalen/5/2022,<40
A/Israel/R-742/2016,A/Nordrhein-Westfalen/53/2019,400
A/Israel/R-742/2016,A/Norway/12245/2022,133
A/Israel/R-742/2016,A/Norway/18090/2022,40
A/Israel/R-742/2016,A/Norway/18657/2022,40
A/Israel/R-742/2016,A/Norway/2069/2020,400
A/Israel/R-742/2016,A/Norway/2099/2019,260
A/Israel/R-742/2016,A/Norway/2155/2019,60
A/Israel/R-742/2016,A/Norway/2220/2019,<40
A/Israel/R-742/2016,A/Norway/2224/2019,100
A/Israel/R-742/2016,A/Norway/2320/2020,140
A/Israel/R-742/2016,A/Norway/2357/2020,220
A/Israel/R-742/2016,A/Norway/2425/2019,40
A/Israel/R-742/2016,A/Norway/2516/2018,160
A/Israel/R-742/2016,A/Norway/28394/2022,80
A/Israel/R-742/2016,A/Norway/28542/2022,<40
A/Israel/R-742/2016,A/Norway/28830/2021,180
A/Israel/R-742/2016,A/Norway/31262/2021,40
A/Israel/R-742/2016,A/Norway/3275/2018,46
A/Israel/R-742/2016,A/Norway/4465/2016,*
A/Israel/R-742/2016,A/Norway/47/2020,280
A/Israel/R-742/2016,A/Norway/484/2017,40
A/Israel/R-742/2016,A/Norway/530/2022,<40
A/Israel/R-742/2016,A/Norway/828/2020,280
A/Israel/R-742/2016,A/Novosibirsk/265/2017,80
A/Israel/R-742/2016,A/Novosibirsk/RII-02/2021,<40
A/Israel/R-742/2016,A/Novosibirsk/RII-03/2021,133
A/Israel/R-742/2016,A/Oman/4471/2019,280
A/Israel/R-742/2016,A/Oman/5362/2018,66
A/Israel/R-742/2016,A/Oman/6106/2018,80
A/Israel/R-742/2016,A/Orenburg/45/2021,160
A/Israel/R-742/2016,A/Orenburg/5/2022,80
A/Israel/R-742/2016,A/Palermo/02/2020,60
A/Israel/R-742/2016,A/Palermo/327/2018,160
A/Israel/R-742/2016,A/Palermo/36/2019,120
A/Israel/R-742/2016,A/Palermo/6/2016,66
A/Israel/R-742/2016,A/Paris/2544/2018,336
A/Israel/R-742/2016,A/Paris/2554/2019,73
A/Israel/R-742/2016,A/Parma/01/2021,160
A/Israel/R-742/2016,A/Parma/02/2021,80
A/Israel/R-742/2016,A/Parma/03/2021,160
A/Israel/R-742/2016,A/Parma/04/2021,80
A/Israel/R-742/2016,A/Parma/23/2020,85
A/Israel/R-742/2016,A/Parma/26/2020,280
A/Israel/R-742/2016,A/Parma/31/2020,40
A/Israel/R-742/2016,A/Parma/353/2019,440
A/Israel/R-742/2016,A/Parma/379/2019,40
A/Israel/R-742/2016,A/Parma/391/2019,425
A/Israel/R-742/2016,A/Parma/5/2022,80
A/Israel/R-742/2016,A/Picardie/1898/2019,240
A/Israel/R-742/2016,A/Poland/220/2020,560
A/Israel/R-742/2016,A/Poland/98/2022,50
A/Israel/R-742/2016,A/Poland/PL07/2022,40
A/Israel/R-742/2016,A/Poland/PL40/2022,<40
A/Israel/R-742/2016,A/Poland/PL42/2022,<40
A/Israel/R-742/2016,A/Poland/PL45/2022,60
A/Israel/R-742/2016,A/Poland/PL65/2022,40
A/Israel/R-742/2016,A/Portugal/139/2019,160
A/Israel/R-742/2016,A/Portugal/16/2019,100
A/Israel/R-742/2016,A/Portugal/210210/2022,40
A/Israel/R-742/2016,A/Portugal/211242/2022,40
A/Israel/R-742/2016,A/Portugal/211316/2022,40
A/Israel/R-742/2016,A/Portugal/211338/2022,60
A/Israel/R-742/2016,A/Portugal/211456/2022,80
A/Israel/R-742/2016,A/Portugal/58/2021,<40
A/Israel/R-742/2016,A/Portugal/MS74/2020,240
A/Israel/R-742/2016,A/Prievidza/126/2019,60
A/Israel/R-742/2016,A/Qatar/10-VI-19-0048252/2019,60
A/Israel/R-742/2016,A/Qatar/10-VI-19-0069058/2019,60
A/Israel/R-742/2016,A/Qatar/10-VI-21-3843467/2021,160
A/Israel/R-742/2016,A/Qatar/10-VI-21-3886441/2021,109
A/Israel/R-742/2016,A/Qatar/10-VI-21-4396149/2021,40
A/Israel/R-742/2016,A/Qatar/10-VI-22-1463000/2022,40
A/Israel/R-742/2016,A/Qatar/15-VI-22-1438736/2022,80
A/Israel/R-742/2016,A/Qatar/15-VI-22-1520419/2022,80
A/Israel/R-742/2016,A/Qatar/16-VI-19-0048499/2019,44
A/Israel/R-742/2016,A/Qatar/16-VI-19-0048823/2019,70
A/Israel/R-742/2016,A/Qatar/16-VI-19-0049409/2019,80
A/Israel/R-742/2016,A/Qatar/16-VI-19-0069037/2019,<40
A/Israel/R-742/2016,A/Qatar/16-VI-21-3673175/2021,160
A/Israel/R-742/2016,A/Qatar/16-VI-21-3798042/2021,160
A/Israel/R-742/2016,A/Qatar/16-VI-21-4035218/2021,80
A/Israel/R-742/2016,A/Qatar/16-VI-21-4035811/2021,40
A/Israel/R-742/2016,A/Qatar/24-VI-21-3752470/2021,160
A/Israel/R-742/2016,A/Qatar/24-VI-21-3985321/2021,80
A/Israel/R-742/2016,A/Qatar/24-VI-21-4041206/2021,80
A/Israel/R-742/2016,A/Qatar/39-VI-21-4154225/2021,40
A/Israel/R-742/2016,A/Reims/30384/2021,240
A/Israel/R-742/2016,A/Rheinland-Pfalz/2/2021,40
A/Israel/R-742/2016,A/Rheinland-Pfalz/26/2020,440
A/Israel/R-742/2016,A/Romania/493219/2021,44
A/Israel/R-742/2016,A/Romania/495025/2021,<40
A/Israel/R-742/2016,A/Romania/515280/2022,40
A/Israel/R-742/2016,A/Romania/515290/2022,<40
A/Israel/R-742/2016,A/Romania/515331/2022,<40
A/Israel/R-742/2016,A/Romania/515894/2022,<40
A/Israel/R-742/2016,A/Romania/516540/2022,<40
A/Israel/R-742/2016,A/Romania/518142/2022,40
A/Israel/R-742/2016,A/Romania/518147/2022,80
A/Israel/R-742/2016,A/S.Petersburg/RII-08/2021,66
A/Israel/R-742/2016,A/S.Petersburg/RII-180/2020,40
A/Israel/R-742/2016,A/S.Petersburg/RII-19/2021,80
A/Israel/R-742/2016,A/S.Petersburg/RII-23/2021,40
A/Israel/R-742/2016,A/S.Petersburg/RII-24/2021,40
A/Israel/R-742/2016,A/S.Petersburg/RII-25/2021,80
A/Israel/R-742/2016,A/S.Petersburg/RII-32/2021,80
A/Israel/R-742/2016,A/S.Petersburg/RII-36/2021,80
A/Israel/R-742/2016,A/Saarland/1/2022,40
A/Israel/R-742/2016,A/Saarland/15/2019,580
A/Israel/R-742/2016,A/Saarland/25/2019,40
A/Israel/R-742/2016,A/Sachsen/2/2022,80
A/Israel/R-742/2016,A/Sachsen/38/2020,480
A/Israel/R-742/2016,A/Sachsen/5/2020,240
A/Israel/R-742/2016,A/Sachsen/74/2016,170
A/Israel/R-742/2016,A/Saint-Etienne/2539/2020,40
A/Israel/R-742/2016,A/Sakha/3014V/2019,40
A/Israel/R-742/2016,A/Salalah/5662/2019,52
A/Israel/R-742/2016,A/Salalah/6611/2019,40
A/Israel/R-742/2016,A/Salalah/6905/2019,80
A/Israel/R-742/2016,A/Salalah/7183/2019,80
A/Israel/R-742/2016,A/Salalah/72124837/2021,40
A/Israel/R-742/2016,A/Salalah/72126169/2021,140
A/Israel/R-742/2016,A/Salalah/72127281/2021,80
A/Israel/R-742/2016,A/Samara/73/2013,<40
A/Israel/R-742/2016,A/Sanliurfa/1763/2018,<40
A/Israel/R-742/2016,A/Sassari/2/2022,40
A/Israel/R-742/2016,A/Schleswig-Holstein/1/2021,80
A/Israel/R-742/2016,A/Schleswig-Holstein/2/2020,160
A/Israel/R-742/2016,A/Serbia/1172/2022,40
A/Israel/R-742/2016,A/Serbia/1868/2019,53
A/Israel/R-742/2016,A/Serbia/3031/2019,40
A/Israel/R-742/2016,A/Serbia/584/2019,56
A/Israel/R-742/2016,A/Shanghai-Jiading/1977/2019,70
A/Israel/R-742/2016,A/Skovde/1/2019,40
A/Israel/R-742/2016,A/Skovde/3/2019,60
A/Israel/R-742/2016,A/Slovenia/1270/2020,480
A/Israel/R-742/2016,A/Slovenia/1465/2020,440
A/Israel/R-742/2016,A/Slovenia/1650/2020,440
A/Israel/R-742/2016,A/Slovenia/1752/2020,40
A/Israel/R-742/2016,A/Slovenia/3251/2019,70
A/Israel/R-742/2016,A/Slovenia/8828/2022,<40
A/Israel/R-742/2016,A/Slovenia/9091/2022,<40
A/Israel/R-742/2016,A/Slovenia/9146/2022,<40
A/Israel/R-742/2016,A/Slovenia/9216/2022,80
A/Israel/R-742/2016,A/Slovenia/9318/2022,80
A/Israel/R-742/2016,A/Slovenia/9448/2022,40
A/Israel/R-742/2016,A/Slovenia/9449/2022,40
A/Israel/R-742/2016,A/Slovenia/9614/2022,<40
A/Israel/R-742/2016,A/Slovenia/9626/2022,<40
A/Israel/R-742/2016,A/Slovenia/9659/2022,40
A/Israel/R-742/2016,A/Slovenia/9671/2022,40
A/Israel/R-742/2016,A/Slovenia/9705/2022,40
A/Israel/R-742/2016,A/Slovenia/9726/2022,40
A/Israel/R-742/2016,A/Slovenia/9854/2022,40
A/Israel/R-742/2016,A/Slovenia/9860/2022,160
A/Israel/R-742/2016,A/Slovenia/9891/2022,40
A/Israel/R-742/2016,A/Soria/11/2019,60
A/Israel/R-742/2016,A/Spain/1126/2022,40
A/Israel/R-742/2016,A/Spain/1127/2022,40
A/Israel/R-742/2016,A/Spain/58/2021,<40
A/Israel/R-742/2016,A/Spain/81/2021,40
A/Israel/R-742/2016,A/Spain/84/2021,40
A/Israel/R-742/2016,A/Spain/90/2021,53
A/Israel/R-742/2016,A/Stavropol/10/2020,120
A/Israel/R-742/2016,A/Stockholm/22/2019,60
A/Israel/R-742/2016,A/Stockholm/30/2019,102
A/Israel/R-742/2016,A/Stockholm/30/2020,440
A/Israel/R-742/2016,A/Stockholm/32/2019,60
A/Israel/R-742/2016,A/Stockholm/44/2017,70
A/Israel/R-742/2016,A/Stockholm/5/2021,83
A/Israel/R-742/2016,A/Stockholm/8/2021,40
A/Israel/R-742/2016,A/Stockholm/9/2021,80
A/Israel/R-742/2016,A/Stockholm/9/2022,40
A/Israel/R-742/2016,A/Sundsvall/1/2018,320
A/Israel/R-742/2016,A/Switzerland/09683/2022,160
A/Israel/R-742/2016,A/Switzerland/12229/2022,<40
A/Israel/R-742/2016,A/Switzerland/12981/2022,40
A/Israel/R-742/2016,A/Switzerland/18559/2022,80
A/Israel/R-742/2016,A/Switzerland/51230/2021,40
A/Israel/R-742/2016,A/Switzerland/6206/2020,70
A/Israel/R-742/2016,A/Switzerland/67859/2022,40
A/Israel/R-742/2016,A/Switzerland/7204/2019,94
A/Israel/R-742/2016,A/Switzerland/8060/2017,66
A/Israel/R-742/2016,A/Switzerland/8482/2020,80
A/Israel/R-742/2016,A/Switzerland/9715293/2013,60
A/Israel/R-742/2016,A/Switzerland/98693/2021,40
A/Israel/R-742/2016,A/Sydney/53/2019,40
A/Israel/R-742/2016,A/Tajikistan/2/2021,117
A/Israel/R-742/2016,A/Thuringen/3/2022,160
A/Israel/R-742/2016,A/Thuringen/6/2022,<40
A/Israel/R-742/2016,A/Thuringen/7/2022,40
A/Israel/R-742/2016,A/Togo/1122/2022,80
A/Israel/R-742/2016,A/Togo/1153/2022,80
A/Israel/R-742/2016,A/Togo/771/2020,<40
A/Israel/R-742/2016,A/Torino/544/2019,60
A/Israel/R-742/2016,A/Trencin/74/2019,40
A/Israel/R-742/2016,A/Tripoli.LBN/7180/2021,<40
A/Israel/R-742/2016,A/Tripoli.LBN/7347/2021,40
A/Israel/R-742/2016,A/Tripoli.LBN/7350/2021,40
A/Israel/R-742/2016,A/Trnava/70/2019,40
A/Israel/R-742/2016,A/Tunisia/7468/2022,160
A/Israel/R-742/2016,A/Tunisia/8259/2022,80
A/Israel/R-742/2016,A/Turkey/66/2018,94
A/Israel/R-742/2016,A/Turkey/70/2018,46
A/Israel/R-742/2016,A/Ukraine/354/2021,49
A/Israel/R-742/2016,A/Ukraine/358/2022,40
A/Israel/R-742/2016,A/Ukraine/8122/2018,<40
A/Israel/R-742/2016,A/Ukraine/8210/2019,<40
A/Israel/R-742/2016,A/Ukraine/8230/2019,<40
A/Israel/R-742/2016,A/Wisconsin/02/2021,160
A/Israel/R-742/2016,A/Yaroslavl/24/2021,80
A/Israel/R-742/2016,A/Yaroslavl/32/2021,320
A/Israel/R-742/2016,A/Zambia/1-390/2018,240
A/Israel/R-742/2016,A/Zaporizhia/156/2019,40
A/Israel/R-742/2016,A/Zghorta.LBN/7491/2021,40
A/Israel/R-742/2016,A/Zghorta.LBN/7493/2021,40
A/Israel/R-9337/2021,A/Stockholm/5/2021,320
A/Israel/R-9526/2021,A/Stockholm/5/2021,640
A/Israel/R11447/2022,A/Stockholm/5/2021,160
A/Israel/R11447/2022,A/Ukraine/354/2021,80
A/Israel/R1511/2024,A/Lisboa/216/2023,640
A/Israel/R1511/2024,A/Netherlands/10563/2023,640
A/Israel/R1511/2024,A/Oklahoma/05/2024,320
A/Israel/R1564/2024,A/Netherlands/10563/2023,320
A/Israel/R1564/2024,A/Poland/PL65/2022,80
A/Israel/R1564/2024,A/Stockholm/5/2021,160
A/Israel/R1564/2024,A/Switzerland/28719/2022,320
A/Israel/R1564/2024,A/Vasteras/SE23-14213/2023,640
A/Israel/R1571/2024,A/Netherlands/10563/2023,640
A/Israel/R1571/2024,A/Poland/PL65/2022,160
A/Israel/R1571/2024,A/Stockholm/5/2021,320
A/Israel/R1571/2024,A/Switzerland/28719/2022,640
A/Israel/R1571/2024,A/Vasteras/SE23-14213/2023,640
A/Israel/R1598/2024,A/Lisboa/216/2023,640
A/Israel/R1598/2024,A/Netherlands/10563/2023,640
A/Israel/R1598/2024,A/Oklahoma/05/2024,320
A/Israel/R1598/2024,A/Poland/PL65/2022,160
A/Israel/R1598/2024,A/Stockholm/5/2021,160
A/Israel/R1598/2024,A/Switzerland/28719/2022,640
A/Israel/R1598/2024,A/Vasteras/SE23-14213/2023,640
A/Israel/R1617/2024,A/Lisboa/216/2023,640
A/Israel/R1617/2024,A/Netherlands/10563/2023,640
A/Israel/R1617/2024,A/Oklahoma/05/2024,320
A/Israel/R1721/2024,A/Lisboa/216/2023,640
A/Israel/R1721/2024,A/Netherlands/10563/2023,640
A/Israel/R1721/2024,A/Oklahoma/05/2024,320
A/Israel/R1753/2024,A/Lisboa/216/2023,640
A/Israel/R1753/2024,A/Netherlands/10563/2023,640
A/Israel/R1753/2024,A/Oklahoma/05/2024,320
A/Israel/R17814/2023,A/Lisboa/216/2023,1280
A/Israel/R17814/2023,A/Netherlands/10563/2023,1280
A/Israel/R17814/2023,A/Oklahoma/05/2024,640
A/Israel/R1805/2024,A/Netherlands/10563/2023,640
A/Israel/R1805/2024,A/Poland/PL65/2022,80
A/Israel/R1805/2024,A/Stockholm/5/2021,160
A/Israel/R1805/2024,A/Switzerland/28719/2022,160
A/Israel/R1805/2024,A/Vasteras/SE23-14213/2023,320
A/Israel/R1836/2024,A/Netherlands/10563/2023,320
A/Israel/R1836/2024,A/Poland/PL65/2022,80
A/Israel/R1836/2024,A/Stockholm/5/2021,120
A/Israel/R1836/2024,A/Switzerland/28719/2022,240
A/Israel/R18785/2024,A/Lisboa/216/2023,400
A/Israel/R18785/2024,A/Netherlands/10510/2024,140
A/Israel/R18785/2024,A/Netherlands/10563/2023,280
A/Israel/R18785/2024,A/Norway/12374/2023,100
A/Israel/R18785/2024,A/Oklahoma/05/2024,110
A/Israel/R1880/2024,A/Netherlands/10563/2023,320
A/Israel/R1880/2024,A/Poland/PL65/2022,40
A/Israel/R1880/2024,A/Stockholm/5/2021,40
A/Israel/R1880/2024,A/Switzerland/28719/2022,160
A/Israel/R1994/2024,A/Netherlands/10563/2023,640
A/Israel/R1994/2024,A/Poland/PL65/2022,160
A/Israel/R1994/2024,A/Stockholm/5/2021,320
A/Israel/R1994/2024,A/Switzerland/28719/2022,640
A/Israel/R1994/2024,A/Vasteras/SE23-14213/2023,1280
A/Israel/R2058/2024,A/Netherlands/10563/2023,640
A/Israel/R2058/2024,A/Poland/PL65/2022,80
A/Israel/R2058/2024,A/Stockholm/5/2021,160
A/Israel/R2058/2024,A/Switzerland/28719/2022,320
A/Israel/R2212/2024,A/Netherlands/10563/2023,320
A/Israel/R2212/2024,A/Poland/PL65/2022,40
A/Israel/R2212/2024,A/Stockholm/5/2021,80
A/Israel/R2212/2024,A/Switzerland/28719/2022,160
A/Israel/R2231/2024,A/Netherlands/10563/2023,1280
A/Israel/R2231/2024,A/Poland/PL65/2022,320
A/Israel/R2231/2024,A/Stockholm/5/2021,640
A/Israel/R2231/2024,A/Switzerland/28719/2022,1280
A/Israel/R2231/2024,A/Vasteras/SE23-14213/2023,1280
A/Israel/R2239/2024,A/Netherlands/10563/2023,640
A/Israel/R2239/2024,A/Poland/PL65/2022,160
A/Israel/R2239/2024,A/Stockholm/5/2021,320
A/Israel/R2239/2024,A/Switzerland/28719/2022,640
A/Israel/R2239/2024,A/Vasteras/SE23-14213/2023,640
A/Israel/R2254/2024,A/Netherlands/10563/2023,640
A/Israel/R2254/2024,A/Poland/PL65/2022,80
A/Israel/R2254/2024,A/Stockholm/5/2021,160
A/Israel/R2254/2024,A/Switzerland/28719/2022,320
A/Israel/R2254/2024,A/Vasteras/SE23-14213/2023,640
A/Israel/SK521/2017,A/Netherlands/398/2014,80
A/Israel/SK521/2017,A/Palermo/6/2016,160
A/Israel/SK521/2017,A/Sachsen/74/2016,160
A/Israel/SK521/2017,A/Switzerland/9715293/2013,40
A/Italy-FVG/105/2015,A/Madrid/SO13031/2014,<40
A/Italy-FVG/105/2015,A/Minsk/1737/2012,40
A/Italy-FVG/105/2015,A/Netherlands/398/2014,60
A/Italy-FVG/105/2015,A/Samara/73/2013,<40
A/Italy-FVG/105/2015,A/Switzerland/9715293/2013,40
A/Izmir/1020/2016,A/Madrid/SO13031/2014,40
A/Izmir/1020/2016,A/Minsk/1737/2012,80
A/Izmir/1020/2016,A/Netherlands/398/2014,240
A/Izmir/1020/2016,A/Samara/73/2013,40
A/Izmir/1020/2016,A/Switzerland/9715293/2013,120
A/Izmir/3575/2016,A/Madrid/SO13031/2014,40
A/Izmir/3575/2016,A/Minsk/1737/2012,80
A/Izmir/3575/2016,A/Netherlands/398/2014,480
A/Izmir/3575/2016,A/Samara/73/2013,40
A/Izmir/3575/2016,A/Switzerland/9715293/2013,120
A/Jiangsu-Qingpu/1660/2015,A/Madrid/SO13031/2014,160
A/Jiangsu-Qingpu/1660/2015,A/Minsk/1737/2012,640
A/Jiangsu-Qingpu/1660/2015,A/Netherlands/398/2014,800
A/Jiangsu-Qingpu/1660/2015,A/Samara/73/2013,160
A/Jiangsu-Qingpu/1660/2015,A/Switzerland/9715293/2013,680
A/Jiangxi-Donghu/11101/2014,A/Minsk/1737/2012,40
A/Jiangxi-Donghu/11101/2014,A/Netherlands/398/2014,110
A/Jiangxi-Donghu/11101/2014,A/Perth/16/2009,<40
A/Jiangxi-Donghu/11101/2014,A/Samara/73/2013,80
A/Jiangxi-Donghu/11101/2014,A/Switzerland/9715293/2013,40
A/Jiangxi-Donghu/11101/2014,A/Victoria/361/2011,<40
A/Jiangxi-Yushui/1220/2013,A/Minsk/1737/2012,640
A/Jiangxi-Yushui/1220/2013,A/Perth/16/2009,80
A/Jiangxi-Yushui/1220/2013,A/Samara/73/2013,640
A/Jiangxi-Yushui/1220/2013,A/Victoria/361/2011,240
A/Johannesburg/107/2011,A/Johannesburg/126/2009,80
A/Johannesburg/107/2011,A/Montana/05/2011,640
A/Johannesburg/107/2011,A/Perth/10/2010,320
A/Johannesburg/107/2011,A/Perth/16/2009,320
A/Johannesburg/107/2011,A/Victoria/210/2009,160
A/Johannesburg/107/2011,A/Wisconsin/67/2005,<40
A/Johannesburg/126/2009,A/Johannesburg/27/2011,80
A/Johannesburg/126/2009,A/Johannesburg/3224/2012,80
A/Johannesburg/126/2009,A/Johannesburg/34/2010,640
A/Johannesburg/126/2009,A/Johannesburg/5223/2012,80
A/Johannesburg/126/2009,A/Johannesburg/60/2010,640
A/Johannesburg/126/2009,A/Jordan/20110030749/2011,136
A/Johannesburg/126/2009,A/Jordan/20110030780/2011,80
A/Johannesburg/126/2009,A/Jordan/30502/2012,80
A/Johannesburg/126/2009,A/Jordan/30677/2013,160
A/Johannesburg/126/2009,A/Kaliningrad/4/2012,160
A/Johannesburg/126/2009,A/Latvia/1-30021/2013,160
A/Johannesburg/126/2009,A/Latvia/12-47890p/2011,93
A/Johannesburg/126/2009,A/Leskovac/1655/2013,40
A/Johannesburg/126/2009,A/Leskovac/1701/2012,320
A/Johannesburg/126/2009,A/Lisboa/38/2012,80
A/Johannesburg/126/2009,A/Lorraine/2073/2011,320
A/Johannesburg/126/2009,A/Lyon/1135/2010,240
A/Johannesburg/126/2009,A/Lyon/1715/2009,200
A/Johannesburg/126/2009,A/Madagascar/0648/2011,160
A/Johannesburg/126/2009,A/Madagascar/1121/2011,640
A/Johannesburg/126/2009,A/Madagascar/6613/2010,320
A/Johannesburg/126/2009,A/Madagascar/7142/2010,160
A/Johannesburg/126/2009,A/Madagascar/7749/2010,160
A/Johannesburg/126/2009,A/Maevatanana/563/2013,40
A/Johannesburg/126/2009,A/Maevatanana/974/2013,160
A/Johannesburg/126/2009,A/Minsk/1431/2013,<40
A/Johannesburg/126/2009,A/Minsk/1737/2012,678
A/Johannesburg/126/2009,A/Montana/05/2011,1280
A/Johannesburg/126/2009,A/Montenegro/190/2012,160
A/Johannesburg/126/2009,A/Netherlands/34/2010,461
A/Johannesburg/126/2009,A/Netherlands/533/2012,160
A/Johannesburg/126/2009,A/Netherlands/702/2011,80
A/Johannesburg/126/2009,A/Netherlands/710/2011,80
A/Johannesburg/126/2009,A/Norway/1186/2011,160
A/Johannesburg/126/2009,A/Norway/1252/2012,160
A/Johannesburg/126/2009,A/Norway/1292/2012,80
A/Johannesburg/126/2009,A/Norway/1330/2010,80
A/Johannesburg/126/2009,A/Norway/1359/2012,320
A/Johannesburg/126/2009,A/Norway/1762/2011,40
A/Johannesburg/126/2009,A/Norway/1775/2011,80
A/Johannesburg/126/2009,A/Norway/2329/2011,160
A/Johannesburg/126/2009,A/Norway/2366/2011,160
A/Johannesburg/126/2009,A/Norway/2400/2011,232
A/Johannesburg/126/2009,A/Norway/624/2012,160
A/Johannesburg/126/2009,A/Norway/625/2012,80
A/Johannesburg/126/2009,A/Norway/685/2011,160
A/Johannesburg/126/2009,A/Norway/708/2012,266
A/Johannesburg/126/2009,A/NosyBe/429/2013,160
A/Johannesburg/126/2009,A/Novosibirsk/32/2013,80
A/Johannesburg/126/2009,A/Novosibirsk/78/2012,90
A/Johannesburg/126/2009,A/Ohio/2/2012,260
A/Johannesburg/126/2009,A/Omsk/1/2012,80
A/Johannesburg/126/2009,A/Panama/307149/2010,204
A/Johannesburg/126/2009,A/Paris/1744/2011,140
A/Johannesburg/126/2009,A/Paris/1912/2012,40
A/Johannesburg/126/2009,A/Paris/1988/2012,81
A/Johannesburg/126/2009,A/Paris/2097/2011,160
A/Johannesburg/126/2009,A/Paris/2114/2011,160
A/Johannesburg/126/2009,A/Paris/2116/2011,160
A/Johannesburg/126/2009,A/Paris/2133/2011,110
A/Johannesburg/126/2009,A/Paris/972/2012,<40
A/Johannesburg/126/2009,A/Parma/139/2012,320
A/Johannesburg/126/2009,A/Parma/172/2011,180
A/Johannesburg/126/2009,A/Parma/173/2011,120
A/Johannesburg/126/2009,A/Parma/176/2011,320
A/Johannesburg/126/2009,A/Pavia/158/2012,160
A/Johannesburg/126/2009,A/Perth/10/2010,1835
A/Johannesburg/126/2009,A/Perth/16/2009,612
A/Johannesburg/126/2009,A/Philippines/2191/2009,460
A/Johannesburg/126/2009,A/Picardie/1274/2013,160
A/Johannesburg/126/2009,A/Poitiers/1071/2010,200
A/Johannesburg/126/2009,A/Poitiers/2745/2012,40
A/Johannesburg/126/2009,A/Rabat/197/2011,120
A/Johannesburg/126/2009,A/Rheinland-Pfalz/75/2011,160
A/Johannesburg/126/2009,A/Roma/04/2013,100
A/Johannesburg/126/2009,A/Samara/73/2013,160
A/Johannesburg/126/2009,A/Singapore/22/2012,640
A/Johannesburg/126/2009,A/Slovenia/1049/2012,240
A/Johannesburg/126/2009,A/Slovenia/2855/2011,184
A/Johannesburg/126/2009,A/Slovenia/459/2012,320
A/Johannesburg/126/2009,A/Slovenia/709/2013,640
A/Johannesburg/126/2009,A/Spain/14758/2012,180
A/Johannesburg/126/2009,A/Stockholm/1/2010,320
A/Johannesburg/126/2009,A/Stockholm/1/2013,80
A/Johannesburg/126/2009,A/Stockholm/12-00752/2012,80
A/Johannesburg/126/2009,A/Stockholm/12-00974/2012,40
A/Johannesburg/126/2009,A/Stockholm/14/2012,160
A/Johannesburg/126/2009,A/Stockholm/15/2011,120
A/Johannesburg/126/2009,A/Stockholm/17/2011,<40
A/Johannesburg/126/2009,A/Stockholm/2/2010,120
A/Johannesburg/126/2009,A/Stockholm/29/2011,80
A/Johannesburg/126/2009,A/Stockholm/33/2011,80
A/Johannesburg/126/2009,A/Stockholm/39/2012,80
A/Johannesburg/126/2009,A/Stockholm/5/2011,80
A/Johannesburg/126/2009,A/Stockholm/6/2010,160
A/Johannesburg/126/2009,A/Stockholm/6/2011,80
A/Johannesburg/126/2009,A/Stockholm/7/2010,200
A/Johannesburg/126/2009,A/Stockholm/7/2011,160
A/Johannesburg/126/2009,A/Stockholm/9/2013,80
A/Johannesburg/126/2009,A/Switzerland/5834730/2012,80
A/Johannesburg/126/2009,A/Switzerland/7586983/2012,60
A/Johannesburg/126/2009,A/Switzerland/7628499/2012,80
A/Johannesburg/126/2009,A/Sydney/195/2012,2560
A/Johannesburg/126/2009,A/Taiwan/851/2010,160
A/Johannesburg/126/2009,A/Taraz/2922/2013,40
A/Johannesburg/126/2009,A/Tehran/104/2012,160
A/Johannesburg/126/2009,A/Tehran/58191/2013,<40
A/Johannesburg/126/2009,A/Turkey/23/2011,160
A/Johannesburg/126/2009,A/Turkey/28/2011,120
A/Johannesburg/126/2009,A/Turkey/35/2011,40
A/Johannesburg/126/2009,A/Turkey/54/2011,80
A/Johannesburg/126/2009,A/Ukraine/175/2011,320
A/Johannesburg/126/2009,A/Ukraine/250/2012,240
A/Johannesburg/126/2009,A/Ukraine/5339/2012,240
A/Johannesburg/126/2009,A/Ukraine/5403/2012,302
A/Johannesburg/126/2009,A/Ukraine/5426/2012,40
A/Johannesburg/126/2009,A/Ukraine/5837/2013,<40
A/Johannesburg/126/2009,A/Ukraine/5896/2013,80
A/Johannesburg/126/2009,A/Ukraine/5909/2013,40
A/Johannesburg/126/2009,A/Umea/3/2011,40
A/Johannesburg/126/2009,A/Uruguay/716/2007,186
A/Johannesburg/126/2009,A/Utah/12/2011,160
A/Johannesburg/126/2009,A/Valladolid/118/2013,80
A/Johannesburg/126/2009,A/Victoria/210/2009,2762
A/Johannesburg/126/2009,A/Victoria/361/2011,1483
A/Johannesburg/126/2009,A/Victoria/527/2012,640
A/Johannesburg/126/2009,A/Victoria/563/2010,5120
A/Johannesburg/126/2009,A/Victoria/84/2012,160
A/Johannesburg/126/2009,A/Wisconsin/13/2010,<40
A/Johannesburg/126/2009,A/Wisconsin/67/2005,111
A/Johannesburg/126/2009,A/Yokohama/96/2010,80
A/Johannesburg/27/2011,A/Perth/10/2010,320
A/Johannesburg/27/2011,A/Perth/16/2009,320
A/Johannesburg/27/2011,A/Victoria/210/2009,80
A/Johannesburg/27/2011,A/Wisconsin/67/2005,<40
A/Johannesburg/3224/2012,A/Perth/16/2009,80
A/Johannesburg/3224/2012,A/Victoria/361/2011,320
A/Johannesburg/34/2010,A/Perth/16/2009,640
A/Johannesburg/34/2010,A/Victoria/210/2009,1280
A/Johannesburg/385/2009,A/Perth/16/2009,400
A/Johannesburg/385/2009,A/Uruguay/716/2007,320
A/Johannesburg/385/2009,A/Wisconsin/67/2005,<40
A/Johannesburg/5223/2012,A/Perth/16/2009,40
A/Johannesburg/5223/2012,A/Victoria/361/2011,200
A/Johannesburg/60/2010,A/Perth/16/2009,1280
A/Johannesburg/60/2010,A/Victoria/210/2009,640
A/Johannesburg/91/2007,A/Nepal/921/2006,120
A/Johannesburg/91/2007,A/Serres/77/2007,80
A/Johannesburg/91/2007,A/Sofia/319/2007,80
A/Johannesburg/91/2007,A/Wisconsin/67/2005,130
A/Jonkoping/SE24-14227/2024,A/Lisboa/216/2023,288
A/Jonkoping/SE24-14227/2024,A/Netherlands/10510/2024,72
A/Jonkoping/SE24-14227/2024,A/Netherlands/10563/2023,320
A/Jonkoping/SE24-14227/2024,A/Norway/12374/2023,96
A/Jonkoping/SE24-14227/2024,A/Oklahoma/05/2024,160
A/Jordan/20110030749/2011,A/Minsk/1737/2012,1920
A/Jordan/20110030749/2011,A/Montana/05/2011,160
A/Jordan/20110030749/2011,A/Netherlands/34/2010,428
A/Jordan/20110030749/2011,A/Perth/10/2010,271
A/Jordan/20110030749/2011,A/Perth/16/2009,81
A/Jordan/20110030749/2011,A/Victoria/210/2009,135
A/Jordan/20110030749/2011,A/Victoria/361/2011,290
A/Jordan/20110030749/2011,A/Wisconsin/67/2005,<40
A/Jordan/20110030780/2011,A/Netherlands/34/2010,320
A/Jordan/20110030780/2011,A/Perth/16/2009,80
A/Jordan/20160020743/2016,A/Minsk/1737/2012,60
A/Jordan/20160020743/2016,A/Netherlands/398/2014,126
A/Jordan/20160020743/2016,A/Palermo/6/2016,213
A/Jordan/20160020743/2016,A/Sachsen/74/2016,213
A/Jordan/20160020743/2016,A/Samara/73/2013,53
A/Jordan/20160020743/2016,A/Switzerland/9715293/2013,60
A/Jordan/20170020076/2017,A/Minsk/1737/2012,40
A/Jordan/20170020076/2017,A/Netherlands/398/2014,120
A/Jordan/20170020076/2017,A/Palermo/6/2016,160
A/Jordan/20170020076/2017,A/Sachsen/74/2016,160
A/Jordan/20170020076/2017,A/Samara/73/2013,80
A/Jordan/20170020076/2017,A/Switzerland/9715293/2013,40
A/Jordan/20564/2013,A/Minsk/1737/2012,120
A/Jordan/20564/2013,A/Paris/1988/2012,160
A/Jordan/20564/2013,A/Perth/16/2009,<40
A/Jordan/20564/2013,A/Samara/73/2013,320
A/Jordan/20564/2013,A/Victoria/361/2011,160
A/Jordan/30121/2019,A/Norway/3275/2018,40
A/Jordan/30121/2019,A/Switzerland/8060/2017,40
A/Jordan/30226/2015,A/Madrid/SO13031/2014,<40
A/Jordan/30226/2015,A/Minsk/1737/2012,40
A/Jordan/30226/2015,A/Netherlands/398/2014,160
A/Jordan/30226/2015,A/Samara/73/2013,40
A/Jordan/30226/2015,A/Switzerland/9715293/2013,<40
A/Jordan/30502/2012,A/Minsk/1737/2012,640
A/Jordan/30502/2012,A/Perth/16/2009,40
A/Jordan/30502/2012,A/Victoria/361/2011,400
A/Jordan/30541/2013,A/Minsk/1737/2012,131
A/Jordan/30541/2013,A/Netherlands/398/2014,320
A/Jordan/30541/2013,A/Paris/1988/2012,229
A/Jordan/30541/2013,A/Perth/16/2009,40
A/Jordan/30541/2013,A/Samara/73/2013,422
A/Jordan/30541/2013,A/Stockholm/1/2013,106
A/Jordan/30541/2013,A/Switzerland/9715293/2013,60
A/Jordan/30541/2013,A/Victoria/361/2011,240
A/Jordan/30586/2013,A/Minsk/1737/2012,106
A/Jordan/30586/2013,A/Netherlands/398/2014,160
A/Jordan/30586/2013,A/Paris/1988/2012,144
A/Jordan/30586/2013,A/Perth/16/2009,40
A/Jordan/30586/2013,A/Samara/73/2013,426
A/Jordan/30586/2013,A/Stockholm/1/2013,80
A/Jordan/30586/2013,A/Victoria/361/2011,186
A/Jordan/30677/2013,A/Minsk/1737/2012,880
A/Jordan/30677/2013,A/Paris/1988/2012,320
A/Jordan/30677/2013,A/Perth/16/2009,240
A/Jordan/30677/2013,A/Samara/73/2013,400
A/Jordan/30677/2013,A/Victoria/361/2011,320
A/Jordan/J-16-4294/2017,A/Minsk/1737/2012,40
A/Jordan/J-16-4294/2017,A/Netherlands/398/2014,80
A/Jordan/J-16-4294/2017,A/Palermo/6/2016,160
A/Jordan/J-16-4294/2017,A/Sachsen/74/2016,160
A/Jordan/J-16-4294/2017,A/Samara/73/2013,40
A/Jordan/J-16-4294/2017,A/Switzerland/9715293/2013,40
A/Kaliningrad/4/2012,A/Netherlands/34/2010,1280
A/Kaliningrad/4/2012,A/Perth/16/2009,160
A/Kaliningrad/4/2012,A/Victoria/361/2011,160
A/Kaliningrad/4/2015,A/Madrid/SO13031/2014,<40
A/Kaliningrad/4/2015,A/Minsk/1737/2012,80
A/Kaliningrad/4/2015,A/Netherlands/398/2014,120
A/Kaliningrad/4/2015,A/Perth/16/2009,<40
A/Kaliningrad/4/2015,A/Samara/73/2013,160
A/Kaliningrad/4/2015,A/Switzerland/9715293/2013,40
A/Kaliningrad/RII-03/2021,A/Stockholm/5/2021,320
A/Kaliningrad/RII-05/2021,A/Stockholm/5/2021,160
A/Kaliningrad/RII-06/2021,A/Stockholm/5/2021,160
A/Kanagawa/IC1618/2017,A/Netherlands/398/2014,<40
A/Kanagawa/IC1618/2017,A/Sachsen/74/2016,80
A/Kanagawa/IC1618/2017,A/Switzerland/8060/2017,1280
A/Kanagawa/ZC1617/2017,A/Netherlands/398/2014,40
A/Kanagawa/ZC1617/2017,A/Palermo/6/2016,160
A/Kanagawa/ZC1617/2017,A/Sachsen/74/2016,320
A/Kanagawa/ZC1617/2017,A/Switzerland/9715293/2013,<40
A/Kanagawa/ZC1907/2019,A/Norway/3275/2018,160
A/Kazakhstan/275/2023,A/Netherlands/10563/2023,320
A/Kazakhstan/275/2023,A/Poland/PL65/2022,40
A/Kazakhstan/275/2023,A/Stockholm/5/2021,80
A/Kazakhstan/275/2023,A/Switzerland/28719/2022,160
A/Kazakhstan/277/2023,A/Netherlands/10563/2023,426
A/Kazakhstan/277/2023,A/Poland/PL65/2022,80
A/Kazakhstan/277/2023,A/Stockholm/5/2021,106
A/Kazakhstan/277/2023,A/Switzerland/28719/2022,320
A/Kazakhstan/336/2023,A/Netherlands/10563/2023,320
A/Kazakhstan/336/2023,A/Poland/PL65/2022,40
A/Kazakhstan/336/2023,A/Stockholm/5/2021,80
A/Kazakhstan/336/2023,A/Switzerland/28719/2022,160
A/Kazakhstan/3782/2014,A/Minsk/1737/2012,80
A/Kazakhstan/3782/2014,A/Netherlands/398/2014,480
A/Kazakhstan/3782/2014,A/Perth/16/2009,<40
A/Kazakhstan/3782/2014,A/Samara/73/2013,320
A/Kazakhstan/3782/2014,A/Switzerland/9715293/2013,120
A/Kazakhstan/3782/2014,A/Victoria/361/2011,160
A/Kazakhstan/3791/2014,A/Minsk/1737/2012,80
A/Kazakhstan/3791/2014,A/Netherlands/398/2014,480
A/Kazakhstan/3791/2014,A/Perth/16/2009,<40
A/Kazakhstan/3791/2014,A/Samara/73/2013,160
A/Kazakhstan/3791/2014,A/Switzerland/9715293/2013,120
A/Kazakhstan/3791/2014,A/Victoria/361/2011,80
A/Khabarovsk/12/2015,A/Madrid/SO13031/2014,<40
A/Khabarovsk/12/2015,A/Minsk/1737/2012,80
A/Khabarovsk/12/2015,A/Netherlands/398/2014,60
A/Khabarovsk/12/2015,A/Perth/16/2009,<40
A/Khabarovsk/12/2015,A/Samara/73/2013,40
A/Khabarovsk/12/2015,A/Switzerland/9715293/2013,<40
A/Khabarovsk/3/2015,A/Madrid/SO13031/2014,40
A/Khabarovsk/3/2015,A/Minsk/1737/2012,160
A/Khabarovsk/3/2015,A/Netherlands/398/2014,480
A/Khabarovsk/3/2015,A/Perth/16/2009,<40
A/Khabarovsk/3/2015,A/Samara/73/2013,160
A/Khabarovsk/3/2015,A/Switzerland/9715293/2013,120
A/Kharkiv/444/2018,A/Netherlands/10260/2018,150
A/Kharkiv/444/2018,A/Netherlands/398/2014,40
A/Kharkiv/444/2018,A/Norway/3275/2018,115
A/Kharkiv/444/2018,A/Switzerland/8060/2017,40
A/Khmelnitsky/1958/2016,A/Minsk/1737/2012,40
A/Khmelnitsky/1958/2016,A/Netherlands/398/2014,120
A/Khmelnitsky/1958/2016,A/Palermo/6/2016,320
A/Khmelnitsky/1958/2016,A/Sachsen/74/2016,160
A/Khmelnitsky/1958/2016,A/Samara/73/2013,<40
A/Khmelnitsky/1958/2016,A/Switzerland/9715293/2013,60
A/Khmelnitsky/1981/2016,A/Minsk/1737/2012,80
A/Khmelnitsky/1981/2016,A/Netherlands/398/2014,160
A/Khmelnitsky/1981/2016,A/Palermo/6/2016,320
A/Khmelnitsky/1981/2016,A/Sachsen/74/2016,640
A/Khmelnitsky/1981/2016,A/Samara/73/2013,160
A/Khmelnitsky/1981/2016,A/Switzerland/9715293/2013,80
A/Khmelnitsky/2245/2016,A/Madrid/SO13031/2014,<40
A/Khmelnitsky/2245/2016,A/Marseille/2588/2015,40
A/Khmelnitsky/2245/2016,A/Minsk/1737/2012,53
A/Khmelnitsky/2245/2016,A/Netherlands/398/2014,138
A/Khmelnitsky/2245/2016,A/Palermo/6/2016,246
A/Khmelnitsky/2245/2016,A/Sachsen/74/2016,205
A/Khmelnitsky/2245/2016,A/Samara/73/2013,50
A/Khmelnitsky/2245/2016,A/Switzerland/9715293/2013,64
A/Khmelnitsky/244/2014,A/Minsk/1737/2012,171
A/Khmelnitsky/244/2014,A/Netherlands/398/2014,320
A/Khmelnitsky/244/2014,A/Paris/1988/2012,160
A/Khmelnitsky/244/2014,A/Perth/16/2009,<40
A/Khmelnitsky/244/2014,A/Samara/73/2013,297
A/Khmelnitsky/244/2014,A/Stockholm/1/2013,91
A/Khmelnitsky/244/2014,A/Victoria/361/2011,148
A/Khmelnitsky/2479/2016,A/Madrid/SO13031/2014,<40
A/Khmelnitsky/2479/2016,A/Minsk/1737/2012,40
A/Khmelnitsky/2479/2016,A/Netherlands/398/2014,60
A/Khmelnitsky/2479/2016,A/Samara/73/2013,<40
A/Khmelnitsky/2479/2016,A/Switzerland/9715293/2013,<40
A/Khmelnitsky/466/2015,A/Minsk/1737/2012,40
A/Khmelnitsky/466/2015,A/Netherlands/398/2014,40
A/Khmelnitsky/466/2015,A/Perth/16/2009,<40
A/Khmelnitsky/466/2015,A/Samara/73/2013,40
A/Khmelnitsky/466/2015,A/Switzerland/9715293/2013,<40
A/Khmelnitsky/466/2015,A/Victoria/361/2011,<40
A/Khmelnitsky/467/2015,A/Minsk/1737/2012,80
A/Khmelnitsky/467/2015,A/Netherlands/398/2014,60
A/Khmelnitsky/467/2015,A/Perth/16/2009,40
A/Khmelnitsky/467/2015,A/Samara/73/2013,80
A/Khmelnitsky/467/2015,A/Switzerland/9715293/2013,<40
A/Khmelnitsky/467/2015,A/Victoria/361/2011,40
A/Khmelnytskyi/145/2019,A/Norway/3275/2018,80
A/Khmelnytskyi/145/2019,A/Switzerland/8060/2017,<40
A/Kosice/130/2023,A/Lille/50053/2022,320
A/Kosice/130/2023,A/Stockholm/5/2021,80
A/Kosice/158/2023,A/Lille/50053/2022,1280
A/Kosice/158/2023,A/Stockholm/5/2021,320
A/Kosova/114/2021,A/Lille/50053/2022,640
A/Kosova/114/2021,A/Slovenia/9216/2022,*
A/Kosova/114/2021,A/Slovenia/9318/2022,*
A/Kosova/114/2021,A/Stockholm/5/2021,218
A/Kosova/114/2021,A/Ukraine/354/2021,320
A/Kosova/587/2021,A/Stockholm/5/2021,640
A/Kosova/607/2021,A/Stockholm/5/2021,480
A/Kosova/710/2021,A/Slovenia/9216/2022,*
A/Kosova/710/2021,A/Slovenia/9318/2022,*
A/Kosova/710/2021,A/Spain/90/2021,160
A/Kosova/710/2021,A/Stockholm/5/2021,753
A/Kosova/78/2021,A/Stockholm/5/2021,640
A/Krasnodar/RII-02/2024,A/Lisboa/216/2023,213
A/Krasnodar/RII-02/2024,A/Netherlands/10510/2024,40
A/Krasnodar/RII-02/2024,A/Netherlands/10563/2023,213
A/Krasnodar/RII-02/2024,A/Norway/12374/2023,60
A/Krasnodar/RII-02/2024,A/Norway/1592/2024,80
A/Krasnodar/RII-02/2024,A/Oklahoma/05/2024,106
A/Krasnoyarsk/RII07/2017,A/Netherlands/398/2014,160
A/Krasnoyarsk/RII07/2017,A/Palermo/6/2016,80
A/Krasnoyarsk/RII07/2017,A/Sachsen/74/2016,160
A/Krasnoyarsk/RII07/2017,A/Switzerland/9715293/2013,40
A/Kurgan/24/2016,A/Minsk/1737/2012,40
A/Kurgan/24/2016,A/Netherlands/398/2014,80
A/Kurgan/24/2016,A/Palermo/6/2016,80
A/Kurgan/24/2016,A/Sachsen/74/2016,160
A/Kurgan/24/2016,A/Samara/73/2013,40
A/Kurgan/24/2016,A/Switzerland/9715293/2013,40
A/Kyiv/1/2022,A/Mecklenburg-Vorpommern/88/2022,640
A/Kyiv/1/2022,A/Nordrhein-Westfalen/36/2022,2560
A/Kyiv/1/2022,A/Nordrhein-Westfalen/37/2022,2560
A/Kyiv/1/2022,A/Nordrhein-Westfalen/40/2022,80
A/Kyiv/1/2022,A/Norway/28542/2022,2000
A/Kyiv/1/2022,A/Norway/32641/2022,160
A/Kyiv/1/2022,A/Poland/PL65/2022,1706
A/Kyiv/1/2022,A/Rheinland-Pfalz/18/2022,160
A/Kyiv/1/2022,A/Stockholm/5/2021,661
A/Kyiv/1/2022,A/Switzerland/18284/2022,120
A/Kyiv/1/2022,A/Ukraine/354/2021,1600
A/Kyiv/2385/2024,A/Lisboa/216/2023,320
A/Kyiv/2385/2024,A/Netherlands/10563/2023,320
A/Kyiv/2385/2024,A/Oklahoma/05/2024,160
A/Kyiv/393/2021,A/Stockholm/5/2021,480
A/Kyiv/4/2022,A/Stockholm/5/2021,640
A/Kyiv/491/2018,A/Netherlands/10260/2018,80
A/Kyiv/491/2018,A/Netherlands/398/2014,<40
A/Kyiv/491/2018,A/Norway/3275/2018,40
A/Kyiv/491/2018,A/Switzerland/8060/2017,<40
A/Kyiv/926/2016,A/Minsk/1737/2012,40
A/Kyiv/926/2016,A/Netherlands/398/2014,120
A/Kyiv/926/2016,A/Palermo/6/2016,160
A/Kyiv/926/2016,A/Sachsen/74/2016,160
A/Kyiv/926/2016,A/Samara/73/2013,<40
A/Kyiv/926/2016,A/Switzerland/9715293/2013,40
A/Kyrgyzstan/101/2023,A/Lisboa/216/2023,320
A/Kyrgyzstan/101/2023,A/Netherlands/10563/2023,320
A/Kyrgyzstan/101/2023,A/Oklahoma/05/2024,160
A/Kyrgyzstan/108/2023,A/Lisboa/216/2023,640
A/Kyrgyzstan/108/2023,A/Netherlands/10563/2023,320
A/Kyrgyzstan/108/2023,A/Oklahoma/05/2024,320
A/Kyrgyzstan/117/2023,A/Netherlands/10563/2023,320
A/Kyrgyzstan/117/2023,A/Poland/PL65/2022,40
A/Kyrgyzstan/117/2023,A/Stockholm/5/2021,80
A/Kyrgyzstan/117/2023,A/Switzerland/28719/2022,160
A/Kyrgyzstan/124/2023,A/Kyrgyzstan/58/2023,*
A/Kyrgyzstan/124/2023,A/Linkoping/SE23-14481/2023,*
A/Kyrgyzstan/124/2023,A/Lisboa/216/2023,516
A/Kyrgyzstan/124/2023,A/Luxembourg/4634126/2023,*
A/Kyrgyzstan/124/2023,A/Luxembourg/510839/2023,*
A/Kyrgyzstan/124/2023,A/Mauritius/P50061/2023,*
A/Kyrgyzstan/124/2023,A/Mauritius/P53142/2023,*
A/Kyrgyzstan/124/2023,A/Montenegro/222910/2023,640
A/Kyrgyzstan/124/2023,A/Montenegro/242559/2023,320
A/Kyrgyzstan/124/2023,A/Netherlands/01729/2023,320
A/Kyrgyzstan/124/2023,A/Netherlands/10510/2024,106
A/Kyrgyzstan/124/2023,A/Netherlands/10536/2023,*
A/Kyrgyzstan/124/2023,A/Netherlands/10541/2023,*
A/Kyrgyzstan/124/2023,A/Netherlands/10551/2023,*
A/Kyrgyzstan/124/2023,A/Netherlands/10556/2023,*
A/Kyrgyzstan/124/2023,A/Netherlands/10561/2023,*
A/Kyrgyzstan/124/2023,A/Netherlands/10563/2023,514
A/Kyrgyzstan/124/2023,A/Norway/12374/2023,158
A/Kyrgyzstan/124/2023,A/Norway/1592/2024,160
A/Kyrgyzstan/124/2023,A/Oklahoma/05/2024,258
A/Kyrgyzstan/124/2023,A/Ostersund/SE23-14558/2023,*
A/Kyrgyzstan/124/2023,A/Poland/PL65/2022,105
A/Kyrgyzstan/124/2023,A/Romania/563027/2023,*
A/Kyrgyzstan/124/2023,A/Romania/563219/2023,*
A/Kyrgyzstan/124/2023,A/Romania/563383/2023,*
A/Kyrgyzstan/124/2023,A/Serbia/7976/2023,*
A/Kyrgyzstan/124/2023,A/Serbia/8127/2023,*
A/Kyrgyzstan/124/2023,A/Serbia/8265/2023,*
A/Kyrgyzstan/124/2023,A/Shanghai-Fengxian/1912/2023,1173
A/Kyrgyzstan/124/2023,A/Stockholm/5/2021,170
A/Kyrgyzstan/124/2023,A/Switzerland/28719/2022,372
A/Kyrgyzstan/124/2023,A/Switzerland/8649/2023,594
A/Kyrgyzstan/124/2023,A/Vasteras/SE23-14213/2023,689
A/Kyrgyzstan/124/2023,A/Victoria/2776/2023,1280
A/Kyrgyzstan/124/2023,A/Victoria/2997/2023,480
A/Kyrgyzstan/14/2023,A/Netherlands/10563/2023,400
A/Kyrgyzstan/14/2023,A/Oklahoma/05/2024,320
A/Kyrgyzstan/14/2023,A/Poland/PL65/2022,140
A/Kyrgyzstan/14/2023,A/Stockholm/5/2021,140
A/Kyrgyzstan/14/2023,A/Switzerland/28719/2022,160
A/Kyrgyzstan/14/2023,A/Switzerland/8649/2023,426
A/Kyrgyzstan/15/2017,A/Madrid/SO13031/2014,<40
A/Kyrgyzstan/15/2017,A/Minsk/1737/2012,40
A/Kyrgyzstan/15/2017,A/Netherlands/398/2014,120
A/Kyrgyzstan/15/2017,A/Samara/73/2013,40
A/Kyrgyzstan/15/2017,A/Switzerland/9715293/2013,40
A/Kyrgyzstan/16/2023,A/Lisboa/216/2023,320
A/Kyrgyzstan/16/2023,A/Netherlands/10563/2023,426
A/Kyrgyzstan/16/2023,A/Oklahoma/05/2024,213
A/Kyrgyzstan/16/2023,A/Poland/PL65/2022,120
A/Kyrgyzstan/16/2023,A/Stockholm/5/2021,240
A/Kyrgyzstan/16/2023,A/Switzerland/28719/2022,320
A/Kyrgyzstan/16/2023,A/Switzerland/8649/2023,480
A/Kyrgyzstan/168/2019,A/Norway/3275/2018,160
A/Kyrgyzstan/20/2023,A/Netherlands/10563/2023,640
A/Kyrgyzstan/20/2023,A/Oklahoma/05/2024,320
A/Kyrgyzstan/20/2023,A/Poland/PL65/2022,160
A/Kyrgyzstan/20/2023,A/Stockholm/5/2021,320
A/Kyrgyzstan/20/2023,A/Switzerland/28719/2022,320
A/Kyrgyzstan/20/2023,A/Switzerland/8649/2023,640
A/Kyrgyzstan/23/2023,A/Netherlands/10563/2023,640
A/Kyrgyzstan/23/2023,A/Oklahoma/05/2024,320
A/Kyrgyzstan/23/2023,A/Poland/PL65/2022,80
A/Kyrgyzstan/23/2023,A/Stockholm/5/2021,160
A/Kyrgyzstan/23/2023,A/Switzerland/28719/2022,320
A/Kyrgyzstan/23/2023,A/Switzerland/8649/2023,640
A/Kyrgyzstan/28/2016,A/Madrid/SO13031/2014,<40
A/Kyrgyzstan/28/2016,A/Minsk/1737/2012,70
A/Kyrgyzstan/28/2016,A/Netherlands/398/2014,128
A/Kyrgyzstan/28/2016,A/Norway/4465/2016,40
A/Kyrgyzstan/28/2016,A/Palermo/6/2016,173
A/Kyrgyzstan/28/2016,A/Sachsen/74/2016,346
A/Kyrgyzstan/28/2016,A/Samara/73/2013,80
A/Kyrgyzstan/28/2016,A/Switzerland/9715293/2013,80
A/Kyrgyzstan/29/2016,A/Minsk/1737/2012,80
A/Kyrgyzstan/29/2016,A/Netherlands/398/2014,160
A/Kyrgyzstan/29/2016,A/Norway/4465/2016,60
A/Kyrgyzstan/29/2016,A/Palermo/6/2016,320
A/Kyrgyzstan/29/2016,A/Sachsen/74/2016,320
A/Kyrgyzstan/29/2016,A/Samara/73/2013,80
A/Kyrgyzstan/29/2016,A/Switzerland/9715293/2013,80
A/Kyrgyzstan/318/2023,A/Lisboa/216/2023,80
A/Kyrgyzstan/318/2023,A/Netherlands/10563/2023,80
A/Kyrgyzstan/318/2023,A/Oklahoma/05/2024,40
A/Kyrgyzstan/39/2023,A/Lisboa/216/2023,146
A/Kyrgyzstan/39/2023,A/Netherlands/10510/2024,80
A/Kyrgyzstan/39/2023,A/Netherlands/10563/2023,240
A/Kyrgyzstan/39/2023,A/Norway/12374/2023,160
A/Kyrgyzstan/39/2023,A/Norway/1592/2024,<40
A/Kyrgyzstan/39/2023,A/Oklahoma/05/2024,140
A/Kyrgyzstan/39/2023,A/Poland/PL65/2022,80
A/Kyrgyzstan/39/2023,A/Stockholm/5/2021,80
A/Kyrgyzstan/39/2023,A/Switzerland/28719/2022,160
A/Kyrgyzstan/39/2023,A/Switzerland/8649/2023,320
A/Kyrgyzstan/58/2023,A/Lisboa/216/2023,400
A/Kyrgyzstan/58/2023,A/Netherlands/10563/2023,384
A/Kyrgyzstan/58/2023,A/Norway/12374/2023,160
A/Kyrgyzstan/58/2023,A/Oklahoma/05/2024,200
A/Kyrgyzstan/58/2023,A/Poland/PL65/2022,80
A/Kyrgyzstan/58/2023,A/Stockholm/5/2021,160
A/Kyrgyzstan/58/2023,A/Switzerland/28719/2022,320
A/Kyrgyzstan/9/2023,A/Lisboa/216/2023,320
A/Kyrgyzstan/9/2023,A/Netherlands/10563/2023,160
A/Kyrgyzstan/9/2023,A/Oklahoma/05/2024,160
A/Kyrgyzstan/99/2023,A/Lisboa/216/2023,160
A/Kyrgyzstan/99/2023,A/Netherlands/10563/2023,266
A/Kyrgyzstan/99/2023,A/Oklahoma/05/2024,120
A/Kyrgyzstan/99/2023,A/Poland/PL65/2022,60
A/Kyrgyzstan/99/2023,A/Stockholm/5/2021,120
A/Kyrgyzstan/99/2023,A/Switzerland/28719/2022,240
A/Kyrgyzstan/99/2023,A/Switzerland/8649/2023,640
A/Kyrgzstan/205/2019,A/Mauritius/I-3006/2019,40
A/Kyrgzstan/205/2019,A/Norway/3275/2018,160
A/LaRioja/2274/2024,A/Lisboa/216/2023,320
A/LaRioja/2274/2024,A/Netherlands/10510/2024,80
A/LaRioja/2274/2024,A/Netherlands/10563/2023,320
A/LaRioja/2274/2024,A/Norway/12374/2023,120
A/LaRioja/2274/2024,A/Oklahoma/05/2024,160
A/Laos/1810/2015,A/Madrid/SO13031/2014,<40
A/Laos/1810/2015,A/Minsk/1737/2012,80
A/Laos/1810/2015,A/Netherlands/398/2014,80
A/Laos/1810/2015,A/Samara/73/2013,40
A/Laos/1810/2015,A/Switzerland/9715293/2013,40
A/Laos/F2884/2016,A/Minsk/1737/2012,<40
A/Laos/F2884/2016,A/Netherlands/398/2014,<40
A/Laos/F2884/2016,A/Palermo/6/2016,40
A/Laos/F2884/2016,A/Sachsen/74/2016,80
A/Laos/F2884/2016,A/Samara/73/2013,<40
A/Laos/F2884/2016,A/Switzerland/9715293/2013,<40
A/Latvia/01-024575/2017,A/Minsk/1737/2012,80
A/Latvia/01-024575/2017,A/Netherlands/398/2014,240
A/Latvia/01-024575/2017,A/Palermo/6/2016,320
A/Latvia/01-024575/2017,A/Sachsen/74/2016,320
A/Latvia/01-024575/2017,A/Samara/73/2013,80
A/Latvia/01-024575/2017,A/Switzerland/9715293/2013,120
A/Latvia/01-089648/2022,A/Stockholm/5/2021,320
A/Latvia/01-091445/2023,A/Lille/50053/2022,640
A/Latvia/01-091445/2023,A/Stockholm/5/2021,320
A/Latvia/01-091445/2023,A/Switzerland/28719/2022,80
A/Latvia/01-091445/2023,A/Ukraine/354/2021,320
A/Latvia/02-053853/2019,A/Norway/3275/2018,160
A/Latvia/02-053853/2019,A/Switzerland/8060/2017,80
A/Latvia/02-056748/2017,A/Minsk/1737/2012,80
A/Latvia/02-056748/2017,A/Netherlands/398/2014,160
A/Latvia/02-056748/2017,A/Palermo/6/2016,160
A/Latvia/02-056748/2017,A/Sachsen/74/2016,160
A/Latvia/02-056748/2017,A/Samara/73/2013,40
A/Latvia/02-056748/2017,A/Switzerland/9715293/2013,80
A/Latvia/04-003626/2017,A/Minsk/1737/2012,80
A/Latvia/04-003626/2017,A/Netherlands/398/2014,160
A/Latvia/04-003626/2017,A/Palermo/6/2016,160
A/Latvia/04-003626/2017,A/Sachsen/74/2016,160
A/Latvia/04-003626/2017,A/Samara/73/2013,40
A/Latvia/04-003626/2017,A/Switzerland/9715293/2013,80
A/Latvia/04-58975/2022,A/Stockholm/5/2021,320
A/Latvia/04-78381/2022,A/Stockholm/5/2021,320
A/Latvia/04-86299/2022,A/Stockholm/5/2021,320
A/Latvia/1-30021/2013,A/Minsk/1737/2012,640
A/Latvia/1-30021/2013,A/Perth/16/2009,80
A/Latvia/1-30021/2013,A/Victoria/361/2011,240
A/Latvia/11-002559/2017,A/Netherlands/398/2014,120
A/Latvia/11-002559/2017,A/Norway/4465/2016,520
A/Latvia/11-002559/2017,A/Palermo/6/2016,160
A/Latvia/11-002559/2017,A/Sachsen/74/2016,160
A/Latvia/11-002559/2017,A/Switzerland/9715293/2013,60
A/Latvia/11-019324/2018,A/Netherlands/398/2014,160
A/Latvia/11-019324/2018,A/Sachsen/74/2016,320
A/Latvia/11-019324/2018,A/Switzerland/8060/2017,640
A/Latvia/11-028714/2019,A/Norway/3275/2018,160
A/Latvia/11-032248/2019,A/Norway/3275/2018,320
A/Latvia/11-072125/2016,A/Minsk/1737/2012,40
A/Latvia/11-072125/2016,A/Netherlands/398/2014,80
A/Latvia/11-072125/2016,A/Palermo/6/2016,80
A/Latvia/11-072125/2016,A/Sachsen/74/2016,80
A/Latvia/11-072125/2016,A/Samara/73/2013,40
A/Latvia/11-072125/2016,A/Switzerland/9715293/2013,60
A/Latvia/12-005233/2018,A/Netherlands/398/2014,160
A/Latvia/12-005233/2018,A/Norway/3275/2018,160
A/Latvia/12-005233/2018,A/Sachsen/74/2016,320
A/Latvia/12-005233/2018,A/Switzerland/8060/2017,320
A/Latvia/12-020474/2016,A/Minsk/1737/2012,40
A/Latvia/12-020474/2016,A/Netherlands/398/2014,80
A/Latvia/12-020474/2016,A/Palermo/6/2016,160
A/Latvia/12-020474/2016,A/Sachsen/74/2016,120
A/Latvia/12-020474/2016,A/Samara/73/2013,40
A/Latvia/12-020474/2016,A/Switzerland/9715293/2013,40
A/Latvia/12-045953/2021,A/Stockholm/5/2021,320
A/Latvia/12-066660/2014,A/Madrid/SO13031/2014,40
A/Latvia/12-066660/2014,A/Minsk/1737/2012,62
A/Latvia/12-066660/2014,A/Netherlands/398/2014,122
A/Latvia/12-066660/2014,A/Perth/16/2009,<40
A/Latvia/12-066660/2014,A/Samara/73/2013,130
A/Latvia/12-066660/2014,A/Switzerland/9715293/2013,47
A/Latvia/12-066660/2014,A/Victoria/361/2011,40
A/Latvia/12-091317/2021,A/Stockholm/5/2021,480
A/Latvia/12-091325/2021,A/Stockholm/5/2021,1280
A/Latvia/12-097744/2021,A/Stockholm/5/2021,160
A/Latvia/12-47890p/2011,A/Netherlands/34/2010,426
A/Latvia/12-47890p/2011,A/Perth/16/2009,93
A/Latvia/12019591/2013,A/Minsk/1737/2012,120
A/Latvia/12019591/2013,A/Paris/1988/2012,260
A/Latvia/12019591/2013,A/Perth/16/2009,40
A/Latvia/12019591/2013,A/Samara/73/2013,720
A/Latvia/12019591/2013,A/Victoria/361/2011,220
A/Lebanon/307/2019,A/Norway/3275/2018,160
A/Lebanon/307/2019,A/Switzerland/8060/2017,80
A/Lebanon/397/2019,A/Norway/3275/2018,40
A/Lebanon/397/2019,A/Switzerland/8060/2017,40
A/Lebanon/8276/2021,A/Stockholm/5/2021,378
A/Lebanon/8325/2021,A/Stockholm/5/2021,320
A/Lebanon/8510/2021,A/Stockholm/5/2021,533
A/Lebanon/8515/2021,A/Stockholm/5/2021,320
A/Leon/201/2015,A/Minsk/1737/2012,160
A/Leon/201/2015,A/Netherlands/398/2014,480
A/Leon/201/2015,A/Perth/16/2009,<40
A/Leon/201/2015,A/Samara/73/2013,160
A/Leon/201/2015,A/Switzerland/9715293/2013,160
A/Leon/201/2015,A/Victoria/361/2011,80
A/Leon/256/2014,A/Minsk/1737/2012,<40
A/Leon/256/2014,A/Netherlands/398/2014,72
A/Leon/256/2014,A/Perth/16/2009,<40
A/Leon/256/2014,A/Samara/73/2013,<40
A/Leon/256/2014,A/Switzerland/9715293/2013,40
A/Leon/256/2014,A/Victoria/361/2011,<40
A/Leon/5/2009,A/Uruguay/716/2007,2560
A/Leon/5/2009,A/Wisconsin/67/2005,960
A/Leskovac/1655/2013,A/Minsk/1737/2012,320
A/Leskovac/1655/2013,A/Perth/16/2009,<40
A/Leskovac/1655/2013,A/Victoria/361/2011,166
A/Leskovac/1701/2012,A/Perth/16/2009,160
A/Leskovac/1701/2012,A/Victoria/361/2011,480
A/Levice/84/2015,A/Madrid/SO13031/2014,<40
A/Levice/84/2015,A/Minsk/1737/2012,80
A/Levice/84/2015,A/Netherlands/398/2014,100
A/Levice/84/2015,A/Perth/16/2009,<40
A/Levice/84/2015,A/Samara/73/2013,80
A/Levice/84/2015,A/Switzerland/9715293/2013,<40
A/Liaoning-Baita/1293/2015,A/Madrid/SO13031/2014,<40
A/Liaoning-Baita/1293/2015,A/Minsk/1737/2012,80
A/Liaoning-Baita/1293/2015,A/Netherlands/398/2014,120
A/Liaoning-Baita/1293/2015,A/Samara/73/2013,160
A/Liaoning-Baita/1293/2015,A/Switzerland/9715293/2013,40
A/Liaoning-Heping/1430/2014,A/Minsk/1737/2012,40
A/Liaoning-Heping/1430/2014,A/Netherlands/398/2014,160
A/Liaoning-Heping/1430/2014,A/Perth/16/2009,<40
A/Liaoning-Heping/1430/2014,A/Samara/73/2013,160
A/Liaoning-Heping/1430/2014,A/Switzerland/9715293/2013,80
A/Liaoning-Heping/1430/2014,A/Victoria/361/2011,40
A/Liaoning-Shuangta/1491/2015,A/Madrid/SO13031/2014,40
A/Liaoning-Shuangta/1491/2015,A/Minsk/1737/2012,80
A/Liaoning-Shuangta/1491/2015,A/Netherlands/398/2014,240
A/Liaoning-Shuangta/1491/2015,A/Samara/73/2013,40
A/Liaoning-Shuangta/1491/2015,A/Switzerland/9715293/2013,80
A/Liaoning-Yinzhou/1399/2017,A/Netherlands/398/2014,80
A/Liaoning-Yinzhou/1399/2017,A/Palermo/6/2016,160
A/Liaoning-Yinzhou/1399/2017,A/Sachsen/74/2016,160
A/Lille/50053/2022,A/Lisboa/597/2022,320
A/Lille/50053/2022,A/Lisboa/706/2022,160
A/Lille/50053/2022,A/Lisboa/731/2022,320
A/Lille/50053/2022,A/Lisboa/751/2022,160
A/Lille/50053/2022,A/Lithuania/47481/2022,160
A/Lille/50053/2022,A/Lithuania/48379/2022,320
A/Lille/50053/2022,A/Lithuania/48708/2022,320
A/Lille/50053/2022,A/Macedonia/133/2023,320
A/Lille/50053/2022,A/Mauritius/P61639/2022,320
A/Lille/50053/2022,A/Mecklenburg-Vorpommern/88/2022,440
A/Lille/50053/2022,A/Milano/257/2022,320
A/Lille/50053/2022,A/Moldova/2025278/2023,320
A/Lille/50053/2022,A/Montenegro/101668/2023,1280
A/Lille/50053/2022,A/Montenegro/519452/2022,1280
A/Lille/50053/2022,A/MountLebanon/65/2023,160
A/Lille/50053/2022,A/Navarra/4220/2022,640
A/Lille/50053/2022,A/Navarra/4320/2022,320
A/Lille/50053/2022,A/Navarra/4550/2022,320
A/Lille/50053/2022,A/Netherlands/10142/2023,1280
A/Lille/50053/2022,A/Netherlands/10194/2021,160
A/Lille/50053/2022,A/Netherlands/10205/2021,373
A/Lille/50053/2022,A/Netherlands/10228/2023,960
A/Lille/50053/2022,A/Netherlands/11812/2022,320
A/Lille/50053/2022,A/Netherlands/11816/2022,160
A/Lille/50053/2022,A/Netherlands/11832/2022,80
A/Lille/50053/2022,A/Netherlands/11833/2022,640
A/Lille/50053/2022,A/Netherlands/11968/2022,480
A/Lille/50053/2022,A/Norway/2003/2023,240
A/Lille/50053/2022,A/Norway/28542/2022,640
A/Lille/50053/2022,A/Norway/3170/2023,640
A/Lille/50053/2022,A/Norway/32641/2022,407
A/Lille/50053/2022,A/Norway/3384/2023,160
A/Lille/50053/2022,A/Norway/3821/2023,640
A/Lille/50053/2022,A/Palencia/30/2022,1066
A/Lille/50053/2022,A/Palermo/2/2022,160
A/Lille/50053/2022,A/Parma/83/2022,160
A/Lille/50053/2022,A/Parma/84/2022,640
A/Lille/50053/2022,A/Parma/88/2022,320
A/Lille/50053/2022,A/Poland/205/2023,320
A/Lille/50053/2022,A/Poland/98/2022,1280
A/Lille/50053/2022,A/Poland/PL65/2022,624
A/Lille/50053/2022,A/Poland/PL78/2022,320
A/Lille/50053/2022,A/Poland/PL83/2022,320
A/Lille/50053/2022,A/Poland/PL93/2022,640
A/Lille/50053/2022,A/Rheinland-Pfalz/18/2022,320
A/Lille/50053/2022,A/Romania/493219/2021,448
A/Lille/50053/2022,A/Romania/544187/2022,320
A/Lille/50053/2022,A/Salamanca/35/2022,1280
A/Lille/50053/2022,A/Salamanca/36/2022,320
A/Lille/50053/2022,A/Sassari/5/2023,320
A/Lille/50053/2022,A/SaudiArabia/1404/2022,320
A/Lille/50053/2022,A/SaudiArabia/556/2022,160
A/Lille/50053/2022,A/Schleswig-Holstein/14/2022,640
A/Lille/50053/2022,A/Segovia/233/2022,640
A/Lille/50053/2022,A/Serbia/668/2023,320
A/Lille/50053/2022,A/Serbia/7028/2022,160
A/Lille/50053/2022,A/Slovenia/10543/2022,160
A/Lille/50053/2022,A/Slovenia/10919/2022,1280
A/Lille/50053/2022,A/Slovenia/11321/2022,640
A/Lille/50053/2022,A/Slovenia/11329/2022,640
A/Lille/50053/2022,A/Slovenia/11413/2022,80
A/Lille/50053/2022,A/Slovenia/11422/2022,320
A/Lille/50053/2022,A/Slovenia/11445/2022,640
A/Lille/50053/2022,A/Slovenia/11512/2022,266
A/Lille/50053/2022,A/Slovenia/11517/2022,320
A/Lille/50053/2022,A/Slovenia/657/2023,640
A/Lille/50053/2022,A/Stockholm/5/2021,284
A/Lille/50053/2022,A/Sweden/3098/2023,160
A/Lille/50053/2022,A/Switzerland/11159/2023,640
A/Lille/50053/2022,A/Switzerland/12082/2022,640
A/Lille/50053/2022,A/Switzerland/18284/2022,250
A/Lille/50053/2022,A/Switzerland/20498/2023,320
A/Lille/50053/2022,A/Switzerland/28719/2022,320
A/Lille/50053/2022,A/Switzerland/32862/2023,640
A/Lille/50053/2022,A/Tunisia/20957/2022,640
A/Lille/50053/2022,A/Tunisia/22684/2022,160
A/Lille/50053/2022,A/Tunisia/22985/2022,160
A/Lille/50053/2022,A/Ukraine/354/2021,588
A/Lille/50053/2022,A/Ukraine/774/2022,704
A/Lille/50053/2022,A/Ukraine/779/2022,320
A/Lille/50053/2022,A/Valladolid/12/2022,1280
A/Lille/50053/2022,A/Valladolid/14/2023,160
A/Lille/50053/2022,A/Valladolid/16/2022,160
A/Lille/50053/2022,A/Valladolid/20/2022,160
A/Lille/50053/2022,A/Valladolid/50/2022,80
A/Lille/50053/2022,A/Zamora/57/2022,320
A/Limoges/3105/2013,A/Minsk/1737/2012,80
A/Limoges/3105/2013,A/Paris/1988/2012,160
A/Limoges/3105/2013,A/Perth/16/2009,<40
A/Limoges/3105/2013,A/Samara/73/2013,640
A/Limoges/3105/2013,A/Victoria/361/2011,160
A/Linkoping/2/2017,A/Netherlands/398/2014,160
A/Linkoping/2/2017,A/Palermo/6/2016,80
A/Linkoping/2/2017,A/Sachsen/74/2016,80
A/Linkoping/2/2017,A/Switzerland/9715293/2013,40
A/Linkoping/3/2017,A/Netherlands/398/2014,160
A/Linkoping/3/2017,A/Palermo/6/2016,160
A/Linkoping/3/2017,A/Sachsen/74/2016,160
A/Linkoping/3/2017,A/Switzerland/9715293/2013,80
A/Linkoping/3/2022,A/Stockholm/5/2021,640
A/Linkoping/5/2022,A/Stockholm/5/2021,320
A/Linkoping/SE23-14481/2023,A/Poland/PL65/2022,160
A/Linkoping/SE23-14481/2023,A/Stockholm/5/2021,320
A/Linkoping/SE23-14481/2023,A/Switzerland/28719/2022,640
A/Lisboa/100/2019,A/Norway/3275/2018,80
A/Lisboa/100/2019,A/Switzerland/8060/2017,100
A/Lisboa/118/2019,A/Mauritius/I-3006/2019,<40
A/Lisboa/118/2019,A/Norway/3275/2018,<40
A/Lisboa/16/2017,A/Netherlands/398/2014,160
A/Lisboa/16/2017,A/Palermo/6/2016,160
A/Lisboa/16/2017,A/Switzerland/9715293/2013,40
A/Lisboa/178/2024,A/Lisboa/216/2023,160
A/Lisboa/178/2024,A/Netherlands/10510/2024,80
A/Lisboa/178/2024,A/Netherlands/10563/2023,320
A/Lisboa/178/2024,A/Norway/12374/2023,80
A/Lisboa/178/2024,A/Oklahoma/05/2024,160
A/Lisboa/216/2023,A/Lisboa/3/2024,640
A/Lisboa/216/2023,A/Lorraine/03877/2024,320
A/Lisboa/216/2023,A/Luxembourg/510839/2023,533
A/Lisboa/216/2023,A/Madagascar/03189/2024,160
A/Lisboa/216/2023,A/Madagascar/03198/2024,160
A/Lisboa/216/2023,A/Madagascar/03416/2024,160
A/Lisboa/216/2023,A/Madagascar/03788/2024,160
A/Lisboa/216/2023,A/Mauritius/1186095/2024,320
A/Lisboa/216/2023,A/Mauritius/I-176/2024,213
A/Lisboa/216/2023,A/Mauritius/I-183/2024,160
A/Lisboa/216/2023,A/Mauritius/I-185/2024,320
A/Lisboa/216/2023,A/Mauritius/I-186/2024,213
A/Lisboa/216/2023,A/Mozambique/699047/2024,640
A/Lisboa/216/2023,A/Mozambique/699067/2024,1280
A/Lisboa/216/2023,A/Mozambique/699070/2024,640
A/Lisboa/216/2023,A/Mozambique/699103/2024,960
A/Lisboa/216/2023,A/Navarra/2114/2024,176
A/Lisboa/216/2023,A/Netherlands/00156/2025,80
A/Lisboa/216/2023,A/Netherlands/00328/2025,40
A/Lisboa/216/2023,A/Netherlands/00520/2025,40
A/Lisboa/216/2023,A/Netherlands/01563/2024,80
A/Lisboa/216/2023,A/Netherlands/01577/2024,80
A/Lisboa/216/2023,A/Netherlands/01697/2024,80
A/Lisboa/216/2023,A/Netherlands/01729/2023,224
A/Lisboa/216/2023,A/Netherlands/01733/2023,515
A/Lisboa/216/2023,A/Netherlands/01762/2024,80
A/Lisboa/216/2023,A/Netherlands/01777/2024,160
A/Lisboa/216/2023,A/Netherlands/01780/2024,80
A/Lisboa/216/2023,A/Netherlands/01829/2024,30
A/Lisboa/216/2023,A/Netherlands/02093/2024,56
A/Lisboa/216/2023,A/Netherlands/02175/2024,80
A/Lisboa/216/2023,A/Netherlands/10431/2024,640
A/Lisboa/216/2023,A/Netherlands/10510/2024,83
A/Lisboa/216/2023,A/Netherlands/10553/2024,160
A/Lisboa/216/2023,A/Netherlands/10563/2023,618
A/Lisboa/216/2023,A/Netherlands/10641/2024,480
A/Lisboa/216/2023,A/Netherlands/10645/2024,640
A/Lisboa/216/2023,A/Netherlands/10660/2024,640
A/Lisboa/216/2023,A/Netherlands/10722/2024,320
A/Lisboa/216/2023,A/Newport/5620/2024,160
A/Lisboa/216/2023,A/Nordrhein-Westfalen/114/2024,160
A/Lisboa/216/2023,A/Norway/00392/2025,160
A/Lisboa/216/2023,A/Norway/00396/2025,160
A/Lisboa/216/2023,A/Norway/06798/2024,160
A/Lisboa/216/2023,A/Norway/06884/2024,320
A/Lisboa/216/2023,A/Norway/07066/2024,304
A/Lisboa/216/2023,A/Norway/07228/2024,320
A/Lisboa/216/2023,A/Norway/07263/2024,160
A/Lisboa/216/2023,A/Norway/07790/2024,320
A/Lisboa/216/2023,A/Norway/12374/2023,259
A/Lisboa/216/2023,A/Norway/1592/2024,165
A/Lisboa/216/2023,A/Norway/47/2024,320
A/Lisboa/216/2023,A/Oklahoma/05/2024,235
A/Lisboa/216/2023,A/Parma/50/2024,160
A/Lisboa/216/2023,A/Perm/RII-03/2024,320
A/Lisboa/216/2023,A/Perm/RII-04/2024,640
A/Lisboa/216/2023,A/Poland/50/2024,640
A/Lisboa/216/2023,A/Poland/PL44/2024,160
A/Lisboa/216/2023,A/Poland/PL51/2024,320
A/Lisboa/216/2023,A/Poland/PL53/2024,160
A/Lisboa/216/2023,A/Poland/PL54/2024,640
A/Lisboa/216/2023,A/Poland/PL64/2024,640
A/Lisboa/216/2023,A/Poland/PL65/2022,80
A/Lisboa/216/2023,A/Prahova/566118/2024,480
A/Lisboa/216/2023,A/Qatar/89814/2024,320
A/Lisboa/216/2023,A/Qatar/89913/2024,240
A/Lisboa/216/2023,A/Rheinland-Pfalz/39/2024,160
A/Lisboa/216/2023,A/Romania/563383/2023,462
A/Lisboa/216/2023,A/Romania_BB/586841/2024,320
A/Lisboa/216/2023,A/Romania_BB/586906/2025,40
A/Lisboa/216/2023,A/Saint-Petersburg/RII-48/2024,320
A/Lisboa/216/2023,A/SaintPetersburg/RII-46/2024,160
A/Lisboa/216/2023,A/SaintPetersburg/RII-47/2024,160
A/Lisboa/216/2023,A/Salalah/52423943/2024,160
A/Lisboa/216/2023,A/Salamanca/2657/2024,160
A/Lisboa/216/2023,A/SaudiArabia/10299/2024,320
A/Lisboa/216/2023,A/Schleswig-Holstein/54/2024,320
A/Lisboa/216/2023,A/Serbia/1354/2024,640
A/Lisboa/216/2023,A/Serbia/248/2024,689
A/Lisboa/216/2023,A/Serbia/8265/2023,853
A/Lisboa/216/2023,A/Shanghai-Fengxian/1912/2023,368
A/Lisboa/216/2023,A/Siracusa/5/2024,160
A/Lisboa/216/2023,A/Slovenia/370/2024,400
A/Lisboa/216/2023,A/Slovenia/648/2024,640
A/Lisboa/216/2023,A/Slovenia/NLZOH-8008-21-1540/2024,320
A/Lisboa/216/2023,A/Slovenia/NLZOH-8008-21-2023/2024,352
A/Lisboa/216/2023,A/SouthSudan/983/2024,320
A/Lisboa/216/2023,A/SouthSudan/988/2024,320
A/Lisboa/216/2023,A/Spain/1707/2024,320
A/Lisboa/216/2023,A/Spain/2026/2024,320
A/Lisboa/216/2023,A/Spain/2389/2024,320
A/Lisboa/216/2023,A/Spain/2561/2024,320
A/Lisboa/216/2023,A/Spain/575/2023,160
A/Lisboa/216/2023,A/Spain/968/2023,320
A/Lisboa/216/2023,A/Stockholm/5/2021,160
A/Lisboa/216/2023,A/Stockholm/SE24-52993/2024,160
A/Lisboa/216/2023,A/Switzerland/0800/2025,160
A/Lisboa/216/2023,A/Switzerland/28719/2022,320
A/Lisboa/216/2023,A/Switzerland/5118/2024,320
A/Lisboa/216/2023,A/Switzerland/5735/2024,160
A/Lisboa/216/2023,A/Switzerland/59652/2024,40
A/Lisboa/216/2023,A/Switzerland/71762/2023,320
A/Lisboa/216/2023,A/Switzerland/7776/2024,320
A/Lisboa/216/2023,A/Switzerland/7828/2024,640
A/Lisboa/216/2023,A/Switzerland/79656/2024,160
A/Lisboa/216/2023,A/Switzerland/8649/2023,320
A/Lisboa/216/2023,A/Switzerland/8932/2024,160
A/Lisboa/216/2023,A/Switzerland/91699/2024,160
A/Lisboa/216/2023,A/Toamasina/02991/2023,160
A/Lisboa/216/2023,A/Toulon/0241495940/2024,320
A/Lisboa/216/2023,A/Trollhattan/SE24-03639/2024,160
A/Lisboa/216/2023,A/Trollhattan/SE24-04469/2024,320
A/Lisboa/216/2023,A/Tunisia/3500/2024,320
A/Lisboa/216/2023,A/Turkmenistan/142/2024,576
A/Lisboa/216/2023,A/Turkmenistan/784/2025,160
A/Lisboa/216/2023,A/Turkmenistan/801/2025,160
A/Lisboa/216/2023,A/Ukraine/2777/2024,640
A/Lisboa/216/2023,A/Uppsala/SE24-04691/2024,320
A/Lisboa/216/2023,A/Victoria/2776/2023,1280
A/Lisboa/216/2023,A/Victoria/2997/2023,400
A/Lisboa/3/2024,A/Netherlands/10563/2023,640
A/Lisboa/3/2024,A/Norway/12374/2023,320
A/Lisboa/3/2024,A/Oklahoma/05/2024,320
A/Lisboa/38/2012,A/Perth/16/2009,<40
A/Lisboa/38/2012,A/Victoria/361/2011,240
A/Lisboa/5/2017,A/Netherlands/398/2014,240
A/Lisboa/5/2017,A/Palermo/6/2016,240
A/Lisboa/5/2017,A/Switzerland/9715293/2013,60
A/Lisboa/554/2022,A/Stockholm/5/2021,320
A/Lisboa/554/2022,A/Ukraine/354/2021,80
A/Lisboa/561/2022,A/Stockholm/5/2021,320
A/Lisboa/561/2022,A/Ukraine/354/2021,80
A/Lisboa/584/2022,A/Stockholm/5/2021,320
A/Lisboa/584/2022,A/Ukraine/354/2021,80
A/Lisboa/595/2022,A/Stockholm/5/2021,320
A/Lisboa/595/2022,A/Ukraine/354/2021,80
A/Lisboa/597/2022,A/Stockholm/5/2021,320
A/Lisboa/597/2022,A/Ukraine/354/2021,80
A/Lisboa/706/2022,A/Stockholm/5/2021,240
A/Lisboa/706/2022,A/Ukraine/354/2021,60
A/Lisboa/731/2022,A/Stockholm/5/2021,320
A/Lisboa/731/2022,A/Ukraine/354/2021,40
A/Lisboa/751/2022,A/Stockholm/5/2021,160
A/Lisboa/751/2022,A/Ukraine/354/2021,40
A/Lisboa/93/2019,A/Norway/3275/2018,<40
A/Lisboa/93/2019,A/Switzerland/8060/2017,40
A/Lisboa/97/2019,A/Norway/3275/2018,40
A/Lisboa/97/2019,A/Switzerland/8060/2017,40
A/Lisboa/MS105/2014,A/Minsk/1737/2012,120
A/Lisboa/MS105/2014,A/Netherlands/398/2014,320
A/Lisboa/MS105/2014,A/Paris/1988/2012,160
A/Lisboa/MS105/2014,A/Perth/16/2009,60
A/Lisboa/MS105/2014,A/Samara/73/2013,320
A/Lisboa/MS105/2014,A/Stockholm/1/2013,120
A/Lisboa/MS105/2014,A/Victoria/361/2011,160
A/Lisboa/SU34/2014,A/Madrid/SO13031/2014,<40
A/Lisboa/SU34/2014,A/Minsk/1737/2012,40
A/Lisboa/SU34/2014,A/Netherlands/398/2014,70
A/Lisboa/SU34/2014,A/Perth/16/2009,<40
A/Lisboa/SU34/2014,A/Samara/73/2013,80
A/Lisboa/SU34/2014,A/Switzerland/9715293/2013,40
A/Lisboa/SU34/2014,A/Victoria/361/2011,40
A/Lithuania/11496/2014,A/Minsk/1737/2012,320
A/Lithuania/11496/2014,A/Netherlands/398/2014,320
A/Lithuania/11496/2014,A/Perth/16/2009,40
A/Lithuania/11496/2014,A/Samara/73/2013,320
A/Lithuania/11496/2014,A/Stockholm/1/2013,80
A/Lithuania/11496/2014,A/Victoria/361/2011,160
A/Lithuania/142K/2009,A/Niigata/403/2009,690
A/Lithuania/142K/2009,A/Perth/16/2009,1802
A/Lithuania/142K/2009,A/Uruguay/716/2007,986
A/Lithuania/142K/2009,A/Wisconsin/67/2005,246
A/Lithuania/33224/2022,A/Stockholm/5/2021,240
A/Lithuania/33830/2022,A/Stockholm/5/2021,280
A/Lithuania/36453/2022,A/Stockholm/5/2021,320
A/Lithuania/36696/2022,A/Slovenia/9216/2022,*
A/Lithuania/36696/2022,A/Slovenia/9318/2022,*
A/Lithuania/36696/2022,A/Stockholm/5/2021,576
A/Lithuania/47481/2022,A/Stockholm/5/2021,80
A/Lithuania/47481/2022,A/Ukraine/354/2021,80
A/Lithuania/48379/2022,A/Stockholm/5/2021,160
A/Lithuania/48379/2022,A/Ukraine/354/2021,40
A/Lithuania/48708/2022,A/Stockholm/5/2021,160
A/Lithuania/48708/2022,A/Ukraine/354/2021,160
A/Lithuania/6165/2017,A/Minsk/1737/2012,80
A/Lithuania/6165/2017,A/Netherlands/398/2014,120
A/Lithuania/6165/2017,A/Palermo/6/2016,320
A/Lithuania/6165/2017,A/Sachsen/74/2016,320
A/Lithuania/6165/2017,A/Samara/73/2013,80
A/Lithuania/6165/2017,A/Switzerland/9715293/2013,80
A/Lithuania/6583/2017,A/Minsk/1737/2012,40
A/Lithuania/6583/2017,A/Netherlands/398/2014,80
A/Lithuania/6583/2017,A/Palermo/6/2016,160
A/Lithuania/6583/2017,A/Sachsen/74/2016,320
A/Lithuania/6583/2017,A/Samara/73/2013,80
A/Lithuania/6583/2017,A/Switzerland/9715293/2013,40
A/Lithuania/6735/2017,A/Minsk/1737/2012,<40
A/Lithuania/6735/2017,A/Netherlands/398/2014,100
A/Lithuania/6735/2017,A/Palermo/6/2016,80
A/Lithuania/6735/2017,A/Sachsen/74/2016,160
A/Lithuania/6735/2017,A/Samara/73/2013,<40
A/Lithuania/6735/2017,A/Switzerland/9715293/2013,<40
A/Lithuania/7612/2017,A/Minsk/1737/2012,<40
A/Lithuania/7612/2017,A/Netherlands/398/2014,60
A/Lithuania/7612/2017,A/Palermo/6/2016,80
A/Lithuania/7612/2017,A/Sachsen/74/2016,80
A/Lithuania/7612/2017,A/Samara/73/2013,<40
A/Lithuania/7612/2017,A/Switzerland/9715293/2013,40
A/Lithuania/7703/2017,A/Minsk/1737/2012,40
A/Lithuania/7703/2017,A/Netherlands/398/2014,80
A/Lithuania/7703/2017,A/Palermo/6/2016,80
A/Lithuania/7703/2017,A/Sachsen/74/2016,160
A/Lithuania/7703/2017,A/Samara/73/2013,40
A/Lithuania/7703/2017,A/Switzerland/9715293/2013,80
A/Lithuania/7906/2017,A/Minsk/1737/2012,40
A/Lithuania/7906/2017,A/Netherlands/398/2014,120
A/Lithuania/7906/2017,A/Palermo/6/2016,320
A/Lithuania/7906/2017,A/Sachsen/74/2016,320
A/Lithuania/7906/2017,A/Samara/73/2013,40
A/Lithuania/7906/2017,A/Switzerland/9715293/2013,80
A/Lithuania/8237/2014,A/Madrid/SO13031/2014,576
A/Lithuania/8237/2014,A/Minsk/1737/2012,263
A/Lithuania/8237/2014,A/Netherlands/398/2014,196
A/Lithuania/8237/2014,A/Paris/1988/2012,160
A/Lithuania/8237/2014,A/Perth/16/2009,75
A/Lithuania/8237/2014,A/Samara/73/2013,231
A/Lithuania/8237/2014,A/Stockholm/1/2013,67
A/Lithuania/8237/2014,A/Switzerland/9715293/2013,53
A/Lithuania/8237/2014,A/Victoria/361/2011,126
A/Lithuania/9133/2014,A/Minsk/1737/2012,640
A/Lithuania/9133/2014,A/Netherlands/398/2014,320
A/Lithuania/9133/2014,A/Perth/16/2009,<40
A/Lithuania/9133/2014,A/Samara/73/2013,320
A/Lithuania/9133/2014,A/Stockholm/1/2013,80
A/Lithuania/9133/2014,A/Victoria/361/2011,80
A/Lithuania/MB41185/2019,A/Norway/3275/2018,80
A/Lithuania/MB41235/2019,A/Norway/3275/2018,80
A/Lithuania/MB42123/2019,A/Norway/3275/2018,<40
A/Lithuania/MB42384/2019,A/Norway/3275/2018,40
A/Lorraine/03877/2024,A/Netherlands/10563/2023,320
A/Lorraine/03877/2024,A/Norway/12374/2023,160
A/Lorraine/03877/2024,A/Oklahoma/05/2024,160
A/Lorraine/2073/2011,A/Perth/10/2010,640
A/Lorraine/2073/2011,A/Perth/16/2009,320
A/Lorraine/2073/2011,A/Victoria/210/2009,160
A/Lorraine/2365/2018,A/Netherlands/398/2014,<40
A/Lorraine/2365/2018,A/Sachsen/74/2016,40
A/Lorraine/2365/2018,A/Switzerland/8060/2017,<40
A/Lorraine/2777/2019,A/Norway/3275/2018,40
A/Lubica/132/2017,A/Minsk/1737/2012,<40
A/Lubica/132/2017,A/Netherlands/398/2014,<40
A/Lubica/132/2017,A/Palermo/6/2016,80
A/Lubica/132/2017,A/Sachsen/74/2016,80
A/Lubica/132/2017,A/Samara/73/2013,<40
A/Lubica/132/2017,A/Switzerland/9715293/2013,<40
A/Luxembourg/4634126/2023,A/Poland/PL65/2022,80
A/Luxembourg/4634126/2023,A/Stockholm/5/2021,160
A/Luxembourg/4634126/2023,A/Switzerland/28719/2022,320
A/Luxembourg/510839/2023,A/Netherlands/10563/2023,533
A/Luxembourg/510839/2023,A/Norway/12374/2023,160
A/Luxembourg/510839/2023,A/Oklahoma/05/2024,320
A/Luxembourg/510839/2023,A/Poland/PL65/2022,80
A/Luxembourg/510839/2023,A/Stockholm/5/2021,320
A/Luxembourg/510839/2023,A/Switzerland/28719/2022,320
A/Luxembourg/62062/2016,A/Minsk/1737/2012,40
A/Luxembourg/62062/2016,A/Netherlands/398/2014,120
A/Luxembourg/62062/2016,A/Palermo/6/2016,160
A/Luxembourg/62062/2016,A/Sachsen/74/2016,160
A/Luxembourg/62062/2016,A/Samara/73/2013,40
A/Luxembourg/62062/2016,A/Switzerland/9715293/2013,60
A/Lyon/1135/2010,A/Perth/10/2010,1280
A/Lyon/1135/2010,A/Perth/16/2009,320
A/Lyon/1135/2010,A/Victoria/210/2009,320
A/Lyon/1135/2010,A/Wisconsin/67/2005,<40
A/Lyon/1381/2007,A/Nepal/921/2006,80
A/Lyon/1381/2007,A/Serres/77/2007,160
A/Lyon/1381/2007,A/Sofia/319/2007,160
A/Lyon/1381/2007,A/Uruguay/716/2007,160
A/Lyon/1381/2007,A/Wisconsin/67/2005,640
A/Lyon/162/2020,A/Norway/3275/2018,40
A/Lyon/1715/2009,A/Montana/05/2011,832
A/Lyon/1715/2009,A/Perth/10/2010,512
A/Lyon/1715/2009,A/Perth/16/2009,408
A/Lyon/1715/2009,A/Uruguay/716/2007,80
A/Lyon/1715/2009,A/Victoria/210/2009,180
A/Lyon/1715/2009,A/Wisconsin/67/2005,50
A/Lyon/2106/2018,A/Netherlands/398/2014,160
A/Lyon/2106/2018,A/Sachsen/74/2016,160
A/Lyon/2106/2018,A/Switzerland/8060/2017,80
A/Lyon/2358/2019,A/Mauritius/I-3006/2019,<40
A/Lyon/2358/2019,A/Norway/3275/2018,<40
A/Lyon/2429/2014,A/Minsk/1737/2012,120
A/Lyon/2429/2014,A/Netherlands/398/2014,240
A/Lyon/2429/2014,A/Perth/16/2009,60
A/Lyon/2429/2014,A/Samara/73/2013,320
A/Lyon/2429/2014,A/Switzerland/9715293/2013,90
A/Lyon/2429/2014,A/Victoria/361/2011,160
A/Lyon/2608/2015,A/Madrid/SO13031/2014,<40
A/Lyon/2608/2015,A/Minsk/1737/2012,53
A/Lyon/2608/2015,A/Netherlands/398/2014,140
A/Lyon/2608/2015,A/Palermo/6/2016,240
A/Lyon/2608/2015,A/Sachsen/74/2016,240
A/Lyon/2608/2015,A/Samara/73/2013,60
A/Lyon/2608/2015,A/Switzerland/9715293/2013,73
A/Lyon/86/2020,A/Norway/3275/2018,<40
A/Macau/557/2005,A/Panama/2007/1999,<40
A/Macau/557/2005,A/Wyoming/3/2003,40
A/Macedonia/133/2023,A/Stockholm/5/2021,320
A/Macedonia/133/2023,A/Ukraine/354/2021,80
A/Macedonia/1462/2019,A/Norway/3275/2018,40
A/Macedonia/1462/2019,A/Switzerland/8060/2017,40
A/Macedonia/450/2020,A/Norway/3275/2018,80
A/Macedonia/505/2020,A/Norway/3275/2018,80
A/Macedonia/723/2019,A/Netherlands/10260/2018,80
A/Macedonia/723/2019,A/Netherlands/398/2014,80
A/Macedonia/723/2019,A/Norway/3275/2018,160
A/Macedonia/723/2019,A/Switzerland/8060/2017,80
A/Madagascar/00153/2014,A/Minsk/1737/2012,320
A/Madagascar/00153/2014,A/Paris/1988/2012,640
A/Madagascar/00153/2014,A/Perth/16/2009,80
A/Madagascar/00153/2014,A/Samara/73/2013,1280
A/Madagascar/00153/2014,A/Victoria/361/2011,640
A/Madagascar/03189/2024,A/Netherlands/10510/2024,<40
A/Madagascar/03189/2024,A/Netherlands/10563/2023,160
A/Madagascar/03189/2024,A/Norway/12374/2023,80
A/Madagascar/03189/2024,A/Oklahoma/05/2024,80
A/Madagascar/03198/2024,A/Netherlands/10510/2024,80
A/Madagascar/03198/2024,A/Netherlands/10563/2023,160
A/Madagascar/03198/2024,A/Norway/12374/2023,80
A/Madagascar/03198/2024,A/Oklahoma/05/2024,80
A/Madagascar/03416/2024,A/Netherlands/10510/2024,40
A/Madagascar/03416/2024,A/Netherlands/10563/2023,160
A/Madagascar/03416/2024,A/Norway/12374/2023,40
A/Madagascar/03416/2024,A/Oklahoma/05/2024,80
A/Madagascar/03788/2024,A/Netherlands/10510/2024,<40
A/Madagascar/03788/2024,A/Netherlands/10563/2023,160
A/Madagascar/03788/2024,A/Norway/12374/2023,40
A/Madagascar/03788/2024,A/Oklahoma/05/2024,80
A/Madagascar/04245/2013,A/Minsk/1737/2012,171
A/Madagascar/04245/2013,A/Netherlands/398/2014,240
A/Madagascar/04245/2013,A/Paris/1988/2012,200
A/Madagascar/04245/2013,A/Perth/16/2009,40
A/Madagascar/04245/2013,A/Samara/73/2013,365
A/Madagascar/04245/2013,A/Switzerland/9715293/2013,40
A/Madagascar/04245/2013,A/Victoria/361/2011,160
A/Madagascar/0648/2011,A/Perth/10/2010,640
A/Madagascar/0648/2011,A/Perth/16/2009,160
A/Madagascar/0648/2011,A/Victoria/210/2009,160
A/Madagascar/0648/2011,A/Wisconsin/67/2005,<40
A/Madagascar/1121/2011,A/Perth/10/2010,1280
A/Madagascar/1121/2011,A/Perth/16/2009,320
A/Madagascar/1121/2011,A/Victoria/210/2009,160
A/Madagascar/1121/2011,A/Wisconsin/67/2005,<40
A/Madagascar/2395/2014,A/Minsk/1737/2012,80
A/Madagascar/2395/2014,A/Netherlands/398/2014,480
A/Madagascar/2395/2014,A/Perth/16/2009,<40
A/Madagascar/2395/2014,A/Samara/73/2013,160
A/Madagascar/2395/2014,A/Switzerland/9715293/2013,120
A/Madagascar/2395/2014,A/Victoria/361/2011,80
A/Madagascar/2699/2006,A/Wisconsin/67/2005,640
A/Madagascar/3069/2014,A/Minsk/1737/2012,40
A/Madagascar/3069/2014,A/Netherlands/398/2014,400
A/Madagascar/3069/2014,A/Perth/16/2009,<40
A/Madagascar/3069/2014,A/Samara/73/2013,160
A/Madagascar/3069/2014,A/Switzerland/9715293/2013,160
A/Madagascar/3069/2014,A/Victoria/361/2011,80
A/Madagascar/4286/2009,A/Perth/16/2009,60
A/Madagascar/4286/2009,A/Uruguay/716/2007,640
A/Madagascar/4286/2009,A/Wisconsin/67/2005,160
A/Madagascar/6613/2010,A/Perth/10/2010,640
A/Madagascar/6613/2010,A/Perth/16/2009,640
A/Madagascar/7142/2010,A/Perth/10/2010,320
A/Madagascar/7142/2010,A/Perth/16/2009,320
A/Madagascar/7749/2010,A/Perth/10/2010,320
A/Madagascar/7749/2010,A/Perth/16/2009,320
A/Madagascar/897/2014,A/Minsk/1737/2012,320
A/Madagascar/897/2014,A/Netherlands/398/2014,240
A/Madagascar/897/2014,A/Perth/16/2009,40
A/Madagascar/897/2014,A/Samara/73/2013,320
A/Madagascar/897/2014,A/Switzerland/9715293/2013,40
A/Madagascar/897/2014,A/Victoria/361/2011,160
A/Madrid/1436/2022,A/Spain/90/2021,*
A/Madrid/1436/2022,A/Stockholm/5/2021,320
A/Madrid/15042/2014,A/Minsk/1737/2012,40
A/Madrid/15042/2014,A/Netherlands/398/2014,400
A/Madrid/15042/2014,A/Perth/16/2009,<40
A/Madrid/15042/2014,A/Samara/73/2013,160
A/Madrid/15042/2014,A/Switzerland/9715293/2013,80
A/Madrid/15042/2014,A/Victoria/361/2011,80
A/Madrid/15053/2014,A/Madrid/SO13031/2014,560
A/Madrid/15053/2014,A/Minsk/1737/2012,194
A/Madrid/15053/2014,A/Netherlands/398/2014,177
A/Madrid/15053/2014,A/Perth/16/2009,54
A/Madrid/15053/2014,A/Samara/73/2013,160
A/Madrid/15053/2014,A/Switzerland/9715293/2013,51
A/Madrid/15053/2014,A/Victoria/361/2011,90
A/Madrid/3803/2022,A/Stockholm/5/2021,320
A/Madrid/3803/2022,A/Ukraine/354/2021,320
A/Madrid/SO13031/2014,A/Mardin/2834/2016,40
A/Madrid/SO13031/2014,A/Marseille/2588/2015,<40
A/Madrid/SO13031/2014,A/Mauritius/I-240/2015,40
A/Madrid/SO13031/2014,A/Mie/21/2015,<40
A/Madrid/SO13031/2014,A/Milano/23/2016,<40
A/Madrid/SO13031/2014,A/Minsk/1737/2012,290
A/Madrid/SO13031/2014,A/Montenegro/110/2016,<40
A/Madrid/SO13031/2014,A/Moscow/103/2015,<40
A/Madrid/SO13031/2014,A/Moscow/133/2015,<40
A/Madrid/SO13031/2014,A/Mozambique/IR436/2015,<40
A/Madrid/SO13031/2014,A/Mozambique/IR451/2015,40
A/Madrid/SO13031/2014,A/Mozambique/IR493/2015,<40
A/Madrid/SO13031/2014,A/Mozambique/IR803/2015,<40
A/Madrid/SO13031/2014,A/Netherlands/3768/2016,<40
A/Madrid/SO13031/2014,A/Netherlands/398/2014,202
A/Madrid/SO13031/2014,A/Netherlands/773/2014,160
A/Madrid/SO13031/2014,A/Netherlands/779/2014,320
A/Madrid/SO13031/2014,A/Newcastle/30/2016,<40
A/Madrid/SO13031/2014,A/Norway/0144/2015,320
A/Madrid/SO13031/2014,A/Norway/2475/2015,<40
A/Madrid/SO13031/2014,A/Norway/2629/2015,<40
A/Madrid/SO13031/2014,A/Norway/4238/2016,<40
A/Madrid/SO13031/2014,A/Norway/4395/2016,<40
A/Madrid/SO13031/2014,A/Norway/4465/2016,<40
A/Madrid/SO13031/2014,A/Norway/4497/2016,<40
A/Madrid/SO13031/2014,A/Novosibirsk/13/2015,40
A/Madrid/SO13031/2014,A/Odessa/695/2016,<40
A/Madrid/SO13031/2014,A/Oman/1819/2016,40
A/Madrid/SO13031/2014,A/Oman/4681/2015,<40
A/Madrid/SO13031/2014,A/Oman/4940/2015,<40
A/Madrid/SO13031/2014,A/Oman/5009/2015,<40
A/Madrid/SO13031/2014,A/Oman/5011/2015,<40
A/Madrid/SO13031/2014,A/Oman/5357/2015,<40
A/Madrid/SO13031/2014,A/Oman/5691/2015,<40
A/Madrid/SO13031/2014,A/Omsk/4174/2016,<40
A/Madrid/SO13031/2014,A/Palermo/6/2016,<40
A/Madrid/SO13031/2014,A/Paris/1988/2012,160
A/Madrid/SO13031/2014,A/Paris/2332/2014,<40
A/Madrid/SO13031/2014,A/Parma/38/2016,<40
A/Madrid/SO13031/2014,A/Perth/16/2009,82
A/Madrid/SO13031/2014,A/Roma/12/2016,<40
A/Madrid/SO13031/2014,A/Sachsen/74/2016,<40
A/Madrid/SO13031/2014,A/Saitama/103/2014,400
A/Madrid/SO13031/2014,A/Samara/73/2013,280
A/Madrid/SO13031/2014,A/Serbia-NS/1565/2016,40
A/Madrid/SO13031/2014,A/Shizuoka/34/2015,<40
A/Madrid/SO13031/2014,A/Singapore/KK943/2014,40
A/Madrid/SO13031/2014,A/Slovenia/1066/15,1280
A/Madrid/SO13031/2014,A/Slovenia/1070/2016,<40
A/Madrid/SO13031/2014,A/Slovenia/1172/2016,40
A/Madrid/SO13031/2014,A/Slovenia/129/2016,40
A/Madrid/SO13031/2014,A/Slovenia/1307/2016,40
A/Madrid/SO13031/2014,A/Slovenia/2069/2015,1280
A/Madrid/SO13031/2014,A/Slovenia/3188/2015,80
A/Madrid/SO13031/2014,A/Slovenia/369/2015,<40
A/Madrid/SO13031/2014,A/Slovenia/852/2016,<40
A/Madrid/SO13031/2014,A/Stockholm/1/2013,80
A/Madrid/SO13031/2014,A/Stockholm/12/2015,160
A/Madrid/SO13031/2014,A/Stockholm/24/2016,<40
A/Madrid/SO13031/2014,A/Stockholm/31/2014,<40
A/Madrid/SO13031/2014,A/Stockholm/32/2014,<40
A/Madrid/SO13031/2014,A/Stockholm/36/2014,40
A/Madrid/SO13031/2014,A/Stockholm/42/2016,<40
A/Madrid/SO13031/2014,A/Stockholm/46/2016,<40
A/Madrid/SO13031/2014,A/Stockholm/63/2015,<40
A/Madrid/SO13031/2014,A/Switzerland/9715293/2013,74
A/Madrid/SO13031/2014,A/Sydney/142/2016,80
A/Madrid/SO13031/2014,A/Tomsk/5/2015,<40
A/Madrid/SO13031/2014,A/Trencin/558/2015,<40
A/Madrid/SO13031/2014,A/Trnava/176/2015,<40
A/Madrid/SO13031/2014,A/Turkey/TR-17/2016,80
A/Madrid/SO13031/2014,A/Turkey/TR-31/2016,40
A/Madrid/SO13031/2014,A/Ukraine/7030/2016,<40
A/Madrid/SO13031/2014,A/Valladolid/290/2016,66
A/Madrid/SO13031/2014,A/Victoria/361/2011,125
A/Madrid/SO13031/2014,A/Victoria/511/2015,960
A/Madrid/SO13031/2014,A/Wisconsin/20/2015,<40
A/Madrid/SO13031/2014,A/Yokohama/120/2016,<40
A/Madrid/SO13031/2014,A/Yunnan-Wenshan/1893/2015,40
A/Maevatanana/563/2013,A/Minsk/1737/2012,320
A/Maevatanana/563/2013,A/Perth/16/2009,<40
A/Maevatanana/563/2013,A/Samara/73/2013,160
A/Maevatanana/563/2013,A/Victoria/361/2011,140
A/Maevatanana/974/2013,A/Minsk/1737/2012,720
A/Maevatanana/974/2013,A/Perth/16/2009,160
A/Maevatanana/974/2013,A/Samara/73/2013,120
A/Maevatanana/974/2013,A/Victoria/361/2011,280
A/Magadan/187/2017,A/Netherlands/398/2014,160
A/Magadan/187/2017,A/Oman/5466/2016,160
A/Magadan/187/2017,A/Palermo/6/2016,160
A/Magadan/187/2017,A/Switzerland/9715293/2013,160
A/Mahajanga/12570/2021,A/Stockholm/5/2021,640
A/Mahajanga/13001/2021,A/Stockholm/5/2021,320
A/Malta/MX502071/2015,A/Minsk/1737/2012,40
A/Malta/MX502071/2015,A/Netherlands/398/2014,120
A/Malta/MX502071/2015,A/Perth/16/2009,<40
A/Malta/MX502071/2015,A/Samara/73/2013,160
A/Malta/MX502071/2015,A/Switzerland/9715293/2013,40
A/Malta/MX502071/2015,A/Victoria/361/2011,80
A/Manandona/03215/2023,A/Netherlands/10563/2023,240
A/Manandona/03215/2023,A/Poland/PL65/2022,120
A/Manandona/03215/2023,A/Stockholm/5/2021,120
A/Manandona/03215/2023,A/Switzerland/28719/2022,240
A/Mardin/2834/2016,A/Minsk/1737/2012,80
A/Mardin/2834/2016,A/Netherlands/398/2014,400
A/Mardin/2834/2016,A/Samara/73/2013,40
A/Mardin/2834/2016,A/Switzerland/9715293/2013,120
A/Marseille/2195/2017,A/Netherlands/398/2014,80
A/Marseille/2195/2017,A/Norway/4465/2016,*
A/Marseille/2195/2017,A/Palermo/6/2016,60
A/Marseille/2195/2017,A/Sachsen/74/2016,80
A/Marseille/2195/2017,A/Switzerland/9715293/2013,*
A/Marseille/2588/2015,A/Mauritius/I-240/2015,<40
A/Marseille/2588/2015,A/Minsk/1737/2012,45
A/Marseille/2588/2015,A/Netherlands/398/2014,111
A/Marseille/2588/2015,A/Niedersachsen/186/2017,<40
A/Marseille/2588/2015,A/Norway/4465/2016,<40
A/Marseille/2588/2015,A/Palermo/6/2016,190
A/Marseille/2588/2015,A/Paris/1023/2017,<40
A/Marseille/2588/2015,A/Sachsen/74/2016,252
A/Marseille/2588/2015,A/Samara/73/2013,44
A/Marseille/2588/2015,A/Switzerland/9715293/2013,54
A/Mauritania/08-2019/2019,A/Norway/3275/2018,60
A/Mauritania/08-2019/2019,A/Switzerland/8060/2017,40
A/Mauritania/15-2019/2019,A/Norway/3275/2018,140
A/Mauritania/15-2019/2019,A/Switzerland/8060/2017,120
A/Mauritius/1186095/2024,A/Netherlands/10510/2024,80
A/Mauritius/1186095/2024,A/Netherlands/10563/2023,320
A/Mauritius/1186095/2024,A/Norway/12374/2023,160
A/Mauritius/1186095/2024,A/Oklahoma/05/2024,160
A/Mauritius/167/2013,A/Minsk/1737/2012,720
A/Mauritius/167/2013,A/Paris/1988/2012,280
A/Mauritius/167/2013,A/Perth/16/2009,80
A/Mauritius/167/2013,A/Samara/73/2013,800
A/Mauritius/167/2013,A/Victoria/361/2011,280
A/Mauritius/511/2009,A/Niigata/403/2009,960
A/Mauritius/511/2009,A/Perth/16/2009,1280
A/Mauritius/511/2009,A/Uruguay/716/2007,320
A/Mauritius/511/2009,A/Wisconsin/67/2005,160
A/Mauritius/610/2013,A/Minsk/1737/2012,1280
A/Mauritius/610/2013,A/Paris/1988/2012,640
A/Mauritius/610/2013,A/Perth/16/2009,40
A/Mauritius/610/2013,A/Samara/73/2013,1280
A/Mauritius/610/2013,A/Victoria/361/2011,480
A/Mauritius/703/2013,A/Minsk/1737/2012,1280
A/Mauritius/703/2013,A/Paris/1988/2012,320
A/Mauritius/703/2013,A/Perth/16/2009,40
A/Mauritius/703/2013,A/Samara/73/2013,1280
A/Mauritius/703/2013,A/Victoria/361/2011,400
A/Mauritius/I-1020/2018,A/Netherlands/10260/2018,40
A/Mauritius/I-1020/2018,A/Netherlands/398/2014,160
A/Mauritius/I-1020/2018,A/Norway/3275/2018,320
A/Mauritius/I-1020/2018,A/Switzerland/8060/2017,640
A/Mauritius/I-1058/2018,A/Netherlands/10260/2018,160
A/Mauritius/I-1058/2018,A/Netherlands/398/2014,160
A/Mauritius/I-1058/2018,A/Norway/3275/2018,160
A/Mauritius/I-1058/2018,A/Switzerland/8060/2017,40
A/Mauritius/I-1072/2018,A/Netherlands/10260/2018,160
A/Mauritius/I-1072/2018,A/Netherlands/398/2014,160
A/Mauritius/I-1072/2018,A/Norway/3275/2018,160
A/Mauritius/I-1072/2018,A/Switzerland/8060/2017,40
A/Mauritius/I-1122/2018,A/Netherlands/10260/2018,80
A/Mauritius/I-1122/2018,A/Netherlands/398/2014,40
A/Mauritius/I-1122/2018,A/Norway/3275/2018,80
A/Mauritius/I-1122/2018,A/Switzerland/8060/2017,<40
A/Mauritius/I-176/2024,A/Netherlands/10510/2024,40
A/Mauritius/I-176/2024,A/Netherlands/10563/2023,213
A/Mauritius/I-176/2024,A/Norway/12374/2023,80
A/Mauritius/I-176/2024,A/Oklahoma/05/2024,106
A/Mauritius/I-183/2024,A/Netherlands/10510/2024,80
A/Mauritius/I-183/2024,A/Netherlands/10563/2023,160
A/Mauritius/I-183/2024,A/Norway/12374/2023,80
A/Mauritius/I-183/2024,A/Oklahoma/05/2024,160
A/Mauritius/I-185/2024,A/Netherlands/10510/2024,80
A/Mauritius/I-185/2024,A/Netherlands/10563/2023,320
A/Mauritius/I-185/2024,A/Norway/12374/2023,160
A/Mauritius/I-185/2024,A/Oklahoma/05/2024,160
A/Mauritius/I-186/2024,A/Netherlands/10510/2024,66
A/Mauritius/I-186/2024,A/Netherlands/10563/2023,266
A/Mauritius/I-186/2024,A/Norway/12374/2023,80
A/Mauritius/I-186/2024,A/Oklahoma/05/2024,133
A/Mauritius/I-1921/2019,A/Norway/3275/2018,320
A/Mauritius/I-1921/2019,A/Switzerland/8060/2017,80
A/Mauritius/I-2000/2019,A/Norway/3275/2018,320
A/Mauritius/I-240/2015,A/Minsk/1737/2012,72
A/Mauritius/I-240/2015,A/Netherlands/398/2014,208
A/Mauritius/I-240/2015,A/Palermo/6/2016,186
A/Mauritius/I-240/2015,A/Perth/16/2009,40
A/Mauritius/I-240/2015,A/Sachsen/74/2016,170
A/Mauritius/I-240/2015,A/Samara/73/2013,88
A/Mauritius/I-240/2015,A/Switzerland/9715293/2013,66
A/Mauritius/I-3006/2019,A/Netherlands/10286/2019,40
A/Mauritius/I-3006/2019,A/Norway/3275/2018,248
A/Mauritius/I-3006/2019,A/Portugal/16/2019,40
A/Mauritius/I-3006/2019,A/Saarland/25/2019,<40
A/Mauritius/I-3006/2019,A/Stockholm/30/2019,40
A/Mauritius/I-3006/2019,A/Switzerland/8060/2017,40
A/Mauritius/I-906/2018,A/Netherlands/398/2014,160
A/Mauritius/I-906/2018,A/Sachsen/74/2016,160
A/Mauritius/I-906/2018,A/Switzerland/8060/2017,80
A/Mauritius/I-925/2018,A/Netherlands/10260/2018,60
A/Mauritius/I-925/2018,A/Netherlands/398/2014,60
A/Mauritius/I-925/2018,A/Norway/3275/2018,40
A/Mauritius/I-925/2018,A/Sachsen/74/2016,40
A/Mauritius/I-925/2018,A/Switzerland/8060/2017,40
A/Mauritius/I-967/2018,A/Netherlands/398/2014,40
A/Mauritius/I-967/2018,A/Sachsen/74/2016,80
A/Mauritius/I-967/2018,A/Switzerland/8060/2017,40
A/Mauritius/P50061/2023,A/Poland/PL65/2022,80
A/Mauritius/P50061/2023,A/Stockholm/5/2021,80
A/Mauritius/P50061/2023,A/Switzerland/28719/2022,160
A/Mauritius/P53142/2023,A/Poland/PL65/2022,80
A/Mauritius/P53142/2023,A/Stockholm/5/2021,160
A/Mauritius/P53142/2023,A/Switzerland/28719/2022,320
A/Mauritius/P61639/2022,A/Stockholm/5/2021,160
A/Mauritius/P61639/2022,A/Ukraine/354/2021,40
A/Mayotte/2097/2016,A/Minsk/1737/2012,40
A/Mayotte/2097/2016,A/Netherlands/398/2014,60
A/Mayotte/2097/2016,A/Palermo/6/2016,160
A/Mayotte/2097/2016,A/Sachsen/74/2016,160
A/Mayotte/2097/2016,A/Samara/73/2013,40
A/Mayotte/2097/2016,A/Switzerland/9715293/2013,60
A/Mayotte/508/21,A/Stockholm/5/2021,56
A/Mayotte/513/2021,A/Stockholm/5/2021,40
A/Mayotte/517/2021,A/Stockholm/5/2021,40
A/Mayotte/564/2021,A/Stockholm/5/2021,320
A/Mecklenburg-Vorpommern/69/2022,A/Stockholm/5/2021,640
A/Mecklenburg-Vorpommern/88/2022,A/Norway/28542/2022,320
A/Mecklenburg-Vorpommern/88/2022,A/Stockholm/5/2021,200
A/Mecklenburg-Vorpommern/88/2022,A/Ukraine/354/2021,155
A/Michigan/173/2020,A/Qatar/10-VI-21-3843467/2021,*
A/Michigan/173/2020,A/Qatar/10-VI-21-3886441/2021,550
A/Michigan/173/2020,A/Qatar/16-VI-21-3673175/2021,640
A/Michigan/173/2020,A/Qatar/16-VI-21-3798042/2021,*
A/Michigan/173/2020,A/Qatar/16-VI-21-4035218/2021,320
A/Michigan/173/2020,A/Qatar/16-VI-21-4035811/2021,160
A/Michigan/173/2020,A/Qatar/24-VI-21-3752470/2021,640
A/Michigan/173/2020,A/Qatar/24-VI-21-3985321/2021,640
A/Michigan/173/2020,A/Qatar/24-VI-21-4041206/2021,640
A/Michigan/173/2020,A/Qatar/39-VI-21-4154225/2021,320
A/Michigan/173/2020,A/Stockholm/5/2021,320
A/Michigan/173/2020,A/Togo/771/2020,80
A/Mie/21/2015,A/Minsk/1737/2012,40
A/Mie/21/2015,A/Netherlands/398/2014,40
A/Mie/21/2015,A/Samara/73/2013,<40
A/Mie/21/2015,A/Switzerland/9715293/2013,<40
A/Milano/01/2021,A/Stockholm/5/2021,640
A/Milano/119/2015,A/Minsk/1737/2012,320
A/Milano/119/2015,A/Netherlands/398/2014,240
A/Milano/119/2015,A/Perth/16/2009,40
A/Milano/119/2015,A/Samara/73/2013,320
A/Milano/119/2015,A/Switzerland/9715293/2013,40
A/Milano/119/2015,A/Victoria/361/2011,160
A/Milano/169/2014,A/Minsk/1737/2012,40
A/Milano/169/2014,A/Netherlands/398/2014,200
A/Milano/169/2014,A/Perth/16/2009,<40
A/Milano/169/2014,A/Samara/73/2013,160
A/Milano/169/2014,A/Switzerland/9715293/2013,60
A/Milano/169/2014,A/Victoria/361/2011,80
A/Milano/23/2016,A/Minsk/1737/2012,40
A/Milano/23/2016,A/Netherlands/398/2014,160
A/Milano/23/2016,A/Samara/73/2013,<40
A/Milano/23/2016,A/Switzerland/9715293/2013,<40
A/Milano/257/2022,A/Stockholm/5/2021,160
A/Milano/257/2022,A/Ukraine/354/2021,40
A/Milano/30/2022,A/Stockholm/5/2021,640
A/Milano/331/2022,A/Stockholm/5/2021,160
A/Milano/331/2022,A/Ukraine/354/2021,80
A/Milano/37/2022,A/Stockholm/5/2021,640
A/Milano/397/2022,A/Stockholm/5/2021,80
A/Milano/397/2022,A/Ukraine/354/2021,40
A/Milano/49/2020,A/Norway/3275/2018,80
A/Milano/55/2020,A/Norway/3275/2018,320
A/Milano/58/2014,A/Minsk/1737/2012,80
A/Milano/58/2014,A/Netherlands/398/2014,320
A/Milano/58/2014,A/Paris/1988/2012,160
A/Milano/58/2014,A/Perth/16/2009,<40
A/Milano/58/2014,A/Samara/73/2013,320
A/Milano/58/2014,A/Stockholm/1/2013,80
A/Milano/58/2014,A/Victoria/361/2011,160
A/Milano/59/2013,A/Minsk/1737/2012,126
A/Milano/59/2013,A/Netherlands/398/2014,373
A/Milano/59/2013,A/Paris/1988/2012,248
A/Milano/59/2013,A/Perth/16/2009,46
A/Milano/59/2013,A/Samara/73/2013,455
A/Milano/59/2013,A/Stockholm/1/2013,97
A/Milano/59/2013,A/Switzerland/9715293/2013,70
A/Milano/59/2013,A/Tasmania/11/2014,60
A/Milano/59/2013,A/Victoria/361/2011,240
A/Milano/72/2014,A/Minsk/1737/2012,80
A/Milano/72/2014,A/Netherlands/398/2014,160
A/Milano/72/2014,A/Paris/1988/2012,160
A/Milano/72/2014,A/Perth/16/2009,<40
A/Milano/72/2014,A/Samara/73/2013,160
A/Milano/72/2014,A/Stockholm/1/2013,40
A/Milano/72/2014,A/Victoria/361/2011,80
A/Minsk/1431/2013,A/Minsk/1737/2012,320
A/Minsk/1431/2013,A/Perth/16/2009,<40
A/Minsk/1431/2013,A/Victoria/361/2011,120
A/Minsk/1737/2012,A/Moldova/368/2013,640
A/Minsk/1737/2012,A/Moldova/440/2013,640
A/Minsk/1737/2012,A/Montenegro/110/2016,40
A/Minsk/1737/2012,A/Montenegro/78/2016,40
A/Minsk/1737/2012,A/Moramanga/50/2015,80
A/Minsk/1737/2012,A/Moscow/103/2015,40
A/Minsk/1737/2012,A/Moscow/133/2015,80
A/Minsk/1737/2012,A/Mozambique/IR436/2015,80
A/Minsk/1737/2012,A/Mozambique/IR451/2015,120
A/Minsk/1737/2012,A/Mozambique/IR493/2015,80
A/Minsk/1737/2012,A/Mozambique/IR803/2015,40
A/Minsk/1737/2012,A/Mures/157328/2014,160
A/Minsk/1737/2012,A/Navarra/1528/2013,200
A/Minsk/1737/2012,A/Navarra/1565/2013,160
A/Minsk/1737/2012,A/Navarra/508/2015,<40
A/Minsk/1737/2012,A/Navarra/616/2015,160
A/Minsk/1737/2012,A/Navarra/618/2015,320
A/Minsk/1737/2012,A/Navarra/642/2015,80
A/Minsk/1737/2012,A/Navarra/745/2015,640
A/Minsk/1737/2012,A/Nebraska/4/2014,40
A/Minsk/1737/2012,A/Netherlands/2244/2013,80
A/Minsk/1737/2012,A/Netherlands/34/2010,1088
A/Minsk/1737/2012,A/Netherlands/3768/2016,80
A/Minsk/1737/2012,A/Netherlands/398/2014,53
A/Minsk/1737/2012,A/Netherlands/533/2012,640
A/Minsk/1737/2012,A/Netherlands/773/2014,160
A/Minsk/1737/2012,A/Netherlands/779/2014,320
A/Minsk/1737/2012,A/Newcastle/22/2014,60
A/Minsk/1737/2012,A/Newcastle/30/2016,40
A/Minsk/1737/2012,A/Niedersachsen/113/2013,320
A/Minsk/1737/2012,A/Niedersachsen/185/2017,40
A/Minsk/1737/2012,A/Niedersachsen/5/2017,40
A/Minsk/1737/2012,A/Nimes/2454/2014,40
A/Minsk/1737/2012,A/Nitra/157/2017,80
A/Minsk/1737/2012,A/Nordrhein-Westfalen/106/2017,40
A/Minsk/1737/2012,A/Norway/0144/2015,180
A/Minsk/1737/2012,A/Norway/1120/2017,<40
A/Minsk/1737/2012,A/Norway/1151/2015,160
A/Minsk/1737/2012,A/Norway/1477/2017,40
A/Minsk/1737/2012,A/Norway/1934/2017,40
A/Minsk/1737/2012,A/Norway/1940/2017,80
A/Minsk/1737/2012,A/Norway/2418/2013,480
A/Minsk/1737/2012,A/Norway/2475/2015,80
A/Minsk/1737/2012,A/Norway/2629/2015,40
A/Minsk/1737/2012,A/Norway/2629/2017,160
A/Minsk/1737/2012,A/Norway/272/2014,320
A/Minsk/1737/2012,A/Norway/3079/2014,80
A/Minsk/1737/2012,A/Norway/3266/2013,133
A/Minsk/1737/2012,A/Norway/3290/2013,70
A/Minsk/1737/2012,A/Norway/3303/2013,80
A/Minsk/1737/2012,A/Norway/389/2014,40
A/Minsk/1737/2012,A/Norway/4238/2016,40
A/Minsk/1737/2012,A/Norway/4395/2016,90
A/Minsk/1737/2012,A/Norway/4465/2016,66
A/Minsk/1737/2012,A/Norway/4497/2016,40
A/Minsk/1737/2012,A/Norway/484/2017,<40
A/Minsk/1737/2012,A/Norway/58/2014,160
A/Minsk/1737/2012,A/NosyBe/429/2013,1280
A/Minsk/1737/2012,A/Novosibirsk/13/2015,160
A/Minsk/1737/2012,A/Novosibirsk/32/2013,640
A/Minsk/1737/2012,A/Novosibirsk/78/2012,720
A/Minsk/1737/2012,A/Odessa/695/2016,80
A/Minsk/1737/2012,A/Oman/1819/2016,<40
A/Minsk/1737/2012,A/Oman/4681/2015,80
A/Minsk/1737/2012,A/Oman/4940/2015,80
A/Minsk/1737/2012,A/Oman/5009/2015,40
A/Minsk/1737/2012,A/Oman/5011/2015,80
A/Minsk/1737/2012,A/Oman/5357/2015,<40
A/Minsk/1737/2012,A/Oman/5691/2015,40
A/Minsk/1737/2012,A/Omsk/4174/2016,53
A/Minsk/1737/2012,A/Palau/6759/2014,192
A/Minsk/1737/2012,A/Palermo/6/2016,95
A/Minsk/1737/2012,A/Panama/307149/2010,560
A/Minsk/1737/2012,A/Paris/1912/2012,320
A/Minsk/1737/2012,A/Paris/1988/2012,412
A/Minsk/1737/2012,A/Paris/2133/2011,640
A/Minsk/1737/2012,A/Paris/2306/2014,40
A/Minsk/1737/2012,A/Paris/2332/2014,40
A/Minsk/1737/2012,A/Paris/2337/2014,80
A/Minsk/1737/2012,A/Parma/28/2014,160
A/Minsk/1737/2012,A/Parma/38/2016,80
A/Minsk/1737/2012,A/Parma/40/2014,160
A/Minsk/1737/2012,A/Pavia/145/2013,160
A/Minsk/1737/2012,A/Perth/16/2009,196
A/Minsk/1737/2012,A/Perugia/26/2017,80
A/Minsk/1737/2012,A/Picardie/1274/2013,1040
A/Minsk/1737/2012,A/Picardie/2297/2014,40
A/Minsk/1737/2012,A/Poitiers/2745/2012,320
A/Minsk/1737/2012,A/Poland/160/2014,80
A/Minsk/1737/2012,A/Poland/412/2017,40
A/Minsk/1737/2012,A/Poland/555/2017,40
A/Minsk/1737/2012,A/Pozarevac/1336/2014,320
A/Minsk/1737/2012,A/Prievidza/77/2016,80
A/Minsk/1737/2012,A/Rheinland-Pfalz/17/2014,100
A/Minsk/1737/2012,A/Rheinland-Pfalz/2/2014,160
A/Minsk/1737/2012,A/Roma/04/2013,586
A/Minsk/1737/2012,A/Roma/12/2016,40
A/Minsk/1737/2012,A/Roma/7/2015,80
A/Minsk/1737/2012,A/Rouen/2273/2014,40
A/Minsk/1737/2012,A/Rouen/2291/2014,80
A/Minsk/1737/2012,A/Saarland/1/2015,133
A/Minsk/1737/2012,A/Sachsen-Anhalt/2/2017,40
A/Minsk/1737/2012,A/Sachsen/107/2017,<40
A/Minsk/1737/2012,A/Sachsen/4/2017,40
A/Minsk/1737/2012,A/Sachsen/71/2017,40
A/Minsk/1737/2012,A/Sachsen/74/2016,85
A/Minsk/1737/2012,A/Saitama/103/2014,640
A/Minsk/1737/2012,A/Sakai/72/2014,80
A/Minsk/1737/2012,A/Samara/73/2013,861
A/Minsk/1737/2012,A/Sapporo/116/2014,40
A/Minsk/1737/2012,A/Sassari/9/2015,320
A/Minsk/1737/2012,A/Serbia-NS/1565/2016,40
A/Minsk/1737/2012,A/Serbia/NS-682/2014,80
A/Minsk/1737/2012,A/Serbia/NS-707/2014,320
A/Minsk/1737/2012,A/Serbia/NS-783/2014,160
A/Minsk/1737/2012,A/Shizuoka/34/2015,80
A/Minsk/1737/2012,A/Singapore/22/2012,2560
A/Minsk/1737/2012,A/Singapore/KK943/2014,40
A/Minsk/1737/2012,A/Slovenia/1066/15,1280
A/Minsk/1737/2012,A/Slovenia/1070/2016,40
A/Minsk/1737/2012,A/Slovenia/108/2014,160
A/Minsk/1737/2012,A/Slovenia/1162/2014,160
A/Minsk/1737/2012,A/Slovenia/1172/2016,160
A/Minsk/1737/2012,A/Slovenia/1213/2014,160
A/Minsk/1737/2012,A/Slovenia/129/2016,120
A/Minsk/1737/2012,A/Slovenia/1307/2016,80
A/Minsk/1737/2012,A/Slovenia/1391/2017,40
A/Minsk/1737/2012,A/Slovenia/1406/2017,<40
A/Minsk/1737/2012,A/Slovenia/17/2014,320
A/Minsk/1737/2012,A/Slovenia/2069/2015,1280
A/Minsk/1737/2012,A/Slovenia/3188/2015,160
A/Minsk/1737/2012,A/Slovenia/369/2015,40
A/Minsk/1737/2012,A/Slovenia/53/2017,40
A/Minsk/1737/2012,A/Slovenia/625/2017,80
A/Minsk/1737/2012,A/Slovenia/709/2013,2560
A/Minsk/1737/2012,A/Slovenia/712/2014,80
A/Minsk/1737/2012,A/Slovenia/852/2016,80
A/Minsk/1737/2012,A/Spain/14758/2012,640
A/Minsk/1737/2012,A/Stockholm/1/2013,193
A/Minsk/1737/2012,A/Stockholm/12/2015,80
A/Minsk/1737/2012,A/Stockholm/17/2013,160
A/Minsk/1737/2012,A/Stockholm/17/2014,80
A/Minsk/1737/2012,A/Stockholm/18/2013,40
A/Minsk/1737/2012,A/Stockholm/20/2014,80
A/Minsk/1737/2012,A/Stockholm/24/2016,80
A/Minsk/1737/2012,A/Stockholm/29/2013,440
A/Minsk/1737/2012,A/Stockholm/31/2014,40
A/Minsk/1737/2012,A/Stockholm/32/2014,80
A/Minsk/1737/2012,A/Stockholm/36/2014,62
A/Minsk/1737/2012,A/Stockholm/39/2012,360
A/Minsk/1737/2012,A/Stockholm/42/2016,60
A/Minsk/1737/2012,A/Stockholm/46/2016,40
A/Minsk/1737/2012,A/Stockholm/63/2015,60
A/Minsk/1737/2012,A/Stockholm/9/2013,880
A/Minsk/1737/2012,A/Sweden/76/2014,40
A/Minsk/1737/2012,A/Switzerland/10261363/2014,320
A/Minsk/1737/2012,A/Switzerland/10295823/2014,160
A/Minsk/1737/2012,A/Switzerland/7586983/2012,480
A/Minsk/1737/2012,A/Switzerland/7628499/2012,640
A/Minsk/1737/2012,A/Switzerland/9715293/2013,270
A/Minsk/1737/2012,A/Switzerland/9851384/2014,80
A/Minsk/1737/2012,A/Sydney/142/2016,120
A/Minsk/1737/2012,A/Sydney/195/2012,5120
A/Minsk/1737/2012,A/Sydney/71/2014,80
A/Minsk/1737/2012,A/Taiwan/442/2014,320
A/Minsk/1737/2012,A/Taraz/2922/2013,640
A/Minsk/1737/2012,A/Tasmania/11/2014,40
A/Minsk/1737/2012,A/Tehran/58191/2013,188
A/Minsk/1737/2012,A/Timis/177582/2015,100
A/Minsk/1737/2012,A/Tomsk/5/2015,80
A/Minsk/1737/2012,A/Toulouse/2892/2013,60
A/Minsk/1737/2012,A/Trencin/46/2016,80
A/Minsk/1737/2012,A/Trencin/558/2015,80
A/Minsk/1737/2012,A/Trencin/94/2016,160
A/Minsk/1737/2012,A/Trnava/176/2015,80
A/Minsk/1737/2012,A/Trnava/90/2016,40
A/Minsk/1737/2012,A/Turkey/TR-17/2016,160
A/Minsk/1737/2012,A/Turkey/TR-31/2016,160
A/Minsk/1737/2012,A/Ukraine/165/2015,320
A/Minsk/1737/2012,A/Ukraine/218/2014,80
A/Minsk/1737/2012,A/Ukraine/5403/2012,600
A/Minsk/1737/2012,A/Ukraine/5837/2013,640
A/Minsk/1737/2012,A/Ukraine/5896/2013,1280
A/Minsk/1737/2012,A/Ukraine/5909/2013,320
A/Minsk/1737/2012,A/Ukraine/6004/2013,80
A/Minsk/1737/2012,A/Ukraine/6156/2014,320
A/Minsk/1737/2012,A/Ukraine/6161/2014,320
A/Minsk/1737/2012,A/Ukraine/7030/2016,80
A/Minsk/1737/2012,A/Ukraine/7730/2017,40
A/Minsk/1737/2012,A/Ukraine/7768/2016,<40
A/Minsk/1737/2012,A/Ukraine/86/2014,160
A/Minsk/1737/2012,A/Valladolid/118/2013,320
A/Minsk/1737/2012,A/Valladolid/290/2016,66
A/Minsk/1737/2012,A/Victoria/361/2011,531
A/Minsk/1737/2012,A/Victoria/5006/2014,40
A/Minsk/1737/2012,A/Victoria/505/2013,5120
A/Minsk/1737/2012,A/Victoria/511/2015,2720
A/Minsk/1737/2012,A/Vladivostok/73/2013,128
A/Minsk/1737/2012,A/Wisconsin/20/2015,80
A/Minsk/1737/2012,A/Xinjiang-Tianshan/11190/2014,80
A/Minsk/1737/2012,A/Yamaguchi/34/2016,<40
A/Minsk/1737/2012,A/Yokohama/120/2016,80
A/Minsk/1737/2012,A/Yunnan-Wenshan/1893/2015,160
A/Minsk/1737/2012,A/Zambia/06-027/2014,240
A/Minsk/1737/2012,A/Zhejiang-Nanhu/1975/2016,40
A/Moldova/2025278/2023,A/Stockholm/5/2021,160
A/Moldova/368/2013,A/Perth/16/2009,<40
A/Moldova/368/2013,A/Samara/73/2013,640
A/Moldova/368/2013,A/Victoria/361/2011,240
A/Moldova/440/2013,A/Perth/16/2009,<40
A/Moldova/440/2013,A/Samara/73/2013,640
A/Moldova/440/2013,A/Victoria/361/2011,200
A/Moldova/6649/2022,A/Stockholm/5/2021,640
A/Montana/05/2011,A/Norway/1762/2011,80
A/Montana/05/2011,A/Norway/1775/2011,320
A/Montana/05/2011,A/Perth/10/2010,680
A/Montana/05/2011,A/Perth/16/2009,800
A/Montana/05/2011,A/Victoria/210/2009,660
A/Montana/05/2011,A/Wisconsin/67/2005,<40
A/Montenegro/101668/2023,A/Stockholm/5/2021,320
A/Montenegro/101668/2023,A/Ukraine/354/2021,640
A/Montenegro/1082622202/2022,A/Stockholm/5/2021,426
A/Montenegro/110/2016,A/Netherlands/398/2014,80
A/Montenegro/110/2016,A/Samara/73/2013,40
A/Montenegro/110/2016,A/Switzerland/9715293/2013,40
A/Montenegro/1614822202/2022,A/Slovenia/9216/2022,*
A/Montenegro/1614822202/2022,A/Slovenia/9318/2022,*
A/Montenegro/1614822202/2022,A/Stockholm/5/2021,426
A/Montenegro/1651632202/2022,A/Stockholm/5/2021,320
A/Montenegro/1651692202/2022,A/Stockholm/5/2021,640
A/Montenegro/1714472202/2022,A/Stockholm/5/2021,320
A/Montenegro/190/2012,A/Perth/16/2009,80
A/Montenegro/190/2012,A/Victoria/361/2011,480
A/Montenegro/222910/2023,A/Poland/PL65/2022,160
A/Montenegro/222910/2023,A/Stockholm/5/2021,320
A/Montenegro/222910/2023,A/Switzerland/28719/2022,640
A/Montenegro/242559/2023,A/Poland/PL65/2022,80
A/Montenegro/242559/2023,A/Stockholm/5/2021,80
A/Montenegro/242559/2023,A/Switzerland/28719/2022,160
A/Montenegro/519452/2022,A/Stockholm/5/2021,320
A/Montenegro/519452/2022,A/Ukraine/354/2021,320
A/Montenegro/78/2016,A/Netherlands/398/2014,120
A/Montenegro/78/2016,A/Palermo/6/2016,320
A/Montenegro/78/2016,A/Sachsen/74/2016,160
A/Montenegro/78/2016,A/Samara/73/2013,40
A/Montenegro/78/2016,A/Switzerland/9715293/2013,60
A/Moramanga/50/2015,A/Netherlands/398/2014,200
A/Moramanga/50/2015,A/Perth/16/2009,<40
A/Moramanga/50/2015,A/Samara/73/2013,80
A/Moramanga/50/2015,A/Switzerland/9715293/2013,40
A/Moramanga/50/2015,A/Victoria/361/2011,<40
A/Morocco/1291/2024,A/Netherlands/10563/2023,320
A/Morocco/1291/2024,A/Poland/PL65/2022,<40
A/Morocco/1291/2024,A/Stockholm/5/2021,80
A/Morocco/1291/2024,A/Switzerland/28719/2022,160
A/Morocco/1846/2024,A/Netherlands/10563/2023,320
A/Morocco/1846/2024,A/Poland/PL65/2022,80
A/Morocco/1846/2024,A/Stockholm/5/2021,80
A/Morocco/1846/2024,A/Switzerland/28719/2022,320
A/Moscow/103/2015,A/Netherlands/398/2014,60
A/Moscow/103/2015,A/Perth/16/2009,<40
A/Moscow/103/2015,A/Samara/73/2013,40
A/Moscow/103/2015,A/Switzerland/9715293/2013,<40
A/Moscow/127/2019,A/Norway/3275/2018,133
A/Moscow/127/2019,A/Switzerland/8060/2017,40
A/Moscow/133/2015,A/Netherlands/398/2014,200
A/Moscow/133/2015,A/Perth/16/2009,<40
A/Moscow/133/2015,A/Samara/73/2013,160
A/Moscow/133/2015,A/Switzerland/9715293/2013,40
A/MountLebanon/65/2023,A/Stockholm/5/2021,320
A/MountLebanon/65/2023,A/Ukraine/354/2021,80
A/Mozambique/699047/2024,A/Netherlands/10563/2023,640
A/Mozambique/699047/2024,A/Oklahoma/05/2024,320
A/Mozambique/699067/2024,A/Netherlands/10563/2023,960
A/Mozambique/699067/2024,A/Oklahoma/05/2024,480
A/Mozambique/699070/2024,A/Netherlands/10563/2023,640
A/Mozambique/699070/2024,A/Oklahoma/05/2024,320
A/Mozambique/699103/2024,A/Netherlands/10563/2023,640
A/Mozambique/699103/2024,A/Oklahoma/05/2024,320
A/Mozambique/IR436/2015,A/Netherlands/398/2014,160
A/Mozambique/IR436/2015,A/Samara/73/2013,80
A/Mozambique/IR436/2015,A/Switzerland/9715293/2013,40
A/Mozambique/IR451/2015,A/Netherlands/398/2014,140
A/Mozambique/IR451/2015,A/Samara/73/2013,120
A/Mozambique/IR451/2015,A/Switzerland/9715293/2013,50
A/Mozambique/IR493/2015,A/Netherlands/398/2014,120
A/Mozambique/IR493/2015,A/Samara/73/2013,80
A/Mozambique/IR493/2015,A/Switzerland/9715293/2013,40
A/Mozambique/IR803/2015,A/Netherlands/398/2014,100
A/Mozambique/IR803/2015,A/Samara/73/2013,80
A/Mozambique/IR803/2015,A/Switzerland/9715293/2013,40
A/Mures/157328/2014,A/Paris/1988/2012,320
A/Mures/157328/2014,A/Perth/16/2009,<40
A/Mures/157328/2014,A/Samara/73/2013,640
A/Mures/157328/2014,A/Victoria/361/2011,160
A/Muscat/7234671/2023,A/Poland/PL65/2022,<40
A/Muscat/7234671/2023,A/Stockholm/5/2021,160
A/Muscat/7234671/2023,A/Switzerland/28719/2022,320
A/Navarra/1528/2013,A/Paris/1988/2012,280
A/Navarra/1528/2013,A/Perth/16/2009,80
A/Navarra/1528/2013,A/Samara/73/2013,440
A/Navarra/1528/2013,A/Victoria/361/2011,400
A/Navarra/1565/2013,A/Paris/1988/2012,320
A/Navarra/1565/2013,A/Perth/16/2009,<40
A/Navarra/1565/2013,A/Samara/73/2013,640
A/Navarra/1565/2013,A/Victoria/361/2011,320
A/Navarra/2114/2024,A/Netherlands/10510/2024,40
A/Navarra/2114/2024,A/Netherlands/10563/2023,240
A/Navarra/2114/2024,A/Norway/12374/2023,68
A/Navarra/2114/2024,A/Oklahoma/05/2024,136
A/Navarra/4220/2022,A/Stockholm/5/2021,160
A/Navarra/4220/2022,A/Ukraine/354/2021,320
A/Navarra/4320/2022,A/Stockholm/5/2021,320
A/Navarra/4320/2022,A/Ukraine/354/2021,80
A/Navarra/4439/2022,A/Stockholm/5/2021,160
A/Navarra/4439/2022,A/Ukraine/354/2021,80
A/Navarra/4440/2022,A/Stockholm/5/2021,320
A/Navarra/4440/2022,A/Ukraine/354/2021,80
A/Navarra/4550/2022,A/Stockholm/5/2021,240
A/Navarra/4550/2022,A/Ukraine/354/2021,100
A/Navarra/508/2015,A/Netherlands/398/2014,100
A/Navarra/508/2015,A/Perth/16/2009,<40
A/Navarra/508/2015,A/Samara/73/2013,<40
A/Navarra/508/2015,A/Switzerland/9715293/2013,40
A/Navarra/508/2015,A/Victoria/361/2011,<40
A/Navarra/616/2015,A/Netherlands/398/2014,120
A/Navarra/616/2015,A/Perth/16/2009,40
A/Navarra/616/2015,A/Samara/73/2013,160
A/Navarra/616/2015,A/Switzerland/9715293/2013,40
A/Navarra/616/2015,A/Victoria/361/2011,80
A/Navarra/618/2015,A/Netherlands/398/2014,240
A/Navarra/618/2015,A/Perth/16/2009,80
A/Navarra/618/2015,A/Samara/73/2013,320
A/Navarra/618/2015,A/Switzerland/9715293/2013,100
A/Navarra/618/2015,A/Victoria/361/2011,160
A/Navarra/642/2015,A/Netherlands/398/2014,400
A/Navarra/642/2015,A/Perth/16/2009,<40
A/Navarra/642/2015,A/Samara/73/2013,80
A/Navarra/642/2015,A/Switzerland/9715293/2013,60
A/Navarra/642/2015,A/Victoria/361/2011,40
A/Navarra/745/2015,A/Netherlands/398/2014,320
A/Navarra/745/2015,A/Perth/16/2009,160
A/Navarra/745/2015,A/Samara/73/2013,1280
A/Navarra/745/2015,A/Switzerland/9715293/2013,200
A/Navarra/745/2015,A/Victoria/361/2011,160
A/Navarra/9534/2021,A/Stockholm/5/2021,320
A/Navarra/9843/2021,A/Stockholm/5/2021,640
A/Nebraska/4/2014,A/Netherlands/398/2014,320
A/Nebraska/4/2014,A/Paris/1988/2012,80
A/Nebraska/4/2014,A/Perth/16/2009,<40
A/Nebraska/4/2014,A/Samara/73/2013,160
A/Nebraska/4/2014,A/Stockholm/1/2013,40
A/Nebraska/4/2014,A/Switzerland/9715293/2013,80
A/Nebraska/4/2014,A/Victoria/361/2011,40
A/Nepal/921/2006,A/Nevada/05/2007,80
A/Nepal/921/2006,A/Perth/27/2007,640
A/Nepal/921/2006,A/Philippines/1616/2007,320
A/Nepal/921/2006,A/Serres/77/2007,2773
A/Nepal/921/2006,A/Sofia/319/2007,2240
A/Nepal/921/2006,A/Switzerland/1409281/2008,80
A/Nepal/921/2006,A/Sydney/230/2007,160
A/Nepal/921/2006,A/Taiwan/760/2007,160
A/Nepal/921/2006,A/Texas/37/2007,640
A/Nepal/921/2006,A/Ulaanbaatar/1600/2008,80
A/Nepal/921/2006,A/Uruguay/716/2007,3413
A/Nepal/921/2006,A/Washington/42/2007,80
A/Nepal/921/2006,A/Wisconsin/67/2005,2944
A/Nepal/921/2006,A/Zagreb/1216/2007,1280
A/Netherlands/00001/2022,A/Stockholm/5/2021,640
A/Netherlands/00092/2021,A/Stockholm/5/2021,160
A/Netherlands/00110/2021,A/Stockholm/5/2021,160
A/Netherlands/00156/2025,A/Netherlands/10510/2024,40
A/Netherlands/00156/2025,A/Netherlands/10563/2023,<40
A/Netherlands/00156/2025,A/Norway/12374/2023,10
A/Netherlands/00156/2025,A/Oklahoma/05/2024,320
A/Netherlands/00328/2025,A/Netherlands/10510/2024,<40
A/Netherlands/00328/2025,A/Netherlands/10563/2023,<40
A/Netherlands/00328/2025,A/Norway/12374/2023,10
A/Netherlands/00328/2025,A/Oklahoma/05/2024,320
A/Netherlands/00520/2025,A/Netherlands/10510/2024,<40
A/Netherlands/00520/2025,A/Netherlands/10563/2023,<40
A/Netherlands/00520/2025,A/Norway/12374/2023,<10
A/Netherlands/00520/2025,A/Oklahoma/05/2024,320
A/Netherlands/00832/2022,A/Stockholm/5/2021,160
A/Netherlands/01476/2022,A/Stockholm/5/2021,160
A/Netherlands/01476/2022,A/Ukraine/354/2021,40
A/Netherlands/01563/2024,A/Netherlands/10510/2024,<40
A/Netherlands/01563/2024,A/Netherlands/10563/2023,160
A/Netherlands/01563/2024,A/Norway/12374/2023,40
A/Netherlands/01563/2024,A/Oklahoma/05/2024,40
A/Netherlands/01577/2024,A/Netherlands/10510/2024,<40
A/Netherlands/01577/2024,A/Netherlands/10563/2023,40
A/Netherlands/01577/2024,A/Norway/12374/2023,10
A/Netherlands/01577/2024,A/Oklahoma/05/2024,1280
A/Netherlands/01643/2023,A/Poland/PL65/2022,80
A/Netherlands/01643/2023,A/Stockholm/5/2021,160
A/Netherlands/01643/2023,A/Switzerland/28719/2022,320
A/Netherlands/01672/2019,A/Norway/3275/2018,<40
A/Netherlands/01685/2023,A/Poland/PL65/2022,80
A/Netherlands/01685/2023,A/Stockholm/5/2021,80
A/Netherlands/01685/2023,A/Switzerland/28719/2022,160
A/Netherlands/01697/2024,A/Netherlands/10510/2024,<40
A/Netherlands/01697/2024,A/Netherlands/10563/2023,80
A/Netherlands/01697/2024,A/Norway/12374/2023,40
A/Netherlands/01697/2024,A/Oklahoma/05/2024,40
A/Netherlands/01729/2023,A/Netherlands/10510/2024,40
A/Netherlands/01729/2023,A/Netherlands/10563/2023,253
A/Netherlands/01729/2023,A/Norway/12374/2023,90
A/Netherlands/01729/2023,A/Oklahoma/05/2024,120
A/Netherlands/01729/2023,A/Poland/PL65/2022,73
A/Netherlands/01729/2023,A/Stockholm/5/2021,120
A/Netherlands/01729/2023,A/Switzerland/28719/2022,213
A/Netherlands/01732/2023,A/Poland/PL65/2022,80
A/Netherlands/01732/2023,A/Stockholm/5/2021,160
A/Netherlands/01732/2023,A/Switzerland/28719/2022,640
A/Netherlands/01733/2023,A/Netherlands/10510/2024,40
A/Netherlands/01733/2023,A/Netherlands/10563/2023,497
A/Netherlands/01733/2023,A/Norway/12374/2023,160
A/Netherlands/01733/2023,A/Oklahoma/05/2024,257
A/Netherlands/01733/2023,A/Poland/PL65/2022,80
A/Netherlands/01733/2023,A/Stockholm/5/2021,160
A/Netherlands/01733/2023,A/Switzerland/28719/2022,320
A/Netherlands/01762/2024,A/Netherlands/10510/2024,<40
A/Netherlands/01762/2024,A/Netherlands/10563/2023,80
A/Netherlands/01762/2024,A/Norway/12374/2023,<40
A/Netherlands/01762/2024,A/Oklahoma/05/2024,40
A/Netherlands/01777/2024,A/Netherlands/10510/2024,40
A/Netherlands/01777/2024,A/Netherlands/10563/2023,160
A/Netherlands/01777/2024,A/Norway/12374/2023,80
A/Netherlands/01777/2024,A/Oklahoma/05/2024,80
A/Netherlands/01780/2024,A/Netherlands/10510/2024,<40
A/Netherlands/01780/2024,A/Netherlands/10563/2023,80
A/Netherlands/01780/2024,A/Norway/12374/2023,<40
A/Netherlands/01780/2024,A/Oklahoma/05/2024,40
A/Netherlands/01829/2024,A/Netherlands/10510/2024,60
A/Netherlands/01829/2024,A/Netherlands/10563/2023,40
A/Netherlands/01829/2024,A/Norway/12374/2023,30
A/Netherlands/01829/2024,A/Oklahoma/05/2024,20
A/Netherlands/01867/2022,A/Stockholm/5/2021,80
A/Netherlands/01867/2022,A/Ukraine/354/2021,40
A/Netherlands/02093/2024,A/Netherlands/10510/2024,102
A/Netherlands/02093/2024,A/Netherlands/10563/2023,<40
A/Netherlands/02093/2024,A/Norway/12374/2023,13
A/Netherlands/02093/2024,A/Norway/1592/2024,160
A/Netherlands/02093/2024,A/Oklahoma/05/2024,208
A/Netherlands/02093/2024,A/Switzerland/59652/2024,160
A/Netherlands/02175/2024,A/Netherlands/10510/2024,<40
A/Netherlands/02175/2024,A/Netherlands/10563/2023,<40
A/Netherlands/02175/2024,A/Norway/12374/2023,10
A/Netherlands/02175/2024,A/Oklahoma/05/2024,320
A/Netherlands/10002/2019,A/Netherlands/10260/2018,<40
A/Netherlands/10002/2019,A/Netherlands/398/2014,80
A/Netherlands/10002/2019,A/Switzerland/8060/2017,<40
A/Netherlands/10004/2021,A/Stockholm/5/2021,640
A/Netherlands/10018/2021,A/Stockholm/5/2021,160
A/Netherlands/10025/2022,A/Stockholm/5/2021,640
A/Netherlands/10057/2021,A/Stockholm/5/2021,240
A/Netherlands/10062/2021,A/Stockholm/5/2021,320
A/Netherlands/10065/2021,A/Stockholm/5/2021,160
A/Netherlands/10067/2021,A/Stockholm/5/2021,200
A/Netherlands/10074/2021,A/Stockholm/5/2021,160
A/Netherlands/10140/2021,A/Stockholm/5/2021,160
A/Netherlands/10142/2023,A/Stockholm/5/2021,640
A/Netherlands/10142/2023,A/Ukraine/354/2021,1280
A/Netherlands/10184/2021,A/Stockholm/5/2021,480
A/Netherlands/10194/2021,A/Stockholm/5/2021,253
A/Netherlands/10195/2021,A/Stockholm/5/2021,640
A/Netherlands/10202/2021,A/Stockholm/5/2021,160
A/Netherlands/10203/2021,A/Norway/28830/2021,*
A/Netherlands/10203/2021,A/Stockholm/5/2021,533
A/Netherlands/10204/2021,A/Stockholm/5/2021,160
A/Netherlands/10205/2021,A/Slovenia/9216/2022,40
A/Netherlands/10205/2021,A/Slovenia/9318/2022,40
A/Netherlands/10205/2021,A/Stockholm/5/2021,320
A/Netherlands/10205/2021,A/Ukraine/354/2021,93
A/Netherlands/10206/2021,A/Stockholm/5/2021,180
A/Netherlands/10210/2021,A/Slovenia/9216/2022,640
A/Netherlands/10210/2021,A/Slovenia/9318/2022,640
A/Netherlands/10210/2021,A/Stockholm/5/2021,480
A/Netherlands/10228/2023,A/Stockholm/5/2021,240
A/Netherlands/10228/2023,A/Ukraine/354/2021,480
A/Netherlands/10260/2018,A/Netherlands/398/2014,48
A/Netherlands/10260/2018,A/Newcastle/82/2018,<40
A/Netherlands/10260/2018,A/Nordrhein-Westfalen/22/2019,80
A/Netherlands/10260/2018,A/Norway/3275/2018,160
A/Netherlands/10260/2018,A/Oman/5362/2018,160
A/Netherlands/10260/2018,A/Oman/6106/2018,160
A/Netherlands/10260/2018,A/Palermo/327/2018,80
A/Netherlands/10260/2018,A/Portugal/139/2019,<40
A/Netherlands/10260/2018,A/Sachsen/74/2016,*
A/Netherlands/10260/2018,A/Serbia/1868/2019,<40
A/Netherlands/10260/2018,A/Sundsvall/1/2018,*
A/Netherlands/10260/2018,A/Switzerland/8060/2017,73
A/Netherlands/10260/2018,A/Turkey/66/2018,182
A/Netherlands/10260/2018,A/Ukraine/8122/2018,80
A/Netherlands/10286/2019,A/Norway/3275/2018,40
A/Netherlands/10286/2019,A/Paris/2554/2019,80
A/Netherlands/10431/2024,A/Netherlands/10563/2023,640
A/Netherlands/10431/2024,A/Oklahoma/05/2024,320
A/Netherlands/10510/2024,A/Netherlands/10563/2023,96
A/Netherlands/10510/2024,A/Netherlands/10641/2024,106
A/Netherlands/10510/2024,A/Netherlands/10645/2024,80
A/Netherlands/10510/2024,A/Netherlands/10660/2024,160
A/Netherlands/10510/2024,A/Netherlands/10722/2024,160
A/Netherlands/10510/2024,A/Newport/5620/2024,40
A/Netherlands/10510/2024,A/Nordrhein-Westfalen/114/2024,80
A/Netherlands/10510/2024,A/Norway/00392/2025,80
A/Netherlands/10510/2024,A/Norway/00396/2025,80
A/Netherlands/10510/2024,A/Norway/06798/2024,80
A/Netherlands/10510/2024,A/Norway/06884/2024,80
A/Netherlands/10510/2024,A/Norway/07066/2024,60
A/Netherlands/10510/2024,A/Norway/07228/2024,80
A/Netherlands/10510/2024,A/Norway/07263/2024,40
A/Netherlands/10510/2024,A/Norway/07790/2024,80
A/Netherlands/10510/2024,A/Norway/12374/2023,56
A/Netherlands/10510/2024,A/Norway/1592/2024,40
A/Netherlands/10510/2024,A/Oklahoma/05/2024,44
A/Netherlands/10510/2024,A/Parma/50/2024,80
A/Netherlands/10510/2024,A/Perm/RII-03/2024,80
A/Netherlands/10510/2024,A/Perm/RII-04/2024,320
A/Netherlands/10510/2024,A/Poland/PL44/2024,40
A/Netherlands/10510/2024,A/Poland/PL51/2024,160
A/Netherlands/10510/2024,A/Poland/PL53/2024,80
A/Netherlands/10510/2024,A/Poland/PL54/2024,160
A/Netherlands/10510/2024,A/Poland/PL64/2024,160
A/Netherlands/10510/2024,A/Qatar/89814/2024,80
A/Netherlands/10510/2024,A/Qatar/89913/2024,60
A/Netherlands/10510/2024,A/Rheinland-Pfalz/39/2024,40
A/Netherlands/10510/2024,A/Romania_BB/586841/2024,100
A/Netherlands/10510/2024,A/Romania_BB/586906/2025,80
A/Netherlands/10510/2024,A/Saint-Petersburg/RII-48/2024,160
A/Netherlands/10510/2024,A/SaintPetersburg/RII-46/2024,80
A/Netherlands/10510/2024,A/SaintPetersburg/RII-47/2024,40
A/Netherlands/10510/2024,A/Salalah/52423943/2024,80
A/Netherlands/10510/2024,A/Salamanca/2657/2024,80
A/Netherlands/10510/2024,A/Schleswig-Holstein/54/2024,160
A/Netherlands/10510/2024,A/Shanghai-Fengxian/1912/2023,74
A/Netherlands/10510/2024,A/Slovenia/NLZOH-8008-21-1540/2024,40
A/Netherlands/10510/2024,A/Slovenia/NLZOH-8008-21-2023/2024,97
A/Netherlands/10510/2024,A/SouthSudan/983/2024,80
A/Netherlands/10510/2024,A/SouthSudan/988/2024,80
A/Netherlands/10510/2024,A/Switzerland/0800/2025,40
A/Netherlands/10510/2024,A/Switzerland/5118/2024,80
A/Netherlands/10510/2024,A/Switzerland/5735/2024,50
A/Netherlands/10510/2024,A/Switzerland/59652/2024,160
A/Netherlands/10510/2024,A/Switzerland/7776/2024,80
A/Netherlands/10510/2024,A/Switzerland/7828/2024,160
A/Netherlands/10510/2024,A/Switzerland/8932/2024,40
A/Netherlands/10510/2024,A/Toulon/0241495940/2024,80
A/Netherlands/10510/2024,A/Turkmenistan/142/2024,40
A/Netherlands/10510/2024,A/Turkmenistan/784/2025,40
A/Netherlands/10510/2024,A/Turkmenistan/801/2025,40
A/Netherlands/10536/2023,A/Poland/PL65/2022,160
A/Netherlands/10536/2023,A/Stockholm/5/2021,320
A/Netherlands/10536/2023,A/Switzerland/28719/2022,640
A/Netherlands/10541/2023,A/Poland/PL65/2022,160
A/Netherlands/10541/2023,A/Stockholm/5/2021,160
A/Netherlands/10541/2023,A/Switzerland/28719/2022,320
A/Netherlands/10551/2023,A/Poland/PL65/2022,160
A/Netherlands/10551/2023,A/Stockholm/5/2021,320
A/Netherlands/10551/2023,A/Switzerland/28719/2022,640
A/Netherlands/10553/2024,A/Netherlands/10563/2023,80
A/Netherlands/10553/2024,A/Oklahoma/05/2024,80
A/Netherlands/10556/2023,A/Poland/PL65/2022,160
A/Netherlands/10556/2023,A/Stockholm/5/2021,160
A/Netherlands/10556/2023,A/Switzerland/28719/2022,320
A/Netherlands/10561/2023,A/Poland/PL65/2022,160
A/Netherlands/10561/2023,A/Stockholm/5/2021,320
A/Netherlands/10561/2023,A/Switzerland/28719/2022,640
A/Netherlands/10563/2023,A/Netherlands/10641/2024,373
A/Netherlands/10563/2023,A/Netherlands/10645/2024,640
A/Netherlands/10563/2023,A/Netherlands/10660/2024,320
A/Netherlands/10563/2023,A/Netherlands/10722/2024,320
A/Netherlands/10563/2023,A/Newport/5620/2024,160
A/Netherlands/10563/2023,A/Nordrhein-Westfalen/114/2024,160
A/Netherlands/10563/2023,A/Norway/00392/2025,320
A/Netherlands/10563/2023,A/Norway/00396/2025,160
A/Netherlands/10563/2023,A/Norway/06798/2024,160
A/Netherlands/10563/2023,A/Norway/06884/2024,320
A/Netherlands/10563/2023,A/Norway/07066/2024,264
A/Netherlands/10563/2023,A/Norway/07228/2024,320
A/Netherlands/10563/2023,A/Norway/07263/2024,160
A/Netherlands/10563/2023,A/Norway/07790/2024,320
A/Netherlands/10563/2023,A/Norway/11294/2023,320
A/Netherlands/10563/2023,A/Norway/12374/2023,297
A/Netherlands/10563/2023,A/Norway/1592/2024,63
A/Netherlands/10563/2023,A/Norway/319/2024,640
A/Netherlands/10563/2023,A/Norway/47/2024,160
A/Netherlands/10563/2023,A/Oklahoma/05/2024,98
A/Netherlands/10563/2023,A/Parma/50/2024,320
A/Netherlands/10563/2023,A/Perm/RII-03/2024,320
A/Netherlands/10563/2023,A/Perm/RII-04/2024,480
A/Netherlands/10563/2023,A/Poland/50/2024,640
A/Netherlands/10563/2023,A/Poland/PL44/2024,320
A/Netherlands/10563/2023,A/Poland/PL51/2024,320
A/Netherlands/10563/2023,A/Poland/PL53/2024,320
A/Netherlands/10563/2023,A/Poland/PL54/2024,320
A/Netherlands/10563/2023,A/Poland/PL64/2024,320
A/Netherlands/10563/2023,A/Poland/PL65/2022,178
A/Netherlands/10563/2023,A/Prahova/566118/2024,480
A/Netherlands/10563/2023,A/Qatar/10-VI-23-0095120/2023,640
A/Netherlands/10563/2023,A/Qatar/10-VI-23-0095583/2023,640
A/Netherlands/10563/2023,A/Qatar/10-VI-23-0098543/2023,640
A/Netherlands/10563/2023,A/Qatar/10-VI-23-0101936/2023,1280
A/Netherlands/10563/2023,A/Qatar/10-VI-23-0102647/2023,640
A/Netherlands/10563/2023,A/Qatar/89814/2024,320
A/Netherlands/10563/2023,A/Qatar/89913/2024,320
A/Netherlands/10563/2023,A/Rheinland-Pfalz/39/2024,160
A/Netherlands/10563/2023,A/Romania/563383/2023,480
A/Netherlands/10563/2023,A/Romania_BB/586841/2024,320
A/Netherlands/10563/2023,A/Romania_BB/586906/2025,320
A/Netherlands/10563/2023,A/Saint-Petersburg/RII-48/2024,320
A/Netherlands/10563/2023,A/SaintPetersburg/RII-46/2024,320
A/Netherlands/10563/2023,A/SaintPetersburg/RII-47/2024,160
A/Netherlands/10563/2023,A/Salalah/52423943/2024,320
A/Netherlands/10563/2023,A/Salamanca/2657/2024,320
A/Netherlands/10563/2023,A/SaudiArabia/10299/2024,320
A/Netherlands/10563/2023,A/Schleswig-Holstein/54/2024,640
A/Netherlands/10563/2023,A/Serbia/1354/2024,640
A/Netherlands/10563/2023,A/Serbia/248/2024,580
A/Netherlands/10563/2023,A/Serbia/8265/2023,594
A/Netherlands/10563/2023,A/Shanghai-Fengxian/1912/2023,380
A/Netherlands/10563/2023,A/Siracusa/5/2024,160
A/Netherlands/10563/2023,A/Slovenia/370/2024,448
A/Netherlands/10563/2023,A/Slovenia/453/2024,640
A/Netherlands/10563/2023,A/Slovenia/588/2024,640
A/Netherlands/10563/2023,A/Slovenia/648/2024,520
A/Netherlands/10563/2023,A/Slovenia/NLZOH-8008-21-1540/2024,320
A/Netherlands/10563/2023,A/Slovenia/NLZOH-8008-21-2023/2024,364
A/Netherlands/10563/2023,A/SouthSudan/983/2024,320
A/Netherlands/10563/2023,A/SouthSudan/988/2024,320
A/Netherlands/10563/2023,A/SouthSudan/996/2023,320
A/Netherlands/10563/2023,A/Spain/1707/2024,160
A/Netherlands/10563/2023,A/Spain/2026/2024,320
A/Netherlands/10563/2023,A/Spain/2389/2024,320
A/Netherlands/10563/2023,A/Spain/2561/2024,320
A/Netherlands/10563/2023,A/Spain/575/2023,266
A/Netherlands/10563/2023,A/Spain/968/2023,426
A/Netherlands/10563/2023,A/Stockholm/5/2021,270
A/Netherlands/10563/2023,A/Stockholm/SE24-52993/2024,320
A/Netherlands/10563/2023,A/Switzerland/0800/2025,320
A/Netherlands/10563/2023,A/Switzerland/28719/2022,320
A/Netherlands/10563/2023,A/Switzerland/5118/2024,320
A/Netherlands/10563/2023,A/Switzerland/5735/2024,200
A/Netherlands/10563/2023,A/Switzerland/59652/2024,80
A/Netherlands/10563/2023,A/Switzerland/71762/2023,533
A/Netherlands/10563/2023,A/Switzerland/7776/2024,320
A/Netherlands/10563/2023,A/Switzerland/7828/2024,640
A/Netherlands/10563/2023,A/Switzerland/79656/2024,160
A/Netherlands/10563/2023,A/Switzerland/8649/2023,640
A/Netherlands/10563/2023,A/Switzerland/8932/2024,160
A/Netherlands/10563/2023,A/Switzerland/91699/2024,320
A/Netherlands/10563/2023,A/Toamasina/02991/2023,160
A/Netherlands/10563/2023,A/Toamasina/03143/2023,640
A/Netherlands/10563/2023,A/Toamasina/03219/2023,320
A/Netherlands/10563/2023,A/Togo/1057/2023,240
A/Netherlands/10563/2023,A/Toliary/03152/2023,320
A/Netherlands/10563/2023,A/Toulon/0241495940/2024,320
A/Netherlands/10563/2023,A/Trollhattan/SE24-03639/2024,320
A/Netherlands/10563/2023,A/Trollhattan/SE24-04469/2024,320
A/Netherlands/10563/2023,A/Tunisia/3500/2024,640
A/Netherlands/10563/2023,A/Turkmenistan/142/2024,480
A/Netherlands/10563/2023,A/Turkmenistan/784/2025,160
A/Netherlands/10563/2023,A/Turkmenistan/801/2025,160
A/Netherlands/10563/2023,A/Ukraine/2777/2024,640
A/Netherlands/10563/2023,A/Uppsala/SE24-04691/2024,160
A/Netherlands/10563/2023,A/Vasteras/SE23-14213/2023,640
A/Netherlands/10563/2023,A/Victoria/2776/2023,640
A/Netherlands/10563/2023,A/Victoria/2997/2023,480
A/Netherlands/10641/2024,A/Norway/12374/2023,120
A/Netherlands/10641/2024,A/Norway/1592/2024,160
A/Netherlands/10641/2024,A/Oklahoma/05/2024,153
A/Netherlands/10645/2024,A/Norway/12374/2023,160
A/Netherlands/10645/2024,A/Oklahoma/05/2024,320
A/Netherlands/10660/2024,A/Norway/12374/2023,160
A/Netherlands/10660/2024,A/Oklahoma/05/2024,80
A/Netherlands/10722/2024,A/Norway/12374/2023,80
A/Netherlands/10722/2024,A/Oklahoma/05/2024,80
A/Netherlands/10866/2022,A/Stockholm/5/2021,160
A/Netherlands/11812/2022,A/Stockholm/5/2021,320
A/Netherlands/11812/2022,A/Ukraine/354/2021,160
A/Netherlands/11816/2022,A/Stockholm/5/2021,160
A/Netherlands/11816/2022,A/Ukraine/354/2021,80
A/Netherlands/11832/2022,A/Stockholm/5/2021,266
A/Netherlands/11832/2022,A/Ukraine/354/2021,66
A/Netherlands/11833/2022,A/Stockholm/5/2021,160
A/Netherlands/11833/2022,A/Ukraine/354/2021,320
A/Netherlands/11968/2022,A/Stockholm/5/2021,160
A/Netherlands/11968/2022,A/Ukraine/354/2021,240
A/Netherlands/132/2004,A/Panama/2007/1999,80
A/Netherlands/132/2004,A/Singapore/37/2004,640
A/Netherlands/132/2004,A/Wellington/1/2004,320
A/Netherlands/132/2004,A/Wyoming/3/2003,480
A/Netherlands/2244/2013,A/Paris/1988/2012,160
A/Netherlands/2244/2013,A/Perth/16/2009,<40
A/Netherlands/2244/2013,A/Samara/73/2013,320
A/Netherlands/2244/2013,A/Victoria/361/2011,80
A/Netherlands/34/2010,A/Netherlands/710/2011,160
A/Netherlands/34/2010,A/Norway/1775/2011,640
A/Netherlands/34/2010,A/Norway/2400/2011,868
A/Netherlands/34/2010,A/Norway/624/2012,640
A/Netherlands/34/2010,A/Norway/625/2012,320
A/Netherlands/34/2010,A/Norway/708/2012,960
A/Netherlands/34/2010,A/Omsk/1/2012,640
A/Netherlands/34/2010,A/Panama/307149/2010,725
A/Netherlands/34/2010,A/Paris/1744/2011,320
A/Netherlands/34/2010,A/Paris/1988/2012,80
A/Netherlands/34/2010,A/Perth/10/2010,240
A/Netherlands/34/2010,A/Perth/16/2009,144
A/Netherlands/34/2010,A/Slovenia/1049/2012,640
A/Netherlands/34/2010,A/Slovenia/459/2012,2560
A/Netherlands/34/2010,A/Spain/14758/2012,2560
A/Netherlands/34/2010,A/Stockholm/12-00752/2012,320
A/Netherlands/34/2010,A/Stockholm/12-00974/2012,160
A/Netherlands/34/2010,A/Switzerland/5834730/2012,640
A/Netherlands/34/2010,A/Turkey/23/2011,1280
A/Netherlands/34/2010,A/Turkey/28/2011,400
A/Netherlands/34/2010,A/Turkey/35/2011,160
A/Netherlands/34/2010,A/Turkey/54/2011,320
A/Netherlands/34/2010,A/Victoria/210/2009,80
A/Netherlands/34/2010,A/Victoria/361/2011,546
A/Netherlands/34/2010,A/Wisconsin/67/2005,<40
A/Netherlands/363/2006,A/Wisconsin/67/2005,320
A/Netherlands/3768/2016,A/Netherlands/398/2014,120
A/Netherlands/3768/2016,A/Samara/73/2013,40
A/Netherlands/3768/2016,A/Switzerland/9715293/2013,100
A/Netherlands/398/2014,A/Netherlands/773/2014,160
A/Netherlands/398/2014,A/Netherlands/779/2014,240
A/Netherlands/398/2014,A/Newcastle/22/2014,200
A/Netherlands/398/2014,A/Newcastle/30/2016,120
A/Netherlands/398/2014,A/Newcastle/82/2018,160
A/Netherlands/398/2014,A/Niedersachsen/185/2017,100
A/Netherlands/398/2014,A/Niedersachsen/186/2017,320
A/Netherlands/398/2014,A/Niedersachsen/5/2017,120
A/Netherlands/398/2014,A/Nimes/2454/2014,200
A/Netherlands/398/2014,A/Nitra/157/2017,240
A/Netherlands/398/2014,A/Nordrhein-Westfalen/106/2017,160
A/Netherlands/398/2014,A/Nordrhein-Westfalen/22/2019,80
A/Netherlands/398/2014,A/Nordrhein-Westfalen/53/2019,160
A/Netherlands/398/2014,A/Norway/0144/2015,180
A/Netherlands/398/2014,A/Norway/1120/2017,120
A/Netherlands/398/2014,A/Norway/1151/2015,60
A/Netherlands/398/2014,A/Norway/1477/2017,120
A/Netherlands/398/2014,A/Norway/1934/2017,120
A/Netherlands/398/2014,A/Norway/1940/2017,240
A/Netherlands/398/2014,A/Norway/234/2018,160
A/Netherlands/398/2014,A/Norway/2475/2015,120
A/Netherlands/398/2014,A/Norway/2516/2018,160
A/Netherlands/398/2014,A/Norway/2629/2015,60
A/Netherlands/398/2014,A/Norway/2629/2017,400
A/Netherlands/398/2014,A/Norway/279/2018,160
A/Netherlands/398/2014,A/Norway/3079/2014,120
A/Netherlands/398/2014,A/Norway/3275/2018,128
A/Netherlands/398/2014,A/Norway/3290/2013,80
A/Netherlands/398/2014,A/Norway/3668/2018,80
A/Netherlands/398/2014,A/Norway/4238/2016,60
A/Netherlands/398/2014,A/Norway/4395/2016,160
A/Netherlands/398/2014,A/Norway/4465/2016,142
A/Netherlands/398/2014,A/Norway/4497/2016,120
A/Netherlands/398/2014,A/Norway/484/2017,93
A/Netherlands/398/2014,A/Norway/58/2014,320
A/Netherlands/398/2014,A/Novosibirsk/13/2015,480
A/Netherlands/398/2014,A/Novosibirsk/265/2017,160
A/Netherlands/398/2014,A/Novosibirsk/34/2017,80
A/Netherlands/398/2014,A/Novosibirsk/39/2017,160
A/Netherlands/398/2014,A/Novosibirsk/47/2017,80
A/Netherlands/398/2014,A/Odessa/695/2016,120
A/Netherlands/398/2014,A/Oman/1819/2016,240
A/Netherlands/398/2014,A/Oman/20/2016,40
A/Netherlands/398/2014,A/Oman/24/2016,<40
A/Netherlands/398/2014,A/Oman/3329/2018,80
A/Netherlands/398/2014,A/Oman/3372/2018,120
A/Netherlands/398/2014,A/Oman/3407/2018,40
A/Netherlands/398/2014,A/Oman/4/2016,80
A/Netherlands/398/2014,A/Oman/4681/2015,120
A/Netherlands/398/2014,A/Oman/47/2016,<40
A/Netherlands/398/2014,A/Oman/4940/2015,200
A/Netherlands/398/2014,A/Oman/5009/2015,120
A/Netherlands/398/2014,A/Oman/5011/2015,120
A/Netherlands/398/2014,A/Oman/5357/2015,40
A/Netherlands/398/2014,A/Oman/5362/2018,80
A/Netherlands/398/2014,A/Oman/5466/2016,266
A/Netherlands/398/2014,A/Oman/5691/2015,120
A/Netherlands/398/2014,A/Oman/57/2017,240
A/Netherlands/398/2014,A/Oman/6106/2018,80
A/Netherlands/398/2014,A/Omsk/06/2017,160
A/Netherlands/398/2014,A/Omsk/4174/2016,133
A/Netherlands/398/2014,A/Palau/6759/2014,215
A/Netherlands/398/2014,A/Palermo/327/2018,160
A/Netherlands/398/2014,A/Palermo/6/2016,128
A/Netherlands/398/2014,A/Panama/307149/2010,160
A/Netherlands/398/2014,A/Paris/1023/2017,80
A/Netherlands/398/2014,A/Paris/1988/2012,374
A/Netherlands/398/2014,A/Paris/2306/2014,120
A/Netherlands/398/2014,A/Paris/2332/2014,290
A/Netherlands/398/2014,A/Paris/2337/2014,640
A/Netherlands/398/2014,A/Paris/2544/2018,120
A/Netherlands/398/2014,A/Parma/28/2014,320
A/Netherlands/398/2014,A/Parma/38/2016,120
A/Netherlands/398/2014,A/Parma/40/2014,320
A/Netherlands/398/2014,A/Perth/16/2009,77
A/Netherlands/398/2014,A/Perugia/26/2017,240
A/Netherlands/398/2014,A/Picardie/2297/2014,153
A/Netherlands/398/2014,A/Poitiers/1976/2018,40
A/Netherlands/398/2014,A/Poitiers/1978/2018,40
A/Netherlands/398/2014,A/Poitiers/2003/2018,40
A/Netherlands/398/2014,A/Poitiers/2028/2017,160
A/Netherlands/398/2014,A/Poland/412/2017,120
A/Netherlands/398/2014,A/Poland/555/2017,80
A/Netherlands/398/2014,A/Portugal/139/2019,160
A/Netherlands/398/2014,A/Pozarevac/1336/2014,1280
A/Netherlands/398/2014,A/Prievidza/77/2016,160
A/Netherlands/398/2014,A/Rheinland-Pfalz/17/2014,350
A/Netherlands/398/2014,A/Rheinland-Pfalz/2/2014,640
A/Netherlands/398/2014,A/Roma/12/2016,100
A/Netherlands/398/2014,A/Roma/7/2015,100
A/Netherlands/398/2014,A/Rouen/2273/2014,200
A/Netherlands/398/2014,A/Rouen/2291/2014,120
A/Netherlands/398/2014,A/Saarland/1/2015,66
A/Netherlands/398/2014,A/Sachsen-Anhalt/2/2017,60
A/Netherlands/398/2014,A/Sachsen/107/2017,160
A/Netherlands/398/2014,A/Sachsen/4/2017,80
A/Netherlands/398/2014,A/Sachsen/71/2017,100
A/Netherlands/398/2014,A/Sachsen/74/2016,157
A/Netherlands/398/2014,A/Saint-Etienne/1912/2018,80
A/Netherlands/398/2014,A/Saitama/103/2014,400
A/Netherlands/398/2014,A/Sakai/72/2014,320
A/Netherlands/398/2014,A/Samara/73/2013,161
A/Netherlands/398/2014,A/Sapporo/116/2014,160
A/Netherlands/398/2014,A/Sassari/9/2015,800
A/Netherlands/398/2014,A/Serbia-NS/1565/2016,240
A/Netherlands/398/2014,A/Serbia/1868/2019,80
A/Netherlands/398/2014,A/Serbia/NS-682/2014,160
A/Netherlands/398/2014,A/Serbia/NS-707/2014,640
A/Netherlands/398/2014,A/Serbia/NS-783/2014,640
A/Netherlands/398/2014,A/Shanghai-Pudongxin/1987/2017,80
A/Netherlands/398/2014,A/Shizuoka/34/2015,143
A/Netherlands/398/2014,A/Singapore/GP0454/2018,40
A/Netherlands/398/2014,A/Singapore/GP2646/2016,40
A/Netherlands/398/2014,A/Singapore/INFTT-16-0612/2016,80
A/Netherlands/398/2014,A/Singapore/KK0259/2018,<40
A/Netherlands/398/2014,A/Singapore/KK943/2014,100
A/Netherlands/398/2014,A/Singapore/TT1374/2016,80
A/Netherlands/398/2014,A/Slovenia/1066/15,240
A/Netherlands/398/2014,A/Slovenia/1070/2016,100
A/Netherlands/398/2014,A/Slovenia/1162/2014,320
A/Netherlands/398/2014,A/Slovenia/1172/2016,240
A/Netherlands/398/2014,A/Slovenia/1213/2014,160
A/Netherlands/398/2014,A/Slovenia/129/2016,175
A/Netherlands/398/2014,A/Slovenia/1307/2016,200
A/Netherlands/398/2014,A/Slovenia/1391/2017,200
A/Netherlands/398/2014,A/Slovenia/1406/2017,<40
A/Netherlands/398/2014,A/Slovenia/2069/2015,240
A/Netherlands/398/2014,A/Slovenia/2269/2017,160
A/Netherlands/398/2014,A/Slovenia/2792/2017,40
A/Netherlands/398/2014,A/Slovenia/3188/2015,480
A/Netherlands/398/2014,A/Slovenia/369/2015,40
A/Netherlands/398/2014,A/Slovenia/53/2017,120
A/Netherlands/398/2014,A/Slovenia/625/2017,240
A/Netherlands/398/2014,A/Slovenia/712/2014,320
A/Netherlands/398/2014,A/Slovenia/852/2016,120
A/Netherlands/398/2014,A/Soria/11/2019,80
A/Netherlands/398/2014,A/Stockholm/1/2013,81
A/Netherlands/398/2014,A/Stockholm/12/2015,<40
A/Netherlands/398/2014,A/Stockholm/17/2014,80
A/Netherlands/398/2014,A/Stockholm/20/2014,120
A/Netherlands/398/2014,A/Stockholm/24/2016,200
A/Netherlands/398/2014,A/Stockholm/31/2014,60
A/Netherlands/398/2014,A/Stockholm/32/2014,240
A/Netherlands/398/2014,A/Stockholm/36/2014,113
A/Netherlands/398/2014,A/Stockholm/39/2012,80
A/Netherlands/398/2014,A/Stockholm/42/2016,110
A/Netherlands/398/2014,A/Stockholm/44/2017,160
A/Netherlands/398/2014,A/Stockholm/46/2016,120
A/Netherlands/398/2014,A/Stockholm/63/2015,116
A/Netherlands/398/2014,A/Sundsvall/1/2018,40
A/Netherlands/398/2014,A/Sweden/76/2014,270
A/Netherlands/398/2014,A/Switzerland/8060/2017,153
A/Netherlands/398/2014,A/Switzerland/882/2017,320
A/Netherlands/398/2014,A/Switzerland/9715293/2013,156
A/Netherlands/398/2014,A/Sydney/142/2016,400
A/Netherlands/398/2014,A/Sydney/22/2018,80
A/Netherlands/398/2014,A/Sydney/71/2014,160
A/Netherlands/398/2014,A/Taiwan/442/2014,1280
A/Netherlands/398/2014,A/Tasmania/11/2014,216
A/Netherlands/398/2014,A/Tehran/58191/2013,448
A/Netherlands/398/2014,A/Timis/177582/2015,60
A/Netherlands/398/2014,A/Toamasina/2190/2017,320
A/Netherlands/398/2014,A/Tomsk/5/2015,120
A/Netherlands/398/2014,A/Trencin/46/2016,160
A/Netherlands/398/2014,A/Trencin/558/2015,120
A/Netherlands/398/2014,A/Trencin/94/2016,240
A/Netherlands/398/2014,A/Trnava/176/2015,120
A/Netherlands/398/2014,A/Trnava/90/2016,160
A/Netherlands/398/2014,A/Turkey/66/2018,150
A/Netherlands/398/2014,A/Turkey/TR-17/2016,480
A/Netherlands/398/2014,A/Turkey/TR-31/2016,240
A/Netherlands/398/2014,A/Tyumen/RII-01/2018,320
A/Netherlands/398/2014,A/Ukraine/165/2015,200
A/Netherlands/398/2014,A/Ukraine/6156/2014,640
A/Netherlands/398/2014,A/Ukraine/6161/2014,640
A/Netherlands/398/2014,A/Ukraine/7030/2016,100
A/Netherlands/398/2014,A/Ukraine/7730/2017,120
A/Netherlands/398/2014,A/Ukraine/7768/2016,60
A/Netherlands/398/2014,A/Ukraine/8122/2018,<40
A/Netherlands/398/2014,A/Uppsala/2/2017,160
A/Netherlands/398/2014,A/Uralsk/496/2017,60
A/Netherlands/398/2014,A/Valladolid/290/2016,400
A/Netherlands/398/2014,A/Victoria/361/2011,67
A/Netherlands/398/2014,A/Victoria/5006/2014,120
A/Netherlands/398/2014,A/Victoria/511/2015,300
A/Netherlands/398/2014,A/Wisconsin/20/2015,120
A/Netherlands/398/2014,A/Xinjiang-Tianshan/11190/2014,480
A/Netherlands/398/2014,A/Yamaguchi/34/2016,120
A/Netherlands/398/2014,A/Yokohama/120/2016,220
A/Netherlands/398/2014,A/Yunnan-Wenshan/1893/2015,240
A/Netherlands/398/2014,A/Zambia/06-027/2014,300
A/Netherlands/398/2014,A/Zaragoza/1476697/2018,120
A/Netherlands/398/2014,A/Zaragoza/1496248/2018,140
A/Netherlands/398/2014,A/Zaragoza/1528894/2018,80
A/Netherlands/398/2014,A/Zaragoza/492/2018,160
A/Netherlands/398/2014,A/Zhejiang-Nanhu/1745/2017,160
A/Netherlands/398/2014,A/Zhejiang-Nanhu/1975/2016,120
A/Netherlands/533/2012,A/Perth/16/2009,40
A/Netherlands/533/2012,A/Victoria/361/2011,240
A/Netherlands/548/2005,A/Panama/2007/1999,<40
A/Netherlands/548/2005,A/Wisconsin/67/2005,640
A/Netherlands/548/2005,A/Wyoming/3/2003,80
A/Netherlands/702/2011,A/Perth/10/2010,320
A/Netherlands/702/2011,A/Perth/16/2009,60
A/Netherlands/702/2011,A/Victoria/210/2009,80
A/Netherlands/710/2011,A/Perth/16/2009,40
A/Netherlands/761/2009,A/Niigata/403/2009,60
A/Netherlands/761/2009,A/Perth/16/2009,64
A/Netherlands/761/2009,A/Philippines/2191/2009,160
A/Netherlands/761/2009,A/Uruguay/716/2007,640
A/Netherlands/761/2009,A/Wisconsin/67/2005,140
A/Netherlands/773/2014,A/Perth/16/2009,40
A/Netherlands/773/2014,A/Samara/73/2013,160
A/Netherlands/773/2014,A/Switzerland/9715293/2013,<40
A/Netherlands/779/2014,A/Perth/16/2009,60
A/Netherlands/779/2014,A/Samara/73/2013,240
A/Netherlands/779/2014,A/Switzerland/9715293/2013,40
A/Nevada/05/2007,A/Serres/77/2007,80
A/Nevada/05/2007,A/Sofia/319/2007,80
A/Nevada/05/2007,A/Uruguay/716/2007,160
A/Nevada/05/2007,A/Wisconsin/67/2005,80
A/Newcastle/22/2014,A/Perth/16/2009,80
A/Newcastle/22/2014,A/Samara/73/2013,200
A/Newcastle/22/2014,A/Switzerland/9715293/2013,60
A/Newcastle/22/2014,A/Tasmania/11/2014,40
A/Newcastle/22/2014,A/Victoria/361/2011,80
A/Newcastle/30/2016,A/Samara/73/2013,40
A/Newcastle/30/2016,A/Switzerland/9715293/2013,60
A/Newcastle/82/2018,A/Norway/3275/2018,320
A/Newcastle/82/2018,A/Switzerland/8060/2017,112
A/Newport/5620/2024,A/Norway/12374/2023,80
A/Newport/5620/2024,A/Oklahoma/05/2024,160
A/Niedersachsen/113/2013,A/Paris/1988/2012,320
A/Niedersachsen/113/2013,A/Perth/16/2009,40
A/Niedersachsen/113/2013,A/Samara/73/2013,533
A/Niedersachsen/113/2013,A/Victoria/361/2011,293
A/Niedersachsen/185/2017,A/Palermo/6/2016,160
A/Niedersachsen/185/2017,A/Sachsen/74/2016,106
A/Niedersachsen/185/2017,A/Samara/73/2013,<40
A/Niedersachsen/185/2017,A/Switzerland/9715293/2013,40
A/Niedersachsen/186/2017,A/Palermo/6/2016,320
A/Niedersachsen/186/2017,A/Sachsen/74/2016,180
A/Niedersachsen/186/2017,A/Switzerland/9715293/2013,80
A/Niedersachsen/5/2017,A/Palermo/6/2016,80
A/Niedersachsen/5/2017,A/Sachsen/74/2016,160
A/Niedersachsen/5/2017,A/Samara/73/2013,40
A/Niedersachsen/5/2017,A/Switzerland/9715293/2013,40
A/Niedersachsen/51/2020,A/Norway/3275/2018,<40
A/Niigata/403/2009,A/Perth/16/2009,586
A/Niigata/403/2009,A/Taiwan/240/2009,<40
A/Niigata/403/2009,A/Uruguay/716/2007,80
A/Niigata/403/2009,A/Wisconsin/67/2005,80
A/Nimes/2454/2014,A/Perth/16/2009,<40
A/Nimes/2454/2014,A/Samara/73/2013,160
A/Nimes/2454/2014,A/Switzerland/9715293/2013,80
A/Nimes/2454/2014,A/Victoria/361/2011,<40
A/Nitra/157/2017,A/Palermo/6/2016,320
A/Nitra/157/2017,A/Sachsen/74/2016,320
A/Nitra/157/2017,A/Samara/73/2013,80
A/Nitra/157/2017,A/Switzerland/9715293/2013,80
A/Nordrhein-Westfalen/1/2021,A/Stockholm/5/2021,2560
A/Nordrhein-Westfalen/106/2017,A/Palermo/6/2016,160
A/Nordrhein-Westfalen/106/2017,A/Sachsen/74/2016,160
A/Nordrhein-Westfalen/106/2017,A/Samara/73/2013,<40
A/Nordrhein-Westfalen/106/2017,A/Switzerland/9715293/2013,40
A/Nordrhein-Westfalen/114/2024,A/Norway/12374/2023,80
A/Nordrhein-Westfalen/114/2024,A/Oklahoma/05/2024,80
A/Nordrhein-Westfalen/16/2023,A/Poland/PL65/2022,80
A/Nordrhein-Westfalen/16/2023,A/Stockholm/5/2021,160
A/Nordrhein-Westfalen/16/2023,A/Switzerland/28719/2022,320
A/Nordrhein-Westfalen/2/2021,A/Stockholm/5/2021,160
A/Nordrhein-Westfalen/22/2019,A/Switzerland/8060/2017,80
A/Nordrhein-Westfalen/36/2022,A/Norway/28542/2022,1280
A/Nordrhein-Westfalen/36/2022,A/Stockholm/5/2021,480
A/Nordrhein-Westfalen/36/2022,A/Ukraine/354/2021,320
A/Nordrhein-Westfalen/37/2022,A/Norway/28542/2022,1280
A/Nordrhein-Westfalen/37/2022,A/Stockholm/5/2021,640
A/Nordrhein-Westfalen/37/2022,A/Ukraine/354/2021,640
A/Nordrhein-Westfalen/40/2022,A/Norway/28542/2022,80
A/Nordrhein-Westfalen/40/2022,A/Stockholm/5/2021,320
A/Nordrhein-Westfalen/40/2022,A/Ukraine/354/2021,80
A/Nordrhein-Westfalen/5/2022,A/Stockholm/5/2021,320
A/Nordrhein-Westfalen/53/2019,A/Norway/3275/2018,40
A/Nordrhein-Westfalen/53/2019,A/Switzerland/8060/2017,80
A/Norway/00392/2025,A/Norway/12374/2023,80
A/Norway/00392/2025,A/Oklahoma/05/2024,160
A/Norway/00396/2025,A/Norway/12374/2023,80
A/Norway/00396/2025,A/Oklahoma/05/2024,80
A/Norway/0144/2015,A/Perth/16/2009,40
A/Norway/0144/2015,A/Samara/73/2013,160
A/Norway/0144/2015,A/Switzerland/9715293/2013,60
A/Norway/0144/2015,A/Victoria/361/2011,80
A/Norway/06798/2024,A/Norway/12374/2023,80
A/Norway/06798/2024,A/Oklahoma/05/2024,80
A/Norway/06884/2024,A/Norway/12374/2023,160
A/Norway/06884/2024,A/Oklahoma/05/2024,160
A/Norway/07066/2024,A/Norway/12374/2023,118
A/Norway/07066/2024,A/Norway/1592/2024,160
A/Norway/07066/2024,A/Oklahoma/05/2024,208
A/Norway/07228/2024,A/Norway/12374/2023,80
A/Norway/07228/2024,A/Oklahoma/05/2024,160
A/Norway/07263/2024,A/Norway/12374/2023,80
A/Norway/07263/2024,A/Oklahoma/05/2024,80
A/Norway/07790/2024,A/Norway/12374/2023,80
A/Norway/07790/2024,A/Oklahoma/05/2024,160
A/Norway/1120/2017,A/Palermo/6/2016,160
A/Norway/1120/2017,A/Sachsen/74/2016,160
A/Norway/1120/2017,A/Samara/73/2013,<40
A/Norway/1120/2017,A/Switzerland/9715293/2013,40
A/Norway/11294/2023,A/Poland/PL65/2022,80
A/Norway/11294/2023,A/Stockholm/5/2021,160
A/Norway/11294/2023,A/Switzerland/28719/2022,320
A/Norway/11294/2023,A/Vasteras/SE23-14213/2023,320
A/Norway/11360/2023,A/Poland/PL65/2022,40
A/Norway/11360/2023,A/Stockholm/5/2021,80
A/Norway/11360/2023,A/Switzerland/28719/2022,160
A/Norway/1151/2015,A/Perth/16/2009,<40
A/Norway/1151/2015,A/Samara/73/2013,80
A/Norway/1151/2015,A/Switzerland/9715293/2013,<40
A/Norway/1151/2015,A/Victoria/361/2011,40
A/Norway/1186/2011,A/Perth/10/2010,320
A/Norway/1186/2011,A/Perth/16/2009,160
A/Norway/1186/2011,A/Victoria/210/2009,160
A/Norway/1186/2011,A/Wisconsin/67/2005,<40
A/Norway/1191/2004,A/Panama/2007/1999,80
A/Norway/1191/2004,A/Singapore/37/2004,320
A/Norway/1191/2004,A/Wellington/1/2004,160
A/Norway/1191/2004,A/Wyoming/3/2003,240
A/Norway/12245/2022,A/Stockholm/5/2021,320
A/Norway/12374/2023,A/Norway/1592/2024,70
A/Norway/12374/2023,A/Oklahoma/05/2024,120
A/Norway/12374/2023,A/Parma/50/2024,80
A/Norway/12374/2023,A/Perm/RII-03/2024,160
A/Norway/12374/2023,A/Perm/RII-04/2024,160
A/Norway/12374/2023,A/Poland/PL44/2024,80
A/Norway/12374/2023,A/Poland/PL51/2024,80
A/Norway/12374/2023,A/Poland/PL53/2024,80
A/Norway/12374/2023,A/Poland/PL54/2024,80
A/Norway/12374/2023,A/Poland/PL64/2024,80
A/Norway/12374/2023,A/Prahova/566118/2024,240
A/Norway/12374/2023,A/Qatar/89814/2024,80
A/Norway/12374/2023,A/Qatar/89913/2024,120
A/Norway/12374/2023,A/Rheinland-Pfalz/39/2024,40
A/Norway/12374/2023,A/Romania/563383/2023,155
A/Norway/12374/2023,A/Romania_BB/586841/2024,80
A/Norway/12374/2023,A/Romania_BB/586906/2025,80
A/Norway/12374/2023,A/Saint-Petersburg/RII-48/2024,160
A/Norway/12374/2023,A/SaintPetersburg/RII-46/2024,80
A/Norway/12374/2023,A/SaintPetersburg/RII-47/2024,80
A/Norway/12374/2023,A/Salalah/52423943/2024,80
A/Norway/12374/2023,A/Salamanca/2657/2024,80
A/Norway/12374/2023,A/SaudiArabia/10299/2024,80
A/Norway/12374/2023,A/Schleswig-Holstein/54/2024,160
A/Norway/12374/2023,A/Serbia/1354/2024,160
A/Norway/12374/2023,A/Serbia/248/2024,184
A/Norway/12374/2023,A/Shanghai-Fengxian/1912/2023,132
A/Norway/12374/2023,A/Siracusa/5/2024,80
A/Norway/12374/2023,A/Slovenia/370/2024,200
A/Norway/12374/2023,A/Slovenia/648/2024,160
A/Norway/12374/2023,A/Slovenia/NLZOH-8008-21-1540/2024,160
A/Norway/12374/2023,A/Slovenia/NLZOH-8008-21-2023/2024,121
A/Norway/12374/2023,A/SouthSudan/983/2024,80
A/Norway/12374/2023,A/SouthSudan/988/2024,160
A/Norway/12374/2023,A/Spain/1707/2024,80
A/Norway/12374/2023,A/Spain/2026/2024,80
A/Norway/12374/2023,A/Spain/2389/2024,80
A/Norway/12374/2023,A/Spain/2561/2024,80
A/Norway/12374/2023,A/Spain/575/2023,60
A/Norway/12374/2023,A/Spain/968/2023,80
A/Norway/12374/2023,A/Stockholm/SE24-52993/2024,80
A/Norway/12374/2023,A/Switzerland/0800/2025,80
A/Norway/12374/2023,A/Switzerland/5118/2024,80
A/Norway/12374/2023,A/Switzerland/5735/2024,70
A/Norway/12374/2023,A/Switzerland/59652/2024,40
A/Norway/12374/2023,A/Switzerland/7776/2024,120
A/Norway/12374/2023,A/Switzerland/7828/2024,320
A/Norway/12374/2023,A/Switzerland/79656/2024,80
A/Norway/12374/2023,A/Switzerland/8932/2024,40
A/Norway/12374/2023,A/Switzerland/91699/2024,160
A/Norway/12374/2023,A/Toulon/0241495940/2024,80
A/Norway/12374/2023,A/Trollhattan/SE24-03639/2024,80
A/Norway/12374/2023,A/Trollhattan/SE24-04469/2024,80
A/Norway/12374/2023,A/Tunisia/3500/2024,160
A/Norway/12374/2023,A/Turkmenistan/142/2024,120
A/Norway/12374/2023,A/Turkmenistan/784/2025,80
A/Norway/12374/2023,A/Turkmenistan/801/2025,40
A/Norway/12374/2023,A/Uppsala/SE24-04691/2024,80
A/Norway/1252/2012,A/Perth/16/2009,160
A/Norway/1252/2012,A/Victoria/361/2011,400
A/Norway/1292/2012,A/Perth/16/2009,80
A/Norway/1292/2012,A/Victoria/361/2011,400
A/Norway/1330/2010,A/Perth/16/2009,80
A/Norway/1330/2010,A/Victoria/210/2009,80
A/Norway/1330/2010,A/Wisconsin/67/2005,<40
A/Norway/1359/2012,A/Perth/16/2009,160
A/Norway/1359/2012,A/Victoria/361/2011,480
A/Norway/14/2009,A/Uruguay/716/2007,2560
A/Norway/14/2009,A/Wisconsin/67/2005,640
A/Norway/1477/2017,A/Palermo/6/2016,160
A/Norway/1477/2017,A/Sachsen/74/2016,160
A/Norway/1477/2017,A/Samara/73/2013,<40
A/Norway/1477/2017,A/Switzerland/9715293/2013,40
A/Norway/1592/2024,A/Oklahoma/05/2024,1660
A/Norway/1592/2024,A/Perm/RII-03/2024,160
A/Norway/1592/2024,A/Perm/RII-04/2024,320
A/Norway/1592/2024,A/Saint-Petersburg/RII-48/2024,160
A/Norway/1592/2024,A/SaintPetersburg/RII-46/2024,80
A/Norway/1592/2024,A/SaintPetersburg/RII-47/2024,80
A/Norway/1592/2024,A/Slovenia/NLZOH-8008-21-2023/2024,160
A/Norway/1592/2024,A/Switzerland/59652/2024,<40
A/Norway/1739/2009,A/Perth/16/2009,*
A/Norway/1739/2009,A/Uruguay/716/2007,60
A/Norway/1739/2009,A/Wisconsin/67/2005,40
A/Norway/1762/2011,A/Perth/10/2010,160
A/Norway/1762/2011,A/Perth/16/2009,160
A/Norway/1762/2011,A/Victoria/210/2009,80
A/Norway/1762/2011,A/Wisconsin/67/2005,<40
A/Norway/1775/2011,A/Perth/10/2010,320
A/Norway/1775/2011,A/Perth/16/2009,146
A/Norway/1775/2011,A/Victoria/210/2009,160
A/Norway/1775/2011,A/Victoria/361/2011,160
A/Norway/1775/2011,A/Wisconsin/67/2005,<40
A/Norway/18090/2022,A/Stockholm/5/2021,480
A/Norway/18657/2022,A/Stockholm/5/2021,320
A/Norway/1934/2017,A/Palermo/6/2016,160
A/Norway/1934/2017,A/Sachsen/74/2016,160
A/Norway/1934/2017,A/Samara/73/2013,40
A/Norway/1934/2017,A/Switzerland/9715293/2013,40
A/Norway/1940/2017,A/Palermo/6/2016,320
A/Norway/1940/2017,A/Sachsen/74/2016,80
A/Norway/1940/2017,A/Samara/73/2013,80
A/Norway/1940/2017,A/Switzerland/9715293/2013,120
A/Norway/2003/2023,A/Stockholm/5/2021,320
A/Norway/2069/2020,A/Norway/3275/2018,<40
A/Norway/2099/2019,A/Norway/3275/2018,<40
A/Norway/2099/2019,A/Switzerland/8060/2017,40
A/Norway/2155/2019,A/Norway/3275/2018,80
A/Norway/2155/2019,A/Switzerland/8060/2017,40
A/Norway/2220/2019,A/Norway/3275/2018,160
A/Norway/2220/2019,A/Switzerland/8060/2017,40
A/Norway/2224/2019,A/Norway/3275/2018,160
A/Norway/2224/2019,A/Switzerland/8060/2017,160
A/Norway/2320/2020,A/Norway/3275/2018,320
A/Norway/2329/2011,A/Perth/10/2010,320
A/Norway/2329/2011,A/Perth/16/2009,120
A/Norway/2329/2011,A/Victoria/210/2009,120
A/Norway/234/2018,A/Palermo/6/2016,160
A/Norway/234/2018,A/Sachsen/74/2016,320
A/Norway/2357/2020,A/Norway/3275/2018,320
A/Norway/2366/2011,A/Perth/10/2010,320
A/Norway/2366/2011,A/Perth/16/2009,160
A/Norway/2366/2011,A/Victoria/210/2009,160
A/Norway/2400/2011,A/Perth/10/2010,1280
A/Norway/2400/2011,A/Perth/16/2009,174
A/Norway/2400/2011,A/Victoria/210/2009,480
A/Norway/2400/2011,A/Victoria/361/2011,302
A/Norway/2418/2013,A/Perth/16/2009,<40
A/Norway/2418/2013,A/Samara/73/2013,240
A/Norway/2418/2013,A/Victoria/361/2011,140
A/Norway/2425/2019,A/Norway/3275/2018,80
A/Norway/2425/2019,A/Switzerland/8060/2017,<40
A/Norway/2475/2015,A/Perth/16/2009,<40
A/Norway/2475/2015,A/Samara/73/2013,80
A/Norway/2475/2015,A/Switzerland/9715293/2013,80
A/Norway/2516/2018,A/Norway/484/2017,40
A/Norway/2516/2018,A/Switzerland/8060/2017,80
A/Norway/2629/2015,A/Samara/73/2013,<40
A/Norway/2629/2015,A/Switzerland/9715293/2013,40
A/Norway/2629/2017,A/Palermo/6/2016,320
A/Norway/2629/2017,A/Sachsen/74/2016,320
A/Norway/2629/2017,A/Samara/73/2013,80
A/Norway/2629/2017,A/Switzerland/9715293/2013,120
A/Norway/272/2014,A/Paris/1988/2012,640
A/Norway/272/2014,A/Perth/16/2009,40
A/Norway/272/2014,A/Samara/73/2013,1280
A/Norway/272/2014,A/Victoria/361/2011,1280
A/Norway/279/2018,A/Palermo/6/2016,320
A/Norway/279/2018,A/Sachsen/74/2016,320
A/Norway/28394/2022,A/Stockholm/5/2021,576
A/Norway/28542/2022,A/Norway/32641/2022,160
A/Norway/28542/2022,A/Poland/PL65/2022,426
A/Norway/28542/2022,A/Rheinland-Pfalz/18/2022,80
A/Norway/28542/2022,A/Stockholm/5/2021,400
A/Norway/28542/2022,A/Switzerland/18284/2022,60
A/Norway/28542/2022,A/Ukraine/354/2021,640
A/Norway/28830/2021,A/Slovenia/9891/2022,*
A/Norway/28830/2021,A/Stockholm/5/2021,711
A/Norway/28830/2021,A/Tajikistan/2/2021,*
A/Norway/3079/2014,A/Perth/16/2009,40
A/Norway/3079/2014,A/Samara/73/2013,160
A/Norway/3079/2014,A/Switzerland/9715293/2013,40
A/Norway/3079/2014,A/Victoria/361/2011,80
A/Norway/31262/2021,A/Stockholm/5/2021,40
A/Norway/3170/2023,A/Stockholm/5/2021,320
A/Norway/319/2024,A/Poland/PL65/2022,80
A/Norway/319/2024,A/Stockholm/5/2021,80
A/Norway/319/2024,A/Switzerland/28719/2022,320
A/Norway/32026/2022,A/Stockholm/5/2021,160
A/Norway/32026/2022,A/Ukraine/354/2021,80
A/Norway/32641/2022,A/Stockholm/5/2021,295
A/Norway/32641/2022,A/Ukraine/354/2021,128
A/Norway/3266/2013,A/Paris/1988/2012,220
A/Norway/3266/2013,A/Perth/16/2009,40
A/Norway/3266/2013,A/Samara/73/2013,480
A/Norway/3266/2013,A/Victoria/361/2011,333
A/Norway/3275/2018,A/Norway/47/2020,40
A/Norway/3275/2018,A/Norway/828/2020,<40
A/Norway/3275/2018,A/Novosibirsk/265/2017,160
A/Norway/3275/2018,A/Oman/4471/2019,40
A/Norway/3275/2018,A/Oman/5362/2018,80
A/Norway/3275/2018,A/Oman/6106/2018,80
A/Norway/3275/2018,A/Palermo/02/2020,160
A/Norway/3275/2018,A/Palermo/327/2018,160
A/Norway/3275/2018,A/Palermo/36/2019,160
A/Norway/3275/2018,A/Paris/2544/2018,40
A/Norway/3275/2018,A/Paris/2554/2019,<40
A/Norway/3275/2018,A/Parma/23/2020,160
A/Norway/3275/2018,A/Parma/26/2020,<40
A/Norway/3275/2018,A/Parma/31/2020,160
A/Norway/3275/2018,A/Parma/353/2019,<40
A/Norway/3275/2018,A/Parma/379/2019,80
A/Norway/3275/2018,A/Parma/391/2019,62
A/Norway/3275/2018,A/Picardie/1898/2019,<40
A/Norway/3275/2018,A/Poland/220/2020,40
A/Norway/3275/2018,A/Portugal/16/2019,240
A/Norway/3275/2018,A/Portugal/MS74/2020,160
A/Norway/3275/2018,A/Prievidza/126/2019,160
A/Norway/3275/2018,A/Qatar/10-VI-19-0048252/2019,120
A/Norway/3275/2018,A/Qatar/10-VI-19-0069058/2019,80
A/Norway/3275/2018,A/Qatar/16-VI-19-0048499/2019,144
A/Norway/3275/2018,A/Qatar/16-VI-19-0048823/2019,160
A/Norway/3275/2018,A/Qatar/16-VI-19-0049409/2019,160
A/Norway/3275/2018,A/Qatar/16-VI-19-0069037/2019,80
A/Norway/3275/2018,A/Rheinland-Pfalz/26/2020,<40
A/Norway/3275/2018,A/S.Petersburg/RII-180/2020,<40
A/Norway/3275/2018,A/Saarland/15/2019,<40
A/Norway/3275/2018,A/Saarland/25/2019,80
A/Norway/3275/2018,A/Sachsen/38/2020,<40
A/Norway/3275/2018,A/Sachsen/5/2020,<40
A/Norway/3275/2018,A/Sachsen/74/2016,320
A/Norway/3275/2018,A/Saint-Etienne/2539/2020,320
A/Norway/3275/2018,A/Sakha/3014V/2019,160
A/Norway/3275/2018,A/Salalah/5662/2019,128
A/Norway/3275/2018,A/Salalah/6611/2019,160
A/Norway/3275/2018,A/Salalah/6905/2019,320
A/Norway/3275/2018,A/Salalah/7183/2019,320
A/Norway/3275/2018,A/Sanliurfa/1763/2018,<40
A/Norway/3275/2018,A/Schleswig-Holstein/2/2020,160
A/Norway/3275/2018,A/Serbia/1868/2019,160
A/Norway/3275/2018,A/Serbia/3031/2019,80
A/Norway/3275/2018,A/Serbia/584/2019,106
A/Norway/3275/2018,A/Shanghai-Jiading/1977/2019,320
A/Norway/3275/2018,A/Skovde/1/2019,160
A/Norway/3275/2018,A/Skovde/3/2019,320
A/Norway/3275/2018,A/Slovenia/1270/2020,40
A/Norway/3275/2018,A/Slovenia/1465/2020,<40
A/Norway/3275/2018,A/Slovenia/1650/2020,80
A/Norway/3275/2018,A/Slovenia/1752/2020,160
A/Norway/3275/2018,A/Slovenia/3251/2019,160
A/Norway/3275/2018,A/Soria/11/2019,160
A/Norway/3275/2018,A/Stavropol/10/2020,<40
A/Norway/3275/2018,A/Stockholm/22/2019,160
A/Norway/3275/2018,A/Stockholm/30/2019,260
A/Norway/3275/2018,A/Stockholm/30/2020,<40
A/Norway/3275/2018,A/Stockholm/32/2019,160
A/Norway/3275/2018,A/Stockholm/44/2017,160
A/Norway/3275/2018,A/Switzerland/6206/2020,160
A/Norway/3275/2018,A/Switzerland/7204/2019,315
A/Norway/3275/2018,A/Switzerland/8060/2017,134
A/Norway/3275/2018,A/Switzerland/8482/2020,40
A/Norway/3275/2018,A/Sydney/53/2019,240
A/Norway/3275/2018,A/Torino/544/2019,160
A/Norway/3275/2018,A/Trencin/74/2019,40
A/Norway/3275/2018,A/Trnava/70/2019,80
A/Norway/3275/2018,A/Turkey/66/2018,146
A/Norway/3275/2018,A/Turkey/70/2018,80
A/Norway/3275/2018,A/Ukraine/8122/2018,60
A/Norway/3275/2018,A/Ukraine/8210/2019,80
A/Norway/3275/2018,A/Ukraine/8230/2019,80
A/Norway/3275/2018,A/Zambia/1-390/2018,80
A/Norway/3275/2018,A/Zaporizhia/156/2019,160
A/Norway/3290/2013,A/Paris/1988/2012,73
A/Norway/3290/2013,A/Perth/16/2009,80
A/Norway/3290/2013,A/Samara/73/2013,200
A/Norway/3290/2013,A/Stockholm/1/2013,60
A/Norway/3290/2013,A/Victoria/361/2011,100
A/Norway/3303/2013,A/Paris/1988/2012,80
A/Norway/3303/2013,A/Perth/16/2009,<40
A/Norway/3303/2013,A/Samara/73/2013,160
A/Norway/3303/2013,A/Victoria/361/2011,80
A/Norway/33371/2022,A/Stockholm/5/2021,320
A/Norway/33371/2022,A/Ukraine/354/2021,320
A/Norway/33404/2022,A/Stockholm/5/2021,320
A/Norway/33404/2022,A/Ukraine/354/2021,320
A/Norway/33475/2022,A/Stockholm/5/2021,160
A/Norway/33475/2022,A/Ukraine/354/2021,80
A/Norway/3384/2023,A/Stockholm/5/2021,320
A/Norway/3668/2018,A/Sachsen/74/2016,80
A/Norway/3668/2018,A/Switzerland/8060/2017,80
A/Norway/3821/2023,A/Stockholm/5/2021,160
A/Norway/389/2014,A/Paris/1988/2012,120
A/Norway/389/2014,A/Perth/16/2009,<40
A/Norway/389/2014,A/Samara/73/2013,320
A/Norway/389/2014,A/Victoria/361/2011,320
A/Norway/4238/2016,A/Samara/73/2013,<40
A/Norway/4238/2016,A/Switzerland/9715293/2013,40
A/Norway/4395/2016,A/Palermo/6/2016,213
A/Norway/4395/2016,A/Sachsen/74/2016,266
A/Norway/4395/2016,A/Samara/73/2013,50
A/Norway/4395/2016,A/Switzerland/9715293/2013,75
A/Norway/4465/2016,A/Norway/484/2017,160
A/Norway/4465/2016,A/Novosibirsk/265/2017,*
A/Norway/4465/2016,A/Palermo/6/2016,234
A/Norway/4465/2016,A/Sachsen/74/2016,205
A/Norway/4465/2016,A/Samara/73/2013,80
A/Norway/4465/2016,A/Stockholm/44/2017,40
A/Norway/4465/2016,A/Switzerland/9715293/2013,58
A/Norway/4465/2016,A/Uppsala/2/2017,130
A/Norway/4497/2016,A/Palermo/6/2016,160
A/Norway/4497/2016,A/Sachsen/74/2016,160
A/Norway/4497/2016,A/Samara/73/2013,40
A/Norway/4497/2016,A/Switzerland/9715293/2013,60
A/Norway/47/2024,A/Oklahoma/05/2024,2560
A/Norway/484/2017,A/Palermo/6/2016,120
A/Norway/484/2017,A/Sachsen/74/2016,160
A/Norway/484/2017,A/Samara/73/2013,<40
A/Norway/484/2017,A/Switzerland/8060/2017,160
A/Norway/484/2017,A/Switzerland/9715293/2013,<40
A/Norway/530/2022,A/Stockholm/5/2021,320
A/Norway/58/2014,A/Paris/1988/2012,240
A/Norway/58/2014,A/Perth/16/2009,<40
A/Norway/58/2014,A/Samara/73/2013,320
A/Norway/58/2014,A/Stockholm/1/2013,80
A/Norway/58/2014,A/Victoria/361/2011,160
A/Norway/624/2012,A/Perth/16/2009,160
A/Norway/624/2012,A/Victoria/361/2011,160
A/Norway/625/2012,A/Perth/16/2009,80
A/Norway/625/2012,A/Victoria/361/2011,160
A/Norway/685/2011,A/Perth/10/2010,640
A/Norway/685/2011,A/Perth/16/2009,160
A/Norway/685/2011,A/Victoria/210/2009,160
A/Norway/685/2011,A/Wisconsin/67/2005,40
A/Norway/708/2012,A/Perth/16/2009,143
A/Norway/708/2012,A/Victoria/361/2011,340
A/NosyBe/429/2013,A/Perth/16/2009,80
A/NosyBe/429/2013,A/Victoria/361/2011,480
A/Novosibirsk/13/2015,A/Samara/73/2013,320
A/Novosibirsk/13/2015,A/Switzerland/9715293/2013,160
A/Novosibirsk/265/2017,A/Palermo/6/2016,80
A/Novosibirsk/265/2017,A/Sachsen/74/2016,160
A/Novosibirsk/265/2017,A/Switzerland/8060/2017,80
A/Novosibirsk/265/2017,A/Switzerland/9715293/2013,*
A/Novosibirsk/32/2013,A/Perth/16/2009,40
A/Novosibirsk/32/2013,A/Victoria/361/2011,240
A/Novosibirsk/34/2017,A/Palermo/6/2016,80
A/Novosibirsk/34/2017,A/Sachsen/74/2016,80
A/Novosibirsk/34/2017,A/Switzerland/9715293/2013,40
A/Novosibirsk/39/2017,A/Palermo/6/2016,160
A/Novosibirsk/39/2017,A/Sachsen/74/2016,160
A/Novosibirsk/39/2017,A/Switzerland/9715293/2013,40
A/Novosibirsk/47/2017,A/Palermo/6/2016,160
A/Novosibirsk/47/2017,A/Sachsen/74/2016,160
A/Novosibirsk/47/2017,A/Switzerland/9715293/2013,40
A/Novosibirsk/78/2012,A/Perth/16/2009,60
A/Novosibirsk/78/2012,A/Victoria/361/2011,330
A/Novosibirsk/RII-02/2021,A/Stockholm/5/2021,640
A/Novosibirsk/RII-03/2021,A/Stockholm/5/2021,426
A/Odessa/695/2016,A/Samara/73/2013,40
A/Odessa/695/2016,A/Switzerland/9715293/2013,40
A/Ohio/2/2012,A/Perth/16/2009,146
A/Ohio/2/2012,A/Victoria/361/2011,226
A/Oklahoma/05/2024,A/Parma/50/2024,160
A/Oklahoma/05/2024,A/Perm/RII-03/2024,320
A/Oklahoma/05/2024,A/Perm/RII-04/2024,320
A/Oklahoma/05/2024,A/Poland/50/2024,320
A/Oklahoma/05/2024,A/Poland/PL44/2024,80
A/Oklahoma/05/2024,A/Poland/PL51/2024,80
A/Oklahoma/05/2024,A/Poland/PL53/2024,160
A/Oklahoma/05/2024,A/Poland/PL54/2024,320
A/Oklahoma/05/2024,A/Poland/PL64/2024,320
A/Oklahoma/05/2024,A/Poland/PL65/2022,93
A/Oklahoma/05/2024,A/Prahova/566118/2024,240
A/Oklahoma/05/2024,A/Qatar/89814/2024,160
A/Oklahoma/05/2024,A/Qatar/89913/2024,160
A/Oklahoma/05/2024,A/Rheinland-Pfalz/39/2024,80
A/Oklahoma/05/2024,A/Romania/563383/2023,266
A/Oklahoma/05/2024,A/Romania_BB/586841/2024,160
A/Oklahoma/05/2024,A/Romania_BB/586906/2025,40
A/Oklahoma/05/2024,A/Saint-Petersburg/RII-48/2024,320
A/Oklahoma/05/2024,A/SaintPetersburg/RII-46/2024,160
A/Oklahoma/05/2024,A/SaintPetersburg/RII-47/2024,80
A/Oklahoma/05/2024,A/Salalah/52423943/2024,160
A/Oklahoma/05/2024,A/Salamanca/2657/2024,160
A/Oklahoma/05/2024,A/SaudiArabia/10299/2024,160
A/Oklahoma/05/2024,A/Schleswig-Holstein/54/2024,320
A/Oklahoma/05/2024,A/Serbia/1354/2024,320
A/Oklahoma/05/2024,A/Serbia/248/2024,381
A/Oklahoma/05/2024,A/Serbia/8265/2023,320
A/Oklahoma/05/2024,A/Shanghai-Fengxian/1912/2023,189
A/Oklahoma/05/2024,A/Siracusa/5/2024,80
A/Oklahoma/05/2024,A/Slovenia/370/2024,200
A/Oklahoma/05/2024,A/Slovenia/648/2024,240
A/Oklahoma/05/2024,A/Slovenia/NLZOH-8008-21-1540/2024,320
A/Oklahoma/05/2024,A/Slovenia/NLZOH-8008-21-2023/2024,185
A/Oklahoma/05/2024,A/SouthSudan/983/2024,160
A/Oklahoma/05/2024,A/SouthSudan/988/2024,160
A/Oklahoma/05/2024,A/Spain/1707/2024,160
A/Oklahoma/05/2024,A/Spain/2026/2024,160
A/Oklahoma/05/2024,A/Spain/2389/2024,160
A/Oklahoma/05/2024,A/Spain/2561/2024,160
A/Oklahoma/05/2024,A/Spain/575/2023,120
A/Oklahoma/05/2024,A/Spain/968/2023,160
A/Oklahoma/05/2024,A/Stockholm/5/2021,53
A/Oklahoma/05/2024,A/Stockholm/SE24-52993/2024,160
A/Oklahoma/05/2024,A/Switzerland/0800/2025,160
A/Oklahoma/05/2024,A/Switzerland/28719/2022,213
A/Oklahoma/05/2024,A/Switzerland/5118/2024,160
A/Oklahoma/05/2024,A/Switzerland/5735/2024,120
A/Oklahoma/05/2024,A/Switzerland/59652/2024,<40
A/Oklahoma/05/2024,A/Switzerland/71762/2023,240
A/Oklahoma/05/2024,A/Switzerland/7776/2024,160
A/Oklahoma/05/2024,A/Switzerland/7828/2024,320
A/Oklahoma/05/2024,A/Switzerland/79656/2024,80
A/Oklahoma/05/2024,A/Switzerland/8649/2023,153
A/Oklahoma/05/2024,A/Switzerland/8932/2024,80
A/Oklahoma/05/2024,A/Switzerland/91699/2024,160
A/Oklahoma/05/2024,A/Toamasina/02991/2023,80
A/Oklahoma/05/2024,A/Toulon/0241495940/2024,160
A/Oklahoma/05/2024,A/Trollhattan/SE24-03639/2024,80
A/Oklahoma/05/2024,A/Trollhattan/SE24-04469/2024,160
A/Oklahoma/05/2024,A/Tunisia/3500/2024,160
A/Oklahoma/05/2024,A/Turkmenistan/142/2024,240
A/Oklahoma/05/2024,A/Turkmenistan/784/2025,80
A/Oklahoma/05/2024,A/Turkmenistan/801/2025,80
A/Oklahoma/05/2024,A/Ukraine/2777/2024,320
A/Oklahoma/05/2024,A/Uppsala/SE24-04691/2024,80
A/Oklahoma/05/2024,A/Victoria/2776/2023,180
A/Oklahoma/05/2024,A/Victoria/2997/2023,120
A/Oman/1819/2016,A/Samara/73/2013,40
A/Oman/1819/2016,A/Slovenia/129/2016,*
A/Oman/1819/2016,A/Slovenia/3188/2015,*
A/Oman/1819/2016,A/Switzerland/9715293/2013,60
A/Oman/20/2016,A/Palermo/6/2016,40
A/Oman/20/2016,A/Sachsen/74/2016,40
A/Oman/20/2016,A/Switzerland/9715293/2013,<40
A/Oman/24/2016,A/Palermo/6/2016,40
A/Oman/24/2016,A/Sachsen/74/2016,<40
A/Oman/24/2016,A/Switzerland/9715293/2013,<40
A/Oman/3329/2018,A/Sachsen/74/2016,80
A/Oman/3329/2018,A/Switzerland/8060/2017,40
A/Oman/3372/2018,A/Sachsen/74/2016,120
A/Oman/3372/2018,A/Switzerland/8060/2017,80
A/Oman/3407/2018,A/Sachsen/74/2016,80
A/Oman/3407/2018,A/Switzerland/8060/2017,40
A/Oman/4/2016,A/Palermo/6/2016,80
A/Oman/4/2016,A/Sachsen/74/2016,80
A/Oman/4/2016,A/Switzerland/9715293/2013,<40
A/Oman/4471/2019,A/Switzerland/8060/2017,80
A/Oman/4681/2015,A/Samara/73/2013,40
A/Oman/4681/2015,A/Switzerland/9715293/2013,60
A/Oman/47/2016,A/Palermo/6/2016,40
A/Oman/47/2016,A/Sachsen/74/2016,60
A/Oman/47/2016,A/Switzerland/9715293/2013,<40
A/Oman/4940/2015,A/Samara/73/2013,40
A/Oman/4940/2015,A/Switzerland/9715293/2013,60
A/Oman/5009/2015,A/Samara/73/2013,<40
A/Oman/5009/2015,A/Switzerland/9715293/2013,60
A/Oman/5011/2015,A/Samara/73/2013,40
A/Oman/5011/2015,A/Switzerland/9715293/2013,53
A/Oman/5357/2015,A/Samara/73/2013,<40
A/Oman/5357/2015,A/Switzerland/9715293/2013,<40
A/Oman/5362/2018,A/Switzerland/8060/2017,80
A/Oman/5466/2016,A/Palermo/6/2016,160
A/Oman/5466/2016,A/Switzerland/9715293/2013,160
A/Oman/5691/2015,A/Samara/73/2013,40
A/Oman/5691/2015,A/Switzerland/9715293/2013,40
A/Oman/57/2017,A/Palermo/6/2016,240
A/Oman/57/2017,A/Sachsen/74/2016,160
A/Oman/57/2017,A/Switzerland/9715293/2013,80
A/Oman/6106/2018,A/Switzerland/8060/2017,40
A/Omsk/06/2017,A/Palermo/6/2016,320
A/Omsk/06/2017,A/Sachsen/74/2016,320
A/Omsk/06/2017,A/Switzerland/9715293/2013,80
A/Omsk/1/2012,A/Perth/16/2009,80
A/Omsk/1/2012,A/Victoria/361/2011,320
A/Omsk/4174/2016,A/Palermo/6/2016,160
A/Omsk/4174/2016,A/Sachsen/74/2016,160
A/Omsk/4174/2016,A/Samara/73/2013,60
A/Omsk/4174/2016,A/Switzerland/9715293/2013,60
A/Orenburg/45/2021,A/Stockholm/5/2021,640
A/Orenburg/5/2022,A/Stockholm/5/2021,320
A/Ostersund/SE23-14558/2023,A/Poland/PL65/2022,80
A/Ostersund/SE23-14558/2023,A/Stockholm/5/2021,160
A/Ostersund/SE23-14558/2023,A/Switzerland/28719/2022,320
A/Palau/6759/2014,A/Paris/1988/2012,320
A/Palau/6759/2014,A/Perth/16/2009,66
A/Palau/6759/2014,A/Samara/73/2013,325
A/Palau/6759/2014,A/Stockholm/1/2013,191
A/Palau/6759/2014,A/Switzerland/9715293/2013,397
A/Palau/6759/2014,A/Sydney/71/2014,*
A/Palau/6759/2014,A/Taiwan/442/2014,213
A/Palau/6759/2014,A/Victoria/361/2011,189
A/Palencia/118/2022,A/Stockholm/5/2021,320
A/Palencia/118/2022,A/Ukraine/354/2021,80
A/Palencia/30/2022,A/Stockholm/5/2021,128
A/Palencia/30/2022,A/Switzerland/28719/2022,160
A/Palencia/30/2022,A/Ukraine/354/2021,232
A/Palermo/2/2022,A/Stockholm/5/2021,160
A/Palermo/2/2022,A/Ukraine/354/2021,40
A/Palermo/327/2018,A/Switzerland/8060/2017,640
A/Palermo/6/2016,A/Paris/1023/2017,80
A/Palermo/6/2016,A/Perugia/26/2017,320
A/Palermo/6/2016,A/Poitiers/2028/2017,160
A/Palermo/6/2016,A/Poland/412/2017,160
A/Palermo/6/2016,A/Poland/555/2017,160
A/Palermo/6/2016,A/Prievidza/77/2016,320
A/Palermo/6/2016,A/Sachsen-Anhalt/2/2017,40
A/Palermo/6/2016,A/Sachsen/107/2017,80
A/Palermo/6/2016,A/Sachsen/4/2017,160
A/Palermo/6/2016,A/Sachsen/71/2017,40
A/Palermo/6/2016,A/Sachsen/74/2016,243
A/Palermo/6/2016,A/Samara/73/2013,230
A/Palermo/6/2016,A/Shanghai-Pudongxin/1987/2017,160
A/Palermo/6/2016,A/Shizuoka/34/2015,240
A/Palermo/6/2016,A/Singapore/GP2646/2016,160
A/Palermo/6/2016,A/Singapore/INFTT-16-0612/2016,320
A/Palermo/6/2016,A/Singapore/TT1374/2016,320
A/Palermo/6/2016,A/Slovenia/1391/2017,320
A/Palermo/6/2016,A/Slovenia/1406/2017,80
A/Palermo/6/2016,A/Slovenia/2269/2017,80
A/Palermo/6/2016,A/Slovenia/2792/2017,160
A/Palermo/6/2016,A/Slovenia/53/2017,80
A/Palermo/6/2016,A/Slovenia/625/2017,640
A/Palermo/6/2016,A/Stockholm/42/2016,133
A/Palermo/6/2016,A/Stockholm/44/2017,160
A/Palermo/6/2016,A/Switzerland/882/2017,160
A/Palermo/6/2016,A/Switzerland/9715293/2013,67
A/Palermo/6/2016,A/Toamasina/2190/2017,320
A/Palermo/6/2016,A/Trencin/46/2016,160
A/Palermo/6/2016,A/Trencin/94/2016,640
A/Palermo/6/2016,A/Trnava/90/2016,160
A/Palermo/6/2016,A/Ukraine/7730/2017,160
A/Palermo/6/2016,A/Ukraine/7768/2016,40
A/Palermo/6/2016,A/Uppsala/2/2017,160
A/Palermo/6/2016,A/Uralsk/496/2017,120
A/Palermo/6/2016,A/Yamaguchi/34/2016,160
A/Palermo/6/2016,A/Yokohama/120/2016,320
A/Palermo/6/2016,A/Zhejiang-Nanhu/1745/2017,80
A/Palermo/6/2016,A/Zhejiang-Nanhu/1975/2016,160
A/Panama/2007/1999,A/Singapore/37/2004,128
A/Panama/2007/1999,A/Tennessee/6/2004,40
A/Panama/2007/1999,A/Victoria/110/2004,160
A/Panama/2007/1999,A/Victoria/500/2004,60
A/Panama/2007/1999,A/Victoria/503/2005,40
A/Panama/2007/1999,A/Victoria/513/2004,100
A/Panama/2007/1999,A/Wellington/1/2004,320
A/Panama/2007/1999,A/Wisconsin/67/2005,60
A/Panama/2007/1999,A/Wyoming/3/2003,932
A/Panama/307149/2010,A/Paris/1988/2012,160
A/Panama/307149/2010,A/Perth/10/2010,480
A/Panama/307149/2010,A/Perth/16/2009,141
A/Panama/307149/2010,A/Samara/73/2013,320
A/Panama/307149/2010,A/Stockholm/1/2013,80
A/Panama/307149/2010,A/Switzerland/9715293/2013,<40
A/Panama/307149/2010,A/Victoria/210/2009,160
A/Panama/307149/2010,A/Victoria/361/2011,265
A/Panama/307149/2010,A/Wisconsin/67/2005,40
A/Paris/1023/2017,A/Sachsen/74/2016,160
A/Paris/1023/2017,A/Switzerland/9715293/2013,40
A/Paris/1744/2011,A/Perth/10/2010,160
A/Paris/1744/2011,A/Perth/16/2009,90
A/Paris/1744/2011,A/Victoria/210/2009,160
A/Paris/1744/2011,A/Victoria/361/2011,320
A/Paris/1912/2012,A/Perth/16/2009,40
A/Paris/1912/2012,A/Victoria/361/2011,120
A/Paris/1988/2012,A/Parma/28/2014,240
A/Paris/1988/2012,A/Parma/40/2014,160
A/Paris/1988/2012,A/Pavia/145/2013,320
A/Paris/1988/2012,A/Perth/16/2009,59
A/Paris/1988/2012,A/Poland/160/2014,240
A/Paris/1988/2012,A/Rheinland-Pfalz/17/2014,640
A/Paris/1988/2012,A/Rheinland-Pfalz/2/2014,240
A/Paris/1988/2012,A/Samara/73/2013,526
A/Paris/1988/2012,A/Serbia/NS-682/2014,160
A/Paris/1988/2012,A/Serbia/NS-707/2014,480
A/Paris/1988/2012,A/Serbia/NS-783/2014,320
A/Paris/1988/2012,A/Slovenia/108/2014,160
A/Paris/1988/2012,A/Slovenia/1162/2014,320
A/Paris/1988/2012,A/Slovenia/1213/2014,160
A/Paris/1988/2012,A/Slovenia/17/2014,640
A/Paris/1988/2012,A/Slovenia/712/2014,160
A/Paris/1988/2012,A/Stockholm/1/2013,131
A/Paris/1988/2012,A/Stockholm/17/2013,160
A/Paris/1988/2012,A/Stockholm/18/2013,40
A/Paris/1988/2012,A/Stockholm/29/2013,560
A/Paris/1988/2012,A/Stockholm/39/2012,40
A/Paris/1988/2012,A/Switzerland/10261363/2014,560
A/Paris/1988/2012,A/Switzerland/10295823/2014,320
A/Paris/1988/2012,A/Switzerland/7586983/2012,80
A/Paris/1988/2012,A/Switzerland/9715293/2013,88
A/Paris/1988/2012,A/Switzerland/9851384/2014,120
A/Paris/1988/2012,A/Tehran/58191/2013,244
A/Paris/1988/2012,A/Toulouse/2892/2013,70
A/Paris/1988/2012,A/Ukraine/218/2014,160
A/Paris/1988/2012,A/Ukraine/6004/2013,160
A/Paris/1988/2012,A/Ukraine/6156/2014,640
A/Paris/1988/2012,A/Ukraine/6161/2014,640
A/Paris/1988/2012,A/Ukraine/86/2014,160
A/Paris/1988/2012,A/Victoria/361/2011,256
A/Paris/1988/2012,A/Vladivostok/73/2013,125
A/Paris/2097/2011,A/Perth/10/2010,320
A/Paris/2097/2011,A/Perth/16/2009,160
A/Paris/2097/2011,A/Victoria/210/2009,160
A/Paris/2114/2011,A/Perth/10/2010,320
A/Paris/2114/2011,A/Perth/16/2009,160
A/Paris/2114/2011,A/Victoria/210/2009,320
A/Paris/2116/2011,A/Perth/10/2010,320
A/Paris/2116/2011,A/Perth/16/2009,160
A/Paris/2116/2011,A/Victoria/210/2009,320
A/Paris/2133/2011,A/Perth/10/2010,266
A/Paris/2133/2011,A/Perth/16/2009,70
A/Paris/2133/2011,A/Victoria/210/2009,106
A/Paris/2133/2011,A/Victoria/361/2011,280
A/Paris/2306/2014,A/Perth/16/2009,<40
A/Paris/2306/2014,A/Samara/73/2013,80
A/Paris/2306/2014,A/Switzerland/9715293/2013,60
A/Paris/2306/2014,A/Victoria/361/2011,40
A/Paris/2332/2014,A/Perth/16/2009,40
A/Paris/2332/2014,A/Saitama/103/2014,*
A/Paris/2332/2014,A/Samara/73/2013,112
A/Paris/2332/2014,A/Switzerland/9715293/2013,81
A/Paris/2332/2014,A/Victoria/361/2011,56
A/Paris/2337/2014,A/Perth/16/2009,<40
A/Paris/2337/2014,A/Samara/73/2013,320
A/Paris/2337/2014,A/Switzerland/9715293/2013,640
A/Paris/2337/2014,A/Victoria/361/2011,160
A/Paris/2544/2018,A/Sachsen/74/2016,320
A/Paris/2544/2018,A/Switzerland/8060/2017,58
A/Paris/2554/2019,A/Switzerland/7204/2019,40
A/Paris/6047/2009,A/Perth/16/2009,1280
A/Paris/6047/2009,A/Uruguay/716/2007,320
A/Paris/6047/2009,A/Wisconsin/67/2005,80
A/Paris/972/2012,A/Perth/10/2010,80
A/Paris/972/2012,A/Perth/16/2009,<40
A/Paris/972/2012,A/Victoria/210/2009,<40
A/Paris/972/2012,A/Victoria/361/2011,120
A/Parma/01/2021,A/Stockholm/5/2021,640
A/Parma/02/2021,A/Stockholm/5/2021,160
A/Parma/03/2021,A/Stockholm/5/2021,320
A/Parma/04/2021,A/Stockholm/5/2021,320
A/Parma/139/2012,A/Perth/16/2009,160
A/Parma/139/2012,A/Victoria/361/2011,480
A/Parma/172/2011,A/Perth/10/2010,360
A/Parma/172/2011,A/Perth/16/2009,100
A/Parma/172/2011,A/Victoria/210/2009,160
A/Parma/173/2011,A/Perth/10/2010,640
A/Parma/173/2011,A/Perth/16/2009,120
A/Parma/173/2011,A/Victoria/210/2009,160
A/Parma/173/2011,A/Victoria/361/2011,400
A/Parma/176/2011,A/Perth/10/2010,320
A/Parma/176/2011,A/Perth/16/2009,320
A/Parma/176/2011,A/Victoria/210/2009,320
A/Parma/28/2014,A/Perth/16/2009,40
A/Parma/28/2014,A/Samara/73/2013,320
A/Parma/28/2014,A/Stockholm/1/2013,160
A/Parma/28/2014,A/Victoria/361/2011,160
A/Parma/353/2019,A/Switzerland/8060/2017,80
A/Parma/379/2019,A/Switzerland/8060/2017,40
A/Parma/38/2016,A/Samara/73/2013,40
A/Parma/38/2016,A/Switzerland/9715293/2013,40
A/Parma/40/2014,A/Perth/16/2009,<40
A/Parma/40/2014,A/Samara/73/2013,320
A/Parma/40/2014,A/Stockholm/1/2013,80
A/Parma/40/2014,A/Victoria/361/2011,160
A/Parma/5/2022,A/Stockholm/5/2021,640
A/Parma/83/2022,A/Stockholm/5/2021,160
A/Parma/83/2022,A/Ukraine/354/2021,40
A/Parma/84/2022,A/Stockholm/5/2021,160
A/Parma/84/2022,A/Ukraine/354/2021,80
A/Parma/88/2022,A/Stockholm/5/2021,160
A/Parma/88/2022,A/Ukraine/354/2021,40
A/Pavia/145/2013,A/Perth/16/2009,40
A/Pavia/145/2013,A/Samara/73/2013,640
A/Pavia/145/2013,A/Victoria/361/2011,320
A/Pavia/158/2012,A/Perth/16/2009,80
A/Pavia/158/2012,A/Victoria/361/2011,220
A/Perm/RII-04/2024,A/Poland/PL65/2022,80
A/Perm/RII-04/2024,A/Stockholm/5/2021,160
A/Perm/RII-04/2024,A/Switzerland/28719/2022,320
A/Perth/10/2010,A/Perth/16/2009,746
A/Perth/10/2010,A/Poitiers/1071/2010,1280
A/Perth/10/2010,A/Rabat/197/2011,320
A/Perth/10/2010,A/Rheinland-Pfalz/75/2011,160
A/Perth/10/2010,A/Slovenia/2855/2011,586
A/Perth/10/2010,A/Stockholm/15/2011,480
A/Perth/10/2010,A/Stockholm/17/2011,720
A/Perth/10/2010,A/Stockholm/29/2011,160
A/Perth/10/2010,A/Stockholm/33/2011,320
A/Perth/10/2010,A/Stockholm/5/2011,640
A/Perth/10/2010,A/Stockholm/6/2011,320
A/Perth/10/2010,A/Stockholm/7/2011,640
A/Perth/10/2010,A/Taiwan/851/2010,640
A/Perth/10/2010,A/Tehran/104/2012,320
A/Perth/10/2010,A/Ukraine/175/2011,640
A/Perth/10/2010,A/Umea/3/2011,320
A/Perth/10/2010,A/Utah/12/2011,320
A/Perth/10/2010,A/Victoria/210/2009,1761
A/Perth/10/2010,A/Victoria/563/2010,1280
A/Perth/10/2010,A/Wisconsin/67/2005,63
A/Perth/16/2009,A/Philippines/2191/2009,640
A/Perth/16/2009,A/Picardie/1274/2013,120
A/Perth/16/2009,A/Picardie/2297/2014,40
A/Perth/16/2009,A/Poitiers/1071/2010,320
A/Perth/16/2009,A/Poitiers/2745/2012,<40
A/Perth/16/2009,A/Poland/160/2014,40
A/Perth/16/2009,A/Pozarevac/1336/2014,160
A/Perth/16/2009,A/Rabat/197/2011,80
A/Perth/16/2009,A/Rheinland-Pfalz/17/2014,100
A/Perth/16/2009,A/Rheinland-Pfalz/2/2014,80
A/Perth/16/2009,A/Rheinland-Pfalz/75/2011,80
A/Perth/16/2009,A/Roma/04/2013,80
A/Perth/16/2009,A/Roma/7/2015,<40
A/Perth/16/2009,A/Rouen/2273/2014,<40
A/Perth/16/2009,A/Rouen/2291/2014,<40
A/Perth/16/2009,A/Saarland/1/2015,80
A/Perth/16/2009,A/Sakai/72/2014,<40
A/Perth/16/2009,A/Samara/73/2013,194
A/Perth/16/2009,A/Sapporo/116/2014,40
A/Perth/16/2009,A/Sassari/9/2015,40
A/Perth/16/2009,A/Scotland/5/2009,*
A/Perth/16/2009,A/Serbia/NS-682/2014,<40
A/Perth/16/2009,A/Serbia/NS-707/2014,80
A/Perth/16/2009,A/Serbia/NS-783/2014,80
A/Perth/16/2009,A/Singapore/22/2012,160
A/Perth/16/2009,A/Singapore/33/2009,560
A/Perth/16/2009,A/Singapore/37/2009,*
A/Perth/16/2009,A/Singapore/KK943/2014,<40
A/Perth/16/2009,A/Slovenia/1049/2012,140
A/Perth/16/2009,A/Slovenia/1066/15,160
A/Perth/16/2009,A/Slovenia/108/2014,40
A/Perth/16/2009,A/Slovenia/1162/2014,40
A/Perth/16/2009,A/Slovenia/1213/2014,<40
A/Perth/16/2009,A/Slovenia/17/2014,80
A/Perth/16/2009,A/Slovenia/2069/2015,80
A/Perth/16/2009,A/Slovenia/2855/2011,192
A/Perth/16/2009,A/Slovenia/369/2015,<40
A/Perth/16/2009,A/Slovenia/459/2012,160
A/Perth/16/2009,A/Slovenia/709/2013,160
A/Perth/16/2009,A/Slovenia/712/2014,<40
A/Perth/16/2009,A/Spain/14758/2012,120
A/Perth/16/2009,A/Stockholm/1/2010,240
A/Perth/16/2009,A/Stockholm/1/2013,67
A/Perth/16/2009,A/Stockholm/12-00752/2012,40
A/Perth/16/2009,A/Stockholm/12-00974/2012,40
A/Perth/16/2009,A/Stockholm/12/2015,<40
A/Perth/16/2009,A/Stockholm/14/2012,80
A/Perth/16/2009,A/Stockholm/15/2011,120
A/Perth/16/2009,A/Stockholm/17/2011,680
A/Perth/16/2009,A/Stockholm/17/2013,<40
A/Perth/16/2009,A/Stockholm/17/2014,<40
A/Perth/16/2009,A/Stockholm/18/2013,<40
A/Perth/16/2009,A/Stockholm/2/2010,173
A/Perth/16/2009,A/Stockholm/20/2014,<40
A/Perth/16/2009,A/Stockholm/29/2011,40
A/Perth/16/2009,A/Stockholm/29/2013,320
A/Perth/16/2009,A/Stockholm/31/2014,<40
A/Perth/16/2009,A/Stockholm/32/2014,<40
A/Perth/16/2009,A/Stockholm/33/2011,80
A/Perth/16/2009,A/Stockholm/36/2014,320
A/Perth/16/2009,A/Stockholm/39/2012,40
A/Perth/16/2009,A/Stockholm/5/2011,80
A/Perth/16/2009,A/Stockholm/6/2010,1920
A/Perth/16/2009,A/Stockholm/6/2011,80
A/Perth/16/2009,A/Stockholm/7/2010,960
A/Perth/16/2009,A/Stockholm/7/2011,320
A/Perth/16/2009,A/Stockholm/89/2009,640
A/Perth/16/2009,A/Stockholm/9/2013,80
A/Perth/16/2009,A/Sweden/2/2009,1280
A/Perth/16/2009,A/Sweden/76/2014,<40
A/Perth/16/2009,A/Switzerland/10261363/2014,80
A/Perth/16/2009,A/Switzerland/10295823/2014,<40
A/Perth/16/2009,A/Switzerland/1409281/2008,*
A/Perth/16/2009,A/Switzerland/5834730/2012,40
A/Perth/16/2009,A/Switzerland/7586983/2012,40
A/Perth/16/2009,A/Switzerland/7628499/2012,40
A/Perth/16/2009,A/Switzerland/9715293/2013,56
A/Perth/16/2009,A/Switzerland/9851384/2014,<40
A/Perth/16/2009,A/Sydney/195/2012,640
A/Perth/16/2009,A/Sydney/71/2014,<40
A/Perth/16/2009,A/Taiwan/240/2009,<40
A/Perth/16/2009,A/Taiwan/851/2010,1280
A/Perth/16/2009,A/Taraz/2922/2013,<40
A/Perth/16/2009,A/Tasmania/11/2014,<40
A/Perth/16/2009,A/Tehran/104/2012,80
A/Perth/16/2009,A/Tehran/58191/2013,106
A/Perth/16/2009,A/Timis/177582/2015,40
A/Perth/16/2009,A/Tomsk/5/2015,<40
A/Perth/16/2009,A/Toulouse/2892/2013,<40
A/Perth/16/2009,A/Trencin/558/2015,<40
A/Perth/16/2009,A/Trnava/176/2015,<40
A/Perth/16/2009,A/Turkey/23/2011,160
A/Perth/16/2009,A/Turkey/28/2011,60
A/Perth/16/2009,A/Turkey/35/2011,40
A/Perth/16/2009,A/Turkey/54/2011,80
A/Perth/16/2009,A/Ukraine/165/2015,80
A/Perth/16/2009,A/Ukraine/175/2011,160
A/Perth/16/2009,A/Ukraine/218/2014,<40
A/Perth/16/2009,A/Ukraine/250/2012,120
A/Perth/16/2009,A/Ukraine/5339/2012,120
A/Perth/16/2009,A/Ukraine/5403/2012,143
A/Perth/16/2009,A/Ukraine/5426/2012,40
A/Perth/16/2009,A/Ukraine/5837/2013,<40
A/Perth/16/2009,A/Ukraine/5896/2013,80
A/Perth/16/2009,A/Ukraine/5909/2013,<40
A/Perth/16/2009,A/Ukraine/6004/2013,40
A/Perth/16/2009,A/Ukraine/6156/2014,80
A/Perth/16/2009,A/Ukraine/6161/2014,80
A/Perth/16/2009,A/Ukraine/86/2014,<40
A/Perth/16/2009,A/Umea/3/2011,80
A/Perth/16/2009,A/Uruguay/716/2007,50
A/Perth/16/2009,A/Utah/12/2011,80
A/Perth/16/2009,A/Valladolid/118/2013,<40
A/Perth/16/2009,A/Valladolid/47/2011,320
A/Perth/16/2009,A/Victoria/210/2009,1574
A/Perth/16/2009,A/Victoria/361/2011,199
A/Perth/16/2009,A/Victoria/5006/2014,<40
A/Perth/16/2009,A/Victoria/505/2013,320
A/Perth/16/2009,A/Victoria/511/2015,120
A/Perth/16/2009,A/Victoria/527/2012,320
A/Perth/16/2009,A/Victoria/563/2010,1280
A/Perth/16/2009,A/Victoria/84/2012,160
A/Perth/16/2009,A/Vladivostok/73/2013,40
A/Perth/16/2009,A/Wisconsin/13/2010,160
A/Perth/16/2009,A/Wisconsin/67/2005,46
A/Perth/16/2009,A/Xinjiang-Tianshan/11190/2014,<40
A/Perth/16/2009,A/Yokohama/96/2010,80
A/Perth/16/2009,A/Zambia/06-027/2014,60
A/Perth/27/2007,A/Serres/77/2007,80
A/Perth/27/2007,A/Sofia/319/2007,80
A/Perth/27/2007,A/Wisconsin/67/2005,160
A/Perugia/26/2017,A/Sachsen/74/2016,320
A/Perugia/26/2017,A/Samara/73/2013,80
A/Perugia/26/2017,A/Switzerland/9715293/2013,120
A/Philippines/1616/2007,A/Serres/77/2007,80
A/Philippines/1616/2007,A/Sofia/319/2007,80
A/Philippines/1616/2007,A/Wisconsin/67/2005,80
A/Philippines/2191/2009,A/Stockholm/89/2009,640
A/Philippines/2191/2009,A/Sweden/2/2009,2560
A/Philippines/2191/2009,A/Uruguay/716/2007,160
A/Philippines/2191/2009,A/Wisconsin/67/2005,<40
A/Picardie/1274/2013,A/Samara/73/2013,400
A/Picardie/1274/2013,A/Victoria/361/2011,270
A/Picardie/1898/2019,A/Switzerland/8060/2017,40
A/Picardie/2297/2014,A/Samara/73/2013,106
A/Picardie/2297/2014,A/Switzerland/9715293/2013,40
A/Picardie/2297/2014,A/Victoria/361/2011,80
A/Poitiers/1071/2010,A/Victoria/210/2009,320
A/Poitiers/1071/2010,A/Wisconsin/67/2005,40
A/Poitiers/1976/2018,A/Sachsen/74/2016,80
A/Poitiers/1976/2018,A/Switzerland/8060/2017,40
A/Poitiers/1978/2018,A/Sachsen/74/2016,80
A/Poitiers/1978/2018,A/Switzerland/8060/2017,40
A/Poitiers/2003/2018,A/Sachsen/74/2016,80
A/Poitiers/2003/2018,A/Switzerland/8060/2017,40
A/Poitiers/2028/2017,A/Sachsen/74/2016,160
A/Poitiers/2745/2012,A/Victoria/361/2011,100
A/Poland/160/2014,A/Samara/73/2013,640
A/Poland/160/2014,A/Victoria/361/2011,640
A/Poland/205/2023,A/Stockholm/5/2021,160
A/Poland/412/2017,A/Sachsen/74/2016,160
A/Poland/412/2017,A/Samara/73/2013,40
A/Poland/412/2017,A/Switzerland/9715293/2013,40
A/Poland/555/2017,A/Sachsen/74/2016,160
A/Poland/555/2017,A/Samara/73/2013,40
A/Poland/555/2017,A/Switzerland/9715293/2013,40
A/Poland/98/2022,A/Spain/90/2021,480
A/Poland/98/2022,A/Stockholm/5/2021,454
A/Poland/98/2022,A/Ukraine/354/2021,320
A/Poland/PL07/2022,A/Spain/90/2021,320
A/Poland/PL07/2022,A/Stockholm/5/2021,640
A/Poland/PL40/2022,A/Spain/90/2021,320
A/Poland/PL40/2022,A/Stockholm/5/2021,320
A/Poland/PL42/2022,A/Spain/90/2021,320
A/Poland/PL42/2022,A/Stockholm/5/2021,320
A/Poland/PL45/2022,A/Spain/90/2021,240
A/Poland/PL45/2022,A/Stockholm/5/2021,640
A/Poland/PL65/2022,A/Qatar/10-VI-23-0095120/2023,160
A/Poland/PL65/2022,A/Qatar/10-VI-23-0095583/2023,133
A/Poland/PL65/2022,A/Qatar/10-VI-23-0098543/2023,120
A/Poland/PL65/2022,A/Qatar/10-VI-23-0101936/2023,160
A/Poland/PL65/2022,A/Qatar/10-VI-23-0102647/2023,60
A/Poland/PL65/2022,A/Qatar/10-VI-23-0103751/2023,40
A/Poland/PL65/2022,A/Qatar/10-VI-23-0106239/2023,80
A/Poland/PL65/2022,A/Qatar/10-VI-23-0107179/2023,160
A/Poland/PL65/2022,A/Qatar/16-VI-23-0105945/2023,80
A/Poland/PL65/2022,A/Qatar/23-VI-23-0106322/2023,40
A/Poland/PL65/2022,A/Qatar/25-VI-23-0107245/2023,80
A/Poland/PL65/2022,A/Rheinland-Pfalz/11/2023,80
A/Poland/PL65/2022,A/Roma/1/2023,80
A/Poland/PL65/2022,A/Romania/563027/2023,80
A/Poland/PL65/2022,A/Romania/563219/2023,80
A/Poland/PL65/2022,A/Romania/563383/2023,100
A/Poland/PL65/2022,A/Serbia/248/2024,80
A/Poland/PL65/2022,A/Serbia/7976/2023,80
A/Poland/PL65/2022,A/Serbia/8127/2023,80
A/Poland/PL65/2022,A/Serbia/8265/2023,112
A/Poland/PL65/2022,A/Shanghai-Fengxian/1912/2023,80
A/Poland/PL65/2022,A/Slovenia/370/2024,80
A/Poland/PL65/2022,A/Slovenia/453/2024,80
A/Poland/PL65/2022,A/Slovenia/588/2024,80
A/Poland/PL65/2022,A/Slovenia/648/2024,75
A/Poland/PL65/2022,A/Slovenia/8/2024,80
A/Poland/PL65/2022,A/Sohar/52328337/2023,80
A/Poland/PL65/2022,A/SouthSudan/996/2023,80
A/Poland/PL65/2022,A/Spain/575/2023,80
A/Poland/PL65/2022,A/Spain/968/2023,80
A/Poland/PL65/2022,A/Stockholm/5/2021,204
A/Poland/PL65/2022,A/Switzerland/28719/2022,110
A/Poland/PL65/2022,A/Switzerland/71762/2023,112
A/Poland/PL65/2022,A/Switzerland/82850/2023,80
A/Poland/PL65/2022,A/Switzerland/8649/2023,266
A/Poland/PL65/2022,A/Toamasina/03143/2023,160
A/Poland/PL65/2022,A/Toamasina/03219/2023,160
A/Poland/PL65/2022,A/Togo/1057/2023,80
A/Poland/PL65/2022,A/Toliary/03152/2023,80
A/Poland/PL65/2022,A/Ukraine/354/2021,263
A/Poland/PL65/2022,A/Vasteras/SE23-14213/2023,160
A/Poland/PL78/2022,A/Stockholm/5/2021,320
A/Poland/PL78/2022,A/Ukraine/354/2021,160
A/Poland/PL83/2022,A/Stockholm/5/2021,320
A/Poland/PL83/2022,A/Ukraine/354/2021,160
A/Poland/PL93/2022,A/Stockholm/5/2021,640
A/Poland/PL93/2022,A/Ukraine/354/2021,160
A/Portugal/139/2019,A/Switzerland/8060/2017,80
A/Portugal/210210/2022,A/Stockholm/5/2021,320
A/Portugal/211242/2022,A/Stockholm/5/2021,640
A/Portugal/211316/2022,A/Stockholm/5/2021,320
A/Portugal/211338/2022,A/Stockholm/5/2021,480
A/Portugal/211456/2022,A/Stockholm/5/2021,640
A/Portugal/58/2021,A/Stockholm/5/2021,160
A/Pozarevac/1336/2014,A/Samara/73/2013,1280
A/Pozarevac/1336/2014,A/Stockholm/1/2013,320
A/Pozarevac/1336/2014,A/Victoria/361/2011,320
A/Prievidza/126/2019,A/Switzerland/8060/2017,40
A/Prievidza/77/2016,A/Sachsen/74/2016,320
A/Prievidza/77/2016,A/Samara/73/2013,80
A/Prievidza/77/2016,A/Switzerland/9715293/2013,80
A/Qatar/10-VI-19-0048252/2019,A/Switzerland/8060/2017,<40
A/Qatar/10-VI-21-3843467/2021,A/Stockholm/5/2021,40
A/Qatar/10-VI-21-3886441/2021,A/Spain/90/2021,<40
A/Qatar/10-VI-21-3886441/2021,A/Stockholm/5/2021,314
A/Qatar/10-VI-21-4396149/2021,A/Stockholm/5/2021,640
A/Qatar/10-VI-22-1463000/2022,A/Stockholm/5/2021,640
A/Qatar/10-VI-22-2015495/2022,A/Stockholm/5/2021,320
A/Qatar/10-VI-22-2015495/2022,A/Ukraine/354/2021,160
A/Qatar/10-VI-22-2015935/2022,A/Stockholm/5/2021,160
A/Qatar/10-VI-22-2015935/2022,A/Ukraine/354/2021,80
A/Qatar/10-VI-23-0095120/2023,A/Stockholm/5/2021,160
A/Qatar/10-VI-23-0095120/2023,A/Switzerland/28719/2022,1280
A/Qatar/10-VI-23-0095120/2023,A/Vasteras/SE23-14213/2023,640
A/Qatar/10-VI-23-0095583/2023,A/Stockholm/5/2021,160
A/Qatar/10-VI-23-0095583/2023,A/Switzerland/28719/2022,320
A/Qatar/10-VI-23-0095583/2023,A/Vasteras/SE23-14213/2023,480
A/Qatar/10-VI-23-0098543/2023,A/Stockholm/5/2021,240
A/Qatar/10-VI-23-0098543/2023,A/Switzerland/28719/2022,480
A/Qatar/10-VI-23-0098543/2023,A/Vasteras/SE23-14213/2023,480
A/Qatar/10-VI-23-0101936/2023,A/Stockholm/5/2021,320
A/Qatar/10-VI-23-0101936/2023,A/Switzerland/28719/2022,640
A/Qatar/10-VI-23-0101936/2023,A/Vasteras/SE23-14213/2023,1280
A/Qatar/10-VI-23-0102647/2023,A/Stockholm/5/2021,160
A/Qatar/10-VI-23-0102647/2023,A/Switzerland/28719/2022,400
A/Qatar/10-VI-23-0102647/2023,A/Vasteras/SE23-14213/2023,640
A/Qatar/10-VI-23-0103751/2023,A/Stockholm/5/2021,80
A/Qatar/10-VI-23-0103751/2023,A/Switzerland/28719/2022,320
A/Qatar/10-VI-23-0106239/2023,A/Stockholm/5/2021,160
A/Qatar/10-VI-23-0106239/2023,A/Switzerland/28719/2022,320
A/Qatar/10-VI-23-0107179/2023,A/Stockholm/5/2021,160
A/Qatar/10-VI-23-0107179/2023,A/Switzerland/28719/2022,320
A/Qatar/15-VI-22-1438736/2022,A/Stockholm/5/2021,160
A/Qatar/15-VI-22-1520419/2022,A/Stockholm/5/2021,320
A/Qatar/16-VI-19-0048499/2019,A/Switzerland/8060/2017,48
A/Qatar/16-VI-19-0048823/2019,A/Switzerland/8060/2017,80
A/Qatar/16-VI-19-0049409/2019,A/Switzerland/8060/2017,40
A/Qatar/16-VI-21-3673175/2021,A/Stockholm/5/2021,640
A/Qatar/16-VI-21-3798042/2021,A/Stockholm/5/2021,320
A/Qatar/16-VI-21-4035218/2021,A/Stockholm/5/2021,640
A/Qatar/16-VI-21-4035811/2021,A/Stockholm/5/2021,480
A/Qatar/16-VI-22-1972944/2022,A/Stockholm/5/2021,160
A/Qatar/16-VI-22-1972944/2022,A/Ukraine/354/2021,160
A/Qatar/16-VI-23-0105945/2023,A/Stockholm/5/2021,160
A/Qatar/16-VI-23-0105945/2023,A/Switzerland/28719/2022,320
A/Qatar/23-VI-23-0106322/2023,A/Stockholm/5/2021,160
A/Qatar/23-VI-23-0106322/2023,A/Switzerland/28719/2022,160
A/Qatar/24-VI-21-3752470/2021,A/Stockholm/5/2021,640
A/Qatar/24-VI-21-3985321/2021,A/Stockholm/5/2021,320
A/Qatar/24-VI-21-4041206/2021,A/Stockholm/5/2021,320
A/Qatar/25-VI-23-0107245/2023,A/Stockholm/5/2021,80
A/Qatar/25-VI-23-0107245/2023,A/Switzerland/28719/2022,160
A/Qatar/39-VI-21-4154225/2021,A/Stockholm/5/2021,640
A/Rabat/197/2011,A/Victoria/210/2009,80
A/Rabat/197/2011,A/Victoria/361/2011,320
A/Reims/30384/2021,A/Stockholm/5/2021,640
A/Rheinland-Pfalz/11/2023,A/Stockholm/5/2021,160
A/Rheinland-Pfalz/11/2023,A/Switzerland/28719/2022,320
A/Rheinland-Pfalz/17/2014,A/Samara/73/2013,400
A/Rheinland-Pfalz/17/2014,A/Stockholm/1/2013,160
A/Rheinland-Pfalz/17/2014,A/Switzerland/9715293/2013,40
A/Rheinland-Pfalz/17/2014,A/Victoria/361/2011,100
A/Rheinland-Pfalz/18/2022,A/Stockholm/5/2021,266
A/Rheinland-Pfalz/18/2022,A/Ukraine/354/2021,86
A/Rheinland-Pfalz/2/2014,A/Samara/73/2013,480
A/Rheinland-Pfalz/2/2014,A/Stockholm/1/2013,160
A/Rheinland-Pfalz/2/2014,A/Victoria/361/2011,240
A/Rheinland-Pfalz/2/2021,A/Stockholm/5/2021,640
A/Rheinland-Pfalz/75/2011,A/Victoria/210/2009,160
A/Roma/04/2013,A/Samara/73/2013,160
A/Roma/04/2013,A/Victoria/361/2011,190
A/Roma/1/2023,A/Stockholm/5/2021,160
A/Roma/1/2023,A/Switzerland/28719/2022,320
A/Roma/12/2016,A/Samara/73/2013,<40
A/Roma/12/2016,A/Switzerland/9715293/2013,<40
A/Roma/7/2015,A/Samara/73/2013,80
A/Roma/7/2015,A/Switzerland/9715293/2013,<40
A/Roma/7/2015,A/Victoria/361/2011,40
A/Romania/493219/2021,A/Slovenia/9216/2022,*
A/Romania/493219/2021,A/Slovenia/9318/2022,*
A/Romania/493219/2021,A/Stockholm/5/2021,276
A/Romania/493219/2021,A/Switzerland/28719/2022,40
A/Romania/493219/2021,A/Ukraine/354/2021,187
A/Romania/495025/2021,A/Stockholm/5/2021,320
A/Romania/515280/2022,A/Stockholm/5/2021,320
A/Romania/515290/2022,A/Stockholm/5/2021,320
A/Romania/515331/2022,A/Stockholm/5/2021,320
A/Romania/515894/2022,A/Stockholm/5/2021,640
A/Romania/516540/2022,A/Stockholm/5/2021,320
A/Romania/518142/2022,A/Stockholm/5/2021,320
A/Romania/518147/2022,A/Stockholm/5/2021,1280
A/Romania/544187/2022,A/Stockholm/5/2021,160
A/Romania/544187/2022,A/Ukraine/354/2021,40
A/Romania/563027/2023,A/Stockholm/5/2021,160
A/Romania/563027/2023,A/Switzerland/28719/2022,320
A/Romania/563219/2023,A/Stockholm/5/2021,160
A/Romania/563219/2023,A/Switzerland/28719/2022,320
A/Romania/563383/2023,A/Stockholm/5/2021,100
A/Romania/563383/2023,A/Switzerland/28719/2022,240
A/Rouen/2273/2014,A/Samara/73/2013,160
A/Rouen/2273/2014,A/Switzerland/9715293/2013,80
A/Rouen/2273/2014,A/Victoria/361/2011,40
A/Rouen/2291/2014,A/Samara/73/2013,160
A/Rouen/2291/2014,A/Switzerland/9715293/2013,60
A/Rouen/2291/2014,A/Victoria/361/2011,80
A/S.Petersburg/RII-08/2021,A/Stockholm/5/2021,320
A/S.Petersburg/RII-19/2021,A/Stockholm/5/2021,320
A/S.Petersburg/RII-23/2021,A/Stockholm/5/2021,320
A/S.Petersburg/RII-24/2021,A/Stockholm/5/2021,320
A/S.Petersburg/RII-25/2021,A/Stockholm/5/2021,320
A/S.Petersburg/RII-32/2021,A/Stockholm/5/2021,640
A/S.Petersburg/RII-36/2021,A/Stockholm/5/2021,320
A/Saarland/1/2015,A/Samara/73/2013,160
A/Saarland/1/2015,A/Switzerland/9715293/2013,40
A/Saarland/1/2015,A/Victoria/361/2011,53
A/Saarland/1/2022,A/Stockholm/5/2021,480
A/Saarland/15/2019,A/Switzerland/8060/2017,<40
A/Sachsen-Anhalt/2/2017,A/Sachsen/74/2016,80
A/Sachsen-Anhalt/2/2017,A/Samara/73/2013,<40
A/Sachsen-Anhalt/2/2017,A/Switzerland/9715293/2013,40
A/Sachsen/107/2017,A/Sachsen/74/2016,40
A/Sachsen/107/2017,A/Samara/73/2013,<40
A/Sachsen/107/2017,A/Switzerland/9715293/2013,<40
A/Sachsen/2/2022,A/Stockholm/5/2021,640
A/Sachsen/4/2017,A/Sachsen/74/2016,160
A/Sachsen/4/2017,A/Samara/73/2013,40
A/Sachsen/4/2017,A/Switzerland/9715293/2013,40
A/Sachsen/71/2017,A/Sachsen/74/2016,80
A/Sachsen/71/2017,A/Samara/73/2013,<40
A/Sachsen/71/2017,A/Switzerland/9715293/2013,40
A/Sachsen/74/2016,A/Saint-Etienne/1912/2018,160
A/Sachsen/74/2016,A/Samara/73/2013,116
A/Sachsen/74/2016,A/Shanghai-Pudongxin/1987/2017,120
A/Sachsen/74/2016,A/Shizuoka/34/2015,240
A/Sachsen/74/2016,A/Singapore/GP0454/2018,<40
A/Sachsen/74/2016,A/Singapore/GP2646/2016,110
A/Sachsen/74/2016,A/Singapore/KK0259/2018,80
A/Sachsen/74/2016,A/Singapore/TT1374/2016,240
A/Sachsen/74/2016,A/Slovenia/1391/2017,320
A/Sachsen/74/2016,A/Slovenia/1406/2017,40
A/Sachsen/74/2016,A/Slovenia/2269/2017,160
A/Sachsen/74/2016,A/Slovenia/2792/2017,160
A/Sachsen/74/2016,A/Slovenia/53/2017,160
A/Sachsen/74/2016,A/Slovenia/625/2017,320
A/Sachsen/74/2016,A/Stockholm/42/2016,160
A/Sachsen/74/2016,A/Stockholm/44/2017,160
A/Sachsen/74/2016,A/Switzerland/8060/2017,168
A/Sachsen/74/2016,A/Switzerland/882/2017,320
A/Sachsen/74/2016,A/Switzerland/9715293/2013,83
A/Sachsen/74/2016,A/Sydney/22/2018,160
A/Sachsen/74/2016,A/Trencin/46/2016,160
A/Sachsen/74/2016,A/Trencin/94/2016,640
A/Sachsen/74/2016,A/Trnava/90/2016,320
A/Sachsen/74/2016,A/Tyumen/RII-01/2018,320
A/Sachsen/74/2016,A/Ukraine/7730/2017,160
A/Sachsen/74/2016,A/Ukraine/7768/2016,80
A/Sachsen/74/2016,A/Uppsala/2/2017,240
A/Sachsen/74/2016,A/Uralsk/496/2017,160
A/Sachsen/74/2016,A/Yamaguchi/34/2016,160
A/Sachsen/74/2016,A/Yokohama/120/2016,320
A/Sachsen/74/2016,A/Zaragoza/1476697/2018,320
A/Sachsen/74/2016,A/Zaragoza/1496248/2018,320
A/Sachsen/74/2016,A/Zaragoza/1528894/2018,160
A/Sachsen/74/2016,A/Zaragoza/492/2018,640
A/Sachsen/74/2016,A/Zhejiang-Nanhu/1745/2017,160
A/Sachsen/74/2016,A/Zhejiang-Nanhu/1975/2016,160
A/Saint-Etienne/1912/2018,A/Switzerland/8060/2017,40
A/Saitama/103/2014,A/Samara/73/2013,960
A/Saitama/103/2014,A/Serbia-NS/1565/2016,*
A/Saitama/103/2014,A/Switzerland/9715293/2013,210
A/Sakai/72/2014,A/Samara/73/2013,160
A/Sakai/72/2014,A/Switzerland/9715293/2013,120
A/Sakai/72/2014,A/Victoria/361/2011,80
A/Sakha/3014V/2019,A/Switzerland/8060/2017,40
A/Salalah/5662/2019,A/Switzerland/8060/2017,<40
A/Salalah/6611/2019,A/Switzerland/8060/2017,<40
A/Salalah/6905/2019,A/Switzerland/8060/2017,<40
A/Salalah/7183/2019,A/Switzerland/8060/2017,<40
A/Salalah/72124837/2021,A/Stockholm/5/2021,40
A/Salalah/72126169/2021,A/Stockholm/5/2021,400
A/Salalah/72127281/2021,A/Stockholm/5/2021,320
A/Salamanca/35/2022,A/Stockholm/5/2021,160
A/Salamanca/35/2022,A/Switzerland/28719/2022,160
A/Salamanca/35/2022,A/Ukraine/354/2021,160
A/Salamanca/36/2022,A/Stockholm/5/2021,320
A/Salamanca/36/2022,A/Ukraine/354/2021,80
A/Samara/73/2013,A/Sapporo/116/2014,160
A/Samara/73/2013,A/Sassari/9/2015,320
A/Samara/73/2013,A/Serbia-NS/1565/2016,80
A/Samara/73/2013,A/Serbia/NS-682/2014,320
A/Samara/73/2013,A/Serbia/NS-707/2014,640
A/Samara/73/2013,A/Serbia/NS-783/2014,640
A/Samara/73/2013,A/Shizuoka/34/2015,50
A/Samara/73/2013,A/Singapore/KK943/2014,80
A/Samara/73/2013,A/Slovenia/1066/15,320
A/Samara/73/2013,A/Slovenia/1070/2016,<40
A/Samara/73/2013,A/Slovenia/108/2014,640
A/Samara/73/2013,A/Slovenia/1162/2014,640
A/Samara/73/2013,A/Slovenia/1172/2016,80
A/Samara/73/2013,A/Slovenia/1213/2014,320
A/Samara/73/2013,A/Slovenia/129/2016,200
A/Samara/73/2013,A/Slovenia/1307/2016,40
A/Samara/73/2013,A/Slovenia/1391/2017,40
A/Samara/73/2013,A/Slovenia/1406/2017,<40
A/Samara/73/2013,A/Slovenia/17/2014,640
A/Samara/73/2013,A/Slovenia/2069/2015,320
A/Samara/73/2013,A/Slovenia/3188/2015,320
A/Samara/73/2013,A/Slovenia/369/2015,40
A/Samara/73/2013,A/Slovenia/53/2017,40
A/Samara/73/2013,A/Slovenia/625/2017,80
A/Samara/73/2013,A/Slovenia/712/2014,320
A/Samara/73/2013,A/Slovenia/852/2016,40
A/Samara/73/2013,A/Stockholm/1/2013,269
A/Samara/73/2013,A/Stockholm/12/2015,40
A/Samara/73/2013,A/Stockholm/17/2013,320
A/Samara/73/2013,A/Stockholm/17/2014,80
A/Samara/73/2013,A/Stockholm/18/2013,80
A/Samara/73/2013,A/Stockholm/20/2014,80
A/Samara/73/2013,A/Stockholm/24/2016,<40
A/Samara/73/2013,A/Stockholm/29/2013,960
A/Samara/73/2013,A/Stockholm/31/2014,<40
A/Samara/73/2013,A/Stockholm/32/2014,80
A/Samara/73/2013,A/Stockholm/36/2014,83
A/Samara/73/2013,A/Stockholm/39/2012,160
A/Samara/73/2013,A/Stockholm/42/2016,40
A/Samara/73/2013,A/Stockholm/46/2016,<40
A/Samara/73/2013,A/Stockholm/63/2015,53
A/Samara/73/2013,A/Stockholm/9/2013,160
A/Samara/73/2013,A/Sweden/76/2014,160
A/Samara/73/2013,A/Switzerland/10261363/2014,640
A/Samara/73/2013,A/Switzerland/10295823/2014,320
A/Samara/73/2013,A/Switzerland/9715293/2013,238
A/Samara/73/2013,A/Switzerland/9851384/2014,320
A/Samara/73/2013,A/Sydney/142/2016,80
A/Samara/73/2013,A/Sydney/71/2014,160
A/Samara/73/2013,A/Taiwan/442/2014,640
A/Samara/73/2013,A/Tasmania/11/2014,90
A/Samara/73/2013,A/Tehran/58191/2013,478
A/Samara/73/2013,A/Timis/177582/2015,120
A/Samara/73/2013,A/Tomsk/5/2015,80
A/Samara/73/2013,A/Toulouse/2892/2013,200
A/Samara/73/2013,A/Trencin/46/2016,80
A/Samara/73/2013,A/Trencin/558/2015,80
A/Samara/73/2013,A/Trencin/94/2016,160
A/Samara/73/2013,A/Trnava/176/2015,80
A/Samara/73/2013,A/Trnava/90/2016,40
A/Samara/73/2013,A/Turkey/TR-17/2016,80
A/Samara/73/2013,A/Turkey/TR-31/2016,40
A/Samara/73/2013,A/Ukraine/165/2015,160
A/Samara/73/2013,A/Ukraine/218/2014,320
A/Samara/73/2013,A/Ukraine/6004/2013,320
A/Samara/73/2013,A/Ukraine/6156/2014,1280
A/Samara/73/2013,A/Ukraine/6161/2014,1280
A/Samara/73/2013,A/Ukraine/7030/2016,<40
A/Samara/73/2013,A/Ukraine/7730/2017,<40
A/Samara/73/2013,A/Ukraine/7768/2016,<40
A/Samara/73/2013,A/Ukraine/86/2014,640
A/Samara/73/2013,A/Valladolid/290/2016,40
A/Samara/73/2013,A/Victoria/361/2011,547
A/Samara/73/2013,A/Victoria/5006/2014,160
A/Samara/73/2013,A/Victoria/505/2013,1280
A/Samara/73/2013,A/Victoria/511/2015,240
A/Samara/73/2013,A/Vladivostok/73/2013,311
A/Samara/73/2013,A/Wisconsin/20/2015,160
A/Samara/73/2013,A/Xinjiang-Tianshan/11190/2014,320
A/Samara/73/2013,A/Yamaguchi/34/2016,<40
A/Samara/73/2013,A/Yokohama/120/2016,60
A/Samara/73/2013,A/Yunnan-Wenshan/1893/2015,160
A/Samara/73/2013,A/Zambia/06-027/2014,240
A/Samara/73/2013,A/Zhejiang-Nanhu/1975/2016,40
A/Sanliurfa/1763/2018,A/Switzerland/8060/2017,<40
A/Sapporo/116/2014,A/Switzerland/9715293/2013,80
A/Sapporo/116/2014,A/Victoria/361/2011,40
A/Sassari/2/2022,A/Stockholm/5/2021,640
A/Sassari/5/2023,A/Stockholm/5/2021,160
A/Sassari/9/2015,A/Switzerland/9715293/2013,160
A/Sassari/9/2015,A/Victoria/361/2011,160
A/SaudiArabia/1404/2022,A/Stockholm/5/2021,320
A/SaudiArabia/1404/2022,A/Ukraine/354/2021,320
A/SaudiArabia/556/2022,A/Stockholm/5/2021,160
A/SaudiArabia/556/2022,A/Ukraine/354/2021,80
A/Schleswig-Holstein/1/2021,A/Stockholm/5/2021,320
A/Schleswig-Holstein/14/2022,A/Stockholm/5/2021,160
A/Schleswig-Holstein/14/2022,A/Ukraine/354/2021,40
A/Scotland/5/2009,A/Uruguay/716/2007,80
A/Scotland/5/2009,A/Wisconsin/67/2005,40
A/Segovia/233/2022,A/Stockholm/5/2021,160
A/Segovia/233/2022,A/Ukraine/354/2021,320
A/Seoul/4436/2008,A/Uruguay/716/2007,1280
A/Seoul/4436/2008,A/Wisconsin/67/2005,480
A/Serbia-NS/1565/2016,A/Switzerland/9715293/2013,120
A/Serbia/1172/2022,A/Stockholm/5/2021,533
A/Serbia/1868/2019,A/Switzerland/8060/2017,40
A/Serbia/248/2024,A/Stockholm/5/2021,160
A/Serbia/248/2024,A/Switzerland/28719/2022,320
A/Serbia/3031/2019,A/Switzerland/8060/2017,40
A/Serbia/584/2019,A/Switzerland/8060/2017,40
A/Serbia/668/2023,A/Stockholm/5/2021,160
A/Serbia/7028/2022,A/Stockholm/5/2021,320
A/Serbia/7028/2022,A/Ukraine/354/2021,80
A/Serbia/7976/2023,A/Stockholm/5/2021,160
A/Serbia/7976/2023,A/Switzerland/28719/2022,320
A/Serbia/8127/2023,A/Stockholm/5/2021,160
A/Serbia/8127/2023,A/Switzerland/28719/2022,320
A/Serbia/8265/2023,A/Stockholm/5/2021,208
A/Serbia/8265/2023,A/Switzerland/28719/2022,448
A/Serbia/8265/2023,A/Vasteras/SE23-14213/2023,746
A/Serbia/NS-682/2014,A/Stockholm/1/2013,80
A/Serbia/NS-682/2014,A/Victoria/361/2011,160
A/Serbia/NS-707/2014,A/Stockholm/1/2013,160
A/Serbia/NS-707/2014,A/Victoria/361/2011,160
A/Serbia/NS-783/2014,A/Stockholm/1/2013,160
A/Serbia/NS-783/2014,A/Victoria/361/2011,160
A/Serres/77/2007,A/Sofia/319/2007,1120
A/Serres/77/2007,A/Sydney/230/2007,100
A/Serres/77/2007,A/Taiwan/760/2007,160
A/Serres/77/2007,A/Texas/37/2007,320
A/Serres/77/2007,A/Uruguay/716/2007,1600
A/Serres/77/2007,A/Wisconsin/67/2005,2011
A/Serres/77/2007,A/Zagreb/1216/2007,800
A/Shanghai-Fengxian/1912/2023,A/Stockholm/5/2021,140
A/Shanghai-Fengxian/1912/2023,A/Switzerland/28719/2022,340
A/Shanghai-Fengxian/1912/2023,A/Switzerland/8649/2023,640
A/Shanghai-Fengxian/1912/2023,A/Victoria/2776/2023,640
A/Shanghai-Fengxian/1912/2023,A/Victoria/2997/2023,480
A/Shanghai-Pudongxin/1987/2017,A/Switzerland/9715293/2013,40
A/Shizuoka/34/2015,A/Switzerland/9715293/2013,71
A/Singapore/22/2012,A/Victoria/361/2011,960
A/Singapore/33/2009,A/Uruguay/716/2007,120
A/Singapore/33/2009,A/Wisconsin/67/2005,40
A/Singapore/37/2004,A/Victoria/110/2004,2560
A/Singapore/37/2004,A/Victoria/500/2004,960
A/Singapore/37/2004,A/Victoria/513/2004,2560
A/Singapore/37/2004,A/Wellington/1/2004,1013
A/Singapore/37/2004,A/Wyoming/3/2003,683
A/Singapore/37/2009,A/Uruguay/716/2007,<40
A/Singapore/37/2009,A/Wisconsin/67/2005,<40
A/Singapore/GP0454/2018,A/Switzerland/8060/2017,80
A/Singapore/GP2646/2016,A/Switzerland/9715293/2013,40
A/Singapore/INFTT-16-0612/2016,A/Switzerland/9715293/2013,40
A/Singapore/KK0259/2018,A/Switzerland/8060/2017,2560
A/Singapore/KK943/2014,A/Switzerland/9715293/2013,40
A/Singapore/KK943/2014,A/Victoria/361/2011,40
A/Singapore/TT1374/2016,A/Switzerland/9715293/2013,80
A/Skovde/1/2019,A/Switzerland/8060/2017,40
A/Slovenia/1049/2012,A/Victoria/361/2011,520
A/Slovenia/10543/2022,A/Stockholm/5/2021,160
A/Slovenia/10543/2022,A/Ukraine/354/2021,80
A/Slovenia/1066/15,A/Switzerland/9715293/2013,120
A/Slovenia/1070/2016,A/Switzerland/9715293/2013,<40
A/Slovenia/108/2014,A/Victoria/361/2011,320
A/Slovenia/10919/2022,A/Stockholm/5/2021,320
A/Slovenia/10919/2022,A/Ukraine/354/2021,640
A/Slovenia/11321/2022,A/Stockholm/5/2021,160
A/Slovenia/11321/2022,A/Ukraine/354/2021,320
A/Slovenia/11329/2022,A/Stockholm/5/2021,160
A/Slovenia/11329/2022,A/Ukraine/354/2021,160
A/Slovenia/11413/2022,A/Stockholm/5/2021,80
A/Slovenia/11413/2022,A/Ukraine/354/2021,80
A/Slovenia/11422/2022,A/Stockholm/5/2021,160
A/Slovenia/11422/2022,A/Ukraine/354/2021,160
A/Slovenia/11445/2022,A/Stockholm/5/2021,200
A/Slovenia/11445/2022,A/Ukraine/354/2021,272
A/Slovenia/11512/2022,A/Stockholm/5/2021,192
A/Slovenia/11512/2022,A/Ukraine/354/2021,56
A/Slovenia/11514/2022,A/Stockholm/5/2021,213
A/Slovenia/11514/2022,A/Ukraine/354/2021,66
A/Slovenia/11517/2022,A/Stockholm/5/2021,213
A/Slovenia/11517/2022,A/Ukraine/354/2021,80
A/Slovenia/1162/2014,A/Stockholm/1/2013,160
A/Slovenia/1162/2014,A/Victoria/361/2011,320
A/Slovenia/11665/2022,A/Stockholm/5/2021,640
A/Slovenia/11665/2022,A/Ukraine/354/2021,80
A/Slovenia/1172/2016,A/Switzerland/9715293/2013,60
A/Slovenia/1213/2014,A/Stockholm/1/2013,80
A/Slovenia/1213/2014,A/Victoria/361/2011,160
A/Slovenia/129/2016,A/Slovenia/3188/2015,320
A/Slovenia/129/2016,A/Switzerland/9715293/2013,50
A/Slovenia/1307/2016,A/Switzerland/9715293/2013,40
A/Slovenia/1391/2017,A/Switzerland/9715293/2013,80
A/Slovenia/1406/2017,A/Switzerland/9715293/2013,<40
A/Slovenia/17/2014,A/Victoria/361/2011,320
A/Slovenia/2069/2015,A/Switzerland/9715293/2013,90
A/Slovenia/2269/2017,A/Switzerland/9715293/2013,40
A/Slovenia/2792/2017,A/Switzerland/9715293/2013,40
A/Slovenia/2855/2011,A/Victoria/210/2009,200
A/Slovenia/2855/2011,A/Victoria/361/2011,1160
A/Slovenia/3188/2015,A/Switzerland/9715293/2013,240
A/Slovenia/369/2015,A/Switzerland/9715293/2013,40
A/Slovenia/370/2024,A/Stockholm/5/2021,160
A/Slovenia/370/2024,A/Switzerland/28719/2022,320
A/Slovenia/453/2024,A/Stockholm/5/2021,160
A/Slovenia/453/2024,A/Switzerland/28719/2022,320
A/Slovenia/459/2012,A/Victoria/361/2011,320
A/Slovenia/53/2017,A/Switzerland/9715293/2013,40
A/Slovenia/588/2024,A/Stockholm/5/2021,160
A/Slovenia/588/2024,A/Switzerland/28719/2022,320
A/Slovenia/625/2017,A/Switzerland/9715293/2013,120
A/Slovenia/648/2024,A/Stockholm/5/2021,115
A/Slovenia/648/2024,A/Switzerland/28719/2022,302
A/Slovenia/648/2024,A/Switzerland/8649/2023,320
A/Slovenia/657/2023,A/Stockholm/5/2021,320
A/Slovenia/657/2023,A/Ukraine/354/2021,320
A/Slovenia/709/2013,A/Victoria/361/2011,640
A/Slovenia/712/2014,A/Stockholm/1/2013,160
A/Slovenia/712/2014,A/Victoria/361/2011,160
A/Slovenia/8/2024,A/Stockholm/5/2021,160
A/Slovenia/8/2024,A/Switzerland/28719/2022,320
A/Slovenia/852/2016,A/Switzerland/9715293/2013,40
A/Slovenia/8828/2022,A/Stockholm/5/2021,160
A/Slovenia/9091/2022,A/Stockholm/5/2021,160
A/Slovenia/9146/2022,A/Stockholm/5/2021,320
A/Slovenia/9216/2022,A/Slovenia/9318/2022,640
A/Slovenia/9216/2022,A/Stockholm/5/2021,266
A/Slovenia/9318/2022,A/Stockholm/5/2021,426
A/Slovenia/9448/2022,A/Stockholm/5/2021,320
A/Slovenia/9449/2022,A/Stockholm/5/2021,260
A/Slovenia/9614/2022,A/Stockholm/5/2021,320
A/Slovenia/9626/2022,A/Stockholm/5/2021,320
A/Slovenia/9659/2022,A/Stockholm/5/2021,320
A/Slovenia/9671/2022,A/Stockholm/5/2021,320
A/Slovenia/9705/2022,A/Stockholm/5/2021,320
A/Slovenia/9726/2022,A/Stockholm/5/2021,320
A/Slovenia/9854/2022,A/Stockholm/5/2021,640
A/Slovenia/9860/2022,A/Stockholm/5/2021,320
A/Slovenia/9891/2022,A/Stockholm/5/2021,640
A/Sofia/319/2007,A/Sydney/230/2007,100
A/Sofia/319/2007,A/Taiwan/760/2007,160
A/Sofia/319/2007,A/Texas/37/2007,640
A/Sofia/319/2007,A/Uruguay/716/2007,1920
A/Sofia/319/2007,A/Wisconsin/67/2005,1920
A/Sofia/319/2007,A/Zagreb/1216/2007,960
A/Sohar/52328337/2023,A/Stockholm/5/2021,320
A/Sohar/52328337/2023,A/Switzerland/28719/2022,320
A/Soria/11/2019,A/Switzerland/8060/2017,80
A/SouthSudan/996/2023,A/Stockholm/5/2021,80
A/SouthSudan/996/2023,A/Switzerland/28719/2022,320
A/Spain/1126/2022,A/Stockholm/5/2021,320
A/Spain/1127/2022,A/Stockholm/5/2021,320
A/Spain/14758/2012,A/Victoria/361/2011,320
A/Spain/575/2023,A/Stockholm/5/2021,160
A/Spain/575/2023,A/Switzerland/28719/2022,320
A/Spain/575/2023,A/Vasteras/SE23-14213/2023,320
A/Spain/58/2021,A/Stockholm/5/2021,160
A/Spain/81/2021,A/Stockholm/5/2021,266
A/Spain/84/2021,A/Stockholm/5/2021,320
A/Spain/90/2021,A/Stockholm/5/2021,312
A/Spain/90/2021,A/Switzerland/12981/2022,*
A/Spain/90/2021,A/Switzerland/67859/2022,*
A/Spain/90/2021,A/Ukraine/354/2021,232
A/Spain/90/2021,A/Ukraine/358/2022,*
A/Spain/968/2023,A/Stockholm/5/2021,160
A/Spain/968/2023,A/Switzerland/28719/2022,320
A/Spain/968/2023,A/Vasteras/SE23-14213/2023,320
A/Stockholm/1/2010,A/Uruguay/716/2007,160
A/Stockholm/1/2010,A/Victoria/210/2009,320
A/Stockholm/1/2010,A/Wisconsin/67/2005,<40
A/Stockholm/1/2013,A/Stockholm/39/2012,40
A/Stockholm/1/2013,A/Switzerland/10261363/2014,240
A/Stockholm/1/2013,A/Switzerland/10295823/2014,160
A/Stockholm/1/2013,A/Switzerland/9715293/2013,74
A/Stockholm/1/2013,A/Taiwan/442/2014,160
A/Stockholm/1/2013,A/Tehran/58191/2013,120
A/Stockholm/1/2013,A/Ukraine/6156/2014,320
A/Stockholm/1/2013,A/Ukraine/6161/2014,160
A/Stockholm/1/2013,A/Ukraine/86/2014,160
A/Stockholm/1/2013,A/Victoria/361/2011,141
A/Stockholm/12/2015,A/Switzerland/9715293/2013,<40
A/Stockholm/14/2012,A/Victoria/361/2011,480
A/Stockholm/15/2011,A/Victoria/210/2009,120
A/Stockholm/15/2011,A/Wisconsin/67/2005,<40
A/Stockholm/17/2011,A/Victoria/210/2009,40
A/Stockholm/17/2011,A/Wisconsin/67/2005,<40
A/Stockholm/17/2013,A/Victoria/361/2011,80
A/Stockholm/17/2014,A/Switzerland/9715293/2013,60
A/Stockholm/17/2014,A/Victoria/361/2011,40
A/Stockholm/18/2013,A/Victoria/361/2011,<40
A/Stockholm/2/2010,A/Uruguay/716/2007,80
A/Stockholm/2/2010,A/Victoria/210/2009,120
A/Stockholm/2/2010,A/Wisconsin/67/2005,40
A/Stockholm/20/2014,A/Switzerland/9715293/2013,80
A/Stockholm/20/2014,A/Victoria/361/2011,<40
A/Stockholm/24/2016,A/Switzerland/9715293/2013,40
A/Stockholm/26/2008,A/Uruguay/716/2007,1920
A/Stockholm/26/2008,A/Wellington/1/2004,160
A/Stockholm/26/2008,A/Wisconsin/67/2005,800
A/Stockholm/29/2011,A/Victoria/210/2009,80
A/Stockholm/29/2013,A/Victoria/361/2011,480
A/Stockholm/31/2014,A/Switzerland/9715293/2013,<40
A/Stockholm/32/2014,A/Switzerland/9715293/2013,40
A/Stockholm/33/2011,A/Victoria/210/2009,160
A/Stockholm/36/2014,A/Switzerland/9715293/2013,50
A/Stockholm/36/2014,A/Victoria/361/2011,48
A/Stockholm/39/2012,A/Victoria/361/2011,150
A/Stockholm/42/2016,A/Switzerland/9715293/2013,40
A/Stockholm/44/2017,A/Switzerland/8060/2017,80
A/Stockholm/44/2017,A/Switzerland/9715293/2013,80
A/Stockholm/46/2016,A/Switzerland/9715293/2013,40
A/Stockholm/5/2011,A/Victoria/210/2009,160
A/Stockholm/5/2011,A/Wisconsin/67/2005,<40
A/Stockholm/5/2021,A/Stockholm/8/2021,320
A/Stockholm/5/2021,A/Stockholm/9/2021,80
A/Stockholm/5/2021,A/Stockholm/9/2022,320
A/Stockholm/5/2021,A/Sweden/3098/2023,160
A/Stockholm/5/2021,A/Switzerland/09683/2022,640
A/Stockholm/5/2021,A/Switzerland/11159/2023,160
A/Stockholm/5/2021,A/Switzerland/12082/2022,240
A/Stockholm/5/2021,A/Switzerland/12229/2022,160
A/Stockholm/5/2021,A/Switzerland/12981/2022,280
A/Stockholm/5/2021,A/Switzerland/18284/2022,258
A/Stockholm/5/2021,A/Switzerland/18559/2022,640
A/Stockholm/5/2021,A/Switzerland/20498/2023,320
A/Stockholm/5/2021,A/Switzerland/28719/2022,265
A/Stockholm/5/2021,A/Switzerland/32862/2023,320
A/Stockholm/5/2021,A/Switzerland/51230/2021,160
A/Stockholm/5/2021,A/Switzerland/67859/2022,320
A/Stockholm/5/2021,A/Switzerland/68971/2022,160
A/Stockholm/5/2021,A/Switzerland/71762/2023,208
A/Stockholm/5/2021,A/Switzerland/82850/2023,160
A/Stockholm/5/2021,A/Switzerland/86247/2022,213
A/Stockholm/5/2021,A/Switzerland/8649/2023,186
A/Stockholm/5/2021,A/Switzerland/98693/2021,640
A/Stockholm/5/2021,A/Tajikistan/2/2021,663
A/Stockholm/5/2021,A/Thuringen/3/2022,1280
A/Stockholm/5/2021,A/Thuringen/6/2022,320
A/Stockholm/5/2021,A/Thuringen/7/2022,640
A/Stockholm/5/2021,A/Toamasina/03143/2023,160
A/Stockholm/5/2021,A/Toamasina/03219/2023,160
A/Stockholm/5/2021,A/Togo/1057/2023,120
A/Stockholm/5/2021,A/Togo/1122/2022,320
A/Stockholm/5/2021,A/Togo/1153/2022,640
A/Stockholm/5/2021,A/Togo/771/2020,40
A/Stockholm/5/2021,A/Toliary/03152/2023,160
A/Stockholm/5/2021,A/Tripoli.LBN/7180/2021,640
A/Stockholm/5/2021,A/Tripoli.LBN/7347/2021,640
A/Stockholm/5/2021,A/Tripoli.LBN/7350/2021,480
A/Stockholm/5/2021,A/Tunisia/20957/2022,160
A/Stockholm/5/2021,A/Tunisia/22684/2022,160
A/Stockholm/5/2021,A/Tunisia/22985/2022,160
A/Stockholm/5/2021,A/Tunisia/23669/2022,160
A/Stockholm/5/2021,A/Tunisia/7468/2022,160
A/Stockholm/5/2021,A/Tunisia/8259/2022,160
A/Stockholm/5/2021,A/Ukraine/354/2021,630
A/Stockholm/5/2021,A/Ukraine/358/2022,320
A/Stockholm/5/2021,A/Ukraine/774/2022,240
A/Stockholm/5/2021,A/Ukraine/779/2022,146
A/Stockholm/5/2021,A/Valladolid/12/2022,100
A/Stockholm/5/2021,A/Valladolid/14/2023,160
A/Stockholm/5/2021,A/Valladolid/16/2022,160
A/Stockholm/5/2021,A/Valladolid/20/2022,160
A/Stockholm/5/2021,A/Valladolid/50/2022,80
A/Stockholm/5/2021,A/Vasteras/SE23-14213/2023,266
A/Stockholm/5/2021,A/Wisconsin/02/2021,1280
A/Stockholm/5/2021,A/Yaroslavl/24/2021,160
A/Stockholm/5/2021,A/Yaroslavl/32/2021,640
A/Stockholm/5/2021,A/Zamora/57/2022,80
A/Stockholm/5/2021,A/Zghorta.LBN/7491/2021,320
A/Stockholm/5/2021,A/Zghorta.LBN/7493/2021,640
A/Stockholm/6/2010,A/Victoria/210/2009,640
A/Stockholm/6/2010,A/Wisconsin/67/2005,40
A/Stockholm/6/2011,A/Victoria/210/2009,80
A/Stockholm/6/2011,A/Wisconsin/67/2005,40
A/Stockholm/63/2015,A/Switzerland/9715293/2013,48
A/Stockholm/7/2010,A/Victoria/210/2009,640
A/Stockholm/7/2010,A/Wisconsin/67/2005,40
A/Stockholm/7/2011,A/Victoria/210/2009,640
A/Stockholm/7/2011,A/Wisconsin/67/2005,40
A/Stockholm/89/2009,A/Uruguay/716/2007,160
A/Stockholm/89/2009,A/Wisconsin/67/2005,40
A/Stockholm/9/2013,A/Victoria/361/2011,200
A/Sundsvall/1/2018,A/Switzerland/8060/2017,<40
A/Sweden/2/2009,A/Uruguay/716/2007,160
A/Sweden/2/2009,A/Wisconsin/67/2005,80
A/Sweden/76/2014,A/Switzerland/9715293/2013,100
A/Sweden/76/2014,A/Victoria/361/2011,50
A/Sweden/9/2008,A/Uruguay/716/2007,2560
A/Sweden/9/2008,A/Wisconsin/67/2005,640
A/Switzerland/10261363/2014,A/Victoria/361/2011,1280
A/Switzerland/10295823/2014,A/Victoria/361/2011,640
A/Switzerland/12082/2022,A/Ukraine/354/2021,240
A/Switzerland/1397477/2008,A/Uruguay/716/2007,160
A/Switzerland/1397477/2008,A/Wisconsin/67/2005,160
A/Switzerland/1409281/2008,A/Uruguay/716/2007,1717
A/Switzerland/1409281/2008,A/Wellington/1/2004,140
A/Switzerland/1409281/2008,A/Wisconsin/67/2005,352
A/Switzerland/18284/2022,A/Switzerland/28719/2022,171
A/Switzerland/18284/2022,A/Ukraine/354/2021,86
A/Switzerland/28719/2022,A/Switzerland/71762/2023,480
A/Switzerland/28719/2022,A/Switzerland/82850/2023,640
A/Switzerland/28719/2022,A/Switzerland/8649/2023,213
A/Switzerland/28719/2022,A/Toamasina/03143/2023,320
A/Switzerland/28719/2022,A/Toamasina/03219/2023,320
A/Switzerland/28719/2022,A/Togo/1057/2023,160
A/Switzerland/28719/2022,A/Toliary/03152/2023,320
A/Switzerland/28719/2022,A/Ukraine/354/2021,80
A/Switzerland/28719/2022,A/Ukraine/774/2022,80
A/Switzerland/28719/2022,A/Ukraine/779/2022,<40
A/Switzerland/28719/2022,A/Valladolid/12/2022,160
A/Switzerland/28719/2022,A/Valladolid/16/2022,160
A/Switzerland/28719/2022,A/Valladolid/20/2022,160
A/Switzerland/28719/2022,A/Vasteras/SE23-14213/2023,426
A/Switzerland/68971/2022,A/Ukraine/354/2021,80
A/Switzerland/71762/2023,A/Switzerland/8649/2023,640
A/Switzerland/7586983/2012,A/Victoria/361/2011,160
A/Switzerland/7628499/2012,A/Victoria/361/2011,160
A/Switzerland/8060/2017,A/Sydney/22/2018,320
A/Switzerland/8060/2017,A/Sydney/53/2019,100
A/Switzerland/8060/2017,A/Torino/544/2019,80
A/Switzerland/8060/2017,A/Trencin/74/2019,<40
A/Switzerland/8060/2017,A/Trnava/70/2019,40
A/Switzerland/8060/2017,A/Turkey/66/2018,75
A/Switzerland/8060/2017,A/Turkey/70/2018,40
A/Switzerland/8060/2017,A/Tyumen/RII-01/2018,320
A/Switzerland/8060/2017,A/Ukraine/8122/2018,<40
A/Switzerland/8060/2017,A/Ukraine/8210/2019,<40
A/Switzerland/8060/2017,A/Ukraine/8230/2019,<40
A/Switzerland/8060/2017,A/Zambia/1-390/2018,320
A/Switzerland/8060/2017,A/Zaporizhia/156/2019,80
A/Switzerland/8060/2017,A/Zaragoza/1476697/2018,160
A/Switzerland/8060/2017,A/Zaragoza/1496248/2018,333
A/Switzerland/8060/2017,A/Zaragoza/1528894/2018,160
A/Switzerland/8060/2017,A/Zaragoza/492/2018,640
A/Switzerland/86247/2022,A/Ukraine/354/2021,133
A/Switzerland/882/2017,A/Switzerland/9715293/2013,160
A/Switzerland/9715293/2013,A/Sydney/142/2016,140
A/Switzerland/9715293/2013,A/Sydney/71/2014,100
A/Switzerland/9715293/2013,A/Taiwan/442/2014,160
A/Switzerland/9715293/2013,A/Tasmania/11/2014,110
A/Switzerland/9715293/2013,A/Tehran/58191/2013,183
A/Switzerland/9715293/2013,A/Timis/177582/2015,40
A/Switzerland/9715293/2013,A/Toamasina/2190/2017,160
A/Switzerland/9715293/2013,A/Tomsk/5/2015,<40
A/Switzerland/9715293/2013,A/Trencin/46/2016,80
A/Switzerland/9715293/2013,A/Trencin/558/2015,<40
A/Switzerland/9715293/2013,A/Trencin/94/2016,160
A/Switzerland/9715293/2013,A/Trnava/176/2015,<40
A/Switzerland/9715293/2013,A/Trnava/90/2016,60
A/Switzerland/9715293/2013,A/Turkey/TR-17/2016,160
A/Switzerland/9715293/2013,A/Turkey/TR-31/2016,80
A/Switzerland/9715293/2013,A/Ukraine/165/2015,40
A/Switzerland/9715293/2013,A/Ukraine/7030/2016,40
A/Switzerland/9715293/2013,A/Ukraine/7730/2017,40
A/Switzerland/9715293/2013,A/Ukraine/7768/2016,40
A/Switzerland/9715293/2013,A/Uppsala/2/2017,80
A/Switzerland/9715293/2013,A/Valladolid/290/2016,106
A/Switzerland/9715293/2013,A/Victoria/361/2011,139
A/Switzerland/9715293/2013,A/Victoria/5006/2014,40
A/Switzerland/9715293/2013,A/Victoria/511/2015,130
A/Switzerland/9715293/2013,A/Wisconsin/20/2015,40
A/Switzerland/9715293/2013,A/Xinjiang-Tianshan/11190/2014,320
A/Switzerland/9715293/2013,A/Yamaguchi/34/2016,40
A/Switzerland/9715293/2013,A/Yokohama/120/2016,90
A/Switzerland/9715293/2013,A/Yunnan-Wenshan/1893/2015,160
A/Switzerland/9715293/2013,A/Zambia/06-027/2014,100
A/Switzerland/9715293/2013,A/Zhejiang-Nanhu/1975/2016,80
A/Switzerland/9851384/2014,A/Victoria/361/2011,80
A/Sydney/195/2012,A/Victoria/361/2011,1920
A/Sydney/230/2007,A/Wisconsin/67/2005,116
A/Sydney/230/2007,A/Zagreb/1216/2007,40
A/Sydney/71/2014,A/Victoria/361/2011,80
A/Taiwan/240/2009,A/Uruguay/716/2007,2560
A/Taiwan/240/2009,A/Wisconsin/67/2005,1280
A/Taiwan/442/2014,A/Victoria/361/2011,160
A/Taiwan/471/2008,A/Uruguay/716/2007,640
A/Taiwan/471/2008,A/Wisconsin/67/2005,320
A/Taiwan/760/2007,A/Uruguay/716/2007,160
A/Taiwan/760/2007,A/Wisconsin/67/2005,320
A/Taiwan/851/2010,A/Victoria/210/2009,320
A/Taiwan/851/2010,A/Wisconsin/67/2005,<40
A/Taraz/2922/2013,A/Victoria/361/2011,160
A/Tasmania/11/2014,A/Tehran/58191/2013,40
A/Tasmania/11/2014,A/Victoria/361/2011,270
A/Tehran/104/2012,A/Victoria/210/2009,80
A/Tehran/58191/2013,A/Victoria/361/2011,248
A/Tennessee/6/2004,A/Wellington/1/2004,80
A/Tennessee/6/2004,A/Wyoming/3/2003,160
A/Texas/37/2007,A/Uruguay/716/2007,640
A/Texas/37/2007,A/Wisconsin/67/2005,2560
A/Timis/177582/2015,A/Victoria/361/2011,80
A/Toulouse/2892/2013,A/Victoria/361/2011,100
A/Tunisia/20957/2022,A/Ukraine/354/2021,320
A/Tunisia/22684/2022,A/Ukraine/354/2021,80
A/Tunisia/22985/2022,A/Ukraine/354/2021,40
A/Tunisia/23669/2022,A/Ukraine/354/2021,80
A/Ukraine/165/2015,A/Victoria/361/2011,80
A/Ukraine/175/2011,A/Victoria/210/2009,160
A/Ukraine/175/2011,A/Wisconsin/67/2005,<40
A/Ukraine/218/2014,A/Victoria/361/2011,640
A/Ukraine/250/2012,A/Victoria/361/2011,360
A/Ukraine/354/2021,A/Ukraine/774/2022,280
A/Ukraine/354/2021,A/Ukraine/779/2022,213
A/Ukraine/354/2021,A/Valladolid/12/2022,200
A/Ukraine/354/2021,A/Valladolid/14/2023,80
A/Ukraine/354/2021,A/Valladolid/16/2022,40
A/Ukraine/354/2021,A/Valladolid/20/2022,60
A/Ukraine/354/2021,A/Valladolid/50/2022,40
A/Ukraine/354/2021,A/Zamora/57/2022,80
A/Ukraine/5339/2012,A/Victoria/361/2011,440
A/Ukraine/5403/2012,A/Victoria/361/2011,780
A/Ukraine/5426/2012,A/Victoria/361/2011,120
A/Ukraine/5837/2013,A/Victoria/361/2011,360
A/Ukraine/5896/2013,A/Victoria/361/2011,800
A/Ukraine/5909/2013,A/Victoria/361/2011,360
A/Ukraine/6004/2013,A/Victoria/361/2011,160
A/Ukraine/6156/2014,A/Victoria/361/2011,640
A/Ukraine/6161/2014,A/Victoria/361/2011,320
A/Ukraine/86/2014,A/Victoria/361/2011,160
A/Ulaanbaatar/1600/2008,A/Uruguay/716/2007,80
A/Ulaanbaatar/1600/2008,A/Wisconsin/67/2005,40
A/Umea/3/2011,A/Victoria/210/2009,80
A/Umea/3/2011,A/Wisconsin/67/2005,<40
A/Uruguay/716/2007,A/Victoria/210/2009,40
A/Uruguay/716/2007,A/Washington/42/2007,320
A/Uruguay/716/2007,A/Wellington/1/2004,360
A/Uruguay/716/2007,A/Wisconsin/67/2005,2034
A/Utah/12/2011,A/Victoria/210/2009,160
A/Valladolid/118/2013,A/Victoria/361/2011,200
A/Victoria/110/2004,A/Victoria/500/2004,2560
A/Victoria/110/2004,A/Victoria/513/2004,2560
A/Victoria/110/2004,A/Wellington/1/2004,1280
A/Victoria/110/2004,A/Wyoming/3/2003,1280
A/Victoria/210/2009,A/Wisconsin/13/2010,<40
A/Victoria/210/2009,A/Wisconsin/67/2005,131
A/Victoria/210/2009,A/Yokohama/96/2010,80
A/Victoria/361/2011,A/Victoria/5006/2014,40
A/Victoria/361/2011,A/Victoria/505/2013,960
A/Victoria/361/2011,A/Victoria/527/2012,960
A/Victoria/361/2011,A/Victoria/84/2012,400
A/Victoria/361/2011,A/Vladivostok/73/2013,306
A/Victoria/361/2011,A/Xinjiang-Tianshan/11190/2014,160
A/Victoria/361/2011,A/Zambia/06-027/2014,120
A/Victoria/500/2004,A/Victoria/513/2004,640
A/Victoria/500/2004,A/Wellington/1/2004,320
A/Victoria/500/2004,A/Wyoming/3/2003,400
A/Victoria/503/2005,A/Wyoming/3/2003,640
A/Victoria/513/2004,A/Wellington/1/2004,480
A/Victoria/513/2004,A/Wyoming/3/2003,400
A/Washington/42/2007,A/Wisconsin/67/2005,320
A/Wellington/1/2004,A/Wyoming/3/2003,1984
A/Wisconsin/13/2010,A/Wisconsin/67/2005,<40
A/Wisconsin/67/2005,A/Wyoming/3/2003,880
A/Wisconsin/67/2005,A/Yokohama/96/2010,<40
A/Wisconsin/67/2005,A/Zagreb/1216/2007,1920
