Original Virus,Representative Virus
A/CoteD'Ivoire/4612/2024,A/CoteD'Ivoire/4612/2024
A/Panama/2007/1999,A/Panama/2007/1999
A/England/700/2009,A/England/700/2009
A/Christchurch/28/2003,A/Christchurch/28/2003
A/Wyoming/3/2003,A/Wyoming/3/2003
A/Fujian/411/02,A/Fujian/411/02
A/Finland/170/03,A/Fujian/411/02
A/Netherlands/222/03,A/Netherlands/222/03
A/Victoria/500/2004,A/Victoria/500/2004
A/Victoria/110/2004,A/Victoria/110/2004
A/Serres/77/2007,A/Serres/77/2007
A/Nepal/921/2006,A/Nepal/921/2006
A/Netherlands/363/2006,A/Netherlands/363/2006
A/Madagascar/2699/2006,A/Madagascar/2699/2006
A/Philippines/1616/2007,A/Philippines/1616/2007
A/Hiroshima/33/2006,A/Hiroshima/33/2006
A/Ulaanbaatar/1600/2008,A/Ulaanbaatar/1600/2008
A/Leon/5/2009,A/Leon/5/2009
A/Taiwan/471/2008,A/Taiwan/471/2008
A/Washington/42/2007,A/Washington/42/2007
A/Sofia/319/2007,A/Sofia/319/2007
A/Zagreb/1216/2007,A/Zagreb/1216/2007
A/Brisbane/54/2009,A/Brisbane/54/2009
A/Brisbane/24/2008,A/Brisbane/24/2008
A/Berlin/5/2006,A/Berlin/5/2006
A/Taiwan/240/2009,A/Taiwan/240/2009
A/Lyon/1381/2007,A/Lyon/1381/2007
A/Brisbane/48/2007,A/Brisbane/48/2007
A/England/669/2008,A/England/669/2008
A/Sweden/9/2008,A/Sweden/9/2008
A/Switzerland/1397477/2008,A/Switzerland/1397477/2008
A/Bratislava/144/2009,A/Bratislava/144/2009
A/Madagascar/4286/2009,A/Madagascar/4286/2009
A/Bucuresti/54/2009,A/Bucuresti/54/2009
A/Cameroon/445/2009,A/Cameroon/445/2009
A/Geneva/1514818/2009,A/Geneva/1514818/2009
A/Lisboa/32/2009,A/Netherlands/761/2009
A/Cameroon/350/2009,A/Netherlands/761/2009
A/Netherlands/761/2009,A/Netherlands/761/2009
A/Gothenburg/3/2009,A/Netherlands/761/2009
A/Norway/14/2009,A/Norway/14/2009
A/Firenze/24/08,A/Firenze/24/08
A/Seoul/4436/2008,A/Seoul/4436/2008
A/Norway/1/2009,A/Stockholm/26/2008
A/Slovenia/60/2009,A/Stockholm/26/2008
A/Stockholm/26/2008,A/Stockholm/26/2008
A/Singapore/N593/2008,A/Switzerland/1409281/2008
A/Toyama/123/2008,A/Switzerland/1409281/2008
A/Switzerland/1409281/2008,A/Switzerland/1409281/2008
A/England/687/2008,A/Switzerland/1409281/2008
A/Slovenia/55/2009,A/Switzerland/1409281/2008
A/Cluj/35/2009,A/Switzerland/1409281/2008
A/England/233/2009,A/Switzerland/1409281/2008
A/Paris/458/2008,A/Switzerland/1409281/2008
A/Paris/2030/2008,A/Switzerland/1409281/2008
A/Bremen/1/2009,A/Switzerland/1409281/2008
A/Thessaloniki/16/2009,A/Switzerland/1409281/2008
A/Valladolid/14/2009,A/Switzerland/1409281/2008
A/Sweden/6/2008,A/Switzerland/1409281/2008
A/Algeria/G217/2009,A/Switzerland/1409281/2008
A/Geneva/1570509/2009,A/Switzerland/1409281/2008
A/Prague/63/2009,A/Switzerland/1409281/2008
A/Algeria/G202/2009,A/Switzerland/1409281/2008
A/Brisbane/10/2007,A/Brisbane/10/2007
A/Texas/37/2007,A/Texas/37/2007
A/Uruguay/716/2007,A/Uruguay/716/2007
A/Finland/9/2008,A/Finland/9/2008
A/Taiwan/760/2007,A/Taiwan/760/2007
A/Johannesburg/66/2007,A/Johannesburg/91/2007
A/Johannesburg/91/2007,A/Johannesburg/91/2007
A/Santiago/6881/2007,A/Sydney/230/2007
A/Sydney/230/2007,A/Sydney/230/2007
A/Ghana/11/2008,A/Ghana/11/2008
A/Perth/27/2007,A/Perth/27/2007
A/Nevada/05/2007,A/Nevada/05/2007
A/Brisbane/4/2007,A/Brisbane/4/2007
A/Hiroshima/52/2005,A/Hiroshima/52/2005
A/Victoria/513/2004,A/Victoria/513/2004
A/Henan/Jinshui/147/2007,A/Henan/Jinshui/147/2007
A/Singapore/37/2004,A/Singapore/37/2004
A/Wisconsin/67/2005,A/Wisconsin/67/2005
A/Netherlands/132/2004,A/Netherlands/132/2004
A/Wellington/1/2004,A/Wellington/1/2004
A/Finland/487/2004,A/Finland/487/2004
A/Tennessee/6/2004,A/Tennessee/6/2004
A/Macau/557/2005,A/Macau/557/2005
A/Hamburg/1/2006,A/Hamburg/1/2006
A/Netherlands/548/2005,A/Netherlands/548/2005
A/Berlin/32/2006,A/Berlin/32/2006
A/California/7/2004,A/California/7/2004
A/Norway/1191/2004,A/Norway/1191/2004
A/Finland/486/2004,A/Finland/486/2004
A/Norway/70/2005,A/Finland/486/2004
A/Norway/71/2005,A/Finland/486/2004
A/Austria/207265/2005,A/Finland/486/2004
A/Brisbane/3/2005,A/Brisbane/3/2005
A/Victoria/503/2005,A/Victoria/503/2005
A/Christchurch/64/2005,A/Christchurch/64/2005
A/Brisbane/23/2005,A/Brisbane/23/2005
A/Finland/130/2019,A/Finland/130/2019
A/Aragon/13141/2020,A/Aragon/13141/2020
A/Norway/2379/2019,A/Centre/1846/2019
A/Centre/1846/2019,A/Centre/1846/2019
A/Sundsvall/2/2018,A/Sundsvall/1/2018
A/Sundsvall/1/2018,A/Sundsvall/1/2018
A/Austria/1115342/2019,A/Austria/1115342/2019
A/Israel/177/2018,A/Israel/590/2018
A/Israel/144/2018,A/Israel/590/2018
A/Israel/590/2018,A/Israel/590/2018
A/Israel/604/2018,A/Israel/603/2018
A/Israel/603/2018,A/Israel/603/2018
A/Israel/10480/2018,A/Israel/8989/2018
A/Israel/10422/2018,A/Israel/8989/2018
A/Israel/10464/2018,A/Israel/8989/2018
A/Israel/133/2018,A/Israel/8989/2018
A/Israel/10481/2018,A/Israel/8989/2018
A/Israel/8989/2018,A/Israel/8989/2018
A/Finland/114/2019,A/Finland/114/2019
A/Cyprus/F1165/2020,A/Cyprus/F1165/2020
A/Ireland/28223/2019,A/Ireland/28223/2019
A/Iceland/59/2019,A/Iceland/59/2019
A/Oman/4471/2019,A/Oman/4471/2019
A/Sachsen/5/2020,A/Sachsen/5/2020
A/Bulgaria/927/2020,A/Bulgaria/927/2020
A/Norway/47/2020,A/Norway/47/2020
A/Iceland/26/2020,A/Iceland/26/2020
A/Norway/1900/2020,A/Parma/391/2019
A/Stockholm/16/2020,A/Parma/391/2019
A/Poland/222/2020,A/Parma/391/2019
A/Bulgaria/1051/2020,A/Parma/391/2019
A/Cyprus/F913/2020,A/Parma/391/2019
A/Belgium/G0506/2019,A/Parma/391/2019
A/Parma/391/2019,A/Parma/391/2019
A/Macedonia/509/2020,A/Parma/391/2019
A/Mauritius/I-34/2020,A/Parma/391/2019
A/Macedonia/648/2020,A/Parma/391/2019
A/Norway/828/2020,A/Norway/828/2020
A/Cyprus/F960/2020,A/Cyprus/F960/2020
A/Macedonia/1350/2019,A/Lisboa/100/2019
A/Netherlands/10002/2019,A/Netherlands/10002/2019
A/Lisboa/97/2019,A/Lisboa/97/2019
A/Lisboa/98/2019,A/Lisboa/100/2019
A/Lisboa/100/2019,A/Lisboa/100/2019
A/Bretagne/1913/2019,A/Brest/2002/2019
A/Brest/1999/2019,A/Brest/2002/2019
A/Brest/2002/2019,A/Brest/2002/2019
A/Brest/1998/2019,A/Brest/1998/2019
A/Nordrhein-Westfalen/97/2019,A/Paris/2544/2018
A/Nordrhein-Westfalen/101/2019,A/Bremen/12/2019
A/Bremen/12/2019,A/Bremen/12/2019
A/Berlin/37/2019,A/Paris/2544/2018
A/Bremen/17/2019,A/Paris/2544/2018
A/Kosovo/1188/2019,A/Paris/2544/2018
A/Bayern/53/2019,A/Paris/2544/2018
A/Paris/2544/2018,A/Paris/2544/2018
A/Parma/361/2019,A/Paris/2544/2018
A/Parma/373/2019,A/Paris/2544/2018
A/Kosovo/1130/2019,A/Paris/2544/2018
A/Parma/377/2019,A/Paris/2544/2018
A/Bremen/20/2019,A/Paris/2544/2018
A/Niedersachsen/81/2019,A/Paris/2544/2018
A/Niedersachsen/151/2019,A/Paris/2544/2018
A/England/154/2019,A/England/154/2019
A/Lisboa/93/2019,A/Lisboa/93/2019
A/Nordrhein-Westfalen/22/2019,A/Nordrhein-Westfalen/22/2019
A/Brest/2001/2019,A/Brest/2001/2019
A/Denmark/1138/2020,A/Denmark/1138/2020
A/Brandenburg/9/2020,A/Brandenburg/9/2020
A/Lithuania/MB42123/2019,A/Lithuania/MB42123/2019
A/Finland/99/2019,A/Finland/99/2019
A/Dakar/28/2018,A/Dakar/28/2018
A/Niedersachsen/51/2020,A/Niedersachsen/51/2020
A/Norway/2069/2020,A/Norway/2069/2020
A/Berlin/62/2019,A/Berlin/62/2019
A/Berlin/1/2020,A/Berlin/62/2019
A/Thuringen/11/2020,A/Berlin/62/2019
A/Berlin/21/2020,A/Berlin/62/2019
A/Belgium/H0017/2020,A/Belgium/H0017/2020
A/Belgium/G0275/2020,A/Belgium/S0826/2020
A/Belgium/S0826/2020,A/Belgium/S0826/2020
A/Denmark/1090/2020,A/Denmark/1090/2020
A/Macedonia/501/2020,A/Macedonia/505/2020
A/Macedonia/505/2020,A/Macedonia/505/2020
A/Bulgaria/062/2020,A/Bulgaria/1009/2020
A/Bulgaria/021/2020,A/Bulgaria/1009/2020
A/Bulgaria/912/2020,A/Bulgaria/1009/2020
A/Bulgaria/061/2020,A/Bulgaria/1009/2020
A/Bulgaria/1008/2020,A/Bulgaria/1009/2020
A/Bulgaria/1009/2020,A/Bulgaria/1009/2020
A/Ireland/28663/2019,A/Ireland/22716/2019
A/Ireland/22716/2019,A/Ireland/22716/2019
A/Bucuresti/256299/2020,A/England/335/2019
A/England/645/2019,A/England/335/2019
A/Switzerland/6529/2020,A/England/335/2019
A/England/330/2019,A/England/335/2019
A/England/335/2019,A/England/335/2019
A/Greece/60/2020,A/England/335/2019
A/England/347/2019,A/England/335/2019
A/Norway/108/2020,A/England/335/2019
A/England/320/2019,A/England/335/2019
A/Belgium/G0004/2020,A/Israel/R-742/2016
A/Parma/353/2019,A/Parma/353/2019
A/Lebanon/397/2019,A/Lebanon/397/2019
A/Athens.GR/84/2020,A/Athens.GR/84/2020
A/Netherlands/01672/2019,A/Netherlands/01672/2019
A/Austria/1209023/2019,A/Austria/1209023/2019
A/Hungary/61/2020,A/Netherlands/10286/2019
A/Netherlands/10286/2019,A/Netherlands/10286/2019
A/Cyprus/F1149/2020,A/Israel/R-742/2016
A/Cyprus/F1123/2020,A/Cyprus/F1123/2020
A/Cyprus/F835/2020,A/England/107/2020
A/Lisboa/118/2019,A/Lisboa/118/2019
A/Athens.GR/79/2020,A/Israel/R-742/2016
A/Bretagne/775/2020,A/Israel/R-742/2016
A/Cyprus/F411/2020,A/Cyprus/F411/2020
A/Cyprus/F1108/2020,A/Cyprus/F1108/2020
A/Cyprus/F1218/2020,A/Cyprus/F1218/2020
A/Dakar/10/2019,A/Israel/R-742/2016
A/Cyprus/F926/2020,A/Israel/R-742/2016
A/Cyprus/F1267/2020,A/Israel/R-742/2016
A/Cyprus/F1305/2020,A/Israel/R-742/2016
A/Dakar/11/2019,A/Dakar/11/2019
A/Bratislava/319/2020,A/Bratislava/319/2020
A/Slovenia/1270/2020,A/Slovenia/1270/2020
A/Bulgaria/1024/2020,A/Bulgaria/1024/2020
A/Macedonia/450/2020,A/Macedonia/450/2020
A/Bulgaria/090/2020,A/England/612/2019
A/England/648/2019,A/England/612/2019
A/England/612/2019,A/England/612/2019
A/Norway/2228/2020,A/England/612/2019
A/Slovenia/3636/2019,A/England/612/2019
A/England/652/2019,A/England/612/2019
A/Dakar/10/2018,A/Dakar/10/2018
A/Burgos/31/2019,A/Israel/R-742/2016
A/Ireland/23414/2019,A/Israel/R-742/2016
A/Ankara/22/2018,A/Israel/R-742/2016
A/Israel/R-742/2016,A/Israel/R-742/2016
A/England/538/2018,A/Israel/R-742/2016
A/England/107/2020,A/England/107/2020
A/Slovenia/1465/2020,A/Slovenia/1465/2020
A/Rheinland-Pfalz/26/2020,A/Rheinland-Pfalz/26/2020
A/Berlin/2/2020,A/Israel/R-742/2016
A/Centre/2293/2020,A/Centre/2293/2020
A/Bremen/7/2020,A/Centre/2293/2020
A/Lorraine/2777/2019,A/Lorraine/2777/2019
A/Belgium/S0751/2020,A/Belgium/S0751/2020
A/Parma/26/2020,A/Parma/26/2020
A/Ireland/89141/2019,A/Ireland/89141/2019
A/Nordrhein-Westfalen/53/2019,A/Nordrhein-Westfalen/53/2019
A/Dakar/13/2019,A/Dakar/13/2019
A/Estonia/126846/2020,A/Estonia/126846/2020
A/Hessen/42/2019,A/Hessen/42/2019
A/Hessen/34/2019,A/Hessen/42/2019
A/Macedonia/1462/2019,A/Macedonia/1462/2019
A/Stockholm/30/2020,A/Stockholm/30/2020
A/Picardie/1898/2019,A/Picardie/1898/2019
A/Hungary/91/2020,A/Hungary/91/2020
A/Lithuania/MB42384/2019,A/Lithuania/MB42384/2019
A/Slovenia/1650/2020,A/Slovenia/1650/2020
A/Nordrhein-Westfalen/60/2019,A/Israel/R-742/2016
A/Nordrhein-Westfalen/89/2019,A/Israel/R-742/2016
A/Poland/220/2020,A/Poland/220/2020
A/Belgium/S0900/2020,A/Israel/R-742/2016
A/Slovenia/944/2020,A/Israel/R-742/2016
A/Avignon/1286/2020,A/Israel/R-742/2016
A/Macedonia/593/2020,A/Israel/R-742/2016
A/England/521/2019,A/England/521/2019
A/Saarland/15/2019,A/Saarland/15/2019
A/Cyprus/F1190/2020,A/Saarland/15/2019
A/Ireland/85561/2019,A/Israel/R-742/2016
A/Baden-Wurttemberg/87/2019,A/Baden-Wurttemberg/87/2019
A/Belgium/G0229/2020,A/Belgium/G0229/2020
A/Dakar/29/2018,A/Dakar/29/2018
A/England/513/2019,A/England/513/2019
A/Avila/15/2019,A/Avila/15/2019
A/Iceland/37/2020,A/Iceland/37/2020
A/Estonia/126096/2020,A/Estonia/126096/2020
A/Belgium/S0734/2020,A/Belgium/S0734/2020
A/Belgium/G0274/2020,A/Belgium/G0274/2020
A/Sachsen/38/2020,A/Sachsen/38/2020
A/Beijing/2019-15554/2018,A/Beijing/2019-15554/2018
A/Jordan/30121/2019,A/Jordan/30121/2019
A/Lyon/2358/2019,A/Lyon/2358/2019
A/Ireland/29431/2019,A/Israel/R-742/2016
A/Kansas/14/2017,A/Israel/R-742/2016
A/Extremadura/283/2019,A/Israel/R-742/2016
A/Valladolid/25/2019,A/Israel/R-742/2016
A/Valladolid/560/2018,A/Israel/R-742/2016
A/Valladolid/13/2019,A/Israel/R-742/2016
A/England/222/2019,A/Israel/R-742/2016
A/Valladolid/2/2019,A/Israel/R-742/2016
A/Ireland/01234/2018,A/Israel/R-742/2016
A/Tanger/672/2019,A/Israel/R-742/2016
A/Finland/104/2019,A/Israel/R-742/2016
A/Valladolid/18/2019,A/Israel/R-742/2016
A/Valladolid/9/2019,A/Israel/R-742/2016
A/Dakar/25/2018,A/Israel/R-742/2016
A/Torino/771/2019,A/Israel/R-742/2016
A/Tetouan/671/2019,A/Israel/R-742/2016
A/Athens.GR/128/2020,A/Israel/R-742/2016
A/Belgium/G0214/2020,A/Israel/R-742/2016
A/Poland/1521/2020,A/Israel/R-742/2016
A/Catalonia/11960S/2019,A/Israel/R-742/2016
A/Slovenia/23/2020,A/Israel/R-742/2016
A/Nordrhein-Westfalen/11/2019,A/Israel/R-742/2016
A/Hungary/108/2020,A/Israel/R-742/2016
A/England/307/2019,A/Israel/R-742/2016
A/Belgium/S0831/2020,A/Israel/R-742/2016
A/Norway/2282/2019,A/Israel/R-742/2016
A/Latvia/03-012433/2019,A/Israel/R-742/2016
A/England/156/2019,A/Israel/R-742/2016
A/Grenoble/185/2020,A/Israel/R-742/2016
A/Bourgogne/1249/2020,A/Israel/R-742/2016
A/England/309/2019,A/Israel/R-742/2016
A/Ireland/91781/2019,A/Israel/R-742/2016
A/Iceland/30/2020,A/Israel/R-742/2016
A/Valladolid/24/2019,A/Israel/R-742/2016
A/Belgium/G0514/2019,A/Israel/R-742/2016
A/Paris/2671/2018,A/Israel/R-742/2016
A/Lisboa/91/2019,A/Israel/R-742/2016
A/Norway/749/2020,A/Israel/R-742/2016
A/Lyon/1631/2020,A/Israel/R-742/2016
A/Nordrhein-Westfalen/82/2019,A/Israel/R-742/2016
A/England/531/2019,A/Israel/R-742/2016
A/Ireland/88070/2019,A/Israel/R-742/2016
A/Slovenia/1451/2020,A/Israel/R-742/2016
A/Lithuania/MB41882/2019,A/Israel/R-742/2016
A/Bayern/2/2020,A/Israel/R-742/2016
A/Belgium/G0023/2019,A/Israel/R-742/2016
A/Lisboa/94/2019,A/Israel/R-742/2016
A/Austria/1207674/2019,A/Israel/R-742/2016
A/Bratislava/225/2020,A/Israel/R-742/2016
A/Finland/181/2020,A/Israel/R-742/2016
A/England/601/2019,A/Israel/R-742/2016
A/Belgium/S0275/2019,A/Israel/R-742/2016
A/Austria/1208486/2019,A/Israel/R-742/2016
A/Bulgaria/1575/2019,A/Israel/R-742/2016
A/Lisboa/95/2019,A/Israel/R-742/2016
A/England/155/2019,A/Israel/R-742/2016
A/England/670/2019,A/Israel/R-742/2016
A/Hessen/72/2019,A/Israel/R-742/2016
A/Hungary/104/2020,A/Israel/R-742/2016
A/Norway/2176/2020,A/Israel/R-742/2016
A/Lyon/2335/2018,A/Israel/R-742/2016
A/Estonia/126500/2020,A/Israel/R-742/2016
A/England/551/2019,A/Israel/R-742/2016
A/England/651/2019,A/Israel/R-742/2016
A/Belgium/S1258/2020,A/Israel/R-742/2016
A/Lorraine/1589/2020,A/Israel/R-742/2016
A/England/138/2019,A/Israel/R-742/2016
A/Iceland/18/2020,A/Israel/R-742/2016
A/Melilla/1088/2020,A/Israel/R-742/2016
A/Poland/3278/2020,A/Israel/R-742/2016
A/Berlin/48/2019,A/Israel/R-742/2016
A/Berlin/28/2019,A/Israel/R-742/2016
A/Norway/2310/2020,A/Israel/R-742/2016
A/England/325/2019,A/Israel/R-742/2016
A/England/331/2019,A/Israel/R-742/2016
A/Switzerland/4684/2020,A/Israel/R-742/2016
A/Ireland/26207/2019,A/Israel/R-742/2016
A/Belgium/G0539/2019,A/Israel/R-742/2016
A/Iceland/25/2020,A/Israel/R-742/2016
A/Lisboa/92/2019,A/Israel/R-742/2016
A/England/157/2019,A/Israel/R-742/2016
A/S.Petersburg/RII-337/2019,A/Israel/R-742/2016
A/Paris/2511/2018,A/Israel/R-742/2016
A/Netherlands/01624/2019,A/Israel/R-742/2016
A/Belgium/G0270/2020,A/Israel/R-742/2016
A/Belgium/S0878/2020,A/Israel/R-742/2016
A/Netherlands/10273/2019,A/Israel/R-742/2016
A/England/675/2019,A/Israel/R-742/2016
A/Lyon/95/2019,A/Israel/R-742/2016
A/Paris/2572/2018,A/Israel/R-742/2016
A/Paris/029/2019,A/Israel/R-742/2016
A/Belgium/G0538/2019,A/Israel/R-742/2016
A/Saida/294/2020,A/Israel/R-742/2016
A/Malta/53539/2019,A/Israel/R-742/2016
A/Bulgaria/1052/2020,A/Israel/R-742/2016
A/England/344/2019,A/Israel/R-742/2016
A/Paris/2538/2018,A/Israel/R-742/2016
A/Netherlands/10268/2019,A/Israel/R-742/2016
A/Bourgogne/074/2019,A/Israel/R-742/2016
A/Berlin/23/2019,A/Israel/R-742/2016
A/Lithuania/MB41285/2019,A/Israel/R-742/2016
A/Paris/2560/2019,A/Israel/R-742/2016
A/Belgium/S1003/2020,A/Israel/R-742/2016
A/England/350/2019,A/Israel/R-742/2016
A/England/323/2019,A/Israel/R-742/2016
A/Estonia/126086/2020,A/Israel/R-742/2016
A/Netherlands/10279/2019,A/Israel/R-742/2016
A/Portugal/GG66/2020,A/Israel/R-742/2016
A/Lithuania/MB40700/2019,A/Israel/R-742/2016
A/Bretagne/026/2019,A/Israel/R-742/2016
A/Belgium/S0710/2020,A/Israel/R-742/2016
A/England/185/2019,A/Israel/R-742/2016
A/Cyprus/F968/2020,A/Israel/R-742/2016
A/Slovenia/1506/2020,A/Israel/R-742/2016
A/Estonia/127241/2020,A/Israel/R-742/2016
A/Belgium/G0542/2019,A/Israel/R-742/2016
A/Slovenia/1708/2020,A/Israel/R-742/2016
A/England/387/2019,A/Israel/R-742/2016
A/Belgium/G0540/2019,A/Israel/R-742/2016
A/Lithuania/MB398/2020,A/Israel/R-742/2016
A/Iceland/29/2020,A/Israel/R-742/2016
A/England/530/2019,A/Israel/R-742/2016
A/Austria/1208858/2019,A/Israel/R-742/2016
A/Palermo/13/2019,A/Israel/R-742/2016
A/Netherlands/10282/2019,A/Israel/R-742/2016
A/Avila/3/2019,A/Israel/R-742/2016
A/Brisbane/34/2018,A/Israel/R-742/2016
A/Ireland/95068/2019,A/Israel/R-742/2016
A/Lithuania/MB170/2019,A/Israel/R-742/2016
A/England/103/2020,A/Israel/R-742/2016
A/Austria/1209271/2019,A/Israel/R-742/2016
A/England/476/2019,A/Israel/R-742/2016
A/Aichi/218/2019,A/Israel/R-742/2016
A/Thuringen/3/2020,A/Israel/R-742/2016
A/Poland/2724/2020,A/Israel/R-742/2016
A/Macedonia/1402/2019,A/Israel/R-742/2016
A/Norway/2298/2019,A/Israel/R-742/2016
A/Palencia/20/2019,A/Israel/R-742/2016
A/Estonia/125785/2020,A/Israel/R-742/2016
A/Ireland/93664/2019,A/Israel/R-742/2016
A/Netherlands/10267/2019,A/Israel/R-742/2016
A/Belgium/G0528/2019,A/Israel/R-742/2016
A/Latvia/02-033614/2019,A/Israel/R-742/2016
A/Belgium/S0571/2020,A/Israel/R-742/2016
A/Palermo/12/2019,A/Israel/R-742/2016
A/Valladolid/26/2019,A/Israel/R-742/2016
A/Valladolid/17/2019,A/Israel/R-742/2016
A/Austria/1208875/2019,A/Israel/R-742/2016
A/Norway/2032/2019,A/Norway/2099/2019
A/Norway/2099/2019,A/Norway/2099/2019
A/Taiwan/851/2010,A/Taiwan/851/2010
A/Stockholm/6/2011,A/Stockholm/6/2011
A/Ireland/909/2011,A/Ireland/909/2011
A/Norway/1186/2011,A/Norway/1186/2011
A/Stockholm/7/2011,A/Stockholm/7/2011
A/Stockholm/6/2010,A/Stockholm/6/2010
A/Stockholm/7/2010,A/Stockholm/7/2010
A/Stockholm/10/2010,A/Stockholm/7/2010
A/Esfahan/6117/2010,A/Esfahan/6117/2010
A/Georgia/15/2010,A/Esfahan/6117/2010
A/Hessen/5/2010,A/Esfahan/6117/2010
A/Victoria/210/2009,A/Victoria/210/2009
A/Singapore/37/2009,A/Singapore/37/2009
A/Iran/755/2009,A/Lithuania/142K/2009
A/Lithuania/142K/2009,A/Lithuania/142K/2009
A/Grenoble/1144/2009,A/Lithuania/142K/2009
A/Norway/1739/2009,A/Norway/1739/2009
A/Niigata/403/2009,A/Niigata/403/2009
A/Norway/1330/2010,A/Norway/1330/2010
A/Perth/16/2009,A/Perth/16/2009
A/Perth/15/2009,A/Perth/16/2009
A/Ghana/FS-467/2010,A/Ghana/FS-467/2010
A/Singapore/33/2009,A/Singapore/33/2009
A/Luxembourg/782/2009,A/Singapore/33/2009
A/Ghana/FS-2240/2009,A/Ghana/FS-2240/2009
A/Nordrhein-Westfalen/1/2010,A/Ghana/FS-2240/2009
A/Bordeaux/1942/2009,A/Ghana/FS-2240/2009
A/Ghana/FS-464/2010,A/Ghana/FS-271/2010
A/Ghana/FS-271/2010,A/Ghana/FS-271/2010
A/Ghana/FS-376/2010,A/Ghana/FS-376/2010
A/Philippines/2191/2009,A/Philippines/2191/2009
A/Sweden/2/2009,A/Sweden/2/2009
A/Scotland/5/2009,A/Scotland/5/2009
A/Wisconsin/15/2009,A/England/232/2009
A/England/232/2009,A/England/232/2009
A/Yokohama/96/2010,A/Yokohama/96/2010
A/Alaska/5/2010,A/Alaska/5/2010
A/Estonia/66234/2012,A/Estonia/66234/2012
A/Stockholm/1/2010,A/Stockholm/1/2010
A/Galicia/RR9911/2012,A/Galicia/RR9911/2012
A/Umea/3/2011,A/Umea/3/2011
A/Denmark/105/2010,A/Denmark/105/2010
A/Alabama/05/2010,A/Alabama/05/2010
A/Ukraine/175/2011,A/Ukraine/175/2011
A/Umea/2/2011,A/Stockholm/15/2011
A/Stockholm/15/2011,A/Stockholm/15/2011
A/Victoria/563/2010,A/Victoria/563/2010
A/Lisboa/38/2012,A/Lisboa/38/2012
A/Austria/710638/2012,A/Austria/710638/2012
A/Austria/705367/2012,A/Austria/710638/2012
A/Bremen/19/2012,A/Acores/SU43/2012
A/Plzen/22/2013,A/Acores/SU43/2012
A/Ukraine/250/2012,A/Ukraine/250/2012
A/Ukraine/5426/2012,A/Ukraine/5426/2012
A/Ukraine/5333/2012,A/Ukraine/250/2012
A/Dnipro/194/2012,A/Ukraine/250/2012
A/Paris/1912/2012,A/Paris/1912/2012
A/Acores/SU43/2012,A/Acores/SU43/2012
A/Stockholm/19/2012,A/Slovenia/2855/2011
A/Esfahan/8343/2011,A/Slovenia/2855/2011
A/Tehran/181/2012,A/Slovenia/2855/2011
A/Slovenia/9/2012,A/Slovenia/2855/2011
A/Ukraine/131/2012,A/Slovenia/2855/2011
A/Ukraine/5378/2012,A/Slovenia/2855/2011
A/Slovenia/2970/2011,A/Slovenia/2855/2011
A/Tehran/8331/2011,A/Slovenia/2855/2011
A/Stockholm/21/2012,A/Slovenia/2855/2011
A/Slovenia/2855/2011,A/Slovenia/2855/2011
A/Israel/10/2012,A/Israel/10/2012
A/Catalonia/5689S/2013,A/Catalonia/5689S/2013
A/Stockholm/30/2012,A/Acores/SU43/2012
A/Stockholm/31/2012,A/Acores/SU43/2012
A/Stockholm/37/2012,A/Acores/SU43/2012
A/Stockholm/12/2013,A/Acores/SU43/2012
A/Stockholm/38/2012,A/Acores/SU43/2012
A/Israel/20/2013,A/Acores/SU43/2012
A/Stockholm/40/2012,A/Acores/SU43/2012
A/Leskovac/1701/2012,A/Leskovac/1701/2012
A/Iowa/19/2010,A/Iowa/19/2010
A/Hamburg/1/2012,A/Hamburg/1/2012
A/Brisbane/299/2011,A/Brisbane/299/2011
A/Austria/655242/2012,A/Austria/655242/2012
A/Valladolid/47/2011,A/Valladolid/47/2011
A/Ireland/13527/2011,A/Ireland/13527/2011
A/Guadeloupe/202/2010,A/Guadeloupe/202/2010
A/Galicia/RR9908/2012,A/Galicia/RR9908/2012
A/Ukraine/5398/2012,A/Ukraine/5403/2012
A/Ukraine/5375/2012,A/Ukraine/5403/2012
A/Ukraine/5392/2012,A/Ukraine/5403/2012
A/Johannesburg/5637/2012,A/Ukraine/5403/2012
A/Odessa/312/2012,A/Ukraine/5403/2012
A/Ukraine/155/2012,A/Ukraine/5403/2012
A/Ukraine/5498/2012,A/Ukraine/5403/2012
A/Ukraine/5329/2012,A/Ukraine/5403/2012
A/Ukraine/5500/2012,A/Ukraine/5403/2012
A/Ukraine/5342/2012,A/Ukraine/5403/2012
A/Ukraine/5403/2012,A/Ukraine/5403/2012
A/Ukraine/96/2012,A/Ukraine/5403/2012
A/Ukraine/5408/2012,A/Ukraine/5403/2012
A/Ukraine/5462/2012,A/Ukraine/5403/2012
A/Ukraine/5385/2012,A/Ukraine/5403/2012
A/Ukraine/78/2012,A/Ukraine/5403/2012
A/Odessa/288/2012,A/Ukraine/5403/2012
A/Ukraine/5508/2012,A/Ukraine/5403/2012
A/Belgrade/1470/2012,A/Belgrade/1470/2012
A/Slovenia/274/2012,A/Firenze/1/2011
A/Firenze/1/2011,A/Firenze/1/2011
A/Galati/47519/2011,A/Galati/47519/2011
A/Athens/108/2011,A/Athens/108/2011
A/Wisconsin/13/2010,A/Wisconsin/13/2010
A/Montana/05/2011,A/Montana/05/2011
A/Perth/10/2010,A/Perth/10/2010
A/Bretagne/2248/2010,A/Bretagne/2248/2010
A/Madagascar/1121/2011,A/Madagascar/1121/2011
A/Madagascar/0817/2011,A/Bremen/1/2010
A/Romania/55656/2011,A/Bremen/1/2010
A/Serbia/822/2011,A/Bremen/1/2010
A/Moldova/378/2011,A/Bremen/1/2010
A/Serbia/812/2011,A/Bremen/1/2010
A/Madagascar/0751/2011,A/Bremen/1/2010
A/Moldova/601/2011,A/Bremen/1/2010
A/Serbia/1181/2011,A/Bremen/1/2010
A/Moldova/278/2011,A/Bremen/1/2010
A/Madagascar/0638/2011,A/Bremen/1/2010
A/Serbia/824/2011,A/Bremen/1/2010
A/Serbia/1731/2011,A/Bremen/1/2010
A/Serbia/1580/2011,A/Bremen/1/2010
A/Moldova/317/2011,A/Bremen/1/2010
A/Serbia/1891/2011,A/Bremen/1/2010
A/Bremen/1/2010,A/Bremen/1/2010
A/Serbia/1605/2011,A/Bremen/1/2010
A/Netherlands/710/2011,A/Netherlands/710/2011
A/Netherlands/702/2011,A/Netherlands/702/2011
A/Parma/139/2012,A/Parma/139/2012
A/England/49/2012,A/England/49/2012
A/Stockholm/17/2011,A/Stockholm/17/2011
A/Beograd/1607/2012,A/Beograd/1607/2012
A/Beograd/1549/2012,A/Beograd/1549/2012
A/Bulgaria/218/2012,A/Bulgaria/218/2012
A/Estonia/65266/2012,A/Estonia/65266/2012
A/Estonia/66837/2012,A/Estonia/65266/2012
A/Estonia/66788/2012,A/Estonia/65266/2012
A/Denmark/42/2012,A/Denmark/42/2012
A/Iceland/18/2012,A/Iceland/18/2012
A/Argentina/28370/2010,A/Argentina/28370/2010
A/Baleares/RR6848/2010,A/Baleares/RR6848/2010
A/Norway/625/2012,A/Norway/625/2012
A/Praha/130/2012,A/Gothenburg/1/2010
A/Gothenburg/1/2010,A/Gothenburg/1/2010
A/Catalonia/S4320/2011,A/Panama/307149/2010
A/Suceava/87402/2012,A/Panama/307149/2010
A/Kentucky/05/2011,A/Panama/307149/2010
A/Porto/EuroEva69/2012,A/Panama/307149/2010
A/Bacau/88448/2012,A/Panama/307149/2010
A/Netherlands/001/2012,A/Panama/307149/2010
A/Torino/01/2011,A/Panama/307149/2010
A/Salamanca/4/2012,A/Panama/307149/2010
A/Lisboa/59/2012,A/Panama/307149/2010
A/Iceland/17/2012,A/Panama/307149/2010
A/Bulgaria/182/2012,A/Panama/307149/2010
A/Bulgaria/312/2012,A/Panama/307149/2010
A/Firenze/3/2011,A/Panama/307149/2010
A/Uppsala/3/2011,A/Panama/307149/2010
A/Panama/307149/2010,A/Panama/307149/2010
A/Valladolid/40/2011,A/Panama/307149/2010
A/Norway/657/2012,A/Panama/307149/2010
A/Estonia/67238/2012,A/Panama/307149/2010
A/Pavia/128/2012,A/Panama/307149/2010
A/Bulgaria/311/2012,A/Panama/307149/2010
A/Argentina/28378/2010,A/Panama/307149/2010
A/Prerov/87/2012,A/Panama/307149/2010
A/Stockholm/42/2011,A/Panama/307149/2010
A/Caen/900/2012,A/Panama/307149/2010
A/Stockholm/44/2011,A/Panama/307149/2010
A/Bulgaria/314/2012,A/Panama/307149/2010
A/Estonia/67221/2012,A/Panama/307149/2010
A/Bulgaria/280/2012,A/Panama/307149/2010
A/Bulgaria/313/2012,A/Panama/307149/2010
A/Lisboa/23/2012,A/Panama/307149/2010
A/Denmark/38/2012,A/Panama/307149/2010
A/Denmark/12/2012,A/Panama/307149/2010
A/Sarajevo/21/2012,A/Panama/307149/2010
A/Bulgaria/217/2012,A/Panama/307149/2010
A/Galicia/15/2012,A/Panama/307149/2010
A/Finland/227/2012,A/Panama/307149/2010
A/Lisboa/SU91/2012,A/Panama/307149/2010
A/Norway/2047/2011,A/Panama/307149/2010
A/Lisboa/58/2012,A/Panama/307149/2010
A/Lisboa/61/2012,A/Panama/307149/2010
A/Ireland/81104/2016,A/Ireland/81104/2016
A/Sydney/142/2016,A/Sydney/142/2016
A/Norway/3798/2016,A/Valladolid/290/2016
A/Norway/3545/2016,A/Valladolid/290/2016
A/Valladolid/290/2016,A/Valladolid/290/2016
A/Iceland/74/2016,A/Iceland/74/2016
A/Ireland/82326/2016,A/Ireland/82745/2016
A/Ireland/00098/2016,A/Ireland/82745/2016
A/Iceland/69/2017,A/Ireland/82745/2016
A/Ireland/78717/2016,A/Ireland/82745/2016
A/Iceland/68/2016,A/Ireland/82745/2016
A/Iceland/23/2017,A/Ireland/82745/2016
A/Ireland/81920/2016,A/Ireland/82745/2016
A/Ireland/72254/2016,A/Ireland/82745/2016
A/Ireland/82745/2016,A/Ireland/82745/2016
A/Iceland/27/2017,A/Ireland/82745/2016
A/Iceland/31/2017,A/Ireland/82745/2016
A/Iceland/37/2017,A/Ireland/82745/2016
A/Cameroon/15V-8793/2015,A/Paris/2332/2014
A/Ghana/DILI-14-1010/2014,A/Paris/2332/2014
A/Ghana/DILI-14-1014/2014,A/Paris/2332/2014
A/Ghana/DILI-14-1152/2014,A/Paris/2332/2014
A/England/13/2015,A/England/13/2015
A/Catalonia/2235968NS/2015,A/Catalonia/2235968NS/2015
A/Iasi/177050/2015,A/Leon/256/2014
A/Iasi/176654/2015,A/Leon/256/2014
A/Leon/256/2014,A/Leon/256/2014
A/Iasi/177049/2015,A/Leon/256/2014
A/Navarra/508/2015,A/Navarra/508/2015
A/Stockholm/32/2014,A/Stockholm/32/2014
A/England/962/2016,A/England/962/2016
A/Stockholm/20/2014,A/Stockholm/20/2014
A/Hokkaido/6/2015,A/Hokkaido/6/2015
A/Palau/6759/2014,A/Palau/6759/2014
A/Khabarovsk/12/2015,A/Khabarovsk/12/2015
A/Milano/119/2015,A/Milano/119/2015
A/Bucuresti/193605/2016,A/Bucuresti/193605/2016
A/Sichuan-Jiangyang/1686/2014,A/Henan-Xigong/11041/2014
A/Henan-Xigong/11041/2014,A/Henan-Xigong/11041/2014
A/Netherlands/398/2014,A/Netherlands/398/2014
A/Chiba/61/2014,A/Chiba/61/2014
A/Bitlis/4351/2016,A/Bitlis/4351/2016
A/Austria/892085/2015,A/Austria/892085/2015
A/Thuringen/102/2015,A/Austria/892085/2015
A/Jiangsu-Qingpu/1660/2015,A/Jiangsu-Qingpu/1660/2015
A/Turkey/TR-17/2016,A/Turkey/TR-17/2016
A/Aydin/3060/2016,A/Aydin/3060/2016
A/Serbia-NS/1565/2016,A/Serbia-NS/1565/2016
A/Izmir/1020/2016,A/Izmir/1020/2016
A/Aksaray/4048/2016,A/Antalya/3562/2016
A/Turkey/TR-11/2016,A/Antalya/3562/2016
A/Turkey/TR-20/2016,A/Antalya/3562/2016
A/Jordan/4470/2016,A/Antalya/3562/2016
A/Kazakhstan/4766/2016,A/Antalya/3562/2016
A/Antalya/3562/2016,A/Antalya/3562/2016
A/Berlin/11/2016,A/Finland/586/2016
A/Berlin/27/2016,A/Finland/586/2016
A/Finland/586/2016,A/Finland/586/2016
A/Berlin/173/2015,A/Berlin/173/2015
A/Lisboa/76/2015,A/Berlin/173/2015
A/Lisboa/75/2015,A/Berlin/173/2015
A/Austria/893502/2015,A/Berlin/173/2015
A/Slovenia/3203/2015,A/Berlin/173/2015
A/Austria/891959/2015,A/Berlin/173/2015
A/Istanbul/1946182/2016,A/Berlin/173/2015
A/Austria/893755/2015,A/Berlin/173/2015
A/Izmir/3575/2016,A/Izmir/3575/2016
A/Oman/1819/2016,A/Oman/1819/2016
A/Navarra/642/2015,A/Navarra/642/2015
A/Burgos/207/2015,A/Burgos/207/2015
A/Turkey/TR-31/2016,A/Turkey/TR-31/2016
A/Sassari/9/2015,A/Sassari/9/2015
A/Mardin/2834/2016,A/Mardin/2834/2016
A/Kazakhstan/3782/2014,A/Kazakhstan/3782/2014
A/Leon/201/2015,A/Leon/201/2015
A/Bolu/3994/2016,A/Bolu/3994/2016
A/Milano/191/2015,A/Greece/2263/2014
A/Berlin/7/2016,A/Greece/2263/2014
A/Norway/2877/2015,A/Greece/2263/2014
A/Switzerland/16094175/2016,A/Greece/2263/2014
A/Zonguldak/3161/2016,A/Greece/2263/2014
A/Malatya/5037/2015,A/Greece/2263/2014
A/Nordrhein-Westfalen/104/2015,A/Greece/2263/2014
A/Izmir/1089/2016,A/Greece/2263/2014
A/Aydin/3446/2016,A/Greece/2263/2014
A/Stockholm/61/2015,A/Greece/2263/2014
A/Extremadura/2061/2014,A/Greece/2263/2014
A/Finland/547/2015,A/Greece/2263/2014
A/Oman/4289/2014,A/Greece/2263/2014
A/Istanbul/188/2015,A/Greece/2263/2014
A/Perugia/45/2015,A/Greece/2263/2014
A/Georgia/864/2016,A/Greece/2263/2014
A/Greece/2263/2014,A/Greece/2263/2014
A/Stockholm/58/2015,A/Greece/2263/2014
A/Arges/1480-3059/2016,A/Greece/2263/2014
A/Denizli/3801/2016,A/Greece/2263/2014
A/Bucuresti/191366/2016,A/Greece/2263/2014
A/Turkey/TR-26/2016,A/Greece/2263/2014
A/Stockholm/65/2015,A/Greece/2263/2014
A/Kutahya/3503/2016,A/Greece/2263/2014
A/Glasgow/401678/2015,A/Greece/2263/2014
A/Austria/890744/2015,A/Greece/2263/2014
A/Jordan/30483/2014,A/Greece/2263/2014
A/Turkey/TR-25/2016,A/Greece/2263/2014
A/Sachsen/2/2016,A/Greece/2263/2014
A/Extremadura/731/2015,A/Greece/2263/2014
A/Perugia/52/2015,A/Greece/2263/2014
A/Austria/890287/2015,A/Greece/2263/2014
A/Norway/2665/2015,A/Greece/2263/2014
A/Perugia/46/2015,A/Greece/2263/2014
A/Berlin/28/2016,A/Greece/2263/2014
A/Switzerland/15772531/2015,A/Greece/2263/2014
A/Guangdong-Haizhu/1510/2014,A/Jiangxi-Donghu/11101/2014
A/Jiangxi-Donghu/11101/2014,A/Jiangxi-Donghu/11101/2014
A/Kazakhstan/3784/2014,A/Chita/261/2014
A/Shaanxi-Changan/1452/2014,A/Chita/261/2014
A/Omsk/26/2015,A/Chita/261/2014
A/Chita/259/2014,A/Chita/259/2014
A/Novosibirsk/13/2015,A/Novosibirsk/13/2015
A/Liaoning-Shuangta/1505/2015,A/Chita/261/2014
A/Vladivostok/36/2015,A/Chita/261/2014
A/Chita/257/2014,A/Chita/261/2014
A/Chita/261/2014,A/Chita/261/2014
A/Khabarovsk/3/2015,A/Khabarovsk/3/2015
A/Denmark/44/2014,A/Denmark/45/2014
A/Denmark/45/2014,A/Denmark/45/2014
A/Stockholm/26/2014,A/Henan-Xigong/11041/2014
A/Madagascar/2714/2014,A/Henan-Xigong/11041/2014
A/Ghana/DILI-0428/2014,A/Netherlands/398/2014
A/Ghana/DILI-0483/2014,A/Ghana/DILI-0483/2014
A/Ghana/DILI-0479/2014,A/Ghana/DILI-0479/2014
A/Cameroon/4680/2014,A/Cameroon/4680/2014
A/Dakar/10/2014,A/Netherlands/398/2014
A/Dakar/15/2014,A/Netherlands/398/2014
A/Dakar/09/2014,A/Netherlands/398/2014
A/Ghana/DILI-0522/2014,A/Netherlands/398/2014
A/Ghana/FS-0514/2014,A/Netherlands/398/2014
A/Dakar/17/2014,A/Netherlands/398/2014
A/Ghana/DILI-14-0659/2014,A/Netherlands/398/2014
A/Dakar/30/2014,A/Netherlands/398/2014
A/Cameroon/4046/2014,A/Netherlands/398/2014
A/Dakar/13/2014,A/Netherlands/398/2014
A/Ghana/DILI-0658/2014,A/Netherlands/398/2014
A/Ghana/DARI-0101/2014,A/Netherlands/398/2014
A/Ghana/DARI-0104/2014,A/Netherlands/398/2014
A/Ghana/DILI-0659/2014,A/Netherlands/398/2014
A/Dakar/31/2014,A/Netherlands/398/2014
A/Dakar/16/2014,A/Netherlands/398/2014
A/Cameroon/4045/2014,A/Netherlands/398/2014
A/Cameroon/4427/2014,A/Netherlands/398/2014
A/Dakar/29/2014,A/Netherlands/398/2014
A/Stockholm/6/2014,A/Netherlands/398/2014
A/Dakar/12/2014,A/Netherlands/398/2014
A/Dakar/14/2014,A/Netherlands/398/2014
A/Paris/2337/2014,A/Paris/2337/2014
A/Nimes/2454/2014,A/Nimes/2454/2014
A/Paris/2332/2014,A/Paris/2332/2014
A/Paris/2304/2014,A/Paris/2332/2014
A/Kazakhstan/3791/2014,A/Kazakhstan/3791/2014
A/Madagascar/2395/2014,A/Madagascar/2395/2014
A/Xinjiang-Tianshan/11190/2014,A/Xinjiang-Tianshan/11190/2014
A/Behoririka/355/2015,A/Behoririka/355/2015
A/Glasgow/4165/2014,A/Glasgow/4165/2014
A/Algiers/08/2014,A/Beijing-Xicheng/13100/2014
A/Manjakaray/612/2015,A/Beijing-Xicheng/13100/2014
A/Slovenia/1944/2014,A/Beijing-Xicheng/13100/2014
A/Beijing-Xicheng/13100/2014,A/Beijing-Xicheng/13100/2014
A/Madrid/15042/2014,A/Madrid/15042/2014
A/Niedersachsen/8/2014,A/Sweden/76/2014
A/Sweden/76/2014,A/Sweden/76/2014
A/Liaoning-Shuangta/1491/2015,A/Liaoning-Shuangta/1491/2015
A/Guizhou-Xinyi/1799/2014,A/Guizhou-Xinyi/1799/2014
A/Moramanga/50/2015,A/Moramanga/50/2015
A/Tasmania/11/2014,A/Tasmania/11/2014
A/Rouen/2273/2014,A/Rouen/2273/2014
A/Switzerland/9715293/2013,A/Switzerland/9715293/2013
A/Madagascar/3069/2014,A/Madagascar/3069/2014
A/Liaoning-Heping/1430/2014,A/Liaoning-Heping/1430/2014
A/Antsirabe/3857/2015,A/Antsirabe/3857/2015
A/Fukui/78/2015,A/Henan-Xigong/11041/2014
A/Osaka-C/2003/2014,A/Henan-Xigong/11041/2014
A/Maevatanana/172/2015,A/Henan-Xigong/11041/2014
A/Shanxi-Xinghualing/1663/2014,A/Henan-Xigong/11041/2014
A/Madagascar/2735/2014,A/Henan-Xigong/11041/2014
A/Finland/428/2014,A/Henan-Xigong/11041/2014
A/Madagascar/2739/2014,A/Henan-Xigong/11041/2014
A/Madagascar/2572/2014,A/Henan-Xigong/11041/2014
A/Madagascar/2676/2014,A/Henan-Xigong/11041/2014
A/Finland/440/2014,A/Henan-Xigong/11041/2014
A/Glasgow/4144/2014,A/Henan-Xigong/11041/2014
A/Madagascar/2632/2014,A/Henan-Xigong/11041/2014
A/Madagascar/2636/2014,A/Henan-Xigong/11041/2014
A/Finland/439/2014,A/Henan-Xigong/11041/2014
A/Chita/267/2014,A/Henan-Xigong/11041/2014
A/Madagascar/2576/2014,A/Henan-Xigong/11041/2014
A/Finland/437/2014,A/Henan-Xigong/11041/2014
A/Tsiroanomandidy/1384/2015,A/Henan-Xigong/11041/2014
A/Finland/438/2014,A/Henan-Xigong/11041/2014
A/Jilin-Yanji/1179/2015,A/Henan-Xigong/11041/2014
A/Norway/466/2014,A/Henan-Xigong/11041/2014
A/Georgia/301/2012,A/Georgia/301/2012
A/Denmark/36/2012,A/Denmark/36/2012
A/Parma/176/2011,A/Parma/176/2011
A/Sydney/195/2012,A/Sydney/195/2012
A/Norway/1775/2011,A/Norway/1775/2011
A/Cameroon/12V-4223/2012,A/Cameroon/12V-4223/2012
A/Cameroon/12V-2580/2012,A/Cameroon/12V-2580/2012
A/Ghana/FS-11-1981/2011,A/Ghana/FS-11-1981/2011
A/Stockholm/39/2011,A/Norway/1775/2011
A/Finland/263/2012,A/Norway/1775/2011
A/Parma/171/2011,A/Parma/172/2011
A/Parma/172/2011,A/Parma/172/2011
A/Pavia/158/2012,A/Pavia/158/2012
A/Stockholm/5/2011,A/Stockholm/5/2011
A/Estonia/66239/2012,A/Estonia/66239/2012
A/Estonia/65858/2012,A/Estonia/66239/2012
A/Estonia/66240/2012,A/Estonia/66239/2012
A/Estonia/66103/2012,A/Estonia/66239/2012
A/Belgium/G1147/2011,A/Belgium/G1147/2011
A/Ekaterinburg/4/2012,A/Ekaterinburg/4/2012
A/Johannesburg/3303/2012,A/Johannesburg/5223/2012
A/Johannesburg/5223/2012,A/Johannesburg/5223/2012
A/Nis/1471/2012,A/Parma/173/2011
A/Parma/173/2011,A/Parma/173/2011
A/Adjame/GR1327/2011,A/Adjame/GR1327/2011
A/Cameroon/12V-4664/2012,A/Finland/40/2010
A/Johannesburg/78/2011,A/Finland/40/2010
A/Jordan/20110030687/2011,A/Finland/40/2010
A/Catalonia/S4345/2011,A/Finland/40/2010
A/Baden-Wurttemberg/1/2012,A/Finland/40/2010
A/Johannesburg/99/2011,A/Finland/40/2010
A/Switzerland/5776029/2011,A/Finland/40/2010
A/Denmark/24/2012,A/Finland/40/2010
A/Ireland/V1160/2012,A/Finland/40/2010
A/Cameroon/12V-5054/2012,A/Finland/40/2010
A/Yopougon/GR1336/2011,A/Finland/40/2010
A/Cameroon/12V-4272/2012,A/Finland/40/2010
A/Paris/2100/2011,A/Finland/40/2010
A/Ukraine/5422/2012,A/Finland/40/2010
A/Durban/92/2011,A/Finland/40/2010
A/Algeria/G10/2011,A/Finland/40/2010
A/Porto/EuroEva58/2011,A/Finland/40/2010
A/Algeria/G36/2011,A/Finland/40/2010
A/Stockholm/16/2011,A/Finland/40/2010
A/Glasgow/407585/2012,A/Finland/40/2010
A/Cameroon/12V-5056/2012,A/Finland/40/2010
A/Alsace/889/2012,A/Finland/40/2010
A/Turkey/49/2011,A/Finland/40/2010
A/Attecoube/GR1099/2011,A/Finland/40/2010
A/Ukraine/38/2012,A/Finland/40/2010
A/Norway/1196/2012,A/Finland/40/2010
A/Jordan/20110030732/2011,A/Finland/40/2010
A/Nis/1472/2012,A/Finland/40/2010
A/Cameroon/12V-4222/2012,A/Finland/40/2010
A/Stockholm/18/2011,A/Finland/40/2010
A/Trieste/63/2011,A/Finland/40/2010
A/Jordan/20110030706/2011,A/Finland/40/2010
A/Glasgow/407581/2012,A/Finland/40/2010
A/Johannesburg/5903/2012,A/Finland/40/2010
A/Finland/40/2010,A/Finland/40/2010
A/Trieste/60/2011,A/Finland/40/2010
A/Ghana/731/2011,A/Finland/40/2010
A/Ireland/12M28404/2012,A/Finland/40/2010
A/Ireland/12M28563/2012,A/Finland/40/2010
A/Milano/265/2011,A/Finland/40/2010
A/Milano/268/2011,A/Finland/40/2010
A/Milano/256/2011,A/Finland/40/2010
A/Adjame/GR765/2011,A/Finland/40/2010
A/Adjame/GR1272/2011,A/Adjame/GR1272/2011
A/Ghana/DILI-0405/2012,A/Ghana/DILI-0405/2012
A/Stockholm/39/2012,A/Stockholm/39/2012
A/Sarajevo/58/2013,A/Stockholm/39/2012
A/Stockholm/26/2011,A/Dakar/21/2011
A/Dakar/21/2011,A/Dakar/21/2011
A/England/294/2012,A/Paris/1744/2011
A/Dakar/23/2011,A/Paris/1744/2011
A/Johannesburg/3392/2012,A/Paris/1744/2011
A/Paris/1744/2011,A/Paris/1744/2011
A/Cairo/132/2012,A/Cairo/132/2012
A/Cairo/134/2012,A/Cairo/132/2012
A/Cairo/59/2012,A/Cairo/59/2012
A/Christchurch/512/2012,A/Christchurch/512/2012
A/Georgia/471/2012,A/Georgia/471/2012
A/Cairo/93/2012,A/Cairo/93/2012
A/Cairo/158/2013,A/Cairo/158/2013
A/Cairo/153/2013,A/Cairo/136/2012
A/Cairo/152/2013,A/Cairo/136/2012
A/Cairo/136/2012,A/Cairo/136/2012
A/Alborz/96/2012,A/Alborz/96/2012
A/Georgia/370/2012,A/Georgia/370/2012
A/Ohio/2/2012,A/Ohio/2/2012
A/Ohio/02/2012,A/Ohio/2/2012
A/Maevatanana/974/2013,A/Maevatanana/974/2013
A/Norway/1762/2011,A/Norway/1762/2011
A/Norway/2367/2011,A/Norway/2366/2011
A/Norway/2366/2011,A/Norway/2366/2011
A/Cairo/63/2012,A/Cairo/63/2012
A/Maevatanana/563/2013,A/Maevatanana/563/2013
A/Stockholm/29/2011,A/Stockholm/29/2011
A/England/259/2011,A/England/259/2011
A/Astrakhan/65/2012,A/Astrakhan/65/2012
A/Stockholm/33/2011,A/Stockholm/33/2011
A/Antananarivo/4906/2012,A/Antananarivo/4906/2012
A/Madagascar/03408/2012,A/Antananarivo/4906/2012
A/Madagascar/03487/2012,A/Antananarivo/4906/2012
A/England/476/2012,A/England/476/2012
A/Ekaterinburg/2/2012,A/Ekaterinburg/2/2012
A/Stockholm/12-00974/2012,A/Stockholm/12-00974/2012
A/Turkey/23/2011,A/Turkey/23/2011
A/Turkey/04/2011,A/Turkey/28/2011
A/Turkey/28/2011,A/Turkey/28/2011
A/Turkey/35/2011,A/Turkey/35/2011
A/Denmark/25/2012,A/Jordan/20110030749/2011
A/Paris/2114/2011,A/Paris/2114/2011
A/Rheinland-Pfalz/75/2011,A/Rheinland-Pfalz/75/2011
A/NosyBe/429/2013,A/NosyBe/429/2013
A/Mahajanga/3628/2012,A/Paris/2133/2011
A/Madagascar/03396/2012,A/Paris/2133/2011
A/Antananarivo/3669/2012,A/Paris/2133/2011
A/Paris/919/2012,A/Paris/2133/2011
A/Paris/2154/2011,A/Paris/2133/2011
A/Lorraine/2056/2011,A/Paris/2133/2011
A/Tsiroanomandidy/3540/2012,A/Paris/2133/2011
A/Paris/2133/2011,A/Paris/2133/2011
A/Madagascar/03401/2012,A/Paris/2133/2011
A/Agadir/87/2011,A/Agadir/87/2011
A/Rabat/197/2011,A/Rabat/197/2011
A/Lorraine/883/2012,A/Rabat/197/2011
A/Denmark/26/2012,A/Jordan/20110030749/2011
A/Norway/2442/2011,A/Norway/2329/2011
A/Norway/2329/2011,A/Norway/2329/2011
A/Jordan/20110030780/2011,A/Jordan/20110030780/2011
A/Stockholm/12-00752/2012,A/Stockholm/12-00752/2012
A/England/257/2011,A/England/257/2011
A/Paris/972/2012,A/Paris/972/2012
A/Perugia/44/2012,A/Jordan/20110030749/2011
A/Georgia/161/2012,A/Jordan/20110030749/2011
A/Maryland/02/2012,A/Jordan/20110030749/2011
A/Belgium/G1125/2011,A/Jordan/20110030749/2011
A/Parma/01/2012,A/Paris/972/2012
A/Turkey/54/2011,A/Turkey/54/2011
A/Switzerland/5867852/2012,A/Jordan/20110030749/2011
A/Stockholm/40/2011,A/Jordan/20110030749/2011
A/Belgrade/898/2012,A/Belgrade/898/2012
A/Cuprija/1212/2012,A/Belgrade/898/2012
A/Belgrade/1545/2012,A/Belgrade/898/2012
A/Trieste/59/2011,A/Jordan/20110030749/2011
A/Jordan/20110030749/2011,A/Jordan/20110030749/2011
A/Centre/848/2012,A/Jordan/20110030749/2011
A/England/517/2012,A/England/517/2012
A/Cairo/140/2012,A/Cairo/140/2012
A/Ukraine/551/2012,A/Cairo/140/2012
A/Utah/12/2011,A/Utah/12/2011
A/England/565/2012,A/England/565/2012
A/Tehran/104/2012,A/Tehran/104/2012
A/Iceland/24/2012,A/Iceland/24/2012
A/Iceland/13/2012,A/Iceland/24/2012
A/Netherlands/002/2012,A/Jordan/20110030749/2011
A/England/256/2011,A/Jordan/20110030749/2011
A/Stockholm/22/2011,A/Jordan/20110030749/2011
A/Austria/654044/2012,A/Jordan/20110030749/2011
A/Oujda/144H/2011,A/Jordan/20110030749/2011
A/Turkey/57/2011,A/Jordan/20110030749/2011
A/Pavia/42/2012,A/Jordan/20110030749/2011
A/Casablanca/155/2011,A/Jordan/20110030749/2011
A/Jordan/20110030655/2011,A/Jordan/20110030749/2011
A/Belgrade/449/2012,A/Jordan/20110030749/2011
A/Norway/410/2012,A/Jordan/20110030749/2011
A/Bangladesh/5071/2011,A/Jordan/20110030749/2011
A/Antalya/214/2011,A/Jordan/20110030749/2011
A/England/255/2011,A/Jordan/20110030749/2011
A/Bursa/108/2011,A/Jordan/20110030749/2011
A/Petrozavodsk/1/2012,A/Jordan/20110030749/2011
A/Turkey/38/2011,A/Jordan/20110030749/2011
A/Georgia/491/2012,A/Jordan/20110030749/2011
A/Estonia/66073/2012,A/Jordan/20110030749/2011
A/Johannesburg/73/2011,A/Jordan/20110030749/2011
A/Meknes/136H/2011,A/Jordan/20110030749/2011
A/Turkey/33/2011,A/Jordan/20110030749/2011
A/Belgium/G1063/2011,A/Jordan/20110030749/2011
A/Odessa/300/2012,A/Jordan/20110030749/2011
A/Algeria/G05/2011,A/Jordan/20110030749/2011
A/Stockholm/34/2011,A/Jordan/20110030749/2011
A/Turkey/32/2011,A/Jordan/20110030749/2011
A/Algeria/G04/2011,A/Jordan/20110030749/2011
A/Stockholm/24/2011,A/Jordan/20110030749/2011
A/Turkey/12/2011,A/Jordan/20110030749/2011
A/Stockholm/37/2011,A/Jordan/20110030749/2011
A/Ukraine/114/2012,A/Jordan/20110030749/2011
A/Norway/2350/2011,A/Jordan/20110030749/2011
A/Madrid/RR8856/2011,A/Jordan/20110030749/2011
A/Tiznit/167/2011,A/Jordan/20110030749/2011
A/Antananarivo/3635/2012,A/Jordan/20110030749/2011
A/Turkey/51/2011,A/Jordan/20110030749/2011
A/Caen/539/2012,A/Jordan/20110030749/2011
A/Minsk/1574/2012,A/Jordan/20110030749/2011
A/Dakar/01/2012,A/Jordan/20110030749/2011
A/Berlin/1/2012,A/Jordan/20110030749/2011
A/Turkey/08/2011,A/Jordan/20110030749/2011
A/Turkey/01/2011,A/Jordan/20110030749/2011
A/Tunisia/15685/2011,A/Jordan/20110030749/2011
A/Stockholm/23/2011,A/Jordan/20110030749/2011
A/Norway/114/2012,A/Jordan/20110030749/2011
A/Ireland/12V2794/2012,A/Jordan/20110030749/2011
A/Dakar/02/2012,A/Jordan/20110030749/2011
A/Denmark/3/2012,A/Jordan/20110030749/2011
A/Zamora/87/2012,A/Jordan/20110030749/2011
A/Austria/653679/2012,A/Jordan/20110030749/2011
A/Hormozgan/7981/2011,A/Jordan/20110030749/2011
A/Bourgogne/850/2012,A/Jordan/20110030749/2011
A/Malta/MX502071/2015,A/Malta/MX502071/2015
A/England/527/2014,A/England/527/2014
A/Lithuania/9133/2014,A/Lithuania/9133/2014
A/Newcastle/22/2014,A/Newcastle/22/2014
A/Croatia/1923/2014,A/Croatia/1923/2014
A/Slovenia/1411/2015,A/Croatia/1923/2014
A/Extremadura/729/2015,A/Extremadura/729/2015
A/Navarra/616/2015,A/Navarra/616/2015
A/Norway/3079/2014,A/Norway/3079/2014
A/Serbia/NS-1107/2015,A/Madrid/SO13031/2014
A/Ukraine/165/2015,A/Ukraine/165/2015
A/Navarra/745/2015,A/Navarra/745/2015
A/Khmelnitsky/467/2015,A/Khmelnitsky/467/2015
A/Rouen/2291/2014,A/Rouen/2291/2014
A/Ireland/22878/2014,A/Ireland/22878/2014
A/Slovenia/1066/15,A/Slovenia/1066/15
A/Alsace/1571/2015,A/Madrid/SO13031/2014
A/Bratislava/437/2015,A/Madrid/SO13031/2014
A/Ukraine/6808/2015,A/Madrid/SO13031/2014
A/Caen/2354/2014,A/Madrid/SO13031/2014
A/Burgos/262/2014,A/Madrid/SO13031/2014
A/Yunnan-Hongta/11097/2015,A/Madrid/SO13031/2014
A/Slovenia/438/2015,A/Madrid/SO13031/2014
A/Kosice/128/2015,A/Madrid/SO13031/2014
A/Netherlands/525/2014,A/Madrid/SO13031/2014
A/Norway/3224/2014,A/Madrid/SO13031/2014
A/Stockholm/19/2014,A/Madrid/SO13031/2014
A/Rheinland-Pfalz/16/2014,A/Madrid/SO13031/2014
A/Malta/MX001178/2014,A/Madrid/SO13031/2014
A/Poprad/237/2015,A/Madrid/SO13031/2014
A/Austria/830719/2014,A/Madrid/SO13031/2014
A/Belgium/G678/2014,A/Madrid/SO13031/2014
A/Partizanske/131/2015,A/Madrid/SO13031/2014
A/Niedersachsen/9/2014,A/Madrid/SO13031/2014
A/Norway/1656/2015,A/Madrid/SO13031/2014
A/Slovenia/1077/2015,A/Madrid/SO13031/2014
A/Norway/3004/2014,A/Madrid/SO13031/2014
A/Norway/1003/2014,A/Madrid/SO13031/2014
A/England/18/2015,A/Madrid/SO13031/2014
A/Netherlands/1018/2015,A/Madrid/SO13031/2014
A/Rheinland-Pfalz/2/2015,A/Madrid/SO13031/2014
A/Berlin/80/2014,A/Madrid/SO13031/2014
A/Aragon/2031/2014,A/Madrid/SO13031/2014
A/England/32/2015,A/Madrid/SO13031/2014
A/Latvia/12-051160/2014,A/Madrid/SO13031/2014
A/Rheinland-Pfalz/13/2014,A/Madrid/SO13031/2014
A/Finland/506/2015,A/Madrid/SO13031/2014
A/Aragon/2062/2014,A/Madrid/SO13031/2014
A/Berlin/40/2015,A/Madrid/SO13031/2014
A/Belgium/H80/2014,A/Madrid/SO13031/2014
A/England/516/2014,A/Madrid/SO13031/2014
A/Hungary/438/2015,A/Madrid/SO13031/2014
A/Netherlands/1726/2015,A/Madrid/SO13031/2014
A/Netherlands/1916/2015,A/Madrid/SO13031/2014
A/Stockholm/20/2015,A/Madrid/SO13031/2014
A/Madrid/SO13031/2014,A/Madrid/SO13031/2014
A/Finland/405/2014,A/Lisboa/MS105/2014
A/Lisboa/MS105/2014,A/Lisboa/MS105/2014
A/Vladimir/220/2014,A/Canarias/1689/2014
A/Canarias/1687/2014,A/Canarias/1689/2014
A/Canarias/1689/2014,A/Canarias/1689/2014
A/Bremen/1/2014,A/Canarias/1689/2014
A/Norway/0144/2015,A/Norway/0144/2015
A/Norway/2326/2015,A/Norway/0144/2015
A/Victoria/511/2015,A/Victoria/511/2015
A/Hungary/436/2015,A/Hungary/436/2015
A/Belgium/G589/2014,A/Belgium/G589/2014
A/Slovenia/2049/2015,A/Slovenia/2069/2015
A/Slovenia/2069/2015,A/Slovenia/2069/2015
A/Stockholm/28/2014,A/Lithuania/8237/2014
A/Lithuania/11496/2014,A/Lithuania/11496/2014
A/Ireland/14M03520/2014,A/Lithuania/8237/2014
A/Mauritius/I-203/2015,A/Lithuania/8237/2014
A/Mogilev/1273/2014,A/Lithuania/8237/2014
A/Norway/3229/2014,A/Lithuania/8237/2014
A/Austria/790710/2014,A/Lithuania/8237/2014
A/Lithuania/10716/2014,A/Lithuania/8237/2014
A/Norway/2501/2015,A/Lithuania/8237/2014
A/Belgium/14G0510/2014,A/Lithuania/8237/2014
A/Lithuania/5879/2014,A/Lithuania/8237/2014
A/Norway/2504/2015,A/Lithuania/8237/2014
A/Moscow/101/2015,A/Lithuania/8237/2014
A/Sastin/137/2014,A/Lithuania/8237/2014
A/Norway/3293/2014,A/Lithuania/8237/2014
A/Lithuania/9430/2014,A/Lithuania/8237/2014
A/Ireland/22041/2014,A/Lithuania/8237/2014
A/Pennsylvania/09/2015,A/Lithuania/8237/2014
A/Ireland/14M02879/2014,A/Lithuania/8237/2014
A/Oman/3676/2014,A/Lithuania/8237/2014
A/Netherlands/1034/2015,A/Lithuania/8237/2014
A/Dijon/1484/2015,A/Lithuania/8237/2014
A/Komarno/618/2015,A/Lithuania/8237/2014
A/Levice/223/2014,A/Lithuania/8237/2014
A/Ireland/21550/2014,A/Lithuania/8237/2014
A/Netherlands/1497/2015,A/Lithuania/8237/2014
A/Lorraine/1641/2015,A/Lithuania/8237/2014
A/Ireland/22350/2014,A/Lithuania/8237/2014
A/Stockholm/19/2015,A/Lithuania/8237/2014
A/Niedersachsen/5/2015,A/Lithuania/8237/2014
A/Lithuania/5009/2014,A/Lithuania/8237/2014
A/Madrid/SO12318/2014,A/Lithuania/8237/2014
A/Nitra/205/2015,A/Lithuania/8237/2014
A/Lithuania/7452/2014,A/Lithuania/8237/2014
A/Malta/MX001759/2014,A/Lithuania/8237/2014
A/Lithuania/10543/2014,A/Lithuania/8237/2014
A/Lithuania/10373/2014,A/Lithuania/8237/2014
A/Lithuania/8237/2014,A/Lithuania/8237/2014
A/Stockholm/18/2015,A/Lithuania/8237/2014
A/Mecklenburg-Vorpommern/1/2015,A/Lithuania/8237/2014
A/Sweden/16/2015,A/Lithuania/8237/2014
A/Lithuania/13347/2014,A/Lithuania/8237/2014
A/Norway/1020/2014,A/Lithuania/8237/2014
A/Bourgogne/2295/2014,A/Lithuania/8237/2014
A/Nordrhein-Westfalen/2/2015,A/Lithuania/8237/2014
A/Nordrhein-Westfalen/18/2014,A/Lithuania/8237/2014
A/Bucuresti/179471/2015,A/Lithuania/8237/2014
A/Norway/3082/2014,A/Lithuania/8237/2014
A/Baden-Wurttemberg/87/2014,A/Baden-Wurttemberg/87/2014
A/Norway/1151/2015,A/Norway/1151/2015
A/Bretagne/1661/2015,A/Madrid/15053/2014
A/Bretagne/1564/2015,A/Madrid/15053/2014
A/Finland/494/2015,A/Madrid/15053/2014
A/Timis/177582/2015,A/Timis/177582/2015
A/England/15/2015,A/Timis/177582/2015
A/Milano/144/2015,A/Madrid/15053/2014
A/Bayern/45/2014,A/Madrid/15053/2014
A/Greece/327/2015,A/Madrid/15053/2014
A/Cyprus/F33/2015,A/Madrid/15053/2014
A/Norway/2605/2015,A/Madrid/15053/2014
A/Milano/162/2014,A/Madrid/15053/2014
A/Guyane/1749/2015,A/Madrid/15053/2014
A/Cyprus/F52/2015,A/Madrid/15053/2014
A/Milano/210/2015,A/Madrid/15053/2014
A/Finland/525/2015,A/Madrid/15053/2014
A/Cyprus/F7/2015,A/Madrid/15053/2014
A/Madrid/15053/2014,A/Madrid/15053/2014
A/Israel/O-6286/2014,A/Israel/O-6286/2014
A/England/651/2013,A/England/651/2013
A/England/20/2015,A/England/561/2014
A/Niedersachsen/4/2015,A/England/561/2014
A/England/561/2014,A/England/561/2014
A/Milano/72/2014,A/Milano/72/2014
A/Sapporo/116/2014,A/Sapporo/116/2014
A/Mures/157328/2014,A/Mures/157328/2014
A/Ukraine/86/2014,A/Ukraine/86/2014
A/Dnipro/232/2014,A/Dnipro/232/2014
A/Ukraine/6101/2014,A/Khmelnitsky/244/2014
A/Ukraine/77/2014,A/Khmelnitsky/244/2014
A/Lithuania/7802/2014,A/Khmelnitsky/244/2014
A/Ukraine/6080/2014,A/Khmelnitsky/244/2014
A/Ukraine/125/2014,A/Khmelnitsky/244/2014
A/Ukraine/6158/2014,A/Khmelnitsky/244/2014
A/Khmelnitsky/244/2014,A/Khmelnitsky/244/2014
A/Catalonia/6623S/2013,A/Catalonia/6623S/2013
A/Catalonia/6095851NS/2014,A/Catalonia/6623S/2013
A/Milano/58/2014,A/Milano/58/2014
A/Navarra/1565/2013,A/Navarra/1565/2013
A/Iceland/45/2014,A/Iceland/45/2014
A/Aragon/266/2014,A/Extremadura/1749/2014
A/Extremadura/1749/2014,A/Extremadura/1749/2014
A/Parma/28/2014,A/Parma/28/2014
A/England/617/2013,A/England/617/2013
A/Switzerland/10295823/2014,A/Switzerland/10295823/2014
A/Berlin/215/2013,A/Berlin/215/2013
A/Norway/389/2014,A/Norway/389/2014
A/Ukraine/218/2014,A/Ukraine/218/2014
A/Austria/773236/2014,A/Finland/385/2013
A/Stockholm/12/2014,A/Finland/385/2013
A/Sassari/17/2014,A/Finland/385/2013
A/Firenze/9/2014,A/Finland/385/2013
A/Poland/1899/2014,A/Finland/385/2013
A/Albania/4979/2014,A/Finland/385/2013
A/Slovenia/87/2014,A/Finland/385/2013
A/Belgium/14G0508/2014,A/Finland/385/2013
A/Stockholm/22/2013,A/Finland/385/2013
A/Norway/313/2014,A/Finland/385/2013
A/Norway/347/2014,A/Finland/385/2013
A/Serbia/NS-666/2014,A/Finland/385/2013
A/Poland/1702/2014,A/Finland/385/2013
A/Norway/1078/2014,A/Finland/385/2013
A/Belgrade/2668/2014,A/Finland/385/2013
A/Norway/277/2014,A/Finland/385/2013
A/Valencia/624026S/2014,A/Finland/385/2013
A/Kragujevac/2337/2014,A/Finland/385/2013
A/Norway/507/2014,A/Finland/385/2013
A/Navarra/1503/2013,A/Finland/385/2013
A/Poland/120/2014,A/Finland/385/2013
A/Valjevo/2029/2014,A/Finland/385/2013
A/Trieste/10/2014,A/Finland/385/2013
A/Poland/179/2014,A/Finland/385/2013
A/Hessen/4/2014,A/Finland/385/2013
A/England/256/2014,A/Finland/385/2013
A/Trieste/41/2013,A/Finland/385/2013
A/Albania/4869/2014,A/Finland/385/2013
A/Finland/385/2013,A/Finland/385/2013
A/Slovenia/622/2014,A/Finland/385/2013
A/Austria/786648/2014,A/Finland/385/2013
A/Maramures/157552/2014,A/Finland/385/2013
A/Milano/84/2014,A/Finland/385/2013
A/Serbia/NS-669/2014,A/Finland/385/2013
A/Belgium/14S0265/2014,A/Finland/385/2013
A/Navarra/218/2014,A/Finland/385/2013
A/Norway/850/2014,A/Finland/385/2013
A/Kragujevac/2378/2014,A/Finland/385/2013
A/Austria/784503/2014,A/Finland/385/2013
A/Norway/53/2014,A/Finland/385/2013
A/Navarra/1552/2013,A/Finland/385/2013
A/Aragon/1548/2013,A/Finland/385/2013
A/Extremadura/1752/2014,A/Finland/385/2013
A/Galicia/1786/2014,A/Galicia/1786/2014
A/Navarra/1528/2013,A/Navarra/1528/2013
A/Aragon/271/2014,A/Aragon/271/2014
A/Ankara/4084/2013,A/Erzurum/4165/2013
A/Erzurum/4165/2013,A/Erzurum/4165/2013
A/Erzurum/6/2014,A/Erzurum/4165/2013
A/Segovia/81/2014,A/Erzurum/4165/2013
A/Ukraine/6002/2013,A/Erzurum/4165/2013
A/Toulouse/2892/2013,A/Toulouse/2892/2013
A/Navarra/618/2015,A/Navarra/618/2015
A/Stockholm/29/2013,A/Stockholm/29/2013
A/Rheinland-Pfalz/17/2014,A/Rheinland-Pfalz/17/2014
A/Ukraine/6156/2014,A/Ukraine/6156/2014
A/Saarland/1/2015,A/Saarland/1/2015
A/Bayern/1/2015,A/Saarland/1/2015
A/Soria/198/2015,A/Saarland/1/2015
A/Stockholm/12/2015,A/Stockholm/12/2015
A/Switzerland/10295858/2014,A/Switzerland/10261363/2014
A/Switzerland/10261363/2014,A/Switzerland/10261363/2014
A/Bulgaria/127/2014,A/Bulgaria/127/2014
A/Ukraine/6004/2013,A/Ukraine/6004/2013
A/Switzerland/9851384/2014,A/Switzerland/9851384/2014
A/Lyon/2429/2014,A/Lyon/2429/2014
A/Saarland/2/2015,A/Lyon/2429/2014
A/Niedersachsen/113/2013,A/Niedersachsen/113/2013
A/Niedersachsen/1/2014,A/Niedersachsen/113/2013
A/Picardie/1572/2013,A/Niedersachsen/113/2013
A/Adana/117/2014,A/Jordan/30541/2013
A/Centre/1329/2014,A/Jordan/30541/2013
A/Norway/86/2014,A/Jordan/30541/2013
A/Finland/386/2013,A/Jordan/30541/2013
A/Norway/161/2014,A/Jordan/30541/2013
A/Van/354/2014,A/Jordan/30541/2013
A/Adana/116/2014,A/Jordan/30541/2013
A/Jordan/30541/2013,A/Jordan/30541/2013
A/Jordan/30062/2014,A/Jordan/30541/2013
A/Lisboa/MS102/2014,A/Jordan/30541/2013
A/Adana/66/2014,A/Jordan/30541/2013
A/Jordan/30022/2014,A/Jordan/30541/2013
A/Israel/Z774/2014,A/Jordan/30541/2013
A/Lisboa/2/2014,A/Jordan/30541/2013
A/Ghana/DILI-0467/2013,A/Ghana/DILI-0467/2013
A/Ghana/DILI-0443/2013,A/Ghana/DILI-0467/2013
A/Ghana/DILI-498/2013,A/Ghana/DILI-0467/2013
A/Ghana/DILI-13-726/2013,A/Ghana/DILI-0467/2013
A/Ghana/DILI-13-619/2013,A/Ghana/DILI-0467/2013
A/Ghana/DARI-13-111/2013,A/Ghana/DARI-13-111/2013
A/Ghana/DILI-13-620/2013,A/Ghana/DILI-0467/2013
A/Iceland/23/2014,A/Rheinland-Pfalz/17/2014
A/Kharkov/201/2014,A/Milano/59/2013
A/Milano/59/2013,A/Milano/59/2013
A/Norway/409/2014,A/Milano/59/2013
A/Norway/2006/2014,A/Milano/59/2013
A/Norway/211/2014,A/Milano/59/2013
A/Norway/580/2014,A/Milano/59/2013
A/Norway/2034/2014,A/Milano/59/2013
A/Iceland/08202/2014,A/Milano/59/2013
A/Parma/3/2014,A/Milano/59/2013
A/Zhitomir/290/2014,A/Milano/59/2013
A/Vrancea/162893/2014,A/Milano/59/2013
A/Zhitomir/286/2014,A/Milano/59/2013
A/Mures/163025/2014,A/Milano/59/2013
A/Berlin/8/2014,A/Berlin/8/2014
A/Serbia/NS-783/2014,A/Serbia/NS-783/2014
A/Rheinland-Pfalz/2/2014,A/Rheinland-Pfalz/2/2014
A/Egypt/GAB3932/2014,A/Egypt/GAB3932/2014
A/Austria/772655/2014,A/Rheinland-Pfalz/2/2014
A/Burgos/96/2013,A/Tehran/58191/2013
A/Bursa/176/2013,A/Bursa/176/2013
A/Bursa/247/2013,A/Bursa/176/2013
A/Poland/1955/2014,A/Norway/3266/2013
A/Poland/896/2014,A/Norway/3266/2013
A/Cyprus/F4/2014,A/Norway/3266/2013
A/England/2/2014,A/Norway/3266/2013
A/Norway/3266/2013,A/Norway/3266/2013
A/Norway/3265/2013,A/Norway/3266/2013
A/Netherlands/778/2014,A/Netherlands/779/2014
A/Netherlands/779/2014,A/Netherlands/779/2014
A/Erzurum/99/2014,A/Erzurum/99/2014
A/Jordan/20564/2013,A/Jordan/20564/2013
A/Extremadura/1753/2014,A/Extremadura/1753/2014
A/Cyprus/F30/2014,A/Cyprus/F30/2014
A/Catalonia/2152420NS/2014,A/Catalonia/2152420NS/2014
A/Denmark/103/2013,A/Denmark/103/2013
A/Belgium/14G0496/2014,A/Belgium/14G0496/2014
A/Calarasi/162804/2014,A/Calarasi/162804/2014
A/Serbia/NS-707/2014,A/Serbia/NS-707/2014
A/Jordan/20053/2014,A/Tehran/58191/2013
A/Bretagne/014/2014,A/Bretagne/014/2014
A/Austria/785558/2014,A/Tehran/58191/2013
A/Norway/3325/2013,A/Tehran/58191/2013
A/Malatya/92/2014,A/Tehran/58191/2013
A/Stockholm/14/2014,A/Tehran/58191/2013
A/Genova/09/2014,A/Tehran/58191/2013
A/Egypt/Men4372/2014,A/Tehran/58191/2013
A/Serbia/NS-619/2014,A/Tehran/58191/2013
A/Lisboa/1/2014,A/Tehran/58191/2013
A/Kazakhstan/3291/2013,A/Tehran/58191/2013
A/Salamanca/92/2014,A/Tehran/58191/2013
A/Kazakhstan/3372/2013,A/Tehran/58191/2013
A/Kazakhstan/3370/2013,A/Tehran/58191/2013
A/Milano/13/2014,A/Tehran/58191/2013
A/Serbia/NS-613/2014,A/Tehran/58191/2013
A/Kazakhstan/3371/2013,A/Tehran/58191/2013
A/Belgrade/2114/2014,A/Tehran/58191/2013
A/Jordan/20561/2013,A/Tehran/58191/2013
A/Jordan/30714/2013,A/Tehran/58191/2013
A/Egypt/IMB3452/2014,A/Tehran/58191/2013
A/Prievidza/182/2014,A/Tehran/58191/2013
A/Jordan/20539/2013,A/Tehran/58191/2013
A/Trabzon/28/2014,A/Tehran/58191/2013
A/Israel/32/2013,A/Tehran/58191/2013
A/Samsun/177/2014,A/Tehran/58191/2013
A/Tehran/58191/2013,A/Tehran/58191/2013
A/Algeria/277/2013,A/Tehran/58191/2013
A/Yaroslavl/234/2014,A/Tehran/58191/2013
A/Tehran/63139/2013,A/Tehran/58191/2013
A/Norway/184/2014,A/Tehran/58191/2013
A/Stockholm/34/2013,A/Tehran/58191/2013
A/Kharkov/203/2014,A/Tehran/58191/2013
A/Bratislava/111/2014,A/Tehran/58191/2013
A/Tomsk/6/2014,A/Tehran/58191/2013
A/Egypt/GAB3911/2014,A/Tehran/58191/2013
A/Rheinland-Pfalz/1/2014,A/Tehran/58191/2013
A/Nimes/2658/2013,A/Tehran/58191/2013
A/Norway/3314/2013,A/Tehran/58191/2013
A/Hatay/367/2014,A/Tehran/58191/2013
A/Georgia/76/2014,A/Tehran/58191/2013
A/Finland/411/2014,A/Finland/411/2014
A/Norway/272/2014,A/Norway/272/2014
A/England/1/2014,A/England/1/2014
A/Jordan/20006/2014,A/Jordan/30586/2013
A/Jordan/30586/2013,A/Jordan/30586/2013
A/Stockholm/13/2014,A/Jordan/30586/2013
A/Victoria/505/2013,A/Victoria/505/2013
A/Ireland/00367/2013,A/Ireland/00367/2013
A/Picardie/1274/2013,A/Picardie/1274/2013
A/Taraz/2922/2013,A/Taraz/2922/2013
A/Almaty/2871/2013,A/Taraz/2922/2013
A/Taraz/2918/2013,A/Taraz/2922/2013
A/Novosibirsk/32/2013,A/Novosibirsk/32/2013
A/Ukraine/316/2013,A/Novosibirsk/78/2012
A/Ukraine/288/2013,A/Novosibirsk/78/2012
A/Novosibirsk/78/2012,A/Novosibirsk/78/2012
A/Novosibirsk/77/2012,A/Novosibirsk/78/2012
A/Serbia/NS-682/2014,A/Serbia/NS-682/2014
A/Bulgaria/652/2014,A/Bulgaria/845/2014
A/Poland/160/2014,A/Poland/160/2014
A/Bulgaria/147/2014,A/Bulgaria/845/2014
A/Ankara/266/2014,A/Bulgaria/845/2014
A/Berlin/20/2014,A/Bulgaria/845/2014
A/Bayern/1/2014,A/Bulgaria/845/2014
A/Bulgaria/845/2014,A/Bulgaria/845/2014
A/Ghana/DARI-0063/2013,A/Ghana/DARI-0063/2013
A/Vladivostok/73/2013,A/Vladivostok/73/2013
A/Hamburg/1/2014,A/Vladivostok/73/2013
A/Poland/39/2014,A/Vladivostok/73/2013
A/Moldova/7/2014,A/Vladivostok/73/2013
A/Antalya/251/2013,A/Vladivostok/73/2013
A/Poland/148/2014,A/Vladivostok/73/2013
A/Poland/40/2014,A/Vladivostok/73/2013
A/Belgium/13G1346/2013,A/Vladivostok/73/2013
A/Thuringen/123/2013,A/Vladivostok/73/2013
A/Salamanca/44/2014,A/Centre/2484/2013
A/Centre/2484/2013,A/Centre/2484/2013
A/Hunan-Lusong/1532/2013,A/Hunan-Lusong/1532/2013
A/Jiangxi-Yushui/1220/2013,A/Jiangxi-Yushui/1220/2013
A/Estonia/77365/2013,A/Estonia/77365/2013
A/Mauritius/167/2013,A/Mauritius/167/2013
A/Catalonia/2141012NS/2013,A/Catalonia/2141012NS/2013
A/Glasgow/RVL5/2012,A/Glasgow/RVL5/2012
A/Latvia/12019591/2013,A/Latvia/12019591/2013
A/Ghana/DILI-495/2013,A/Ghana/DILI-495/2013
A/Ghana/DILI-515/2013,A/Ghana/DILI-495/2013
A/Bratislava/811/2013,A/Bratislava/811/2013
A/Nitra/360/2013,A/Bratislava/811/2013
A/Madagascar/897/2014,A/Madagascar/897/2014
A/Milano/28/2013,A/England/670/2012
A/England/670/2012,A/England/670/2012
A/Ireland/14M00149/2013,A/Ireland/14M00149/2013
A/Lithuania/8115/2013,A/Ireland/14M00149/2013
A/Trieste/37/2013,A/Ireland/14M00149/2013
A/Zambia/04-303/2014,A/Zambia/06-027/2014
A/Zambia/06-027/2014,A/Zambia/06-027/2014
A/Zambia/04-00021/2015,A/Ireland/14M00149/2013
A/Zambia/02-00106/2015,A/Ireland/14M00149/2013
A/Norway/2010/2013,A/Paris/1988/2012
A/Ghana/FS-1633/2012,A/Paris/1988/2012
A/Lithuania/7241/2013,A/England/670/2012
A/Galicia/760/2015,A/Galicia/760/2015
A/England/279/2013,A/Paris/1988/2012
A/Jordan/30677/2013,A/Jordan/30677/2013
A/Latvia/03-026603/2014,A/Ireland/14M00149/2013
A/England/188/2013,A/England/188/2013
A/England/668/2012,A/England/668/2012
A/England/586/2012,A/England/586/2012
A/England/593/2012,A/England/586/2012
A/England/575/2012,A/England/586/2012
A/England/587/2012,A/England/586/2012
A/England/625/2012,A/England/586/2012
A/England/280/2013,A/England/586/2012
A/Latvia/1-32593/2013,A/England/586/2012
A/England/119/2013,A/England/586/2012
A/England/676/2012,A/England/586/2012
A/England/308/2013,A/England/586/2012
A/Astrakhan/2/2013,A/Leskovac/1655/2013
A/Leskovac/1655/2013,A/Leskovac/1655/2013
A/Leskovac/1653/2013,A/Leskovac/1655/2013
A/Baleares/1441/2013,A/Paris/1988/2012
A/Paris/1124/2014,A/Paris/1988/2012
A/Baleares/14038/2013,A/Baleares/14038/2013
A/Baleares/14037/2013,A/Baleares/14038/2013
A/Bulgaria/253/2013,A/Bulgaria/253/2013
A/Pavia/145/2013,A/Pavia/145/2013
A/Dakar/16/2012,A/Dakar/16/2012
A/Belgium/G1034/2013,A/Belgium/G1034/2013
A/Ireland/M20189/2013,A/Ireland/M20189/2013
A/Cameroon/5793/2013,A/Cameroon/5793/2013
A/Poitiers/2745/2012,A/Poitiers/2745/2012
A/Ireland/M28859/2013,A/Ireland/M28859/2013
A/Netherlands/2244/2013,A/Netherlands/2244/2013
A/Madagascar/00153/2014,A/Madagascar/00153/2014
A/Belgium/S0304/2012,A/Belgium/S0304/2012
A/Stockholm/9/2013,A/Stockholm/9/2013
A/Baleares/1521/2013,A/Baleares/1521/2013
A/Parma/40/2014,A/Parma/40/2014
A/Mauritius/703/2013,A/Mauritius/703/2013
A/Bulgaria/725/2014,A/Paris/1988/2012
A/Bratislava/887/2013,A/Bratislava/887/2013
A/Moldova/440/2013,A/Moldova/440/2013
A/Norway/58/2014,A/Norway/58/2014
A/Madagascar/269/2014,A/Madagascar/04245/2013
A/Madagascar/00147/2014,A/Madagascar/04245/2013
A/Madagascar/04245/2013,A/Madagascar/04245/2013
A/Madagascar/493/2014,A/Madagascar/04245/2013
A/Madagascar/04228/2013,A/Madagascar/04245/2013
A/Madagascar/00041/2014,A/Madagascar/04245/2013
A/Madagascar/00031/2014,A/Madagascar/04245/2013
A/Bayern/139/2013,A/Paris/1988/2012
A/Netherlands/533/2012,A/Netherlands/533/2012
A/Moldova/368/2013,A/Moldova/368/2013
A/Slovenia/712/2014,A/Slovenia/712/2014
A/Slovenia/1213/2014,A/Slovenia/1213/2014
A/Bulgaria/040/2014,A/Bulgaria/040/2014
A/Ukraine/6054/2014,A/Dnipro/229/2014
A/Dnipro/229/2014,A/Dnipro/229/2014
A/Iceland/56/2013,A/Iceland/56/2013
A/Jiangxi-Xunyang/1790/2013,A/Mauritius/167/2013
A/Netherlands/773/2014,A/Netherlands/773/2014
A/Galanta/592/2013,A/Galanta/592/2013
A/Bulgaria/270/2013,A/Jordan/30677/2013
A/Greece/17/2015,A/Greece/17/2015
A/Estonia/76676/2013,A/Picardie/1274/2013
A/Roma/04/2013,A/Roma/04/2013
A/Roma/02/2013,A/Roma/04/2013
A/Norway/2255/2013,A/Roma/04/2013
A/Samara/73/2013,A/Samara/73/2013
A/Almaty/2958/2013,A/Paris/1988/2012
A/Kazakstan/3121/2013,A/Paris/1988/2012
A/Glasgow/RVL2/2012,A/Paris/1988/2012
A/Glasgow/RVL6/2012,A/Paris/1988/2012
A/Glasgow/RVL8/2012,A/Paris/1988/2012
A/Fujian-Yanping/2707/2013,A/Paris/1988/2012
A/Chongqing-Yuzhong/11653/2013,A/Paris/1988/2012
A/Ukraine/6097/2014,A/Paris/1988/2012
A/Norway/2967/2013,A/Paris/1988/2012
A/Ukraine/6079/2014,A/Paris/1988/2012
A/Poland/154/2014,A/Paris/1988/2012
A/Norway/2940/2013,A/Paris/1988/2012
A/Ukraine/728/2013,A/Paris/1988/2012
A/Dnipro/235/2014,A/Paris/1988/2012
A/Ukraine/6141/2014,A/Paris/1988/2012
A/England/620/2013,A/Paris/1988/2012
A/Poland/1111/2014,A/Paris/1988/2012
A/Norway/2965/2013,A/Paris/1988/2012
A/Baden-Wurttemberg/14/2014,A/Paris/1988/2012
A/Norway/2916/2013,A/Paris/1988/2012
A/Ukraine/710/2013,A/Paris/1988/2012
A/Slovenia/2528/2013,A/Paris/1988/2012
A/Austria/788090/2014,A/Paris/1988/2012
A/Ukraine/6138/2014,A/Paris/1988/2012
A/Soria/143/2013,A/Paris/1988/2012
A/Slovenia/2529/2013,A/Paris/1988/2012
A/Norway/2938/2013,A/Paris/1988/2012
A/Ukraine/6069/2014,A/Paris/1988/2012
A/Valladolid/95/2013,A/Paris/1988/2012
A/Switzerland/9884248/2014,A/Paris/1988/2012
A/Norway/3060/2013,A/Paris/1988/2012
A/Tehran/63151/2013,A/Paris/1988/2012
A/Israel/24/2013,A/Paris/1988/2012
A/Trieste/12/2013,A/Paris/1988/2012
A/Belgium/G1010/2012,A/Paris/1988/2012
A/Cameroon/7012/2013,A/Paris/1988/2012
A/Greece/261/2015,A/Paris/1988/2012
A/Slovenia/466/2013,A/Paris/1988/2012
A/Firenze/13/2013,A/Paris/1988/2012
A/Algiers/107/2012,A/Paris/1988/2012
A/Serbia/NS-200/2013,A/Paris/1988/2012
A/Georgia/328/2014,A/Paris/1988/2012
A/Ankara/221/2014,A/Paris/1988/2012
A/Latvia/1-37023/2013,A/Paris/1988/2012
A/Lithuania/6934/2013,A/Paris/1988/2012
A/Baleares/1498/2013,A/Paris/1988/2012
A/England/104/2013,A/Paris/1988/2012
A/Denmark/96/2013,A/Paris/1988/2012
A/Iceland/04/2013,A/Paris/1988/2012
A/Trieste/01/2013,A/Paris/1988/2012
A/Bretagne/995/2013,A/Paris/1988/2012
A/Arges/126697/2012,A/Paris/1988/2012
A/Lithuania/5810/2013,A/Paris/1988/2012
A/Lithuania/8003/2013,A/Paris/1988/2012
A/Catalonia/2070282NS/2013,A/Paris/1988/2012
A/Ireland/M19748/2013,A/Paris/1988/2012
A/Cameroon/6624/2013,A/Paris/1988/2012
A/Catalonia/5742S/2013,A/Paris/1988/2012
A/Ankara/4236/2013,A/Paris/1988/2012
A/Plzen/17/2013,A/Paris/1988/2012
A/Lithuania/9520/2013,A/Paris/1988/2012
A/Slovenia/388/2013,A/Paris/1988/2012
A/Croatia/2624/2013,A/Paris/1988/2012
A/Norway/2423/2012,A/Paris/1988/2012
A/Kazakhstan/3319/2013,A/Paris/1988/2012
A/Croatia/2561/2013,A/Paris/1988/2012
A/Clermont-Ferrand/14/2013,A/Paris/1988/2012
A/Yamaguchi/30/2012,A/Paris/1988/2012
A/Galicia/2054/2014,A/Paris/1988/2012
A/Botosani/162690/2014,A/Paris/1988/2012
A/Netherlands/395/2014,A/Paris/1988/2012
A/Paris/2031/2013,A/Paris/1988/2012
A/Algiers/120/2012,A/Paris/1988/2012
A/Gambia/G0065236/2012,A/Paris/1988/2012
A/Norway/226/2014,A/Paris/1988/2012
A/Annecy/2806/2012,A/Paris/1988/2012
A/Belgium/G0528/2013,A/Paris/1988/2012
A/Moscow/140/2013,A/Paris/1988/2012
A/Lithuania/7849/2013,A/Paris/1988/2012
A/Belgium/G1067/2013,A/Paris/1988/2012
A/Gambia/G0065240/2012,A/Paris/1988/2012
A/Poitiers/2407/2012,A/Paris/1988/2012
A/Gambia/G0070336/2012,A/Paris/1988/2012
A/Ankara/4247/2013,A/Paris/1988/2012
A/Iceland/30/2013,A/Paris/1988/2012
A/Slovenia/760/2013,A/Paris/1988/2012
A/Aktobe/2935/2013,A/Paris/1988/2012
A/Paris/1516/2013,A/Paris/1988/2012
A/Almaty/2929/2013,A/Paris/1988/2012
A/Dakar/04/2012,A/Paris/1988/2012
A/Nordrhein-Westfalen/1/2013,A/Paris/1988/2012
A/Gambia/G0069636/2012,A/Paris/1988/2012
A/Gumushane/150/2014,A/Paris/1988/2012
A/Samsun/125/2014,A/Paris/1988/2012
A/Lithuania/9696/2013,A/Paris/1988/2012
A/Lithuania/5273/2013,A/Paris/1988/2012
A/Galicia/2055/2014,A/Paris/1988/2012
A/Stockholm/7/2013,A/Paris/1988/2012
A/Moldova/326/2013,A/Paris/1988/2012
A/Israel/17/2013,A/Paris/1988/2012
A/Antalya/1083/2013,A/Paris/1988/2012
A/Sarajevo/9/2013,A/Paris/1988/2012
A/Denmark/60/2013,A/Paris/1988/2012
A/Catalonia/2071057NS/2013,A/Paris/1988/2012
A/Stockholm/36/2013,A/Paris/1988/2012
A/Iasi/162712/2014,A/Paris/1988/2012
A/Belgium/S0923/2013,A/Paris/1988/2012
A/Astrakhan/5/2013,A/Paris/1988/2012
A/Minsk/1262/2013,A/Paris/1988/2012
A/Lorraine/1348/2013,A/Paris/1988/2012
A/Jordan/30539/2012,A/Paris/1988/2012
A/Dakar/14/2012,A/Paris/1988/2012
A/Lisboa/147/2013,A/Paris/1988/2012
A/Kazakhstan/3318/2013,A/Paris/1988/2012
A/Kazakhstan/3281/2013,A/Paris/1988/2012
A/Ghana/DILI-518/2013,A/Paris/1988/2012
A/Ireland/M26695/2013,A/Paris/1988/2012
A/Gambia/G0065736/2012,A/Paris/1988/2012
A/Paris/1966/2012,A/Paris/1988/2012
A/Malta/MV720824/2013,A/Paris/1988/2012
A/Timis/136369/2013,A/Paris/1988/2012
A/Netherlands/2247/2013,A/Paris/1988/2012
A/Slovenia/218/2013,A/Paris/1988/2012
A/Cameroon/7010/2013,A/Paris/1988/2012
A/Mecklenburg-Vorpommern/1/2014,A/Paris/1988/2012
A/Norway/120/2014,A/Paris/1988/2012
A/Norway/2160/2013,A/Paris/1988/2012
A/Moldova/262/2013,A/Paris/1988/2012
A/Serbia/NS-210/2013,A/Paris/1988/2012
A/Mauritius/571/2013,A/Paris/1988/2012
A/Tulkarem/83/2013,A/Paris/1988/2012
A/Ireland/M20427/2013,A/Paris/1988/2012
A/Lithuania/6385/2013,A/Paris/1988/2012
A/Paris/1988/2012,A/Paris/1988/2012
A/Stockholm/8/2013,A/Paris/1988/2012
A/Gambia/G0063940/2012,A/Paris/1988/2012
A/Denmark/20/2013,A/Paris/1988/2012
A/Gambia/G0071436/2012,A/Paris/1988/2012
A/Cameroon/6468/2013,A/Paris/1988/2012
A/Dakar/08/2012,A/Paris/1988/2012
A/Niedersachsen/29/2012,A/Paris/1988/2012
A/Netherlands/555/2012,A/Paris/1988/2012
A/Valladolid/205/2015,A/Paris/1988/2012
A/Gambia/G0069640/2012,A/Paris/1988/2012
A/Switzerland/7587197/2012,A/Paris/1988/2012
A/Belgium/S0325/2012,A/Paris/1988/2012
A/Dakar/15/2012,A/Paris/1988/2012
A/Almaty/2880/2013,A/Paris/1988/2012
A/Cameroon/7186/2013,A/Paris/1988/2012
A/Lamia.GR/79/2014,A/Paris/1988/2012
A/Berlin/4/2014,A/Paris/1988/2012
A/Roma/11/2014,A/Paris/1988/2012
A/Samsun/87/2014,A/Paris/1988/2012
A/Kazakstan/3263/2013,A/Paris/1988/2012
A/Glasgow/RVL7/2012,A/Paris/1988/2012
A/Moscow/137/2013,A/Paris/1988/2012
A/Pozarevac/6330/2013,A/Paris/1988/2012
A/Belgium/14H0010/2014,A/Paris/1988/2012
A/Moldova/696/2013,A/Paris/1988/2012
A/Iasi/157785/2014,A/Paris/1988/2012
A/Bretagne/1267/2014,A/Paris/1988/2012
A/Paris/1268/2014,A/Paris/1988/2012
A/Greece/12/2014,A/Paris/1988/2012
A/Mogilev/1484/2014,A/Paris/1988/2012
A/Ireland/23577/2014,A/Paris/1988/2012
A/Pavia/154/2013,A/Paris/1988/2012
A/Bulgaria/800/2014,A/Paris/1988/2012
A/Iceland/62/2014,A/Paris/1988/2012
A/Baleares/1520/2013,A/Paris/1988/2012
A/Baleares/1582/2013,A/Paris/1988/2012
A/Madagascar/7142/2010,A/Madagascar/7142/2010
A/Madagascar/0648/2011,A/Madagascar/0648/2011
A/Madagascar/6613/2010,A/Madagascar/6613/2010
A/Madagascar/6157/2010,A/Madagascar/7749/2010
A/Madagascar/7184/2010,A/Madagascar/7749/2010
A/Madagascar/7749/2010,A/Madagascar/7749/2010
A/Brisbane/11/2010,A/Brisbane/11/2010
A/Lyon/1135/2010,A/Lyon/1135/2010
A/Argentina/28342/2010,A/Argentina/28367/2010
A/Argentina/28367/2010,A/Argentina/28367/2010
A/England/270/2010,A/England/270/2010
A/Stockholm/2/2010,A/Stockholm/2/2010
A/Norway/685/2011,A/Norway/685/2011
A/Stockholm/89/2009,A/Stockholm/89/2009
A/Poitiers/1071/2010,A/Poitiers/1071/2010
A/Johannesburg/107/2011,A/Johannesburg/107/2011
A/Johannesburg/3224/2012,A/Johannesburg/3224/2012
A/Johannesburg/3495/2012,A/Johannesburg/3224/2012
A/Johannesburg/385/2009,A/Johannesburg/385/2009
A/Mauritius/511/2009,A/Mauritius/511/2009
A/Cameroon/658/2009,A/Cameroon/658/2009
A/England/815/2009,A/England/815/2009
A/Finland/640/2009,A/Finland/640/2009
A/Paris/6047/2009,A/Paris/6047/2009
A/Victoria/208/2009,A/Johannesburg/126/2009
A/Stockholm/112/2009,A/Johannesburg/126/2009
A/Algeria/G46/2009,A/Johannesburg/126/2009
A/Israel/22/2009,A/Johannesburg/126/2009
A/Cameroon/704/2009,A/Johannesburg/126/2009
A/Israel/24/2009,A/Johannesburg/126/2009
A/Israel/26/2009,A/Johannesburg/126/2009
A/Finland/638/2009,A/Johannesburg/126/2009
A/Cameroon/422/2009,A/Johannesburg/126/2009
A/Cameroon/675/2009,A/Johannesburg/126/2009
A/Johannesburg/126/2009,A/Johannesburg/126/2009
A/Mauritius/461/2009,A/Johannesburg/126/2009
A/Norway/3790/2009,A/Johannesburg/126/2009
A/Ghana/FS-1031/2009,A/Johannesburg/126/2009
A/Norway/3789/2009,A/Johannesburg/126/2009
A/Johannesburg/31/2010,A/Lyon/1715/2009
A/Johannesburg/34/2010,A/Johannesburg/34/2010
A/Johannesburg/60/2010,A/Johannesburg/60/2010
A/Johannesburg/114/2011,A/Lyon/1715/2009
A/Johannesburg/47/2010,A/Lyon/1715/2009
A/Johannesburg/79/2011,A/Lyon/1715/2009
A/Johannesburg/113/2011,A/Lyon/1715/2009
A/Johannesburg/87/2010,A/Lyon/1715/2009
A/Johannesburg/153/2011,A/Lyon/1715/2009
A/Johannesburg/94/2011,A/Lyon/1715/2009
A/Lyon/1715/2009,A/Lyon/1715/2009
A/Denmark/28/2012,A/Denmark/28/2012
A/Hawaii/22/2012,A/Hawaii/22/2012
A/Brisbane/1/2013,A/Brisbane/1/2013
A/Norway/1292/2012,A/Norway/1292/2012
A/Norway/1359/2012,A/Norway/1359/2012
A/Omsk/1/2012,A/Omsk/1/2012
A/Novosibirsk/6/2012,A/Minsk/1737/2012
A/Minsk/1737/2012,A/Minsk/1737/2012
A/Texas/50/2012,A/Minsk/1737/2012
A/Novosibirsk/8/2012,A/Minsk/1737/2012
A/Molodechno/1598/2012,A/Minsk/1737/2012
A/Novosibirsk/26/2012,A/Minsk/1737/2012
A/Stockholm/14/2012,A/Stockholm/14/2012
A/Minsk/1431/2013,A/Minsk/1431/2013
A/Latvia/1-30021/2013,A/Latvia/1-30021/2013
A/Singapore/22/2012,A/Singapore/22/2012
A/Stockholm/1/2013,A/Stockholm/1/2013
A/Brandenburg/3/2012,A/Brandenburg/3/2012
A/Berlin/93/2011,A/Berlin/93/2011
A/Norway/624/2012,A/Norway/624/2012
A/England/531/2012,A/England/531/2012
A/Norway/1252/2012,A/Norway/1252/2012
A/Denmark/68/2012,A/Denmark/68/2012
A/Denmark/67/2012,A/Denmark/67/2012
A/Valladolid/118/2013,A/Valladolid/118/2013
A/Georgia/584/2014,A/Georgia/584/2014
A/Norway/3303/2013,A/Norway/3303/2013
A/Centre/1497/2014,A/Centre/1497/2014
A/Estonia/76663/2013,A/Estonia/76663/2013
A/Pozarevac/1336/2014,A/Pozarevac/1336/2014
A/Slovenia/17/2014,A/Slovenia/17/2014
A/Slovenia/1162/2014,A/Slovenia/1162/2014
A/Taiwan/442/2014,A/Taiwan/442/2014
A/Finland/410/2014,A/Finland/410/2014
A/Slovenia/108/2014,A/Slovenia/108/2014
A/Moscow/138/2013,A/Estonia/76614/2013
A/Khmelnitsky/249/2014,A/Estonia/76614/2013
A/Estonia/76614/2013,A/Estonia/76614/2013
A/Kaliningrad/1/2013,A/Estonia/76614/2013
A/Poland/3464/2014,A/Estonia/76614/2013
A/Sabac/1334/2014,A/Estonia/76614/2013
A/Stockholm/11/2013,A/Estonia/76614/2013
A/Estonia/77060/2013,A/Estonia/76614/2013
A/Stockholm/31/2013,A/Estonia/76614/2013
A/Nis/1059/2014,A/Estonia/76614/2013
A/Stockholm/2/2014,A/Estonia/76614/2013
A/Norway/1903/2014,A/Estonia/76614/2013
A/Slovenia/549/2013,A/Denmark/78/2012
A/Denmark/78/2012,A/Denmark/78/2012
A/Switzerland/9851671/2014,A/England/568/2012
A/Switzerland/7628499/2012,A/Switzerland/7628499/2012
A/Stockholm/30/2013,A/England/568/2012
A/Iceland/29/2013,A/England/568/2012
A/Lisboa/SU540/2014,A/Norway/3290/2013
A/Norway/18/2014,A/Norway/3290/2013
A/Norway/3290/2013,A/Norway/3290/2013
A/Norway/3105/2013,A/Norway/3290/2013
A/Norway/1905/2013,A/England/568/2012
A/Norway/2496/2012,A/England/568/2012
A/Chiba-C/39/2013,A/Chiba-C/39/2013
A/England/400/2014,A/England/568/2012
A/Slovenia/2576/2013,A/England/568/2012
A/Bursa/177/2013,A/England/568/2012
A/Belgium/13G1308/2013,A/Belgium/13G1308/2013
A/Norway/2418/2013,A/Norway/2418/2013
A/Slovenia/709/2013,A/Slovenia/709/2013
A/England/568/2012,A/England/568/2012
A/Slovenia/842/2014,A/England/568/2012
A/Belgrade/1166/2013,A/England/568/2012
A/Milano/113/2014,A/England/568/2012
A/Victoria/504/2013,A/England/568/2012
A/Turkey/426/2012,A/England/568/2012
A/Lyon/2496/2012,A/England/568/2012
A/Sassari/12/2014,A/England/568/2012
A/Kmelnitsk/350/2013,A/England/568/2012
A/Moscow/84/2012,A/England/568/2012
A/Olt/162753/2014,A/England/568/2012
A/England/256/2013,A/England/568/2012
A/Bulgaria/283/2014,A/England/568/2012
A/Belgium/S0930/2013,A/England/568/2012
A/Moscow/105/2013,A/England/568/2012
A/Finland/296/2012,A/England/568/2012
A/Norway/2514/2013,A/England/568/2012
A/Norway/1861/2013,A/England/568/2012
A/Austria/716774/2013,A/England/568/2012
A/Bursa/246/2013,A/England/568/2012
A/Finland/298/2012,A/England/568/2012
A/Slovenia/741/2013,A/England/568/2012
A/Valencia/1S/2013,A/England/568/2012
A/Moscow/206/2014,A/England/568/2012
A/Iceland/02/2013,A/England/568/2012
A/Ukraine/466/2013,A/England/568/2012
A/Aix-en-Provence/2846/2013,A/England/568/2012
A/Paris/2116/2011,A/Paris/2116/2011
A/Kaliningrad/4/2012,A/Kaliningrad/4/2012
A/Denmark/71/2012,A/Denmark/71/2012
A/Switzerland/7586983/2012,A/Switzerland/7586983/2012
A/Catalonia/5674S/2013,A/Switzerland/7586983/2012
A/Cameroon/12V-4093/2012,A/Cameroon/12V-4093/2012
A/Cameroon/12V-4685/2012,A/Cameroon/12V-4685/2012
A/Cameroon/12V-5316/2012,A/Cameroon/12V-4580/2012
A/Cameroon/12V-5498/2012,A/Cameroon/12V-4580/2012
A/Ghana/FS-0373/2013,A/Cameroon/12V-4580/2012
A/Cameroon/12V-4989/2012,A/Cameroon/12V-4580/2012
A/Cameroon/12V-5507/2012,A/Cameroon/12V-4580/2012
A/Ghana/DILI-0321/2013,A/Cameroon/12V-4580/2012
A/Cameroon/12V-4580/2012,A/Cameroon/12V-4580/2012
A/Cameroon/12V-4660/2012,A/Cameroon/12V-4580/2012
A/Ghana/DILI-0319/2013,A/Cameroon/12V-4580/2012
A/Ghana/DARI-0098/2013,A/Cameroon/12V-4580/2012
A/Berlin/165/2012,A/Cameroon/12V-4580/2012
A/Cameroon/12V-5655/2012,A/Cameroon/12V-4580/2012
A/Cameroon/12V-5136/2012,A/Cameroon/12V-4580/2012
A/Cameroon/12V-5918/2012,A/Cameroon/12V-4580/2012
A/Cameroon/12V-5657/2012,A/Cameroon/12V-4580/2012
A/Ukraine/5906/2013,A/Cameroon/12V-4580/2012
A/Cameroon/12V-5334/2012,A/Cameroon/12V-4580/2012
A/Slovenia/1049/2012,A/Slovenia/1049/2012
A/Belgrade/1544/2012,A/Belgrade/1544/2012
A/Ireland/12V2628/2012,A/Slovenia/1049/2012
A/Belgrade/1741/2012,A/Slovenia/1049/2012
A/Cuprija/1214/2012,A/Slovenia/1049/2012
A/Denmark/6/2012,A/Denmark/6/2012
A/Spain/14758/2012,A/Spain/14758/2012
A/Finland/197/2012,A/Spain/14758/2012
A/Centre/1066/2012,A/Spain/14758/2012
A/Valladolid/98/2013,A/Spain/14758/2012
A/Slovenia/459/2012,A/Slovenia/459/2012
A/England/316/2012,A/England/316/2012
A/Georgia/255/2012,A/Georgia/255/2012
A/Victoria/84/2012,A/Victoria/84/2012
A/Bratislava/31/2011,A/Denmark/90/2011
A/Georgia/512/2012,A/Georgia/512/2012
A/Denmark/45/2012,A/Denmark/45/2012
A/Ghom/9677/2011,A/Ghom/9677/2011
A/Bacau/89197/2012,A/Bacau/89197/2012
A/Montenegro/190/2012,A/Montenegro/190/2012
A/Madagascar/03294/2012,A/Denmark/90/2011
A/Madagascar/03233/2012,A/Denmark/90/2011
A/Sabac/1370/2012,A/Denmark/90/2011
A/Switzerland/5834718/2012,A/Denmark/90/2011
A/Georgia/554/2012,A/Denmark/90/2011
A/Glasgow/407665/2012,A/Denmark/90/2011
A/Braila/89501/2012,A/Denmark/90/2011
A/Slovenia/402/2012,A/Denmark/90/2011
A/Rostov-on-Don/1/2012,A/Denmark/90/2011
A/Moramanga/3423/2012,A/Denmark/90/2011
A/Slovenia/637/2012,A/Denmark/90/2011
A/Georgia/579/2012,A/Denmark/90/2011
A/Stockholm/32/2011,A/Denmark/90/2011
A/Montenegro/269/2012,A/Denmark/90/2011
A/Switzerland/5834715/2012,A/Denmark/90/2011
A/Norway/1295/2012,A/Denmark/90/2011
A/Norway/1250/2012,A/Denmark/90/2011
A/Ireland/00462/2012,A/Denmark/90/2011
A/Glasgow/407664/2012,A/Denmark/90/2011
A/Ukraine/5381/2012,A/Denmark/90/2011
A/Slovenia/566/2012,A/Denmark/90/2011
A/Slovenia/599/2012,A/Denmark/90/2011
A/Stockholm/43/2011,A/Denmark/90/2011
A/Slovenia/435/2012,A/Denmark/90/2011
A/Brandenburg/1/2012,A/Denmark/90/2011
A/Iasi/89451/2012,A/Denmark/90/2011
A/Denmark/90/2011,A/Denmark/90/2011
A/Galati/88977/2012,A/Denmark/90/2011
A/England/253/2011,A/Denmark/90/2011
A/Belgium/G1109/2011,A/Denmark/90/2011
A/Centre/929/2012,A/Denmark/90/2011
A/Stockholm/12-00694/2012,A/Denmark/90/2011
A/Montenegro/272/2012,A/Denmark/90/2011
A/Madagascar/03536/2012,A/Denmark/90/2011
A/Slovenia/815/2012,A/Denmark/90/2011
A/Norway/1789/2011,A/Denmark/90/2011
A/Belgrade/1420/2012,A/Denmark/90/2011
A/Montenegro/158/2012,A/Denmark/90/2011
A/Denmark/87/2011,A/Denmark/90/2011
A/Montenegro/283/2012,A/Denmark/90/2011
A/Slovenia/879/2012,A/Denmark/90/2011
A/Madagascar/03535/2012,A/Denmark/90/2011
A/Berlin/87/2011,A/Denmark/90/2011
A/Berlin/85/2011,A/Denmark/90/2011
A/Berlin/86/2011,A/Denmark/90/2011
A/Berlin/88/2011,A/Denmark/90/2011
A/Berlin/91/2011,A/Denmark/90/2011
A/Berlin/92/2011,A/Denmark/90/2011
A/Berlin/94/2011,A/Denmark/90/2011
A/Berlin/3/2012,A/Denmark/90/2011
A/Berlin/89/2011,A/Denmark/90/2011
A/Paris/2013/2011,A/Denmark/90/2011
A/Norway/648/2012,A/Norway/2400/2011
A/Norway/722/2012,A/Norway/2400/2011
A/Norway/606/2012,A/Norway/708/2012
A/Norway/708/2012,A/Norway/708/2012
A/Finland/252/2012,A/Norway/708/2012
A/Rheinland-Pfalz/1/2012,A/Norway/2400/2011
A/Brisbane/1/2012,A/Brisbane/1/2012
A/Norway/1293/2012,A/Norway/2400/2011
A/Norway/2431/2011,A/Norway/2400/2011
A/Norway/97/2012,A/Norway/2400/2011
A/Norway/75/2012,A/Norway/2400/2011
A/Norway/428/2012,A/Norway/2400/2011
A/Norway/479/2012,A/Norway/2400/2011
A/Norway/433/2012,A/Norway/2400/2011
A/Norway/2400/2011,A/Norway/2400/2011
A/Norway/399/2012,A/Norway/2400/2011
A/Limoges/3105/2013,A/Limoges/3105/2013
A/Mauritius/610/2013,A/Mauritius/610/2013
A/Georgia/495/2014,A/Iceland/25/2012
A/Samsun/4191/2013,A/Iceland/25/2012
A/Adana/199/2014,A/Adana/199/2014
A/Denmark/104/2013,A/Denmark/104/2013
A/Ukraine/6161/2014,A/Ukraine/6161/2014
A/Adana/223/2014,A/Iceland/25/2012
A/Lorraine/2485/2013,A/Iceland/25/2012
A/Lyon/2959/2013,A/Iceland/25/2012
A/Bordeaux/2456/2013,A/Iceland/25/2012
A/Romania/157360/2014,A/Iceland/25/2012
A/Georgia/215/2014,A/Iceland/25/2012
A/Lorraine/004/2014,A/Iceland/25/2012
A/Belgium/14S0070/2014,A/Iceland/25/2012
A/Adana/111/2014,A/Iceland/25/2012
A/Latvia/03-013033/2014,A/Iceland/25/2012
A/Malatya/3872/2013,A/Iceland/25/2012
A/Toulon/3038/2013,A/Iceland/25/2012
A/Dnipro/234/2014,A/Iceland/25/2012
A/Trabzon/163/2014,A/Iceland/25/2012
A/Norway/2920/2013,A/Iceland/25/2012
A/Yalova/4145/2013,A/Iceland/25/2012
A/Georgia/699/2014,A/Iceland/25/2012
A/Malatya/3946/2013,A/Iceland/25/2012
A/England/569/2012,A/England/569/2012
A/Ukraine/5837/2013,A/Ukraine/5837/2013
A/Austria/709778/2012,A/Austria/709778/2012
A/Stockholm/36/2012,A/England/568/2012
A/Ukraine/5909/2013,A/Ukraine/5909/2013
A/Norway/2103/2012,A/Iceland/25/2012
A/Norway/2102/2012,A/Iceland/25/2012
A/Iceland/25/2012,A/Iceland/25/2012
A/Astrakhan/1/2013,A/England/568/2012
A/Ireland/M28426/2013,A/Ireland/M28426/2013
A/Ireland/M28390/2013,A/Ireland/M28426/2013
A/Stockholm/12-16700/2012,A/England/568/2012
A/Ramallah/84/2013,A/England/568/2012
A/Dnipropetrovsk/390/2013,A/England/568/2012
A/Idaho/20/2012,A/England/568/2012
A/Sachsen/2/2013,A/England/568/2012
A/Paris/1651/2012,A/England/568/2012
A/Lyon/2763/2012,A/England/568/2012
A/Ukraine/275/2013,A/England/568/2012
A/Delaware/15/2012,A/England/568/2012
A/Osaka/32/2013,A/England/568/2012
A/Dnipropetrovsk/361/2013,A/England/568/2012
A/Dnipropetrovsk/364/2013,A/England/568/2012
A/Belgrade/648/2013,A/England/568/2012
A/Norway/2200/2013,A/England/568/2012
A/Stockholm/10/2013,A/England/568/2012
A/Paris/1654/2012,A/England/568/2012
A/Israel/19/2013,A/England/568/2012
A/Stockholm/29/2012,A/England/568/2012
A/Madrid/323/2012,A/England/568/2012
A/Ukraine/5840/2013,A/England/568/2012
A/Baden-Wurttemberg/2/2012,A/England/12/2012
A/Georgia/606/2012,A/England/12/2012
A/Ukraine/5339/2012,A/Ukraine/5339/2012
A/Ukraine/5365/2012,A/Ukraine/5339/2012
A/England/12/2012,A/England/12/2012
A/Victoria/361/2011,A/Victoria/361/2011
A/Bursa/250/2011,A/Bursa/250/2011
A/Antalya/204/2011,A/Antalya/204/2011
A/Finland/196/2012,A/Finland/196/2012
A/Netherlands/713/2011,A/Netherlands/34/2010
A/England/258/2011,A/England/258/2011
A/Ukraine/5896/2013,A/Ukraine/5896/2013
A/Cairo/171/2013,A/Netherlands/34/2010
A/Austria/654591/2012,A/Netherlands/34/2010
A/Netherlands/34/2010,A/Netherlands/34/2010
A/Cairo/5/2012,A/Netherlands/34/2010
A/Finland/190/2011,A/Netherlands/34/2010
A/Jordan/30502/2012,A/Jordan/30502/2012
A/Johannesburg/27/2011,A/Johannesburg/27/2011
A/Paris/2097/2011,A/Paris/2097/2011
A/Lorraine/2073/2011,A/Lorraine/2073/2011
A/Victoria/527/2012,A/Victoria/527/2012
A/Latvia/1-37528/2012,A/Latvia/12-47890p/2011
A/Latvia/1-35583/2012,A/Latvia/12-47890p/2011
A/Latvia/1-39879p/2012,A/Latvia/12-47890p/2011
A/Latvia/1-34462p/2012,A/Latvia/12-47890p/2011
A/Latvia/12-47890p/2011,A/Latvia/12-47890p/2011
A/Latvia/1-34610/2012,A/Latvia/12-47890p/2011
A/Switzerland/5834730/2012,A/Switzerland/5834730/2012
A/Salamanca/36/2022,A/Salamanca/36/2022
A/Navarra/4439/2022,A/Navarra/4439/2022
A/Champagne_Ardenne/02109/2023,A/Champagne_Ardenne/02109/2023
A/Belgium/S2699/2022,A/Belgium/S2699/2022
A/Hungary/87/2022,A/Hungary/87/2022
A/Poland/PL83/2022,A/Poland/PL83/2022
A/Hessen/40/2022,A/Rheinland-Pfalz/18/2022
A/Rheinland-Pfalz/17/2022,A/Rheinland-Pfalz/18/2022
A/Hessen/42/2022,A/Rheinland-Pfalz/18/2022
A/Ireland/81103/2022,A/Rheinland-Pfalz/18/2022
A/Rheinland-Pfalz/18/2022,A/Rheinland-Pfalz/18/2022
A/Belgium/G0010/2023,A/Rheinland-Pfalz/18/2022
A/Netherlands/11812/2022,A/Netherlands/11812/2022
A/Netherlands/11816/2022,A/Netherlands/11816/2022
A/Ireland/80523/2022,A/Ireland/80523/2022
A/Valladolid/14/2023,A/Valladolid/14/2023
A/Valladolid/16/2022,A/Valladolid/16/2022
A/Ireland/9468/2023,A/Ireland/9468/2023
A/Poland/PL93/2022,A/Poland/PL93/2022
A/Belgium/G0393/2022,A/Belgium/G0393/2022
A/Burgos/262/2022,A/Burgos/262/2022
A/Salamanca/198/2022,A/Switzerland/18284/2022
A/Valladolid/15/2022,A/Switzerland/18284/2022
A/Burgos/258/2022,A/Switzerland/18284/2022
A/Switzerland/20498/2023,A/Switzerland/20498/2023
A/Switzerland/18284/2022,A/Switzerland/18284/2022
A/Valladolid/31/2022,A/Valladolid/20/2022
A/Valladolid/20/2022,A/Valladolid/20/2022
A/Lisboa/557/2022,A/Lisboa/706/2022
A/Lisboa/706/2022,A/Lisboa/706/2022
A/Lisboa/597/2022,A/Lisboa/597/2022
A/Lisboa/707/2022,A/Lisboa/597/2022
A/Estonia/KL283/2023,A/Estonia/KL283/2023
A/Netherlands/11832/2022,A/Netherlands/11832/2022
A/Poland/202/2023,A/Switzerland/18284/2022
A/Lisboa/595/2022,A/Lisboa/595/2022
A/Ireland/8661/2023,A/Ireland/8661/2023
A/Valladolid/26/2022,A/Switzerland/18284/2022
A/Austria/1574200/2022,A/Austria/1574200/2022
A/Hungary/73/2022,A/Hungary/73/2022
A/Navarra/4320/2022,A/Navarra/4320/2022
A/Estonia/173253/2023,A/Switzerland/18284/2022
A/Lisboa/572/2022,A/Switzerland/18284/2022
A/Navarra/4440/2022,A/Navarra/4440/2022
A/Catalonia/3514090NS/2022,A/Navarra/4550/2022
A/Navarra/4550/2022,A/Navarra/4550/2022
A/Switzerland/39985/2022,A/Netherlands/11832/2022
A/Lourdes/53101/2022,A/Netherlands/11832/2022
A/Burgos/29/2022,A/Switzerland/18284/2022
A/Burgos/246/2022,A/Burgos/246/2022
A/Lisboa/596/2022,A/Switzerland/18284/2022
A/Switzerland/56875/2022,A/Switzerland/18284/2022
A/Lisboa/534/2022,A/Switzerland/18284/2022
A/Poland/PL71/2022,A/Switzerland/18284/2022
A/Lisboa/708/2022,A/Switzerland/18284/2022
A/Lisboa/554/2022,A/Lisboa/554/2022
A/Lisboa/584/2022,A/Lisboa/584/2022
A/Israel/R498/2023,A/Israel/B1719/2022
A/Israel/B1719/2022,A/Israel/B1719/2022
A/Dijon/04834/2023,A/Dijon/04835/2023
A/Dijon/04832/2023,A/Dijon/04835/2023
A/Dijon/04835/2023,A/Dijon/04835/2023
A/Bulgaria/632/2023,A/Switzerland/18284/2022
A/Bulgaria/509/2023,A/Switzerland/18284/2022
A/Bulgaria/508/2023,A/Switzerland/18284/2022
A/Switzerland/68971/2022,A/Switzerland/68971/2022
A/Netherlands/10290/2023,A/Albania/289605/2022
A/Albania/289605/2022,A/Albania/289605/2022
A/Catalonia/NSVH101934050/2022,A/Switzerland/18284/2022
A/Norway/1999/2023,A/Norway/2003/2023
A/Norway/2003/2023,A/Norway/2003/2023
A/Palermo/2/2022,A/Palermo/2/2022
A/Lisboa/561/2022,A/Lisboa/561/2022
A/Sweden/3098/2023,A/Sweden/3098/2023
A/Lisboa/731/2022,A/Lisboa/731/2022
A/Burgos/260/2022,A/Burgos/260/2022
A/Salamanca/196/2022,A/Switzerland/18284/2022
A/Ceuta/4450/2022,A/Switzerland/18284/2022
A/Ceuta/4232/2022,A/Switzerland/18284/2022
A/Champagne_Ardenne/05242/2023,A/Champagne_Ardenne/05242/2023
A/Palencia/118/2022,A/Palencia/118/2022
A/Ile_de_France/02647/2023,A/Switzerland/18284/2022
A/Norway/33536/2022,A/Switzerland/18284/2022
A/Salamanca/33/2022,A/Switzerland/18284/2022
A/Burgos/7/2023,A/Switzerland/18284/2022
A/Melilla/4483/2022,A/Switzerland/18284/2022
A/Bayern/34/2022,A/Switzerland/18284/2022
A/Lisboa/711/2022,A/Switzerland/18284/2022
A/Rheinland-Pfalz/28/2022,A/Switzerland/18284/2022
A/Serbia/7/2023,A/Switzerland/18284/2022
A/Baden-Wurttemberg/10/2023,A/Switzerland/18284/2022
A/Lisboa/593/2022,A/Switzerland/18284/2022
A/Burgos/18/2022,A/Switzerland/18284/2022
A/Ireland/69199/2022,A/Switzerland/18284/2022
A/Catalonia/NSVH151194989/2022,A/Switzerland/18284/2022
A/Valladolid/17/2022,A/Switzerland/18284/2022
A/Bretagne/55452/2022,A/Switzerland/18284/2022
A/Valladolid/22/2022,A/Switzerland/18284/2022
A/Valladolid/13/2022,A/Switzerland/18284/2022
A/Burgos/242/2022,A/Switzerland/18284/2022
A/Netherlands/01218/2022,A/Switzerland/18284/2022
A/Norway/1282/2023,A/Switzerland/18284/2022
A/Burgos/54/2022,A/Switzerland/18284/2022
A/Burgos/257/2022,A/Switzerland/18284/2022
A/Zamora/43/2022,A/Switzerland/18284/2022
A/Switzerland/76199/2023,A/Switzerland/18284/2022
A/Burgos/20/2022,A/Switzerland/18284/2022
A/Denmark/3103/2022,A/Switzerland/18284/2022
A/Estonia/173038/2023,A/Switzerland/18284/2022
A/Valladolid/27/2022,A/Switzerland/18284/2022
A/Boras/3/2023,A/Switzerland/18284/2022
A/Ireland/16381/2023,A/Switzerland/18284/2022
A/Hessen/46/2022,A/Switzerland/18284/2022
A/Burgos/14/2022,A/Switzerland/18284/2022
A/Soria/2/2022,A/Switzerland/18284/2022
A/Palencia/211/2022,A/Switzerland/18284/2022
A/Lisboa/576/2022,A/Switzerland/18284/2022
A/Berlin/177/2022,A/Switzerland/18284/2022
A/Romania/541525/2022,A/Switzerland/18284/2022
A/Lisboa/524/2022,A/Switzerland/18284/2022
A/Lisboa/714/2022,A/Switzerland/18284/2022
A/Estonia/173097/2023,A/Switzerland/18284/2022
A/Lisboa/533/2022,A/Switzerland/18284/2022
A/Burgos/243/2022,A/Switzerland/18284/2022
A/Lisboa/704/2022,A/Switzerland/18284/2022
A/Lisboa/570/2022,A/Switzerland/18284/2022
A/Berlin/3/2023,A/Switzerland/18284/2022
A/Lisboa/582/2022,A/Switzerland/18284/2022
A/Lisboa/579/2022,A/Switzerland/18284/2022
A/Lisboa/583/2022,A/Switzerland/18284/2022
A/Valladolid/10/2022,A/Switzerland/18284/2022
A/Lisboa/723/2022,A/Switzerland/18284/2022
A/Lisboa/709/2022,A/Switzerland/18284/2022
A/Burgos/9/2022,A/Switzerland/18284/2022
A/Lisboa/729/2022,A/Switzerland/18284/2022
A/Palencia/63/2022,A/Switzerland/18284/2022
A/Valladolid/24/2022,A/Switzerland/18284/2022
A/Valladolid/11/2022,A/Switzerland/18284/2022
A/Estonia/173028/2023,A/Switzerland/18284/2022
A/Lisboa/532/2022,A/Switzerland/18284/2022
A/Estonia/172575/2022,A/Switzerland/18284/2022
A/Avila/53/2022,A/Switzerland/18284/2022
A/Lisboa/717/2022,A/Switzerland/18284/2022
A/Burgos/245/2022,A/Switzerland/18284/2022
A/Belgium/G0013/2023,A/Switzerland/18284/2022
A/Soria/213/2022,A/Switzerland/18284/2022
A/Switzerland/68410/2022,A/Switzerland/18284/2022
A/Slovenia/11343/2022,A/Switzerland/18284/2022
A/Burgos/272/2022,A/Switzerland/18284/2022
A/Lisboa/560/2022,A/Switzerland/18284/2022
A/Burgos/28/2022,A/Switzerland/18284/2022
A/Burgos/244/2022,A/Switzerland/18284/2022
A/Baden-Wurttemberg/67/2022,A/Switzerland/18284/2022
A/Zamora/35/2022,A/Switzerland/18284/2022
A/Baden-Wuttemberg/88/2022,A/Switzerland/18284/2022
A/Moldova/2025330/2023,A/Switzerland/18284/2022
A/Soria/217/2022,A/Switzerland/18284/2022
A/Lisboa/545/2022,A/Switzerland/18284/2022
A/Estonia/173033/2023,A/Switzerland/18284/2022
A/Romania/541402/2022,A/Switzerland/18284/2022
A/Catalonia/2232752NS/2022,A/Switzerland/18284/2022
A/Lisboa/544/2022,A/Switzerland/18284/2022
A/Ceuta/4454/2022,A/Switzerland/18284/2022
A/Burgos/26/2022,A/Switzerland/18284/2022
A/Switzerland/18694/2022,A/Switzerland/18284/2022
A/Lisboa/537/2022,A/Switzerland/18284/2022
A/Lisboa/563/2022,A/Switzerland/18284/2022
A/Lisboa/535/2022,A/Switzerland/18284/2022
A/Burgos/271/2022,A/Switzerland/18284/2022
A/Catalonia/NSVH101923535/2022,A/Switzerland/18284/2022
A/Catalonia/NSVH161512277/2022,A/Switzerland/18284/2022
A/Norway/33623/2022,A/Switzerland/18284/2022
A/Lisboa/696/2022,A/Switzerland/18284/2022
A/Lisboa/580/2022,A/Switzerland/18284/2022
A/Belgium/S1372/2023,A/Switzerland/18284/2022
A/Sweden/3772/2023,A/Switzerland/18284/2022
A/Lisboa/713/2022,A/Switzerland/18284/2022
A/Zamora/32/2022,A/Switzerland/18284/2022
A/Lisboa/616/2022,A/Switzerland/18284/2022
A/Lisboa/695/2022,A/Switzerland/18284/2022
A/Lisboa/577/2022,A/Switzerland/18284/2022
A/Zamora/30/2022,A/Switzerland/18284/2022
A/Romania/541528/2022,A/Switzerland/18284/2022
A/Lisboa/699/2022,A/Switzerland/18284/2022
A/Lisboa/626/2022,A/Switzerland/18284/2022
A/Lisboa/716/2022,A/Switzerland/18284/2022
A/Lisboa/578/2022,A/Switzerland/18284/2022
A/Albania/289788/2022,A/Albania/289788/2022
A/Albania/289902/2022,A/Albania/289902/2022
A/BosniaAndHerzegovina/181/2023,A/BosniaAndHerzegovina/167/2023
A/BosniaAndHerzegovina/167/2023,A/BosniaAndHerzegovina/167/2023
A/Milano/397/2022,A/Milano/397/2022
A/Sassari/5/2023,A/Sassari/5/2023
A/Mauritius/P61639/2022,A/Mauritius/P61639/2022
A/Belgium/G0314/2022,A/Belgium/G0314/2022
A/Lisboa/751/2022,A/Lisboa/751/2022
A/Schleswig-Holstein/14/2022,A/Schleswig-Holstein/14/2022
A/Parma/84/2022,A/Parma/84/2022
A/Slovenia/42/2023,A/Slovenia/11517/2022
A/Slovenia/11665/2022,A/Slovenia/11665/2022
A/Slovenia/11517/2022,A/Slovenia/11517/2022
A/FVG-Trieste/41/2023,A/Slovenia/11517/2022
A/Slovenia/11514/2022,A/Slovenia/11514/2022
A/Slovenia/11516/2022,A/Slovenia/11514/2022
A/Slovenia/11622/2022,A/Slovenia/11514/2022
A/Burgos/4245/2023,A/Burgos/4245/2023
A/Bolzano/39/2022,A/Hessen/45/2022
A/Albania/290520/2023,A/Albania/290520/2023
A/Slovenia/55/2023,A/Hessen/45/2022
A/Milano/265/2022,A/Hessen/45/2022
A/Parma/88/2022,A/Parma/88/2022
A/Bulgaria/1427/2023,A/Hessen/45/2022
A/Switzerland/32862/2023,A/Switzerland/32862/2023
A/Greece/386/2022,A/Israel/B1398/2022
A/Albania/290380/2022,A/Albania/290380/2022
A/Ireland/74535/2022,A/Ireland/74535/2022
A/Romania/544187/2022,A/Romania/544187/2022
A/Nordrhein-Westfalen/75/2022,A/Hessen/45/2022
A/Nordrhein-Westfalen/40/2022,A/Nordrhein-Westfalen/40/2022
A/Greece/416/2022,A/Israel/B1398/2022
A/Israel/B1398/2022,A/Israel/B1398/2022
A/Milano/257/2022,A/Milano/257/2022
A/Hessen/45/2022,A/Hessen/45/2022
A/Romania/544197/2022,A/Hessen/45/2022
A/Valladolid/4550/2023,A/Hessen/45/2022
A/Basse_Normandie/02105/2023,A/Hessen/45/2022
A/Slovenia/47/2023,A/Slovenia/11512/2022
A/Slovenia/11696/2022,A/Slovenia/11512/2022
A/Slovenia/11409/2022,A/Slovenia/11512/2022
A/Slovenia/11195/2022,A/Slovenia/11512/2022
A/Slovenia/11512/2022,A/Slovenia/11512/2022
A/Lithuania/48379/2022,A/Lithuania/48379/2022
A/Switzerland/28719/2022,A/Switzerland/28719/2022
A/Bulgaria/664/2023,A/Bulgaria/664/2023
A/Belgium/S0898/2023,A/Belgium/S0898/2023
A/Serbia/668/2023,A/Serbia/668/2023
A/Greece/415/2022,A/Hessen/45/2022
A/Hungary/88/2022,A/Hessen/45/2022
A/Switzerland/12279/2022,A/Hessen/45/2022
A/Norway/1294/2023,A/Hessen/45/2022
A/Switzerland/85635/2023,A/Hessen/45/2022
A/Bolzano/46/2022,A/Hessen/45/2022
A/Berlin/150/2022,A/Hessen/45/2022
A/Palencia/102/2022,A/Hessen/45/2022
A/Skovde/2/2023,A/Hessen/45/2022
A/Albania/290165/2022,A/Hessen/45/2022
A/Palermo/6/2022,A/Hessen/45/2022
A/Bolzano/38/2022,A/Hessen/45/2022
A/Slovenia/11199/2022,A/Hessen/45/2022
A/Sweden/4723/2023,A/Hessen/45/2022
A/Norway/3118/2023,A/Hessen/45/2022
A/Bolzano/47/2022,A/Hessen/45/2022
A/Romania/542580/2022,A/Hessen/45/2022
A/Belgium/G0401/2022,A/Hessen/45/2022
A/Latvia/12-084272/2022,A/Hessen/45/2022
A/Bulgaria/625/2023,A/Hessen/45/2022
A/Netherlands/10162/2023,A/Hessen/45/2022
A/Serbia/3/2023,A/Hessen/45/2022
A/Norway/5044/2023,A/Hessen/45/2022
A/Norway/3809/2023,A/Hessen/45/2022
A/Bulgaria/627/2023,A/Hessen/45/2022
A/Ireland/73304/2022,A/Hessen/45/2022
A/Palermo/3/2022,A/Hessen/45/2022
A/Burgos/15/2022,A/Hessen/45/2022
A/Kyiv/471/2022,A/Hessen/45/2022
A/Latvia/12-024762/2022,A/Hessen/45/2022
A/Belgium/G0390/2022,A/Hessen/45/2022
A/Thuringen/30/2022,A/Hessen/45/2022
A/Switzerland/07426/2022,A/Hessen/45/2022
A/Serbia/501681/2023,A/Hessen/45/2022
A/Lisboa/739/2022,A/Hessen/45/2022
A/Montana/08/2023,A/Hessen/45/2022
A/Switzerland/68854/2022,A/Hessen/45/2022
A/Slovenia/68/2023,A/Hessen/45/2022
A/Parma/129/2022,A/Hessen/45/2022
A/Kyiv/463/2022,A/Hessen/45/2022
A/Baden-Wurttemberg/14/2023,A/Hessen/45/2022
A/Macedonia/213/2023,A/Hessen/45/2022
A/Slovenia/526/2023,A/Hessen/45/2022
A/Albania/290567/2023,A/Hessen/45/2022
A/Trapani/1/2022,A/Hessen/45/2022
A/Slovenia/11443/2022,A/Hessen/45/2022
A/Navarra/4438/2022,A/Hessen/45/2022
A/Switzerland/64418/2023,A/Hessen/45/2022
A/Switzerland/87207/2023,A/Hessen/45/2022
A/Milano/339/2022,A/Hessen/45/2022
A/Austria/1573851/2022,A/Hessen/45/2022
A/Israel/R11447/2022,A/Israel/R11447/2022
A/Ireland/8169/2023,A/Ireland/8169/2023
A/Netherlands/01867/2022,A/Netherlands/01867/2022
A/Netherlands/01475/2022,A/Netherlands/01476/2022
A/Netherlands/01476/2022,A/Netherlands/01476/2022
A/Tunisia/22684/2022,A/Tunisia/22684/2022
A/Milano/331/2022,A/Milano/331/2022
A/Qatar/15-VI-22-1520419/2022,A/Qatar/15-VI-22-1520419/2022
A/Israel/B1644/2022,A/Israel/B1644/2022
A/Parma/83/2022,A/Parma/83/2022
A/Galicia/3991/2022,A/Galicia/3991/2022
A/Albania/289904/2022,A/Galicia/3991/2022
A/Austria/1572440/2022,A/Austria/1572440/2022
A/Perugia/2/2023,A/Hessen/45/2022
A/FVG-Pordenone/109/2023,A/Switzerland/18284/2022
A/Netherlands/00832/2022,A/Netherlands/00832/2022
A/Ireland/65707/2022,A/Ireland/65707/2022
A/Norway/3384/2023,A/Norway/3384/2023
A/Romania/521422/2022,A/Netherlands/10205/2021
A/Netherlands/10205/2021,A/Netherlands/10205/2021
A/Norway/32842/2022,A/Netherlands/10205/2021
A/Netherlands/10884/2022,A/Netherlands/10205/2021
A/Saida/S0215/2022,A/Netherlands/10205/2021
A/Switzerland/24157/2022,A/Netherlands/10205/2021
A/Albania/290586/2023,A/Netherlands/10205/2021
A/Argentina/3151/2022,A/Netherlands/10205/2021
A/Belgium/S1074/2022,A/Netherlands/10205/2021
A/Argentina/4500/2022,A/Netherlands/10205/2021
A/Austria/1499572/2022,A/Austria/1499572/2022
A/Netherlands/10866/2022,A/Netherlands/10866/2022
A/Austria/1514532/2022,A/Austria/1514532/2022
A/Bolzano/24/2022,A/Bolzano/24/2022
A/Austria/1508277/2022,A/Austria/1508277/2022
A/Belgium/G0164/2022,A/Brandenburg/2/2022
A/Belgium/G0151/2022,A/Brandenburg/2/2022
A/Belgium/G0183/2022,A/Brandenburg/2/2022
A/Austria/1506576/2022,A/Brandenburg/2/2022
A/Sachsen/11/2022,A/Brandenburg/2/2022
A/Bolzano/16/2022,A/Brandenburg/2/2022
A/Halmstad/3/2022,A/Brandenburg/2/2022
A/Austria/1503824/2022,A/Brandenburg/2/2022
A/Thuringen/10/2022,A/Brandenburg/2/2022
A/Austria/1503854/2022,A/Brandenburg/2/2022
A/Netherlands/10253/2022,A/Brandenburg/2/2022
A/Austria/1507013/2022,A/Brandenburg/2/2022
A/Austria/1506583/2022,A/Brandenburg/2/2022
A/Stockholm/12/2022,A/Brandenburg/2/2022
A/Brandenburg/2/2022,A/Brandenburg/2/2022
A/Austria/1501955/2022,A/Brandenburg/2/2022
A/Austria/1504127/2022,A/Brandenburg/2/2022
A/Netherlands/10182/2022,A/Brandenburg/2/2022
A/Rheinland-Pfalz/16/2022,A/Brandenburg/2/2022
A/Austria/1503368/2022,A/Brandenburg/2/2022
A/Austria/1504562/2022,A/Brandenburg/2/2022
A/Austria/1502449/2022,A/Brandenburg/2/2022
A/Netherlands/10502/2022,A/Brandenburg/2/2022
A/Austria/1504943/2022,A/Brandenburg/2/2022
A/Austria/1509468/2022,A/Brandenburg/2/2022
A/Netherlands/11119/2022,A/Brandenburg/2/2022
A/Netherlands/11201/2022,A/Brandenburg/2/2022
A/Netherlands/10595/2022,A/Brandenburg/2/2022
A/Austria/1503823/2022,A/Brandenburg/2/2022
A/Denmark/3136/2022,A/Norway/32641/2022
A/MountLebanon/65/2023,A/MountLebanon/65/2023
A/Norway/32641/2022,A/Norway/32641/2022
A/Austria/1572480/2022,A/Norway/32641/2022
A/Ibri/72211828/2022,A/Norway/32641/2022
A/Romania/544760/2023,A/Norway/32641/2022
A/Ibra/72211987/2022,A/Ibra/72211987/2022
A/Tunisia/22985/2022,A/Tunisia/22985/2022
A/Egypt/2327687/2022,A/Norway/32641/2022
A/Egypt/2319996/2022,A/Egypt/2319996/2022
A/Romania/544283/2023,A/Norway/32641/2022
A/Romania/544060/2022,A/Norway/32641/2022
A/Romania/544194/2022,A/Norway/32641/2022
A/Netherlands/11815/2022,A/Norway/32641/2022
A/SaudiArabia/556/2022,A/SaudiArabia/556/2022
A/Serbia/7028/2022,A/Serbia/7028/2022
A/Georgia/RUS200/2022,A/Norway/32641/2022
A/Croatia/101024/2022,A/Norway/32641/2022
A/Catalonia/3506449NS/2022,A/Norway/32641/2022
A/Bawshar/72212056/2022,A/Bawshar/72212056/2022
A/Macedonia/133/2023,A/Macedonia/133/2023
A/Netherlands/10192/2023,A/Norway/32641/2022
A/Romania/544753/2023,A/Norway/32641/2022
A/Denmark/3101/2022,A/Norway/32641/2022
A/Austria/1561460/2022,A/Norway/32641/2022
A/Niedersachsen/49/2022,A/Norway/32641/2022
A/MountLebanon/2909/2022,A/Norway/32641/2022
A/Egypt/2352738/2022,A/Norway/32641/2022
A/Denmark/3110/2022,A/Norway/32641/2022
A/Denmark/3100/2022,A/Norway/32641/2022
A/Egypt/2334749/2022,A/Norway/32641/2022
A/Kaliningrad/RII-03/2021,A/Kaliningrad/RII-03/2021
A/Kaliningrad/RII-05/2021,A/Kaliningrad/RII-05/2021
A/Belgium/S0772/2022,A/Belgium/S0772/2022
A/Poland/PL03/2022,A/Ukraine/354/2021
A/Poland/PL07/2022,A/Poland/PL07/2022
A/Poland/PL22/2022,A/Ukraine/354/2021
A/Ukraine/371/2022,A/Ukraine/354/2021
A/Poland/PL14/2022,A/Ukraine/354/2021
A/Poland/PL13/2022,A/Ukraine/354/2021
A/Poland/PL06/2022,A/Ukraine/354/2021
A/Moldova/18402/2022,A/Ukraine/354/2021
A/Poland/97/2022,A/Ukraine/354/2021
A/Poland/PL24/2022,A/Ukraine/354/2021
A/Poland/PL10/2022,A/Ukraine/354/2021
A/Kyiv/41/2022,A/Ukraine/354/2021
A/Poland/PL21/2022,A/Ukraine/354/2021
A/Ukraine/348/2022,A/Ukraine/354/2021
A/Poland/100/2022,A/Ukraine/354/2021
A/Ukraine/354/2021,A/Ukraine/354/2021
A/Poland/PL09/2022,A/Ukraine/354/2021
A/Poland/PL28/2022,A/Ukraine/354/2021
A/Poland/PL23/2022,A/Ukraine/354/2021
A/Latvia/12-091325/2021,A/Latvia/12-091325/2021
A/S.Petersburg/RII-24/2021,A/S.Petersburg/RII-24/2021
A/Romania/518147/2022,A/Romania/518147/2022
A/Georgia/2048/2021,A/Georgia/2048/2021
A/Georgia/2052/2021,A/Georgia/2048/2021
A/Sachsen/2/2022,A/Sachsen/2/2022
A/Latvia/12-091317/2021,A/Latvia/12-091317/2021
A/Latvia/12-091326/2021,A/Latvia/12-091317/2021
A/Poland/PL11/2022,A/Poland/PL45/2022
A/Poland/PL45/2022,A/Poland/PL45/2022
A/Switzerland/09683/2022,A/Switzerland/09683/2022
A/Switzerland/18559/2022,A/Switzerland/18559/2022
A/S.Petersburg/RII-12/2021,A/Tajikistan/2/2021
A/Milano/37/2022,A/Milano/37/2022
A/Parma/5/2022,A/Parma/5/2022
A/Albania/31/2021,A/Kosova/710/2021
A/Albania/9725/2021,A/Kosova/710/2021
A/Kosova/587/2021,A/Kosova/587/2021
A/Nordrhein-Westfalen/1/2021,A/Nordrhein-Westfalen/1/2021
A/Albania/8614/2021,A/Kosova/710/2021
A/Kosova/607/2021,A/Kosova/607/2021
A/Switzerland/10871/2022,A/Kosova/607/2021
A/Kosova/701/2021,A/Kosova/607/2021
A/Albania/78/2021,A/Kosova/607/2021
A/Kosova/78/2021,A/Kosova/78/2021
A/Slovenia/9528/2022,A/Kosova/710/2021
A/Slovenia/9861/2022,A/Kosova/710/2021
A/Poland/PL12/2022,A/Kosova/710/2021
A/Slovenia/1054/2022,A/Kosova/710/2021
A/Belgium/S0891/2022,A/Kosova/710/2021
A/Slovenia/679/2022,A/Kosova/710/2021
A/Norway/19419/2022,A/Kosova/710/2021
A/Baden-Wurttemberg/5/2022,A/Kosova/710/2021
A/Slovenia/9904/2022,A/Kosova/710/2021
A/Bayern/9/2022,A/Kosova/710/2021
A/Switzerland/54637/2022,A/Kosova/710/2021
A/Slovenia/9675/2022,A/Kosova/710/2021
A/Switzerland/03092/2022,A/Kosova/710/2021
A/Austria/1505342/2022,A/Kosova/710/2021
A/Switzerland/89503/2022,A/Kosova/710/2021
A/Baden-Wurttemberg/2/2021,A/Kosova/710/2021
A/Slovenia/9302/2022,A/Kosova/710/2021
A/Norway/12347/2022,A/Kosova/710/2021
A/Slovenia/9562/2022,A/Kosova/710/2021
A/Norway/12650/2022,A/Kosova/710/2021
A/Slovenia/9740/2022,A/Kosova/710/2021
A/Slovenia/9362/2022,A/Kosova/710/2021
A/Kosova/710/2021,A/Kosova/710/2021
A/Switzerland/42321/2021,A/Kosova/710/2021
A/Baden-Wurttemberg/8/2022,A/Kosova/710/2021
A/Norway/675/2022,A/Kosova/710/2021
A/Albania/622/2021,A/Kosova/710/2021
A/Austria/1502410/2022,A/Kosova/710/2021
A/Astrakhan/05/2021,A/Astrakhan/05/2021
A/Kaliningrad/RII-06/2021,A/Kaliningrad/RII-06/2021
A/Astrakhan/01/2021,A/Astrakhan/01/2021
A/Astrakhan/07/2021,A/Astrakhan/07/2021
A/S.Petersburg/RII-23/2021,A/S.Petersburg/RII-23/2021
A/S.Petersburg/RII-08/2021,A/S.Petersburg/RII-08/2021
A/S.Petersburg/RII-17/2021,A/S.Petersburg/RII-08/2021
A/S.Petersburg/RII-28/2021,A/S.Petersburg/RII-08/2021
A/S.Petersburg/RII-32/2021,A/S.Petersburg/RII-32/2021
A/Yaroslavl/32/2021,A/Yaroslavl/32/2021
A/Georgia/87/2022,A/Estonia/167744/2021
A/Estonia/167744/2021,A/Estonia/167744/2021
A/S.Petersburg/RII-29/2021,A/Estonia/167744/2021
A/Belgium/G0182/2022,A/Belgium/G0182/2022
A/Armenia/922/2021,A/Armenia/922/2021
A/Armenia/919/2021,A/Armenia/922/2021
A/Latvia/01-089648/2022,A/Latvia/01-089648/2022
A/Lithuania/33816/2022,A/Lithuania/33224/2022
A/Lithuania/33224/2022,A/Lithuania/33224/2022
A/Lithuania/36453/2022,A/Lithuania/36453/2022
A/Vladivostok/1/2021,A/Tajikistan/2/2021
A/Armenia/887/2021,A/Armenia/887/2021
A/Moldova/6649/2022,A/Moldova/6649/2022
A/Estonia/168139/2022,A/Tajikistan/2/2021
A/Orenburg/45/2021,A/Orenburg/45/2021
A/Lithuania/33225/2022,A/Lithuania/36696/2022
A/Estonia/169301/2022,A/Lithuania/36696/2022
A/Lithuania/30885/2022,A/Lithuania/36696/2022
A/Lithuania/36119/2022,A/Lithuania/36696/2022
A/Lithuania/36696/2022,A/Lithuania/36696/2022
A/S.Petersburg/RII-25/2021,A/S.Petersburg/RII-25/2021
A/S.Petersburg/RII-10/2021,A/Tajikistan/2/2021
A/Latvia/12-045953/2021,A/Latvia/12-045953/2021
A/Estonia/168131/2022,A/Estonia/168131/2022
A/Yaroslavl/24/2021,A/Yaroslavl/24/2021
A/Uglich/22/2021,A/Tajikistan/2/2021
A/Vladivostok/2/2021,A/Tajikistan/2/2021
A/Berlin/2/2021,A/Tajikistan/2/2021
A/Armenia/869/2021,A/Tajikistan/2/2021
A/Yaroslavl/19/2021,A/Tajikistan/2/2021
A/Slovenia/19583/2021,A/Tajikistan/2/2021
A/Hungary/41/2022,A/Tajikistan/2/2021
A/Moldova/7273/2022,A/Tajikistan/2/2021
A/Moldova/7267/2022,A/Tajikistan/2/2021
A/Vladimir/9/2021,A/Tajikistan/2/2021
A/Armenia/897/2021,A/Tajikistan/2/2021
A/Albania/8322/2021,A/Tajikistan/2/2021
A/Austria/1504947/2022,A/Tajikistan/2/2021
A/Birobidjan/12/2022,A/Tajikistan/2/2021
A/Moscow/43/2021,A/Tajikistan/2/2021
A/Vladimir/40/2021,A/Tajikistan/2/2021
A/Hessen/8/2022,A/Tajikistan/2/2021
A/Yaroslavl/6/2021,A/Tajikistan/2/2021
A/Slovenia/9905/2022,A/Tajikistan/2/2021
A/Armenia/883/2021,A/Tajikistan/2/2021
A/Bremen/2/2022,A/Tajikistan/2/2021
A/Latvia/01-036169/2022,A/Tajikistan/2/2021
A/Tajikistan/2/2021,A/Tajikistan/2/2021
A/Moldova/6662/2022,A/Tajikistan/2/2021
A/Slovenia/8965/2022,A/Tajikistan/2/2021
A/Moscow/53/2021,A/Tajikistan/2/2021
A/Slovenia/9579/2022,A/Tajikistan/2/2021
A/Moscow/38/2021,A/Tajikistan/2/2021
A/Mahajanga/13255/2021,A/Tajikistan/2/2021
A/Orenburg/44/2021,A/Tajikistan/2/2021
A/Thuringen/3/2022,A/Thuringen/3/2022
A/S.Petersburg/RII-36/2021,A/S.Petersburg/RII-36/2021
A/Mahajanga/12820/2021,A/Mahajanga/13001/2021
A/Mahajanga/13001/2021,A/Mahajanga/13001/2021
A/Mahajanga/12995/2021,A/Mahajanga/13001/2021
A/Mahajanga/12604/2021,A/Mahajanga/13001/2021
A/Toamasina/13669/2021,A/Mahajanga/13001/2021
A/Mayotte/564/2021,A/Mayotte/564/2021
A/Mahajanga/12570/2021,A/Mahajanga/12570/2021
A/Ireland/92285/2021,A/Ireland/92285/2021
A/Armenia/885/2021,A/Armenia/885/2021
A/Iran/Aban17A/2021,A/Iran/Aban17A/2021
A/Parma/51/2022,A/Iran/Aban17A/2021
A/Norway/23748/2021,A/Iran/Aban17A/2021
A/Norway/24121/2021,A/Iran/Aban17A/2021
A/Milano/60/2022,A/Iran/Aban17A/2021
A/Orenburg/5/2022,A/Orenburg/5/2022
A/Qatar/16-VI-21-3798042/2021,A/Qatar/16-VI-21-3798042/2021
A/Qatar/24-VI-21-3942034/2021,A/Qatar/10-VI-21-3886441/2021
A/Novosibirsk/RII-03/2021,A/Novosibirsk/RII-03/2021
A/Novosibirsk/RII-01/2021,A/Novosibirsk/RII-03/2021
A/Vladivostok/11/2021,A/Novosibirsk/RII-03/2021
A/Norway/23662/2021,A/Qatar/10-VI-21-3886441/2021
A/Qatar/16-VI-21-3744895/2021,A/Qatar/10-VI-21-3886441/2021
A/Vladivostok/12/2021,A/Qatar/10-VI-21-3886441/2021
A/Armenia/881/2021,A/Qatar/10-VI-21-3886441/2021
A/Qatar/16-VI-21-3673175/2021,A/Qatar/16-VI-21-3673175/2021
A/Qatar/10-VI-21-3843467/2021,A/Qatar/10-VI-21-3843467/2021
A/S.Petersburg/RII-19/2021,A/S.Petersburg/RII-19/2021
A/Qatar/24-VI-21-3929575/2021,A/Qatar/10-VI-21-3886441/2021
A/Netherlands/10193/2021,A/Qatar/10-VI-21-3886441/2021
A/Qatar/24-VI-21-4031255/2021,A/Qatar/10-VI-21-3886441/2021
A/Qatar/24-VI-21-4041206/2021,A/Qatar/24-VI-21-4041206/2021
A/Norway/20047/2022,A/Norway/12245/2022
A/Norway/18896/2022,A/Norway/12245/2022
A/Norway/12245/2022,A/Norway/12245/2022
A/Qatar/16-VI-21-3994833/2021,A/Qatar/10-VI-21-3886441/2021
A/Poland/PL08/2022,A/Qatar/10-VI-21-3886441/2021
A/Netherlands/10231/2021,A/Qatar/10-VI-21-3886441/2021
A/Netherlands/10230/2021,A/Qatar/10-VI-21-3886441/2021
A/Qatar/24-VI-21-3985321/2021,A/Qatar/24-VI-21-3985321/2021
A/Qatar/24-VI-21-3912649/2021,A/Qatar/10-VI-21-3886441/2021
A/Qatar/24-VI-21-3868954/2021,A/Qatar/10-VI-21-3886441/2021
A/S.Petersburg/RII-22/2021,A/Qatar/10-VI-21-3886441/2021
A/Qatar/47-VI-21-4548906/2021,A/Qatar/10-VI-21-3886441/2021
A/Qatar/21-VI-21-4953403/2021,A/Qatar/10-VI-21-3886441/2021
A/Netherlands/00009/2022,A/Qatar/10-VI-21-3886441/2021
A/Orenburg/41/2021,A/Qatar/10-VI-21-3886441/2021
A/Netherlands/10215/2021,A/Qatar/10-VI-21-3886441/2021
A/Bourgoin/758/2022,A/Qatar/10-VI-21-3886441/2021
A/Qatar/16-VI-21-3778452/2021,A/Qatar/10-VI-21-3886441/2021
A/Belgium/S1128/2022,A/Qatar/10-VI-21-3886441/2021
A/Qatar/24-VI-21-3980766/2021,A/Qatar/10-VI-21-3886441/2021
A/Qatar/47-VI-21-3995023/2021,A/Qatar/10-VI-21-3886441/2021
A/Moldova/20813/2022,A/Qatar/10-VI-21-3886441/2021
A/Switzerland/69954/2021,A/Qatar/10-VI-21-3886441/2021
A/Iran/Aban12/2021,A/Qatar/10-VI-21-3886441/2021
A/Kazakhstan/586/2021,A/Qatar/10-VI-21-3886441/2021
A/Moldova/20035/2022,A/Qatar/10-VI-21-3886441/2021
A/Qatar/16-VI-21-3738537/2021,A/Qatar/10-VI-21-3886441/2021
A/Qatar/10-VI-21-4573977/2021,A/Qatar/10-VI-21-3886441/2021
A/Qatar/16-VI-21-3782139/2021,A/Qatar/10-VI-21-3886441/2021
A/Qatar/47-VI-21-4486313/2021,A/Qatar/10-VI-21-3886441/2021
A/Qatar/16-VI-21-3994707/2021,A/Qatar/10-VI-21-3886441/2021
A/Qatar/10-VI-21-3886441/2021,A/Qatar/10-VI-21-3886441/2021
A/Qatar/10-VI-21-3813895/2021,A/Qatar/10-VI-21-3886441/2021
A/Qatar/16-VI-21-3999123/2021,A/Qatar/10-VI-21-3886441/2021
A/Qatar/15-VI-21-4138232/2021,A/Qatar/10-VI-21-3886441/2021
A/Qatar/16-VI-21-3820344/2021,A/Qatar/10-VI-21-3886441/2021
A/Qatar/47-VI-21-3968065/2021,A/Qatar/10-VI-21-3886441/2021
A/Qatar/47-VI-21-3971441/2021,A/Qatar/10-VI-21-3886441/2021
A/Qatar/16-VI-21-3773931/2021,A/Qatar/10-VI-21-3886441/2021
A/Qatar/16-VI-21-3950368/2021,A/Qatar/10-VI-21-3886441/2021
A/Qatar/32-VI-21-4519262/2021,A/Qatar/10-VI-21-3886441/2021
A/Qatar/10-VI-22-1499678/2022,A/Qatar/10-VI-21-3886441/2021
A/Belgium/H0024/2022,A/Qatar/10-VI-21-3886441/2021
A/Qatar/24-VI-21-3962572/2021,A/Qatar/10-VI-21-3886441/2021
A/Qatar/10-VI-21-3904627/2021,A/Qatar/10-VI-21-3886441/2021
A/Qatar/26-VI-21-4617124/2021,A/Qatar/10-VI-21-3886441/2021
A/Vladivostok/14/2021,A/Qatar/10-VI-21-3886441/2021
A/Qatar/39-VI-21-4147440/2021,A/Qatar/10-VI-21-3886441/2021
A/S.Petersburg/RII-16/2021,A/Qatar/10-VI-21-3886441/2021
A/Switzerland/28536/2022,A/Qatar/10-VI-21-3886441/2021
A/Norway/18657/2022,A/Norway/18657/2022
A/Norway/18658/2022,A/Norway/18657/2022
A/Norway/15385/2022,A/Norway/18657/2022
A/England/214420670/2021,A/England/214420670/2021
A/Kosice/158/2023,A/Kosice/158/2023
A/Novosibirsk/RII-02/2021,A/Novosibirsk/RII-02/2021
A/Qatar/24-VI-21-3752470/2021,A/Qatar/24-VI-21-3752470/2021
A/Wisconsin/02/2021,A/Wisconsin/02/2021
A/Slovenia/11329/2022,A/Slovenia/11329/2022
A/Slovenia/11321/2022,A/Slovenia/11321/2022
A/FVG-Udine/99/2023,A/FVG-Udine/99/2023
A/Lithuania/48708/2022,A/Lithuania/48708/2022
A/Hungary/75/2022,A/Hungary/75/2022
A/Estonia/172464/2022,A/Georgia/T26-26/2022
A/Estonia/KL7277/2022,A/Georgia/T26-26/2022
A/Georgia/T26-26/2022,A/Georgia/T26-26/2022
A/Georgia/T11-4/2022,A/Georgia/T2/2022
A/Georgia/T18-45/2022,A/Georgia/T27-25/2022
A/Georgia/T27-25/2022,A/Georgia/T27-25/2022
A/Georgia/T2/2022,A/Georgia/T2/2022
A/Georgia/2369/2022,A/Georgia/T2/2022
A/Georgia/k-1153/2022,A/Georgia/T2/2022
A/Georgia/8/2022,A/Georgia/T2/2022
A/Georgia/4/2022,A/Georgia/T2/2022
A/Latvia/01-091445/2023,A/Latvia/01-091445/2023
A/Belgium/G0241/2023,A/Ukraine/774/2022
A/Latvia/12-020668/2022,A/Ukraine/774/2022
A/Ukraine/774/2022,A/Ukraine/774/2022
A/Belgium/S0888/2023,A/Ukraine/774/2022
A/Latvia/01-049321/2023,A/Ukraine/774/2022
A/Estonia/173645/2023,A/Ukraine/774/2022
A/Georgia/K18-57/2022,A/Georgia/K18-57/2022
A/Ireland/9830/2023,A/Ireland/9830/2023
A/Slovenia/158/2023,A/Slovenia/11445/2022
A/Netherlands/11833/2022,A/Netherlands/11833/2022
A/Centre/03353/2023,A/Centre/03353/2023
A/Netherlands/10226/2023,A/Netherlands/10228/2023
A/Netherlands/10228/2023,A/Netherlands/10228/2023
A/Navarra/4220/2022,A/Navarra/4220/2022
A/Montenegro/101668/2023,A/Montenegro/101668/2023
A/Slovenia/11481/2022,A/Slovenia/11445/2022
A/Austria/1573806/2022,A/Slovenia/11445/2022
A/Slovenia/277/2023,A/Slovenia/11445/2022
A/Switzerland/11159/2023,A/Switzerland/11159/2023
A/Netherlands/12136/2022,A/Slovenia/11445/2022
A/Belgium/S2651/2022,A/Slovenia/11445/2022
A/Slovenia/125/2023,A/Slovenia/11445/2022
A/Slovenia/11445/2022,A/Slovenia/11445/2022
A/Slovenia/11542/2022,A/Slovenia/11445/2022
A/Slovenia/110/2023,A/Slovenia/11445/2022
A/Albania/290350/2022,A/Albania/290350/2022
A/Albania/290633/2023,A/Albania/290558/2023
A/Albania/290562/2023,A/Albania/290558/2023
A/Albania/290558/2023,A/Albania/290558/2023
A/Bulgaria/1581/2022,A/Bulgaria/1581/2022
A/Norway/33404/2022,A/Norway/33404/2022
A/Switzerland/67859/2022,A/Switzerland/67859/2022
A/Romania/516036/2022,A/Nordrhein-Westfalen/36/2022
A/Romania/516032/2022,A/Nordrhein-Westfalen/36/2022
A/Norway/27853/2022,A/Nordrhein-Westfalen/36/2022
A/Romania/518135/2022,A/Nordrhein-Westfalen/36/2022
A/Romania/516033/2022,A/Nordrhein-Westfalen/36/2022
A/Nordrhein-Westfalen/36/2022,A/Nordrhein-Westfalen/36/2022
A/Tunisia/20957/2022,A/Tunisia/20957/2022
A/Nordrhein-Westfalen/37/2022,A/Nordrhein-Westfalen/37/2022
A/Berlin/146/2022,A/Norway/28542/2022
A/Netherlands/01232/2022,A/Norway/28542/2022
A/Belgium/S1938/2022,A/Norway/28542/2022
A/Norway/28542/2022,A/Norway/28542/2022
A/Slovenia/11422/2022,A/Slovenia/11422/2022
A/Slovenia/657/2023,A/Slovenia/657/2023
A/Ukraine/773/2022,A/Ukraine/779/2022
A/Ukraine/775/2022,A/Ukraine/779/2022
A/Kyiv/506/2022,A/Ukraine/779/2022
A/Ukraine/804/2022,A/Ukraine/779/2022
A/Ukraine/778/2022,A/Ukraine/779/2022
A/Ukraine/779/2022,A/Ukraine/779/2022
A/BosniaAndHerzegovina/154/2023,A/Catalonia/2262797NS/2022
A/Catalonia/2262797NS/2022,A/Catalonia/2262797NS/2022
A/Norway/28394/2022,A/Norway/28394/2022
A/Andalucia/2720/2022,A/Norway/28394/2022
A/Norway/26959/2022,A/Norway/28394/2022
A/Norway/27459/2022,A/Norway/28394/2022
A/Norway/27942/2022,A/Norway/28394/2022
A/Switzerland/84156/2022,A/Switzerland/12981/2022
A/Switzerland/12981/2022,A/Switzerland/12981/2022
A/Switzerland/73028/2022,A/Switzerland/12981/2022
A/Belgium/S0446/2022,A/Switzerland/12981/2022
A/Tripoli.LBN/7347/2021,A/Tripoli.LBN/7347/2021
A/Bretagne/02975/2023,A/Bretagne/02975/2023
A/Netherlands/01617/2023,A/Poland/PL65/2022
A/Ireland/65034/2022,A/Poland/PL65/2022
A/Catalonia/3505472NS/2022,A/Poland/PL65/2022
A/Croatia/109105/2022,A/Croatia/111538/2022
A/Croatia/111538/2022,A/Croatia/111538/2022
A/Montenegro/519452/2022,A/Montenegro/519452/2022
A/Hungary/68/2022,A/Hungary/68/2022
A/Ireland/9045/2023,A/Ireland/9045/2023
A/Berlin/5/2022,A/Berlin/5/2021
A/Niedersachsen/8/2022,A/Berlin/5/2021
A/Berlin/5/2021,A/Berlin/5/2021
A/Belgium/S1204/2023,A/Poland/PL65/2022
A/Estonia/172437/2022,A/Estonia/172437/2022
A/Moldova/2025278/2023,A/Moldova/2025278/2023
A/Zamora/57/2022,A/Zamora/57/2022
A/Burgos/4012/2023,A/Burgos/4014/2023
A/Burgos/4014/2023,A/Burgos/4014/2023
A/Bolzano/40/2022,A/Bolzano/40/2022
A/Catalonia/NSVH560025968/2022,A/Poland/PL65/2022
A/Greece/15/2023,A/Greece/15/2023
A/Poland/PL65/2022,A/Poland/PL65/2022
A/Switzerland/12082/2022,A/Switzerland/12082/2022
A/Estonia/172631/2023,A/Switzerland/12082/2022
A/Segovia/233/2022,A/Segovia/233/2022
A/Greece/370/2022,A/Greece/370/2022
A/Kyiv/422/2022,A/Poland/PL65/2022
A/Netherlands/10236/2023,A/Netherlands/11968/2022
A/Netherlands/11968/2022,A/Netherlands/11968/2022
A/Poland/205/2023,A/Poland/205/2023
A/Lisboa/721/2022,A/Poland/PL65/2022
A/Slovenia/11468/2022,A/Poland/PL65/2022
A/Belgium/S2653/2022,A/Belgium/S2653/2022
A/Netherlands/10277/2023,A/Poland/PL65/2022
A/Norway/3821/2023,A/Norway/3821/2023
A/Belgium/S1414/2023,A/Poland/PL65/2022
A/Padova/1/2023,A/Poland/PL65/2022
A/Belgium/G0007/2023,A/Belgium/G0007/2023
A/Netherlands/10142/2023,A/Netherlands/10142/2023
A/Kyiv/494/2022,A/Poland/PL65/2022
A/Georgia/K20-14/2022,A/Georgia/K20-14/2022
A/Kosice/130/2023,A/Kosice/130/2023
A/Norway/33402/2022,A/Poland/PL65/2022
A/England/106/2022,A/Poland/PL65/2022
A/Switzerland/28394/2022,A/Poland/PL65/2022
A/Albania/290580/2023,A/Poland/PL65/2022
A/Estonia/173578/2023,A/Poland/PL65/2022
A/Hungary/85/2022,A/Poland/PL65/2022
A/Switzerland/76550/2022,A/Poland/PL65/2022
A/Kosovo/891/2023,A/Poland/PL65/2022
A/Ireland/74222/2022,A/Poland/PL65/2022
A/Baden-Wurttemberg/66/2022,A/Poland/PL65/2022
A/Netherlands/11817/2022,A/Poland/PL65/2022
A/Bretagne/55892/2022,A/Poland/PL65/2022
A/Estonia/172629/2023,A/Poland/PL65/2022
A/Switzerland/06948/2022,A/Poland/PL65/2022
A/Belgium/G0381/2022,A/Poland/PL65/2022
A/BosniaAndHerzegovina/144/2023,A/Poland/PL65/2022
A/Tunisia/1652/2023,A/Poland/PL65/2022
A/Burgos/8/2023,A/Poland/PL65/2022
A/Catalonia/NSVH101892403/2022,A/Poland/PL65/2022
A/Albania/290638/2023,A/Poland/PL65/2022
A/Belgium/S2663/2022,A/Poland/PL65/2022
A/Catalonia/NSVH198253201/2022,A/Poland/PL65/2022
A/Ireland/74250/2022,A/Poland/PL65/2022
A/Belgium/S2455/2022,A/Poland/PL65/2022
A/Leon/4311/2023,A/Poland/PL65/2022
A/Poland/204/2023,A/Poland/PL65/2022
A/Aragon/4051/2022,A/Poland/PL65/2022
A/Netherlands/11854/2022,A/Poland/PL65/2022
A/Lisboa/720/2022,A/Poland/PL65/2022
A/England/104/2022,A/Poland/PL65/2022
A/Boras/2/2023,A/Poland/PL65/2022
A/Switzerland/89053/2022,A/Poland/PL65/2022
A/Estonia/172883/2023,A/Poland/PL65/2022
A/Hungary/69/2022,A/Poland/PL65/2022
A/Lisboa/697/2022,A/Poland/PL65/2022
A/Netherlands/11980/2022,A/Poland/PL65/2022
A/Ireland/21983/2023,A/Poland/PL65/2022
A/Israel/B1743/2023,A/Poland/PL65/2022
A/Estonia/172886/2023,A/Poland/PL65/2022
A/Estonia/173741/2023,A/Poland/PL65/2022
A/Leon/4319/2023,A/Poland/PL65/2022
A/Catalonia/NSVH151029260/2022,A/Poland/PL65/2022
A/Brandenburg/12/2022,A/Poland/PL65/2022
A/Belgium/S2445/2022,A/Poland/PL65/2022
A/Lisboa/719/2022,A/Poland/PL65/2022
A/Catalonia/NSVH172304934/2022,A/Poland/PL65/2022
A/Romania/544311/2022,A/Poland/PL65/2022
A/Switzerland/71367/2023,A/Poland/PL65/2022
A/Thuringen/28/2022,A/Poland/PL65/2022
A/Belgium/G0405/2022,A/Poland/PL65/2022
A/Ireland/9047/2023,A/Poland/PL65/2022
A/Lisboa/566/2022,A/Poland/PL65/2022
A/Catalonia/NSVH198253092/2022,A/Poland/PL65/2022
A/Estonia/173616/2023,A/Poland/PL65/2022
A/Ireland/80520/2022,A/Poland/PL65/2022
A/Slovenia/11309/2022,A/Poland/PL65/2022
A/Bulgaria/2712/2022,A/Poland/PL65/2022
A/Valladolid/4167/2023,A/Poland/PL65/2022
A/Belgium/G0171/2023,A/Poland/PL65/2022
A/Estonia/173486/2023,A/Poland/PL65/2022
A/Leon/4132/2023,A/Poland/PL65/2022
A/Catalonia/NSVH531046263/2022,A/Poland/PL65/2022
A/Switzerland/01284/2022,A/Poland/PL65/2022
A/Switzerland/95050/2023,A/Poland/PL65/2022
A/Tunisia/23062/2022,A/Poland/PL65/2022
A/Thuringen/63/2022,A/Poland/PL65/2022
A/Switzerland/54601/2022,A/Poland/PL65/2022
A/Norway/3891/2023,A/Poland/PL65/2022
A/Denmark/3127/2022,A/Poland/PL65/2022
A/Slovenia/11406/2022,A/Poland/PL65/2022
A/Slovenia/114/2023,A/Poland/PL65/2022
A/Lithuania/48252/2022,A/Poland/PL65/2022
A/Pays_de_Loire/01997/2023,A/Poland/PL65/2022
A/Hessen/6/2023,A/Poland/PL65/2022
A/Valladolid/15/2023,A/Poland/PL65/2022
A/Galicia/3994/2022,A/Poland/PL65/2022
A/Franche_Comte/01892/2023,A/Poland/PL65/2022
A/Romania/544238/2022,A/Poland/PL65/2022
A/Rheinland-Pfalz/35/2022,A/Poland/PL65/2022
A/Serbia/263/2023,A/Poland/PL65/2022
A/Norway/32860/2022,A/Poland/PL65/2022
A/Slovenia/11480/2022,A/Poland/PL65/2022
A/Lisboa/698/2022,A/Poland/PL65/2022
A/Ireland/74511/2022,A/Poland/PL65/2022
A/Valladolid/21/2022,A/Poland/PL65/2022
A/Catalonia/NSVH161512067/2022,A/Poland/PL65/2022
A/Armenia/167/2023,A/Poland/PL65/2022
A/Albania/290569/2023,A/Poland/PL65/2022
A/Moldova/2026063/2023,A/Poland/PL65/2022
A/Bretagne/02688/2023,A/Poland/PL65/2022
A/Slovenia/9216/2022,A/Slovenia/9216/2022
A/Slovenia/9318/2022,A/Slovenia/9318/2022
A/Parma/01/2021,A/Parma/01/2021
A/Portugal/58/2021,A/Portugal/58/2021
A/Netherlands/10062/2021,A/Netherlands/10062/2021
A/Reims/30384/2021,A/Reims/30384/2021
A/Israel/R-9526/2021,A/Israel/R-9526/2021
A/Milano/01/2021,A/Milano/01/2021
A/Reims/46045/2021,A/Reims/30384/2021
A/Cameroon/8639/2021,A/Reims/30384/2021
A/Cameroon/7554/2021,A/Reims/30384/2021
A/Michigan/173/2020,A/Michigan/173/2020
A/Slovenia/9860/2022,A/Slovenia/9860/2022
A/Denmark/21/2021,A/Denmark/21/2021
A/Kazakhstan/583/2021,A/Denmark/21/2021
A/Andalucia/9561/2021,A/Andalucia/9561/2021
A/Schleswig-Holstein/1/2021,A/Schleswig-Holstein/1/2021
A/Israel/S-3/2021,A/Israel/R-6983/2021
A/Israel/R-6982/2021,A/Israel/R-6983/2021
A/Israel/R-6983/2021,A/Israel/R-6983/2021
A/Barka/72126850/2021,A/Barka/72126850/2021
A/Ibra/72128577/2021,A/Barka/72126850/2021
A/Ibra/72211258/2022,A/Ibra/72211258/2022
A/SaudiArabia/1404/2022,A/SaudiArabia/1404/2022
A/Darwin/9/2021,A/Darwin/9/2021
A/Belgium/G0159/2022,A/Belgium/G0159/2022
A/Stockholm/5/2021,A/Stockholm/5/2021
A/Delaware/01/2021,A/Delaware/01/2021
A/Netherlands/10184/2021,A/Netherlands/10184/2021
A/Netherlands/10182/2021,A/Netherlands/10184/2021
A/Qatar/16-VI-21-4035218/2021,A/Qatar/16-VI-21-4035218/2021
A/Qatar/34-VI-21-3664968/2021,A/Stockholm/5/2021
A/Norway/13224/2022,A/Norway/28830/2021
A/Norway/28830/2021,A/Norway/28830/2021
A/Norway/676/2022,A/Norway/28830/2021
A/Norway/29511/2021,A/Norway/28830/2021
A/Norway/28578/2021,A/Norway/28830/2021
A/Norway/28577/2021,A/Norway/28830/2021
A/Salalah/72127789/2021,A/Salalah/72126169/2021
A/Haima/72127478/2021,A/Salalah/72126169/2021
A/Salalah/72126169/2021,A/Salalah/72126169/2021
A/Sohar/72125048/2021,A/Salalah/72126169/2021
A/Salalah/72127281/2021,A/Salalah/72127281/2021
A/Netherlands/10195/2021,A/Netherlands/10195/2021
A/Bangladesh/4005/2020,A/Bangladesh/4005/2020
A/Netherlands/00001/2022,A/Netherlands/00001/2022
A/Antsirabe/03799/2022,A/Antananarivo/05015/2022
A/Antananarivo/04020/2022,A/Antananarivo/04020/2022
A/Antananarivo/03601/2022,A/Antananarivo/03601/2022
A/Antananarivo/04650/2022,A/Antananarivo/04650/2022
A/Antananarivo/05015/2022,A/Antananarivo/05015/2022
A/Qatar/10-VI-21-4396149/2021,A/Qatar/10-VI-21-4396149/2021
A/Qatar/16-VI-21-4035811/2021,A/Qatar/16-VI-21-4035811/2021
A/Nepal/21FL2699/2021,A/Qatar/16-VI-21-4035811/2021
A/Bayern/7/2022,A/Bayern/7/2022
A/Stockholm/9/2022,A/Stockholm/9/2022
A/Netherlands/10204/2021,A/Netherlands/10204/2021
A/Israel/B-145/2021,A/Israel/B-145/2021
A/Tunisia/8259/2022,A/Tunisia/8259/2022
A/Zghorta.LBN/7493/2021,A/Zghorta.LBN/7493/2021
A/Lebanon/8074/2021,A/Arsal/5768/2021
A/Zghorta.LBN/7491/2021,A/Zghorta.LBN/7491/2021
A/Tripoli.LBN/7350/2021,A/Tripoli.LBN/7350/2021
A/Bazoureyeh.LBN/7037/2021,A/Tripoli.LBN/7350/2021
A/Zghorta.LBN/7506/2021,A/Arsal/5768/2021
A/Arsal/5768/2021,A/Arsal/5768/2021
A/Belgium/H0007/2021,A/Arsal/5768/2021
A/Tripoli/5638/2021,A/Arsal/5768/2021
A/Lebanon/8276/2021,A/Lebanon/8276/2021
A/Akkar.LBN/7377/2021,A/Lebanon/8276/2021
A/Lebanon/8325/2021,A/Lebanon/8325/2021
A/Beirut/5517/2021,A/Lebanon/8276/2021
A/Tripoli/5644/2021,A/Lebanon/8276/2021
A/Ksara.LBN/7293/2021,A/Lebanon/8276/2021
A/Zahleh.LBN/6895/2021,A/Lebanon/8276/2021
A/Zahleh.LBN/7060/2021,A/Lebanon/8276/2021
A/Zahleh.LBN/7292/2021,A/Lebanon/8276/2021
A/Baabda/5555/2021,A/Lebanon/8276/2021
A/Beirut/5788/2021,A/Lebanon/8276/2021
A/Beirut/5509/2021,A/Lebanon/8276/2021
A/Belgium/H0010/2021,A/Belgium/H0010/2021
A/Berlin/40/2022,A/Belgium/H0010/2021
A/Poland/PL42/2022,A/Poland/PL42/2022
A/Linkoping/3/2022,A/Linkoping/3/2022
A/Serbia/1172/2022,A/Serbia/1172/2022
A/Serbia/2522/2022,A/Serbia/1172/2022
A/Serbia/1732/2022,A/Serbia/1172/2022
A/Slovenia/8828/2022,A/Slovenia/8828/2022
A/Belgium/S0814/2022,A/Belgium/S0814/2022
A/Belgium/S0834/2022,A/Kosova/114/2021
A/Dunkerque/16908/2022,A/Dunkerque/16908/2022
A/Kosova/114/2021,A/Kosova/114/2021
A/Belgium/G0201/2022,A/Kosova/114/2021
A/Belgium/S1049/2022,A/Kosova/114/2021
A/Belgium/H0008/2022,A/Kosova/114/2021
A/Belgium/S2610/2022,A/Kosova/114/2021
A/Garches/28367/2022,A/Kosova/114/2021
A/Belgium/S2622/2022,A/Kosova/114/2021
A/Serbia/5/2021,A/Kosova/114/2021
A/Switzerland/18016/2022,A/Kosova/114/2021
A/Belgium/S2599/2022,A/Kosova/114/2021
A/Nordrhein-Westfalen/2/2021,A/Nordrhein-Westfalen/2/2021
A/Spain/90/2021,A/Spain/90/2021
A/Netherlands/10222/2021,A/Spain/90/2021
A/Bolzano/21/2022,A/Spain/90/2021
A/Wyoming/01/2021,A/Spain/90/2021
A/Bolzano/3/2022,A/Spain/90/2021
A/Portugal/211456/2022,A/Portugal/211456/2022
A/Portugal/211458/2022,A/Saarland/1/2022
A/Saarland/1/2022,A/Saarland/1/2022
A/Romania/515894/2022,A/Romania/515894/2022
A/Slovenia/8799/2022,A/Slovenia/9659/2022
A/Slovenia/9624/2022,A/Slovenia/9659/2022
A/Slovenia/9891/2022,A/Slovenia/9891/2022
A/Slovenia/9659/2022,A/Slovenia/9659/2022
A/Switzerland/12229/2022,A/Switzerland/12229/2022
A/Bulgaria/1536/2022,A/Bulgaria/1536/2022
A/Hessen/6/2022,A/Netherlands/10203/2021
A/Netherlands/10203/2021,A/Netherlands/10203/2021
A/Bulgaria/1537/2022,A/Netherlands/10203/2021
A/Bretagne/32468/2022,A/Bretagne/32468/2022
A/Thuringen/6/2022,A/Thuringen/6/2022
A/Thuringen/7/2022,A/Thuringen/7/2022
A/Montenegro/1651692202/2022,A/Montenegro/1651692202/2022
A/Belgium/S1027/2022,A/Belgium/S1045/2022
A/Denmark/1098/2022,A/Belgium/S1045/2022
A/Denmark/558/2022,A/Belgium/S1045/2022
A/Bulgaria/648/2022,A/Belgium/S1045/2022
A/Montenegro/1557212202/2022,A/Belgium/S1045/2022
A/Belgium/S1045/2022,A/Belgium/S1045/2022
A/Bulgaria/644/2022,A/Belgium/S1045/2022
A/Bulgaria/1659/2022,A/Berlin/4/2021
A/Croatia/79486/2022,A/Berlin/4/2021
A/Bulgaria/1666/2022,A/Bulgaria/1666/2022
A/Romania/495025/2021,A/Romania/495025/2021
A/Norway/530/2022,A/Norway/530/2022
A/Austria/1507395/2022,A/Austria/1507395/2022
A/Eskilstuna/1/2022,A/Eskilstuna/1/2022
A/Burgos/5/2023,A/Burgos/5/2023
A/Milano/30/2022,A/Milano/30/2022
A/Bulgaria/1813/2022,A/Bulgaria/1813/2022
A/Hungary/63/2022,A/Hungary/63/2022
A/Slovenia/9854/2022,A/Slovenia/9854/2022
A/Slovenia/9146/2022,A/Slovenia/9146/2022
A/Netherlands/10210/2021,A/Netherlands/10210/2021
A/Belgium/S0757/2022,A/Belgium/S0757/2022
A/Mecklenburg-Vorpommern/69/2022,A/Mecklenburg-Vorpommern/69/2022
A/Montenegro/1714472202/2022,A/Montenegro/1714472202/2022
A/Slovenia/9967/2022,A/Arsal/5767/2021
A/Slovenia/10081/2022,A/Arsal/5767/2021
A/Hessen/18/2022,A/Arsal/5767/2021
A/Slovenia/9806/2022,A/Arsal/5767/2021
A/Dunkerque/51979/2021,A/Arsal/5767/2021
A/Slovenia/9671/2022,A/Slovenia/9671/2022
A/Slovenia/9707/2022,A/Slovenia/9671/2022
A/Iran/Aban11/2021,A/Arsal/5767/2021
A/Bremen/27/2022,A/Akkar.LBN/6728/2021
A/Bremen/30/2022,A/Akkar.LBN/6728/2021
A/England/151/2022,A/Arsal/5767/2021
A/Alsace/28544/2022,A/Arsal/5767/2021
A/Poland/PL16/2022,A/Arsal/5767/2021
A/Spain/1126/2022,A/Spain/1126/2022
A/Poland/PL40/2022,A/Poland/PL40/2022
A/Portugal/211329/2022,A/Arsal/5767/2021
A/Andalucia/2718/2022,A/Arsal/5767/2021
A/Qatar/10-VI-22-1634794/2022,A/Arsal/5767/2021
A/Austria/1503342/2022,A/Austria/1503342/2022
A/Ireland/16347/2022,A/Norway/18090/2022
A/Norway/18090/2022,A/Norway/18090/2022
A/Kyiv/7/2022,A/Kyiv/1/2022
A/Kyiv/4/2022,A/Kyiv/4/2022
A/Poland/99/2022,A/Kyiv/1/2022
A/Kyiv/5/2022,A/Kyiv/1/2022
A/Kyiv/3/2022,A/Kyiv/1/2022
A/Kyiv/1/2022,A/Kyiv/1/2022
A/Madrid/3803/2022,A/Madrid/3803/2022
A/Valladolid/32/2022,A/Valladolid/12/2022
A/Valladolid/18/2022,A/Valladolid/12/2022
A/Valladolid/19/2022,A/Valladolid/12/2022
A/Valladolid/12/2022,A/Valladolid/12/2022
A/Salamanca/34/2022,A/Palencia/30/2022
A/Palencia/210/2022,A/Palencia/30/2022
A/Burgos/4/2023,A/Palencia/30/2022
A/Valladolid/14/2022,A/Palencia/30/2022
A/Palencia/30/2022,A/Palencia/30/2022
A/Burgos/82/2022,A/Palencia/30/2022
A/Burgos/19/2022,A/Palencia/30/2022
A/Burgos/24/2022,A/Palencia/30/2022
A/Burgos/23/2022,A/Palencia/30/2022
A/Lisboa/629/2022,A/Palencia/30/2022
A/Lille/50053/2022,A/Lille/50053/2022
A/Salamanca/35/2022,A/Salamanca/35/2022
A/Bremen/4/2022,A/Bremen/4/2022
A/Slovenia/9558/2022,A/Bremen/4/2022
A/Belgium/S1030/2022,A/Belgium/S1030/2022
A/Hungary/60/2022,A/Hungary/60/2022
A/Romania/516041/2022,A/Poland/98/2022
A/Madrid/1436/2022,A/Madrid/1436/2022
A/Belgium/S2614/2022,A/Poland/98/2022
A/Austria/1513783/2022,A/Poland/98/2022
A/Poland/78/2022,A/Poland/98/2022
A/Belgium/S1065/2022,A/Poland/98/2022
A/Romania/516038/2022,A/Poland/98/2022
A/Andalucia/2723/2022,A/Poland/98/2022
A/Hungary/52/2022,A/Poland/98/2022
A/Austria/1504938/2022,A/Poland/98/2022
A/Ireland/23694/2022,A/Poland/98/2022
A/Hungary/55/2022,A/Poland/98/2022
A/Poland/98/2022,A/Poland/98/2022
A/Belgium/G0188/2022,A/Poland/98/2022
A/Norway/25483/2022,A/Poland/98/2022
A/Hungary/39/2022,A/Poland/98/2022
A/Hungary/51/2022,A/Poland/98/2022
A/Poland/PL49/2022,A/Poland/98/2022
A/Belgium/W0019/2022,A/Poland/98/2022
A/Spain/1091/2022,A/Poland/98/2022
A/Belgium/G0162/2022,A/Arsal/5767/2021
A/Denmark/320/2022,A/Arsal/5767/2021
A/Denmark/333/2022,A/Denmark/333/2022
A/Spain/1127/2022,A/Spain/1127/2022
A/Tripoli.LBN/7180/2021,A/Tripoli.LBN/7180/2021
A/Slovenia/9705/2022,A/Slovenia/9705/2022
A/Poland/58/2022,A/Netherlands/10210/2021
A/Austria/1513777/2022,A/Netherlands/10210/2021
A/Denmark/602/2022,A/Netherlands/10210/2021
A/Croatia/70723/2022,A/Croatia/70723/2022
A/Latvia/12-097744/2021,A/Latvia/12-097744/2021
A/Slovenia/9626/2022,A/Slovenia/9626/2022
A/Brest/932/2022,A/Lebanon/8510/2021
A/Lebanon/8510/2021,A/Lebanon/8510/2021
A/Andalucia/2716/2022,A/Lebanon/8510/2021
A/Qatar/10-VI-22-1463000/2022,A/Qatar/10-VI-22-1463000/2022
A/Croatia/77372/2022,A/Croatia/77372/2022
A/Croatia/70654/2022,A/Slovenia/9449/2022
A/Slovenia/9768/2022,A/Slovenia/9449/2022
A/Slovenia/9633/2022,A/Slovenia/9449/2022
A/Slovenia/9449/2022,A/Slovenia/9449/2022
A/Slovenia/9641/2022,A/Slovenia/9726/2022
A/Slovenia/9736/2022,A/Slovenia/9726/2022
A/Slovenia/9644/2022,A/Slovenia/9726/2022
A/Slovenia/9726/2022,A/Slovenia/9726/2022
A/Latvia/04-86299/2022,A/Latvia/04-86299/2022
A/Estonia/169374/2022,A/Arsal/5767/2021
A/Georgia/2063/2021,A/Georgia/2063/2021
A/Estonia/168141/2022,A/Estonia/168141/2022
A/Estonia/168142/2022,A/Estonia/168141/2022
A/Ukraine/358/2022,A/Ukraine/358/2022
A/Austria/1505762/2022,A/Austria/1505762/2022
A/Berlin/4/2021,A/Berlin/4/2021
A/Croatia/70645/2022,A/Arsal/5767/2021
A/Hessen/1/2021,A/Berlin/4/2021
A/Portugal/211242/2022,A/Portugal/211242/2022
A/Slovenia/10919/2022,A/Slovenia/10919/2022
A/Slovenia/9450/2022,A/Arsal/5767/2021
A/Slovenia/9448/2022,A/Slovenia/9448/2022
A/Sachsen/1/2022,A/Berlin/4/2021
A/Toulon/760/2022,A/Arsal/5767/2021
A/Austria/1504561/2022,A/Arsal/5767/2021
A/Montenegro/1614822202/2022,A/Montenegro/1614822202/2022
A/Serbia/2007/2022,A/Arsal/5767/2021
A/Norway/12664/2022,A/Montenegro/1082622202/2022
A/Norway/11716/2022,A/Montenegro/1082622202/2022
A/Montenegro/1082622202/2022,A/Montenegro/1082622202/2022
A/Portugal/211317/2022,A/Arsal/5767/2021
A/Linkoping/5/2022,A/Linkoping/5/2022
A/Romania/516351/2022,A/Arsal/5767/2021
A/Picardie/29331/2022,A/Arsal/5767/2021
A/Romania/516348/2022,A/Arsal/5767/2021
A/Israel/R-9337/2021,A/Israel/R-9337/2021
A/Estonia/KL4992/2022,A/Estonia/KL4992/2022
A/Slovenia/9728/2022,A/Montenegro/1614822202/2022
A/Serbia/206/2022,A/Montenegro/1614822202/2022
A/Serbia/199/2022,A/Montenegro/1614822202/2022
A/Austria/1491740/2022,A/Montenegro/1614822202/2022
A/Serbia/416478/2022,A/Montenegro/1614822202/2022
A/Iceland/32842/2022,A/Arsal/5767/2021
A/Stockholm/8/2021,A/Stockholm/8/2021
A/Baalbeck.LBN/7288/2021,A/Stockholm/8/2021
A/Netherlands/11924/2022,A/Arsal/5767/2021
A/Poland/75/2022,A/Arsal/5767/2021
A/Sweden/3/2022,A/Arsal/5767/2021
A/Norway/29040/2022,A/Arsal/5767/2021
A/Bayern/16/2022,A/Arsal/5767/2021
A/Tripoli/5927/2021,A/Arsal/5767/2021
A/Arsal/5772/2021,A/Arsal/5767/2021
A/Albania/890/2021,A/Arsal/5767/2021
A/Serbia/2489/2022,A/Arsal/5767/2021
A/Coquelles/21188/2022,A/Arsal/5767/2021
A/Romania/518145/2022,A/Arsal/5767/2021
A/Poland/PL25/2022,A/Arsal/5767/2021
A/Denmark/499/2022,A/Arsal/5767/2021
A/Slovenia/9708/2022,A/Arsal/5767/2021
A/Sachsen/4/2022,A/Arsal/5767/2021
A/Sarajevo/186G/2022,A/Arsal/5767/2021
A/Romania/516540/2022,A/Romania/516540/2022
A/Slovenia/9614/2022,A/Slovenia/9614/2022
A/Latvia/04-78381/2022,A/Latvia/04-78381/2022
A/Georgia/132/2022,A/Georgia/132/2022
A/Norway/33371/2022,A/Norway/33371/2022
A/Lebanon/8515/2021,A/Lebanon/8515/2021
A/Lebanon/8348/2021,A/Lebanon/8515/2021
A/Romania/515290/2022,A/Romania/515290/2022
A/Austria/1496862/2022,A/Austria/1496862/2022
A/Ireland/16348/2022,A/Ireland/16348/2022
A/Slovenia/9091/2022,A/Slovenia/9091/2022
A/Rheinland-Pfalz/2/2021,A/Rheinland-Pfalz/2/2021
A/Croatia/70648/2022,A/Croatia/70648/2022
A/Bulgaria/1726/2022,A/Bulgaria/1726/2022
A/Nordrhein-Westfalen/5/2022,A/Nordrhein-Westfalen/5/2022
A/Ireland/24347/2022,A/Ireland/24347/2022
A/Sassari/2/2022,A/Sassari/2/2022
A/Ireland/15242/2022,A/Ireland/14993/2022
A/Ireland/14993/2022,A/Ireland/14993/2022
A/Estonia/KL4998/2022,A/Austria/1505788/2022
A/Austria/1505788/2022,A/Austria/1505788/2022
A/Lithuania/33828/2022,A/Lithuania/33830/2022
A/Latvia/04-86261/2022,A/Lithuania/33830/2022
A/Latvia/04-78414/2022,A/Lithuania/33830/2022
A/Lithuania/33830/2022,A/Lithuania/33830/2022
A/Nordrhein-Westfalen/3/2021,A/Arsal/5767/2021
A/Bulgaria/1611/2022,A/Arsal/5767/2021
A/Akkar.LBN/6728/2021,A/Akkar.LBN/6728/2021
A/Montenegro/1651632202/2022,A/Montenegro/1651632202/2022
A/Bulgaria/1616/2022,A/Arsal/5767/2021
A/Croatia/70708/2022,A/Arsal/5767/2021
A/FVG-Trieste/366/2022,A/Arsal/5767/2021
A/Slovenia/9599/2022,A/Arsal/5767/2021
A/Iran/Mehr28/2021,A/Iran/Mehr28/2021
A/Estonia/168577/2022,A/Iran/Mehr28/2021
A/Bulgaria/1579/2022,A/Arsal/5767/2021
A/Serbia/1549/2022,A/Arsal/5767/2021
A/Latvia/04-78385/2022,A/Arsal/5767/2021
A/Norway/16929/2022,A/Arsal/5767/2021
A/Netherlands/00007/2021,A/Arsal/5767/2021
A/Hungary/2/2022,A/Arsal/5767/2021
A/Slovenia/9737/2022,A/Arsal/5767/2021
A/Hungary/1/2022,A/Arsal/5767/2021
A/Norway/16898/2022,A/Arsal/5767/2021
A/Galicia/1451/2022,A/Arsal/5767/2021
A/Perugia/35/2022,A/Arsal/5767/2021
A/Slovenia/9456/2022,A/Arsal/5767/2021
A/Bulgaria/1665/2022,A/Arsal/5767/2021
A/Lithuania/48774/2022,A/Arsal/5767/2021
A/Poland/65/2022,A/Arsal/5767/2021
A/Serbia/91/2022,A/Arsal/5767/2021
A/Portugal/210259/2022,A/Arsal/5767/2021
A/Rheinland-Pfalz/8/2022,A/Arsal/5767/2021
A/Slovenia/9706/2022,A/Arsal/5767/2021
A/Bolzano/22/2022,A/Arsal/5767/2021
A/Andalucia/2708/2022,A/Arsal/5767/2021
A/Romania/516376/2022,A/Arsal/5767/2021
A/Slovenia/9670/2022,A/Arsal/5767/2021
A/Romania/516042/2022,A/Arsal/5767/2021
A/Poland/101/2022,A/Arsal/5767/2021
A/Portugal/211249/2022,A/Arsal/5767/2021
A/Spain/1108/2022,A/Arsal/5767/2021
A/Lyon/808/2022,A/Arsal/5767/2021
A/Israel/S-1/2021,A/Arsal/5767/2021
A/Andalucia/2705/2022,A/Arsal/5767/2021
A/Norway/18562/2022,A/Arsal/5767/2021
A/Bulgaria/1588/2022,A/Arsal/5767/2021
A/Austria/1512885/2022,A/Arsal/5767/2021
A/Denmark/294/2022,A/Arsal/5767/2021
A/Switzerland/83625/2022,A/Arsal/5767/2021
A/Lebanon/8137/2021,A/Arsal/5767/2021
A/Sassari/7/2022,A/Arsal/5767/2021
A/Norway/12392/2022,A/Arsal/5767/2021
A/Belgium/S0747/2022,A/Arsal/5767/2021
A/Bulgaria/1660/2022,A/Arsal/5767/2021
A/Tripoli/5937/2021,A/Arsal/5767/2021
A/Zahleh.LBN/7063/2021,A/Arsal/5767/2021
A/Poland/PL27/2022,A/Arsal/5767/2021
A/Norway/18656/2022,A/Arsal/5767/2021
A/Perugia/23/2022,A/Arsal/5767/2021
A/Romania/516460/2022,A/Arsal/5767/2021
A/Portugal/210273/2022,A/Arsal/5767/2021
A/Baabda.LBN/7463/2021,A/Arsal/5767/2021
A/Croatia/70697/2022,A/Arsal/5767/2021
A/Bulgaria/1582/2022,A/Arsal/5767/2021
A/Norway/19859/2022,A/Arsal/5767/2021
A/Madrid/1445/2022,A/Arsal/5767/2021
A/Norway/27849/2022,A/Arsal/5767/2021
A/Norway/13415/2022,A/Arsal/5767/2021
A/Norway/18089/2022,A/Arsal/5767/2021
A/Parma/2/2022,A/Arsal/5767/2021
A/Denmark/2031/2022,A/Arsal/5767/2021
A/Niedersachsen/9/2022,A/Arsal/5767/2021
A/Norway/18622/2022,A/Arsal/5767/2021
A/Ukraine/372/2022,A/Arsal/5767/2021
A/Belgium/G0197/2022,A/Arsal/5767/2021
A/Poland/PL19/2022,A/Arsal/5767/2021
A/Bulgaria/96/2023,A/Arsal/5767/2021
A/Slovenia/9090/2022,A/Arsal/5767/2021
A/Belgium/S2611/2022,A/Arsal/5767/2021
A/Sassari/9/2022,A/Arsal/5767/2021
A/Sweden/1/2021,A/Arsal/5767/2021
A/Norway/18641/2022,A/Arsal/5767/2021
A/Poland/PL04/2022,A/Arsal/5767/2021
A/England/123/2022,A/Arsal/5767/2021
A/Switzerland/76393/2022,A/Arsal/5767/2021
A/Bulgaria/1473/2022,A/Arsal/5767/2021
A/Latvia/04-90221/2022,A/Arsal/5767/2021
A/Serbia/2230/2022,A/Arsal/5767/2021
A/Catalonia/3565654/2022,A/Arsal/5767/2021
A/Portugal/211230/2022,A/Arsal/5767/2021
A/Poland/76/2022,A/Arsal/5767/2021
A/Denmark/1836/2022,A/Arsal/5767/2021
A/Ukraine/360/2022,A/Arsal/5767/2021
A/Serbia/336/2022,A/Arsal/5767/2021
A/Baabda.LBN/7462/2021,A/Arsal/5767/2021
A/Israel/R-9278/2021,A/Arsal/5767/2021
A/Estonia/169485/2022,A/Arsal/5767/2021
A/Israel/R-9603/2021,A/Arsal/5767/2021
A/Berlin/87/2022,A/Arsal/5767/2021
A/Romania/516374/2022,A/Arsal/5767/2021
A/Portugal/210611/2022,A/Arsal/5767/2021
A/Tunisia/7467/2022,A/Arsal/5767/2021
A/Estonia/169420/2022,A/Arsal/5767/2021
A/Poland/52/2022,A/Arsal/5767/2021
A/Croatia/77367/2022,A/Arsal/5767/2021
A/Estonia/168777/2022,A/Arsal/5767/2021
A/Portugal/210266/2022,A/Arsal/5767/2021
A/Denmark/267/2022,A/Arsal/5767/2021
A/Romania/516884/2022,A/Arsal/5767/2021
A/Estonia/169446/2022,A/Arsal/5767/2021
A/Denmark/922/2022,A/Arsal/5767/2021
A/Lebanon/8484/2021,A/Arsal/5767/2021
A/Romania/521767/2022,A/Arsal/5767/2021
A/Slovenia/8720/2022,A/Arsal/5767/2021
A/Slovenia/8723/2022,A/Arsal/5767/2021
A/Perugia/26/2022,A/Arsal/5767/2021
A/Ukraine/405/2022,A/Arsal/5767/2021
A/Estonia/169422/2022,A/Arsal/5767/2021
A/Estonia/169385/2022,A/Arsal/5767/2021
A/Slovenia/9668/2022,A/Arsal/5767/2021
A/Portugal/211412/2022,A/Arsal/5767/2021
A/Serbia/112/2022,A/Arsal/5767/2021
A/Poland/PL38/2022,A/Arsal/5767/2021
A/Spain/1100/2022,A/Arsal/5767/2021
A/Andalucia/2717/2022,A/Arsal/5767/2021
A/Estonia/KL4967/2022,A/Arsal/5767/2021
A/Latvia/04-58697/2022,A/Arsal/5767/2021
A/Slovenia/9454/2022,A/Arsal/5767/2021
A/Denmark/612/2022,A/Arsal/5767/2021
A/Portugal/210603/2022,A/Arsal/5767/2021
A/Uppsala/6/2021,A/Arsal/5767/2021
A/Norway/19053/2022,A/Arsal/5767/2021
A/Norway/15331/2022,A/Arsal/5767/2021
A/Saida/5915/2021,A/Arsal/5767/2021
A/Catalonia/2081558/2022,A/Arsal/5767/2021
A/Latvia/04-82637/2022,A/Arsal/5767/2021
A/Bulgaria/1195/2022,A/Arsal/5767/2021
A/Romania/516961/2022,A/Arsal/5767/2021
A/Moldova/20837/2022,A/Arsal/5767/2021
A/Argentina/2973/2022,A/Arsal/5767/2021
A/Montenegro/5968412102/2021,A/Arsal/5767/2021
A/Estonia/169416/2022,A/Arsal/5767/2021
A/Bulgaria/404/2022,A/Arsal/5767/2021
A/Lyon/854/2022,A/Arsal/5767/2021
A/Norway/19252/2022,A/Arsal/5767/2021
A/Sassari/4/2022,A/Arsal/5767/2021
A/Austria/1504529/2022,A/Arsal/5767/2021
A/Romania/515274/2022,A/Arsal/5767/2021
A/Serbia/452190/2022,A/Arsal/5767/2021
A/Norway/28359/2022,A/Arsal/5767/2021
A/Poland/77/2022,A/Arsal/5767/2021
A/Lorraine/20876/2022,A/Arsal/5767/2021
A/Denmark/335/2022,A/Arsal/5767/2021
A/Ukraine/406/2022,A/Arsal/5767/2021
A/Slovenia/8821/2022,A/Arsal/5767/2021
A/Slovenia/9565/2022,A/Arsal/5767/2021
A/Uppsala/1/2021,A/Arsal/5767/2021
A/Madrid/1413/2022,A/Arsal/5767/2021
A/Austria/1506181/2022,A/Arsal/5767/2021
A/Romania/516030/2022,A/Arsal/5767/2021
A/Uppsala/8/2021,A/Arsal/5767/2021
A/Uppsala/12/2021,A/Arsal/5767/2021
A/Poland/PL39/2022,A/Arsal/5767/2021
A/Estonia/169447/2022,A/Arsal/5767/2021
A/Bremen/17/2022,A/Arsal/5767/2021
A/Sarajevo/192G/2022,A/Arsal/5767/2021
A/Norway/18575/2022,A/Arsal/5767/2021
A/Stockholm/10/2022,A/Arsal/5767/2021
A/Bulgaria/1646/2022,A/Arsal/5767/2021
A/Tripoli.LBN/7325/2021,A/Arsal/5767/2021
A/Andalucia/2714/2022,A/Arsal/5767/2021
A/Bulgaria/1827/2022,A/Arsal/5767/2021
A/Norway/19865/2022,A/Arsal/5767/2021
A/Tripoli/5651/2021,A/Arsal/5767/2021
A/Norway/33060/2022,A/Arsal/5767/2021
A/Uppsala/11/2021,A/Arsal/5767/2021
A/Slovenia/9560/2022,A/Arsal/5767/2021
A/Bulgaria/75/2022,A/Arsal/5767/2021
A/Andalucia/2713/2022,A/Arsal/5767/2021
A/Switzerland/06630/2021,A/Arsal/5767/2021
A/Latvia/04-78409/2022,A/Arsal/5767/2021
A/Norway/409/2022,A/Arsal/5767/2021
A/Hungary/42/2022,A/Arsal/5767/2021
A/Switzerland/19130/2022,A/Arsal/5767/2021
A/FVG-Trieste/16/2022,A/Arsal/5767/2021
A/Portugal/210588/2022,A/Arsal/5767/2021
A/Orebro/1/2021,A/Arsal/5767/2021
A/Slovenia/9676/2022,A/Arsal/5767/2021
A/Austria/1513868/2022,A/Arsal/5767/2021
A/Norway/18088/2022,A/Arsal/5767/2021
A/Poland/96/2022,A/Arsal/5767/2021
A/Romania/516962/2022,A/Arsal/5767/2021
A/Sarajevo/189G/2022,A/Arsal/5767/2021
A/Estonia/169390/2022,A/Arsal/5767/2021
A/Spain/1098/2022,A/Arsal/5767/2021
A/Estonia/169386/2022,A/Arsal/5767/2021
A/Uppsala/3/2021,A/Arsal/5767/2021
A/Portugal/210372/2022,A/Arsal/5767/2021
A/Nordrhein-Westfalen/2/2022,A/Arsal/5767/2021
A/Romania/515116/2022,A/Arsal/5767/2021
A/Norway/17522/2022,A/Arsal/5767/2021
A/Bulgaria/646/2022,A/Arsal/5767/2021
A/Norway/19259/2022,A/Arsal/5767/2021
A/Estonia/KL4914/2022,A/Arsal/5767/2021
A/Norway/17599/2022,A/Arsal/5767/2021
A/Austria/1510800/2022,A/Arsal/5767/2021
A/Portugal/211442/2022,A/Arsal/5767/2021
A/Slovenia/9767/2022,A/Arsal/5767/2021
A/Belgium/G0186/2022,A/Arsal/5767/2021
A/Netherlands/10197/2021,A/Arsal/5767/2021
A/Spain/1099/2022,A/Arsal/5767/2021
A/Andalucia/2715/2022,A/Arsal/5767/2021
A/Baden-Wurttemberg/1/2021,A/Arsal/5767/2021
A/Romania/495026/2021,A/Arsal/5767/2021
A/Estonia/169303/2022,A/Arsal/5767/2021
A/Hessen/4/2022,A/Arsal/5767/2021
A/Portugal/210597/2022,A/Arsal/5767/2021
A/Estonia/169371/2022,A/Arsal/5767/2021
A/Croatia/66213/2022,A/Arsal/5767/2021
A/Switzerland/87473/2021,A/Arsal/5767/2021
A/Portugal/211459/2022,A/Arsal/5767/2021
A/Kosova/368/2021,A/Arsal/5767/2021
A/Portugal/210592/2022,A/Arsal/5767/2021
A/Portugal/211439/2022,A/Arsal/5767/2021
A/Poland/PL44/2022,A/Arsal/5767/2021
A/Norway/19137/2022,A/Arsal/5767/2021
A/Norway/33317/2022,A/Arsal/5767/2021
A/Catalonia/13756/2022,A/Arsal/5767/2021
A/Rheinland-Pfalz/1/2022,A/Arsal/5767/2021
A/Bremen/1/2022,A/Arsal/5767/2021
A/Estonia/169421/2022,A/Arsal/5767/2021
A/Slovenia/9845/2022,A/Arsal/5767/2021
A/Switzerland/83466/2022,A/Arsal/5767/2021
A/Lebanon/8505/2021,A/Arsal/5767/2021
A/Milano/112/2022,A/Arsal/5767/2021
A/Catalonia/13755/2022,A/Arsal/5767/2021
A/Israel/R-6986/2021,A/Arsal/5767/2021
A/Andalucia/2709/2022,A/Arsal/5767/2021
A/Armenia/917/2021,A/Arsal/5767/2021
A/Poland/PL15/2022,A/Arsal/5767/2021
A/Hessen/41/2022,A/Arsal/5767/2021
A/Baden-Wurttemberg/27/2022,A/Arsal/5767/2021
A/Slovenia/9356/2022,A/Arsal/5767/2021
A/Thuringen/1/2022,A/Arsal/5767/2021
A/Portugal/210274/2022,A/Arsal/5767/2021
A/Tripoli/5646/2021,A/Arsal/5767/2021
A/Arsal/5767/2021,A/Arsal/5767/2021
A/Andalucia/2701/2022,A/Arsal/5767/2021
A/Andalucia/2706/2022,A/Arsal/5767/2021
A/Switzerland/64395/2022,A/Arsal/5767/2021
A/FVG-Trieste/05/2022,A/Arsal/5767/2021
A/Estonia/169344/2022,A/Arsal/5767/2021
A/Navarra/1477/2022,A/Arsal/5767/2021
A/Spain/1109/2022,A/Arsal/5767/2021
A/Bulgaria/1273/2022,A/Arsal/5767/2021
A/Spain/1097/2022,A/Arsal/5767/2021
A/Portugal/211462/2022,A/Arsal/5767/2021
A/Bayern/4/2022,A/Arsal/5767/2021
A/Lebanon/8500/2021,A/Arsal/5767/2021
A/FVG-Trieste/13/2022,A/Arsal/5767/2021
A/Beirut/5518/2021,A/Arsal/5767/2021
A/Belgium/S0740/2022,A/Arsal/5767/2021
A/Israel/S-7/2021,A/Arsal/5767/2021
A/Hungary/64/2022,A/Arsal/5767/2021
A/Rheinland-Pfalz/1/2021,A/Arsal/5767/2021
A/Andalucia/2702/2022,A/Arsal/5767/2021
A/Austria/1510472/2022,A/Arsal/5767/2021
A/Estonia/169384/2022,A/Arsal/5767/2021
A/Norway/13992/2022,A/Arsal/5767/2021
A/Nabatieh.LBN/6814/2021,A/Arsal/5767/2021
A/Slovenia/8830/2022,A/Arsal/5767/2021
A/Israel/S-2/2021,A/Arsal/5767/2021
A/Iceland/37144/2022,A/Arsal/5767/2021
A/Austria/1510167/2022,A/Arsal/5767/2021
A/Stockholm/19/2022,A/Arsal/5767/2021
A/Norway/18894/2022,A/Arsal/5767/2021
A/Denmark/1253/2022,A/Arsal/5767/2021
A/Spain/1105/2022,A/Arsal/5767/2021
A/Hessen/10/2022,A/Arsal/5767/2021
A/Estonia/KL4911/2022,A/Arsal/5767/2021
A/Latvia/04-82661/2022,A/Arsal/5767/2021
A/Albania/9833/2021,A/Arsal/5767/2021
A/Estonia/169343/2022,A/Arsal/5767/2021
A/Latvia/04-90145/2022,A/Arsal/5767/2021
A/Austria/1494246/2022,A/Arsal/5767/2021
A/Estonia/169440/2022,A/Arsal/5767/2021
A/Slovenia/9739/2022,A/Arsal/5767/2021
A/Norway/18893/2022,A/Arsal/5767/2021
A/Lebanon/8497/2021,A/Arsal/5767/2021
A/Estonia/169484/2022,A/Arsal/5767/2021
A/Slovenia/9623/2022,A/Arsal/5767/2021
A/Arsal/5773/2021,A/Arsal/5767/2021
A/Berlin/10/2022,A/Arsal/5767/2021
A/Bulgaria/1057/2022,A/Arsal/5767/2021
A/Belgium/S0761/2022,A/Arsal/5767/2021
A/Thuringen/2/2022,A/Berlin/4/2021
A/Bulgaria/104/2022,A/Berlin/4/2021
A/Bulgaria/142/2022,A/Berlin/4/2021
A/Bulgaria/1763/2022,A/Berlin/4/2021
A/Hessen/1/2022,A/Berlin/4/2021
A/Bulgaria/1127/2022,A/Berlin/4/2021
A/Tripoli/6100/2021,A/Berlin/4/2021
A/Serbia/491/2022,A/Berlin/4/2021
A/Bulgaria/193/2022,A/Berlin/4/2021
A/Serbia/416476/2022,A/Berlin/4/2021
A/Berlin/7/2021,A/Berlin/4/2021
A/Tripoli/6112/2021,A/Berlin/4/2021
A/Akkar.LBN/6574/2021,A/Berlin/4/2021
A/Mecklenburg-Vorpommern/48/2022,A/Berlin/4/2021
A/Thuringen/4/2022,A/Berlin/4/2021
A/Serbia/416495/2022,A/Berlin/4/2021
A/Dakar/035/2024,A/Dakar/035/2024
A/Dakar/13/2024,A/Dakar/13/2024
A/Turkmenistan/784/2025,A/Turkmenistan/784/2025
A/Denmark/2440/2024,A/Denmark/2440/2024
A/Nordrhein-Westfalen/114/2024,A/Nordrhein-Westfalen/114/2024
A/Hungary/288/2024,A/Hungary/288/2024
A/Hungary/293/2024,A/Hungary/288/2024
A/Norway/06796/2024,A/Hungary/289/2024
A/Hungary/289/2024,A/Hungary/289/2024
A/England/145/2024,A/Hungary/289/2024
A/France/GES-RELAB-IPP12571/2024,A/France/GES-RELAB-IPP12571/2024
A/France/GES-RELAB-IPP12570/2024,A/France/GES-RELAB-IPP12570/2024
A/CoteD'Ivoire/4460/2024,A/CoteD'Ivoire/4460/2024
A/CoteD'Ivoire/4492/2024,A/CoteD'Ivoire/4492/2024
A/CoteD'Ivoire/4593/2024,A/CoteD'Ivoire/4593/2024
A/CoteD'Ivoire/4450/2024,A/CoteD'Ivoire/4593/2024
A/CoteD'Ivoire/4448/2024,A/CoteD'Ivoire/4593/2024
A/Netherlands/10510/2024,A/Netherlands/10510/2024
A/Switzerland/47775/2024,A/Netherlands/10510/2024
A/Netherlands/01285/2024,A/Netherlands/10510/2024
A/Ile_de_France/04446/2024,A/Netherlands/10510/2024
A/Switzerland/59652/2024,A/Switzerland/59652/2024
A/Kyrgyzstan/9/2023,A/Kyrgyzstan/9/2023
A/Iceland/10426/2024,A/Iceland/10426/2024
A/Iceland/10769/2024,A/Iceland/10426/2024
A/Iceland/14274/2024,A/Iceland/10426/2024
A/Ireland/00028483/2024,A/Ireland/00028483/2024
A/Belgium/7898/2024,A/Belgium/7898/2024
A/Netherlands/10660/2024,A/Netherlands/10660/2024
A/Norway/319/2024,A/Norway/319/2024
A/Boras/SE23-16165/2023,A/Boras/SE23-16165/2023
A/HongKong/2122/2024,A/HongKong/2122/2024
A/Denmark/2643/2024,A/Dakar/040/2024
A/Algeria/459/2025,A/Algeria/459/2025
A/Ile_de_France/04381/2024,A/Ile_de_France/04381/2024
A/Ile_de_France/03349/2024,A/Ile_de_France/03349/2024
A/England/144/2024,A/England/144/2024
A/Norway/11360/2023,A/Norway/11360/2023
A/Poland/PL64/2024,A/Poland/PL64/2024
A/Serbia/1354/2024,A/Serbia/1354/2024
A/Firq/7245406/2024,A/Firq/7245406/2024
A/Ireland/00019283/2024,A/Ireland/00019283/2024
A/France/BFC-IPP14556/2024,A/France/BFC-IPP14556/2024
A/Bangui/172/2024,A/Bangui/172/2024
A/Norway/00392/2025,A/Norway/00392/2025
A/Dakar/038/2024,A/Dakar/038/2024
A/Dakar/030/2024,A/Dakar/030/2024
A/Switzerland/7776/2024,A/Switzerland/7776/2024
A/Switzerland/7581/2024,A/Switzerland/7776/2024
A/Hessen/20/2023,A/Iceland/34327/2023
A/Netherlands/01732/2023,A/Netherlands/01732/2023
A/Switzerland/62567/2023,A/Iceland/34327/2023
A/Switzerland/62589/2023,A/Iceland/34327/2023
A/HongKong/3021/2023,A/Iceland/34327/2023
A/Ghana/1031/2024,A/Ghana/1031/2024
A/Ghana/1725/2024,A/Ghana/1725/2024
A/Ghana/1036/2024,A/Ghana/1036/2024
A/Ghana/1824/2024,A/Ghana/1725/2024
A/Hungary/169/2023,A/Hungary/169/2023
A/Israel/R2254/2024,A/Israel/R2254/2024
A/Hungary/174/2023,A/Hungary/174/2023
A/Bucuresti/566042/2024,A/Hungary/174/2023
A/Ireland/00024704/2024,A/Ireland/00024704/2024
A/Bretagne/04597/2024,A/Kyrgyzstan/124/2023
A/Mozambique/699103/2024,A/Mozambique/699103/2024
A/Mozambique/695941/2024,A/Mozambique/699103/2024
A/Mozambique/700390/2024,A/Ile_de_France/04633/2024
A/Mozambique/700392/2024,A/Ile_de_France/04633/2024
A/Serbia/8265/2023,A/Serbia/8265/2023
A/Mozambique/699047/2024,A/Mozambique/699047/2024
A/Serbia/400/2024,A/Kyrgyzstan/124/2023
A/Hungary/201/2024,A/Kyrgyzstan/124/2023
A/Ireland/00107299/2023,A/Kyrgyzstan/124/2023
A/Mozambique/699521/2024,A/Kyrgyzstan/124/2023
A/Mozambique/695951/2024,A/Kyrgyzstan/124/2023
A/Serbia/441/2024,A/Kyrgyzstan/124/2023
A/Ireland/00107900/2023,A/Kyrgyzstan/124/2023
A/Serbia/613/2024,A/Kyrgyzstan/124/2023
A/Serbia/253/2024,A/Kyrgyzstan/124/2023
A/Mozambique/693787/2024,A/Kyrgyzstan/124/2023
A/Serbia/1022/2024,A/Kyrgyzstan/124/2023
A/Kyrgyzstan/318/2023,A/Kyrgyzstan/318/2023
A/Kyrgyzstan/91/2023,A/Kyrgyzstan/99/2023
A/Kyrgyzstan/117/2023,A/Kyrgyzstan/117/2023
A/Kyrgyzstan/19/2023,A/Kyrgyzstan/99/2023
A/Kyrgyzstan/99/2023,A/Kyrgyzstan/99/2023
A/Ibra/7246065/2024,A/Ibra/7246065/2024
A/Norway/07962/2024,A/Ibra/7246065/2024
A/HongKong/2725/2024,A/HongKong/2725/2024
A/HongKong/2743/2024,A/HongKong/2725/2024
A/Belgium/2817/2024,A/Belgium/2817/2024
A/Romania/563219/2023,A/Romania/563219/2023
A/Argentina/1163/2024,A/Argentina/1163/2024
A/Morocco/1291/2024,A/Morocco/1291/2024
A/Catalonia/NSVH102367246/2024,A/Catalonia/NSVH102367246/2024
A/Ile_de_France/05017/2024,A/Ile_de_France/05017/2024
A/Bucuresti/565777/2024,A/Bucuresti/565777/2024
A/Morocco/1846/2024,A/Morocco/1846/2024
A/Siracusa/5/2024,A/Siracusa/5/2024
A/Salalah/52423943/2024,A/Salalah/52423943/2024
A/Halmstad/SE24-03868/2024,A/Halmstad/SE24-03868/2024
A/Switzerland/5735/2024,A/Switzerland/5735/2024
A/Switzerland/8886/2024,A/Switzerland/5735/2024
A/Switzerland/6246/2025,A/Switzerland/5735/2024
A/Switzerland/0365/2024,A/Switzerland/5735/2024
A/Turkmenistan/801/2025,A/Turkmenistan/801/2025
A/Romania/563027/2023,A/Romania/563027/2023
A/Kyiv/2385/2024,A/Kyiv/2385/2024
A/Ghana/7698/2024,A/Ghana/7698/2024
A/Qatar/10-VI-23-0101936/2023,A/Qatar/10-VI-23-0101936/2023
A/Mauritius/P53142/2023,A/Mauritius/P53142/2023
A/Ile_de_France/04633/2024,A/Ile_de_France/04633/2024
A/Kyrgyzstan/56/2023,A/Kyrgyzstan/124/2023
A/Norway/07228/2024,A/Norway/07228/2024
A/Switzerland/5158/2024,A/Netherlands/01733/2023
A/Kazakhstan/275/2023,A/Kazakhstan/275/2023
A/Norway/07263/2024,A/Norway/07263/2024
A/Spain/2026/2024,A/Spain/2026/2024
A/Spain/1707/2024,A/Spain/1707/2024
A/Ireland/00016985/2024,A/Ireland/00016985/2024
A/Moldova/36852/2024,A/Perm/RII-04/2024
A/Perm/RII-04/2024,A/Perm/RII-04/2024
A/Serbia/248/2024,A/Serbia/248/2024
A/Serbia/324/2024,A/Shanghai-Fengxian/1912/2023
A/Switzerland/8649/2023,A/Switzerland/8649/2023
A/SouthAfrica/R00823/24,A/Berlin/27/2023
A/HongKong/2036/2024,A/Bulgaria/2502/2024
A/BanskaBystrica/83/2024,A/BanskaBystrica/83/2024
A/Switzerland/91699/2024,A/Switzerland/91699/2024
A/Mauritius/1186095/2024,A/Mauritius/1186095/2024
A/Iran/8N28/2024,A/Iran/8N28/2024
A/Belgium/106/2023,A/Belgium/106/2023
A/HongKong/2837/2024,A/HongKong/2837/2024
A/Milano/284/2024,A/HongKong/2837/2024
A/Parma/50/2024,A/Parma/50/2024
A/Newport/5620/2024,A/Newport/5620/2024
A/England/40/2023,A/England/40/2023
A/Schleswig-Holstein/54/2024,A/Schleswig-Holstein/54/2024
A/Schleswig-Holstein/53/2024,A/Schleswig-Holstein/54/2024
A/Bretagne/05154/2024,A/Bretagne/05154/2024
A/HongKong/1973/2024,A/HongKong/1973/2024
A/Tunisia/3500/2024,A/Tunisia/3500/2024
A/Switzerland/82850/2023,A/Switzerland/82850/2023
A/Iceland/36410/2024,A/Iceland/36410/2024
A/Denmark/1089/2024,A/Denmark/1089/2024
A/Poland/PL53/2024,A/Poland/PL53/2024
A/Poland/PL54/2024,A/Poland/PL54/2024
A/Jonkoping/SE24-14227/2024,A/Jonkoping/SE24-14227/2024
A/HongKong/2798/2024,A/HongKong/2798/2024
A/AixEnProvence/0241778640/2024,A/Jonkoping/SE24-14227/2024
A/Belgium/8787/2024,A/Jonkoping/SE24-14227/2024
A/France/BRE-IPP14647/2024,A/Jonkoping/SE24-14227/2024
A/France/BRE-IPP12782/2024,A/Jonkoping/SE24-14227/2024
A/England/165/2024,A/England/137/2024
A/England/138/2024,A/England/137/2024
A/England/137/2024,A/England/137/2024
A/England/169/2024,A/England/169/2024
A/Montenegro/1004782502/2025,A/Israel/R18785/2024
A/Israel/R18785/2024,A/Israel/R18785/2024
A/Poland/57/2025,A/Israel/R18785/2024
A/Poland/12/2025,A/Israel/R18785/2024
A/Switzerland/7828/2024,A/Switzerland/7828/2024
A/Norway/07790/2024,A/Norway/07790/2024
A/France/GES-IPP11346/2024,A/Slovenia/NLZOH-8008-21-2023/2024
A/France/GES-IPP11347/2024,A/Slovenia/NLZOH-8008-21-2023/2024
A/Toulon/0241495940/2024,A/Toulon/0241495940/2024
A/LaRioja/2274/2024,A/LaRioja/2274/2024
A/LaRioja/2276/2024,A/LaRioja/2274/2024
A/ComunidadValenciana/1925/2024,A/ComunidadValenciana/1925/2024
A/Argentina/996/2024,A/Slovenia/NLZOH-8008-21-2023/2024
A/Belgium/4741/2024,A/Slovenia/NLZOH-8008-21-2023/2024
A/Netherlands/10667/2024,A/Slovenia/NLZOH-8008-21-2023/2024
A/Hungary/305/2024,A/Slovenia/NLZOH-8008-21-2023/2024
A/StEtienne/0241649490/2024,A/Slovenia/NLZOH-8008-21-2023/2024
A/Poland/PL19/2024,A/Slovenia/NLZOH-8008-21-2023/2024
A/Catalonia/NSBE252798491/2024,A/Slovenia/NLZOH-8008-21-2023/2024
A/Belgium/8075/2024,A/Slovenia/NLZOH-8008-21-2023/2024
A/Catalonia/NSVH102417282/2024,A/Slovenia/NLZOH-8008-21-2023/2024
A/England/187/2024,A/Slovenia/NLZOH-8008-21-2023/2024
A/Luxembourg/3193181/2024,A/Slovenia/NLZOH-8008-21-2023/2024
A/Belgium/8271/2024,A/Slovenia/NLZOH-8008-21-2023/2024
A/Slovenia/NLZOH-8008-21-2023/2024,A/Slovenia/NLZOH-8008-21-2023/2024
A/England/185/2024,A/Slovenia/NLZOH-8008-21-2023/2024
A/Denmark/2186/2024,A/Slovenia/NLZOH-8008-21-2023/2024
A/Limoges/0241559093/2024,A/Slovenia/NLZOH-8008-21-2023/2024
A/Cantabria/2340/2024,A/Slovenia/NLZOH-8008-21-2023/2024
A/England/183/2024,A/Slovenia/NLZOH-8008-21-2023/2024
A/Netherlands/10665/2024,A/Slovenia/NLZOH-8008-21-2023/2024
A/Luxembourg/3066447/2024,A/Slovenia/NLZOH-8008-21-2023/2024
A/Salamanca/174/2024,A/Slovenia/NLZOH-8008-21-2023/2024
A/Catalonia/NSVH102426635/2024,A/Slovenia/NLZOH-8008-21-2023/2024
A/HongKong/2124/2024,A/Slovenia/NLZOH-8008-21-2023/2024
A/Netherlands/01735/2023,A/Netherlands/01733/2023
A/Netherlands/01733/2023,A/Netherlands/01733/2023
A/England/64/2024,A/Netherlands/01733/2023
A/Prahova/566118/2024,A/Prahova/566118/2024
A/Bucuresti/570059/2024,A/Prahova/566118/2024
A/Albania/303011/2024,A/Spain/968/2023
A/Spain/968/2023,A/Spain/968/2023
A/Albania/299565/2023,A/Albania/299565/2023
A/Vasteras/SE23-14213/2023,A/Vasteras/SE23-14213/2023
A/Berlin/32/2023,A/Qatar/10-VI-23-0102647/2023
A/Qatar/10-VI-23-0102647/2023,A/Qatar/10-VI-23-0102647/2023
A/Linkoping/SE24-03484/2024,A/Spain/968/2023
A/Bulgaria/2256/2024,A/Luxembourg/510839/2023
A/Bulgaria/1012/2024,A/Luxembourg/510839/2023
A/Luxembourg/510839/2023,A/Luxembourg/510839/2023
A/Ile_de_France/05056/2024,A/Luxembourg/510839/2023
A/Lisboa/175/2024,A/Netherlands/01733/2023
A/Lisboa/174/2024,A/Netherlands/01733/2023
A/Lisboa/171/2024,A/Netherlands/01733/2023
A/Lisboa/173/2024,A/Netherlands/01733/2023
A/Lisboa/176/2024,A/Netherlands/01733/2023
A/Lisboa/172/2024,A/Netherlands/01733/2023
A/Lisboa/177/2024,A/Netherlands/01733/2023
A/Lisboa/3/2024,A/Lisboa/3/2024
A/HongKong/2810/2024,A/HongKong/2810/2024
A/France/IDF-IPP21897/2023,A/Kyrgyzstan/124/2023
A/Albania/301227/2024,A/Kyrgyzstan/124/2023
A/Ireland/00017646/2024,A/Kyrgyzstan/124/2023
A/England/47/2023,A/Kyrgyzstan/124/2023
A/Belgium/83/2023,A/Kyrgyzstan/124/2023
A/Albania/299472/2023,A/Kyrgyzstan/124/2023
A/Netherlands/10645/2024,A/Netherlands/10645/2024
A/Netherlands/01777/2024,A/Netherlands/01777/2024
A/England/171/2024,A/Shanghai-Fengxian/1912/2023
A/Slovenia/NLZOH-8008-21-1393/2024,A/Shanghai-Fengxian/1912/2023
A/Iceland/12053/2024,A/Iceland/12053/2024
A/Salamanca/2657/2024,A/Salamanca/2657/2024
A/Netherlands/10722/2024,A/Netherlands/10722/2024
A/Denmark/2452/2024,A/Denmark/2452/2024
A/France/BRE-IPP10218/2024,A/France/BRE-IPP10218/2024
A/Denmark/2232/2024,A/Shanghai-Fengxian/1912/2023
A/Denmark/2441/2024,A/Shanghai-Fengxian/1912/2023
A/Salamanca/2656/2024,A/Shanghai-Fengxian/1912/2023
A/Norway/07314/2024,A/Shanghai-Fengxian/1912/2023
A/Denmark/2353/2024,A/Shanghai-Fengxian/1912/2023
A/Belgium/8309/2024,A/Shanghai-Fengxian/1912/2023
A/Denmark/2392/2024,A/Shanghai-Fengxian/1912/2023
A/Salamanca/2663/2024,A/Shanghai-Fengxian/1912/2023
A/CastillaLaMancha/2087/2024,A/Shanghai-Fengxian/1912/2023
A/Denmark/2352/2024,A/Shanghai-Fengxian/1912/2023
A/HongKong/2125/2024,A/Shanghai-Fengxian/1912/2023
A/Hungary/264/2024,A/Shanghai-Fengxian/1912/2023
A/Iceland/10961/2024,A/Shanghai-Fengxian/1912/2023
A/Denmark/2348/2024,A/Shanghai-Fengxian/1912/2023
A/Denmark/2210/2024,A/Shanghai-Fengxian/1912/2023
A/France/GES-RELAB-IPP14015/2024,A/Shanghai-Fengxian/1912/2023
A/Grenoble/0241924080/2024,A/Shanghai-Fengxian/1912/2023
A/Iceland/10182/2024,A/Shanghai-Fengxian/1912/2023
A/Iceland/10805/2024,A/Shanghai-Fengxian/1912/2023
A/Iceland/10877/2024,A/Shanghai-Fengxian/1912/2023
A/Iceland/10404/2024,A/Shanghai-Fengxian/1912/2023
A/Mauritius/1186264/2024,A/Shanghai-Fengxian/1912/2023
A/Iceland/5855/2024,A/Shanghai-Fengxian/1912/2023
A/Estonia/179133/2024,A/Shanghai-Fengxian/1912/2023
A/Salamanca/161/2024,A/Shanghai-Fengxian/1912/2023
A/Iceland/11668/2024,A/Shanghai-Fengxian/1912/2023
A/Iceland/9695/2024,A/Shanghai-Fengxian/1912/2023
A/ComunidadValenciana/2045/2024,A/Shanghai-Fengxian/1912/2023
A/France/GES-RELAB-IPP10601/2024,A/Shanghai-Fengxian/1912/2023
A/Iceland/10860/2024,A/Shanghai-Fengxian/1912/2023
A/Iceland/6456/2024,A/Shanghai-Fengxian/1912/2023
A/HongKong/2836/2024,A/Shanghai-Fengxian/1912/2023
A/Salamanca/2662/2024,A/Shanghai-Fengxian/1912/2023
A/SaudiArabia/12695/2024,A/Shanghai-Fengxian/1912/2023
A/Poland/PL51/2024,A/Poland/PL51/2024
A/Netherlands/10641/2024,A/Netherlands/10641/2024
A/Lisboa/178/2024,A/Lisboa/178/2024
A/England/173/2024,A/England/173/2024
A/France/GES-RELAB-IPP12013/2024,A/Netherlands/10641/2024
A/Ireland/00094642/2024,A/Netherlands/10641/2024
A/Ireland/00081078/2024,A/Netherlands/10641/2024
A/Netherlands/10662/2024,A/Netherlands/10641/2024
A/Catalonia/NSVH102429597/2024,A/Netherlands/10641/2024
A/Hungary/206/2023,A/Hungary/206/2023
A/Extremadura/240459/2023,A/England/42/2023
A/England/42/2023,A/England/42/2023
A/Bulgaria/2502/2024,A/Bulgaria/2502/2024
A/Slovenia/691/2024,A/Slovenia/648/2024
A/Perm/RII-03/2024,A/Perm/RII-03/2024
A/Bulgaria/2261/2024,A/Bulgaria/2261/2024
A/Slovenia/695/2024,A/Slovenia/648/2024
A/Slovenia/223/2024,A/Slovenia/648/2024
A/Slovenia/145/2024,A/Slovenia/648/2024
A/Hessen/33/2024,A/Slovenia/648/2024
A/Slovenia/648/2024,A/Slovenia/648/2024
A/Slovenia/21/2024,A/Slovenia/648/2024
A/Slovenia/414/2024,A/Slovenia/648/2024
A/Slovenia/671/2024,A/Slovenia/648/2024
A/Slovenia/594/2024,A/Slovenia/648/2024
A/Israel/R1753/2024,A/Israel/R1753/2024
A/Israel/R1617/2024,A/Israel/R1617/2024
A/HongKong/3055/2023,A/HongKong/3055/2023
A/HongKong/3081/2023,A/HongKong/3081/2023
A/SouthSudan/988/2024,A/SouthSudan/988/2024
A/SouthSudan/983/2024,A/SouthSudan/983/2024
A/SouthSudan/987/2024,A/SouthSudan/983/2024
A/Slovenia/370/2024,A/Slovenia/370/2024
A/BosniaAndHerzegovina/649/2024,A/Slovenia/370/2024
A/BosniaAndHerzegovina/599/2024,A/Slovenia/370/2024
A/BosniaAndHerzegovina/1149/2024,A/Slovenia/370/2024
A/Serbia/2620/2024,A/Slovenia/370/2024
A/Slovenia/62/2024,A/Slovenia/370/2024
A/Dakar/034/2024,A/Dakar/034/2024
A/Dakar/042/2024,A/Dakar/034/2024
A/Serbia/488/2024,A/Shanghai-Fengxian/1912/2023
A/Netherlands/10553/2024,A/Netherlands/10553/2024
A/England/71/2024,A/Shanghai-Fengxian/1912/2023
A/Dakar/032/2024,A/Shanghai-Fengxian/1912/2023
A/Serbia/8321/2023,A/Shanghai-Fengxian/1912/2023
A/Serbia/100/2024,A/Shanghai-Fengxian/1912/2023
A/Bulgaria/164/2024,A/Shanghai-Fengxian/1912/2023
A/Serbia/7976/2023,A/Serbia/7976/2023
A/Algeria/16901/2024,A/Algeria/16901/2024
A/Kyiv/2462/2024,A/Shanghai-Fengxian/1912/2023
A/Serbia/40/2024,A/Shanghai-Fengxian/1912/2023
A/Bulgaria/1331/2024,A/Shanghai-Fengxian/1912/2023
A/HongKong/3072/2023,A/Shanghai-Fengxian/1912/2023
A/HongKong/2016/2024,A/Shanghai-Fengxian/1912/2023
A/Serbia/16642/2023,A/Shanghai-Fengxian/1912/2023
A/Serbia/8424/2023,A/Shanghai-Fengxian/1912/2023
A/Serbia/636/2024,A/Shanghai-Fengxian/1912/2023
A/Colorado/06/2024,A/Shanghai-Fengxian/1912/2023
A/Turkmenistan/131/2024,A/Shanghai-Fengxian/1912/2023
A/Serbia/310/2024,A/Shanghai-Fengxian/1912/2023
A/Kyrgyzstan/28/2023,A/Shanghai-Fengxian/1912/2023
A/Serbia/53/2024,A/Shanghai-Fengxian/1912/2023
A/Shanghai-Fengxian/1912/2023,A/Shanghai-Fengxian/1912/2023
A/Israel/R1550/2024,A/Shanghai-Fengxian/1912/2023
A/Canberra/309/2023,A/Canberra/309/2023
A/Canberra/302/2023,A/Canberra/302/2023
A/Spain/204/2023,A/Kyrgyzstan/124/2023
A/France/BFC-RELAB-IPP12101/2024,A/Norway/07066/2024
A/Argentina/1173/2024,A/Argentina/1173/2024
A/Argentina/1151/2024,A/Norway/07066/2024
A/Lyon/0241964953/2024,A/Norway/07066/2024
A/Argentina/1225/2024,A/Norway/07066/2024
A/Norway/07066/2024,A/Norway/07066/2024
A/Catalonia/NSVH102421648/2024,A/Norway/07066/2024
A/Argentina/1244/2024,A/Norway/07066/2024
A/Argentina/1167/2024,A/Norway/07066/2024
A/Argentina/1290/2024,A/Norway/07066/2024
A/Argentina/1256/2024,A/Norway/07066/2024
A/Netherlands/01809/2024,A/Norway/07066/2024
A/Burgos/182/2024,A/Norway/07066/2024
A/Denmark/2759/2024,A/Norway/07066/2024
A/LaRioja/2278/2024,A/Norway/07066/2024
A/Catalonia/NSVH102423723/2024,A/Norway/07066/2024
A/Argentina/1094/2024,A/Norway/07066/2024
A/Catalonia/NSVH102422395/2024,A/Norway/07066/2024
A/Belgium/799/2024,A/Norway/07066/2024
A/Argentina/1279/2024,A/Norway/07066/2024
A/France/NOR-IPP13834/2024,A/Norway/07066/2024
A/Slovenia/NLZOH-8008-21-1540/2024,A/Slovenia/NLZOH-8008-21-1540/2024
A/France/GES-RELAB-IPP10320/2024,A/France/GES-RELAB-IPP10320/2024
A/Bulgaria/2696/2023,A/Netherlands/01729/2023
A/Ghana/1818/2024,A/Ghana/7129/2024
A/Ghana/7129/2024,A/Ghana/7129/2024
A/Ghana/1406/2024,A/Ghana/1406/2024
A/Ghana/7019/2024,A/Ghana/7129/2024
A/Ghana/6173/2024,A/Ghana/6173/2024
A/Ghana/7555/2024,A/Ghana/7129/2024
A/Ghana/5160/2024,A/Ghana/7129/2024
A/Ghana/1488/2024,A/Ghana/7129/2024
A/Ghana/1786/2024,A/Ghana/7129/2024
A/Iceland/35353/2024,A/Iceland/35353/2024
A/Bulgaria/3485/2024,A/Goteborg/SE24-14319/2024
A/Bulgaria/3356/2024,A/Goteborg/SE24-14319/2024
A/Bulgaria/3541/2024,A/Goteborg/SE24-14319/2024
A/Bulgaria/3568/2024,A/Goteborg/SE24-14319/2024
A/Goteborg/SE24-14319/2024,A/Goteborg/SE24-14319/2024
A/Bulgaria/3540/2024,A/Goteborg/SE24-14319/2024
A/Bulgaria/3483/2024,A/Goteborg/SE24-14319/2024
A/Bulgaria/3375/2024,A/Goteborg/SE24-14319/2024
A/Bulgaria/3542/2024,A/Goteborg/SE24-14319/2024
A/Bulgaria/3571/2024,A/Goteborg/SE24-14319/2024
A/Bulgaria/3484/2024,A/Goteborg/SE24-14319/2024
A/Iceland/36048/2024,A/Goteborg/SE24-14319/2024
A/Iceland/37153/2024,A/Goteborg/SE24-14319/2024
A/France/HDF-RELAB-IPP14464/2024,A/Goteborg/SE24-14319/2024
A/Bulgaria/3618/2024,A/Goteborg/SE24-14319/2024
A/Iceland/36032/2024,A/Goteborg/SE24-14319/2024
A/Bulgaria/3365/2024,A/Goteborg/SE24-14319/2024
A/Iceland/36566/2024,A/Goteborg/SE24-14319/2024
A/Caerphilly/1560/2024,A/Goteborg/SE24-14319/2024
A/Navarra/2114/2024,A/Navarra/2114/2024
A/HongKong/2123/2024,A/HongKong/2123/2024
A/Salamanca/142/2024,A/Navarra/2114/2024
A/PaisVasco/2327/2024,A/Navarra/2114/2024
A/Navarra/2163/2024,A/Navarra/2114/2024
A/PaisVasco/2329/2024,A/Navarra/2114/2024
A/Ireland/00021613/2024,A/Ireland/00021613/2024
A/Ireland/00013655/2024,A/Ireland/00013655/2024
A/England/62/2024,A/England/62/2024
A/England/61/2024,A/England/61/2024
A/Ile_de_France/03976/2024,A/Ile_de_France/03976/2024
A/Parma/41/2024,A/Ile_de_France/03976/2024
A/Iasi/565596/2024,A/Iasi/565596/2024
A/Bucuresti/570056/2024,A/Bucuresti/570056/2024
A/Hungary/147/2023,A/Netherlands/01729/2023
A/Norway/06798/2024,A/Norway/06798/2024
A/Netherlands/01780/2024,A/Netherlands/01780/2024
A/Bayern/13/2023,A/Netherlands/01729/2023
A/Estonia/176992/2023,A/Netherlands/01729/2023
A/Estonia/177562/2024,A/Netherlands/01729/2023
A/Israel/R1991/2024,A/Netherlands/01729/2023
A/England/19/2024,A/Netherlands/01729/2023
A/England/179/2024,A/Netherlands/01729/2023
A/Argentina/1187/2024,A/Netherlands/01729/2023
A/England/66/2024,A/Netherlands/01729/2023
A/Croatia/1367/2024,A/Netherlands/01729/2023
A/Israel/R1817/2024,A/Netherlands/01729/2023
A/Netherlands/01729/2023,A/Netherlands/01729/2023
A/Estonia/177892/2024,A/Netherlands/01729/2023
A/Estonia/177566/2024,A/Netherlands/01729/2023
A/Qatar/16-VI-23-0098046/2023,A/Netherlands/01729/2023
A/Ile_de_France/04632/2024,A/Ile_de_France/04632/2024
A/France/IDF-RELAB-IPP32966/2023,A/Kyrgyzstan/124/2023
A/Argentina/1077/2024,A/Argentina/1065/2024
A/Argentina/1071/2024,A/Argentina/1065/2024
A/Argentina/1065/2024,A/Argentina/1065/2024
A/Berlin/27/2023,A/Berlin/27/2023
A/Iran/23E11/2023,A/Iran/23E11/2023
A/Switzerland/8932/2024,A/Switzerland/8932/2024
A/Mauritius/I-185/2024,A/Mauritius/I-185/2024
A/Dakar/033/2024,A/Dakar/033/2024
A/Dakar/036/2024,A/Dakar/033/2024
A/Mauritius/I-176/2024,A/Mauritius/I-176/2024
A/Mauritius/1186307/2024,A/Mauritius/I-176/2024
A/Mauritius/I-181/2024,A/Mauritius/I-176/2024
A/Denmark/2674/2024,A/Denmark/2674/2024
A/Ireland/00033352/2024,A/Ireland/00033352/2024
A/SaudiArabia/10299/2024,A/SaudiArabia/10299/2024
A/Switzerland/5118/2024,A/Switzerland/5118/2024
A/Berlin/45/2024,A/Switzerland/5118/2024
A/Ireland/00000108/2024,A/Ireland/00000108/2024
A/Dakar/040/2024,A/Dakar/040/2024
A/SaudiArabia/12903/2024,A/Dakar/040/2024
A/Ile_de_France/03971/2024,A/Dakar/040/2024
A/SaudiArabia/6777/2024,A/Dakar/040/2024
A/Dakar/031/2024,A/Dakar/040/2024
A/Dakar/037/2024,A/Dakar/040/2024
A/Turkey/26932503/2024,A/Dakar/040/2024
A/HongKong/2037/2024,A/Dakar/040/2024
A/Catalonia/NSVH102371258/2024,A/Dakar/040/2024
A/Israel/R2170/2024,A/Kyrgyzstan/124/2023
A/Israel/R2165/2024,A/Kyrgyzstan/124/2023
A/Albania/302422/2024,A/Albania/302481/2024
A/Albania/302481/2024,A/Albania/302481/2024
A/Albania/302626/2024,A/Albania/302626/2024
A/Argentina/1178/2024,A/Argentina/1178/2024
A/Argentina/1182/2024,A/Argentina/1182/2024
A/Slovenia/1634/2023,A/Hungary/148/2023
A/Catalonia/NSVH160871625/2023,A/Hungary/148/2023
A/Catalonia/NSVH102156515/2023,A/Hungary/148/2023
A/Hungary/148/2023,A/Hungary/148/2023
A/Netherlands/10563/2023,A/Netherlands/10563/2023
A/Lisboa/216/2023,A/Lisboa/216/2023
A/Netherlands/10458/2024,A/Lisboa/216/2023
A/Morocco/1876/2024,A/Lisboa/216/2023
A/CoteD'Ivoire/4555/2024,A/CoteD'Ivoire/4555/2024
A/CoteD'Ivoire/4452/2024,A/CoteD'Ivoire/4452/2024
A/CoteD'Ivoire/4610/2024,A/CoteD'Ivoire/4452/2024
A/Cameroon/6984/2024,A/Cameroon/6984/2024
A/Spain/2191/2024,A/Alsace/06300/2024
A/Cameroon/2500/2024,A/Alsace/06300/2024
A/Cameroon/5947/2024,A/Alsace/06300/2024
A/Alsace/06300/2024,A/Alsace/06300/2024
A/Netherlands/10431/2024,A/Netherlands/10431/2024
A/Bretagne/04824/2024,A/Bretagne/04824/2024
A/Albania/302765/2024,A/Albania/302765/2024
A/Slovenia/453/2024,A/Slovenia/453/2024
A/Niedersachsen/33/2024,A/Kyrgyzstan/124/2023
A/Argentina/1130/2024,A/Argentina/1130/2024
A/Israel/R17814/2023,A/Israel/R17814/2023
A/Serbia/309/2024,A/Kyrgyzstan/124/2023
A/Israel/R2239/2024,A/Israel/R2239/2024
A/France/HDF-IPP30115/2023,A/Kyrgyzstan/124/2023
A/BosniaAndHerzegovina/483/2024,A/BosniaAndHerzegovina/483/2024
A/Qatar/10-VI-23-0098543/2023,A/Qatar/10-VI-23-0098543/2023
A/Linkoping/SE23-14481/2023,A/Linkoping/SE23-14481/2023
A/Roma/1/2023,A/Roma/1/2023
A/Stockholm/SE24-52993/2024,A/Stockholm/SE24-52993/2024
A/Morocco/1290/2024,A/Kyrgyzstan/124/2023
A/Bucuresti/566045/2024,A/Bucuresti/566045/2024
A/Bucuresti/570042/2024,A/Bucuresti/566045/2024
A/Kyrgyzstan/123/2023,A/Kyrgyzstan/124/2023
A/Kyrgyzstan/122/2023,A/Kyrgyzstan/124/2023
A/Baden-Wurttemberg/55/2024,A/Kyrgyzstan/124/2023
A/Albania/302203/2024,A/Albania/302203/2024
A/Albania/302106/2024,A/Albania/302203/2024
A/Kyrgyzstan/10/2023,A/Kyrgyzstan/124/2023
A/Albania/302636/2024,A/Serbia/248/2024
A/Bulgaria/69/2024,A/Serbia/248/2024
A/Albania/303097/2024,A/Serbia/248/2024
A/Bulgaria/514/2024,A/Serbia/248/2024
A/Albania/302195/2024,A/Serbia/248/2024
A/Slovenia/119/2024,A/Serbia/248/2024
A/Slovenia/206/2024,A/Serbia/248/2024
A/Albania/301074/2024,A/Serbia/248/2024
A/Slovenia/323/2024,A/Serbia/248/2024
A/Bucuresti/570045/2024,A/Serbia/248/2024
A/Albania/302660/2024,A/Serbia/248/2024
A/Albania/302794/2024,A/Serbia/248/2024
A/Albania/302840/2024,A/Serbia/248/2024
A/Ukraine/2724/2024,A/Serbia/248/2024
A/Bulgaria/499/2024,A/Serbia/248/2024
A/Bucuresti/565601/2024,A/Serbia/248/2024
A/Dakar/14/2024,A/Kyrgyzstan/124/2023
A/England/70/2024,A/Kyrgyzstan/124/2023
A/Berlin/26/2024,A/Kyrgyzstan/124/2023
A/Dakar/21/2024,A/Kyrgyzstan/124/2023
A/Algeria/1767/2023,A/Kyrgyzstan/124/2023
A/Ad_Duqm/7241563/2024,A/Kyrgyzstan/124/2023
A/Turkey/27174042/2024,A/Kyrgyzstan/124/2023
A/Montenegro/243157/2023,A/Kyrgyzstan/124/2023
A/Montenegro/244677/2023,A/Kyrgyzstan/124/2023
A/Turkey/27154072/2024,A/Kyrgyzstan/124/2023
A/Extremadura/240460/2023,A/Extremadura/240460/2023
A/Israel/R1544/2024,A/Israel/R1598/2024
A/Israel/R1598/2024,A/Israel/R1598/2024
A/Switzerland/25797/2023,A/Switzerland/71762/2023
A/Kazakhstan/281/2023,A/Switzerland/71762/2023
A/Kyrgyzstan/17/2023,A/Switzerland/71762/2023
A/Kyrgyzstan/98/2023,A/Switzerland/71762/2023
A/Switzerland/71762/2023,A/Switzerland/71762/2023
A/Switzerland/83089/2023,A/Switzerland/71762/2023
A/Sohar/7234299/2023,A/Kyrgyzstan/124/2023
A/Nizwa/7234595/2023,A/Kyrgyzstan/124/2023
A/Ireland/00013633/2024,A/Ireland/00013633/2024
A/Argentina/1084/2024,A/Argentina/1084/2024
A/Sohar/52328337/2023,A/Sohar/52328337/2023
A/Rheinland-Pfalz/11/2023,A/Rheinland-Pfalz/11/2023
A/Kazakhstan/336/2023,A/Kazakhstan/336/2023
A/Mozambique/698543/2024,A/Kyrgyzstan/124/2023
A/Bulgaria/116/2024,A/Kyrgyzstan/124/2023
A/Israel/R2212/2024,A/Israel/R2212/2024
A/Luxembourg/4634126/2023,A/Luxembourg/4634126/2023
A/Ireland/00105655/2023,A/Ireland/00105655/2023
A/Israel/R1721/2024,A/Israel/R1721/2024
A/Macedonia/337/2024,A/Kyrgyzstan/124/2023
A/Iceland/37943/2023,A/Kyrgyzstan/124/2023
A/Iceland/37410/2023,A/Kyrgyzstan/124/2023
A/Qatar/10-VI-23-0107015/2023,A/Kyrgyzstan/124/2023
A/Switzerland/05384/2023,A/Kyrgyzstan/124/2023
A/Israel/R2163/2024,A/Kyrgyzstan/124/2023
A/Poland/25/2024,A/Kyrgyzstan/124/2023
A/Iceland/37255/2023,A/Kyrgyzstan/124/2023
A/Serbia/16653/2023,A/Kyrgyzstan/124/2023
A/Macedonia/258/2023,A/Kyrgyzstan/124/2023
A/Iceland/38547/2023,A/Kyrgyzstan/124/2023
A/Iceland/35741/2023,A/Kyrgyzstan/124/2023
A/Albania/301155/2024,A/Kyrgyzstan/124/2023
A/Belgium/2908/2024,A/Kyrgyzstan/124/2023
A/Ireland/00106787/2023,A/Kyrgyzstan/124/2023
A/England/43/2023,A/Kyrgyzstan/124/2023
A/Iran/11G11/2023,A/Kyrgyzstan/124/2023
A/Ile_de_France/06622/2024,A/Kyrgyzstan/124/2023
A/Lisboa/217/2023,A/Kyrgyzstan/124/2023
A/Iceland/36088/2023,A/Kyrgyzstan/124/2023
A/Netherlands/10554/2023,A/Kyrgyzstan/124/2023
A/Iceland/35687/2023,A/Kyrgyzstan/124/2023
A/Hungary/202/2023,A/Kyrgyzstan/124/2023
A/Israel/R1749/2024,A/Kyrgyzstan/124/2023
A/Israel/R1829/2024,A/Kyrgyzstan/124/2023
A/Belgium/94/2023,A/Kyrgyzstan/124/2023
A/Spain/970/2023,A/Kyrgyzstan/124/2023
A/Kyrgyzstan/121/2023,A/Kyrgyzstan/124/2023
A/Morocco/1889/2024,A/Kyrgyzstan/124/2023
A/Albania/302854/2024,A/Kyrgyzstan/124/2023
A/Albania/302510/2024,A/Kyrgyzstan/124/2023
A/Iceland/37368/2023,A/Kyrgyzstan/124/2023
A/Catalonia/NSVH102343016/2024,A/Kyrgyzstan/124/2023
A/Belgium/101/2023,A/Kyrgyzstan/124/2023
A/Iran/20A12/2023,A/Kyrgyzstan/124/2023
A/Albania/302957/2024,A/Kyrgyzstan/124/2023
A/Lorraine/03585/2024,A/Kyrgyzstan/124/2023
A/Switzerland/90958/2024,A/Kyrgyzstan/124/2023
A/Belgium/518/2024,A/Kyrgyzstan/124/2023
A/Baden-Wurttemberg/28/2024,A/Kyrgyzstan/124/2023
A/Belgium/3661/2024,A/Kyrgyzstan/124/2023
A/Algeria/2131/2023,A/Kyrgyzstan/124/2023
A/Iceland/35570/2023,A/Kyrgyzstan/124/2023
A/Qatar/10-VI-23-0092075/2023,A/Kyrgyzstan/124/2023
A/Nevada/32/2023,A/Kyrgyzstan/124/2023
A/Iceland/38721/2023,A/Kyrgyzstan/124/2023
A/France/33176/2023,A/Kyrgyzstan/124/2023
A/Centre/02907/2024,A/Kyrgyzstan/124/2023
A/Salalah/52328680/2023,A/Kyrgyzstan/124/2023
A/Israel/R1297/2024,A/Kyrgyzstan/124/2023
A/Ireland/00014696/2024,A/Kyrgyzstan/124/2023
A/Israel/R1792/2024,A/Kyrgyzstan/124/2023
A/Catalonia/NSVH102156229/2023,A/Kyrgyzstan/124/2023
A/Netherlands/10559/2023,A/Kyrgyzstan/124/2023
A/Iceland/34967/2023,A/Kyrgyzstan/124/2023
A/Iceland/36433/2023,A/Kyrgyzstan/124/2023
A/Algeria/1229/2023,A/Kyrgyzstan/124/2023
A/Kyrgyzstan/25/2023,A/Kyrgyzstan/124/2023
A/Israel/R1578/2024,A/Kyrgyzstan/124/2023
A/Serbia/362/2024,A/Kyrgyzstan/124/2023
A/Iceland/37528/2023,A/Kyrgyzstan/124/2023
A/Spain/2603/2024,A/Kyrgyzstan/124/2023
A/Muscat/7234348/2023,A/Kyrgyzstan/124/2023
A/France/IDF-RELAB-IPP32874/2023,A/Kyrgyzstan/124/2023
A/Kazakhstan/13/2023,A/Kyrgyzstan/124/2023
A/Kyrgyzstan/21/2023,A/Kyrgyzstan/124/2023
A/Slovenia/643/2024,A/Kyrgyzstan/124/2023
A/Israel/R1862/2024,A/Kyrgyzstan/124/2023
A/Catalonia/NSVH102161296/2023,A/Kyrgyzstan/124/2023
A/Iceland/37274/2023,A/Kyrgyzstan/124/2023
A/Ireland/00011334/2024,A/Kyrgyzstan/124/2023
A/Albania/302978/2024,A/Kyrgyzstan/124/2023
A/Kyrgyzstan/26/2023,A/Kyrgyzstan/124/2023
A/Sydney/878/2023,A/Kyrgyzstan/124/2023
A/Kazakhstan/332/2023,A/Kyrgyzstan/124/2023
A/Switzerland/52333/2024,A/Kyrgyzstan/124/2023
A/Iceland/38351/2023,A/Kyrgyzstan/124/2023
A/Argentina/1231/2024,A/Kyrgyzstan/124/2023
A/Argentina/1080/2024,A/Kyrgyzstan/124/2023
A/Salalah/52328327/2023,A/Kyrgyzstan/124/2023
A/Israel/R2250/2024,A/Kyrgyzstan/124/2023
A/Mauritius/P52643/2023,A/Kyrgyzstan/124/2023
A/Iceland/37811/2023,A/Kyrgyzstan/124/2023
A/Serbia/16670/2023,A/Kyrgyzstan/124/2023
A/Iceland/38354/2023,A/Kyrgyzstan/124/2023
A/Kyrgyzstan/27/2023,A/Kyrgyzstan/124/2023
A/Iceland/36118/2023,A/Kyrgyzstan/124/2023
A/Iran/24N11/2023,A/Kyrgyzstan/124/2023
A/Albania/302809/2024,A/Kyrgyzstan/124/2023
A/Israel/R2261/2024,A/Kyrgyzstan/124/2023
A/Kyrgyzstan/120/2023,A/Kyrgyzstan/124/2023
A/Israel/R1895/2024,A/Kyrgyzstan/124/2023
A/Kazakhstan/309/2023,A/Kyrgyzstan/124/2023
A/England/45/2023,A/Kyrgyzstan/124/2023
A/Salalah/52328322/2023,A/Kyrgyzstan/124/2023
A/Lorraine/03881/2024,A/Kyrgyzstan/124/2023
A/Argentina/1219/2024,A/Kyrgyzstan/124/2023
A/Iceland/35921/2023,A/Kyrgyzstan/124/2023
A/Switzerland/37739/2024,A/Kyrgyzstan/124/2023
A/Ireland/00106785/2023,A/Kyrgyzstan/124/2023
A/Israel/R2007/2024,A/Kyrgyzstan/124/2023
A/Albania/300922/2024,A/Kyrgyzstan/124/2023
A/Muscat/52326031/2023,A/Kyrgyzstan/124/2023
A/Hungary/140/2023,A/Kyrgyzstan/124/2023
A/Macedonia/5/2024,A/Kyrgyzstan/124/2023
A/Berlin/28/2023,A/Kyrgyzstan/124/2023
A/Israel/R2036/2024,A/Kyrgyzstan/124/2023
A/Iceland/36222/2023,A/Kyrgyzstan/124/2023
A/Belgium/3181/2024,A/Kyrgyzstan/124/2023
A/Israel/R2082/2024,A/Kyrgyzstan/124/2023
A/Krasnodar/RII-04/2024,A/Kyrgyzstan/124/2023
A/Iran/20L11/2023,A/Kyrgyzstan/124/2023
A/Iceland/37250/2023,A/Kyrgyzstan/124/2023
A/Norway/06884/2024,A/Norway/06884/2024
A/HongKong/2816/2024,A/HongKong/2752/2024
A/HongKong/2752/2024,A/HongKong/2752/2024
A/Netherlands/01762/2024,A/Netherlands/01762/2024
A/Madagascar/03416/2024,A/Madagascar/03416/2024
A/Madagascar/03415/2024,A/Madagascar/03416/2024
A/Ghana/1922/2023,A/Ghana/1922/2023
A/Dakar/23/2024,A/Dakar/23/2024
A/BurkinaFaso/2101/2023,A/BurkinaFaso/2101/2023
A/BurkinaFaso/2070/2023,A/BurkinaFaso/2070/2023
A/Norway/12374/2023,A/Norway/12374/2023
A/BurkinaFaso/3446/2023,A/BurkinaFaso/3446/2023
A/Cameroon/3172/2024,A/Cameroon/3172/2024
A/BurkinaFaso/182/2023,A/BurkinaFaso/182/2023
A/Netherlands/01643/2023,A/Netherlands/01643/2023
A/Cameroon/9092/2023,A/Cameroon/9092/2023
A/Berlin/37/2023,A/Cameroon/9812/2023
A/Norway/11288/2023,A/Cameroon/9812/2023
A/Cameroon/1100/2024,A/Cameroon/9812/2023
A/Cameroon/2252/2024,A/Cameroon/9812/2023
A/Cameroon/2254/2024,A/Cameroon/9812/2023
A/Norway/10423/2023,A/Cameroon/9812/2023
A/Netherlands/01744/2023,A/Cameroon/9812/2023
A/Netherlands/10536/2023,A/Netherlands/10536/2023
A/Cameroon/9812/2023,A/Cameroon/9812/2023
A/BurkinaFaso/3406/2023,A/BurkinaFaso/3442/2023
A/Togo/1593/2023,A/BurkinaFaso/3442/2023
A/Dakar/9/2024,A/BurkinaFaso/3442/2023
A/BurkinaFaso/232/2023,A/BurkinaFaso/232/2023
A/Dakar/7/2024,A/BurkinaFaso/3442/2023
A/Dakar/5/2024,A/BurkinaFaso/3442/2023
A/Dakar/20/2024,A/BurkinaFaso/3442/2023
A/Dakar/4/2024,A/BurkinaFaso/3442/2023
A/Dakar/6/2024,A/BurkinaFaso/3442/2023
A/Dakar/12/2024,A/BurkinaFaso/3442/2023
A/Dakar/041/2024,A/BurkinaFaso/3442/2023
A/Dakar/039/2024,A/BurkinaFaso/3442/2023
A/Dakar/029/2024,A/BurkinaFaso/3442/2023
A/Netherlands/01829/2024,A/Netherlands/01829/2024
A/BurkinaFaso/244/2023,A/BurkinaFaso/244/2023
A/BurkinaFaso/3419/2023,A/BurkinaFaso/3419/2023
A/BurkinaFaso/3442/2023,A/BurkinaFaso/3442/2023
A/BurkinaFaso/211/2023,A/BurkinaFaso/211/2023
A/BurkinaFaso/3131/2023,A/BurkinaFaso/3442/2023
A/Togo/1460/2023,A/BurkinaFaso/3442/2023
A/Dakar/15/2024,A/BurkinaFaso/3442/2023
A/BurkinaFaso/3453/2023,A/BurkinaFaso/3442/2023
A/BurkinaFaso/3371/2023,A/BurkinaFaso/3442/2023
A/Dakar/8/2024,A/BurkinaFaso/3442/2023
A/Dakar/40/2023,A/BurkinaFaso/3442/2023
A/BurkinaFaso/205/2023,A/BurkinaFaso/3442/2023
A/France/IDF-IPP29542/2023,A/BurkinaFaso/3442/2023
A/BurkinaFaso/3457/2023,A/BurkinaFaso/3442/2023
A/BurkinaFaso/206/2023,A/BurkinaFaso/3442/2023
A/Dakar/2/2024,A/BurkinaFaso/3442/2023
A/Dakar/10/2024,A/BurkinaFaso/3442/2023
A/BurkinaFaso/2078/2023,A/BurkinaFaso/3442/2023
A/Dakar/3/2024,A/BurkinaFaso/3442/2023
A/Dakar/11/2024,A/BurkinaFaso/3442/2023
A/BurkinaFaso/3441/2023,A/BurkinaFaso/3442/2023
A/BurkinaFaso/2098/2023,A/BurkinaFaso/3442/2023
A/Dakar/16/2024,A/BurkinaFaso/3442/2023
A/BurkinaFaso/203/2023,A/BurkinaFaso/3442/2023
A/BurkinaFaso/3433/2023,A/BurkinaFaso/3442/2023
A/BurkinaFaso/153/2023,A/BurkinaFaso/3442/2023
A/BurkinaFaso/3190/2023,A/BurkinaFaso/3442/2023
A/BurkinaFaso/3140/2023,A/BurkinaFaso/3442/2023
A/Dakar/39/2023,A/BurkinaFaso/3442/2023
A/BurkinaFaso/2152/2023,A/BurkinaFaso/3442/2023
A/Qatar/23-VI-23-0106322/2023,A/Qatar/23-VI-23-0106322/2023
A/Norway/00396/2025,A/Norway/00396/2025
A/CoteD'Ivoire/4459/2024,A/CoteD'Ivoire/4459/2024
A/Norway/11294/2023,A/Norway/11294/2023
A/Ghana/3409/2024,A/Ghana/3409/2024
A/Ghana/3195/2024,A/Ghana/3409/2024
A/Ghana/818/2024,A/Ghana/818/2024
A/Ghana/2545/2024,A/Ghana/818/2024
A/Ghana/1812/2024,A/Ghana/818/2024
A/Ghana/2186/2023,A/CastillaLaMancha/2303/2023
A/Togo/1356/2023,A/CastillaLaMancha/2303/2023
A/Togo/1459/2023,A/CastillaLaMancha/2303/2023
A/Netherlands/10556/2023,A/Netherlands/10556/2023
A/Ghana/7529/2023,A/Ghana/7529/2023
A/BurkinaFaso/155/2023,A/CastillaLaMancha/2303/2023
A/CastillaLaMancha/2303/2023,A/CastillaLaMancha/2303/2023
A/Ghana/7625/2023,A/Ghana/7625/2023
A/Ghana/7400/2023,A/Ghana/7400/2023
A/HongKong/3048/2023,A/HongKong/3048/2023
A/Kyrgyzstan/16/2023,A/Kyrgyzstan/16/2023
A/Kyrgyzstan/15/2023,A/Kyrgyzstan/16/2023
A/Kyrgyzstan/106/2023,A/Kyrgyzstan/16/2023
A/Kazakhstan/270/2023,A/Croatia/14020/2023
A/Croatia/14020/2023,A/Croatia/14020/2023
A/Qatar/88744/2024,A/Qatar/89913/2024
A/Qatar/89913/2024,A/Qatar/89913/2024
A/SaintPetersburg/RII-46/2024,A/SaintPetersburg/RII-46/2024
A/Ukraine/2777/2024,A/Ukraine/2777/2024
A/Catalonia/NSJO510768271/2024,A/Catalonia/NSJO510768271/2024
A/Switzerland/0800/2025,A/Switzerland/0800/2025
A/Catalonia/NSVH102155361/2023,A/Catalonia/NSVH102155361/2023
A/Netherlands/01697/2024,A/Netherlands/01697/2024
A/Cameroon/2925/2023,A/Cameroon/2925/2023
A/Netherlands/10538/2023,A/Blida/42154/2022
A/Dakar/11/2022,A/Dakar/11/2022
A/Netherlands/00024/2025,A/Netherlands/02093/2024
A/Netherlands/02175/2024,A/Netherlands/02175/2024
A/Netherlands/00520/2025,A/Netherlands/00520/2025
A/Netherlands/02093/2024,A/Netherlands/02093/2024
A/Netherlands/00401/2025,A/Netherlands/02093/2024
A/Netherlands/00156/2025,A/Netherlands/00156/2025
A/Netherlands/00328/2025,A/Netherlands/00328/2025
A/Netherlands/02182/2024,A/Netherlands/02093/2024
A/Netherlands/00077/2025,A/Netherlands/02093/2024
A/Netherlands/10685/2024,A/Netherlands/02093/2024
A/Belgium/912/2024,A/Belgium/912/2024
A/Mauritius/I-186/2024,A/Mauritius/I-186/2024
A/Mauritius/1186304/2024,A/Mauritius/I-186/2024
A/Poland/PL45/2024,A/Mauritius/I-186/2024
A/Iceland/37274/2024,A/Iceland/37274/2024
A/Iceland/37008/2024,A/Iceland/37008/2024
A/Iceland/36992/2024,A/Iceland/37008/2024
A/Romania_BB/586906/2025,A/Romania_BB/586906/2025
A/Qatar/87429/2024,A/Romania_BB/586841/2024
A/Romania_BB/586841/2024,A/Romania_BB/586841/2024
A/Argentina/1221/2024,A/Argentina/1221/2024
A/Argentina/1215/2024,A/Argentina/1221/2024
A/Serbia/814/2024,A/Kyrgyzstan/124/2023
A/Slovenia/588/2024,A/Slovenia/588/2024
A/SaintPetersburg/RII-47/2024,A/SaintPetersburg/RII-47/2024
A/Nordrhein-Westfalen/16/2023,A/Nordrhein-Westfalen/16/2023
A/Mozambique/699073/2024,A/Kyrgyzstan/124/2023
A/Albania/302684/2024,A/Albania/302684/2024
A/Mauritius/I-183/2024,A/Mauritius/I-183/2024
A/Ghana/7376/2024,A/Ghana/7376/2024
A/Canberra/373/2023,A/Canberra/373/2023
A/Denmark/2208/2024,A/Denmark/2208/2024
A/Lorraine/03877/2024,A/Lorraine/03877/2024
A/CoteD'Ivoire/4592/2024,A/CoteD'Ivoire/4592/2024
A/England/68/2024,A/England/68/2024
A/England/69/2024,A/England/69/2024
A/England/67/2024,A/England/67/2024
A/Algeria/16913/2024,A/Algeria/16913/2024
A/Ireland/00024264/2024,A/Ireland/00024264/2024
A/Netherlands/01577/2024,A/Netherlands/01577/2024
A/Valladolid/50/2022,A/Valladolid/50/2022
A/SouthSudan/996/2023,A/SouthSudan/996/2023
A/Ireland/00100281/2023,A/Ireland/00100281/2023
A/Qatar/10-VI-22-2015935/2022,A/Qatar/10-VI-22-2015935/2022
A/Qatar/10-VI-23-0095120/2023,A/Qatar/10-VI-23-0095120/2023
A/California/122/2022,A/California/122/2022
A/Norway/33475/2022,A/Norway/33475/2022
A/Slovenia/11413/2022,A/Slovenia/11413/2022
A/Norway/11304/2023,A/Blida/42154/2022
A/Albania/290270/2022,A/Albania/290270/2022
A/Dakar/20/2022,A/Dakar/20/2022
A/Mauritius/P50061/2023,A/Mauritius/P50061/2023
A/Dakar/22/2022,A/Dakar/22/2022
A/Uppsala/SE24-02917/2024,A/Kyrgyzstan/124/2023
A/Croatia/1613/2024,A/Croatia/1613/2024
A/Bulgaria/2443/2024,A/Kyrgyzstan/58/2023
A/Bulgaria/2507/2024,A/Kyrgyzstan/58/2023
A/Moldova/36829/2024,A/Kyrgyzstan/58/2023
A/Bulgaria/2398/2024,A/HongKong/2810/2024
A/Israel/R2251/2024,A/Kyrgyzstan/124/2023
A/Croatia/14073/2023,A/Kyrgyzstan/124/2023
A/Ile_de_France/05020/2024,A/Ile_de_France/05020/2024
A/Israel/R2058/2024,A/Israel/R2058/2024
A/Bolzano/37/2024,A/Kyrgyzstan/58/2023
A/Norway/47/2024,A/Norway/47/2024
A/Qatar/10-VI-23-0103751/2023,A/Qatar/10-VI-23-0103751/2023
A/Muscat/7234671/2023,A/Muscat/7234671/2023
A/Oklahoma/05/2024,A/Oklahoma/05/2024
A/Slovenia/240/2024,A/Oklahoma/05/2024
A/Slovenia/49/2024,A/Oklahoma/05/2024
A/Norway/805/2024,A/Oklahoma/05/2024
A/Norway/423/2024,A/Oklahoma/05/2024
A/Iceland/12503/2024,A/Oklahoma/05/2024
A/Nordrhein-Westfalen/1/2024,A/Kyrgyzstan/58/2023
A/Georgia/GEO42/2024,A/Georgia/GEO42/2024
A/England/48/2023,A/Kyrgyzstan/58/2023
A/Kyrgyzstan/58/2023,A/Kyrgyzstan/58/2023
A/Spain/2561/2024,A/Spain/2561/2024
A/Spain/2562/2024,A/Spain/2561/2024
A/Iasi/565621/2024,A/Romania/563383/2023
A/Iasi/567775/2024,A/Romania/563383/2023
A/Iasi/566568/2024,A/Romania/563383/2023
A/Romania/563383/2023,A/Romania/563383/2023
A/Pays_de_Loire/03503/2024,A/Romania/563383/2023
A/Spain/2381/2024,A/Romania/563383/2023
A/Iasi/567768/2024,A/Romania/563383/2023
A/England/73/2024,A/Romania/563383/2023
A/Iasi/567842/2024,A/Romania/563383/2023
A/Iasi/567776/2024,A/Romania/563383/2023
A/Morocco/1200/2024,A/Romania/563383/2023
A/Qatar/10-VI-23-0107179/2023,A/Qatar/10-VI-23-0107179/2023
A/Catalonia/NSVH102337351/2024,A/Catalonia/NSVH102337351/2024
A/Qatar/25-VI-23-0107245/2023,A/Qatar/25-VI-23-0107245/2023
A/Qatar/10-VI-23-0106239/2023,A/Qatar/10-VI-23-0106239/2023
A/Qatar/10-VI-23-0105504/2023,A/Qatar/10-VI-23-0095583/2023
A/Qatar/10-VI-23-0095639/2023,A/Qatar/10-VI-23-0095583/2023
A/Qatar/10-VI-23-0095583/2023,A/Qatar/10-VI-23-0095583/2023
A/Netherlands/10561/2023,A/Netherlands/10561/2023
A/Croatia/14051/2023,A/Croatia/14051/2023
A/Iceland/12516/2024,A/Iceland/12516/2024
A/Iceland/8862/2024,A/Iceland/8862/2024
A/Iceland/8546/2024,A/Iceland/8862/2024
A/HongKong/2121/2024,A/HongKong/2121/2024
A/Dakar/19/2024,A/HongKong/2121/2024
A/Iceland/5614/2024,A/Iceland/5614/2024
A/Ireland/00019853/2024,A/Ireland/00019853/2024
A/Ireland/00034351/2024,A/Ireland/00019853/2024
A/Poland/PL44/2024,A/Poland/PL44/2024
A/Netherlands/01563/2024,A/Netherlands/01563/2024
A/Denmark/2245/2024,A/Denmark/2245/2024
A/Poland/PL40/2024,A/Denmark/2245/2024
A/Toulouse/0241506958/2024,A/Denmark/2245/2024
A/Stockholm/SE24-53070/2024,A/Denmark/2245/2024
A/Norway/08601/2024,A/Norway/1592/2024
A/England/168/2024,A/England/168/2024
A/England/182/2024,A/England/168/2024
A/England/172/2024,A/England/168/2024
A/England/174/2024,A/DistrictOfColumbia/27/2023
A/Norway/08009/2024,A/DistrictOfColumbia/27/2023
A/England/143/2024,A/DistrictOfColumbia/27/2023
A/England/186/2024,A/DistrictOfColumbia/27/2023
A/Ireland/00089814/2024,A/DistrictOfColumbia/27/2023
A/HongKong/1937/2024,A/HongKong/1937/2024
A/Norway/1592/2024,A/Norway/1592/2024
A/Ostersund/SE24-03454/2024,A/Norway/1592/2024
A/Norway/1590/2024,A/Norway/1592/2024
A/Norway/1952/2024,A/Norway/1592/2024
A/Qatar/16-VI-23-0105945/2023,A/Qatar/16-VI-23-0105945/2023
A/Israel/R1805/2024,A/Israel/R1805/2024
A/Victoria/2776/2023,A/Victoria/2776/2023
A/Netherlands/10551/2023,A/Netherlands/10551/2023
A/HongKong/2753/2024,A/HongKong/2753/2024
A/HongKong/2861/2024,A/HongKong/2861/2024
A/Switzerland/3127/2025,A/France/BFC-RELAB-IPP13100/2024
A/Ghana/1293/2024,A/France/GES-IPP14626/2024
A/Ghana/1081/2024,A/France/GES-IPP14626/2024
A/Ghana/3104/2024,A/France/GES-IPP14626/2024
A/Rheinland-Pfalz/39/2024,A/Rheinland-Pfalz/39/2024
A/France/CVL-IPP14531/2024,A/France/BFC-RELAB-IPP13100/2024
A/France/BFC-RELAB-IPP13100/2024,A/France/BFC-RELAB-IPP13100/2024
A/Idaho/69/2023,A/Idaho/69/2023
A/Cameroon/7167/2024,A/France/GES-IPP14626/2024
A/Serbia/76/2024,A/France/GES-IPP14626/2024
A/France/GES-IPP14626/2024,A/France/GES-IPP14626/2024
A/Ghana/5726/2024,A/France/GES-IPP14626/2024
A/Cameroon/6580/2024,A/France/GES-IPP14626/2024
A/Ghana/6229/2024,A/France/GES-IPP14626/2024
A/Moldova/36860/2024,A/France/GES-IPP14626/2024
A/Israel/G727/2024,A/France/GES-IPP14626/2024
A/Krasnodar/RII-06/2024,A/DistrictOfColumbia/27/2023
A/Toamasina/03219/2023,A/Toamasina/03219/2023
A/Kyrgyzstan/36/2023,A/Kyrgyzstan/14/2023
A/Kyrgyzstan/14/2023,A/Kyrgyzstan/14/2023
A/Kyrgyzstan/13/2023,A/Kyrgyzstan/14/2023
A/Kyrgyzstan/29/2023,A/Kyrgyzstan/14/2023
A/Albania/302946/2024,A/Albania/302946/2024
A/Firq/7242349/2024,A/Firq/7242349/2024
A/Qatar/89814/2024,A/Qatar/89814/2024
A/Victoria/2997/2023,A/Victoria/2997/2023
A/Croatia/14028/2023,A/DistrictOfColumbia/27/2023
A/Argentina/1114/2024,A/DistrictOfColumbia/27/2023
A/England/65/2024,A/DistrictOfColumbia/27/2023
A/Slovenia/180/2024,A/DistrictOfColumbia/27/2023
A/Albania/302815/2024,A/DistrictOfColumbia/27/2023
A/Krasnodar/RII-05/2024,A/DistrictOfColumbia/27/2023
A/Netherlands/10459/2024,A/DistrictOfColumbia/27/2023
A/Croatia/10136RV/2023,A/DistrictOfColumbia/27/2023
A/Argentina/986/2024,A/DistrictOfColumbia/27/2023
A/BosniaAndHerzegovina/502/2024,A/DistrictOfColumbia/27/2023
A/Argentina/1166/2024,A/DistrictOfColumbia/27/2023
A/Krasnodar/RII-03/2024,A/DistrictOfColumbia/27/2023
A/Albania/303794/2024,A/DistrictOfColumbia/27/2023
A/Albania/301159/2024,A/DistrictOfColumbia/27/2023
A/Lebanon/293/2024,A/DistrictOfColumbia/27/2023
A/Ile_de_France/05010/2024,A/DistrictOfColumbia/27/2023
A/DistrictOfColumbia/27/2023,A/DistrictOfColumbia/27/2023
A/Albania/303141/2024,A/DistrictOfColumbia/27/2023
A/Dakar/23/2022,A/Dakar/10/2022
A/Dakar/15/2022,A/Dakar/10/2022
A/Dakar/10/2022,A/Dakar/10/2022
A/Tunisia/23669/2022,A/Tunisia/23669/2022
A/Boumerdes/44092/2022,A/Boumerdes/44092/2022
A/Bayern/10/2023,A/Bayern/10/2023
A/Albania/290469/2023,A/Albania/290469/2023
A/Blida/42154/2022,A/Blida/42154/2022
A/HongKong/1544/2023,A/HongKong/1544/2023
A/Catalonia/3512677NS/2022,A/Catalonia/3512677NS/2022
A/Norway/3170/2023,A/Norway/3170/2023
A/HongKong/1540/2023,A/Blida/42154/2022
A/Berlin/40/2023,A/Blida/42154/2022
A/HongKong/1535/2023,A/Blida/42154/2022
A/HongKong/1542/2023,A/Blida/42154/2022
A/HongKong/1536/2023,A/Blida/42154/2022
A/Israel/B1418/2022,A/Blida/42154/2022
A/HongKong/3062/2023,A/Blida/42154/2022
A/Lithuania/47481/2022,A/Lithuania/47481/2022
A/Slovenia/10543/2022,A/Slovenia/10543/2022
A/Burgos/249/2022,A/Blida/42154/2022
A/Israel/B1503/2022,A/Blida/42154/2022
A/Switzerland/85876/2022,A/Switzerland/86247/2022
A/Switzerland/52849/2022,A/Switzerland/86247/2022
A/Switzerland/86247/2022,A/Switzerland/86247/2022
A/Ireland/80522/2022,A/Blida/42154/2022
A/Netherlands/01685/2023,A/Netherlands/01685/2023
A/Qatar/10-VI-22-2015495/2022,A/Qatar/10-VI-22-2015495/2022
A/England/103/2022,A/Blida/42154/2022
A/Serbia/502326/2023,A/Blida/42154/2022
A/Switzerland/68546/2022,A/Blida/42154/2022
A/Franche_Comte/02032/2023,A/Blida/42154/2022
A/Toliary/03036/2023,A/Blida/42154/2022
A/Poland/PL61/2022,A/Blida/42154/2022
A/Greece/267/2022,A/Blida/42154/2022
A/Lisboa/752/2022,A/Blida/42154/2022
A/England/148/2022,A/Blida/42154/2022
A/England/122/2022,A/Blida/42154/2022
A/Bousher/52310940/2023,A/Blida/42154/2022
A/Qatar/25-VI-22-1918966/2022,A/Blida/42154/2022
A/Brandenburg/15/2022,A/Blida/42154/2022
A/Norway/32603/2022,A/Blida/42154/2022
A/England/110/2022,A/Blida/42154/2022
A/Netherlands/10160/2023,A/Blida/42154/2022
A/Akkar/22/2023,A/Blida/42154/2022
A/Antananarivo/02757/2023,A/Blida/42154/2022
A/Bouira/44511/2022,A/Blida/42154/2022
A/Massachusetts/18/2022,A/Blida/42154/2022
A/Qatar/11-VI-23-0101037/2023,A/Blida/42154/2022
A/Norway/32883/2022,A/Blida/42154/2022
A/Denmark/3108/2022,A/Blida/42154/2022
A/Valladolid/17/2023,A/Blida/42154/2022
A/SaudiArabia/2439/2022,A/Blida/42154/2022
A/Antananarivo/03253/2023,A/Blida/42154/2022
A/Soria/220/2022,A/Blida/42154/2022
A/Mutrah/52223973/2022,A/Blida/42154/2022
A/Romania/545586/2023,A/Blida/42154/2022
A/Antananarivo/84305/2023,A/Blida/42154/2022
A/Switzerland/28577/2022,A/Blida/42154/2022
A/Austria/1573799/2022,A/Austria/1573799/2022
A/Serbia/500898/2023,A/Austria/1573799/2022
A/Albania/289813/2022,A/Albania/289813/2022
A/Bayern/6/2023,A/Bayern/6/2023
A/Albania/290243/2022,A/Albania/290243/2022
A/Netherlands/11905/2022,A/Austria/1573799/2022
A/Serbia/292/2023,A/Austria/1573799/2022
A/Bayern/5/2023,A/Mecklenburg-Vorpommern/88/2022
A/Bremen/28/2022,A/Bremen/28/2022
A/Niedersachsen/105/2022,A/Mecklenburg-Vorpommern/88/2022
A/Bulgaria/107/2023,A/Mecklenburg-Vorpommern/88/2022
A/Bulgaria/246/2023,A/Mecklenburg-Vorpommern/88/2022
A/Pays_de_Loire/05590/2023,A/Mecklenburg-Vorpommern/88/2022
A/Bremen/50/2022,A/Mecklenburg-Vorpommern/88/2022
A/Belgium/G0055/2023,A/Mecklenburg-Vorpommern/88/2022
A/Bremen/29/2022,A/Mecklenburg-Vorpommern/88/2022
A/Mecklenburg-Vorpommern/88/2022,A/Mecklenburg-Vorpommern/88/2022
A/Israel/R2231/2024,A/Israel/R2231/2024
A/Israel/R1511/2024,A/Israel/R1511/2024
A/Israel/R1739/2024,A/Serbia/8265/2023
A/Israel/R1642/2024,A/Serbia/8265/2023
A/Israel/G733/2024,A/Serbia/8265/2023
A/Israel/R2042/2024,A/Serbia/8265/2023
A/Israel/R1823/2024,A/Serbia/8265/2023
A/Israel/G854/2024,A/Serbia/8265/2023
A/Israel/R1960/2024,A/Serbia/8265/2023
A/Tunisia/2955/2024,A/France/33503/2023
A/France/33503/2023,A/France/33503/2023
A/Ireland/00100379/2023,A/Ireland/00100379/2023
A/Ambositra/01969/2024,A/Antsirabe/01583/2024
A/Antsirabe/01583/2024,A/Antsirabe/01583/2024
A/Belgium/G0261/2023,A/Iceland/34327/2023
A/Iceland/34327/2023,A/Iceland/34327/2023
A/Kyrgyzstan/108/2023,A/Kyrgyzstan/108/2023
A/Kyrgyzstan/101/2023,A/Kyrgyzstan/101/2023
A/Albania/302412/2024,A/Albania/302412/2024
A/Kazakhstan/58/2023,A/Kazakhstan/277/2023
A/Kazakhstan/59/2023,A/Kazakhstan/277/2023
A/Kazakhstan/277/2023,A/Kazakhstan/277/2023
A/Kyrgyzstan/118/2023,A/Kyrgyzstan/124/2023
A/Estonia/178200/2024,A/Bucuresti/565777/2024
A/Turkmenistan/142/2024,A/Turkmenistan/142/2024
A/Estonia/177610/2024,A/Turkmenistan/142/2024
A/Turkmenistan/1805/2025,A/Turkmenistan/142/2024
A/Turkmenistan/1738/2024,A/Turkmenistan/142/2024
A/Turkmenistan/69/2024,A/Turkmenistan/142/2024
A/Spain/2389/2024,A/Spain/2389/2024
A/Bulgaria/1718/2024,A/Bulgaria/1718/2024
A/Israel/R1613/2024,A/Qatar/10-VI-23-0098543/2023
A/Mozambique/699070/2024,A/Mozambique/699070/2024
A/Bulgaria/2402/2024,A/Bulgaria/2402/2024
A/Mozambique/699067/2024,A/Mozambique/699067/2024
A/Mozambique/699048/2024,A/Mozambique/699067/2024
A/Poland/50/2024,A/Poland/50/2024
A/Kyrgyzstan/23/2023,A/Kyrgyzstan/23/2023
A/Trollhattan/SE24-04469/2024,A/Trollhattan/SE24-04469/2024
A/Israel/R1723/2024,A/Kyrgyzstan/124/2023
A/Bulgaria/2091/2024,A/Bulgaria/2091/2024
A/Bulgaria/1884/2024,A/Kyrgyzstan/124/2023
A/Kyrgyzstan/20/2023,A/Kyrgyzstan/20/2023
A/Ibra/7243386/2024,A/Krasnodar/RII-02/2024
A/SaintPetersburg/RII-39/2024,A/Krasnodar/RII-02/2024
A/Krasnodar/RII-02/2024,A/Krasnodar/RII-02/2024
A/Saint-Petersburg/RII-48/2024,A/Saint-Petersburg/RII-48/2024
A/Bulgaria/2222/2024,A/Bulgaria/2222/2024
A/Israel/R1690/2024,A/Bulgaria/2222/2024
A/Mozambique/699051/2024,A/Kyrgyzstan/124/2023
A/Israel/R2235/2024,A/Kyrgyzstan/124/2023
A/Kyrgyzstan/24/2023,A/Kyrgyzstan/124/2023
A/Israel/R2107/2024,A/Kyrgyzstan/124/2023
A/Itasy/01844/2024,A/Kyrgyzstan/124/2023
A/Mozambique/698068/2024,A/Kyrgyzstan/124/2023
A/Kazakhstan/289/2023,A/Kyrgyzstan/124/2023
A/Bayern/11/2023,A/Kyrgyzstan/124/2023
A/Bulgaria/493/2024,A/Kyrgyzstan/124/2023
A/Kemerovo/RII-01/2024,A/Kyrgyzstan/124/2023
A/Israel/R1285/2024,A/Kyrgyzstan/124/2023
A/Bulgaria/1719/2024,A/Kyrgyzstan/124/2023
A/Ukraine/2067/2023,A/Kyrgyzstan/124/2023
A/Kyrgyzstan/8/2023,A/Kyrgyzstan/124/2023
A/Kemerovo/RII-02/2024,A/Kyrgyzstan/124/2023
A/Mozambique/699052/2024,A/Kyrgyzstan/124/2023
A/Itasy/01846/2024,A/Kyrgyzstan/124/2023
A/Luxembourg/6475699/2024,A/Kyrgyzstan/124/2023
A/Mozambique/699071/2024,A/Kyrgyzstan/124/2023
A/Moldova/36681/2024,A/Kyrgyzstan/124/2023
A/Kyrgyzstan/124/2023,A/Kyrgyzstan/124/2023
A/Kyrgyzstan/18/2023,A/Kyrgyzstan/124/2023
A/Kyrgyzstan/110/2023,A/Kyrgyzstan/124/2023
A/Mozambique/700571/2024,A/Kyrgyzstan/124/2023
A/Kyrgyzstan/12/2023,A/Kyrgyzstan/124/2023
A/Kyrgyzstan/22/2023,A/Kyrgyzstan/124/2023
A/Algeria/339/2025,A/Algeria/339/2025
A/Berlin/145/2022,A/Berlin/145/2022
A/Antananarivo/02860/2023,A/Antananarivo/03320/2023
A/Madagascar/03788/2024,A/Madagascar/03788/2024
A/Ambositra/02034/2024,A/Ambositra/02034/2024
A/Madagascar/03189/2024,A/Madagascar/03189/2024
A/Ambositra/01616/2024,A/Ambositra/01616/2024
A/Antananarivo/03371/2023,A/Antananarivo/03320/2023
A/Antananarivo/02702/2023,A/Antananarivo/02702/2023
A/Antananarivo/02681/2023,A/Antananarivo/03320/2023
A/Fianarantsoa/01771/2024,A/Fianarantsoa/01771/2024
A/Antananarivo/02915/2023,A/Antananarivo/03320/2023
A/Toamasina/03143/2023,A/Toamasina/03143/2023
A/Antananarivo/50000/2024,A/Antananarivo/50000/2024
A/Manandona/03462/2023,A/Manandona/03215/2023
A/Antananarivo/03308/2023,A/Antananarivo/03320/2023
A/Manandona/03215/2023,A/Manandona/03215/2023
A/Antsirabe/02735/2023,A/Antananarivo/03320/2023
A/Toamasina/02944/2023,A/Antananarivo/03320/2023
A/Toliary/03152/2023,A/Toliary/03152/2023
A/Toamasina/02991/2023,A/Toamasina/02991/2023
A/Antsohihy/03201/2023,A/Antananarivo/03320/2023
A/Toamasina/03221/2023,A/Antananarivo/03320/2023
A/Antananarivo/02981/2023,A/Antananarivo/03320/2023
A/Toamasina/03297/2023,A/Antananarivo/03320/2023
A/Antsirabe/02539/2023,A/Antananarivo/03320/2023
A/Antananarivo/03320/2023,A/Antananarivo/03320/2023
A/Montenegro/242559/2023,A/Montenegro/242559/2023
A/Argentina/1025/2024,A/Argentina/1211/2024
A/Argentina/1211/2024,A/Argentina/1211/2024
A/Israel/R1564/2024,A/Israel/R1564/2024
A/Kyrgyzstan/11/2023,A/Kyrgyzstan/39/2023
A/Kyrgyzstan/39/2023,A/Kyrgyzstan/39/2023
A/Kyrgyzstan/60/2023,A/Kyrgyzstan/39/2023
A/SaintPetersburg/RII-38/2024,A/Kyrgyzstan/39/2023
A/Ibra/52422154/2024,A/Kyrgyzstan/39/2023
A/Turkmenistan/637/2024,A/Blida/42154/2022
A/Bretagne/04092/2024,A/Bretagne/04092/2024
A/Trollhattan/SE24-03639/2024,A/Trollhattan/SE24-03639/2024
A/Uppsala/SE24-04691/2024,A/Uppsala/SE24-04691/2024
A/Hungary/141/2023,A/Hungary/141/2023
A/Ireland/00102017/2023,A/Ireland/00102017/2023
A/Ostersund/SE23-14558/2023,A/Ostersund/SE23-14558/2023
A/Eskilstuna/SE24-02325/2024,A/Gavle/SE23-16072/2023
A/Gavle/SE23-16072/2023,A/Gavle/SE23-16072/2023
A/Linkoping/SE24-00207/2024,A/Gavle/SE23-16072/2023
A/Algeria/2157/2023,A/England/189/2023
A/Switzerland/28412/2023,A/England/189/2023
A/Norway/11072/2023,A/England/189/2023
A/Israel/R1571/2024,A/Israel/R1571/2024
A/Israel/R1994/2024,A/Israel/R1994/2024
A/Israel/R1836/2024,A/Israel/R1836/2024
A/Israel/R1938/2024,A/Israel/R1836/2024
A/Bretagne/04272/2024,A/Spain/575/2023
A/Spain/1913/2024,A/Spain/575/2023
A/Spain/575/2023,A/Spain/575/2023
A/France/GES-IPP26703/2023,A/France/GES-IPP26703/2023
A/Montenegro/222910/2023,A/Montenegro/222910/2023
A/Ile_de_France/05012/2024,A/Ile_de_France/05012/2024
A/HongKong/1539/2023,A/HongKong/1539/2023
A/HongKong/1537/2023,A/HongKong/1543/2023
A/HongKong/1543/2023,A/HongKong/1543/2023
A/Hungary/177/2023,A/Hungary/199/2023
A/Hungary/204/2023,A/Hungary/199/2023
A/Hungary/199/2023,A/Hungary/199/2023
A/France/28187/2023,A/France/28187/2023
A/Serbia/8127/2023,A/Serbia/8127/2023
A/Dakar/24/2024,A/Dakar/25/2024
A/Dakar/26/2024,A/Dakar/25/2024
A/Dakar/22/2024,A/Dakar/25/2024
A/Dakar/27/2024,A/Dakar/25/2024
A/Dakar/25/2024,A/Dakar/25/2024
A/Dakar/28/2024,A/Dakar/25/2024
A/HongKong/3044/2023,A/England/189/2023
A/Dakar/17/2024,A/Dakar/17/2024
A/Morocco/1850/2024,A/Iceland/7184/2024
A/Iceland/7184/2024,A/Iceland/7184/2024
A/Slovenia/8/2024,A/Slovenia/8/2024
A/Israel/R1880/2024,A/Israel/R1880/2024
A/Iasi/567841/2024,A/Iasi/567841/2024
A/Bulgaria/2020/2024,A/Bulgaria/2020/2024
A/Bulgaria/1075/2024,A/Bulgaria/1075/2024
A/Bucuresti/565832/2024,A/Bucuresti/565832/2024
A/Catalonia/NSVH102158148/2023,A/Catalonia/NSVH102158148/2023
A/Eskilstuna/SE24-03387/2024,A/Eskilstuna/SE24-03387/2024
A/Poland/39/2024,A/England/189/2023
A/England/189/2023,A/England/189/2023
A/Spain/1884/2024,A/England/189/2023
A/Lorraine/05318/2024,A/England/189/2023
A/PaisVasco/2308/2023,A/England/189/2023
A/Trollhattan/SE24-03059/2024,A/England/189/2023
A/Navarra/2505/2023,A/England/189/2023
A/Catalonia/NSVH151040742/2023,A/England/189/2023
A/Serbia/141/2024,A/England/189/2023
A/Morocco/1317/2024,A/England/189/2023
A/Umea/SE23-15164/2023,A/England/189/2023
A/Dakar/18/2024,A/England/189/2023
A/Estonia/178001/2024,A/England/189/2023
A/Spain/2382/2024,A/England/189/2023
A/Burgos/63/2023,A/England/189/2023
A/Jonkoping/SE23-14308/2023,A/England/189/2023
A/Trollhattan/SE23-15158/2023,A/England/189/2023
A/France/IDF-RELAB-IPP32965/2023,A/England/189/2023
A/Romania/564001/2024,A/England/189/2023
A/Andalucia/2151/2023,A/England/189/2023
A/Spain/1781/2024,A/England/189/2023
A/Romania/563982/2024,A/England/189/2023
A/Serbia/477/2024,A/England/189/2023
A/Romania/564002/2024,A/England/189/2023
A/Spain/459/2023,A/England/189/2023
A/Burgos/35/2023,A/England/189/2023
A/Burgos/28/2023,A/England/189/2023
A/Romania/562346/2023,A/England/189/2023
A/Moldova/36850/2024,A/England/189/2023
A/Serbia/662/2024,A/England/189/2023
A/Spain/959/2023,A/England/189/2023
A/Spain/1999/2024,A/England/189/2023
A/Spain/210/2023,A/England/189/2023
A/Spain/940/2023,A/England/189/2023
A/Spain/1723/2024,A/England/189/2023
A/Dakar/1/2024,A/England/189/2023
A/Bulgaria/1328/2024,A/England/189/2023
A/Kyiv/2226/2024,A/England/189/2023
A/France/IDF-RELAB-IPP32969/2023,A/England/189/2023
A/PaisVasco/2726/2023,A/England/189/2023
A/Serbia/425/2024,A/England/189/2023
A/Spain/197/2023,A/England/189/2023
A/Spain/2018/2024,A/England/189/2023
A/Baden-Wurttemberg/37/2023,A/England/189/2023
A/Catalonia/NSVH102165041/2023,A/England/189/2023
A/Navarra/2430/2023,A/England/189/2023
A/Israel/R2130/2024,A/England/189/2023
A/HongKong/3053/2023,A/England/189/2023
A/Ireland/00101350/2023,A/England/189/2023
A/Spain/2198/2024,A/England/189/2023
A/Segovia/54/2023,A/England/189/2023
A/Georgia/KNC394/2024,A/England/189/2023
A/Belgium/96/2023,A/England/189/2023
A/Spain/2221/2024,A/England/189/2023
A/Israel/R2023/2024,A/England/189/2023
A/Georgia/GEO34/2024,A/England/189/2023
A/HongKong/1546/2023,A/England/189/2023
A/Andalucia/2147/2023,A/England/189/2023
A/Belgium/110/2023,A/England/189/2023
A/HongKong/1538/2023,A/England/189/2023
A/Spain/1825/2024,A/England/189/2023
A/Sydney/856/2023,A/England/189/2023
A/HongKong/3058/2023,A/England/189/2023
A/Spain/2605/2023,A/England/189/2023
A/Luxembourg/7878919/2023,A/England/189/2023
A/Belgium/93/2023,A/England/189/2023
A/Spain/2133/2024,A/England/189/2023
A/Belgium/112/2023,A/England/189/2023
A/Burgos/27/2023,A/England/189/2023
A/England/46/2023,A/England/189/2023
A/Dakar/41/2023,A/England/189/2023
A/Extremadura/240458/2023,A/England/189/2023
A/Spain/2040/2024,A/England/189/2023
A/Netherlands/10555/2023,A/England/189/2023
A/Hungary/153/2023,A/England/189/2023
A/Romania/515280/2022,A/Romania/515280/2022
A/Argentina/2894/2022,A/Argentina/2894/2022
A/Argentina/2784/2022,A/Argentina/2784/2022
A/Argentina/3485/2022,A/Argentina/3104/2022
A/Argentina/3150/2022,A/Argentina/3104/2022
A/Ireland/69896/2022,A/Ireland/69896/2022
A/Argentina/3155/2022,A/Argentina/3104/2022
A/Argentina/3498/2022,A/Argentina/3104/2022
A/Argentina/3104/2022,A/Argentina/3104/2022
A/Argentina/3023/2022,A/England/214040936/2021
A/Argentina/2995/2022,A/England/214040936/2021
A/Argentina/2822/2022,A/Argentina/2822/2022
A/Ireland/6979/2021,A/England/214040936/2021
A/Argentina/2863/2022,A/Argentina/2863/2022
A/Argentina/3486/2022,A/Argentina/3486/2022
A/BuenosAires/R12/2022,A/BuenosAires/R12/2022
A/Argentina/2745/2022,A/Argentina/2745/2022
A/Argentina/2953/2022,A/England/214040936/2021
A/FVG-Trieste/391/2022,A/England/214040936/2021
A/Argentina/2959/2022,A/England/214040936/2021
A/FVG-Trieste/381/2022,A/England/214040936/2021
A/Poland/PL80/2022,A/England/214040936/2021
A/FVG-Trieste/385/2022,A/England/214040936/2021
A/Stockholm/21/2022,A/England/214040936/2021
A/Belgium/H0013/2022,A/England/214040936/2021
A/BuenosAires/R11/2022,A/England/214040936/2021
A/Ireland/02000/2022,A/England/214040936/2021
A/Catalonia/3556026/2022,A/England/214040936/2021
A/Bolzano/4/2022,A/England/214040936/2021
A/Netherlands/00103/2021,A/England/214040936/2021
A/FVG-Trieste/28/2022,A/England/214040936/2021
A/Portugal/57/2021,A/England/214040936/2021
A/Belgium/G0116/2022,A/England/214040936/2021
A/BuenosAires/R1/2022,A/England/214040936/2021
A/Ibra/72211857/2022,A/Ibra/72211857/2022
A/Ibra/72211780/2022,A/Ibra/72211780/2022
A/Cameroon/8474/2023,A/Cameroon/8474/2023
A/Poland/PL78/2022,A/Poland/PL78/2022
A/Qatar/16-VI-22-1972944/2022,A/Qatar/16-VI-22-1972944/2022
A/Seeb/72128338/2021,A/Netherlands/10194/2021
A/Switzerland/79656/2024,A/Switzerland/79656/2024
A/Cameroon/10483/2022,A/Blida/42154/2022
A/Switzerland/98693/2021,A/Switzerland/98693/2021
A/Romania/515331/2022,A/Romania/515331/2022
A/Latvia/04-58975/2022,A/Latvia/04-58975/2022
A/Qatar/21-VI-22-1929305/2022,A/Romania/493219/2021
A/Baden-Wurttemberg/6/2022,A/Netherlands/10194/2021
A/Dakar/24/2022,A/Dakar/24/2022
A/Cameroon/2919/2023,A/Cameroon/2919/2023
A/Dakar/05/2022,A/Dakar/05/2022
A/Ghana/1836/2022,A/Ghana/1836/2022
A/Norway/32026/2022,A/Norway/32026/2022
A/Netherlands/00092/2021,A/Netherlands/00092/2021
A/Navarra/9534/2021,A/Navarra/9534/2021
A/Romania/518142/2022,A/Romania/518142/2022
A/Portugal/211316/2022,A/Portugal/211316/2022
A/Ibra/72126272/2021,A/Ibra/72126272/2021
A/Ibra/72127166/2021,A/Ibra/72126272/2021
A/Moldova/20046/2022,A/England/214040936/2021
A/Moldova/20838/2022,A/England/214040936/2021
A/Moldova/7896/2022,A/England/214040936/2021
A/Netherlands/10025/2022,A/Netherlands/10025/2022
A/Navarra/9843/2021,A/Navarra/9843/2021
A/Romania/517370/2022,A/England/214040936/2021
A/Netherlands/10202/2021,A/Netherlands/10202/2021
A/Ireland/4594/2021,A/Ireland/4594/2021
A/Florida/02/2021,A/Florida/02/2021
A/Alaska/01/2021,A/England/214040936/2021
A/Spain/1059/2022,A/England/214040936/2021
A/Netherlands/10067/2021,A/Netherlands/10067/2021
A/Netherlands/10066/2021,A/Netherlands/10067/2021
A/Netherlands/10150/2021,A/England/214040936/2021
A/Qatar/25-VI-22-1930279/2022,A/England/214040936/2021
A/Berlin/6/2021,A/England/214040936/2021
A/Netherlands/10057/2021,A/Netherlands/10057/2021
A/Netherlands/10138/2021,A/Netherlands/10057/2021
A/Netherlands/10137/2021,A/Netherlands/10057/2021
A/Netherlands/10162/2021,A/Netherlands/10057/2021
A/Switzerland/02353/2021,A/Netherlands/10057/2021
A/Netherlands/10148/2021,A/Netherlands/10057/2021
A/BuenosAires/R15/2022,A/England/214040936/2021
A/Lyon/782/2021,A/England/214040936/2021
A/Catalonia/2076976/2022,A/Catalonia/3551005/2021
A/Catalonia/13775/2022,A/Catalonia/3551005/2021
A/Catalonia/3551005/2021,A/Catalonia/3551005/2021
A/Andalucia/2703/2022,A/Andalucia/2703/2022
A/Catalonia/13758/2022,A/Catalonia/13758/2022
A/Netherlands/10065/2021,A/Netherlands/10065/2021
A/Netherlands/10140/2021,A/Netherlands/10140/2021
A/Spain/81/2021,A/Spain/81/2021
A/Spain/83/2021,A/Spain/81/2021
A/Spain/82/2021,A/Spain/81/2021
A/Netherlands/10004/2021,A/Netherlands/10004/2021
A/Kyiv/393/2021,A/Kyiv/393/2021
A/Catalonia/13766/2022,A/Kyiv/393/2021
A/Spain/58/2021,A/Spain/58/2021
A/Qatar/39-VI-21-4154225/2021,A/Qatar/39-VI-21-4154225/2021
A/Berlin/3/2021,A/England/214040936/2021
A/Netherlands/00008/2021,A/England/214040936/2021
A/Netherlands/10018/2021,A/Netherlands/10018/2021
A/Qatar/21-VI-22-1929386/2022,A/England/214040936/2021
A/Ghana/3353/2022,A/Ghana/3353/2022
A/Spain/84/2021,A/Spain/84/2021
A/Belgium/H0006/2021,A/England/214040936/2021
A/Argentina/R21/2022,A/England/214040936/2021
A/Romania/495703/2022,A/England/214040936/2021
A/Netherlands/10145/2021,A/England/214040936/2021
A/Netherlands/10008/2021,A/England/214040936/2021
A/Croatia/109108/2021,A/England/214040936/2021
A/Lille/27403/2021,A/England/214040936/2021
A/Navarra/9643/2021,A/England/214040936/2021
A/Denmark/07/2021,A/England/214040936/2021
A/Dakar/63/2021,A/England/214040936/2021
A/Belgium/G0127/2021,A/England/214040936/2021
A/Serbia/416473/2022,A/England/214040936/2021
A/Croatia/103473/2021,A/England/214040936/2021
A/Netherlands/10001/2021,A/England/214040936/2021
A/England/214100501/2021,A/England/214040936/2021
A/Bremen/1/2021,A/England/214040936/2021
A/Netherlands/10002/2021,A/England/214040936/2021
A/Ireland/2707/2021,A/England/214040936/2021
A/Netherlands/10109/2021,A/England/214040936/2021
A/Netherlands/10063/2021,A/England/214040936/2021
A/Netherlands/10011/2021,A/England/214040936/2021
A/Romania/495700/2022,A/England/214040936/2021
A/Netherlands/10012/2021,A/England/214040936/2021
A/Catalonia/13520/2022,A/England/214040936/2021
A/Roma/02/2021,A/England/214040936/2021
A/Netherlands/00016/2021,A/England/214040936/2021
A/Netherlands/00012/2021,A/England/214040936/2021
A/Navarra/9870/2021,A/England/214040936/2021
A/Netherlands/10144/2021,A/England/214040936/2021
A/Denmark/08/2021,A/England/214040936/2021
A/Netherlands/10161/2021,A/England/214040936/2021
A/Moldova/7877/2022,A/England/214040936/2021
A/Hungary/8/2021,A/England/214040936/2021
A/England/213861328/2021,A/England/214040936/2021
A/Norway/24864/2021,A/England/214040936/2021
A/Zghorta.LBN/6633/2021,A/England/214040936/2021
A/Spain/89/2021,A/England/214040936/2021
A/Norway/24873/2021,A/England/214040936/2021
A/Catalonia/13731/2022,A/England/214040936/2021
A/Roma/03/2021,A/England/214040936/2021
A/Baleares/9868/2021,A/England/214040936/2021
A/Netherlands/10154/2021,A/England/214040936/2021
A/Spain/88/2021,A/England/214040936/2021
A/Croatia/99546/2021,A/England/214040936/2021
A/Netherlands/10119/2021,A/England/214040936/2021
A/Spain/87/2021,A/England/214040936/2021
A/Cantabria/9788/2021,A/England/214040936/2021
A/Nepal/21FL2608/2021,A/England/214040936/2021
A/Saint-Denis/48407/2021,A/England/214040936/2021
A/Ghana/1115/2022,A/England/214040936/2021
A/Netherlands/10122/2021,A/England/214040936/2021
A/Netherlands/10114/2021,A/England/214040936/2021
A/Andalucia/9929/2021,A/England/214040936/2021
A/Roma/01/2021,A/England/214040936/2021
A/Albania/862/2021,A/England/214040936/2021
A/Navarra/9875/2021,A/England/214040936/2021
A/Catalonia/800505/2021,A/England/214040936/2021
A/Dakar/60/2021,A/England/214040936/2021
A/Netherlands/10132/2021,A/England/214040936/2021
A/England/214040938/2021,A/England/214040936/2021
A/Netherlands/10078/2021,A/England/214040936/2021
A/England/214200532/2021,A/England/214040936/2021
A/Andalucia/9928/2021,A/England/214040936/2021
A/Denmark/13/2021,A/England/214040936/2021
A/Denmark/12/2021,A/England/214040936/2021
A/Netherlands/10108/2021,A/England/214040936/2021
A/Norway/23621/2021,A/England/214040936/2021
A/Netherlands/10083/2021,A/England/214040936/2021
A/Netherlands/10174/2021,A/England/214040936/2021
A/England/214100499/2021,A/England/214040936/2021
A/Netherlands/10003/2021,A/England/214040936/2021
A/Catalonia/13522/2022,A/England/214040936/2021
A/Netherlands/00013/2021,A/England/214040936/2021
A/England/214021587/2021,A/England/214040936/2021
A/Netherlands/10121/2021,A/England/214040936/2021
A/Netherlands/10006/2021,A/England/214040936/2021
A/Netherlands/10010/2021,A/England/214040936/2021
A/Kosova/618/2021,A/England/214040936/2021
A/BuenosAires/R2/2022,A/England/214040936/2021
A/Netherlands/10128/2021,A/England/214040936/2021
A/Paris/47350/2021,A/England/214040936/2021
A/England/214100502/2021,A/England/214040936/2021
A/Netherlands/10068/2021,A/England/214040936/2021
A/Croatia/97333/2021,A/England/214040936/2021
A/Norway/24931/2021,A/England/214040936/2021
A/Netherlands/10208/2021,A/England/214040936/2021
A/Hungary/9/2021,A/England/214040936/2021
A/Netherlands/10005/2021,A/England/214040936/2021
A/England/139/2022,A/England/214040936/2021
A/Albania/8441/2021,A/England/214040936/2021
A/Netherlands/10163/2021,A/England/214040936/2021
A/Romania/496796/2022,A/England/214040936/2021
A/Israel/R-9997/2021,A/England/214040936/2021
A/Denmark/04/2021,A/England/214040936/2021
A/Netherlands/10168/2021,A/England/214040936/2021
A/England/214191723/2021,A/England/214040936/2021
A/England/214040936/2021,A/England/214040936/2021
A/Portugal/17/2021,A/England/214040936/2021
A/Togo/1136/2023,A/Togo/1057/2023
A/Togo/1057/2023,A/Togo/1057/2023
A/Cameroon/541/2023,A/Cameroon/541/2023
A/Cameroon/9645/2022,A/Cameroon/9645/2022
A/Netherlands/10194/2021,A/Netherlands/10194/2021
A/Georgia/2060/2021,A/Netherlands/10194/2021
A/Netherlands/10180/2021,A/Netherlands/10194/2021
A/Cameroon/1742/2023,A/Netherlands/10194/2021
A/Netherlands/10074/2021,A/Netherlands/10074/2021
A/Netherlands/10147/2021,A/England/214040936/2021
A/Netherlands/10087/2021,A/England/214040936/2021
A/Netherlands/10151/2021,A/England/214040936/2021
A/Netherlands/10071/2021,A/England/214040936/2021
A/Netherlands/10177/2021,A/Romania/493219/2021
A/Netherlands/10129/2021,A/Romania/493219/2021
A/Catalonia/NSVH198242704/2022,A/Catalonia/NSVH198242704/2022
A/Fort-De-France/53820/2022,A/Fort-De-France/53820/2022
A/Romania/544136/2022,A/Romania/493219/2021
A/Belgium/G0153/2022,A/Belgium/G0153/2022
A/Ashabat/3/2022,A/Romania/493219/2021
A/Ashabat/1/2022,A/Romania/493219/2021
A/Milano/32/2022,A/Romania/493219/2021
A/Catalonia/13737/2022,A/Romania/493219/2021
A/Fort-De-France/53862/2022,A/Romania/493219/2021
A/Catalonia/13738/2022,A/Romania/493219/2021
A/Switzerland/44070/2022,A/Romania/493219/2021
A/Switzerland/79079/2021,A/Romania/493219/2021
A/BeniMellal/131/2022,A/BeniMellal/131/2022
A/Qatar/10-VI-22-1933793/2022,A/Romania/493219/2021
A/Serbia/447250/2022,A/Romania/493219/2021
A/Netherlands/10132/2023,A/Romania/493219/2021
A/Bishkek/S-79SARI/2022,A/Romania/493219/2021
A/Switzerland/11712/2021,A/Romania/493219/2021
A/Belgium/S0822/2022,A/Romania/493219/2021
A/Israel/R599/2023,A/Romania/493219/2021
A/Romania/516980/2022,A/Romania/493219/2021
A/Muttrah/72128411/2021,A/Romania/493219/2021
A/Serbia/1550/2022,A/Romania/493219/2021
A/England/105/2022,A/Romania/493219/2021
A/Romania/493220/2021,A/Romania/493219/2021
A/Switzerland/68912/2022,A/Romania/493219/2021
A/Belgium/G0163/2022,A/Romania/493219/2021
A/Belgium/S2613/2022,A/Romania/493219/2021
A/Switzerland/60042/2022,A/Romania/493219/2021
A/Qatar/15-VI-22-1525855/2022,A/Romania/493219/2021
A/Austria/1497981/2022,A/Romania/493219/2021
A/Belgium/S0826/2022,A/Romania/493219/2021
A/Belgium/G0096/2022,A/Romania/493219/2021
A/Romania/493219/2021,A/Romania/493219/2021
A/Romania/493221/2021,A/Romania/493219/2021
A/Serbia/422406/2022,A/Romania/493219/2021
A/Belgium/S0894/2022,A/Romania/493219/2021
A/Mauritius/P08894/2023,A/Romania/493219/2021
A/Switzerland/45784/2022,A/Romania/493219/2021
A/Serbia/2210/2022,A/Romania/493219/2021
A/Ghana/1724/2022,A/Ghana/1724/2022
A/Ghana/330/2022,A/Dakar/62/2021
A/Ghana/392/2022,A/Ghana/392/2022
A/Ghana/365/2022,A/Dakar/62/2021
A/Dakar/27/2022,A/Dakar/27/2022
A/Dakar/08/2022,A/Dakar/08/2022
A/Dakar/06/2022,A/Dakar/14/2022
A/Dakar/14/2022,A/Dakar/14/2022
A/Portugal/211330/2022,A/Portugal/211338/2022
A/Portugal/211338/2022,A/Portugal/211338/2022
A/Togo/1112/2022,A/Ghana/3122/2022
A/Ghana/3122/2022,A/Ghana/3122/2022
A/Agadir/300/2023,A/Dakar/62/2021
A/Togo/1153/2022,A/Togo/1153/2022
A/Ghana/195/2022,A/Ghana/195/2022
A/Ghana/390/2022,A/Ghana/390/2022
A/Dakar/03/2022,A/Dakar/03/2022
A/Togo/1122/2022,A/Togo/1122/2022
A/Portugal/210210/2022,A/Portugal/210210/2022
A/Portugal/210270/2022,A/Dakar/62/2021
A/Ghana/2123/2022,A/Dakar/62/2021
A/Portugal/210256/2022,A/Dakar/62/2021
A/Portugal/210209/2022,A/Dakar/62/2021
A/Netherlands/01248/2022,A/Dakar/62/2021
A/Togo/1165/2022,A/Dakar/62/2021
A/Togo/1129/2022,A/Dakar/62/2021
A/Tunisia/23298/2022,A/Dakar/62/2021
A/Portugal/210192/2022,A/Dakar/62/2021
A/Portugal/210312/2022,A/Dakar/62/2021
A/Portugal/210224/2022,A/Dakar/62/2021
A/Portugal/210508/2022,A/Dakar/62/2021
A/Ghana/341/2022,A/Dakar/62/2021
A/Portugal/210648/2022,A/Dakar/62/2021
A/Norway/29512/2021,A/Dakar/62/2021
A/Togo/1132/2022,A/Dakar/62/2021
A/Portugal/210366/2022,A/Dakar/62/2021
A/Togo/1184/2022,A/Dakar/62/2021
A/Portugal/210214/2022,A/Dakar/62/2021
A/Dakar/21/2022,A/Dakar/62/2021
A/Portugal/210307/2022,A/Dakar/62/2021
A/Dakar/62/2021,A/Dakar/62/2021
A/Portugal/210219/2022,A/Dakar/62/2021
A/Togo/2082/2022,A/Dakar/62/2021
A/Togo/1063/2022,A/Dakar/62/2021
A/Portugal/210207/2022,A/Dakar/62/2021
A/Portugal/210271/2022,A/Dakar/62/2021
A/Lithuania/46698/2022,A/Dakar/62/2021
A/Dakar/02/2022,A/Dakar/62/2021
A/Portugal/210212/2022,A/Dakar/62/2021
A/Portugal/210269/2022,A/Dakar/62/2021
A/Portugal/210220/2022,A/Dakar/62/2021
A/Portugal/210255/2022,A/Dakar/62/2021
A/Ghana/1654/2022,A/Dakar/62/2021
A/Portugal/210257/2022,A/Dakar/62/2021
A/Dakar/25/2022,A/Dakar/62/2021
A/Portugal/210258/2022,A/Dakar/62/2021
A/Togo/1126/2022,A/Dakar/62/2021
A/Portugal/210218/2022,A/Dakar/62/2021
A/Madagascar/03198/2024,A/Madagascar/03198/2024
A/Brandenburg/3/2023,A/Brandenburg/3/2023
A/Netherlands/10541/2023,A/Netherlands/10541/2023
A/Burgos/64/2023,A/Burgos/64/2023
A/England/335/2015,A/England/335/2015
A/Ireland/80971/2016,A/Ireland/80971/2016
A/Latvia/11-072125/2016,A/Latvia/11-072125/2016
A/Austria/1121455/2019,A/Austria/1121455/2019
A/Brisbane/29/2017,A/Brisbane/29/2017
A/Mauritius/621/2017,A/Brisbane/29/2017
A/Norway/3735/2018,A/Norway/3275/2018
A/Norway/2220/2019,A/Norway/2220/2019
A/Shanghai-Jiading/1977/2019,A/Shanghai-Jiading/1977/2019
A/Lyon/162/2020,A/Lyon/162/2020
A/Zaporizhia/156/2019,A/Zaporizhia/156/2019
A/Iran/168555/2019,A/Iran/168555/2019
A/Qatar/16-VI-19-0049409/2019,A/Qatar/16-VI-19-0049409/2019
A/Slovenia/1752/2020,A/Slovenia/1752/2020
A/Iceland/79/2019,A/Iceland/81/2019
A/Iceland/81/2019,A/Iceland/81/2019
A/Qatar/13-VI-19-0046447/2019,A/Qatar/16-VI-19-0048499/2019
A/Qatar/10-VI-19-0048255/2019,A/Qatar/16-VI-19-0048499/2019
A/Qatar/16-VI-19-0048499/2019,A/Qatar/16-VI-19-0048499/2019
A/Qatar/10-VI-19-0048393/2019,A/Qatar/16-VI-19-0048499/2019
A/Qatar/10-VI-19-0048317/2019,A/Qatar/16-VI-19-0048499/2019
A/Stockholm/22/2019,A/Stockholm/22/2019
A/Norway/2320/2020,A/Norway/2320/2020
A/Delaware/41/2019,A/Mauritius/I-3006/2019
A/Iceland/78/2019,A/Iceland/78/2019
A/S.Petersburg/RII-338/2019,A/Qatar/10-VI-19-0048252/2019
A/Qatar/10-VI-19-0048252/2019,A/Qatar/10-VI-19-0048252/2019
A/Mauritius/I-19/2020,A/Mauritius/I-3006/2019
A/Qatar/16-VI-19-0048823/2019,A/Qatar/16-VI-19-0048823/2019
A/Iceland/77/2019,A/Iceland/77/2019
A/Slovenia/3126/2019,A/Mauritius/I-3006/2019
A/Moscow/15/2019,A/Mauritius/I-3006/2019
A/Qatar/10-VI-19-0048332/2019,A/Mauritius/I-3006/2019
A/England/194840298/2019,A/Mauritius/I-3006/2019
A/Mauritius/I-3006/2019,A/Mauritius/I-3006/2019
A/Georgia/49/2020,A/Mauritius/I-3006/2019
A/Norway/2290/2020,A/Mauritius/I-3006/2019
A/Norway/2279/2019,A/Mauritius/I-3006/2019
A/England/630/2018,A/England/630/2018
A/Iasi/239836/2019,A/Macedonia/723/2019
A/Macedonia/723/2019,A/Macedonia/723/2019
A/Iran/171909/2019,A/Iran/171909/2019
A/Norway/3275/2018,A/Norway/3275/2018
A/Finland/105/2019,A/Finland/105/2019
A/Eskilstuna/6/2019,A/Eskilstuna/6/2019
A/Grozny/RII-3/2019,A/England/93/2019
A/England/93/2019,A/England/93/2019
A/Armenia/941/2019,A/Armenia/941/2019
A/Iceland/12621/2019,A/Iceland/12621/2019
A/England/95/2019,A/Austria/1129536/2019
A/Austria/1129536/2019,A/Austria/1129536/2019
A/Ireland/30256/2019,A/Sydney/53/2019
A/Sydney/53/2019,A/Sydney/53/2019
A/Greece/1430/2018,A/Greece/1430/2018
A/Iran/168336/2019,A/Greece/1430/2018
A/Armenia/501/2019,A/Armenia/501/2019
A/Makhachkala/RII-1/2019,A/Greece/1430/2018
A/Oman/4262/2019,A/Greece/1430/2018
A/Makhachkala/RII-5/2019,A/Greece/1430/2018
A/Bulgaria/896/2019,A/Greece/1430/2018
A/Austria/1114682/2019,A/Newcastle/82/2018
A/Austria/1114171/2019,A/Newcastle/82/2018
A/Switzerland/293/2018,A/Newcastle/82/2018
A/Ireland/26826/2019,A/Newcastle/82/2018
A/Newcastle/82/2018,A/Newcastle/82/2018
A/Latvia/11-068832/2019,A/Latvia/11-028714/2019
A/Latvia/11-028714/2019,A/Latvia/11-028714/2019
A/Latvia/11-032248/2019,A/Latvia/11-032248/2019
A/Norway/2357/2020,A/Norway/2357/2020
A/Norway/2115/2020,A/Switzerland/7204/2019
A/Finland/184/2020,A/Switzerland/7204/2019
A/Portugal/MS74/2020,A/Portugal/MS74/2020
A/Norway/2292/2020,A/Switzerland/7204/2019
A/Hungary/64/2020,A/Switzerland/7204/2019
A/England/194840192/2019,A/Switzerland/7204/2019
A/Picardie/1840/2020,A/Switzerland/7204/2019
A/Norway/2205/2020,A/Switzerland/7204/2019
A/Switzerland/7204/2019,A/Switzerland/7204/2019
A/Palermo/02/2020,A/Palermo/02/2020
A/Stockholm/32/2019,A/Stockholm/32/2019
A/Saint-Etienne/2539/2020,A/Saint-Etienne/2539/2020
A/Mauritius/I-2000/2019,A/Mauritius/I-2000/2019
A/Mauritius/I-1921/2019,A/Mauritius/I-1921/2019
A/Norway/2224/2019,A/Norway/2224/2019
A/Iceland/05/2020,A/Iceland/05/2020
A/Christchurch/516/2019,A/Christchurch/516/2019
A/Christchurch/515/2019,A/Christchurch/515/2019
A/Bretagne/1323/2020,A/Bretagne/1323/2020
A/England/599/2019,A/England/599/2019
A/Milano/55/2020,A/Milano/55/2020
A/Skovde/3/2019,A/Skovde/3/2019
A/Cannes/1846/2019,A/Cannes/1846/2019
A/Stockholm/30/2019,A/Stockholm/30/2019
A/Norway/2174/2020,A/Stockholm/30/2019
A/Bayern/113/2019,A/Bayern/113/2019
A/Norway/1906/2020,A/Stockholm/30/2019
A/Athens.GR/25/2020,A/Stockholm/30/2019
A/Cambodia/e0826360/2020,A/Cambodia/e0826360/2020
A/Parma/03/2021,A/Parma/03/2021
A/Parma/04/2021,A/Parma/04/2021
A/Cambodia/925256/2020,A/Cambodia/925256/2020
A/Finland/183/2020,A/Finland/183/2020
A/Singapore/GP0454/2018,A/Singapore/GP0454/2018
A/England/fmhwY2NxZm9pZg/2018,A/England/fmhwY2NxZm9pZg/2018
A/Portugal/139/2019,A/Portugal/139/2019
A/Israel/8701/2018,A/Israel/8701/2018
A/Sydney/22/2018,A/Sydney/22/2018
A/Bratislava/184/2016,A/Bratislava/184/2016
A/Cyprus/F16/2016,A/Cyprus/F16/2016
A/Norway/2475/2015,A/Norway/2475/2015
A/Brisbane/82/2015,A/Brisbane/82/2015
A/Stockholm/24/2016,A/Stockholm/24/2016
A/Oman/5357/2015,A/Oman/5357/2015
A/Oman/4940/2015,A/Oman/4940/2015
A/Cameroon/15V-7134/2015,A/Cameroon/15V-7134/2015
A/Cameroon/15V-6741/2015,A/Cameroon/15V-6741/2015
A/Cameroon/15V-8163/2015,A/Cameroon/15V-6741/2015
A/Canberra/82/2014,A/Canberra/82/2014
A/Fiji/2/2015,A/Fiji/2/2015
A/Victoria/265/2014,A/Singapore/KK943/2014
A/Singapore/KK943/2014,A/Singapore/KK943/2014
A/Victoria/5006/2014,A/Victoria/5006/2014
A/England/929/2016,A/England/929/2016
A/Moscow/103/2015,A/Moscow/103/2015
A/Slovenia/486/2016,A/Slovenia/129/2016
A/Slovenia/129/2016,A/Slovenia/129/2016
A/Slovenia/1070/2016,A/Slovenia/1070/2016
A/Perugia/23/2016,A/Stockholm/63/2015
A/Slovenia/972/2016,A/Stockholm/63/2015
A/Slovenia/920/2016,A/Stockholm/63/2015
A/Jordan/30124/2016,A/Stockholm/63/2015
A/Stockholm/63/2015,A/Stockholm/63/2015
A/Roma/29/2015,A/Stockholm/63/2015
A/Slovenia/1172/2016,A/Slovenia/1172/2016
A/Slovenia/1307/2016,A/Slovenia/1307/2016
A/Slovenia/852/2016,A/Slovenia/852/2016
A/Yunnan-Wenshan/1893/2015,A/Yunnan-Wenshan/1893/2015
A/Georgia/532/2015,A/Georgia/532/2015
A/Parma/38/2016,A/Parma/38/2016
A/Roma/12/2016,A/Roma/12/2016
A/England/528/2014,A/England/528/2014
A/Saitama/103/2014,A/Saitama/103/2014
A/Italy-FVG/105/2015,A/Italy-FVG/105/2015
A/Ukraine/7030/2016,A/Ukraine/7030/2016
A/Odessa/695/2016,A/Odessa/695/2016
A/Catalonia/2235376NS/2015,A/Catalonia/2235376NS/2015
A/Cyprus/F19/2015,A/Cyprus/F19/2015
A/Sakai/72/2014,A/Sakai/72/2014
A/Roma/7/2015,A/Roma/7/2015
A/Stockholm/31/2014,A/Stockholm/31/2014
A/Finland/552/2015,A/Finland/552/2015
A/Ghana/ARI-15-0132/2015,A/Ghana/ARI-15-0132/2015
A/Hubei-Dongbao/1205/2015,A/Hubei-Dongbao/1205/2015
A/Brisbane/47/2015,A/Brisbane/47/2015
A/Oman/5009/2015,A/Oman/5009/2015
A/Guyane/1742/2015,A/Guyane/1742/2015
A/Wisconsin/20/2015,A/Wisconsin/20/2015
A/Laos/1810/2015,A/Laos/1810/2015
A/Mozambique/IR451/2015,A/Mozambique/IR451/2015
A/Mozambique/IR424/2015,A/Mozambique/IR451/2015
A/Mozambique/IR436/2015,A/Mozambique/IR436/2015
A/Mozambique/IR493/2015,A/Mozambique/IR493/2015
A/Bulgaria/253/2015,A/Bulgaria/253/2015
A/Bulgaria/252/2015,A/Bulgaria/253/2015
A/Ankara/5139/2015,A/Ankara/5139/2015
A/Baden-Wurttemberg/85/2014,A/Latvia/12-066660/2014
A/Aix-en-Provence/2474/2015,A/Latvia/12-066660/2014
A/Latvia/12-030846/2014,A/Latvia/12-066660/2014
A/Latvia/12-066660/2014,A/Latvia/12-066660/2014
A/Norway/2506/2015,A/Latvia/12-066660/2014
A/England/334/2015,A/Latvia/12-066660/2014
A/Bulgaria/243/2015,A/Bulgaria/243/2015
A/Levice/84/2015,A/Levice/84/2015
A/Hyogo/4001/2014,A/Hyogo/4001/2014
A/Caen/2343/2014,A/Caen/2343/2014
A/Thuringen/7/2015,A/Picardie/2297/2014
A/Picardie/2297/2014,A/Picardie/2297/2014
A/Glasgow/400097/2015,A/Picardie/2297/2014
A/Gifu/46/2014,A/Gifu/46/2014
A/Kaliningrad/4/2015,A/Kaliningrad/4/2015
A/Stockholm/17/2014,A/Stockholm/17/2014
A/Denmark/01/2015,A/Denmark/01/2015
A/Denmark/02/2015,A/Denmark/01/2015
A/Mauritius/I-240/2015,A/Mauritius/I-240/2015
A/Mauritius/I-238/2015,A/Mauritius/I-240/2015
A/Mozambique/IR803/2015,A/Mozambique/IR803/2015
A/Stockholm/17/2013,A/Stockholm/17/2013
A/Catalonia/8396S/2015,A/Catalonia/8396S/2015
A/Milano/169/2014,A/Milano/169/2014
A/Ankara/5082/2015,A/Stockholm/36/2014
A/Stockholm/18/2013,A/Stockholm/18/2013
A/Victoria/503/2015,A/Stockholm/36/2014
A/Estonia/91229/2015,A/Stockholm/36/2014
A/Fiji/60/2016,A/Stockholm/36/2014
A/Norway/2587/2015,A/Stockholm/36/2014
A/Moscow/133/2015,A/Moscow/133/2015
A/Sydney/71/2014,A/Sydney/71/2014
A/Slovenia/369/2015,A/Slovenia/369/2015
A/Oman/5691/2015,A/Oman/5691/2015
A/Nebraska/4/2014,A/Nebraska/4/2014
A/Oman/5011/2015,A/Oman/5011/2015
A/Konya/1926/2015,A/Oman/5011/2015
A/Oman/5422/2015,A/Oman/5011/2015
A/Lisboa/SU34/2014,A/Lisboa/SU34/2014
A/Stockholm/25/2016,A/Lisboa/SU34/2014
A/Ghana/FS-15-0185/2015,A/Stockholm/36/2014
A/Oman/4926/2015,A/Stockholm/36/2014
A/Bulgaria/353/2015,A/Stockholm/36/2014
A/Sweden/15/2015,A/Stockholm/36/2014
A/Ukraine/6456/2015,A/Stockholm/36/2014
A/Paris/1971/2014,A/Stockholm/36/2014
A/Roma/14/2015,A/Stockholm/36/2014
A/Stockholm/18/2014,A/Stockholm/36/2014
A/Serbia/361/2015,A/Stockholm/36/2014
A/Jordan/4054/2015,A/Stockholm/36/2014
A/Mauritius/I-288/2015,A/Stockholm/36/2014
A/Ghana/DILI-15-0233/2015,A/Stockholm/36/2014
A/Stockholm/36/2014,A/Stockholm/36/2014
A/Stockholm/7/2015,A/Stockholm/36/2014
A/Victoria/673/2014,A/Stockholm/36/2014
A/Catalonia/0684834S/2015,A/Stockholm/36/2014
A/Greece/1/2014,A/Stockholm/36/2014
A/Stockholm/8/2015,A/Stockholm/36/2014
A/Stockholm/29/2014,A/Stockholm/36/2014
A/England/333/2015,A/Stockholm/36/2014
A/Luxembourg/14070685/2014,A/Stockholm/36/2014
A/Padova/17/2016,A/Stockholm/36/2014
A/Michigan/15/2014,A/Stockholm/36/2014
A/Slovenia/314/2015,A/Stockholm/36/2014
A/Brisbane/341/2014,A/Stockholm/36/2014
A/Bolzano/9/2016,A/Stockholm/36/2014
A/Stockholm/13/2015,A/Stockholm/36/2014
A/Serbia/NS-949/2015,A/Stockholm/36/2014
A/Stockholm/38/2014,A/Stockholm/36/2014
A/Astrahkan/25/2014,A/Latvia/12-066660/2014
A/Astrahkan/26/2014,A/Stockholm/36/2014
A/Netherlands/1903/2015,A/Stockholm/36/2014
A/Stockholm/22/2014,A/Stockholm/36/2014
A/Berlin/82/2014,A/Stockholm/36/2014
A/Hungary/423/2015,A/Hungary/423/2015
A/Jordan/30226/2015,A/Jordan/30226/2015
A/Ukraine/6784/2015,A/Khmelnitsky/466/2015
A/Cameroon/15V-2465/2015,A/Israel/O-6994/2014
A/Khmelnitsky/466/2015,A/Khmelnitsky/466/2015
A/Moscow/100/2015,A/Israel/O-6994/2014
A/Vladimir/135/2015,A/Israel/O-6994/2014
A/Ukraine/6809/2015,A/Israel/O-6994/2014
A/Israel/O-6994/2014,A/Israel/O-6994/2014
A/Ghana/FS-15-0583/2015,A/Israel/O-6994/2014
A/Mie/21/2015,A/Mie/21/2015
A/Trencin/558/2015,A/Trencin/558/2015
A/Oman/4681/2015,A/Oman/4681/2015
A/Trnava/176/2015,A/Trnava/176/2015
A/Liaoning-Baita/1293/2015,A/Liaoning-Baita/1293/2015
A/Marseille/2180/2014,A/Finland/462/2014
A/Finland/462/2014,A/Finland/462/2014
A/Stockholm/30/2014,A/Stockholm/36/2014
A/Novosibirsk/40/2015,A/Stockholm/36/2014
A/Estonia/91299/2015,A/Stockholm/36/2014
A/Stockholm/1/2015,A/Stockholm/36/2014
A/Fukushima/69/2015,A/Latvia/12-066660/2014
A/Hunan-Wuling/11088/2015,A/Latvia/12-066660/2014
A/Paris/2306/2014,A/Paris/2306/2014
A/Tomsk/5/2015,A/Tomsk/5/2015
A/Navarra/797/2015,A/Finland/462/2014
A/Mauritius/483/2014,A/Finland/462/2014
A/Lorraine/2355/2014,A/Finland/462/2014
A/Netherlands/507/14,A/Finland/462/2014
A/England/530/2014,A/Finland/462/2014
A/Guyane/1750/2015,A/Finland/462/2014
A/Genova/1614/2014,A/Finland/462/2014
A/Berlin/1/2015,A/Finland/462/2014
A/Israel/O-7414/2014,A/Israel/O-7414/2014
A/Odessa/700/2016,A/Finland/462/2014
A/Baden-Wurttemberg/9/2015,A/Finland/462/2014
A/England/607/2014,A/Finland/462/2014
A/Jiangxi-Donghu/1218/2015,A/Finland/462/2014
A/Fujian-Licheng/1729/2017,A/Fujian-Licheng/1729/2017
A/Garoua/19V-1937/2019,A/Cameroon/9264/2018
A/Rabat/352/2019,A/Cameroon/9264/2018
A/Cameroon/9264/2018,A/Cameroon/9264/2018
A/Cameroon/8607/2018,A/Cameroon/9680/2018
A/Cameroon/9680/2018,A/Cameroon/9680/2018
A/Cameroon/9678/2018,A/Cameroon/9680/2018
A/Cameroon/9008/2018,A/Cameroon/9680/2018
A/Cameroon/9661/2018,A/Cameroon/9680/2018
A/Lyon/2296/2018,A/Cameroon/9680/2018
A/Cameroon/9199/2018,A/Cameroon/9680/2018
A/Cameroon/8600/2018,A/Cameroon/9680/2018
A/Clermont-Ferrand/2062/2018,A/Cameroon/9680/2018
A/Cameroon/9207/2018,A/Cameroon/9680/2018
A/Cameroon/9272/2018,A/Cameroon/9680/2018
A/Austria/1117352/2019,A/Cameroon/9680/2018
A/Zaragoza/1528894/2018,A/Zaragoza/1528894/2018
A/Zaragoza/1512154/2018,A/Zaragoza/1496248/2018
A/Zaragoza/493/2018,A/Zaragoza/1496248/2018
A/Zaragoza/492/2018,A/Zaragoza/492/2018
A/Zaragoza/491/2018,A/Zaragoza/1496248/2018
A/Zaragoza/489/2018,A/Zaragoza/1496248/2018
A/Zaragoza/1485189/2018,A/Zaragoza/1476697/2018
A/Zaragoza/1476697/2018,A/Zaragoza/1476697/2018
A/Zaragoza/490/2018,A/Zaragoza/1496248/2018
A/Zaragoza/1496248/2018,A/Zaragoza/1496248/2018
A/Zambia/1-390/2018,A/Zambia/1-390/2018
A/Switzerland/882/2017,A/Switzerland/882/2017
A/Bretagne/1413/2017,A/Bretagne/1413/2017
A/Poitiers/2028/2017,A/Poitiers/2028/2017
A/Croatia/3608/2017,A/Croatia/3608/2017
A/Sachsen/107/2017,A/Sachsen/107/2017
A/Krasnoyarsk/RII07/2017,A/Krasnoyarsk/RII07/2017
A/Kyrgyzstan/29/2016,A/Kyrgyzstan/29/2016
A/Novosibirsk/34/2017,A/Novosibirsk/34/2017
A/Antsirabe/2096/2017,A/Antsirabe/2096/2017
A/Armenia/4/2017,A/Armenia/4/2017
A/Stockholm/46/2016,A/Stockholm/46/2016
A/Ankara/1907/2016,A/Ankara/1907/2016
A/Bulgaria/373/2017,A/Bulgaria/373/2017
A/Bulgaria/301/2017,A/Bulgaria/373/2017
A/Bulgaria/56/2017,A/Bulgaria/373/2017
A/Bulgaria/132/2017,A/Bulgaria/373/2017
A/Kurgan/24/2016,A/Kurgan/24/2016
A/Oman/74/2016,A/Ankara/1907/2016
A/Canakkale/10/2017,A/Ankara/1907/2016
A/Bulgaria/427/2017,A/Ankara/1907/2016
A/Stockholm/48/2016,A/Ankara/1907/2016
A/Catalonia/9415S/2017,A/Ankara/1907/2016
A/Stockholm/8/2017,A/Ankara/1907/2016
A/Diyarbakir/1847/2016,A/Ankara/1907/2016
A/Canakkale/7/2017,A/Ankara/1907/2016
A/Stockholm/6/2017,A/Ankara/1907/2016
A/Stockholm/52/2016,A/Ankara/1907/2016
A/Diyarbakir/1905/2016,A/Ankara/1907/2016
A/Stockholm/58/2016,A/Ankara/1907/2016
A/Odesa/62/2017,A/Ankara/1907/2016
A/Oman/182/2017,A/Ankara/1907/2016
A/Kyrgyzstan/15/2017,A/Kyrgyzstan/15/2017
A/Belgium/H23/2017,A/Kyrgyzstan/28/2016
A/Toamasina/2190/2017,A/Toamasina/2190/2017
A/Kyrgyzstan/21/2016,A/Kyrgyzstan/28/2016
A/Kyrgyzstan/11/2017,A/Kyrgyzstan/28/2016
A/Novosibirsk/5288/2016,A/Kyrgyzstan/28/2016
A/Kyrgyzstan/28/2016,A/Kyrgyzstan/28/2016
A/Beijing-Chaoyang/12841/2018,A/Beijing-Chaoyang/12841/2018
A/Kanagawa/IC1618/2017,A/Kanagawa/IC1618/2017
A/Linkoping/3/2017,A/Linkoping/3/2017
A/Ghana/758/2018,A/Ghana/758/2018
A/Israel/C-791/2017,A/Israel/C-791/2017
A/Marseille/2195/2017,A/Marseille/2195/2017
A/Toulon/2533/2017,A/Marseille/2195/2017
A/Norway/1120/2017,A/Norway/1120/2017
A/Montenegro/110/2016,A/Montenegro/110/2016
A/Ghana/2717/2017,A/Ghana/2717/2017
A/Lithuania/6583/2017,A/Lithuania/6583/2017
A/Khmelnitsky/1981/2016,A/Khmelnitsky/1981/2016
A/Norway/1934/2017,A/Norway/1934/2017
A/Latvia/01-024575/2017,A/Latvia/01-024575/2017
A/Novosibirsk/47/2017,A/Novosibirsk/47/2017
A/Israel/C-558/2017,A/Gaziantep/1950/2016
A/Gaziantep/1950/2016,A/Gaziantep/1950/2016
A/Jordan/20170020054/2017,A/Jordan/20160020743/2016
A/Jordan/20160020743/2016,A/Jordan/20160020743/2016
A/Jordan/20157/2017,A/Jordan/20160020743/2016
A/Jordan/J-16-4294/2017,A/Jordan/J-16-4294/2017
A/Jordan/20170020076/2017,A/Jordan/20170020076/2017
A/Iceland/66/2016,A/Iceland/78/2016
A/Iceland/78/2016,A/Iceland/78/2016
A/Novosibirsk/39/2017,A/Novosibirsk/39/2017
A/Slovenia/53/2017,A/Slovenia/53/2017
A/Lithuania/7612/2017,A/Lithuania/7612/2017
A/Singapore/TT1374/2016,A/Singapore/TT1374/2016
A/Belgium/G0687/2016,A/Belgium/G0687/2016
A/Belgorod/2/2016,A/Hungary/195/2016
A/Gorno-Altaysk/1/2016,A/Hungary/195/2016
A/Hungary/203/2016,A/Hungary/195/2016
A/Hungary/195/2016,A/Hungary/195/2016
A/Cameroon/8767/2016,A/Marseille/2588/2015
A/Zaporizza/160/2017,A/Marseille/2588/2015
A/Lubica/132/2017,A/Lubica/132/2017
A/Iran/55457/2016,A/Iran/55457/2016
A/Bremen/27/2017,A/Bremen/27/2017
A/Bulgaria/414/2017,A/Bulgaria/414/2017
A/Latvia/02-062187/2017,A/Bulgaria/414/2017
A/Hungary/175/2016,A/Hungary/175/2016
A/Slovenia/625/2017,A/Slovenia/625/2017
A/Magadan/187/2017,A/Magadan/187/2017
A/Iceland/72/2016,A/Iceland/72/2016
A/Sachsen/4/2017,A/Sachsen/4/2017
A/Latvia/12-064825/2016,A/Marseille/2588/2015
A/Barnaul/139/2017,A/Barnaul/139/2017
A/Oman/57/2017,A/Oman/57/2017
A/Lisboa/12/2017,A/Oman/57/2017
A/Lisboa/16/2017,A/Lisboa/16/2017
A/Norway/4849/2016,A/Marseille/2588/2015
A/Komarno/93/2016,A/Marseille/2588/2015
A/Ukraine/7650/2017,A/Marseille/2588/2015
A/Lisboa/4/2017,A/Marseille/2588/2015
A/Hungary/202/2016,A/Marseille/2588/2015
A/Greece/726/2016,A/Marseille/2588/2015
A/England/64580215/2016,A/Marseille/2588/2015
A/Poland/30484/2016,A/Marseille/2588/2015
A/Marseille/2588/2015,A/Marseille/2588/2015
A/Bayern/76/2016,A/Marseille/2588/2015
A/Odesa/70/2017,A/Marseille/2588/2015
A/Ukraine/7651/2017,A/Marseille/2588/2015
A/Belarus/1147/2017,A/Marseille/2588/2015
A/Khabarovsk/1/2016,A/Marseille/2588/2015
A/Cameroon/6284/2016,A/Marseille/2588/2015
A/Belarus/1136/2017,A/Marseille/2588/2015
A/Stockholm/26/2017,A/Marseille/2588/2015
A/Belarus/1146/2017,A/Marseille/2588/2015
A/Slovenia/2792/2017,A/Slovenia/2792/2017
A/Singapore/KK0259/2018,A/Singapore/KK0259/2018
A/Mauritius/I-1020/2018,A/Mauritius/I-1020/2018
A/Catalonia/3509691NS/2017,A/Catalonia/3509691NS/2017
A/Poland/555/2017,A/Poland/555/2017
A/Lithuania/7906/2017,A/Lithuania/7906/2017
A/Norway/279/2018,A/Norway/279/2018
A/Uralsk/496/2017,A/Uralsk/496/2017
A/Akmolinsk/145/2017,A/Uralsk/496/2017
A/Trencin/94/2016,A/Trencin/94/2016
A/Latvia/02-056748/2017,A/Latvia/02-056748/2017
A/Lithuania/6165/2017,A/Lithuania/6165/2017
A/Ireland/81354/2016,A/Ireland/81354/2016
A/Norway/484/2017,A/Norway/484/2017
A/Guizhou-Nanming/1958/2018,A/Norway/484/2017
A/Norway/1477/2017,A/Norway/1477/2017
A/Tyumen/RII-01/2018,A/Tyumen/RII-01/2018
A/Norway/2516/2018,A/Norway/2516/2018
A/Iceland/03/2018,A/Latvia/11-002559/2017
A/Iceland/08/2018,A/Norway/484/2017
A/Latvia/11-002559/2017,A/Latvia/11-002559/2017
A/Brisbane/43/2018,A/Brisbane/321/2016
A/Switzerland/8060/2017,A/Switzerland/8060/2017
A/Brisbane/321/2016,A/Brisbane/321/2016
A/Washington/16/2017,A/Brisbane/321/2016
A/Brisbane/190/2017,A/Brisbane/321/2016
A/Norway/234/2018,A/Norway/234/2018
A/Israel/SK521/2017,A/Israel/SK521/2017
A/Iceland/136/2017,A/Iceland/136/2017
A/Bulgaria/900/2019,A/Iceland/136/2017
A/Omsk/06/2017,A/Omsk/06/2017
A/Aubenas/2399/2017,A/Aubenas/2399/2017
A/Austria/1121450/2019,A/Austria/1121450/2019
A/Poitiers/2239/2016,A/Norway/4465/2016
A/Liaoning-Yinzhou/1399/2017,A/Liaoning-Yinzhou/1399/2017
A/Norway/4676/2016,A/Norway/4465/2016
A/Belarus/1140/2017,A/Norway/4465/2016
A/Nantes/1441/2017,A/Norway/4465/2016
A/Wisconsin/19/2017,A/Norway/4465/2016
A/England/64520167/2016,A/Norway/4465/2016
A/Poitiers/767/2017,A/Norway/4465/2016
A/Norway/4858/2016,A/Norway/4465/2016
A/Thuringen/165/2017,A/Norway/4465/2016
A/Norway/4465/2016,A/Norway/4465/2016
A/Iceland/70/2016,A/Iceland/70/2016
A/Brisbane/01/2018,A/Brisbane/01/2018
A/Palermo/327/2018,A/Palermo/327/2018
A/England/eWlsYW9mYWxlaQ/2019,A/Latvia/12-005233/2018
A/Latvia/12-005233/2018,A/Latvia/12-005233/2018
A/Latvia/11-019324/2018,A/Latvia/11-019324/2018
A/Bulgaria/902/2019,A/Bulgaria/902/2019
A/Halmstad/4/2022,A/Eskilstuna/3/2022
A/Eskilstuna/3/2022,A/Eskilstuna/3/2022
A/Qatar/16-VI-22-1526775/2022,A/Eskilstuna/3/2022
A/Qatar/15-VI-22-1438736/2022,A/Qatar/15-VI-22-1438736/2022
A/Netherlands/00110/2021,A/Netherlands/00110/2021
A/Stockholm/9/2021,A/Stockholm/9/2021
A/Norway/31262/2021,A/Norway/31262/2021
A/Belgium/H0026/2022,A/Netherlands/10206/2021
A/Netherlands/10206/2021,A/Netherlands/10206/2021
A/Tunisia/7468/2022,A/Tunisia/7468/2022
A/Parma/02/2021,A/Parma/02/2021
A/Dakar/64/2021,A/Dakar/64/2021
A/Dakar/61/2021,A/Dakar/64/2021
A/Rouen/41245/2021,A/Dakar/64/2021
A/Dakar/01/2022,A/Dakar/64/2021
A/Milano/49/2020,A/Milano/49/2020
A/Switzerland/51230/2021,A/Switzerland/51230/2021
A/Parma/23/2020,A/Parma/23/2020
A/Parma/21/2020,A/Parma/23/2020
A/Parma/31/2020,A/Parma/31/2020
A/Lyon/86/2020,A/Lyon/86/2020
A/Schleswig-Holstein/2/2020,A/Schleswig-Holstein/2/2020
A/Stavropol/10/2020,A/Stavropol/10/2020
A/Denmark/1262/2020,A/Denmark/1262/2020
A/Belgium/S1081/2020,A/Belgium/S1081/2020
A/Togo/771/2020,A/Togo/771/2020
A/Finland/171/2020,A/Finland/171/2020
A/Paris/2554/2019,A/Paris/2554/2019
A/Lithuania/MB41235/2019,A/Lithuania/MB41235/2019
A/Lithuania/MB41185/2019,A/Lithuania/MB41185/2019
A/England/194660616/2019,A/England/194660616/2019
A/Lithuania/MB40701/2019,A/England/194660616/2019
A/Tianjin-Nankai/3210/2019,A/England/194660616/2019
A/Baden-Wurttemberg/95/2020,A/England/194660616/2019
A/Ghana/3793/2019,A/England/194660616/2019
A/Switzerland/8482/2020,A/Switzerland/8482/2020
A/Bulgaria/1772/2020,A/Bulgaria/1772/2020
A/Parma/30/2020,A/Bulgaria/1772/2020
A/Slovenia/3251/2019,A/Slovenia/3251/2019
A/Palermo/36/2019,A/Palermo/36/2019
A/Athens.GR/1848/2019,A/Athens.GR/1848/2019
A/Algiers/368/2020,A/England/195200780/2019
A/England/195160658/2019,A/England/195200780/2019
A/Ireland/95061/2019,A/Ireland/95061/2019
A/Baden-Wurttemberg/17/2020,A/Baden-Wurttemberg/17/2020
A/Aragon/13140/2020,A/Aragon/13140/2020
A/Israel/338/2019,A/Israel/338/2019
A/Belgium/G0003/2020,A/England/195200780/2019
A/Ghana/3532/2019,A/Ghana/3532/2019
A/Beirut/331/2020,A/Beirut/331/2020
A/Ghana/4021/2019,A/England/195200780/2019
A/Macedonia/650/2020,A/England/195200780/2019
A/Portugal/6/2019,A/England/195200780/2019
A/Lyon/2017/2019,A/England/195200780/2019
A/Georgia/1246/2019,A/England/195200780/2019
A/Norway/2208/2020,A/England/195200780/2019
A/Ghana/3361/2019,A/England/195200780/2019
A/Denmark/3264/2019,A/England/195200780/2019
A/Bayern/115/2019,A/England/195200780/2019
A/England/195200780/2019,A/England/195200780/2019
A/Macedonia/607/2020,A/England/195200780/2019
A/Ghana/722/2019,A/England/195200780/2019
A/Macedonia/465/2020,A/England/195200780/2019
A/Lyon/219/2020,A/England/195200780/2019
A/Salalah/72124837/2021,A/Salalah/72124837/2021
A/Kyrgzstan/308/2019,A/Kyrgzstan/205/2019
A/Kyrgzstan/291/2019,A/Kyrgzstan/205/2019
A/Kyrgzstan/292/2019,A/Kyrgzstan/205/2019
A/Kyrgyzstan/305/2019,A/Kyrgzstan/205/2019
A/Kyrgyzstan/166/2019,A/Kyrgzstan/205/2019
A/Kyrgzstan/205/2019,A/Kyrgzstan/205/2019
A/Kyrgyzstan/168/2019,A/Kyrgyzstan/168/2019
A/Moscow/119/2020,A/Portugal/16/2019
A/Portugal/16/2019,A/Portugal/16/2019
A/Antsirabe/03366/2022,A/Antsirabe/03366/2022
A/Saarland/25/2019,A/Saarland/25/2019
A/Salalah/6905/2019,A/Salalah/6905/2019
A/Kanagawa/ZC1907/2019,A/Kanagawa/ZC1907/2019
A/S.Petersburg/RII-180/2020,A/S.Petersburg/RII-180/2020
A/Norway/2155/2019,A/Norway/2155/2019
A/Nordrhein-Westfalen/41/2019,A/Austria/1102969/2018
A/Switzerland/6764/2019,A/Austria/1102969/2018
A/Austria/1102969/2018,A/Austria/1102969/2018
A/Denmark/1295/2020,A/Denmark/1295/2020
A/Norway/2323/2019,A/Austria/1102969/2018
A/Beirut/421/2020,A/Austria/1102969/2018
A/Salalah/7183/2019,A/Salalah/7183/2019
A/Salalah/6611/2019,A/Salalah/6611/2019
A/Saham/6943/2019,A/Salalah/5662/2019
A/Sur/7325/2019,A/Salalah/5662/2019
A/Salalah/5980/2019,A/Salalah/5662/2019
A/Salalah/6016/2019,A/Salalah/5662/2019
A/Salalah/5662/2019,A/Salalah/5662/2019
A/Qatar/10-VI-19-0069058/2019,A/Qatar/10-VI-19-0069058/2019
A/Norway/2425/2019,A/Norway/2425/2019
A/England/194820759/2019,A/Denmark/3292/2019
A/Bulgaria/969/2020,A/Denmark/3292/2019
A/Bulgaria/962/2020,A/Denmark/3292/2019
A/Iceland/23/2020,A/Iceland/23/2020
A/Qatar/16-VI-19-0069037/2019,A/Qatar/16-VI-19-0069037/2019
A/Norway/2438/2019,A/Denmark/3292/2019
A/Denmark/3292/2019,A/Denmark/3292/2019
A/Ireland/91453/2019,A/Denmark/3292/2019
A/Denmark/3275/2019,A/Denmark/3292/2019
A/Jilin-Dongchang/1574/2019,A/Denmark/3292/2019
A/Finland/136/2019,A/Denmark/3292/2019
A/Norway/2356/2019,A/Denmark/3292/2019
A/Bulgaria/906/2020,A/Denmark/3292/2019
A/Denmark/3331/2019,A/Denmark/3292/2019
A/Stockholm/13/2020,A/Denmark/3292/2019
A/England/94540758/2019,A/Denmark/3292/2019
A/Finland/180/2020,A/Denmark/3292/2019
A/Oman/4518/2019,A/Denmark/3292/2019
A/Mayotte/513/2021,A/Mayotte/513/2021
A/Mayotte/517/2021,A/Mayotte/517/2021
A/Chambery/760/2021,A/Chambery/760/2021
A/Picardie/44663/2021,A/Chambery/760/2021
A/Mayotte/567/2021,A/Mayotte/508/21
A/Armenia/19/2022,A/Mayotte/508/21
A/Mayotte/555/2021,A/Mayotte/508/21
A/Lyon/271/2022,A/Mayotte/508/21
A/Mayotte/508/21,A/Mayotte/508/21
A/Ireland/23296/2020,A/Ireland/23296/2020
A/Switzerland/6206/2020,A/Switzerland/6206/2020
A/England/3/2019,A/England/3/2019
A/England/754/2018,A/England/754/2018
A/Yamaguchi/34/2016,A/Yamaguchi/34/2016
A/Perugia/26/2017,A/Perugia/26/2017
A/Uppsala/2/2017,A/Uppsala/2/2017
A/Stockholm/43/2017,A/Uppsala/2/2017
A/Oman/4/2016,A/Oman/4/2016
A/Oman/24/2016,A/Oman/24/2016
A/Oman/223/2017,A/Oman/47/2016
A/Oman/47/2016,A/Oman/47/2016
A/Belgium/H25/2017,A/Ireland/81180/2016
A/Poland/412/2017,A/Poland/412/2017
A/Lisboa/17/2017,A/Ireland/81180/2016
A/Zhejiang-Nanhu/1745/2017,A/Zhejiang-Nanhu/1745/2017
A/Ireland/81180/2016,A/Ireland/81180/2016
A/Poland/106/2017,A/Ireland/81180/2016
A/Desgenettes/1941/2017,A/Desgenettes/1941/2017
A/Armenia/3/2017,A/Armenia/3/2017
A/Hungary/188/2016,A/Armenia/2363/2016
A/Lisboa/5/2017,A/Lisboa/5/2017
A/Lisboa/2/2017,A/Lisboa/5/2017
A/Singapore/GP2646/2016,A/Singapore/GP2646/2016
A/Zaporizza/157/2017,A/Armenia/2363/2016
A/Sydney/52/2017,A/Armenia/2363/2016
A/Ukraine/7646/2017,A/Armenia/2363/2016
A/Armenia/2363/2016,A/Armenia/2363/2016
A/Ghana/1841/2017,A/Armenia/2363/2016
A/Greece/4/2017,A/Greece/4/2017
A/Niedersachsen/186/2017,A/Niedersachsen/186/2017
A/Berlin/9/2017,A/Berlin/9/2017
A/Norway/1940/2017,A/Norway/1940/2017
A/Niedersachsen/185/2017,A/Niedersachsen/185/2017
A/Thuringen/52/2017,A/Niedersachsen/185/2017
A/Mecklenburg-Vorpommern/17/2017,A/Niedersachsen/185/2017
A/Iceland/76/2016,A/Iceland/76/2016
A/Iceland/81/2016,A/Iceland/76/2016
A/Iceland/84/2016,A/Iceland/84/2016
A/England/19/2017,A/England/19/2017
A/Slovenia/1406/2017,A/Slovenia/1406/2017
A/Ukraine/7730/2017,A/Ukraine/7730/2017
A/Khmelnitsky/2479/2016,A/Khmelnitsky/2479/2016
A/Kyiv/923/2016,A/Khmelnitsky/2245/2016
A/Ukraine/7647/2017,A/Khmelnitsky/2245/2016
A/Ukraine/7463/2016,A/Khmelnitsky/2245/2016
A/Ukraine/7610/2017,A/Khmelnitsky/2245/2016
A/Ukraine/7611/2017,A/Khmelnitsky/2245/2016
A/Khmelnitsky/2245/2016,A/Khmelnitsky/2245/2016
A/Ukraine/7462/2016,A/Khmelnitsky/2245/2016
A/Khmelnitsky/145/2017,A/Khmelnitsky/2245/2016
A/Khmelnitsky/147/2017,A/Khmelnitsky/2245/2016
A/Khmelnitsky/138/2017,A/Khmelnitsky/2245/2016
A/Khmelnitsky/143/2017,A/Khmelnitsky/2245/2016
A/Khmelnitsky/148/2017,A/Khmelnitsky/2245/2016
A/Odesa/69/2017,A/Khmelnitsky/2245/2016
A/Khmelnitsky/1990/2016,A/Khmelnitsky/2245/2016
A/Khmelnitsky/1958/2016,A/Khmelnitsky/1958/2016
A/Paris/1023/2017,A/Paris/1023/2017
A/Norway/1481/2017,A/Norway/4395/2016
A/Mayotte/2107/2016,A/Norway/4395/2016
A/Slovenia/1159/2017,A/Norway/4395/2016
A/Norway/4395/2016,A/Norway/4395/2016
A/Latvia/04-003626/2017,A/Latvia/04-003626/2017
A/Egypt/8200/2016,A/Egypt/8200/2016
A/Sachsen/99/2017,A/Egypt/8200/2016
A/Sundsvall/1/2017,A/Egypt/8200/2016
A/Iceland/64/2017,A/Iceland/64/2017
A/Sachsen-Anhalt/2/2017,A/Sachsen-Anhalt/2/2017
A/Hungary/191/2016,A/Hungary/191/2016
A/Hungary/192/2016,A/Hungary/197/2016
A/Hungary/197/2016,A/Hungary/197/2016
A/Iceland/40/2017,A/Iceland/40/2017
A/Nordrhein-Westfalen/106/2017,A/Nordrhein-Westfalen/106/2017
A/Dijon/1176/2017,A/Dijon/1176/2017
A/Kyiv/926/2016,A/Kyiv/926/2016
A/Egypt/8437/2016,A/Egypt/8437/2016
A/Greece/35/2017,A/Egypt/8437/2016
A/Bratislava/322/2017,A/Bratislava/322/2017
A/Slovenia/1391/2017,A/Slovenia/1391/2017
A/Dnipro/244/2017,A/Dnipro/244/2017
A/Sachsen/71/2017,A/Sachsen/71/2017
A/Hessen/14/2017,A/Hessen/14/2017
A/Kyiv/920/2016,A/Egypt/8070/2016
A/Odesa/75/2017,A/Egypt/8070/2016
A/Latvia/02-057392/2017,A/Egypt/8070/2016
A/Egypt/8123/2016,A/Egypt/8070/2016
A/Egypt/8070/2016,A/Egypt/8070/2016
A/Stockholm/59/2016,A/Egypt/8070/2016
A/Odesa/66/2017,A/Egypt/8070/2016
A/Belgium/G0042/2017,A/Egypt/8070/2016
A/Perugia/39/2017,A/Egypt/8070/2016
A/Norway/2113/2017,A/Egypt/8070/2016
A/Mayotte/2100/2016,A/Egypt/8070/2016
A/Linkoping/1/2017,A/Egypt/8070/2016
A/Stockholm/11/2017,A/Egypt/8070/2016
A/Iceland/36/2017,A/Egypt/8070/2016
A/Stockholm/60/2016,A/Egypt/8070/2016
A/Bulgaria/252/2017,A/Egypt/8070/2016
A/Cyprus/F49/2017,A/Egypt/8070/2016
A/Egypt/8375/2016,A/Egypt/8375/2016
A/Norway/2629/2017,A/Norway/2629/2017
A/Khmelnitsky/150/2017,A/Egypt/8070/2016
A/Norway/4238/2016,A/Norway/4238/2016
A/Laos/F2884/2016,A/Laos/F2884/2016
A/Bretagne/2845/2016,A/Bretagne/2845/2016
A/Bretagne/2836/2016,A/Bretagne/2845/2016
A/Netherlands/3768/2016,A/Netherlands/3768/2016
A/Iceland/65/2016,A/Iceland/65/2016
A/Lithuania/7703/2017,A/Lithuania/7703/2017
A/Georgia/1041/2016,A/Georgia/1041/2016
A/Hungary/198/2016,A/Hungary/198/2016
A/Ireland/76255/2016,A/Ireland/76255/2016
A/Oman/20/2016,A/Oman/20/2016
A/Milano/23/2016,A/Milano/23/2016
A/Linkoping/2/2017,A/Linkoping/2/2017
A/Slovenia/3188/2015,A/Slovenia/3188/2015
A/Singapore/INFTT-16-0612/2016,A/Singapore/INFTT-16-0612/2016
A/Newcastle/30/2016,A/Newcastle/30/2016
A/Oman/5466/2016,A/Oman/5466/2016
A/Mayotte/2097/2016,A/Mayotte/2097/2016
A/Oman/2585/2016,A/Palermo/6/2016
A/Stockholm/28/2016,A/Palermo/6/2016
A/Antananarivo/1067/2016,A/Palermo/6/2016
A/Ireland/72703/2016,A/Ireland/72703/2016
A/Georgia/1819/2016,A/Omsk/4174/2016
A/Bratislava/112/2016,A/Omsk/4174/2016
A/Trencin/46/2016,A/Trencin/46/2016
A/Omsk/4174/2016,A/Omsk/4174/2016
A/Latvia/12-020474/2016,A/Latvia/12-020474/2016
A/Cyprus/F148/2017,A/Latvia/12-020474/2016
A/Nagano-C/21/2016,A/Shizuoka/34/2015
A/Guizhou-Qingzhen/1968/2016,A/Shizuoka/34/2015
A/Levice/133/2017,A/Shizuoka/34/2015
A/Shizuoka/34/2015,A/Shizuoka/34/2015
A/Trnava/90/2016,A/Trnava/90/2016
A/Piestany/205/2017,A/Lyon/2608/2015
A/Luxembourg/62062/2016,A/Luxembourg/62062/2016
A/Nitra/157/2017,A/Nitra/157/2017
A/Lyon/2207/2016,A/Lyon/2608/2015
A/Lyon/2608/2015,A/Lyon/2608/2015
A/Ireland/00492/2017,A/Ireland/00492/2017
A/Zhejiang-Nanhu/1975/2016,A/Zhejiang-Nanhu/1975/2016
A/Bolzano/7/2016,A/Bolzano/7/2016
A/Trnava/97/2016,A/Yokohama/120/2016
A/Yokohama/120/2016,A/Yokohama/120/2016
A/Norway/2629/2015,A/Norway/2629/2015
A/Netherlands/3455/2016,A/Mauritius/I-240/2015
A/Alaska/232/2015,A/Mauritius/I-240/2015
A/Paris/1145/2017,A/Mauritius/I-240/2015
A/Ukraine/7767/2017,A/Mauritius/I-240/2015
A/Piestany/80/2016,A/Mauritius/I-240/2015
A/Palermo/1/2016,A/Palermo/6/2016
A/Bari/11/2016,A/Palermo/6/2016
A/Palermo/6/2016,A/Palermo/6/2016
A/Egypt/8619/2016,A/Egypt/8619/2016
A/Ukraine/7768/2016,A/Ukraine/7768/2016
A/Linkoping/5/2016,A/Fes/67/2016
A/Fes/67/2016,A/Fes/67/2016
A/Austria/960579/2016,A/Austria/960579/2016
A/Montenegro/78/2016,A/Montenegro/78/2016
A/Montenegro/41/2016,A/Fes/67/2016
A/Singapore/INFIMH-16-0019/2016,A/Fes/67/2016
A/Austria/957344/2016,A/Stockholm/42/2016
A/Stockholm/41/2016,A/Stockholm/42/2016
A/Macedonia/182/2016,A/Stockholm/42/2016
A/Stockholm/42/2016,A/Stockholm/42/2016
A/Prievidza/77/2016,A/Prievidza/77/2016
A/Austria/956928/2016,A/Austria/956928/2016
A/Bulgaria/182/2017,A/Bulgaria/182/2017
A/Ireland/86110/2016,A/Ireland/86110/2016
A/Norway/4497/2016,A/Norway/4497/2016
A/Armenia/2298/2016,A/Norway/4497/2016
A/Belgium/G0024/2017,A/Norway/4497/2016
A/Armenia/12/2017,A/Armenia/12/2017
A/Armenia/1/2017,A/Armenia/1/2017
A/Armenia/11/2017,A/Berlin/52/2016
A/Serbia/2252/2016,A/Berlin/52/2016
A/Berlin/52/2016,A/Berlin/52/2016
A/Brandenburg/40/2017,A/Brandenburg/40/2017
A/Armenia/10/2017,A/Armenia/10/2017
A/Lithuania/6735/2017,A/Lithuania/6735/2017
A/Bulgaria/2/2017,A/Bulgaria/2/2017
A/Niedersachsen/5/2017,A/Niedersachsen/5/2017
A/Netherlands/3356/2016,A/Sachsen/74/2016
A/Ukraine/7552/2017,A/Sachsen/74/2016
A/Kyiv/84/2017,A/Sachsen/74/2016
A/Odesa/73/2017,A/Sachsen/74/2016
A/Norway/4436/2016,A/Sachsen/74/2016
A/Austria/957860/2016,A/Sachsen/74/2016
A/Oman/473/2017,A/Sachsen/74/2016
A/Poitiers/2238/2016,A/Sachsen/74/2016
A/Luxembourg/63722/2016,A/Sachsen/74/2016
A/Sachsen/74/2016,A/Sachsen/74/2016
A/Alsace/3215/2016,A/Sachsen/74/2016
A/Odesa/72/2017,A/Sachsen/74/2016
A/Norway/3806/2016,A/Sachsen/74/2016
A/Catalonia/9305S/2016,A/Sachsen/74/2016
A/Norway/4256/2016,A/Sachsen/74/2016
A/Norway/4297/2016,A/Sachsen/74/2016
A/Netherlands/10260/2018,A/Netherlands/10260/2018
A/Oman/3329/2018,A/Oman/3329/2018
A/Lorraine/2365/2018,A/Lorraine/2365/2018
A/Sakha/3014V/2019,A/Sakha/3014V/2019
A/Slovenia/2269/2017,A/Slovenia/2269/2017
A/Norway/3668/2018,A/Norway/3668/2018
A/Astrakhan/32/2017,A/Astrakhan/32/2017
A/Iceland/107/2018,A/Iceland/107/2018
A/Kanagawa/ZC1617/2017,A/Kanagawa/ZC1617/2017
A/Lyon/2106/2018,A/Lyon/2106/2018
A/Turkey/70/2018,A/Turkey/70/2018
A/Ireland/32103/2019,A/Ireland/32103/2019
A/Trnava/70/2019,A/Trnava/70/2019
A/Saint-Etienne/1912/2018,A/Saint-Etienne/1912/2018
A/Mauritania/15-2019/2019,A/Mauritania/15-2019/2019
A/Mauritania/10-2019/2019,A/Mauritania/15-2019/2019
A/Ukraine/8230/2019,A/Ukraine/8230/2019
A/Sanliurfa/1763/2018,A/Sanliurfa/1763/2018
A/Iceland/100/2018,A/Iceland/100/2018
A/Shanghai-Pudongxin/1987/2017,A/Shanghai-Pudongxin/1987/2017
A/Soria/11/2019,A/Soria/11/2019
A/Guangxi-Babu/1913/2018,A/Guangxi-Babu/1913/2018
A/Lebanon/307/2019,A/Lebanon/307/2019
A/Latvia/02-053853/2019,A/Latvia/02-053853/2019
A/Oman/3407/2018,A/Oman/3407/2018
A/Baden-Wurttemberg/132/2019,A/Austria/1113943/2018
A/Centre/013/2019,A/Centre/013/2019
A/Ghana/1050/2019,A/Ghana/1050/2019
A/Serbia/1868/2019,A/Serbia/1868/2019
A/Albania/9142/2019,A/Serbia/1868/2019
A/Serbia/1985/2019,A/Serbia/3031/2019
A/Serbia/3031/2019,A/Serbia/3031/2019
A/Bulgaria/1153/2019,A/Serbia/584/2019
A/Iceland/71/2019,A/Serbia/584/2019
A/Serbia/883/2019,A/Serbia/584/2019
A/Serbia/584/2019,A/Serbia/584/2019
A/Turkey/66/2018,A/Turkey/66/2018
A/Iran/167623/2019,A/Turkey/66/2018
A/Ghana/154/2019,A/Ghana/154/2019
A/Ghana/312/2019,A/Ghana/312/2019
A/Antalya/7/2018,A/Antalya/7/2018
A/Dakar/03/2019,A/Turkey/66/2018
A/Dakar/01/2019,A/Turkey/66/2018
A/Parma/179/2018,A/Turkey/66/2018
A/Parma/177/2018,A/Turkey/66/2018
A/Parma/174/2018,A/Turkey/66/2018
A/Parma/180/2018,A/Turkey/66/2018
A/Bulgaria/958/2019,A/Bulgaria/949/2019
A/Bulgaria/949/2019,A/Bulgaria/949/2019
A/Armenia/91/2019,A/Turkey/66/2018
A/Mauritania/08-2019/2019,A/Mauritania/08-2019/2019
A/Dakar/24/2019,A/Turkey/66/2018
A/Mauritania/255-2018/2018,A/Turkey/66/2018
A/Greece/357/2019,A/Turkey/66/2018
A/Dakar/02/2019,A/Turkey/66/2018
A/Diyarbakir/1208/2018,A/Diyarbakir/1208/2018
A/Israel/178/2018,A/Israel/178/2018
A/Dakar/12/2019,A/Turkey/66/2018
A/Oman/5838/2018,A/Turkey/66/2018
A/Austria/1115877/2019,A/Turkey/66/2018
A/Antalya/4/2018,A/Turkey/66/2018
A/Dakar/08/2019,A/Turkey/66/2018
A/Bulgaria/909/2019,A/Turkey/66/2018
A/Turkey/52/2019,A/Turkey/66/2018
A/Samsun/811/2018,A/Turkey/66/2018
A/Mauritania/200-2018/2018,A/Turkey/66/2018
A/Ghana/1041/2019,A/Turkey/66/2018
A/Oman/5804/2018,A/Turkey/66/2018
A/Jordan/30076/2019,A/Turkey/66/2018
A/Luxembourg/2293/2019,A/Turkey/66/2018
A/Mauritania/09-2019/2019,A/Turkey/66/2018
A/Armenia/13/2019,A/Armenia/13/2019
A/Skalica/339/2019,A/Prievidza/126/2019
A/Prievidza/126/2019,A/Prievidza/126/2019
A/Moscow/146/2019,A/Moscow/127/2019
A/Bobruisk/1468/2019,A/Moscow/127/2019
A/Finland/92/2019,A/Moscow/127/2019
A/Orsha/1450/2019,A/Moscow/127/2019
A/Iran/168359/2019,A/Moscow/127/2019
A/Moscow/127/2019,A/Moscow/127/2019
A/Armenia/15/2019,A/Armenia/15/2019
A/Trencin/74/2019,A/Trencin/74/2019
A/Iceland/4/2019,A/Iceland/4/2019
A/Ukraine/8122/2018,A/Ukraine/8122/2018
A/Latvia/02-013062/2019,A/Ukraine/8122/2018
A/Latvia/02-073821/2019,A/Ukraine/8122/2018
A/Komarno/58/2018,A/Iceland/108/2018
A/Iceland/103/2018,A/Iceland/103/2018
A/Iceland/101/2018,A/Iceland/108/2018
A/Iceland/108/2018,A/Iceland/108/2018
A/Iceland/102/2018,A/Iceland/108/2018
A/Bratislava/446/2019,A/Bratislava/446/2019
A/Bulgaria/947/2019,A/Bulgaria/1134/2019
A/Bulgaria/1129/2019,A/Bulgaria/1134/2019
A/Bulgaria/1134/2019,A/Bulgaria/1134/2019
A/Bulgaria/1052/2019,A/Bulgaria/1134/2019
A/Khmelnytskyi/145/2019,A/Khmelnytskyi/145/2019
A/Ukraine/8210/2019,A/Ukraine/8210/2019
A/Kyiv/491/2018,A/Kyiv/491/2018
A/Khmelnytskyi/148/2019,A/Kharkiv/444/2018
A/Kharkiv/444/2018,A/Kharkiv/444/2018
A/Latvia/02-073849/2019,A/Kharkiv/444/2018
A/Bratislava/328/2019,A/Kharkiv/444/2018
A/Bulgaria/1051/2019,A/Kharkiv/444/2018
A/Estonia/119303/2019,A/Kharkiv/444/2018
A/Paris/105/2019,A/Kharkiv/444/2018
A/Khmelnytskyi/149/2019,A/Kharkiv/444/2018
A/Kharkiv/446/2018,A/Kharkiv/444/2018
A/Georgia/658/2019,A/Kharkiv/444/2018
A/Kyiv/493/2018,A/Kharkiv/444/2018
A/Mogilev/1315/2019,A/Kharkiv/444/2018
A/Luxembourg/1177/2019,A/Kharkiv/444/2018
A/Kyiv/487/2018,A/Kharkiv/444/2018
A/Austria/1117700/2019,A/Kharkiv/444/2018
A/England/646/2018,A/Kharkiv/444/2018
A/Kyiv/463/2018,A/Kharkiv/444/2018
A/Ukraine/8233/2019,A/Kharkiv/444/2018
A/Ukraine/8211/2019,A/Kharkiv/444/2018
A/Kyiv/532/2018,A/Kharkiv/444/2018
A/Ukraine/8106/2018,A/Kharkiv/444/2018
A/Poitiers/2003/2018,A/Poitiers/2003/2018
A/Poitiers/1976/2018,A/Poitiers/1976/2018
A/Iran/168206/2019,A/Stockholm/44/2017
A/Oman/3542/2018,A/Stockholm/44/2017
A/Stockholm/44/2017,A/Stockholm/44/2017
A/Oman/3356/2018,A/Stockholm/44/2017
A/Novosibirsk/265/2017,A/Novosibirsk/265/2017
A/Poitiers/1978/2018,A/Poitiers/1978/2018
A/Mauritius/I-330/2019,A/Novosibirsk/265/2017
A/Mauritius/I-974/2018,A/Mauritius/I-925/2018
A/Mauritius/I-925/2018,A/Mauritius/I-925/2018
A/Mauritius/I-1058/2018,A/Mauritius/I-1058/2018
A/Mauritius/I-967/2018,A/Mauritius/I-967/2018
A/Mauritius/I-1122/2018,A/Mauritius/I-1122/2018
A/Constanta/239165/2018,A/Constanta/239165/2018
A/Mauritius/I-1072/2018,A/Mauritius/I-1072/2018
A/Mauritius/I-906/2018,A/Mauritius/I-906/2018
A/Dakar/18/2019,A/Dakar/18/2019
A/Vitebsk/927/2019,A/Oman/5362/2018
A/Oman/5362/2018,A/Oman/5362/2018
A/Dakar/17/2019,A/Centre/2559/2019
A/Centre/2559/2019,A/Centre/2559/2019
A/Dakar/21/2019,A/Centre/2559/2019
A/Dakar/19/2019,A/Centre/2559/2019
A/Bremen/24/2019,A/Centre/2559/2019
A/Hungary/5/2019,A/Hungary/5/2019
A/Slovenia/1213/2019,A/Austria/1113943/2018
A/Denmark/2785/2019,A/Austria/1113943/2018
A/Izmir/6/2018,A/Austria/1113943/2018
A/Hungary/26/2019,A/Austria/1113943/2018
A/Hessen/56/2019,A/Austria/1113943/2018
A/Austria/1120261/2019,A/Austria/1113943/2018
A/Luxembourg/341/2019,A/Austria/1113943/2018
A/Rheinland-Pfalz/34/2019,A/Austria/1113943/2018
A/Oman/3577/2018,A/Oman/3372/2018
A/Oman/3372/2018,A/Oman/3372/2018
A/Oman/6106/2018,A/Oman/6106/2018
A/Oman/6018/2018,A/Austria/1113943/2018
A/Oman/3610/2018,A/Austria/1113943/2018
A/Omsk/1008V/2019,A/Austria/1113943/2018
A/Parma/379/2019,A/Parma/379/2019
A/Hungary/28/2019,A/Austria/1113943/2018
A/Skovde/1/2019,A/Skovde/1/2019
A/Torino/544/2019,A/Torino/544/2019
A/Macedonia/1283/2019,A/Austria/1113943/2018
A/Khmelnytskyi/544/2018,A/Austria/1113943/2018
A/Oman/3340/2018,A/Austria/1113943/2018
A/Trollhattan/3/2018,A/Austria/1113943/2018
A/Beijing-Huairou/1557/2018,A/Austria/1113943/2018
A/England/102/2019,A/Austria/1113943/2018
A/Kyiv/510/2018,A/Austria/1113943/2018
A/Torino/780/2019,A/Austria/1113943/2018
A/Austria/1121454/2019,A/Austria/1113943/2018
A/Khmelnytskyi/545/2018,A/Austria/1113943/2018
A/Austria/1113943/2018,A/Austria/1113943/2018
A/Portugal/146/2019,A/Austria/1113943/2018
A/England/99/2019,A/Austria/1113943/2018
A/Samsun/851/2018,A/Austria/1113943/2018
A/Ukraine/8103/2019,A/Austria/1113943/2018
A/Tomsk/5645V/2019,A/Austria/1113943/2018
A/Galanta/473/2019,A/Austria/1113943/2018
A/Norway/2620/2018,A/Austria/1113943/2018
A/Nitra/106/2019,A/Austria/1113943/2018
A/Khmelnytskyi/547/2018,A/Austria/1113943/2018
A/Khmelnytskyi/155/2019,A/Austria/1113943/2018
A/Portugal/151/2019,A/Austria/1113943/2018
A/Palermo/20/2019,A/Austria/1113943/2018
